$GPGGA,225242.44,3719.0745580,N,12156.9110380,W,1,0,0.0,0.0000,M,0.0000,M,0.0000,0
$GPRMC,225242.44,A,3719.0745580,N,12156.9110380,W,0.0024,1.1163,101220,,,,
$GPGGA,225243.44,3719.0745580,N,12156.9110380,W,1,0,0.0,0.0000,M,0.0000,M,0.0000,0
$GPRMC,225243.44,A,3719.0745580,N,12156.9110380,W,0.0042,1.1154,101220,,,,
$GPGGA,225244.44,3719.0745580,N,12156.9110380,W,1,0,0.0,0.0000,M,0.0000,M,0.0000,0
$GPRMC,225244.44,A,3719.0745580,N,12156.9110380,W,0.0054,1.1149,101220,,,,
$GPGGA,225245.44,3719.0745580,N,12156.9110320,W,1,0,0.0,0.0000,M,0.0000,M,0.0000,0
$GPRMC,225245.44,A,3719.0745580,N,12156.9110320,W,0.0082,1.1147,101220,,,,
$GPGGA,225246.44,3719.0745580,N,12156.9110260,W,1,0,0.0,0.0000,M,0.0000,M,0.0000,0
$GPRMC,225246.44,A,3719.0745580,N,12156.9110260,W,0.0143,1.1140,101220,,,,
$GPGGA,225247.44,3719.0745640,N,12156.9110140,W,1,0,0.0,0.0000,M,0.0000,M,0.0000,0
$GPRMC,225247.44,A,3719.0745640,N,12156.9110140,W,0.0209,1.1138,101220,,,,
$GPGGA,225248.44,3719.0745640,N,12156.9109960,W,1,0,0.0,0.0000,M,0.0000,M,0.0000,0
$GPRMC,225248.44,A,3719.0745640,N,12156.9109960,W,0.0310,1.1132,101220,,,,
$GPGGA,225249.44,3719.0745640,N,12156.9109720,W,1,0,0.0,0.0000,M,0.0000,M,0.0000,0
$GPRMC,225249.44,A,3719.0745640,N,12156.9109720,W,0.0399,1.1119,101220,,,,
$GPGGA,225250.44,3719.0745640,N,12156.9109540,W,1,0,0.0,0.0000,M,0.0000,M,0.0000,0
$GPRMC,225250.44,A,3719.0745640,N,12156.9109540,W,0.0534,0.6610,101220,,,,
$GPGGA,225251.44,3719.0745220,N,12156.9109900,W,1,0,0.0,0.0000,M,0.0000,M,0.0000,0
$GPRMC,225251.44,A,3719.0745220,N,12156.9109900,W,0.1809,358.6550,101220,,,,
$GPGGA,225252.44,3719.0743420,N,12156.9110140,W,1,0,0.0,0.0000,M,0.0000,M,0.0000,0
$GPRMC,225252.44,A,3719.0743420,N,12156.9110140,W,0.4653,358.1704,101220,,,,
$GPGGA,225253.44,3719.0740240,N,12156.9108640,W,1,0,0.0,0.0000,M,0.0000,M,0.0000,0
$GPRMC,225253.44,A,3719.0740240,N,12156.9108640,W,0.7273,3.8263,101220,,,,
$GPGGA,225254.44,3719.0735860,N,12156.9106240,W,1,0,0.0,0.0000,M,0.0000,M,0.0000,0
$GPRMC,225254.44,A,3719.0735860,N,12156.9106240,W,0.9100,14.1611,101220,,,,
$GPGGA,225255.44,3719.0730160,N,12156.9104560,W,1,0,0.0,0.0000,M,0.0000,M,0.0000,0
$GPRMC,225255.44,A,3719.0730160,N,12156.9104560,W,0.9684,26.8003,101220,,,,
$GPGGA,225256.44,3719.0724220,N,12156.9104260,W,1,0,0.0,0.0000,M,0.0000,M,0.0000,0
$GPRMC,225256.44,A,3719.0724220,N,12156.9104260,W,0.7924,39.1716,101220,,,,
$GPGGA,225257.44,3719.0720140,N,12156.9104740,W,1,0,0.0,0.0000,M,0.0000,M,0.0000,0
$GPRMC,225257.44,A,3719.0720140,N,12156.9104740,W,0.3866,46.8424,101220,,,,
$GPGGA,225258.44,3719.0718580,N,12156.9104620,W,1,0,0.0,0.0000,M,0.0000,M,0.0000,0
$GPRMC,225258.44,A,3719.0718580,N,12156.9104620,W,0.1621,48.8425,101220,,,,
$GPGGA,225259.44,3719.0718400,N,12156.9102220,W,1,0,0.0,0.0000,M,0.0000,M,0.0000,0
$GPRMC,225259.44,A,3719.0718400,N,12156.9102220,W,0.5657,51.9067,101220,,,,
$GPGGA,225300.44,3719.0719900,N,12156.9094720,W,1,0,0.0,0.0000,M,0.0000,M,0.0000,0
$GPRMC,225300.44,A,3719.0719900,N,12156.9094720,W,1.4336,61.7737,101220,,,,
$GPGGA,225301.44,3719.0722240,N,12156.9079780,W,1,0,0.0,0.0000,M,0.0000,M,0.0000,0
$GPRMC,225301.44,A,3719.0722240,N,12156.9079780,W,2.6516,77.6091,101220,,,,
$GPGGA,225302.44,3719.0722780,N,12156.9056380,W,1,0,0.0,0.0000,M,0.0000,M,0.0000,0
$GPRMC,225302.44,A,3719.0722780,N,12156.9056380,W,4.0843,91.0066,101220,,,,
$GPGGA,225303.44,3719.0719840,N,12156.9024820,W,1,0,0.0,0.0000,M,0.0000,M,0.0000,0
$GPRMC,225303.44,A,3719.0719840,N,12156.9024820,W,5.0840,95.7339,101220,,,,
$GPGGA,225304.44,3719.0715100,N,12156.8989660,W,1,0,0.0,0.0000,M,0.0000,M,0.0000,0
$GPRMC,225304.44,A,3719.0715100,N,12156.8989660,W,5.2034,95.0292,101220,,,,
$GPGGA,225305.44,3719.0711260,N,12156.8956240,W,1,0,0.0,0.0000,M,0.0000,M,0.0000,0
$GPRMC,225305.44,A,3719.0711260,N,12156.8956240,W,4.6007,92.3760,101220,,,,
$GPGGA,225306.44,3719.0709160,N,12156.8928940,W,1,0,0.0,0.0000,M,0.0000,M,0.0000,0
$GPRMC,225306.44,A,3719.0709160,N,12156.8928940,W,3.3376,90.0295,101220,,,,
$GPGGA,225307.44,3719.0707360,N,12156.8911420,W,1,0,0.0,0.0000,M,0.0000,M,0.0000,0
$GPRMC,225307.44,A,3719.0707360,N,12156.8911420,W,1.8640,89.0261,101220,,,,
$GPGGA,225308.44,3719.0705380,N,12156.8901040,W,1,0,0.0,0.0000,M,0.0000,M,0.0000,0
$GPRMC,225308.44,A,3719.0705380,N,12156.8901040,W,1.3011,88.5847,101220,,,,
$GPGGA,225309.44,3719.0699200,N,12156.8890540,W,1,0,0.0,0.0000,M,0.0000,M,0.0000,0
$GPRMC,225309.44,A,3719.0699200,N,12156.8890540,W,1.8378,90.1530,101220,,,,
$GPGGA,225310.44,3719.0681080,N,12156.8875780,W,1,0,0.0,0.0000,M,0.0000,M,0.0000,0
$GPRMC,225310.44,A,3719.0681080,N,12156.8875780,W,2.3530,103.1805,101220,,,,
$GPGGA,225311.44,3719.0653180,N,12156.8859580,W,1,0,0.0,0.0000,M,0.0000,M,0.0000,0
$GPRMC,225311.44,A,3719.0653180,N,12156.8859580,W,3.0925,131.4137,101220,,,,
$GPGGA,225312.44,3719.0635480,N,12156.8848420,W,1,0,0.0,0.0000,M,0.0000,M,0.0000,0
$GPRMC,225312.44,A,3719.0635480,N,12156.8848420,W,4.4199,161.6061,101220,,,,
$GPGGA,225313.44,3719.0622280,N,12156.8841160,W,1,0,0.0,0.0000,M,0.0000,M,0.0000,0
$GPRMC,225313.44,A,3719.0622280,N,12156.8841160,W,5.1725,178.0887,101220,,,,
$GPGGA,225314.44,3719.0594080,N,12156.8833780,W,1,0,0.0,0.0000,M,0.0000,M,0.0000,0
$GPRMC,225314.44,A,3719.0594080,N,12156.8833780,W,5.3739,179.8280,101220,,,,
$GPGGA,225315.44,3719.0566300,N,12156.8829040,W,1,0,0.0,0.0000,M,0.0000,M,0.0000,0
$GPRMC,225315.44,A,3719.0566300,N,12156.8829040,W,5.6186,178.7913,101220,,,,
$GPGGA,225316.44,3719.0539120,N,12156.8827900,W,1,0,0.0,0.0000,M,0.0000,M,0.0000,0
$GPRMC,225316.44,A,3719.0539120,N,12156.8827900,W,5.1342,177.6185,101220,,,,
$GPGGA,225317.44,3719.0515720,N,12156.8830420,W,1,0,0.0,0.0000,M,0.0000,M,0.0000,0
$GPRMC,225317.44,A,3719.0515720,N,12156.8830420,W,4.2610,176.9998,101220,,,,
$GPGGA,225318.44,3719.0498380,N,12156.8836900,W,1,0,0.0,0.0000,M,0.0000,M,0.0000,0
$GPRMC,225318.44,A,3719.0498380,N,12156.8836900,W,3.9686,177.0142,101220,,,,
$GPGGA,225319.44,3719.0482240,N,12156.8845540,W,1,0,0.0,0.0000,M,0.0000,M,0.0000,0
$GPRMC,225319.44,A,3719.0482240,N,12156.8845540,W,4.4729,177.5160,101220,,,,
$GPGGA,225320.44,3719.0458960,N,12156.8851360,W,1,0,0.0,0.0000,M,0.0000,M,0.0000,0
$GPRMC,225320.44,A,3719.0458960,N,12156.8851360,W,5.5248,178.5046,101220,,,,
$GPGGA,225321.44,3719.0430940,N,12156.8856760,W,1,0,0.0,0.0000,M,0.0000,M,0.0000,0
$GPRMC,225321.44,A,3719.0430940,N,12156.8856760,W,5.9703,179.7786,101220,,,,
$GPGGA,225322.44,3719.0402560,N,12156.8861020,W,1,0,0.0,0.0000,M,0.0000,M,0.0000,0
$GPRMC,225322.44,A,3719.0402560,N,12156.8861020,W,5.3077,179.7255,101220,,,,
$GPGGA,225323.44,3719.0379580,N,12156.8863660,W,1,0,0.0,0.0000,M,0.0000,M,0.0000,0
$GPRMC,225323.44,A,3719.0379580,N,12156.8863660,W,3.7367,178.1490,101220,,,,
$GPGGA,225324.44,3719.0367580,N,12156.8866480,W,1,0,0.0,0.0000,M,0.0000,M,0.0000,0
$GPRMC,225324.44,A,3719.0367580,N,12156.8866480,W,2.2208,177.0549,101220,,,,
$GPGGA,225325.44,3719.0363140,N,12156.8868940,W,1,0,0.0,0.0000,M,0.0000,M,0.0000,0
$GPRMC,225325.44,A,3719.0363140,N,12156.8868940,W,1.9095,176.3508,101220,,,,
$GPGGA,225326.44,3719.0357020,N,12156.8872420,W,1,0,0.0,0.0000,M,0.0000,M,0.0000,0
$GPRMC,225326.44,A,3719.0357020,N,12156.8872420,W,2.3099,182.4946,101220,,,,
$GPGGA,225327.44,3719.0347000,N,12156.8882260,W,1,0,0.0,0.0000,M,0.0000,M,0.0000,0
$GPRMC,225327.44,A,3719.0347000,N,12156.8882260,W,2.5926,204.3336,101220,,,,
$GPGGA,225328.44,3719.0340340,N,12156.8900320,W,1,0,0.0,0.0000,M,0.0000,M,0.0000,0
$GPRMC,225328.44,A,3719.0340340,N,12156.8900320,W,3.1912,235.0539,101220,,,,
$GPGGA,225329.44,3719.0338780,N,12156.8926600,W,1,0,0.0,0.0000,M,0.0000,M,0.0000,0
$GPRMC,225329.44,A,3719.0338780,N,12156.8926600,W,4.6706,260.5690,101220,,,,
$GPGGA,225330.44,3719.0340520,N,12156.8965120,W,1,0,0.0,0.0000,M,0.0000,M,0.0000,0
$GPRMC,225330.44,A,3719.0340520,N,12156.8965120,W,6.7866,272.6321,101220,,,,
$GPGGA,225331.44,3719.0344120,N,12156.9018400,W,1,0,0.0,0.0000,M,0.0000,M,0.0000,0
$GPRMC,225331.44,A,3719.0344120,N,12156.9018400,W,8.9593,274.6148,101220,,,,
$GPGGA,225332.44,3719.0347720,N,12156.9084940,W,1,0,0.0,0.0000,M,0.0000,M,0.0000,0
$GPRMC,225332.44,A,3719.0347720,N,12156.9084940,W,10.7274,273.6420,101220,,,,
$GPGGA,225333.44,3719.0351200,N,12156.9161680,W,1,0,0.0,0.0000,M,0.0000,M,0.0000,0
$GPRMC,225333.44,A,3719.0351200,N,12156.9161680,W,11.9281,273.1899,101220,,,,
$GPGGA,225334.44,3719.0354740,N,12156.9244600,W,1,0,0.0,0.0000,M,0.0000,M,0.0000,0
$GPRMC,225334.44,A,3719.0354740,N,12156.9244600,W,12.4901,273.0011,101220,,,,
$GPGGA,225335.44,3719.0358220,N,12156.9329080,W,1,0,0.0,0.0000,M,0.0000,M,0.0000,0
$GPRMC,225335.44,A,3719.0358220,N,12156.9329080,W,12.4048,273.1004,101220,,,,
$GPGGA,225336.44,3719.0362180,N,12156.9411700,W,1,0,0.0,0.0000,M,0.0000,M,0.0000,0
$GPRMC,225336.44,A,3719.0362180,N,12156.9411700,W,12.0592,273.6581,101220,,,,
$GPGGA,225337.44,3719.0366560,N,12156.9491980,W,1,0,0.0,0.0000,M,0.0000,M,0.0000,0
$GPRMC,225337.44,A,3719.0366560,N,12156.9491980,W,11.7319,274.0416,101220,,,,
$GPGGA,225338.44,3719.0370820,N,12156.9570280,W,1,0,0.0,0.0000,M,0.0000,M,0.0000,0
$GPRMC,225338.44,A,3719.0370820,N,12156.9570280,W,11.4541,273.9645,101220,,,,
$GPGGA,225339.44,3719.0374900,N,12156.9646600,W,1,0,0.0,0.0000,M,0.0000,M,0.0000,0
$GPRMC,225339.44,A,3719.0374900,N,12156.9646600,W,11.1072,273.9363,101220,,,,
$GPGGA,225340.44,3719.0378740,N,12156.9719380,W,1,0,0.0,0.0000,M,0.0000,M,0.0000,0
$GPRMC,225340.44,A,3719.0378740,N,12156.9719380,W,10.3467,273.8526,101220,,,,
$GPGGA,225341.44,3719.0382160,N,12156.9784600,W,1,0,0.0,0.0000,M,0.0000,M,0.0000,0
$GPRMC,225341.44,A,3719.0382160,N,12156.9784600,W,8.8877,273.9216,101220,,,,
$GPGGA,225342.44,3719.0385100,N,12156.9838540,W,1,0,0.0,0.0000,M,0.0000,M,0.0000,0
$GPRMC,225342.44,A,3719.0385100,N,12156.9838540,W,7.0623,273.9721,101220,,,,
$GPGGA,225343.44,3719.0387380,N,12156.9880240,W,1,0,0.0,0.0000,M,0.0000,M,0.0000,0
$GPRMC,225343.44,A,3719.0387380,N,12156.9880240,W,5.2997,273.9002,101220,,,,
$GPGGA,225344.44,3719.0388880,N,12156.9910240,W,1,0,0.0,0.0000,M,0.0000,M,0.0000,0
$GPRMC,225344.44,A,3719.0388880,N,12156.9910240,W,3.5873,273.8047,101220,,,,
$GPGGA,225345.44,3719.0389840,N,12156.9929260,W,1,0,0.0,0.0000,M,0.0000,M,0.0000,0
$GPRMC,225345.44,A,3719.0389840,N,12156.9929260,W,2.0755,273.7672,101220,,,,
$GPGGA,225346.44,3719.0390260,N,12156.9938440,W,1,0,0.0,0.0000,M,0.0000,M,0.0000,0
$GPRMC,225346.44,A,3719.0390260,N,12156.9938440,W,0.7622,273.6905,101220,,,,
$GPGGA,225347.44,3719.0390320,N,12156.9940540,W,1,0,0.0,0.0000,M,0.0000,M,0.0000,0
$GPRMC,225347.44,A,3719.0390320,N,12156.9940540,W,0.0439,273.6809,101220,,,,
$GPGGA,225348.44,3719.0390320,N,12156.9940540,W,1,0,0.0,0.0000,M,0.0000,M,0.0000,0
$GPRMC,225348.44,A,3719.0390320,N,12156.9940540,W,0.0036,273.6807,101220,,,,
$GPGGA,225349.44,3719.0390320,N,12156.9940540,W,1,0,0.0,0.0000,M,0.0000,M,0.0000,0
$GPRMC,225349.44,A,3719.0390320,N,12156.9940540,W,0.0040,273.6789,101220,,,,
$GPGGA,225350.44,3719.0390320,N,12156.9940540,W,1,0,0.0,0.0000,M,0.0000,M,0.0000,0
$GPRMC,225350.44,A,3719.0390320,N,12156.9940540,W,0.0034,273.6779,101220,,,,
$GPGGA,225351.44,3719.0390320,N,12156.9940540,W,1,0,0.0,0.0000,M,0.0000,M,0.0000,0
$GPRMC,225351.44,A,3719.0390320,N,12156.9940540,W,0.0028,273.6772,101220,,,,
$GPGGA,225352.44,3719.0390320,N,12156.9940540,W,1,0,0.0,0.0000,M,0.0000,M,0.0000,0
$GPRMC,225352.44,A,3719.0390320,N,12156.9940540,W,0.0022,273.6779,101220,,,,
$GPGGA,225353.44,3719.0390320,N,12156.9940480,W,1,0,0.0,0.0000,M,0.0000,M,0.0000,0
$GPRMC,225353.44,A,3719.0390320,N,12156.9940480,W,0.0021,273.6791,101220,,,,
$GPGGA,225354.44,3719.0390320,N,12156.9940480,W,1,0,0.0,0.0000,M,0.0000,M,0.0000,0
$GPRMC,225354.44,A,3719.0390320,N,12156.9940480,W,0.0020,273.6786,101220,,,,
$GPGGA,225355.44,3719.0390320,N,12156.9940480,W,1,0,0.0,0.0000,M,0.0000,M,0.0000,0
$GPRMC,225355.44,A,3719.0390320,N,12156.9940480,W,0.0020,273.6779,101220,,,,
$GPGGA,225356.44,3719.0390320,N,12156.9940540,W,1,0,0.0,0.0000,M,0.0000,M,0.0000,0
$GPRMC,225356.44,A,3719.0390320,N,12156.9940540,W,0.0021,273.6772,101220,,,,
$GPGGA,225357.44,3719.0390320,N,12156.9940540,W,1,0,0.0,0.0000,M,0.0000,M,0.0000,0
$GPRMC,225357.44,A,3719.0390320,N,12156.9940540,W,0.0025,273.6764,101220,,,,
$GPGGA,225358.44,3719.0390320,N,12156.9940540,W,1,0,0.0,0.0000,M,0.0000,M,0.0000,0
$GPRMC,225358.44,A,3719.0390320,N,12156.9940540,W,0.0032,273.6756,101220,,,,
$GPGGA,225359.44,3719.0390320,N,12156.9940540,W,1,0,0.0,0.0000,M,0.0000,M,0.0000,0
$GPRMC,225359.44,A,3719.0390320,N,12156.9940540,W,0.0036,273.6748,101220,,,,
$GPGGA,225400.44,3719.0390320,N,12156.9940540,W,1,0,0.0,0.0000,M,0.0000,M,0.0000,0
$GPRMC,225400.44,A,3719.0390320,N,12156.9940540,W,0.0039,273.6740,101220,,,,
$GPGGA,225401.44,3719.0390320,N,12156.9940540,W,1,0,0.0,0.0000,M,0.0000,M,0.0000,0
$GPRMC,225401.44,A,3719.0390320,N,12156.9940540,W,0.0040,273.6733,101220,,,,
$GPGGA,225402.44,3719.0390320,N,12156.9940540,W,1,0,0.0,0.0000,M,0.0000,M,0.0000,0
$GPRMC,225402.44,A,3719.0390320,N,12156.9940540,W,0.0039,273.6727,101220,,,,
$GPGGA,225403.44,3719.0390320,N,12156.9940540,W,1,0,0.0,0.0000,M,0.0000,M,0.0000,0
$GPRMC,225403.44,A,3719.0390320,N,12156.9940540,W,0.0042,273.6722,101220,,,,
$GPGGA,225404.44,3719.0390320,N,12156.9940540,W,1,0,0.0,0.0000,M,0.0000,M,0.0000,0
$GPRMC,225404.44,A,3719.0390320,N,12156.9940540,W,0.0042,273.6713,101220,,,,
$GPGGA,225405.44,3719.0390320,N,12156.9940540,W,1,0,0.0,0.0000,M,0.0000,M,0.0000,0
$GPRMC,225405.44,A,3719.0390320,N,12156.9940540,W,0.0042,273.6703,101220,,,,
$GPGGA,225406.44,3719.0390320,N,12156.9940480,W,1,0,0.0,0.0000,M,0.0000,M,0.0000,0
$GPRMC,225406.44,A,3719.0390320,N,12156.9940480,W,0.0042,273.6698,101220,,,,
$GPGGA,225407.44,3719.0390320,N,12156.9940480,W,1,0,0.0,0.0000,M,0.0000,M,0.0000,0
$GPRMC,225407.44,A,3719.0390320,N,12156.9940480,W,0.0042,273.6693,101220,,,,
$GPGGA,225408.44,3719.0390320,N,12156.9940480,W,1,0,0.0,0.0000,M,0.0000,M,0.0000,0
$GPRMC,225408.44,A,3719.0390320,N,12156.9940480,W,0.0042,273.6687,101220,,,,
$GPGGA,225409.44,3719.0390320,N,12156.9940480,W,1,0,0.0,0.0000,M,0.0000,M,0.0000,0
$GPRMC,225409.44,A,3719.0390320,N,12156.9940480,W,0.0042,273.6680,101220,,,,
$GPGGA,225410.44,3719.0390320,N,12156.9940480,W,1,0,0.0,0.0000,M,0.0000,M,0.0000,0
$GPRMC,225410.44,A,3719.0390320,N,12156.9940480,W,0.0040,273.6672,101220,,,,
$GPGGA,225411.44,3719.0390320,N,12156.9940480,W,1,0,0.0,0.0000,M,0.0000,M,0.0000,0
$GPRMC,225411.44,A,3719.0390320,N,12156.9940480,W,0.0036,273.6665,101220,,,,
$GPGGA,225412.44,3719.0390260,N,12156.9940480,W,1,0,0.0,0.0000,M,0.0000,M,0.0000,0
$GPRMC,225412.44,A,3719.0390260,N,12156.9940480,W,0.0036,273.6658,101220,,,,
$GPGGA,225413.44,3719.0390260,N,12156.9940480,W,1,0,0.0,0.0000,M,0.0000,M,0.0000,0
$GPRMC,225413.44,A,3719.0390260,N,12156.9940480,W,0.0033,273.6652,101220,,,,
$GPGGA,225414.44,3719.0390260,N,12156.9940480,W,1,0,0.0,0.0000,M,0.0000,M,0.0000,0
$GPRMC,225414.44,A,3719.0390260,N,12156.9940480,W,0.0032,273.6646,101220,,,,
$GPGGA,225415.44,3719.0390260,N,12156.9940480,W,1,0,0.0,0.0000,M,0.0000,M,0.0000,0
$GPRMC,225415.44,A,3719.0390260,N,12156.9940480,W,0.0033,273.6641,101220,,,,
$GPGGA,225416.44,3719.0390260,N,12156.9940480,W,1,0,0.0,0.0000,M,0.0000,M,0.0000,0
$GPRMC,225416.44,A,3719.0390260,N,12156.9940480,W,0.0028,273.6633,101220,,,,
$GPGGA,225417.44,3719.0390260,N,12156.9940480,W,1,0,0.0,0.0000,M,0.0000,M,0.0000,0
$GPRMC,225417.44,A,3719.0390260,N,12156.9940480,W,0.0028,273.6626,101220,,,,
$GPGGA,225418.44,3719.0390260,N,12156.9940480,W,1,0,0.0,0.0000,M,0.0000,M,0.0000,0
$GPRMC,225418.44,A,3719.0390260,N,12156.9940480,W,0.0022,273.6619,101220,,,,
$GPGGA,225419.44,3719.0390260,N,12156.9940480,W,1,0,0.0,0.0000,M,0.0000,M,0.0000,0
$GPRMC,225419.44,A,3719.0390260,N,12156.9940480,W,0.0014,273.6612,101220,,,,
$GPGGA,225420.44,3719.0390260,N,12156.9940480,W,1,0,0.0,0.0000,M,0.0000,M,0.0000,0
$GPRMC,225420.44,A,3719.0390260,N,12156.9940480,W,0.0020,273.6605,101220,,,,
$GPGGA,225421.44,3719.0390260,N,12156.9940480,W,1,0,0.0,0.0000,M,0.0000,M,0.0000,0
$GPRMC,225421.44,A,3719.0390260,N,12156.9940480,W,0.0026,273.6596,101220,,,,
$GPGGA,225422.44,3719.0390260,N,12156.9940480,W,1,0,0.0,0.0000,M,0.0000,M,0.0000,0
$GPRMC,225422.44,A,3719.0390260,N,12156.9940480,W,0.0022,273.6588,101220,,,,
$GPGGA,225423.44,3719.0390260,N,12156.9940480,W,1,0,0.0,0.0000,M,0.0000,M,0.0000,0
$GPRMC,225423.44,A,3719.0390260,N,12156.9940480,W,0.0017,273.6581,101220,,,,
$GPGGA,225424.44,3719.0390320,N,12156.9940480,W,1,0,0.0,0.0000,M,0.0000,M,0.0000,0
$GPRMC,225424.44,A,3719.0390320,N,12156.9940480,W,0.0012,273.6573,101220,,,,
$GPGGA,225425.44,3719.0390320,N,12156.9940480,W,1,0,0.0,0.0000,M,0.0000,M,0.0000,0
$GPRMC,225425.44,A,3719.0390320,N,12156.9940480,W,0.0014,273.6566,101220,,,,
$GPGGA,225426.44,3719.0390320,N,12156.9940480,W,1,0,0.0,0.0000,M,0.0000,M,0.0000,0
$GPRMC,225426.44,A,3719.0390320,N,12156.9940480,W,0.0012,273.6559,101220,,,,
$GPGGA,225427.44,3719.0390320,N,12156.9940480,W,1,0,0.0,0.0000,M,0.0000,M,0.0000,0
$GPRMC,225427.44,A,3719.0390320,N,12156.9940480,W,0.0012,273.6553,101220,,,,
$GPGGA,225428.44,3719.0390320,N,12156.9940480,W,1,0,0.0,0.0000,M,0.0000,M,0.0000,0
$GPRMC,225428.44,A,3719.0390320,N,12156.9940480,W,0.0012,273.6546,101220,,,,
$GPGGA,225429.44,3719.0390320,N,12156.9940480,W,1,0,0.0,0.0000,M,0.0000,M,0.0000,0
$GPRMC,225429.44,A,3719.0390320,N,12156.9940480,W,0.0006,273.6538,101220,,,,
$GPGGA,225430.44,3719.0390320,N,12156.9940480,W,1,0,0.0,0.0000,M,0.0000,M,0.0000,0
$GPRMC,225430.44,A,3719.0390320,N,12156.9940480,W,0.0000,273.6531,101220,,,,
$GPGGA,225431.44,3719.0390320,N,12156.9940540,W,1,0,0.0,0.0000,M,0.0000,M,0.0000,0
$GPRMC,225431.44,A,3719.0390320,N,12156.9940540,W,0.0000,273.6523,101220,,,,
$GPGGA,225432.44,3719.0390320,N,12156.9940540,W,1,0,0.0,0.0000,M,0.0000,M,0.0000,0
$GPRMC,225432.44,A,3719.0390320,N,12156.9940540,W,0.0000,273.6516,101220,,,,
$GPGGA,225433.44,3719.0390320,N,12156.9940540,W,1,0,0.0,0.0000,M,0.0000,M,0.0000,0
$GPRMC,225433.44,A,3719.0390320,N,12156.9940540,W,0.0000,273.6509,101220,,,,
$GPGGA,225434.44,3719.0390380,N,12156.9940540,W,1,0,0.0,0.0000,M,0.0000,M,0.0000,0
$GPRMC,225434.44,A,3719.0390380,N,12156.9940540,W,0.0000,273.6501,101220,,,,
$GPGGA,225435.44,3719.0390380,N,12156.9940540,W,1,0,0.0,0.0000,M,0.0000,M,0.0000,0
$GPRMC,225435.44,A,3719.0390380,N,12156.9940540,W,0.0000,273.6493,101220,,,,
$GPGGA,225436.44,3719.0390380,N,12156.9940540,W,1,0,0.0,0.0000,M,0.0000,M,0.0000,0
$GPRMC,225436.44,A,3719.0390380,N,12156.9940540,W,0.0004,273.6486,101220,,,,
$GPGGA,225437.44,3719.0390380,N,12156.9940540,W,1,0,0.0,0.0000,M,0.0000,M,0.0000,0
$GPRMC,225437.44,A,3719.0390380,N,12156.9940540,W,0.0012,273.6478,101220,,,,
$GPGGA,225438.44,3719.0390380,N,12156.9940540,W,1,0,0.0,0.0000,M,0.0000,M,0.0000,0
$GPRMC,225438.44,A,3719.0390380,N,12156.9940540,W,0.0014,273.6470,101220,,,,
$GPGGA,225439.44,3719.0390380,N,12156.9940540,W,1,0,0.0,0.0000,M,0.0000,M,0.0000,0
$GPRMC,225439.44,A,3719.0390380,N,12156.9940540,W,0.0012,273.6463,101220,,,,
$GPGGA,225440.44,3719.0390380,N,12156.9940540,W,1,0,0.0,0.0000,M,0.0000,M,0.0000,0
$GPRMC,225440.44,A,3719.0390380,N,12156.9940540,W,0.0012,273.6457,101220,,,,
$GPGGA,225441.44,3719.0390380,N,12156.9940540,W,1,0,0.0,0.0000,M,0.0000,M,0.0000,0
$GPRMC,225441.44,A,3719.0390380,N,12156.9940540,W,0.0014,273.6451,101220,,,,
$GPGGA,225442.44,3719.0390380,N,12156.9940540,W,1,0,0.0,0.0000,M,0.0000,M,0.0000,0
$GPRMC,225442.44,A,3719.0390380,N,12156.9940540,W,0.0014,273.6443,101220,,,,
$GPGGA,225443.44,3719.0390380,N,12156.9940540,W,1,0,0.0,0.0000,M,0.0000,M,0.0000,0
$GPRMC,225443.44,A,3719.0390380,N,12156.9940540,W,0.0014,273.6436,101220,,,,
$GPGGA,225444.44,3719.0390380,N,12156.9940540,W,1,0,0.0,0.0000,M,0.0000,M,0.0000,0
$GPRMC,225444.44,A,3719.0390380,N,12156.9940540,W,0.0014,273.6430,101220,,,,
$GPGGA,225445.44,3719.0390380,N,12156.9940540,W,1,0,0.0,0.0000,M,0.0000,M,0.0000,0
$GPRMC,225445.44,A,3719.0390380,N,12156.9940540,W,0.0014,273.6424,101220,,,,
$GPGGA,225446.44,3719.0390380,N,12156.9940540,W,1,0,0.0,0.0000,M,0.0000,M,0.0000,0
$GPRMC,225446.44,A,3719.0390380,N,12156.9940540,W,0.0014,273.6418,101220,,,,
$GPGGA,225447.44,3719.0390380,N,12156.9940540,W,1,0,0.0,0.0000,M,0.0000,M,0.0000,0
$GPRMC,225447.44,A,3719.0390380,N,12156.9940540,W,0.0014,273.6411,101220,,,,
$GPGGA,225448.44,3719.0390380,N,12156.9940540,W,1,0,0.0,0.0000,M,0.0000,M,0.0000,0
$GPRMC,225448.44,A,3719.0390380,N,12156.9940540,W,0.0014,273.6404,101220,,,,
$GPGGA,225449.44,3719.0390380,N,12156.9940540,W,1,0,0.0,0.0000,M,0.0000,M,0.0000,0
$GPRMC,225449.44,A,3719.0390380,N,12156.9940540,W,0.0014,273.6397,101220,,,,
$GPGGA,225450.44,3719.0390380,N,12156.9940540,W,1,0,0.0,0.0000,M,0.0000,M,0.0000,0
$GPRMC,225450.44,A,3719.0390380,N,12156.9940540,W,0.0014,273.6390,101220,,,,
$GPGGA,225451.44,3719.0390380,N,12156.9940540,W,1,0,0.0,0.0000,M,0.0000,M,0.0000,0
$GPRMC,225451.44,A,3719.0390380,N,12156.9940540,W,0.0014,273.6384,101220,,,,
$GPGGA,225452.44,3719.0390380,N,12156.9940540,W,1,0,0.0,0.0000,M,0.0000,M,0.0000,0
$GPRMC,225452.44,A,3719.0390380,N,12156.9940540,W,0.0014,273.6377,101220,,,,
$GPGGA,225453.44,3719.0390380,N,12156.9940540,W,1,0,0.0,0.0000,M,0.0000,M,0.0000,0
$GPRMC,225453.44,A,3719.0390380,N,12156.9940540,W,0.0014,273.6370,101220,,,,
$GPGGA,225454.44,3719.0390380,N,12156.9940540,W,1,0,0.0,0.0000,M,0.0000,M,0.0000,0
$GPRMC,225454.44,A,3719.0390380,N,12156.9940540,W,0.0018,273.6362,101220,,,,
$GPGGA,225455.44,3719.0390380,N,12156.9940540,W,1,0,0.0,0.0000,M,0.0000,M,0.0000,0
$GPRMC,225455.44,A,3719.0390380,N,12156.9940540,W,0.0019,273.6355,101220,,,,
$GPGGA,225456.44,3719.0390380,N,12156.9940540,W,1,0,0.0,0.0000,M,0.0000,M,0.0000,0
$GPRMC,225456.44,A,3719.0390380,N,12156.9940540,W,0.0014,273.6348,101220,,,,
$GPGGA,225457.44,3719.0390380,N,12156.9940540,W,1,0,0.0,0.0000,M,0.0000,M,0.0000,0
$GPRMC,225457.44,A,3719.0390380,N,12156.9940540,W,0.0014,273.6342,101220,,,,
$GPGGA,225458.44,3719.0390380,N,12156.9940540,W,1,0,0.0,0.0000,M,0.0000,M,0.0000,0
$GPRMC,225458.44,A,3719.0390380,N,12156.9940540,W,0.0012,273.6335,101220,,,,
$GPGGA,225459.44,3719.0390380,N,12156.9940540,W,1,0,0.0,0.0000,M,0.0000,M,0.0000,0
$GPRMC,225459.44,A,3719.0390380,N,12156.9940540,W,0.0012,273.6328,101220,,,,
$GPGGA,225500.44,3719.0390380,N,12156.9940540,W,1,0,0.0,0.0000,M,0.0000,M,0.0000,0
$GPRMC,225500.44,A,3719.0390380,N,12156.9940540,W,0.0012,273.6322,101220,,,,
$GPGGA,225501.44,3719.0390380,N,12156.9940540,W,1,0,0.0,0.0000,M,0.0000,M,0.0000,0
$GPRMC,225501.44,A,3719.0390380,N,12156.9940540,W,0.0012,273.6316,101220,,,,
$GPGGA,225502.44,3719.0390380,N,12156.9940540,W,1,0,0.0,0.0000,M,0.0000,M,0.0000,0
$GPRMC,225502.44,A,3719.0390380,N,12156.9940540,W,0.0012,273.6310,101220,,,,
$GPGGA,225503.44,3719.0390380,N,12156.9940540,W,1,0,0.0,0.0000,M,0.0000,M,0.0000,0
$GPRMC,225503.44,A,3719.0390380,N,12156.9940540,W,0.0010,273.6304,101220,,,,
$GPGGA,225504.44,3719.0390380,N,12156.9940540,W,1,0,0.0,0.0000,M,0.0000,M,0.0000,0
$GPRMC,225504.44,A,3719.0390380,N,12156.9940540,W,0.0010,273.6298,101220,,,,
$GPGGA,225505.44,3719.0390380,N,12156.9940540,W,1,0,0.0,0.0000,M,0.0000,M,0.0000,0
$GPRMC,225505.44,A,3719.0390380,N,12156.9940540,W,0.0010,273.6291,101220,,,,
$GPGGA,225506.44,3719.0390380,N,12156.9940540,W,1,0,0.0,0.0000,M,0.0000,M,0.0000,0
$GPRMC,225506.44,A,3719.0390380,N,12156.9940540,W,0.0010,273.6284,101220,,,,
$GPGGA,225507.44,3719.0390380,N,12156.9940540,W,1,0,0.0,0.0000,M,0.0000,M,0.0000,0
$GPRMC,225507.44,A,3719.0390380,N,12156.9940540,W,0.0010,273.6277,101220,,,,
$GPGGA,225508.44,3719.0390380,N,12156.9940540,W,1,0,0.0,0.0000,M,0.0000,M,0.0000,0
$GPRMC,225508.44,A,3719.0390380,N,12156.9940540,W,0.0006,273.6272,101220,,,,
$GPGGA,225509.44,3719.0390380,N,12156.9940540,W,1,0,0.0,0.0000,M,0.0000,M,0.0000,0
$GPRMC,225509.44,A,3719.0390380,N,12156.9940540,W,0.0004,273.6264,101220,,,,
$GPGGA,225510.44,3719.0390380,N,12156.9940540,W,1,0,0.0,0.0000,M,0.0000,M,0.0000,0
$GPRMC,225510.44,A,3719.0390380,N,12156.9940540,W,0.0010,273.6256,101220,,,,
$GPGGA,225511.44,3719.0390380,N,12156.9940540,W,1,0,0.0,0.0000,M,0.0000,M,0.0000,0
$GPRMC,225511.44,A,3719.0390380,N,12156.9940540,W,0.0014,273.6251,101220,,,,
$GPGGA,225512.44,3719.0390380,N,12156.9940540,W,1,0,0.0,0.0000,M,0.0000,M,0.0000,0
$GPRMC,225512.44,A,3719.0390380,N,12156.9940540,W,0.0027,273.6246,101220,,,,
$GPGGA,225513.44,3719.0390320,N,12156.9940540,W,1,0,0.0,0.0000,M,0.0000,M,0.0000,0
$GPRMC,225513.44,A,3719.0390320,N,12156.9940540,W,0.0039,273.6240,101220,,,,
$GPGGA,225514.44,3719.0390320,N,12156.9940900,W,1,0,0.0,0.0000,M,0.0000,M,0.0000,0
$GPRMC,225514.44,A,3719.0390320,N,12156.9940900,W,0.2377,273.6184,101220,,,,
$GPGGA,225515.44,3719.0390500,N,12156.9946720,W,1,0,0.0,0.0000,M,0.0000,M,0.0000,0
$GPRMC,225515.44,A,3719.0390500,N,12156.9946720,W,1.7559,273.4734,101220,,,,
$GPGGA,225516.44,3719.0391160,N,12156.9968140,W,1,0,0.0,0.0000,M,0.0000,M,0.0000,0
$GPRMC,225516.44,A,3719.0391160,N,12156.9968140,W,4.6576,272.5380,101220,,,,
$GPGGA,225517.44,3719.0390920,N,12157.0009660,W,1,0,0.0,0.0000,M,0.0000,M,0.0000,0
$GPRMC,225517.44,A,3719.0390920,N,12157.0009660,W,7.6484,270.0023,101220,,,,
$GPGGA,225518.44,3719.0388340,N,12157.0070740,W,1,0,0.0,0.0000,M,0.0000,M,0.0000,0
$GPRMC,225518.44,A,3719.0388340,N,12157.0070740,W,10.6021,267.0335,101220,,,,
$GPGGA,225519.44,3719.0383180,N,12157.0152220,W,1,0,0.0,0.0000,M,0.0000,M,0.0000,0
$GPRMC,225519.44,A,3719.0383180,N,12157.0152220,W,13.5230,265.4799,101220,,,,
$GPGGA,225520.44,3719.0376340,N,12157.0252120,W,1,0,0.0,0.0000,M,0.0000,M,0.0000,0
$GPRMC,225520.44,A,3719.0376340,N,12157.0252120,W,16.0728,265.0273,101220,,,,
$GPGGA,225521.44,3719.0368240,N,12157.0367740,W,1,0,0.0,0.0000,M,0.0000,M,0.0000,0
$GPRMC,225521.44,A,3719.0368240,N,12157.0367740,W,18.2832,265.0092,101220,,,,
$GPGGA,225522.44,3719.0359000,N,12157.0498420,W,1,0,0.0,0.0000,M,0.0000,M,0.0000,0
$GPRMC,225522.44,A,3719.0359000,N,12157.0498420,W,20.4992,264.9397,101220,,,,
$GPGGA,225523.44,3719.0348380,N,12157.0643620,W,1,0,0.0,0.0000,M,0.0000,M,0.0000,0
$GPRMC,225523.44,A,3719.0348380,N,12157.0643620,W,22.5203,264.6972,101220,,,,
$GPGGA,225524.44,3719.0336200,N,12157.0801300,W,1,0,0.0,0.0000,M,0.0000,M,0.0000,0
$GPRMC,225524.44,A,3719.0336200,N,12157.0801300,W,24.2507,264.2371,101220,,,,
$GPGGA,225525.44,3719.0321680,N,12157.0970020,W,1,0,0.0,0.0000,M,0.0000,M,0.0000,0
$GPRMC,225525.44,A,3719.0321680,N,12157.0970020,W,25.8551,263.4885,101220,,,,
$GPGGA,225526.44,3719.0304340,N,12157.1148400,W,1,0,0.0,0.0000,M,0.0000,M,0.0000,0
$GPRMC,225526.44,A,3719.0304340,N,12157.1148400,W,27.1946,262.7357,101220,,,,
$GPGGA,225527.44,3719.0284480,N,12157.1334160,W,1,0,0.0,0.0000,M,0.0000,M,0.0000,0
$GPRMC,225527.44,A,3719.0284480,N,12157.1334160,W,28.1846,262.0915,101220,,,,
$GPGGA,225528.44,3719.0262400,N,12157.1525800,W,1,0,0.0,0.0000,M,0.0000,M,0.0000,0
$GPRMC,225528.44,A,3719.0262400,N,12157.1525800,W,29.0291,261.5087,101220,,,,
$GPGGA,225529.44,3719.0237800,N,12157.1722480,W,1,0,0.0,0.0000,M,0.0000,M,0.0000,0
$GPRMC,225529.44,A,3719.0237800,N,12157.1722480,W,29.8050,260.7664,101220,,,,
$GPGGA,225530.44,3719.0210980,N,12157.1923360,W,1,0,0.0,0.0000,M,0.0000,M,0.0000,0
$GPRMC,225530.44,A,3719.0210980,N,12157.1923360,W,30.2644,260.3826,101220,,,,
$GPGGA,225531.44,3719.0183680,N,12157.2125440,W,1,0,0.0,0.0000,M,0.0000,M,0.0000,0
$GPRMC,225531.44,A,3719.0183680,N,12157.2125440,W,30.1578,260.4853,101220,,,,
$GPGGA,225532.44,3719.0157520,N,12157.2325480,W,1,0,0.0,0.0000,M,0.0000,M,0.0000,0
$GPRMC,225532.44,A,3719.0157520,N,12157.2325480,W,29.7342,260.8694,101220,,,,
$GPGGA,225533.44,3719.0132980,N,12157.2523060,W,1,0,0.0,0.0000,M,0.0000,M,0.0000,0
$GPRMC,225533.44,A,3719.0132980,N,12157.2523060,W,29.3634,261.3694,101220,,,,
$GPGGA,225534.44,3719.0109640,N,12157.2718900,W,1,0,0.0,0.0000,M,0.0000,M,0.0000,0
$GPRMC,225534.44,A,3719.0109640,N,12157.2718900,W,29.1613,261.6129,101220,,,,
$GPGGA,225535.44,3719.0086960,N,12157.2913960,W,1,0,0.0,0.0000,M,0.0000,M,0.0000,0
$GPRMC,225535.44,A,3719.0086960,N,12157.2913960,W,29.0910,261.8602,101220,,,,
$GPGGA,225536.44,3719.0065360,N,12157.3109140,W,1,0,0.0,0.0000,M,0.0000,M,0.0000,0
$GPRMC,225536.44,A,3719.0065360,N,12157.3109140,W,29.1507,262.4370,101220,,,,
$GPGGA,225537.44,3719.0045860,N,12157.3305700,W,1,0,0.0,0.0000,M,0.0000,M,0.0000,0
$GPRMC,225537.44,A,3719.0045860,N,12157.3305700,W,29.3744,263.4323,101220,,,,
$GPGGA,225538.44,3719.0029120,N,12157.3504540,W,1,0,0.0,0.0000,M,0.0000,M,0.0000,0
$GPRMC,225538.44,A,3719.0029120,N,12157.3504540,W,29.7120,264.3697,101220,,,,
$GPGGA,225539.44,3719.0014240,N,12157.3706080,W,1,0,0.0,0.0000,M,0.0000,M,0.0000,0
$GPRMC,225539.44,A,3719.0014240,N,12157.3706080,W,30.0801,264.8369,101220,,,,
$GPGGA,225540.44,3718.9999900,N,12157.3910140,W,1,0,0.0,0.0000,M,0.0000,M,0.0000,0
$GPRMC,225540.44,A,3718.9999900,N,12157.3910140,W,30.4148,265.1845,101220,,,,
$GPGGA,225541.44,3718.9987120,N,12157.4116120,W,1,0,0.0,0.0000,M,0.0000,M,0.0000,0
$GPRMC,225541.44,A,3718.9987120,N,12157.4116120,W,30.5910,265.8714,101220,,,,
$GPGGA,225542.44,3718.9976560,N,12157.4322880,W,1,0,0.0,0.0000,M,0.0000,M,0.0000,0
$GPRMC,225542.44,A,3718.9976560,N,12157.4322880,W,30.6005,266.6458,101220,,,,
$GPGGA,225543.44,3718.9967980,N,12157.4529760,W,1,0,0.0,0.0000,M,0.0000,M,0.0000,0
$GPRMC,225543.44,A,3718.9967980,N,12157.4529760,W,30.6022,267.4034,101220,,,,
$GPGGA,225544.44,3718.9961800,N,12157.4736880,W,1,0,0.0,0.0000,M,0.0000,M,0.0000,0
$GPRMC,225544.44,A,3718.9961800,N,12157.4736880,W,30.6348,268.2672,101220,,,,
$GPGGA,225545.44,3718.9958380,N,12157.4944480,W,1,0,0.0,0.0000,M,0.0000,M,0.0000,0
$GPRMC,225545.44,A,3718.9958380,N,12157.4944480,W,30.7025,269.2343,101220,,,,
$GPGGA,225546.44,3718.9957360,N,12157.5152680,W,1,0,0.0,0.0000,M,0.0000,M,0.0000,0
$GPRMC,225546.44,A,3718.9957360,N,12157.5152680,W,30.7951,270.0126,101220,,,,
$GPGGA,225547.44,3718.9958440,N,12157.5361480,W,1,0,0.0,0.0000,M,0.0000,M,0.0000,0
$GPRMC,225547.44,A,3718.9958440,N,12157.5361480,W,30.8812,270.6686,101220,,,,
$GPGGA,225548.44,3718.9961200,N,12157.5570880,W,1,0,0.0,0.0000,M,0.0000,M,0.0000,0
$GPRMC,225548.44,A,3718.9961200,N,12157.5570880,W,30.9768,271.0307,101220,,,,
$GPGGA,225549.44,3718.9964800,N,12157.5780940,W,1,0,0.0,0.0000,M,0.0000,M,0.0000,0
$GPRMC,225549.44,A,3718.9964800,N,12157.5780940,W,31.1006,271.0951,101220,,,,
$GPGGA,225550.44,3718.9968340,N,12157.5991720,W,1,0,0.0,0.0000,M,0.0000,M,0.0000,0
$GPRMC,225550.44,A,3718.9968340,N,12157.5991720,W,31.2095,271.1367,101220,,,,
$GPGGA,225551.44,3718.9971700,N,12157.6203160,W,1,0,0.0,0.0000,M,0.0000,M,0.0000,0
$GPRMC,225551.44,A,3718.9971700,N,12157.6203160,W,31.2923,271.1240,101220,,,,
$GPGGA,225552.44,3718.9974940,N,12157.6415140,W,1,0,0.0,0.0000,M,0.0000,M,0.0000,0
$GPRMC,225552.44,A,3718.9974940,N,12157.6415140,W,31.3460,271.0557,101220,,,,
$GPGGA,225553.44,3718.9978060,N,12157.6627300,W,1,0,0.0,0.0000,M,0.0000,M,0.0000,0
$GPRMC,225553.44,A,3718.9978060,N,12157.6627300,W,31.3485,271.0341,101220,,,,
$GPGGA,225554.44,3718.9981300,N,12157.6839220,W,1,0,0.0,0.0000,M,0.0000,M,0.0000,0
$GPRMC,225554.44,A,3718.9981300,N,12157.6839220,W,31.2584,271.1803,101220,,,,
$GPGGA,225555.44,3718.9984900,N,12157.7050420,W,1,0,0.0,0.0000,M,0.0000,M,0.0000,0
$GPRMC,225555.44,A,3718.9984900,N,12157.7050420,W,31.0919,271.2617,101220,,,,
$GPGGA,225556.44,3718.9988440,N,12157.7259760,W,1,0,0.0,0.0000,M,0.0000,M,0.0000,0
$GPRMC,225556.44,A,3718.9988440,N,12157.7259760,W,30.7422,271.1875,101220,,,,
$GPGGA,225557.44,3718.9991800,N,12157.7465860,W,1,0,0.0,0.0000,M,0.0000,M,0.0000,0
$GPRMC,225557.44,A,3718.9991800,N,12157.7465860,W,30.1732,271.1227,101220,,,,
$GPGGA,225558.44,3718.9994560,N,12157.7668120,W,1,0,0.0,0.0000,M,0.0000,M,0.0000,0
$GPRMC,225558.44,A,3718.9994560,N,12157.7668120,W,29.6106,270.8428,101220,,,,
$GPGGA,225559.44,3718.9996480,N,12157.7866840,W,1,0,0.0,0.0000,M,0.0000,M,0.0000,0
$GPRMC,225559.44,A,3718.9996480,N,12157.7866840,W,29.1439,270.6392,101220,,,,
$GPGGA,225600.44,3718.9998220,N,12157.8062860,W,1,0,0.0,0.0000,M,0.0000,M,0.0000,0
$GPRMC,225600.44,A,3718.9998220,N,12157.8062860,W,28.8143,270.6717,101220,,,,
$GPGGA,225601.44,3718.9999360,N,12157.8257080,W,1,0,0.0,0.0000,M,0.0000,M,0.0000,0
$GPRMC,225601.44,A,3718.9999360,N,12157.8257080,W,28.5936,270.2533,101220,,,,
$GPGGA,225602.44,3718.9998760,N,12157.8450100,W,1,0,0.0,0.0000,M,0.0000,M,0.0000,0
$GPRMC,225602.44,A,3718.9998760,N,12157.8450100,W,28.4445,269.3817,101220,,,,
$GPGGA,225603.44,3718.9995700,N,12157.8642160,W,1,0,0.0,0.0000,M,0.0000,M,0.0000,0
$GPRMC,225603.44,A,3718.9995700,N,12157.8642160,W,28.3268,268.5152,101220,,,,
$GPGGA,225604.44,3718.9990720,N,12157.8833440,W,1,0,0.0,0.0000,M,0.0000,M,0.0000,0
$GPRMC,225604.44,A,3718.9990720,N,12157.8833440,W,28.2426,267.9435,101220,,,,
$GPGGA,225605.44,3718.9984720,N,12157.9024360,W,1,0,0.0,0.0000,M,0.0000,M,0.0000,0
$GPRMC,225605.44,A,3718.9984720,N,12157.9024360,W,28.2347,267.6864,101220,,,,
$GPGGA,225606.44,3718.9978300,N,12157.9215640,W,1,0,0.0,0.0000,M,0.0000,M,0.0000,0
$GPRMC,225606.44,A,3718.9978300,N,12157.9215640,W,28.3236,267.5760,101220,,,,
$GPGGA,225607.44,3718.9972120,N,12157.9407340,W,1,0,0.0,0.0000,M,0.0000,M,0.0000,0
$GPRMC,225607.44,A,3718.9972120,N,12157.9407340,W,28.3166,267.6825,101220,,,,
$GPGGA,225608.44,3718.9966180,N,12157.9598380,W,1,0,0.0,0.0000,M,0.0000,M,0.0000,0
$GPRMC,225608.44,A,3718.9966180,N,12157.9598380,W,28.1605,267.7185,101220,,,,
$GPGGA,225609.44,3718.9959940,N,12157.9788280,W,1,0,0.0,0.0000,M,0.0000,M,0.0000,0
$GPRMC,225609.44,A,3718.9959940,N,12157.9788280,W,28.0040,267.5812,101220,,,,
$GPGGA,225610.44,3718.9953520,N,12157.9977220,W,1,0,0.0,0.0000,M,0.0000,M,0.0000,0
$GPRMC,225610.44,A,3718.9953520,N,12157.9977220,W,27.8810,267.4895,101220,,,,
$GPGGA,225611.44,3718.9946740,N,12158.0165500,W,1,0,0.0,0.0000,M,0.0000,M,0.0000,0
$GPRMC,225611.44,A,3718.9946740,N,12158.0165500,W,27.8147,267.3730,101220,,,,
$GPGGA,225612.44,3718.9940020,N,12158.0353360,W,1,0,0.0,0.0000,M,0.0000,M,0.0000,0
$GPRMC,225612.44,A,3718.9940020,N,12158.0353360,W,27.7620,267.4204,101220,,,,
$GPGGA,225613.44,3718.9933480,N,12158.0540560,W,1,0,0.0,0.0000,M,0.0000,M,0.0000,0
$GPRMC,225613.44,A,3718.9933480,N,12158.0540560,W,27.6071,267.4475,101220,,,,
$GPGGA,225614.44,3718.9926940,N,12158.0726380,W,1,0,0.0,0.0000,M,0.0000,M,0.0000,0
$GPRMC,225614.44,A,3718.9926940,N,12158.0726380,W,27.3482,267.4787,101220,,,,
$GPGGA,225615.44,3718.9921180,N,12158.0910340,W,1,0,0.0,0.0000,M,0.0000,M,0.0000,0
$GPRMC,225615.44,A,3718.9921180,N,12158.0910340,W,27.0259,268.0717,101220,,,,
$GPGGA,225616.44,3718.9918300,N,12158.1092140,W,1,0,0.0,0.0000,M,0.0000,M,0.0000,0
$GPRMC,225616.44,A,3718.9918300,N,12158.1092140,W,26.6642,269.5738,101220,,,,
$GPGGA,225617.44,3718.9919860,N,12158.1271480,W,1,0,0.0,0.0000,M,0.0000,M,0.0000,0
$GPRMC,225617.44,A,3718.9919860,N,12158.1271480,W,26.2970,271.5397,101220,,,,
$GPGGA,225618.44,3718.9925800,N,12158.1448180,W,1,0,0.0,0.0000,M,0.0000,M,0.0000,0
$GPRMC,225618.44,A,3718.9925800,N,12158.1448180,W,25.9146,272.9855,101220,,,,
$GPGGA,225619.44,3718.9933600,N,12158.1620860,W,1,0,0.0,0.0000,M,0.0000,M,0.0000,0
$GPRMC,225619.44,A,3718.9933600,N,12158.1620860,W,25.1247,273.3524,101220,,,,
$GPGGA,225620.44,3718.9941220,N,12158.1786040,W,1,0,0.0,0.0000,M,0.0000,M,0.0000,0
$GPRMC,225620.44,A,3718.9941220,N,12158.1786040,W,23.6338,273.0912,101220,,,,
$GPGGA,225621.44,3718.9947520,N,12158.1940360,W,1,0,0.0,0.0000,M,0.0000,M,0.0000,0
$GPRMC,225621.44,A,3718.9947520,N,12158.1940360,W,22.0356,272.4131,101220,,,,
$GPGGA,225622.44,3718.9952140,N,12158.2085020,W,1,0,0.0,0.0000,M,0.0000,M,0.0000,0
$GPRMC,225622.44,A,3718.9952140,N,12158.2085020,W,20.8327,271.9976,101220,,,,
$GPGGA,225623.44,3718.9956040,N,12158.2223380,W,1,0,0.0,0.0000,M,0.0000,M,0.0000,0
$GPRMC,225623.44,A,3718.9956040,N,12158.2223380,W,20.1204,271.8658,101220,,,,
$GPGGA,225624.44,3718.9960120,N,12158.2358260,W,1,0,0.0,0.0000,M,0.0000,M,0.0000,0
$GPRMC,225624.44,A,3718.9960120,N,12158.2358260,W,19.7812,272.2816,101220,,,,
$GPGGA,225625.44,3718.9965340,N,12158.2491040,W,1,0,0.0,0.0000,M,0.0000,M,0.0000,0
$GPRMC,225625.44,A,3718.9965340,N,12158.2491040,W,19.4957,273.1841,101220,,,,
$GPGGA,225626.44,3718.9972840,N,12158.2621780,W,1,0,0.0,0.0000,M,0.0000,M,0.0000,0
$GPRMC,225626.44,A,3718.9972840,N,12158.2621780,W,19.2317,274.5591,101220,,,,
$GPGGA,225627.44,3718.9983100,N,12158.2750540,W,1,0,0.0,0.0000,M,0.0000,M,0.0000,0
$GPRMC,225627.44,A,3718.9983100,N,12158.2750540,W,18.9797,276.2072,101220,,,,
$GPGGA,225628.44,3718.9995940,N,12158.2877260,W,1,0,0.0,0.0000,M,0.0000,M,0.0000,0
$GPRMC,225628.44,A,3718.9995940,N,12158.2877260,W,18.7303,277.6716,101220,,,,
$GPGGA,225629.44,3719.0010880,N,12158.3002060,W,1,0,0.0,0.0000,M,0.0000,M,0.0000,0
$GPRMC,225629.44,A,3719.0010880,N,12158.3002060,W,18.5098,278.8443,101220,,,,
$GPGGA,225630.44,3719.0027620,N,12158.3125060,W,1,0,0.0,0.0000,M,0.0000,M,0.0000,0
$GPRMC,225630.44,A,3719.0027620,N,12158.3125060,W,18.3314,280.0740,101220,,,,
$GPGGA,225631.44,3719.0047180,N,12158.3246380,W,1,0,0.0,0.0000,M,0.0000,M,0.0000,0
$GPRMC,225631.44,A,3719.0047180,N,12158.3246380,W,18.2072,282.2411,101220,,,,
$GPGGA,225632.44,3719.0071780,N,12158.3365600,W,1,0,0.0,0.0000,M,0.0000,M,0.0000,0
$GPRMC,225632.44,A,3719.0071780,N,12158.3365600,W,18.1244,285.7935,101220,,,,
$GPGGA,225633.44,3719.0102500,N,12158.3481940,W,1,0,0.0,0.0000,M,0.0000,M,0.0000,0
$GPRMC,225633.44,A,3719.0102500,N,12158.3481940,W,18.0446,289.5628,101220,,,,
$GPGGA,225634.44,3719.0138860,N,12158.3595700,W,1,0,0.0,0.0000,M,0.0000,M,0.0000,0
$GPRMC,225634.44,A,3719.0138860,N,12158.3595700,W,18.1302,292.7679,101220,,,,
$GPGGA,225635.44,3719.0179720,N,12158.3708500,W,1,0,0.0,0.0000,M,0.0000,M,0.0000,0
$GPRMC,225635.44,A,3719.0179720,N,12158.3708500,W,18.4010,295.0885,101220,,,,
$GPGGA,225636.44,3719.0223520,N,12158.3820760,W,1,0,0.0,0.0000,M,0.0000,M,0.0000,0
$GPRMC,225636.44,A,3719.0223520,N,12158.3820760,W,18.3927,296.4137,101220,,,,
$GPGGA,225637.44,3719.0267740,N,12158.3930680,W,1,0,0.0,0.0000,M,0.0000,M,0.0000,0
$GPRMC,225637.44,A,3719.0267740,N,12158.3930680,W,17.9298,296.8859,101220,,,,
$GPGGA,225638.44,3719.0310340,N,12158.4036160,W,1,0,0.0,0.0000,M,0.0000,M,0.0000,0
$GPRMC,225638.44,A,3719.0310340,N,12158.4036160,W,16.8869,296.8497,101220,,,,
$GPGGA,225639.44,3719.0349460,N,12158.4132940,W,1,0,0.0,0.0000,M,0.0000,M,0.0000,0
$GPRMC,225639.44,A,3719.0349460,N,12158.4132940,W,15.1061,296.9191,101220,,,,
$GPGGA,225640.44,3719.0384140,N,12158.4218560,W,1,0,0.0,0.0000,M,0.0000,M,0.0000,0
$GPRMC,225640.44,A,3719.0384140,N,12158.4218560,W,13.3305,296.8269,101220,,,,
$GPGGA,225641.44,3719.0414320,N,12158.4295060,W,1,0,0.0,0.0000,M,0.0000,M,0.0000,0
$GPRMC,225641.44,A,3719.0414320,N,12158.4295060,W,11.9268,296.6967,101220,,,,
$GPGGA,225642.44,3719.0440840,N,12158.4363220,W,1,0,0.0,0.0000,M,0.0000,M,0.0000,0
$GPRMC,225642.44,A,3719.0440840,N,12158.4363220,W,10.5026,296.8633,101220,,,,
$GPGGA,225643.44,3719.0465500,N,12158.4420760,W,1,0,0.0,0.0000,M,0.0000,M,0.0000,0
$GPRMC,225643.44,A,3719.0465500,N,12158.4420760,W,8.6856,298.4859,101220,,,,
$GPGGA,225644.44,3719.0489020,N,12158.4466240,W,1,0,0.0,0.0000,M,0.0000,M,0.0000,0
$GPRMC,225644.44,A,3719.0489020,N,12158.4466240,W,7.1917,302.4422,101220,,,,
$GPGGA,225645.44,3719.0512360,N,12158.4502600,W,1,0,0.0,0.0000,M,0.0000,M,0.0000,0
$GPRMC,225645.44,A,3719.0512360,N,12158.4502600,W,6.5068,309.1563,101220,,,,
$GPGGA,225646.44,3719.0538220,N,12158.4530800,W,1,0,0.0,0.0000,M,0.0000,M,0.0000,0
$GPRMC,225646.44,A,3719.0538220,N,12158.4530800,W,5.9477,319.6497,101220,,,,
$GPGGA,225647.44,3719.0566120,N,12158.4548860,W,1,0,0.0,0.0000,M,0.0000,M,0.0000,0
$GPRMC,225647.44,A,3719.0566120,N,12158.4548860,W,5.4580,332.6110,101220,,,,
$GPGGA,225648.44,3719.0593240,N,12158.4559000,W,1,0,0.0,0.0000,M,0.0000,M,0.0000,0
$GPRMC,225648.44,A,3719.0593240,N,12158.4559000,W,4.8198,342.4590,101220,,,,
$GPGGA,225649.44,3719.0615860,N,12158.4566380,W,1,0,0.0,0.0000,M,0.0000,M,0.0000,0
$GPRMC,225649.44,A,3719.0615860,N,12158.4566380,W,3.7960,344.8534,101220,,,,
$GPGGA,225650.44,3719.0632480,N,12158.4572380,W,1,0,0.0,0.0000,M,0.0000,M,0.0000,0
$GPRMC,225650.44,A,3719.0632480,N,12158.4572380,W,2.7067,343.9763,101220,,,,
$GPGGA,225651.44,3719.0644660,N,12158.4576820,W,1,0,0.0,0.0000,M,0.0000,M,0.0000,0
$GPRMC,225651.44,A,3719.0644660,N,12158.4576820,W,2.1031,343.2784,101220,,,,
$GPGGA,225652.44,3719.0655100,N,12158.4580720,W,1,0,0.0,0.0000,M,0.0000,M,0.0000,0
$GPRMC,225652.44,A,3719.0655100,N,12158.4580720,W,2.0176,343.0313,101220,,,,
$GPGGA,225653.44,3719.0665960,N,12158.4584560,W,1,0,0.0,0.0000,M,0.0000,M,0.0000,0
$GPRMC,225653.44,A,3719.0665960,N,12158.4584560,W,2.1033,343.5107,101220,,,,
$GPGGA,225654.44,3719.0677180,N,12158.4587560,W,1,0,0.0,0.0000,M,0.0000,M,0.0000,0
$GPRMC,225654.44,A,3719.0677180,N,12158.4587560,W,2.1001,345.7461,101220,,,,
$GPGGA,225655.44,3719.0688880,N,12158.4589360,W,1,0,0.0,0.0000,M,0.0000,M,0.0000,0
$GPRMC,225655.44,A,3719.0688880,N,12158.4589360,W,2.2827,349.4252,101220,,,,
$GPGGA,225656.44,3719.0703460,N,12158.4590440,W,1,0,0.0,0.0000,M,0.0000,M,0.0000,0
$GPRMC,225656.44,A,3719.0703460,N,12158.4590440,W,3.1734,353.5471,101220,,,,
$GPGGA,225657.44,3719.0725240,N,12158.4589780,W,1,0,0.0,0.0000,M,0.0000,M,0.0000,0
$GPRMC,225657.44,A,3719.0725240,N,12158.4589780,W,4.8873,359.2513,101220,,,,
$GPGGA,225658.44,3719.0756740,N,12158.4582820,W,1,0,0.0,0.0000,M,0.0000,M,0.0000,0
$GPRMC,225658.44,A,3719.0756740,N,12158.4582820,W,6.7943,9.4710,101220,,,,
$GPGGA,225659.44,3719.0795320,N,12158.4563860,W,1,0,0.0,0.0000,M,0.0000,M,0.0000,0
$GPRMC,225659.44,A,3719.0795320,N,12158.4563860,W,8.2816,22.3084,101220,,,,
$GPGGA,225700.44,3719.0835940,N,12158.4534760,W,1,0,0.0,0.0000,M,0.0000,M,0.0000,0
$GPRMC,225700.44,A,3719.0835940,N,12158.4534760,W,8.7966,30.4077,101220,,,,
$GPGGA,225701.44,3719.0874640,N,12158.4502720,W,1,0,0.0,0.0000,M,0.0000,M,0.0000,0
$GPRMC,225701.44,A,3719.0874640,N,12158.4502720,W,8.2315,33.3840,101220,,,,
$GPGGA,225702.44,3719.0908600,N,12158.4473920,W,1,0,0.0,0.0000,M,0.0000,M,0.0000,0
$GPRMC,225702.44,A,3719.0908600,N,12158.4473920,W,6.8030,33.8484,101220,,,,
$GPGGA,225703.44,3719.0935360,N,12158.4453160,W,1,0,0.0,0.0000,M,0.0000,M,0.0000,0
$GPRMC,225703.44,A,3719.0935360,N,12158.4453160,W,4.9089,30.1324,101220,,,,
$GPGGA,225704.44,3719.0956060,N,12158.4447580,W,1,0,0.0,0.0000,M,0.0000,M,0.0000,0
$GPRMC,225704.44,A,3719.0956060,N,12158.4447580,W,3.4884,10.7667,101220,,,,
$GPGGA,225705.44,3719.0969860,N,12158.4460780,W,1,0,0.0,0.0000,M,0.0000,M,0.0000,0
$GPRMC,225705.44,A,3719.0969860,N,12158.4460780,W,3.2720,333.6083,101220,,,,
$GPGGA,225706.44,3719.0972020,N,12158.4484600,W,1,0,0.0,0.0000,M,0.0000,M,0.0000,0
$GPRMC,225706.44,A,3719.0972020,N,12158.4484600,W,3.7421,289.8887,101220,,,,
$GPGGA,225707.44,3719.0959000,N,12158.4507640,W,1,0,0.0,0.0000,M,0.0000,M,0.0000,0
$GPRMC,225707.44,A,3719.0959000,N,12158.4507640,W,4.8540,245.3459,101220,,,,
$GPGGA,225708.44,3719.0932360,N,12158.4526900,W,1,0,0.0,0.0000,M,0.0000,M,0.0000,0
$GPRMC,225708.44,A,3719.0932360,N,12158.4526900,W,6.9481,214.8548,101220,,,,
$GPGGA,225709.44,3719.0893180,N,12158.4551320,W,1,0,0.0,0.0000,M,0.0000,M,0.0000,0
$GPRMC,225709.44,A,3719.0893180,N,12158.4551320,W,9.3223,207.4201,101220,,,,
$GPGGA,225710.44,3719.0844040,N,12158.4585700,W,1,0,0.0,0.0000,M,0.0000,M,0.0000,0
$GPRMC,225710.44,A,3719.0844040,N,12158.4585700,W,11.4801,209.6226,101220,,,,
$GPGGA,225711.44,3719.0785780,N,12158.4628060,W,1,0,0.0,0.0000,M,0.0000,M,0.0000,0
$GPRMC,225711.44,A,3719.0785780,N,12158.4628060,W,13.4005,210.0952,101220,,,,
$GPGGA,225712.44,3719.0718580,N,12158.4676000,W,1,0,0.0,0.0000,M,0.0000,M,0.0000,0
$GPRMC,225712.44,A,3719.0718580,N,12158.4676000,W,15.1977,209.8685,101220,,,,
$GPGGA,225713.44,3719.0644600,N,12158.4730420,W,1,0,0.0,0.0000,M,0.0000,M,0.0000,0
$GPRMC,225713.44,A,3719.0644600,N,12158.4730420,W,16.3662,211.0398,101220,,,,
$GPGGA,225714.44,3719.0568520,N,12158.4789400,W,1,0,0.0,0.0000,M,0.0000,M,0.0000,0
$GPRMC,225714.44,A,3719.0568520,N,12158.4789400,W,16.5655,212.1702,101220,,,,
$GPGGA,225715.44,3719.0493700,N,12158.4848980,W,1,0,0.0,0.0000,M,0.0000,M,0.0000,0
$GPRMC,225715.44,A,3719.0493700,N,12158.4848980,W,16.2394,212.6206,101220,,,,
$GPGGA,225716.44,3719.0421160,N,12158.4907600,W,1,0,0.0,0.0000,M,0.0000,M,0.0000,0
$GPRMC,225716.44,A,3719.0421160,N,12158.4907600,W,15.5306,213.0602,101220,,,,
$GPGGA,225717.44,3719.0354380,N,12158.4962440,W,1,0,0.0,0.0000,M,0.0000,M,0.0000,0
$GPRMC,225717.44,A,3719.0354380,N,12158.4962440,W,13.8160,213.4897,101220,,,,
$GPGGA,225718.44,3719.0297920,N,12158.5009600,W,1,0,0.0,0.0000,M,0.0000,M,0.0000,0
$GPRMC,225718.44,A,3719.0297920,N,12158.5009600,W,11.2978,213.7964,101220,,,,
$GPGGA,225719.44,3719.0252860,N,12158.5047400,W,1,0,0.0,0.0000,M,0.0000,M,0.0000,0
$GPRMC,225719.44,A,3719.0252860,N,12158.5047400,W,8.8162,213.8038,101220,,,,
$GPGGA,225720.44,3719.0218600,N,12158.5075960,W,1,0,0.0,0.0000,M,0.0000,M,0.0000,0
$GPRMC,225720.44,A,3719.0218600,N,12158.5075960,W,6.3915,213.7086,101220,,,,
$GPGGA,225721.44,3719.0194960,N,12158.5095820,W,1,0,0.0,0.0000,M,0.0000,M,0.0000,0
$GPRMC,225721.44,A,3719.0194960,N,12158.5095820,W,4.2034,213.6393,101220,,,,
$GPGGA,225722.44,3719.0180440,N,12158.5107880,W,1,0,0.0,0.0000,M,0.0000,M,0.0000,0
$GPRMC,225722.44,A,3719.0180440,N,12158.5107880,W,2.3468,213.4969,101220,,,,
$GPGGA,225723.44,3719.0173360,N,12158.5113820,W,1,0,0.0,0.0000,M,0.0000,M,0.0000,0
$GPRMC,225723.44,A,3719.0173360,N,12158.5113820,W,0.8278,213.4247,101220,,,,
$GPGGA,225724.44,3719.0171440,N,12158.5115440,W,1,0,0.0,0.0000,M,0.0000,M,0.0000,0
$GPRMC,225724.44,A,3719.0171440,N,12158.5115440,W,0.0950,213.4082,101220,,,,
$GPGGA,225725.44,3719.0171440,N,12158.5115500,W,1,0,0.0,0.0000,M,0.0000,M,0.0000,0
$GPRMC,225725.44,A,3719.0171440,N,12158.5115500,W,0.0055,213.4078,101220,,,,
$GPGGA,225726.44,3719.0171440,N,12158.5115560,W,1,0,0.0,0.0000,M,0.0000,M,0.0000,0
$GPRMC,225726.44,A,3719.0171440,N,12158.5115560,W,0.0030,213.4060,101220,,,,
$GPGGA,225727.44,3719.0171500,N,12158.5115560,W,1,0,0.0,0.0000,M,0.0000,M,0.0000,0
$GPRMC,225727.44,A,3719.0171500,N,12158.5115560,W,0.0022,213.4045,101220,,,,
$GPGGA,225728.44,3719.0171500,N,12158.5115560,W,1,0,0.0,0.0000,M,0.0000,M,0.0000,0
$GPRMC,225728.44,A,3719.0171500,N,12158.5115560,W,0.0034,213.4036,101220,,,,
$GPGGA,225729.44,3719.0171500,N,12158.5115560,W,1,0,0.0,0.0000,M,0.0000,M,0.0000,0
$GPRMC,225729.44,A,3719.0171500,N,12158.5115560,W,0.0065,213.4028,101220,,,,
$GPGGA,225730.44,3719.0171560,N,12158.5115560,W,1,0,0.0,0.0000,M,0.0000,M,0.0000,0
$GPRMC,225730.44,A,3719.0171560,N,12158.5115560,W,0.0107,213.4021,101220,,,,
$GPGGA,225731.44,3719.0171620,N,12158.5115440,W,1,0,0.0,0.0000,M,0.0000,M,0.0000,0
$GPRMC,225731.44,A,3719.0171620,N,12158.5115440,W,0.0163,213.4012,101220,,,,
$GPGGA,225732.44,3719.0171680,N,12158.5115380,W,1,0,0.0,0.0000,M,0.0000,M,0.0000,0
$GPRMC,225732.44,A,3719.0171680,N,12158.5115380,W,0.0228,213.4005,101220,,,,
$GPGGA,225733.44,3719.0171800,N,12158.5115260,W,1,0,0.0,0.0000,M,0.0000,M,0.0000,0
$GPRMC,225733.44,A,3719.0171800,N,12158.5115260,W,0.0301,213.3999,101220,,,,
$GPGGA,225734.44,3719.0171860,N,12158.5115140,W,1,0,0.0,0.0000,M,0.0000,M,0.0000,0
$GPRMC,225734.44,A,3719.0171860,N,12158.5115140,W,0.1289,213.3964,101220,,,,
$GPGGA,225735.44,3719.0169520,N,12158.5116820,W,1,0,0.0,0.0000,M,0.0000,M,0.0000,0
$GPRMC,225735.44,A,3719.0169520,N,12158.5116820,W,1.1798,213.2879,101220,,,,
$GPGGA,225736.44,3719.0159500,N,12158.5124440,W,1,0,0.0,0.0000,M,0.0000,M,0.0000,0
$GPRMC,225736.44,A,3719.0159500,N,12158.5124440,W,3.4145,212.4917,101220,,,,
$GPGGA,225737.44,3719.0137720,N,12158.5138360,W,1,0,0.0,0.0000,M,0.0000,M,0.0000,0
$GPRMC,225737.44,A,3719.0137720,N,12158.5138360,W,5.6208,207.9115,101220,,,,
$GPGGA,225738.44,3719.0104780,N,12158.5150180,W,1,0,0.0,0.0000,M,0.0000,M,0.0000,0
$GPRMC,225738.44,A,3719.0104780,N,12158.5150180,W,7.1263,194.8738,101220,,,,
$GPGGA,225739.44,3719.0065780,N,12158.5147360,W,1,0,0.0,0.0000,M,0.0000,M,0.0000,0
$GPRMC,225739.44,A,3719.0065780,N,12158.5147360,W,7.6291,172.7263,101220,,,,
$GPGGA,225740.44,3719.0031280,N,12158.5123000,W,1,0,0.0,0.0000,M,0.0000,M,0.0000,0
$GPRMC,225740.44,A,3719.0031280,N,12158.5123000,W,7.6944,145.7093,101220,,,,
$GPGGA,225741.44,3719.0007280,N,12158.5080460,W,1,0,0.0,0.0000,M,0.0000,M,0.0000,0
$GPRMC,225741.44,A,3719.0007280,N,12158.5080460,W,8.3926,122.4789,101220,,,,
$GPGGA,225742.44,3718.9989340,N,12158.5021720,W,1,0,0.0,0.0000,M,0.0000,M,0.0000,0
$GPRMC,225742.44,A,3718.9989340,N,12158.5021720,W,10.4906,110.0385,101220,,,,
$GPGGA,225743.44,3718.9971340,N,12158.4944440,W,1,0,0.0,0.0000,M,0.0000,M,0.0000,0
$GPRMC,225743.44,A,3718.9971340,N,12158.4944440,W,13.2562,105.9117,101220,,,,
$GPGGA,225744.44,3718.9951540,N,12158.4850600,W,1,0,0.0,0.0000,M,0.0000,M,0.0000,0
$GPRMC,225744.44,A,3718.9951540,N,12158.4850600,W,15.3750,104.8509,101220,,,,
$GPGGA,225745.44,3718.9930240,N,12158.4745780,W,1,0,0.0,0.0000,M,0.0000,M,0.0000,0
$GPRMC,225745.44,A,3718.9930240,N,12158.4745780,W,16.5281,104.3526,101220,,,,
$GPGGA,225746.44,3718.9908280,N,12158.4635080,W,1,0,0.0,0.0000,M,0.0000,M,0.0000,0
$GPRMC,225746.44,A,3718.9908280,N,12158.4635080,W,17.1781,104.0411,101220,,,,
$GPGGA,225747.44,3718.9885660,N,12158.4520060,W,1,0,0.0,0.0000,M,0.0000,M,0.0000,0
$GPRMC,225747.44,A,3718.9885660,N,12158.4520060,W,17.8315,104.0678,101220,,,,
$GPGGA,225748.44,3718.9862140,N,12158.4400900,W,1,0,0.0,0.0000,M,0.0000,M,0.0000,0
$GPRMC,225748.44,A,3718.9862140,N,12158.4400900,W,18.4253,104.0370,101220,,,,
$GPGGA,225749.44,3718.9838020,N,12158.4278020,W,1,0,0.0,0.0000,M,0.0000,M,0.0000,0
$GPRMC,225749.44,A,3718.9838020,N,12158.4278020,W,18.9837,103.9833,101220,,,,
$GPGGA,225750.44,3718.9813480,N,12158.4150880,W,1,0,0.0,0.0000,M,0.0000,M,0.0000,0
$GPRMC,225750.44,A,3718.9813480,N,12158.4150880,W,19.6318,103.5618,101220,,,,
$GPGGA,225751.44,3718.9789840,N,12158.4019900,W,1,0,0.0,0.0000,M,0.0000,M,0.0000,0
$GPRMC,225751.44,A,3718.9789840,N,12158.4019900,W,20.0150,102.3025,101220,,,,
$GPGGA,225752.44,3718.9769020,N,12158.3886820,W,1,0,0.0,0.0000,M,0.0000,M,0.0000,0
$GPRMC,225752.44,A,3718.9769020,N,12158.3886820,W,20.0748,100.3854,101220,,,,
$GPGGA,225753.44,3718.9752820,N,12158.3751760,W,1,0,0.0,0.0000,M,0.0000,M,0.0000,0
$GPRMC,225753.44,A,3718.9752820,N,12158.3751760,W,20.3519,97.4497,101220,,,,
$GPGGA,225754.44,3718.9742200,N,12158.3613520,W,1,0,0.0,0.0000,M,0.0000,M,0.0000,0
$GPRMC,225754.44,A,3718.9742200,N,12158.3613520,W,20.7469,94.5647,101220,,,,
$GPGGA,225755.44,3718.9735240,N,12158.3472040,W,1,0,0.0,0.0000,M,0.0000,M,0.0000,0
$GPRMC,225755.44,A,3718.9735240,N,12158.3472040,W,21.1748,93.4767,101220,,,,
$GPGGA,225756.44,3718.9728460,N,12158.3327380,W,1,0,0.0,0.0000,M,0.0000,M,0.0000,0
$GPRMC,225756.44,A,3718.9728460,N,12158.3327380,W,21.6475,93.6689,101220,,,,
$GPGGA,225757.44,3718.9720660,N,12158.3179420,W,1,0,0.0,0.0000,M,0.0000,M,0.0000,0
$GPRMC,225757.44,A,3718.9720660,N,12158.3179420,W,22.1614,94.0876,101220,,,,
$GPGGA,225758.44,3718.9711960,N,12158.3028040,W,1,0,0.0,0.0000,M,0.0000,M,0.0000,0
$GPRMC,225758.44,A,3718.9711960,N,12158.3028040,W,22.7050,94.4201,101220,,,,
$GPGGA,225759.44,3718.9702300,N,12158.2872820,W,1,0,0.0,0.0000,M,0.0000,M,0.0000,0
$GPRMC,225759.44,A,3718.9702300,N,12158.2872820,W,23.3164,94.6796,101220,,,,
$GPGGA,225800.44,3718.9692520,N,12158.2713220,W,1,0,0.0,0.0000,M,0.0000,M,0.0000,0
$GPRMC,225800.44,A,3718.9692520,N,12158.2713220,W,23.9874,94.2967,101220,,,,
$GPGGA,225801.44,3718.9683760,N,12158.2548760,W,1,0,0.0,0.0000,M,0.0000,M,0.0000,0
$GPRMC,225801.44,A,3718.9683760,N,12158.2548760,W,24.7348,93.5919,101220,,,,
$GPGGA,225802.44,3718.9676980,N,12158.2378780,W,1,0,0.0,0.0000,M,0.0000,M,0.0000,0
$GPRMC,225802.44,A,3718.9676980,N,12158.2378780,W,25.5623,92.4792,101220,,,,
$GPGGA,225803.44,3718.9673380,N,12158.2202920,W,1,0,0.0,0.0000,M,0.0000,M,0.0000,0
$GPRMC,225803.44,A,3718.9673380,N,12158.2202920,W,26.4449,90.7697,101220,,,,
$GPGGA,225804.44,3718.9673920,N,12158.2021000,W,1,0,0.0,0.0000,M,0.0000,M,0.0000,0
$GPRMC,225804.44,A,3718.9673920,N,12158.2021000,W,27.3402,89.1636,101220,,,,
$GPGGA,225805.44,3718.9677940,N,12158.1833080,W,1,0,0.0,0.0000,M,0.0000,M,0.0000,0
$GPRMC,225805.44,A,3718.9677940,N,12158.1833080,W,28.1886,88.1443,101220,,,,
$GPGGA,225806.44,3718.9683460,N,12158.1640120,W,1,0,0.0,0.0000,M,0.0000,M,0.0000,0
$GPRMC,225806.44,A,3718.9683460,N,12158.1640120,W,28.8216,87.8899,101220,,,,
$GPGGA,225807.44,3718.9689220,N,12158.1443680,W,1,0,0.0,0.0000,M,0.0000,M,0.0000,0
$GPRMC,225807.44,A,3718.9689220,N,12158.1443680,W,29.2638,87.8764,101220,,,,
$GPGGA,225808.44,3718.9695220,N,12158.1244000,W,1,0,0.0,0.0000,M,0.0000,M,0.0000,0
$GPRMC,225808.44,A,3718.9695220,N,12158.1244000,W,29.7681,87.8245,101220,,,,
$GPGGA,225809.44,3718.9701520,N,12158.1040900,W,1,0,0.0,0.0000,M,0.0000,M,0.0000,0
$GPRMC,225809.44,A,3718.9701520,N,12158.1040900,W,30.3070,87.7258,101220,,,,
$GPGGA,225810.44,3718.9708360,N,12158.0834080,W,1,0,0.0,0.0000,M,0.0000,M,0.0000,0
$GPRMC,225810.44,A,3718.9708360,N,12158.0834080,W,30.8476,87.5984,101220,,,,
$GPGGA,225811.44,3718.9715440,N,12158.0623840,W,1,0,0.0,0.0000,M,0.0000,M,0.0000,0
$GPRMC,225811.44,A,3718.9715440,N,12158.0623840,W,31.3326,87.6427,101220,,,,
$GPGGA,225812.44,3718.9722280,N,12158.0410600,W,1,0,0.0,0.0000,M,0.0000,M,0.0000,0
$GPRMC,225812.44,A,3718.9722280,N,12158.0410600,W,31.6809,87.7637,101220,,,,
$GPGGA,225813.44,3718.9729000,N,12158.0195680,W,1,0,0.0,0.0000,M,0.0000,M,0.0000,0
$GPRMC,225813.44,A,3718.9729000,N,12158.0195680,W,31.8343,87.7816,101220,,,,
$GPGGA,225814.44,3718.9735840,N,12157.9980340,W,1,0,0.0,0.0000,M,0.0000,M,0.0000,0
$GPRMC,225814.44,A,3718.9735840,N,12157.9980340,W,31.8476,87.7555,101220,,,,
$GPGGA,225815.44,3718.9742560,N,12157.9765120,W,1,0,0.0,0.0000,M,0.0000,M,0.0000,0
$GPRMC,225815.44,A,3718.9742560,N,12157.9765120,W,31.7577,87.7597,101220,,,,
$GPGGA,225816.44,3718.9749220,N,12157.9550620,W,1,0,0.0,0.0000,M,0.0000,M,0.0000,0
$GPRMC,225816.44,A,3718.9749220,N,12157.9550620,W,31.6818,87.8315,101220,,,,
$GPGGA,225817.44,3718.9755640,N,12157.9336540,W,1,0,0.0,0.0000,M,0.0000,M,0.0000,0
$GPRMC,225817.44,A,3718.9755640,N,12157.9336540,W,31.6091,87.9115,101220,,,,
$GPGGA,225818.44,3718.9761820,N,12157.9123420,W,1,0,0.0,0.0000,M,0.0000,M,0.0000,0
$GPRMC,225818.44,A,3718.9761820,N,12157.9123420,W,31.3645,87.9618,101220,,,,
$GPGGA,225819.44,3718.9767820,N,12157.8912580,W,1,0,0.0,0.0000,M,0.0000,M,0.0000,0
$GPRMC,225819.44,A,3718.9767820,N,12157.8912580,W,30.9729,87.9869,101220,,,,
$GPGGA,225820.44,3718.9773640,N,12157.8704380,W,1,0,0.0,0.0000,M,0.0000,M,0.0000,0
$GPRMC,225820.44,A,3718.9773640,N,12157.8704380,W,30.5808,88.2576,101220,,,,
$GPGGA,225821.44,3718.9778080,N,12157.8498700,W,1,0,0.0,0.0000,M,0.0000,M,0.0000,0
$GPRMC,225821.44,A,3718.9778080,N,12157.8498700,W,30.2548,89.0099,101220,,,,
$GPGGA,225822.44,3718.9780000,N,12157.8294340,W,1,0,0.0,0.0000,M,0.0000,M,0.0000,0
$GPRMC,225822.44,A,3718.9780000,N,12157.8294340,W,30.1817,89.7927,101220,,,,
$GPGGA,225823.44,3718.9779760,N,12157.8089380,W,1,0,0.0,0.0000,M,0.0000,M,0.0000,0
$GPRMC,225823.44,A,3718.9779760,N,12157.8089380,W,30.3930,90.4779,101220,,,,
$GPGGA,225824.44,3718.9777840,N,12157.7882440,W,1,0,0.0,0.0000,M,0.0000,M,0.0000,0
$GPRMC,225824.44,A,3718.9777840,N,12157.7882440,W,30.7418,90.9061,101220,,,,
$GPGGA,225825.44,3718.9774960,N,12157.7673340,W,1,0,0.0,0.0000,M,0.0000,M,0.0000,0
$GPRMC,225825.44,A,3718.9774960,N,12157.7673340,W,31.0271,91.0951,101220,,,,
$GPGGA,225826.44,3718.9771600,N,12157.7463160,W,1,0,0.0,0.0000,M,0.0000,M,0.0000,0
$GPRMC,225826.44,A,3718.9771600,N,12157.7463160,W,31.0838,91.1675,101220,,,,
$GPGGA,225827.44,3718.9768540,N,12157.7252860,W,1,0,0.0,0.0000,M,0.0000,M,0.0000,0
$GPRMC,225827.44,A,3718.9768540,N,12157.7252860,W,31.0663,91.0135,101220,,,,
$GPGGA,225828.44,3718.9766020,N,12157.7042260,W,1,0,0.0,0.0000,M,0.0000,M,0.0000,0
$GPRMC,225828.44,A,3718.9766020,N,12157.7042260,W,31.1823,90.8646,101220,,,,
$GPGGA,225829.44,3718.9763740,N,12157.6830700,W,1,0,0.0,0.0000,M,0.0000,M,0.0000,0
$GPRMC,225829.44,A,3718.9763740,N,12157.6830700,W,31.3264,90.7968,101220,,,,
$GPGGA,225830.44,3718.9761340,N,12157.6618600,W,1,0,0.0,0.0000,M,0.0000,M,0.0000,0
$GPRMC,225830.44,A,3718.9761340,N,12157.6618600,W,31.3463,90.8375,101220,,,,
$GPGGA,225831.44,3718.9758820,N,12157.6406800,W,1,0,0.0,0.0000,M,0.0000,M,0.0000,0
$GPRMC,225831.44,A,3718.9758820,N,12157.6406800,W,31.2454,90.9050,101220,,,,
$GPGGA,225832.44,3718.9755940,N,12157.6195840,W,1,0,0.0,0.0000,M,0.0000,M,0.0000,0
$GPRMC,225832.44,A,3718.9755940,N,12157.6195840,W,31.0763,91.0695,101220,,,,
$GPGGA,225833.44,3718.9752820,N,12157.5986560,W,1,0,0.0,0.0000,M,0.0000,M,0.0000,0
$GPRMC,225833.44,A,3718.9752820,N,12157.5986560,W,30.7532,91.1321,101220,,,,
$GPGGA,225834.44,3718.9749940,N,12157.5779620,W,1,0,0.0,0.0000,M,0.0000,M,0.0000,0
$GPRMC,225834.44,A,3718.9749940,N,12157.5779620,W,30.4033,91.0505,101220,,,,
$GPGGA,225835.44,3718.9747180,N,12157.5574660,W,1,0,0.0,0.0000,M,0.0000,M,0.0000,0
$GPRMC,225835.44,A,3718.9747180,N,12157.5574660,W,30.2165,90.9788,101220,,,,
$GPGGA,225836.44,3718.9745020,N,12157.5370000,W,1,0,0.0,0.0000,M,0.0000,M,0.0000,0
$GPRMC,225836.44,A,3718.9745020,N,12157.5370000,W,30.2953,90.5963,101220,,,,
$GPGGA,225837.44,3718.9744660,N,12157.5164320,W,1,0,0.0,0.0000,M,0.0000,M,0.0000,0
$GPRMC,225837.44,A,3718.9744660,N,12157.5164320,W,30.5065,89.7848,101220,,,,
$GPGGA,225838.44,3718.9746640,N,12157.4957020,W,1,0,0.0,0.0000,M,0.0000,M,0.0000,0
$GPRMC,225838.44,A,3718.9746640,N,12157.4957020,W,30.7501,89.0299,101220,,,,
$GPGGA,225839.44,3718.9750420,N,12157.4748760,W,1,0,0.0,0.0000,M,0.0000,M,0.0000,0
$GPRMC,225839.44,A,3718.9750420,N,12157.4748760,W,30.7642,88.4988,101220,,,,
$GPGGA,225840.44,3718.9755760,N,12157.4541640,W,1,0,0.0,0.0000,M,0.0000,M,0.0000,0
$GPRMC,225840.44,A,3718.9755760,N,12157.4541640,W,30.4433,87.8634,101220,,,,
$GPGGA,225841.44,3718.9763140,N,12157.4337100,W,1,0,0.0,0.0000,M,0.0000,M,0.0000,0
$GPRMC,225841.44,A,3718.9763140,N,12157.4337100,W,30.0644,87.0529,101220,,,,
$GPGGA,225842.44,3718.9772620,N,12157.4135200,W,1,0,0.0,0.0000,M,0.0000,M,0.0000,0
$GPRMC,225842.44,A,3718.9772620,N,12157.4135200,W,29.6957,86.3968,101220,,,,
$GPGGA,225843.44,3718.9783600,N,12157.3935940,W,1,0,0.0,0.0000,M,0.0000,M,0.0000,0
$GPRMC,225843.44,A,3718.9783600,N,12157.3935940,W,29.3307,85.7531,101220,,,,
$GPGGA,225844.44,3718.9796380,N,12157.3739200,W,1,0,0.0,0.0000,M,0.0000,M,0.0000,0
$GPRMC,225844.44,A,3718.9796380,N,12157.3739200,W,28.9981,85.0906,101220,,,,
$GPGGA,225845.44,3718.9810420,N,12157.3544740,W,1,0,0.0,0.0000,M,0.0000,M,0.0000,0
$GPRMC,225845.44,A,3718.9810420,N,12157.3544740,W,28.7001,84.8074,101220,,,,
$GPGGA,225846.44,3718.9824460,N,12157.3352320,W,1,0,0.0,0.0000,M,0.0000,M,0.0000,0
$GPRMC,225846.44,A,3718.9824460,N,12157.3352320,W,28.3951,84.8286,101220,,,,
$GPGGA,225847.44,3718.9837840,N,12157.3161940,W,1,0,0.0,0.0000,M,0.0000,M,0.0000,0
$GPRMC,225847.44,A,3718.9837840,N,12157.3161940,W,28.0612,85.2175,101220,,,,
$GPGGA,225848.44,3718.9849060,N,12157.2973720,W,1,0,0.0,0.0000,M,0.0000,M,0.0000,0
$GPRMC,225848.44,A,3718.9849060,N,12157.2973720,W,27.6920,86.3097,101220,,,,
$GPGGA,225849.44,3718.9856800,N,12157.2787780,W,1,0,0.0,0.0000,M,0.0000,M,0.0000,0
$GPRMC,225849.44,A,3718.9856800,N,12157.2787780,W,27.3239,87.7469,101220,,,,
$GPGGA,225850.44,3718.9861180,N,12157.2604060,W,1,0,0.0,0.0000,M,0.0000,M,0.0000,0
$GPRMC,225850.44,A,3718.9861180,N,12157.2604060,W,26.9778,88.6718,101220,,,,
$GPGGA,225851.44,3718.9864120,N,12157.2422560,W,1,0,0.0,0.0000,M,0.0000,M,0.0000,0
$GPRMC,225851.44,A,3718.9864120,N,12157.2422560,W,26.6579,88.7393,101220,,,,
$GPGGA,225852.44,3718.9867420,N,12157.2244000,W,1,0,0.0,0.0000,M,0.0000,M,0.0000,0
$GPRMC,225852.44,A,3718.9867420,N,12157.2244000,W,25.9866,88.5066,101220,,,,
$GPGGA,225853.44,3718.9871200,N,12157.2072940,W,1,0,0.0,0.0000,M,0.0000,M,0.0000,0
$GPRMC,225853.44,A,3718.9871200,N,12157.2072940,W,24.4022,88.3947,101220,,,,
$GPGGA,225854.44,3718.9874440,N,12157.1915260,W,1,0,0.0,0.0000,M,0.0000,M,0.0000,0
$GPRMC,225854.44,A,3718.9874440,N,12157.1915260,W,22.1741,88.5862,101220,,,,
$GPGGA,225855.44,3718.9877140,N,12157.1772580,W,1,0,0.0,0.0000,M,0.0000,M,0.0000,0
$GPRMC,225855.44,A,3718.9877140,N,12157.1772580,W,20.0314,88.6605,101220,,,,
$GPGGA,225856.44,3718.9879360,N,12157.1642620,W,1,0,0.0,0.0000,M,0.0000,M,0.0000,0
$GPRMC,225856.44,A,3718.9879360,N,12157.1642620,W,18.4902,88.6500,101220,,,,
$GPGGA,225857.44,3718.9881460,N,12157.1520640,W,1,0,0.0,0.0000,M,0.0000,M,0.0000,0
$GPRMC,225857.44,A,3718.9881460,N,12157.1520640,W,17.7336,88.7811,101220,,,,
$GPGGA,225858.44,3718.9883320,N,12157.1401900,W,1,0,0.0,0.0000,M,0.0000,M,0.0000,0
$GPRMC,225858.44,A,3718.9883320,N,12157.1401900,W,17.3751,88.7924,101220,,,,
$GPGGA,225859.44,3718.9885480,N,12157.1285740,W,1,0,0.0,0.0000,M,0.0000,M,0.0000,0
$GPRMC,225859.44,A,3718.9885480,N,12157.1285740,W,16.8853,88.3836,101220,,,,
$GPGGA,225900.44,3718.9887940,N,12157.1175220,W,1,0,0.0,0.0000,M,0.0000,M,0.0000,0
$GPRMC,225900.44,A,3718.9887940,N,12157.1175220,W,15.6157,88.3282,101220,,,,
$GPGGA,225901.44,3718.9889260,N,12157.1076520,W,1,0,0.0,0.0000,M,0.0000,M,0.0000,0
$GPRMC,225901.44,A,3718.9889260,N,12157.1076520,W,13.4207,89.8343,101220,,,,
$GPGGA,225902.44,3718.9884760,N,12157.0994200,W,1,0,0.0,0.0000,M,0.0000,M,0.0000,0
$GPRMC,225902.44,A,3718.9884760,N,12157.0994200,W,11.0401,97.9824,101220,,,,
$GPGGA,225903.44,3718.9867300,N,12157.0930360,W,1,0,0.0,0.0000,M,0.0000,M,0.0000,0
$GPRMC,225903.44,A,3718.9867300,N,12157.0930360,W,9.3559,116.4225,101220,,,,
$GPGGA,225904.44,3718.9834480,N,12157.0887220,W,1,0,0.0,0.0000,M,0.0000,M,0.0000,0
$GPRMC,225904.44,A,3718.9834480,N,12157.0887220,W,8.7874,140.9200,101220,,,,
$GPGGA,225905.44,3718.9791940,N,12157.0864300,W,1,0,0.0,0.0000,M,0.0000,M,0.0000,0
$GPRMC,225905.44,A,3718.9791940,N,12157.0864300,W,8.5647,160.8619,101220,,,,
$GPGGA,225906.44,3718.9748740,N,12157.0847620,W,1,0,0.0,0.0000,M,0.0000,M,0.0000,0
$GPRMC,225906.44,A,3718.9748740,N,12157.0847620,W,8.1603,160.9310,101220,,,,
$GPGGA,225907.44,3718.9714000,N,12157.0819960,W,1,0,0.0,0.0000,M,0.0000,M,0.0000,0
$GPRMC,225907.44,A,3718.9714000,N,12157.0819960,W,7.5435,142.1117,101220,,,,
$GPGGA,225908.44,3718.9692040,N,12157.0780360,W,1,0,0.0,0.0000,M,0.0000,M,0.0000,0
$GPRMC,225908.44,A,3718.9692040,N,12157.0780360,W,7.1357,120.3455,101220,,,,
$GPGGA,225909.44,3718.9682380,N,12157.0735000,W,1,0,0.0,0.0000,M,0.0000,M,0.0000,0
$GPRMC,225909.44,A,3718.9682380,N,12157.0735000,W,7.1353,102.1877,101220,,,,
$GPGGA,225910.44,3718.9680640,N,12157.0685440,W,1,0,0.0,0.0000,M,0.0000,M,0.0000,0
$GPRMC,225910.44,A,3718.9680640,N,12157.0685440,W,7.7386,91.7018,101220,,,,
$GPGGA,225911.44,3718.9680160,N,12157.0630660,W,1,0,0.0,0.0000,M,0.0000,M,0.0000,0
$GPRMC,225911.44,A,3718.9680160,N,12157.0630660,W,8.3918,91.0401,101220,,,,
$GPGGA,225912.44,3718.9679320,N,12157.0573300,W,1,0,0.0,0.0000,M,0.0000,M,0.0000,0
$GPRMC,225912.44,A,3718.9679320,N,12157.0573300,W,8.4608,91.4597,101220,,,,
$GPGGA,225913.44,3718.9678180,N,12157.0516720,W,1,0,0.0,0.0000,M,0.0000,M,0.0000,0
$GPRMC,225913.44,A,3718.9678180,N,12157.0516720,W,8.2054,91.8445,101220,,,,
$GPGGA,225914.44,3718.9676560,N,12157.0463380,W,1,0,0.0,0.0000,M,0.0000,M,0.0000,0
$GPRMC,225914.44,A,3718.9676560,N,12157.0463380,W,7.4372,92.5623,101220,,,,
$GPGGA,225915.44,3718.9675180,N,12157.0417720,W,1,0,0.0,0.0000,M,0.0000,M,0.0000,0
$GPRMC,225915.44,A,3718.9675180,N,12157.0417720,W,5.9830,92.2880,101220,,,,
$GPGGA,225916.44,3718.9674340,N,12157.0382920,W,1,0,0.0,0.0000,M,0.0000,M,0.0000,0
$GPRMC,225916.44,A,3718.9674340,N,12157.0382920,W,4.3509,91.9394,101220,,,,
$GPGGA,225917.44,3718.9673620,N,12157.0358680,W,1,0,0.0,0.0000,M,0.0000,M,0.0000,0
$GPRMC,225917.44,A,3718.9673620,N,12157.0358680,W,2.8542,92.4942,101220,,,,
$GPGGA,225918.44,3718.9673080,N,12157.0344160,W,1,0,0.0,0.0000,M,0.0000,M,0.0000,0
$GPRMC,225918.44,A,3718.9673080,N,12157.0344160,W,1.4814,92.6884,101220,,,,
$GPGGA,225919.44,3718.9672960,N,12157.0338280,W,1,0,0.0,0.0000,M,0.0000,M,0.0000,0
$GPRMC,225919.44,A,3718.9672960,N,12157.0338280,W,0.4229,92.7274,101220,,,,
$GPGGA,225920.44,3718.9672900,N,12157.0337260,W,1,0,0.0,0.0000,M,0.0000,M,0.0000,0
$GPRMC,225920.44,A,3718.9672900,N,12157.0337260,W,0.0116,92.7249,101220,,,,
$GPGGA,225921.44,3718.9672900,N,12157.0337200,W,1,0,0.0,0.0000,M,0.0000,M,0.0000,0
$GPRMC,225921.44,A,3718.9672900,N,12157.0337200,W,0.0046,92.7241,101220,,,,
$GPGGA,225922.44,3718.9672960,N,12157.0337200,W,1,0,0.0,0.0000,M,0.0000,M,0.0000,0
$GPRMC,225922.44,A,3718.9672960,N,12157.0337200,W,0.0038,92.7236,101220,,,,
$GPGGA,225923.44,3718.9672960,N,12157.0337200,W,1,0,0.0,0.0000,M,0.0000,M,0.0000,0
$GPRMC,225923.44,A,3718.9672960,N,12157.0337200,W,0.0030,92.7233,101220,,,,
$GPGGA,225924.44,3718.9672960,N,12157.0337200,W,1,0,0.0,0.0000,M,0.0000,M,0.0000,0
$GPRMC,225924.44,A,3718.9672960,N,12157.0337200,W,0.0017,92.7226,101220,,,,
$GPGGA,225925.44,3718.9672960,N,12157.0337200,W,1,0,0.0,0.0000,M,0.0000,M,0.0000,0
$GPRMC,225925.44,A,3718.9672960,N,12157.0337200,W,0.0010,92.7219,101220,,,,
$GPGGA,225926.44,3718.9672960,N,12157.0337200,W,1,0,0.0,0.0000,M,0.0000,M,0.0000,0
$GPRMC,225926.44,A,3718.9672960,N,12157.0337200,W,0.0010,92.7212,101220,,,,
$GPGGA,225927.44,3718.9672960,N,12157.0337200,W,1,0,0.0,0.0000,M,0.0000,M,0.0000,0
$GPRMC,225927.44,A,3718.9672960,N,12157.0337200,W,0.0006,92.7203,101220,,,,
$GPGGA,225928.44,3718.9672960,N,12157.0337200,W,1,0,0.0,0.0000,M,0.0000,M,0.0000,0
$GPRMC,225928.44,A,3718.9672960,N,12157.0337200,W,0.0000,92.7194,101220,,,,
$GPGGA,225929.44,3718.9672960,N,12157.0337200,W,1,0,0.0,0.0000,M,0.0000,M,0.0000,0
$GPRMC,225929.44,A,3718.9672960,N,12157.0337200,W,0.0000,92.7185,101220,,,,
$GPGGA,225930.44,3718.9672960,N,12157.0337200,W,1,0,0.0,0.0000,M,0.0000,M,0.0000,0
$GPRMC,225930.44,A,3718.9672960,N,12157.0337200,W,0.0000,92.7178,101220,,,,
$GPGGA,225931.44,3718.9672960,N,12157.0337200,W,1,0,0.0,0.0000,M,0.0000,M,0.0000,0
$GPRMC,225931.44,A,3718.9672960,N,12157.0337200,W,0.0006,92.7170,101220,,,,
$GPGGA,225932.44,3718.9672960,N,12157.0337200,W,1,0,0.0,0.0000,M,0.0000,M,0.0000,0
$GPRMC,225932.44,A,3718.9672960,N,12157.0337200,W,0.0012,92.7162,101220,,,,
$GPGGA,225933.44,3718.9672960,N,12157.0337200,W,1,0,0.0,0.0000,M,0.0000,M,0.0000,0
$GPRMC,225933.44,A,3718.9672960,N,12157.0337200,W,0.0012,92.7154,101220,,,,
$GPGGA,225934.44,3718.9672960,N,12157.0337200,W,1,0,0.0,0.0000,M,0.0000,M,0.0000,0
$GPRMC,225934.44,A,3718.9672960,N,12157.0337200,W,0.0012,92.7145,101220,,,,
$GPGGA,225935.44,3718.9672960,N,12157.0337200,W,1,0,0.0,0.0000,M,0.0000,M,0.0000,0
$GPRMC,225935.44,A,3718.9672960,N,12157.0337200,W,0.0006,92.7140,101220,,,,
$GPGGA,225936.44,3718.9672960,N,12157.0337200,W,1,0,0.0,0.0000,M,0.0000,M,0.0000,0
$GPRMC,225936.44,A,3718.9672960,N,12157.0337200,W,0.0004,92.7134,101220,,,,
$GPGGA,225937.44,3718.9672960,N,12157.0337200,W,1,0,0.0,0.0000,M,0.0000,M,0.0000,0
$GPRMC,225937.44,A,3718.9672960,N,12157.0337200,W,0.0006,92.7126,101220,,,,
$GPGGA,225938.44,3718.9672960,N,12157.0337200,W,1,0,0.0,0.0000,M,0.0000,M,0.0000,0
$GPRMC,225938.44,A,3718.9672960,N,12157.0337200,W,0.0006,92.7117,101220,,,,
$GPGGA,225939.44,3718.9672960,N,12157.0337200,W,1,0,0.0,0.0000,M,0.0000,M,0.0000,0
$GPRMC,225939.44,A,3718.9672960,N,12157.0337200,W,0.0012,92.7108,101220,,,,
$GPGGA,225940.44,3718.9672960,N,12157.0337200,W,1,0,0.0,0.0000,M,0.0000,M,0.0000,0
$GPRMC,225940.44,A,3718.9672960,N,12157.0337200,W,0.0006,92.7101,101220,,,,
$GPGGA,225941.44,3718.9672960,N,12157.0337200,W,1,0,0.0,0.0000,M,0.0000,M,0.0000,0
$GPRMC,225941.44,A,3718.9672960,N,12157.0337200,W,0.0004,92.7093,101220,,,,
$GPGGA,225942.44,3718.9672960,N,12157.0337200,W,1,0,0.0,0.0000,M,0.0000,M,0.0000,0
$GPRMC,225942.44,A,3718.9672960,N,12157.0337200,W,0.0012,92.7084,101220,,,,
$GPGGA,225943.44,3718.9672960,N,12157.0337200,W,1,0,0.0,0.0000,M,0.0000,M,0.0000,0
$GPRMC,225943.44,A,3718.9672960,N,12157.0337200,W,0.0012,92.7073,101220,,,,
$GPGGA,225944.44,3718.9672960,N,12157.0337200,W,1,0,0.0,0.0000,M,0.0000,M,0.0000,0
$GPRMC,225944.44,A,3718.9672960,N,12157.0337200,W,0.0006,92.7062,101220,,,,
$GPGGA,225945.44,3718.9672960,N,12157.0337200,W,1,0,0.0,0.0000,M,0.0000,M,0.0000,0
$GPRMC,225945.44,A,3718.9672960,N,12157.0337200,W,0.0004,92.7056,101220,,,,
$GPGGA,225946.44,3718.9672960,N,12157.0337200,W,1,0,0.0,0.0000,M,0.0000,M,0.0000,0
$GPRMC,225946.44,A,3718.9672960,N,12157.0337200,W,0.0012,92.7050,101220,,,,
$GPGGA,225947.44,3718.9672960,N,12157.0337200,W,1,0,0.0,0.0000,M,0.0000,M,0.0000,0
$GPRMC,225947.44,A,3718.9672960,N,12157.0337200,W,0.0012,92.7044,101220,,,,
$GPGGA,225948.44,3718.9672960,N,12157.0337200,W,1,0,0.0,0.0000,M,0.0000,M,0.0000,0
$GPRMC,225948.44,A,3718.9672960,N,12157.0337200,W,0.0012,92.7037,101220,,,,
$GPGGA,225949.44,3718.9672960,N,12157.0337200,W,1,0,0.0,0.0000,M,0.0000,M,0.0000,0
$GPRMC,225949.44,A,3718.9672960,N,12157.0337200,W,0.0014,92.7028,101220,,,,
$GPGGA,225950.44,3718.9672960,N,12157.0337200,W,1,0,0.0,0.0000,M,0.0000,M,0.0000,0
$GPRMC,225950.44,A,3718.9672960,N,12157.0337200,W,0.0008,92.7020,101220,,,,
$GPGGA,225951.44,3718.9672960,N,12157.0337200,W,1,0,0.0,0.0000,M,0.0000,M,0.0000,0
$GPRMC,225951.44,A,3718.9672960,N,12157.0337200,W,0.0004,92.7012,101220,,,,
$GPGGA,225952.44,3718.9672960,N,12157.0337200,W,1,0,0.0,0.0000,M,0.0000,M,0.0000,0
$GPRMC,225952.44,A,3718.9672960,N,12157.0337200,W,0.0012,92.7004,101220,,,,
$GPGGA,225953.44,3718.9672960,N,12157.0337200,W,1,0,0.0,0.0000,M,0.0000,M,0.0000,0
$GPRMC,225953.44,A,3718.9672960,N,12157.0337200,W,0.0012,92.6998,101220,,,,
$GPGGA,225954.44,3718.9672960,N,12157.0337200,W,1,0,0.0,0.0000,M,0.0000,M,0.0000,0
$GPRMC,225954.44,A,3718.9672960,N,12157.0337200,W,0.0010,92.6991,101220,,,,
$GPGGA,225955.44,3718.9672960,N,12157.0337200,W,1,0,0.0,0.0000,M,0.0000,M,0.0000,0
$GPRMC,225955.44,A,3718.9672960,N,12157.0337200,W,0.0010,92.6982,101220,,,,
$GPGGA,225956.44,3718.9672960,N,12157.0337200,W,1,0,0.0,0.0000,M,0.0000,M,0.0000,0
$GPRMC,225956.44,A,3718.9672960,N,12157.0337200,W,0.0006,92.6971,101220,,,,
$GPGGA,225957.44,3718.9672960,N,12157.0337200,W,1,0,0.0,0.0000,M,0.0000,M,0.0000,0
$GPRMC,225957.44,A,3718.9672960,N,12157.0337200,W,0.0004,92.6964,101220,,,,
$GPGGA,225958.44,3718.9672960,N,12157.0337200,W,1,0,0.0,0.0000,M,0.0000,M,0.0000,0
$GPRMC,225958.44,A,3718.9672960,N,12157.0337200,W,0.0010,92.6958,101220,,,,
$GPGGA,225959.44,3718.9672960,N,12157.0337200,W,1,0,0.0,0.0000,M,0.0000,M,0.0000,0
$GPRMC,225959.44,A,3718.9672960,N,12157.0337200,W,0.0012,92.6951,101220,,,,
$GPGGA,230000.44,3718.9672960,N,12157.0337200,W,1,0,0.0,0.0000,M,0.0000,M,0.0000,0
$GPRMC,230000.44,A,3718.9672960,N,12157.0337200,W,0.0014,92.6939,101220,,,,
$GPGGA,230001.44,3718.9672960,N,12157.0337200,W,1,0,0.0,0.0000,M,0.0000,M,0.0000,0
$GPRMC,230001.44,A,3718.9672960,N,12157.0337200,W,0.0012,92.6929,101220,,,,
$GPGGA,230002.44,3718.9672960,N,12157.0337200,W,1,0,0.0,0.0000,M,0.0000,M,0.0000,0
$GPRMC,230002.44,A,3718.9672960,N,12157.0337200,W,0.0010,92.6921,101220,,,,
$GPGGA,230003.44,3718.9672960,N,12157.0337200,W,1,0,0.0,0.0000,M,0.0000,M,0.0000,0
$GPRMC,230003.44,A,3718.9672960,N,12157.0337200,W,0.0006,92.6913,101220,,,,
$GPGGA,230004.44,3718.9672960,N,12157.0337200,W,1,0,0.0,0.0000,M,0.0000,M,0.0000,0
$GPRMC,230004.44,A,3718.9672960,N,12157.0337200,W,0.0004,92.6907,101220,,,,
$GPGGA,230005.44,3718.9672960,N,12157.0337200,W,1,0,0.0,0.0000,M,0.0000,M,0.0000,0
$GPRMC,230005.44,A,3718.9672960,N,12157.0337200,W,0.0012,92.6899,101220,,,,
$GPGGA,230006.44,3718.9672960,N,12157.0337200,W,1,0,0.0,0.0000,M,0.0000,M,0.0000,0
$GPRMC,230006.44,A,3718.9672960,N,12157.0337200,W,0.0014,92.6891,101220,,,,
$GPGGA,230007.44,3718.9672960,N,12157.0337200,W,1,0,0.0,0.0000,M,0.0000,M,0.0000,0
$GPRMC,230007.44,A,3718.9672960,N,12157.0337200,W,0.0014,92.6882,101220,,,,
$GPGGA,230008.44,3718.9672960,N,12157.0337200,W,1,0,0.0,0.0000,M,0.0000,M,0.0000,0
$GPRMC,230008.44,A,3718.9672960,N,12157.0337200,W,0.0012,92.6874,101220,,,,
$GPGGA,230009.44,3718.9672960,N,12157.0337200,W,1,0,0.0,0.0000,M,0.0000,M,0.0000,0
$GPRMC,230009.44,A,3718.9672960,N,12157.0337200,W,0.0010,92.6868,101220,,,,
$GPGGA,230010.44,3718.9672960,N,12157.0337200,W,1,0,0.0,0.0000,M,0.0000,M,0.0000,0
$GPRMC,230010.44,A,3718.9672960,N,12157.0337200,W,0.0010,92.6862,101220,,,,
$GPGGA,230011.44,3718.9672960,N,12157.0337200,W,1,0,0.0,0.0000,M,0.0000,M,0.0000,0
$GPRMC,230011.44,A,3718.9672960,N,12157.0337200,W,0.0010,92.6856,101220,,,,
$GPGGA,230012.44,3718.9672960,N,12157.0337200,W,1,0,0.0,0.0000,M,0.0000,M,0.0000,0
$GPRMC,230012.44,A,3718.9672960,N,12157.0337200,W,0.0012,92.6848,101220,,,,
$GPGGA,230013.44,3718.9672960,N,12157.0337200,W,1,0,0.0,0.0000,M,0.0000,M,0.0000,0
$GPRMC,230013.44,A,3718.9672960,N,12157.0337200,W,0.0018,92.6839,101220,,,,
$GPGGA,230014.44,3718.9672960,N,12157.0337200,W,1,0,0.0,0.0000,M,0.0000,M,0.0000,0
$GPRMC,230014.44,A,3718.9672960,N,12157.0337200,W,0.0022,92.6831,101220,,,,
$GPGGA,230015.44,3718.9672960,N,12157.0337200,W,1,0,0.0,0.0000,M,0.0000,M,0.0000,0
$GPRMC,230015.44,A,3718.9672960,N,12157.0337200,W,0.0025,92.6822,101220,,,,
$GPGGA,230016.44,3718.9672960,N,12157.0337200,W,1,0,0.0,0.0000,M,0.0000,M,0.0000,0
$GPRMC,230016.44,A,3718.9672960,N,12157.0337200,W,0.0028,92.6814,101220,,,,
$GPGGA,230017.44,3718.9672960,N,12157.0337200,W,1,0,0.0,0.0000,M,0.0000,M,0.0000,0
$GPRMC,230017.44,A,3718.9672960,N,12157.0337200,W,0.0032,92.6806,101220,,,,
$GPGGA,230018.44,3718.9672960,N,12157.0337200,W,1,0,0.0,0.0000,M,0.0000,M,0.0000,0
$GPRMC,230018.44,A,3718.9672960,N,12157.0337200,W,0.0040,92.6801,101220,,,,
$GPGGA,230019.44,3718.9672960,N,12157.0337200,W,1,0,0.0,0.0000,M,0.0000,M,0.0000,0
$GPRMC,230019.44,A,3718.9672960,N,12157.0337200,W,0.0045,92.6794,101220,,,,
$GPGGA,230020.44,3718.9672960,N,12157.0337200,W,1,0,0.0,0.0000,M,0.0000,M,0.0000,0
$GPRMC,230020.44,A,3718.9672960,N,12157.0337200,W,0.0045,92.6785,101220,,,,
$GPGGA,230021.44,3718.9672960,N,12157.0337200,W,1,0,0.0,0.0000,M,0.0000,M,0.0000,0
$GPRMC,230021.44,A,3718.9672960,N,12157.0337200,W,0.0045,92.6777,101220,,,,
$GPGGA,230022.44,3718.9672960,N,12157.0337200,W,1,0,0.0,0.0000,M,0.0000,M,0.0000,0
$GPRMC,230022.44,A,3718.9672960,N,12157.0337200,W,0.0043,92.6771,101220,,,,
$GPGGA,230023.44,3718.9672960,N,12157.0337200,W,1,0,0.0,0.0000,M,0.0000,M,0.0000,0
$GPRMC,230023.44,A,3718.9672960,N,12157.0337200,W,0.0037,92.6764,101220,,,,
$GPGGA,230024.44,3718.9672960,N,12157.0337200,W,1,0,0.0,0.0000,M,0.0000,M,0.0000,0
$GPRMC,230024.44,A,3718.9672960,N,12157.0337200,W,0.0022,92.6755,101220,,,,
$GPGGA,230025.44,3718.9672960,N,12157.0337140,W,1,0,0.0,0.0000,M,0.0000,M,0.0000,0
$GPRMC,230025.44,A,3718.9672960,N,12157.0337140,W,0.0014,92.6747,101220,,,,
$GPGGA,230026.44,3718.9672900,N,12157.0337140,W,1,0,0.0,0.0000,M,0.0000,M,0.0000,0
$GPRMC,230026.44,A,3718.9672900,N,12157.0337140,W,0.0030,92.6738,101220,,,,
$GPGGA,230027.44,3718.9672900,N,12157.0337140,W,1,0,0.0,0.0000,M,0.0000,M,0.0000,0
$GPRMC,230027.44,A,3718.9672900,N,12157.0337140,W,0.0068,92.6732,101220,,,,
$GPGGA,230028.44,3718.9672960,N,12157.0336720,W,1,0,0.0,0.0000,M,0.0000,M,0.0000,0
$GPRMC,230028.44,A,3718.9672960,N,12157.0336720,W,0.2036,92.6696,101220,,,,
$GPGGA,230029.44,3718.9672900,N,12157.0333840,W,1,0,0.0,0.0000,M,0.0000,M,0.0000,0
$GPRMC,230029.44,A,3718.9672900,N,12157.0333840,W,0.7482,92.6528,101220,,,,
$GPGGA,230030.44,3718.9672660,N,12157.0326700,W,1,0,0.0,0.0000,M,0.0000,M,0.0000,0
$GPRMC,230030.44,A,3718.9672660,N,12157.0326700,W,1.3277,92.6187,101220,,,,
$GPGGA,230031.44,3718.9672360,N,12157.0316020,W,1,0,0.0,0.0000,M,0.0000,M,0.0000,0
$GPRMC,230031.44,A,3718.9672360,N,12157.0316020,W,1.8849,92.6148,101220,,,,
$GPGGA,230032.44,3718.9671700,N,12157.0300180,W,1,0,0.0,0.0000,M,0.0000,M,0.0000,0
$GPRMC,230032.44,A,3718.9671700,N,12157.0300180,W,2.9636,93.0254,101220,,,,
$GPGGA,230033.44,3718.9670620,N,12157.0274680,W,1,0,0.0,0.0000,M,0.0000,M,0.0000,0
$GPRMC,230033.44,A,3718.9670620,N,12157.0274680,W,4.7071,93.2990,101220,,,,
$GPGGA,230034.44,3718.9670140,N,12157.0236040,W,1,0,0.0,0.0000,M,0.0000,M,0.0000,0
$GPRMC,230034.44,A,3718.9670140,N,12157.0236040,W,6.6085,90.8273,101220,,,,
$GPGGA,230035.44,3718.9673560,N,12157.0187200,W,1,0,0.0,0.0000,M,0.0000,M,0.0000,0
$GPRMC,230035.44,A,3718.9673560,N,12157.0187200,W,7.6874,83.6455,101220,,,,
$GPGGA,230036.44,3718.9684960,N,12157.0138900,W,1,0,0.0,0.0000,M,0.0000,M,0.0000,0
$GPRMC,230036.44,A,3718.9684960,N,12157.0138900,W,7.2896,70.5560,101220,,,,
$GPGGA,230037.44,3718.9705120,N,12157.0100980,W,1,0,0.0,0.0000,M,0.0000,M,0.0000,0
$GPRMC,230037.44,A,3718.9705120,N,12157.0100980,W,6.4216,53.1640,101220,,,,
$GPGGA,230038.44,3718.9731400,N,12157.0077520,W,1,0,0.0,0.0000,M,0.0000,M,0.0000,0
$GPRMC,230038.44,A,3718.9731400,N,12157.0077520,W,5.8768,32.5138,101220,,,,
$GPGGA,230039.44,3718.9761400,N,12157.0069180,W,1,0,0.0,0.0000,M,0.0000,M,0.0000,0
$GPRMC,230039.44,A,3718.9761400,N,12157.0069180,W,5.9612,11.2503,101220,,,,
$GPGGA,230040.44,3718.9795480,N,12157.0069420,W,1,0,0.0,0.0000,M,0.0000,M,0.0000,0
$GPRMC,230040.44,A,3718.9795480,N,12157.0069420,W,6.8856,0.7181,101220,,,,
$GPGGA,230041.44,3718.9835740,N,12157.0070140,W,1,0,0.0,0.0000,M,0.0000,M,0.0000,0
$GPRMC,230041.44,A,3718.9835740,N,12157.0070140,W,7.9850,359.7705,101220,,,,
$GPGGA,230042.44,3718.9880620,N,12157.0070740,W,1,0,0.0,0.0000,M,0.0000,M,0.0000,0
$GPRMC,230042.44,A,3718.9880620,N,12157.0070740,W,8.5250,359.8585,101220,,,,
$GPGGA,230043.44,3718.9926580,N,12157.0071340,W,1,0,0.0,0.0000,M,0.0000,M,0.0000,0
$GPRMC,230043.44,A,3718.9926580,N,12157.0071340,W,8.4357,359.6700,101220,,,,
$GPGGA,230044.44,3718.9971280,N,12157.0072120,W,1,0,0.0,0.0000,M,0.0000,M,0.0000,0
$GPRMC,230044.44,A,3718.9971280,N,12157.0072120,W,8.0156,359.5117,101220,,,,
$GPGGA,230045.44,3719.0012140,N,12157.0072660,W,1,0,0.0,0.0000,M,0.0000,M,0.0000,0
$GPRMC,230045.44,A,3719.0012140,N,12157.0072660,W,7.0039,359.6854,101220,,,,
$GPGGA,230046.44,3719.0046220,N,12157.0072960,W,1,0,0.0,0.0000,M,0.0000,M,0.0000,0
$GPRMC,230046.44,A,3719.0046220,N,12157.0072960,W,5.5334,359.8513,101220,,,,
$GPGGA,230047.44,3719.0071900,N,12157.0073140,W,1,0,0.0,0.0000,M,0.0000,M,0.0000,0
$GPRMC,230047.44,A,3719.0071900,N,12157.0073140,W,3.9973,359.8427,101220,,,,
$GPGGA,230048.44,3719.0090020,N,12157.0073320,W,1,0,0.0,0.0000,M,0.0000,M,0.0000,0
$GPRMC,230048.44,A,3719.0090020,N,12157.0073320,W,2.7756,359.7956,101220,,,,
$GPGGA,230049.44,3719.0102140,N,12157.0073380,W,1,0,0.0,0.0000,M,0.0000,M,0.0000,0
$GPRMC,230049.44,A,3719.0102140,N,12157.0073380,W,1.6859,359.8490,101220,,,,
$GPGGA,230050.44,3719.0107960,N,12157.0073440,W,1,0,0.0,0.0000,M,0.0000,M,0.0000,0
$GPRMC,230050.44,A,3719.0107960,N,12157.0073440,W,0.5488,359.8742,101220,,,,
$GPGGA,230051.44,3719.0108980,N,12157.0073440,W,1,0,0.0,0.0000,M,0.0000,M,0.0000,0
$GPRMC,230051.44,A,3719.0108980,N,12157.0073440,W,0.0117,359.8772,101220,,,,
$GPGGA,230052.44,3719.0109040,N,12157.0073440,W,1,0,0.0,0.0000,M,0.0000,M,0.0000,0
$GPRMC,230052.44,A,3719.0109040,N,12157.0073440,W,0.0022,359.8768,101220,,,,
$GPGGA,230053.44,3719.0109040,N,12157.0073440,W,1,0,0.0,0.0000,M,0.0000,M,0.0000,0
$GPRMC,230053.44,A,3719.0109040,N,12157.0073440,W,0.0025,359.8751,101220,,,,
$GPGGA,230054.44,3719.0109040,N,12157.0073380,W,1,0,0.0,0.0000,M,0.0000,M,0.0000,0
$GPRMC,230054.44,A,3719.0109040,N,12157.0073380,W,0.0030,359.8744,101220,,,,
$GPGGA,230055.44,3719.0109040,N,12157.0073380,W,1,0,0.0,0.0000,M,0.0000,M,0.0000,0
$GPRMC,230055.44,A,3719.0109040,N,12157.0073380,W,0.0032,359.8739,101220,,,,
$GPGGA,230056.44,3719.0109040,N,12157.0073380,W,1,0,0.0,0.0000,M,0.0000,M,0.0000,0
$GPRMC,230056.44,A,3719.0109040,N,12157.0073380,W,0.0031,359.8732,101220,,,,
$GPGGA,230057.44,3719.0109040,N,12157.0073320,W,1,0,0.0,0.0000,M,0.0000,M,0.0000,0
$GPRMC,230057.44,A,3719.0109040,N,12157.0073320,W,0.0030,359.8726,101220,,,,
$GPGGA,230058.44,3719.0109040,N,12157.0073320,W,1,0,0.0,0.0000,M,0.0000,M,0.0000,0
$GPRMC,230058.44,A,3719.0109040,N,12157.0073320,W,0.0034,359.8717,101220,,,,
$GPGGA,230059.44,3719.0109040,N,12157.0073320,W,1,0,0.0,0.0000,M,0.0000,M,0.0000,0
$GPRMC,230059.44,A,3719.0109040,N,12157.0073320,W,0.0036,359.8707,101220,,,,
$GPGGA,230100.44,3719.0109040,N,12157.0073320,W,1,0,0.0,0.0000,M,0.0000,M,0.0000,0
$GPRMC,230100.44,A,3719.0109040,N,12157.0073320,W,0.0027,359.8702,101220,,,,
$GPGGA,230101.44,3719.0109040,N,12157.0073320,W,1,0,0.0,0.0000,M,0.0000,M,0.0000,0
$GPRMC,230101.44,A,3719.0109040,N,12157.0073320,W,0.0022,359.8697,101220,,,,
$GPGGA,230102.44,3719.0109040,N,12157.0073320,W,1,0,0.0,0.0000,M,0.0000,M,0.0000,0
$GPRMC,230102.44,A,3719.0109040,N,12157.0073320,W,0.0026,359.8690,101220,,,,
$GPGGA,230103.44,3719.0109040,N,12157.0073320,W,1,0,0.0,0.0000,M,0.0000,M,0.0000,0
$GPRMC,230103.44,A,3719.0109040,N,12157.0073320,W,0.0028,359.8683,101220,,,,
$GPGGA,230104.44,3719.0109040,N,12157.0073320,W,1,0,0.0,0.0000,M,0.0000,M,0.0000,0
$GPRMC,230104.44,A,3719.0109040,N,12157.0073320,W,0.0022,359.8676,101220,,,,
$GPGGA,230105.44,3719.0109040,N,12157.0073320,W,1,0,0.0,0.0000,M,0.0000,M,0.0000,0
$GPRMC,230105.44,A,3719.0109040,N,12157.0073320,W,0.0021,359.8670,101220,,,,
$GPGGA,230106.44,3719.0109040,N,12157.0073320,W,1,0,0.0,0.0000,M,0.0000,M,0.0000,0
$GPRMC,230106.44,A,3719.0109040,N,12157.0073320,W,0.0020,359.8664,101220,,,,
$GPGGA,230107.44,3719.0109040,N,12157.0073320,W,1,0,0.0,0.0000,M,0.0000,M,0.0000,0
$GPRMC,230107.44,A,3719.0109040,N,12157.0073320,W,0.0021,359.8659,101220,,,,
$GPGGA,230108.44,3719.0109040,N,12157.0073320,W,1,0,0.0,0.0000,M,0.0000,M,0.0000,0
$GPRMC,230108.44,A,3719.0109040,N,12157.0073320,W,0.0021,359.8652,101220,,,,
$GPGGA,230109.44,3719.0109040,N,12157.0073320,W,1,0,0.0,0.0000,M,0.0000,M,0.0000,0
$GPRMC,230109.44,A,3719.0109040,N,12157.0073320,W,0.0020,359.8645,101220,,,,
$GPGGA,230110.44,3719.0109040,N,12157.0073320,W,1,0,0.0,0.0000,M,0.0000,M,0.0000,0
$GPRMC,230110.44,A,3719.0109040,N,12157.0073320,W,0.0021,359.8639,101220,,,,
$GPGGA,230111.44,3719.0109040,N,12157.0073320,W,1,0,0.0,0.0000,M,0.0000,M,0.0000,0
$GPRMC,230111.44,A,3719.0109040,N,12157.0073320,W,0.0021,359.8633,101220,,,,
$GPGGA,230112.44,3719.0109040,N,12157.0073320,W,1,0,0.0,0.0000,M,0.0000,M,0.0000,0
$GPRMC,230112.44,A,3719.0109040,N,12157.0073320,W,0.0021,359.8625,101220,,,,
$GPGGA,230113.44,3719.0109040,N,12157.0073320,W,1,0,0.0,0.0000,M,0.0000,M,0.0000,0
$GPRMC,230113.44,A,3719.0109040,N,12157.0073320,W,0.0026,359.8618,101220,,,,
$GPGGA,230114.44,3719.0109040,N,12157.0073320,W,1,0,0.0,0.0000,M,0.0000,M,0.0000,0
$GPRMC,230114.44,A,3719.0109040,N,12157.0073320,W,0.0032,359.8612,101220,,,,
$GPGGA,230115.44,3719.0109040,N,12157.0073320,W,1,0,0.0,0.0000,M,0.0000,M,0.0000,0
$GPRMC,230115.44,A,3719.0109040,N,12157.0073320,W,0.0034,359.8606,101220,,,,
$GPGGA,230116.44,3719.0109040,N,12157.0073320,W,1,0,0.0,0.0000,M,0.0000,M,0.0000,0
$GPRMC,230116.44,A,3719.0109040,N,12157.0073320,W,0.0036,359.8599,101220,,,,
$GPGGA,230117.44,3719.0109040,N,12157.0073320,W,1,0,0.0,0.0000,M,0.0000,M,0.0000,0
$GPRMC,230117.44,A,3719.0109040,N,12157.0073320,W,0.0042,359.8592,101220,,,,
$GPGGA,230118.44,3719.0109040,N,12157.0073320,W,1,0,0.0,0.0000,M,0.0000,M,0.0000,0
$GPRMC,230118.44,A,3719.0109040,N,12157.0073320,W,0.0047,359.8583,101220,,,,
$GPGGA,230119.44,3719.0109040,N,12157.0073320,W,1,0,0.0,0.0000,M,0.0000,M,0.0000,0
$GPRMC,230119.44,A,3719.0109040,N,12157.0073320,W,0.0043,359.8576,101220,,,,
$GPGGA,230120.44,3719.0109040,N,12157.0073320,W,1,0,0.0,0.0000,M,0.0000,M,0.0000,0
$GPRMC,230120.44,A,3719.0109040,N,12157.0073320,W,0.0044,359.8571,101220,,,,
$GPGGA,230121.44,3719.0109040,N,12157.0073260,W,1,0,0.0,0.0000,M,0.0000,M,0.0000,0
$GPRMC,230121.44,A,3719.0109040,N,12157.0073260,W,0.0046,359.8565,101220,,,,
$GPGGA,230122.44,3719.0109100,N,12157.0073260,W,1,0,0.0,0.0000,M,0.0000,M,0.0000,0
$GPRMC,230122.44,A,3719.0109100,N,12157.0073260,W,0.0050,359.8557,101220,,,,
$GPGGA,230123.44,3719.0109160,N,12157.0073260,W,1,0,0.0,0.0000,M,0.0000,M,0.0000,0
$GPRMC,230123.44,A,3719.0109160,N,12157.0073260,W,0.0455,359.8558,101220,,,,
$GPGGA,230124.44,3719.0109580,N,12157.0073200,W,1,0,0.0,0.0000,M,0.0000,M,0.0000,0
$GPRMC,230124.44,A,3719.0109580,N,12157.0073200,W,0.1229,359.8561,101220,,,,
$GPGGA,230125.44,3719.0110600,N,12157.0073200,W,1,0,0.0,0.0000,M,0.0000,M,0.0000,0
$GPRMC,230125.44,A,3719.0110600,N,12157.0073200,W,0.2051,359.8559,101220,,,,
$GPGGA,230126.44,3719.0111920,N,12157.0073140,W,1,0,0.0,0.0000,M,0.0000,M,0.0000,0
$GPRMC,230126.44,A,3719.0111920,N,12157.0073140,W,0.2504,359.8551,101220,,,,
$GPGGA,230127.44,3719.0113120,N,12157.0073140,W,1,0,0.0,0.0000,M,0.0000,M,0.0000,0
$GPRMC,230127.44,A,3719.0113120,N,12157.0073140,W,0.1906,359.8512,101220,,,,
$GPGGA,230128.44,3719.0113960,N,12157.0073140,W,1,0,0.0,0.0000,M,0.0000,M,0.0000,0
$GPRMC,230128.44,A,3719.0113960,N,12157.0073140,W,0.1077,359.8480,101220,,,,
$GPGGA,230129.44,3719.0114500,N,12157.0073080,W,1,0,0.0,0.0000,M,0.0000,M,0.0000,0
$GPRMC,230129.44,A,3719.0114500,N,12157.0073080,W,0.1500,359.8472,101220,,,,
$GPGGA,230130.44,3719.0115880,N,12157.0073080,W,1,0,0.0,0.0000,M,0.0000,M,0.0000,0
$GPRMC,230130.44,A,3719.0115880,N,12157.0073080,W,0.3997,359.8432,101220,,,,
$GPGGA,230131.44,3719.0119120,N,12157.0073140,W,1,0,0.0,0.0000,M,0.0000,M,0.0000,0
$GPRMC,230131.44,A,3719.0119120,N,12157.0073140,W,0.8100,359.8269,101220,,,,
$GPGGA,230132.44,3719.0124940,N,12157.0073200,W,1,0,0.0,0.0000,M,0.0000,M,0.0000,0
$GPRMC,230132.44,A,3719.0124940,N,12157.0073200,W,1.4210,359.7322,101220,,,,
$GPGGA,230133.44,3719.0135020,N,12157.0073260,W,1,0,0.0,0.0000,M,0.0000,M,0.0000,0
$GPRMC,230133.44,A,3719.0135020,N,12157.0073260,W,2.4399,359.8850,101220,,,,
$GPGGA,230134.44,3719.0152540,N,12157.0073080,W,1,0,0.0,0.0000,M,0.0000,M,0.0000,0
$GPRMC,230134.44,A,3719.0152540,N,12157.0073080,W,4.1201,0.3885,101220,,,,
$GPGGA,230135.44,3719.0179840,N,12157.0072720,W,1,0,0.0,0.0000,M,0.0000,M,0.0000,0
$GPRMC,230135.44,A,3719.0179840,N,12157.0072720,W,5.7719,0.6255,101220,,,,
$GPGGA,230136.44,3719.0213500,N,12157.0072300,W,1,0,0.0,0.0000,M,0.0000,M,0.0000,0
$GPRMC,230136.44,A,3719.0213500,N,12157.0072300,W,6.4532,0.7771,101220,,,,
$GPGGA,230137.44,3719.0248120,N,12157.0071820,W,1,0,0.0,0.0000,M,0.0000,M,0.0000,0
$GPRMC,230137.44,A,3719.0248120,N,12157.0071820,W,6.3140,0.7906,101220,,,,
$GPGGA,230138.44,3719.0281480,N,12157.0072660,W,1,0,0.0,0.0000,M,0.0000,M,0.0000,0
$GPRMC,230138.44,A,3719.0281480,N,12157.0072660,W,6.0513,358.2090,101220,,,,
$GPGGA,230139.44,3719.0313160,N,12157.0080880,W,1,0,0.0,0.0000,M,0.0000,M,0.0000,0
$GPRMC,230139.44,A,3719.0313160,N,12157.0080880,W,6.1499,346.3341,101220,,,,
$GPGGA,230140.44,3719.0341420,N,12157.0104160,W,1,0,0.0,0.0000,M,0.0000,M,0.0000,0
$GPRMC,230140.44,A,3719.0341420,N,12157.0104160,W,6.8060,324.3506,101220,,,,
$GPGGA,230141.44,3719.0361460,N,12157.0143760,W,1,0,0.0,0.0000,M,0.0000,M,0.0000,0
$GPRMC,230141.44,A,3719.0361460,N,12157.0143760,W,7.5745,298.9312,101220,,,,
$GPGGA,230142.44,3719.0367940,N,12157.0195720,W,1,0,0.0,0.0000,M,0.0000,M,0.0000,0
$GPRMC,230142.44,A,3719.0367940,N,12157.0195720,W,8.5111,275.9175,101220,,,,
$GPGGA,230143.44,3719.0364100,N,12157.0257340,W,1,0,0.0,0.0000,M,0.0000,M,0.0000,0
$GPRMC,230143.44,A,3719.0364100,N,12157.0257340,W,9.9624,264.7890,101220,,,,
$GPGGA,230144.44,3719.0357200,N,12157.0330240,W,1,0,0.0,0.0000,M,0.0000,M,0.0000,0
$GPRMC,230144.44,A,3719.0357200,N,12157.0330240,W,11.8228,263.6762,101220,,,,
$GPGGA,230145.44,3719.0349340,N,12157.0416460,W,1,0,0.0,0.0000,M,0.0000,M,0.0000,0
$GPRMC,230145.44,A,3719.0349340,N,12157.0416460,W,14.0321,263.9221,101220,,,,
$GPGGA,230146.44,3719.0340460,N,12157.0518520,W,1,0,0.0,0.0000,M,0.0000,M,0.0000,0
$GPRMC,230146.44,A,3719.0340460,N,12157.0518520,W,16.2744,264.0727,101220,,,,
$GPGGA,230147.44,3719.0330740,N,12157.0633420,W,1,0,0.0,0.0000,M,0.0000,M,0.0000,0
$GPRMC,230147.44,A,3719.0330740,N,12157.0633420,W,17.4265,264.1835,101220,,,,
$GPGGA,230148.44,3719.0320840,N,12157.0751440,W,1,0,0.0,0.0000,M,0.0000,M,0.0000,0
$GPRMC,230148.44,A,3719.0320840,N,12157.0751440,W,17.6813,264.0862,101220,,,,
$GPGGA,230149.44,3719.0310400,N,12157.0872700,W,1,0,0.0,0.0000,M,0.0000,M,0.0000,0
$GPRMC,230149.44,A,3719.0310400,N,12157.0872700,W,18.5427,263.8457,101220,,,,
$GPGGA,230150.44,3719.0298700,N,12157.1001760,W,1,0,0.0,0.0000,M,0.0000,M,0.0000,0
$GPRMC,230150.44,A,3719.0298700,N,12157.1001760,W,20.0175,263.5292,101220,,,,
$GPGGA,230151.44,3719.0285080,N,12157.1142160,W,1,0,0.0,0.0000,M,0.0000,M,0.0000,0
$GPRMC,230151.44,A,3719.0285080,N,12157.1142160,W,21.9105,262.8737,101220,,,,
$GPGGA,230152.44,3719.0268460,N,12157.1296660,W,1,0,0.0,0.0000,M,0.0000,M,0.0000,0
$GPRMC,230152.44,A,3719.0268460,N,12157.1296660,W,24.1618,262.1706,101220,,,,
$GPGGA,230153.44,3719.0248960,N,12157.1466340,W,1,0,0.0,0.0000,M,0.0000,M,0.0000,0
$GPRMC,230153.44,A,3719.0248960,N,12157.1466340,W,26.4914,261.6790,101220,,,,
$GPGGA,230154.44,3719.0226760,N,12157.1651500,W,1,0,0.0,0.0000,M,0.0000,M,0.0000,0
$GPRMC,230154.44,A,3719.0226760,N,12157.1651500,W,28.8348,261.5668,101220,,,,
$GPGGA,230155.44,3719.0203240,N,12157.1852080,W,1,0,0.0,0.0000,M,0.0000,M,0.0000,0
$GPRMC,230155.44,A,3719.0203240,N,12157.1852080,W,31.0117,261.8669,101220,,,,
$GPGGA,230156.44,3719.0179480,N,12157.2064720,W,1,0,0.0,0.0000,M,0.0000,M,0.0000,0
$GPRMC,230156.44,A,3719.0179480,N,12157.2064720,W,32.2212,262.2778,101220,,,,
$GPGGA,230157.44,3719.0156440,N,12157.2281260,W,1,0,0.0,0.0000,M,0.0000,M,0.0000,0
$GPRMC,230157.44,A,3719.0156440,N,12157.2281260,W,32.1431,262.4494,101220,,,,
$GPGGA,230158.44,3719.0133460,N,12157.2495640,W,1,0,0.0,0.0000,M,0.0000,M,0.0000,0
$GPRMC,230158.44,A,3719.0133460,N,12157.2495640,W,31.7326,262.2443,101220,,,,
$GPGGA,230159.44,3719.0110360,N,12157.2706840,W,1,0,0.0,0.0000,M,0.0000,M,0.0000,0
$GPRMC,230159.44,A,3719.0110360,N,12157.2706840,W,31.2642,262.0935,101220,,,,
$GPGGA,230200.44,3719.0087380,N,12157.2914980,W,1,0,0.0,0.0000,M,0.0000,M,0.0000,0
$GPRMC,230200.44,A,3719.0087380,N,12157.2914980,W,30.8213,262.1356,101220,,,,
$GPGGA,230201.44,3719.0065000,N,12157.3120240,W,1,0,0.0,0.0000,M,0.0000,M,0.0000,0
$GPRMC,230201.44,A,3719.0065000,N,12157.3120240,W,30.3975,262.5032,101220,,,,
$GPGGA,230202.44,3719.0044960,N,12157.3323160,W,1,0,0.0,0.0000,M,0.0000,M,0.0000,0
$GPRMC,230202.44,A,3719.0044960,N,12157.3323160,W,29.9951,263.3617,101220,,,,
$GPGGA,230203.44,3719.0027440,N,12157.3523740,W,1,0,0.0,0.0000,M,0.0000,M,0.0000,0
$GPRMC,230203.44,A,3719.0027440,N,12157.3523740,W,29.6282,263.8776,101220,,,,
$GPGGA,230204.44,3719.0010040,N,12157.3721860,W,1,0,0.0,0.0000,M,0.0000,M,0.0000,0
$GPRMC,230204.44,A,3719.0010040,N,12157.3721860,W,29.2696,263.5395,101220,,,,
$GPGGA,230205.44,3718.9991980,N,12157.3917460,W,1,0,0.0,0.0000,M,0.0000,M,0.0000,0
$GPRMC,230205.44,A,3718.9991980,N,12157.3917460,W,28.9134,263.3776,101220,,,,
$GPGGA,230206.44,3718.9975060,N,12157.4110780,W,1,0,0.0,0.0000,M,0.0000,M,0.0000,0
$GPRMC,230206.44,A,3718.9975060,N,12157.4110780,W,28.5876,264.2500,101220,,,,
$GPGGA,230207.44,3718.9961320,N,12157.4302600,W,1,0,0.0,0.0000,M,0.0000,M,0.0000,0
$GPRMC,230207.44,A,3718.9961320,N,12157.4302600,W,28.3321,265.6726,101220,,,,
$GPGGA,230208.44,3718.9951660,N,12157.4493460,W,1,0,0.0,0.0000,M,0.0000,M,0.0000,0
$GPRMC,230208.44,A,3718.9951660,N,12157.4493460,W,28.1861,266.9749,101220,,,,
$GPGGA,230209.44,3718.9944940,N,12157.4683900,W,1,0,0.0,0.0000,M,0.0000,M,0.0000,0
$GPRMC,230209.44,A,3718.9944940,N,12157.4683900,W,28.1229,267.8947,101220,,,,
$GPGGA,230210.44,3718.9940560,N,12157.4873740,W,1,0,0.0,0.0000,M,0.0000,M,0.0000,0
$GPRMC,230210.44,A,3718.9940560,N,12157.4873740,W,27.9764,268.6744,101220,,,,
$GPGGA,230211.44,3718.9938100,N,12157.5062380,W,1,0,0.0,0.0000,M,0.0000,M,0.0000,0
$GPRMC,230211.44,A,3718.9938100,N,12157.5062380,W,27.8049,269.4424,101220,,,,
$GPGGA,230212.44,3718.9937500,N,12157.5250540,W,1,0,0.0,0.0000,M,0.0000,M,0.0000,0
$GPRMC,230212.44,A,3718.9937500,N,12157.5250540,W,27.8540,270.0858,101220,,,,
$GPGGA,230213.44,3718.9938460,N,12157.5439900,W,1,0,0.0,0.0000,M,0.0000,M,0.0000,0
$GPRMC,230213.44,A,3718.9938460,N,12157.5439900,W,28.1220,270.6807,101220,,,,
$GPGGA,230214.44,3718.9940860,N,12157.5631600,W,1,0,0.0,0.0000,M,0.0000,M,0.0000,0
$GPRMC,230214.44,A,3718.9940860,N,12157.5631600,W,28.5349,271.0859,101220,,,,
$GPGGA,230215.44,3718.9944100,N,12157.5826360,W,1,0,0.0,0.0000,M,0.0000,M,0.0000,0
$GPRMC,230215.44,A,3718.9944100,N,12157.5826360,W,29.0305,271.2665,101220,,,,
$GPGGA,230216.44,3718.9947820,N,12157.6024540,W,1,0,0.0,0.0000,M,0.0000,M,0.0000,0
$GPRMC,230216.44,A,3718.9947820,N,12157.6024540,W,29.5730,271.3516,101220,,,,
$GPGGA,230217.44,3718.9951480,N,12157.6226740,W,1,0,0.0,0.0000,M,0.0000,M,0.0000,0
$GPRMC,230217.44,A,3718.9951480,N,12157.6226740,W,30.1831,271.1879,101220,,,,
$GPGGA,230218.44,3718.9954900,N,12157.6433320,W,1,0,0.0,0.0000,M,0.0000,M,0.0000,0
$GPRMC,230218.44,A,3718.9954900,N,12157.6433320,W,30.8369,271.1088,101220,,,,
$GPGGA,230219.44,3718.9958200,N,12157.6643920,W,1,0,0.0,0.0000,M,0.0000,M,0.0000,0
$GPRMC,230219.44,A,3718.9958200,N,12157.6643920,W,31.3578,271.0452,101220,,,,
$GPGGA,230220.44,3718.9961380,N,12157.6857400,W,1,0,0.0,0.0000,M,0.0000,M,0.0000,0
$GPRMC,230220.44,A,3718.9961380,N,12157.6857400,W,31.6499,271.0181,101220,,,,
$GPGGA,230221.44,3718.9964560,N,12157.7072080,W,1,0,0.0,0.0000,M,0.0000,M,0.0000,0
$GPRMC,230221.44,A,3718.9964560,N,12157.7072080,W,31.6827,271.0540,101220,,,,
$GPGGA,230222.44,3718.9967860,N,12157.7285920,W,1,0,0.0,0.0000,M,0.0000,M,0.0000,0
$GPRMC,230222.44,A,3718.9967860,N,12157.7285920,W,31.4133,271.0783,101220,,,,
$GPGGA,230223.44,3718.9970920,N,12157.7496820,W,1,0,0.0,0.0000,M,0.0000,M,0.0000,0
$GPRMC,230223.44,A,3718.9970920,N,12157.7496820,W,30.8782,271.0631,101220,,,,
$GPGGA,230224.44,3718.9973800,N,12157.7704060,W,1,0,0.0,0.0000,M,0.0000,M,0.0000,0
$GPRMC,230224.44,A,3718.9973800,N,12157.7704060,W,30.3325,271.0273,101220,,,,
$GPGGA,230225.44,3718.9976620,N,12157.7907760,W,1,0,0.0,0.0000,M,0.0000,M,0.0000,0
$GPRMC,230225.44,A,3718.9976620,N,12157.7907760,W,29.8403,270.9489,101220,,,,
$GPGGA,230226.44,3718.9978780,N,12157.8108280,W,1,0,0.0,0.0000,M,0.0000,M,0.0000,0
$GPRMC,230226.44,A,3718.9978780,N,12157.8108280,W,29.4039,270.5227,101220,,,,
$GPGGA,230227.44,3718.9979020,N,12157.8305800,W,1,0,0.0,0.0000,M,0.0000,M,0.0000,0
$GPRMC,230227.44,A,3718.9979020,N,12157.8305800,W,29.0089,269.7346,101220,,,,
$GPGGA,230228.44,3718.9977160,N,12157.8500680,W,1,0,0.0,0.0000,M,0.0000,M,0.0000,0
$GPRMC,230228.44,A,3718.9977160,N,12157.8500680,W,28.6720,268.9884,101220,,,,
$GPGGA,230229.44,3718.9973380,N,12157.8693460,W,1,0,0.0,0.0000,M,0.0000,M,0.0000,0
$GPRMC,230229.44,A,3718.9973380,N,12157.8693460,W,28.3782,268.3055,101220,,,,
$GPGGA,230230.44,3718.9968160,N,12157.8884800,W,1,0,0.0,0.0000,M,0.0000,M,0.0000,0
$GPRMC,230230.44,A,3718.9968160,N,12157.8884800,W,28.2254,267.8383,101220,,,,
$GPGGA,230231.44,3718.9962040,N,12157.9076140,W,1,0,0.0,0.0000,M,0.0000,M,0.0000,0
$GPRMC,230231.44,A,3718.9962040,N,12157.9076140,W,28.4343,267.6681,101220,,,,
$GPGGA,230232.44,3718.9955920,N,12157.9270060,W,1,0,0.0,0.0000,M,0.0000,M,0.0000,0
$GPRMC,230232.44,A,3718.9955920,N,12157.9270060,W,28.9282,267.8065,101220,,,,
$GPGGA,230233.44,3718.9950100,N,12157.9466860,W,1,0,0.0,0.0000,M,0.0000,M,0.0000,0
$GPRMC,230233.44,A,3718.9950100,N,12157.9466860,W,29.2447,267.8250,101220,,,,
$GPGGA,230234.44,3718.9943920,N,12157.9665400,W,1,0,0.0,0.0000,M,0.0000,M,0.0000,0
$GPRMC,230234.44,A,3718.9943920,N,12157.9665400,W,29.5302,267.6230,101220,,,,
$GPGGA,230235.44,3718.9936780,N,12157.9867360,W,1,0,0.0,0.0000,M,0.0000,M,0.0000,0
$GPRMC,230235.44,A,3718.9936780,N,12157.9867360,W,30.3070,267.3100,101220,,,,
$GPGGA,230236.44,3718.9929040,N,12158.0075740,W,1,0,0.0,0.0000,M,0.0000,M,0.0000,0
$GPRMC,230236.44,A,3718.9929040,N,12158.0075740,W,31.3206,267.2795,101220,,,,
$GPGGA,230237.44,3718.9921600,N,12158.0290720,W,1,0,0.0,0.0000,M,0.0000,M,0.0000,0
$GPRMC,230237.44,A,3718.9921600,N,12158.0290720,W,32.1845,267.6996,101220,,,,
$GPGGA,230238.44,3718.9915720,N,12158.0509900,W,1,0,0.0,0.0000,M,0.0000,M,0.0000,0
$GPRMC,230238.44,A,3718.9915720,N,12158.0509900,W,32.4920,268.6531,101220,,,,
$GPGGA,230239.44,3718.9913560,N,12158.0729080,W,1,0,0.0,0.0000,M,0.0000,M,0.0000,0
$GPRMC,230239.44,A,3718.9913560,N,12158.0729080,W,32.2501,269.9182,101220,,,,
$GPGGA,230240.44,3718.9914580,N,12158.0946280,W,1,0,0.0,0.0000,M,0.0000,M,0.0000,0
$GPRMC,230240.44,A,3718.9914580,N,12158.0946280,W,31.8984,270.5924,101220,,,,
$GPGGA,230241.44,3718.9917220,N,12158.1160900,W,1,0,0.0,0.0000,M,0.0000,M,0.0000,0
$GPRMC,230241.44,A,3718.9917220,N,12158.1160900,W,31.4933,271.2233,101220,,,,
$GPGGA,230242.44,3718.9922620,N,12158.1372580,W,1,0,0.0,0.0000,M,0.0000,M,0.0000,0
$GPRMC,230242.44,A,3718.9922620,N,12158.1372580,W,31.0738,272.3798,101220,,,,
$GPGGA,230243.44,3718.9931140,N,12158.1581320,W,1,0,0.0,0.0000,M,0.0000,M,0.0000,0
$GPRMC,230243.44,A,3718.9931140,N,12158.1581320,W,30.6617,273.3176,101220,,,,
$GPGGA,230244.44,3718.9940980,N,12158.1787180,W,1,0,0.0,0.0000,M,0.0000,M,0.0000,0
$GPRMC,230244.44,A,3718.9940980,N,12158.1787180,W,30.2644,273.1520,101220,,,,
$GPGGA,230245.44,3718.9949500,N,12158.1990460,W,1,0,0.0,0.0000,M,0.0000,M,0.0000,0
$GPRMC,230245.44,A,3718.9949500,N,12158.1990460,W,29.8835,272.2459,101220,,,,
$GPGGA,230246.44,3718.9955860,N,12158.2191280,W,1,0,0.0,0.0000,M,0.0000,M,0.0000,0
$GPRMC,230246.44,A,3718.9955860,N,12158.2191280,W,29.4871,271.9559,101220,,,,
$GPGGA,230247.44,3718.9962160,N,12158.2388500,W,1,0,0.0,0.0000,M,0.0000,M,0.0000,0
$GPRMC,230247.44,A,3718.9962160,N,12158.2388500,W,28.8328,272.6998,101220,,,,
$GPGGA,230248.44,3718.9971820,N,12158.2580920,W,1,0,0.0,0.0000,M,0.0000,M,0.0000,0
$GPRMC,230248.44,A,3718.9971820,N,12158.2580920,W,28.1818,274.4276,101220,,,,
$GPGGA,230249.44,3718.9986760,N,12158.2769740,W,1,0,0.0,0.0000,M,0.0000,M,0.0000,0
$GPRMC,230249.44,A,3718.9986760,N,12158.2769740,W,27.9075,276.4765,101220,,,,
$GPGGA,230250.44,3719.0006680,N,12158.2956100,W,1,0,0.0,0.0000,M,0.0000,M,0.0000,0
$GPRMC,230250.44,A,3719.0006680,N,12158.2956100,W,27.6194,278.5176,101220,,,,
$GPGGA,230251.44,3719.0031820,N,12158.3138500,W,1,0,0.0,0.0000,M,0.0000,M,0.0000,0
$GPRMC,230251.44,A,3719.0031820,N,12158.3138500,W,27.0719,280.9907,101220,,,,
$GPGGA,230252.44,3719.0063920,N,12158.3315200,W,1,0,0.0,0.0000,M,0.0000,M,0.0000,0
$GPRMC,230252.44,A,3719.0063920,N,12158.3315200,W,26.5174,284.6904,101220,,,,
$GPGGA,230253.44,3719.0105920,N,12158.3486200,W,1,0,0.0,0.0000,M,0.0000,M,0.0000,0
$GPRMC,230253.44,A,3719.0105920,N,12158.3486200,W,26.3751,289.2154,101220,,,,
$GPGGA,230254.44,3719.0158360,N,12158.3651500,W,1,0,0.0,0.0000,M,0.0000,M,0.0000,0
$GPRMC,230254.44,A,3719.0158360,N,12158.3651500,W,26.1798,293.5816,101220,,,,
$GPGGA,230255.44,3719.0218720,N,12158.3810500,W,1,0,0.0,0.0000,M,0.0000,M,0.0000,0
$GPRMC,230255.44,A,3719.0218720,N,12158.3810500,W,25.8259,296.4928,101220,,,,
$GPGGA,230256.44,3719.0281840,N,12158.3964340,W,1,0,0.0,0.0000,M,0.0000,M,0.0000,0
$GPRMC,230256.44,A,3719.0281840,N,12158.3964340,W,25.2335,297.3205,101220,,,,
$GPGGA,230257.44,3719.0342920,N,12158.4112720,W,1,0,0.0,0.0000,M,0.0000,M,0.0000,0
$GPRMC,230257.44,A,3719.0342920,N,12158.4112720,W,23.8486,296.9394,101220,,,,
$GPGGA,230258.44,3719.0398000,N,12158.4249160,W,1,0,0.0,0.0000,M,0.0000,M,0.0000,0
$GPRMC,230258.44,A,3719.0398000,N,12158.4249160,W,21.0492,296.4561,101220,,,,
$GPGGA,230259.44,3719.0444380,N,12158.4364960,W,1,0,0.0,0.0000,M,0.0000,M,0.0000,0
$GPRMC,230259.44,A,3719.0444380,N,12158.4364960,W,17.1747,296.9121,101220,,,,
$GPGGA,230300.44,3719.0484520,N,12158.4454240,W,1,0,0.0,0.0000,M,0.0000,M,0.0000,0
$GPRMC,230300.44,A,3719.0484520,N,12158.4454240,W,13.1321,302.5580,101220,,,,
$GPGGA,230301.44,3719.0523700,N,12158.4513940,W,1,0,0.0,0.0000,M,0.0000,M,0.0000,0
$GPRMC,230301.44,A,3719.0523700,N,12158.4513940,W,9.9841,315.1728,101220,,,,
$GPGGA,230302.44,3719.0562940,N,12158.4547960,W,1,0,0.0,0.0000,M,0.0000,M,0.0000,0
$GPRMC,230302.44,A,3719.0562940,N,12158.4547960,W,7.8353,330.0620,101220,,,,
$GPGGA,230303.44,3719.0597320,N,12158.4563800,W,1,0,0.0,0.0000,M,0.0000,M,0.0000,0
$GPRMC,230303.44,A,3719.0597320,N,12158.4563800,W,5.7207,342.7119,101220,,,,
$GPGGA,230304.44,3719.0621740,N,12158.4569980,W,1,0,0.0,0.0000,M,0.0000,M,0.0000,0
$GPRMC,230304.44,A,3719.0621740,N,12158.4569980,W,3.4539,348.4350,101220,,,,
$GPGGA,230305.44,3719.0634640,N,12158.4572920,W,1,0,0.0,0.0000,M,0.0000,M,0.0000,0
$GPRMC,230305.44,A,3719.0634640,N,12158.4572920,W,1.5125,348.8736,101220,,,,
$GPGGA,230306.44,3719.0639320,N,12158.4573940,W,1,0,0.0,0.0000,M,0.0000,M,0.0000,0
$GPRMC,230306.44,A,3719.0639320,N,12158.4573940,W,0.3846,348.9578,101220,,,,
$GPGGA,230307.44,3719.0640220,N,12158.4574060,W,1,0,0.0,0.0000,M,0.0000,M,0.0000,0
$GPRMC,230307.44,A,3719.0640220,N,12158.4574060,W,0.0317,348.9440,101220,,,,
$GPGGA,230308.44,3719.0640400,N,12158.4574060,W,1,0,0.0,0.0000,M,0.0000,M,0.0000,0
$GPRMC,230308.44,A,3719.0640400,N,12158.4574060,W,0.0283,348.9428,101220,,,,
$GPGGA,230309.44,3719.0640460,N,12158.4574000,W,1,0,0.0,0.0000,M,0.0000,M,0.0000,0
$GPRMC,230309.44,A,3719.0640460,N,12158.4574000,W,0.0222,348.9414,101220,,,,
$GPGGA,230310.44,3719.0640580,N,12158.4574000,W,1,0,0.0,0.0000,M,0.0000,M,0.0000,0
$GPRMC,230310.44,A,3719.0640580,N,12158.4574000,W,0.0273,348.9323,101220,,,,
$GPGGA,230311.44,3719.0640880,N,12158.4574060,W,1,0,0.0,0.0000,M,0.0000,M,0.0000,0
$GPRMC,230311.44,A,3719.0640880,N,12158.4574060,W,0.0874,348.8854,101220,,,,
$GPGGA,230312.44,3719.0641600,N,12158.4574300,W,1,0,0.0,0.0000,M,0.0000,M,0.0000,0
$GPRMC,230312.44,A,3719.0641600,N,12158.4574300,W,0.2116,348.6467,101220,,,,
$GPGGA,230313.44,3719.0643280,N,12158.4575080,W,1,0,0.0,0.0000,M,0.0000,M,0.0000,0
$GPRMC,230313.44,A,3719.0643280,N,12158.4575080,W,0.4748,347.2703,101220,,,,
$GPGGA,230314.44,3719.0646460,N,12158.4577360,W,1,0,0.0,0.0000,M,0.0000,M,0.0000,0
$GPRMC,230314.44,A,3719.0646460,N,12158.4577360,W,0.8854,342.9720,101220,,,,
$GPGGA,230315.44,3719.0651320,N,12158.4582100,W,1,0,0.0,0.0000,M,0.0000,M,0.0000,0
$GPRMC,230315.44,A,3719.0651320,N,12158.4582100,W,1.3747,334.8849,101220,,,,
$GPGGA,230316.44,3719.0657440,N,12158.4590620,W,1,0,0.0,0.0000,M,0.0000,M,0.0000,0
$GPRMC,230316.44,A,3719.0657440,N,12158.4590620,W,1.9764,322.7417,101220,,,,
$GPGGA,230317.44,3719.0664280,N,12158.4603820,W,1,0,0.0,0.0000,M,0.0000,M,0.0000,0
$GPRMC,230317.44,A,3719.0664280,N,12158.4603820,W,2.6646,310.1038,101220,,,,
$GPGGA,230318.44,3719.0674120,N,12158.4620260,W,1,0,0.0,0.0000,M,0.0000,M,0.0000,0
$GPRMC,230318.44,A,3719.0674120,N,12158.4620260,W,3.4094,308.0684,101220,,,,
$GPGGA,230319.44,3719.0690560,N,12158.4633700,W,1,0,0.0,0.0000,M,0.0000,M,0.0000,0
$GPRMC,230319.44,A,3719.0690560,N,12158.4633700,W,3.6506,324.5974,101220,,,,
$GPGGA,230320.44,3719.0709460,N,12158.4636460,W,1,0,0.0,0.0000,M,0.0000,M,0.0000,0
$GPRMC,230320.44,A,3719.0709460,N,12158.4636460,W,3.1921,349.7013,101220,,,,
$GPGGA,230321.44,3719.0724820,N,12158.4631120,W,1,0,0.0,0.0000,M,0.0000,M,0.0000,0
$GPRMC,230321.44,A,3719.0724820,N,12158.4631120,W,2.5383,9.6959,101220,,,,
$GPGGA,230322.44,3719.0734960,N,12158.4623200,W,1,0,0.0,0.0000,M,0.0000,M,0.0000,0
$GPRMC,230322.44,A,3719.0734960,N,12158.4623200,W,1.6492,23.8177,101220,,,,
$GPGGA,230323.44,3719.0739640,N,12158.4618280,W,1,0,0.0,0.0000,M,0.0000,M,0.0000,0
$GPRMC,230323.44,A,3719.0739640,N,12158.4618280,W,0.5817,29.9836,101220,,,,
$GPGGA,230324.44,3719.0740540,N,12158.4617200,W,1,0,0.0,0.0000,M,0.0000,M,0.0000,0
$GPRMC,230324.44,A,3719.0740540,N,12158.4617200,W,0.0669,30.5145,101220,,,,
$GPGGA,230325.44,3719.0740660,N,12158.4616900,W,1,0,0.0,0.0000,M,0.0000,M,0.0000,0
$GPRMC,230325.44,A,3719.0740660,N,12158.4616900,W,0.0455,30.5130,101220,,,,
$GPGGA,230326.44,3719.0740780,N,12158.4616660,W,1,0,0.0,0.0000,M,0.0000,M,0.0000,0
$GPRMC,230326.44,A,3719.0740780,N,12158.4616660,W,0.0382,30.5106,101220,,,,
$GPGGA,230327.44,3719.0740900,N,12158.4616480,W,1,0,0.0,0.0000,M,0.0000,M,0.0000,0
$GPRMC,230327.44,A,3719.0740900,N,12158.4616480,W,0.0318,30.5094,101220,,,,
$GPGGA,230328.44,3719.0740960,N,12158.4616300,W,1,0,0.0,0.0000,M,0.0000,M,0.0000,0
$GPRMC,230328.44,A,3719.0740960,N,12158.4616300,W,0.0254,30.5083,101220,,,,
$GPGGA,230329.44,3719.0741080,N,12158.4616180,W,1,0,0.0,0.0000,M,0.0000,M,0.0000,0
$GPRMC,230329.44,A,3719.0741080,N,12158.4616180,W,0.0194,30.5073,101220,,,,
$GPGGA,230330.44,3719.0741140,N,12158.4616120,W,1,0,0.0,0.0000,M,0.0000,M,0.0000,0
$GPRMC,230330.44,A,3719.0741140,N,12158.4616120,W,0.0142,30.5061,101220,,,,
$GPGGA,230331.44,3719.0741200,N,12158.4616060,W,1,0,0.0,0.0000,M,0.0000,M,0.0000,0
$GPRMC,230331.44,A,3719.0741200,N,12158.4616060,W,0.0099,30.5049,101220,,,,
$GPGGA,230332.44,3719.0741260,N,12158.4616000,W,1,0,0.0,0.0000,M,0.0000,M,0.0000,0
$GPRMC,230332.44,A,3719.0741260,N,12158.4616000,W,0.0065,30.5038,101220,,,,
$GPGGA,230333.44,3719.0741320,N,12158.4616000,W,1,0,0.0,0.0000,M,0.0000,M,0.0000,0
$GPRMC,230333.44,A,3719.0741320,N,12158.4616000,W,0.0031,30.5025,101220,,,,
$GPGGA,230334.44,3719.0741320,N,12158.4615940,W,1,0,0.0,0.0000,M,0.0000,M,0.0000,0
$GPRMC,230334.44,A,3719.0741320,N,12158.4615940,W,0.0026,30.5015,101220,,,,
$GPGGA,230335.44,3719.0741380,N,12158.4615940,W,1,0,0.0,0.0000,M,0.0000,M,0.0000,0
$GPRMC,230335.44,A,3719.0741380,N,12158.4615940,W,0.0059,30.5005,101220,,,,
$GPGGA,230336.44,3719.0741380,N,12158.4615880,W,1,0,0.0,0.0000,M,0.0000,M,0.0000,0
$GPRMC,230336.44,A,3719.0741380,N,12158.4615880,W,0.0096,30.4993,101220,,,,
$GPGGA,230337.44,3719.0741380,N,12158.4615880,W,1,0,0.0,0.0000,M,0.0000,M,0.0000,0
$GPRMC,230337.44,A,3719.0741380,N,12158.4615880,W,0.0112,30.4996,101220,,,,
$GPGGA,230338.44,3719.0741980,N,12158.4615460,W,1,0,0.0,0.0000,M,0.0000,M,0.0000,0
$GPRMC,230338.44,A,3719.0741980,N,12158.4615460,W,0.3009,30.5500,101220,,,,
$GPGGA,230339.44,3719.0744740,N,12158.4613240,W,1,0,0.0,0.0000,M,0.0000,M,0.0000,0
$GPRMC,230339.44,A,3719.0744740,N,12158.4613240,W,0.9776,30.6092,101220,,,,
$GPGGA,230340.44,3719.0751100,N,12158.4608380,W,1,0,0.0,0.0000,M,0.0000,M,0.0000,0
$GPRMC,230340.44,A,3719.0751100,N,12158.4608380,W,1.7487,30.9319,101220,,,,
$GPGGA,230341.44,3719.0761060,N,12158.4600340,W,1,0,0.0,0.0000,M,0.0000,M,0.0000,0
$GPRMC,230341.44,A,3719.0761060,N,12158.4600340,W,2.6421,31.9568,101220,,,,
$GPGGA,230342.44,3719.0775220,N,12158.4588460,W,1,0,0.0,0.0000,M,0.0000,M,0.0000,0
$GPRMC,230342.44,A,3719.0775220,N,12158.4588460,W,3.6973,33.1788,101220,,,,
$GPGGA,230343.44,3719.0794720,N,12158.4571780,W,1,0,0.0,0.0000,M,0.0000,M,0.0000,0
$GPRMC,230343.44,A,3719.0794720,N,12158.4571780,W,5.0267,33.8743,101220,,,,
$GPGGA,230344.44,3719.0820280,N,12158.4550060,W,1,0,0.0,0.0000,M,0.0000,M,0.0000,0
$GPRMC,230344.44,A,3719.0820280,N,12158.4550060,W,6.2752,33.9509,101220,,,,
$GPGGA,230345.44,3719.0849980,N,12158.4524740,W,1,0,0.0,0.0000,M,0.0000,M,0.0000,0
$GPRMC,230345.44,A,3719.0849980,N,12158.4524740,W,6.8223,34.0100,101220,,,,
$GPGGA,230346.44,3719.0880340,N,12158.4498520,W,1,0,0.0,0.0000,M,0.0000,M,0.0000,0
$GPRMC,230346.44,A,3719.0880340,N,12158.4498520,W,6.7679,34.5159,101220,,,,
$GPGGA,230347.44,3719.0909560,N,12158.4472720,W,1,0,0.0,0.0000,M,0.0000,M,0.0000,0
$GPRMC,230347.44,A,3719.0909560,N,12158.4472720,W,6.3292,34.8748,101220,,,,
$GPGGA,230348.44,3719.0935960,N,12158.4452080,W,1,0,0.0,0.0000,M,0.0000,M,0.0000,0
$GPRMC,230348.44,A,3719.0935960,N,12158.4452080,W,5.0909,29.7569,101220,,,,
$GPGGA,230349.44,3719.0958220,N,12158.4447220,W,1,0,0.0,0.0000,M,0.0000,M,0.0000,0
$GPRMC,230349.44,A,3719.0958220,N,12158.4447220,W,3.7717,6.4417,101220,,,,
$GPGGA,230350.44,3719.0972080,N,12158.4462280,W,1,0,0.0,0.0000,M,0.0000,M,0.0000,0
$GPRMC,230350.44,A,3719.0972080,N,12158.4462280,W,3.3802,326.3116,101220,,,,
$GPGGA,230351.44,3719.0972740,N,12158.4486340,W,1,0,0.0,0.0000,M,0.0000,M,0.0000,0
$GPRMC,230351.44,A,3719.0972740,N,12158.4486340,W,3.6501,282.8192,101220,,,,
$GPGGA,230352.44,3719.0959240,N,12158.4507760,W,1,0,0.0,0.0000,M,0.0000,M,0.0000,0
$GPRMC,230352.44,A,3719.0959240,N,12158.4507760,W,4.4536,241.3406,101220,,,,
$GPGGA,230353.44,3719.0935240,N,12158.4524740,W,1,0,0.0,0.0000,M,0.0000,M,0.0000,0
$GPRMC,230353.44,A,3719.0935240,N,12158.4524740,W,5.9304,214.4257,101220,,,,
$GPGGA,230354.44,3719.0901580,N,12158.4545140,W,1,0,0.0,0.0000,M,0.0000,M,0.0000,0
$GPRMC,230354.44,A,3719.0901580,N,12158.4545140,W,7.9892,207.1217,101220,,,,
$GPGGA,230355.44,3719.0857840,N,12158.4575140,W,1,0,0.0,0.0000,M,0.0000,M,0.0000,0
$GPRMC,230355.44,A,3719.0857840,N,12158.4575140,W,10.4503,209.5329,101220,,,,
$GPGGA,230356.44,3719.0804560,N,12158.4616120,W,1,0,0.0,0.0000,M,0.0000,M,0.0000,0
$GPRMC,230356.44,A,3719.0804560,N,12158.4616120,W,12.6326,212.1359,101220,,,,
$GPGGA,230357.44,3719.0742100,N,12158.4665320,W,1,0,0.0,0.0000,M,0.0000,M,0.0000,0
$GPRMC,230357.44,A,3719.0742100,N,12158.4665320,W,14.5884,211.9760,101220,,,,
$GPGGA,230358.44,3719.0671360,N,12158.4718660,W,1,0,0.0,0.0000,M,0.0000,M,0.0000,0
$GPRMC,230358.44,A,3719.0671360,N,12158.4718660,W,15.8755,210.7860,101220,,,,
$GPGGA,230359.44,3719.0596780,N,12158.4773500,W,1,0,0.0,0.0000,M,0.0000,M,0.0000,0
$GPRMC,230359.44,A,3719.0596780,N,12158.4773500,W,15.9808,210.5616,101220,,,,
$GPGGA,230400.44,3719.0523100,N,12158.4828700,W,1,0,0.0,0.0000,M,0.0000,M,0.0000,0
$GPRMC,230400.44,A,3719.0523100,N,12158.4828700,W,15.7641,211.4421,101220,,,,
$GPGGA,230401.44,3719.0451640,N,12158.4884740,W,1,0,0.0,0.0000,M,0.0000,M,0.0000,0
$GPRMC,230401.44,A,3719.0451640,N,12158.4884740,W,15.4238,212.5387,101220,,,,
$GPGGA,230402.44,3719.0383420,N,12158.4939940,W,1,0,0.0,0.0000,M,0.0000,M,0.0000,0
$GPRMC,230402.44,A,3719.0383420,N,12158.4939940,W,14.5078,213.1432,101220,,,,
$GPGGA,230403.44,3719.0321740,N,12158.4990820,W,1,0,0.0,0.0000,M,0.0000,M,0.0000,0
$GPRMC,230403.44,A,3719.0321740,N,12158.4990820,W,12.6601,213.5511,101220,,,,
$GPGGA,230404.44,3719.0269960,N,12158.5034080,W,1,0,0.0,0.0000,M,0.0000,M,0.0000,0
$GPRMC,230404.44,A,3719.0269960,N,12158.5034080,W,10.3722,213.8079,101220,,,,
$GPGGA,230405.44,3719.0228800,N,12158.5068460,W,1,0,0.0,0.0000,M,0.0000,M,0.0000,0
$GPRMC,230405.44,A,3719.0228800,N,12158.5068460,W,7.9110,213.7072,101220,,,,
$GPGGA,230406.44,3719.0198920,N,12158.5093360,W,1,0,0.0,0.0000,M,0.0000,M,0.0000,0
$GPRMC,230406.44,A,3719.0198920,N,12158.5093360,W,5.3517,213.6740,101220,,,,
$GPGGA,230407.44,3719.0180200,N,12158.5109140,W,1,0,0.0,0.0000,M,0.0000,M,0.0000,0
$GPRMC,230407.44,A,3719.0180200,N,12158.5109140,W,3.0790,213.7701,101220,,,,
$GPGGA,230408.44,3719.0170900,N,12158.5116880,W,1,0,0.0,0.0000,M,0.0000,M,0.0000,0
$GPRMC,230408.44,A,3719.0170900,N,12158.5116880,W,1.1221,213.6989,101220,,,,
$GPGGA,230409.44,3719.0168380,N,12158.5119040,W,1,0,0.0,0.0000,M,0.0000,M,0.0000,0
$GPRMC,230409.44,A,3719.0168380,N,12158.5119040,W,0.0441,213.6193,101220,,,,
$GPGGA,230410.44,3719.0168440,N,12158.5119040,W,1,0,0.0,0.0000,M,0.0000,M,0.0000,0
$GPRMC,230410.44,A,3719.0168440,N,12158.5119040,W,0.0056,213.6192,101220,,,,
$GPGGA,230411.44,3719.0168440,N,12158.5119100,W,1,0,0.0,0.0000,M,0.0000,M,0.0000,0
$GPRMC,230411.44,A,3719.0168440,N,12158.5119100,W,0.0030,213.6162,101220,,,,
$GPGGA,230412.44,3719.0168440,N,12158.5119100,W,1,0,0.0,0.0000,M,0.0000,M,0.0000,0
$GPRMC,230412.44,A,3719.0168440,N,12158.5119100,W,0.0027,213.6151,101220,,,,
$GPGGA,230413.44,3719.0168440,N,12158.5119160,W,1,0,0.0,0.0000,M,0.0000,M,0.0000,0
$GPRMC,230413.44,A,3719.0168440,N,12158.5119160,W,0.0022,213.6142,101220,,,,
$GPGGA,230414.44,3719.0168440,N,12158.5119160,W,1,0,0.0,0.0000,M,0.0000,M,0.0000,0
$GPRMC,230414.44,A,3719.0168440,N,12158.5119160,W,0.0026,213.6132,101220,,,,
$GPGGA,230415.44,3719.0168440,N,12158.5119220,W,1,0,0.0,0.0000,M,0.0000,M,0.0000,0
$GPRMC,230415.44,A,3719.0168440,N,12158.5119220,W,0.0034,213.6122,101220,,,,
$GPGGA,230416.44,3719.0168380,N,12158.5119220,W,1,0,0.0,0.0000,M,0.0000,M,0.0000,0
$GPRMC,230416.44,A,3719.0168380,N,12158.5119220,W,0.0045,213.6111,101220,,,,
$GPGGA,230417.44,3719.0168380,N,12158.5119220,W,1,0,0.0,0.0000,M,0.0000,M,0.0000,0
$GPRMC,230417.44,A,3719.0168380,N,12158.5119220,W,0.0062,213.6103,101220,,,,
$GPGGA,230418.44,3719.0168380,N,12158.5119280,W,1,0,0.0,0.0000,M,0.0000,M,0.0000,0
$GPRMC,230418.44,A,3719.0168380,N,12158.5119280,W,0.0084,213.6095,101220,,,,
$GPGGA,230419.44,3719.0168440,N,12158.5119280,W,1,0,0.0,0.0000,M,0.0000,M,0.0000,0
$GPRMC,230419.44,A,3719.0168440,N,12158.5119280,W,0.0106,213.6086,101220,,,,
$GPGGA,230420.44,3719.0168440,N,12158.5119280,W,1,0,0.0,0.0000,M,0.0000,M,0.0000,0
$GPRMC,230420.44,A,3719.0168440,N,12158.5119280,W,0.0140,213.6075,101220,,,,
$GPGGA,230421.44,3719.0168440,N,12158.5119280,W,1,0,0.0,0.0000,M,0.0000,M,0.0000,0
$GPRMC,230421.44,A,3719.0168440,N,12158.5119280,W,0.0182,213.6064,101220,,,,
$GPGGA,230422.44,3719.0168500,N,12158.5119280,W,1,0,0.0,0.0000,M,0.0000,M,0.0000,0
$GPRMC,230422.44,A,3719.0168500,N,12158.5119280,W,0.0231,213.6055,101220,,,,
$GPGGA,230423.44,3719.0168560,N,12158.5119220,W,1,0,0.0,0.0000,M,0.0000,M,0.0000,0
$GPRMC,230423.44,A,3719.0168560,N,12158.5119220,W,0.0288,213.6046,101220,,,,
$GPGGA,230424.44,3719.0168620,N,12158.5119160,W,1,0,0.0,0.0000,M,0.0000,M,0.0000,0
$GPRMC,230424.44,A,3719.0168620,N,12158.5119160,W,0.0354,213.6038,101220,,,,
$GPGGA,230425.44,3719.0168740,N,12158.5119040,W,1,0,0.0,0.0000,M,0.0000,M,0.0000,0
$GPRMC,230425.44,A,3719.0168740,N,12158.5119040,W,0.0432,213.6027,101220,,,,
$GPGGA,230426.44,3719.0168800,N,12158.5118860,W,1,0,0.0,0.0000,M,0.0000,M,0.0000,0
$GPRMC,230426.44,A,3719.0168800,N,12158.5118860,W,0.0708,213.6029,101220,,,,
$GPGGA,230427.44,3719.0167420,N,12158.5119940,W,1,0,0.0,0.0000,M,0.0000,M,0.0000,0
$GPRMC,230427.44,A,3719.0167420,N,12158.5119940,W,0.8412,213.6081,101220,,,,
$GPGGA,230428.44,3719.0159800,N,12158.5126060,W,1,0,0.0,0.0000,M,0.0000,M,0.0000,0
$GPRMC,230428.44,A,3719.0159800,N,12158.5126060,W,2.6380,213.3907,101220,,,,
$GPGGA,230429.44,3719.0143240,N,12158.5137760,W,1,0,0.0,0.0000,M,0.0000,M,0.0000,0
$GPRMC,230429.44,A,3719.0143240,N,12158.5137760,W,4.2376,210.5438,101220,,,,
$GPGGA,230430.44,3719.0118400,N,12158.5149580,W,1,0,0.0,0.0000,M,0.0000,M,0.0000,0
$GPRMC,230430.44,A,3719.0118400,N,12158.5149580,W,5.6943,201.1897,101220,,,,
$GPGGA,230431.44,3719.0084680,N,12158.5152700,W,1,0,0.0,0.0000,M,0.0000,M,0.0000,0
$GPRMC,230431.44,A,3719.0084680,N,12158.5152700,W,6.9210,182.8298,101220,,,,
$GPGGA,230432.44,3719.0049100,N,12158.5137280,W,1,0,0.0,0.0000,M,0.0000,M,0.0000,0
$GPRMC,230432.44,A,3719.0049100,N,12158.5137280,W,7.4645,157.2299,101220,,,,
$GPGGA,230433.44,3719.0019880,N,12158.5100380,W,1,0,0.0,0.0000,M,0.0000,M,0.0000,0
$GPRMC,230433.44,A,3719.0019880,N,12158.5100380,W,8.5182,131.8561,101220,,,,
$GPGGA,230434.44,3718.9997380,N,12158.5045000,W,1,0,0.0,0.0000,M,0.0000,M,0.0000,0
$GPRMC,230434.44,A,3718.9997380,N,12158.5045000,W,10.1137,115.0458,101220,,,,
$GPGGA,230435.44,3718.9978660,N,12158.4975340,W,1,0,0.0,0.0000,M,0.0000,M,0.0000,0
$GPRMC,230435.44,A,3718.9978660,N,12158.4975340,W,11.5932,107.9772,101220,,,,
$GPGGA,230436.44,3718.9961140,N,12158.4895600,W,1,0,0.0,0.0000,M,0.0000,M,0.0000,0
$GPRMC,230436.44,A,3718.9961140,N,12158.4895600,W,12.8537,105.0340,101220,,,,
$GPGGA,230437.44,3718.9943380,N,12158.4807520,W,1,0,0.0,0.0000,M,0.0000,M,0.0000,0
$GPRMC,230437.44,A,3718.9943380,N,12158.4807520,W,14.0740,104.2433,101220,,,,
$GPGGA,230438.44,3718.9924300,N,12158.4710860,W,1,0,0.0,0.0000,M,0.0000,M,0.0000,0
$GPRMC,230438.44,A,3718.9924300,N,12158.4710860,W,15.3950,103.9510,101220,,,,
$GPGGA,230439.44,3718.9903480,N,12158.4605200,W,1,0,0.0,0.0000,M,0.0000,M,0.0000,0
$GPRMC,230439.44,A,3718.9903480,N,12158.4605200,W,16.7805,104.0684,101220,,,,
$GPGGA,230440.44,3718.9880560,N,12158.4490720,W,1,0,0.0,0.0000,M,0.0000,M,0.0000,0
$GPRMC,230440.44,A,3718.9880560,N,12158.4490720,W,18.0480,104.3759,101220,,,,
$GPGGA,230441.44,3718.9855960,N,12158.4369040,W,1,0,0.0,0.0000,M,0.0000,M,0.0000,0
$GPRMC,230441.44,A,3718.9855960,N,12158.4369040,W,18.9425,104.3152,101220,,,,
$GPGGA,230442.44,3718.9830760,N,12158.4242860,W,1,0,0.0,0.0000,M,0.0000,M,0.0000,0
$GPRMC,230442.44,A,3718.9830760,N,12158.4242860,W,19.4706,104.1680,101220,,,,
$GPGGA,230443.44,3718.9805500,N,12158.4113200,W,1,0,0.0,0.0000,M,0.0000,M,0.0000,0
$GPRMC,230443.44,A,3718.9805500,N,12158.4113200,W,20.0030,103.6433,101220,,,,
$GPGGA,230444.44,3718.9781560,N,12158.3979100,W,1,0,0.0,0.0000,M,0.0000,M,0.0000,0
$GPRMC,230444.44,A,3718.9781560,N,12158.3979100,W,20.6177,102.0044,101220,,,,
$GPGGA,230445.44,3718.9761580,N,12158.3840020,W,1,0,0.0,0.0000,M,0.0000,M,0.0000,0
$GPRMC,230445.44,A,3718.9761580,N,12158.3840020,W,21.2170,98.9904,101220,,,,
$GPGGA,230446.44,3718.9747600,N,12158.3695240,W,1,0,0.0,0.0000,M,0.0000,M,0.0000,0
$GPRMC,230446.44,A,3718.9747600,N,12158.3695240,W,21.9421,95.8390,101220,,,,
$GPGGA,230447.44,3718.9738120,N,12158.3544160,W,1,0,0.0,0.0000,M,0.0000,M,0.0000,0
$GPRMC,230447.44,A,3718.9738120,N,12158.3544160,W,22.8741,94.0352,101220,,,,
$GPGGA,230448.44,3718.9730380,N,12158.3386720,W,1,0,0.0,0.0000,M,0.0000,M,0.0000,0
$GPRMC,230448.44,A,3718.9730380,N,12158.3386720,W,23.6989,93.3913,101220,,,,
$GPGGA,230449.44,3718.9723120,N,12158.3225080,W,1,0,0.0,0.0000,M,0.0000,M,0.0000,0
$GPRMC,230449.44,A,3718.9723120,N,12158.3225080,W,24.0841,93.4797,101220,,,,
$GPGGA,230450.44,3718.9714900,N,12158.3062900,W,1,0,0.0,0.0000,M,0.0000,M,0.0000,0
$GPRMC,230450.44,A,3718.9714900,N,12158.3062900,W,23.8790,94.1883,101220,,,,
$GPGGA,230451.44,3718.9705540,N,12158.2902760,W,1,0,0.0,0.0000,M,0.0000,M,0.0000,0
$GPRMC,230451.44,A,3718.9705540,N,12158.2902760,W,23.5758,94.2267,101220,,,,
$GPGGA,230452.44,3718.9697560,N,12158.2744360,W,1,0,0.0,0.0000,M,0.0000,M,0.0000,0
$GPRMC,230452.44,A,3718.9697560,N,12158.2744360,W,23.3325,93.0788,101220,,,,
$GPGGA,230453.44,3718.9692940,N,12158.2586860,W,1,0,0.0,0.0000,M,0.0000,M,0.0000,0
$GPRMC,230453.44,A,3718.9692940,N,12158.2586860,W,23.3339,91.5038,101220,,,,
$GPGGA,230454.44,3718.9691200,N,12158.2427740,W,1,0,0.0,0.0000,M,0.0000,M,0.0000,0
$GPRMC,230454.44,A,3718.9691200,N,12158.2427740,W,23.7611,90.5253,101220,,,,
$GPGGA,230455.44,3718.9690960,N,12158.2264720,W,1,0,0.0,0.0000,M,0.0000,M,0.0000,0
$GPRMC,230455.44,A,3718.9690960,N,12158.2264720,W,24.3978,90.0607,101220,,,,
$GPGGA,230456.44,3718.9691860,N,12158.2097500,W,1,0,0.0,0.0000,M,0.0000,M,0.0000,0
$GPRMC,230456.44,A,3718.9691860,N,12158.2097500,W,25.0399,89.3660,101220,,,,
$GPGGA,230457.44,3718.9694800,N,12158.1926620,W,1,0,0.0,0.0000,M,0.0000,M,0.0000,0
$GPRMC,230457.44,A,3718.9694800,N,12158.1926620,W,25.4321,88.4098,101220,,,,
$GPGGA,230458.44,3718.9699480,N,12158.1754480,W,1,0,0.0,0.0000,M,0.0000,M,0.0000,0
$GPRMC,230458.44,A,3718.9699480,N,12158.1754480,W,25.4068,88.0323,101220,,,,
$GPGGA,230459.44,3718.9704340,N,12158.1582760,W,1,0,0.0,0.0000,M,0.0000,M,0.0000,0
$GPRMC,230459.44,A,3718.9704340,N,12158.1582760,W,25.3647,88.0005,101220,,,,
$GPGGA,230500.44,3718.9709380,N,12158.1410860,W,1,0,0.0,0.0000,M,0.0000,M,0.0000,0
$GPRMC,230500.44,A,3718.9709380,N,12158.1410860,W,25.4952,87.8324,101220,,,,
$GPGGA,230501.44,3718.9714960,N,12158.1237700,W,1,0,0.0,0.0000,M,0.0000,M,0.0000,0
$GPRMC,230501.44,A,3718.9714960,N,12158.1237700,W,25.7134,87.6657,101220,,,,
$GPGGA,230502.44,3718.9720540,N,12158.1063160,W,1,0,0.0,0.0000,M,0.0000,M,0.0000,0
$GPRMC,230502.44,A,3718.9720540,N,12158.1063160,W,25.9102,87.7968,101220,,,,
$GPGGA,230503.44,3718.9725940,N,12158.0887360,W,1,0,0.0,0.0000,M,0.0000,M,0.0000,0
$GPRMC,230503.44,A,3718.9725940,N,12158.0887360,W,26.0622,87.7860,101220,,,,
$GPGGA,230504.44,3718.9731760,N,12158.0710660,W,1,0,0.0,0.0000,M,0.0000,M,0.0000,0
$GPRMC,230504.44,A,3718.9731760,N,12158.0710660,W,26.1545,87.6051,101220,,,,
$GPGGA,230505.44,3718.9737760,N,12158.0534140,W,1,0,0.0,0.0000,M,0.0000,M,0.0000,0
$GPRMC,230505.44,A,3718.9737760,N,12158.0534140,W,25.9957,87.6633,101220,,,,
$GPGGA,230506.44,3718.9743280,N,12158.0359660,W,1,0,0.0,0.0000,M,0.0000,M,0.0000,0
$GPRMC,230506.44,A,3718.9743280,N,12158.0359660,W,25.5863,87.7496,101220,,,,
$GPGGA,230507.44,3718.9748620,N,12158.0188180,W,1,0,0.0,0.0000,M,0.0000,M,0.0000,0
$GPRMC,230507.44,A,3718.9748620,N,12158.0188180,W,25.1037,87.8153,101220,,,,
$GPGGA,230508.44,3718.9753720,N,12158.0020120,W,1,0,0.0,0.0000,M,0.0000,M,0.0000,0
$GPRMC,230508.44,A,3718.9753720,N,12158.0020120,W,24.5946,87.8740,101220,,,,
$GPGGA,230509.44,3718.9758700,N,12157.9855480,W,1,0,0.0,0.0000,M,0.0000,M,0.0000,0
$GPRMC,230509.44,A,3718.9758700,N,12157.9855480,W,24.0916,87.7733,101220,,,,
$GPGGA,230510.44,3718.9763860,N,12157.9694020,W,1,0,0.0,0.0000,M,0.0000,M,0.0000,0
$GPRMC,230510.44,A,3718.9763860,N,12157.9694020,W,23.6582,87.7656,101220,,,,
$GPGGA,230511.44,3718.9768840,N,12157.9535080,W,1,0,0.0,0.0000,M,0.0000,M,0.0000,0
$GPRMC,230511.44,A,3718.9768840,N,12157.9535080,W,23.3741,87.7958,101220,,,,
$GPGGA,230512.44,3718.9773820,N,12157.9377520,W,1,0,0.0,0.0000,M,0.0000,M,0.0000,0
$GPRMC,230512.44,A,3718.9773820,N,12157.9377520,W,23.2051,87.7461,101220,,,,
$GPGGA,230513.44,3718.9778800,N,12157.9221040,W,1,0,0.0,0.0000,M,0.0000,M,0.0000,0
$GPRMC,230513.44,A,3718.9778800,N,12157.9221040,W,23.0643,87.6811,101220,,,,
$GPGGA,230514.44,3718.9783960,N,12157.9065700,W,1,0,0.0,0.0000,M,0.0000,M,0.0000,0
$GPRMC,230514.44,A,3718.9783960,N,12157.9065700,W,22.8638,87.7405,101220,,,,
$GPGGA,230515.44,3718.9788640,N,12157.8911980,W,1,0,0.0,0.0000,M,0.0000,M,0.0000,0
$GPRMC,230515.44,A,3718.9788640,N,12157.8911980,W,22.5701,88.0210,101220,,,,
$GPGGA,230516.44,3718.9792780,N,12157.8760240,W,1,0,0.0,0.0000,M,0.0000,M,0.0000,0
$GPRMC,230516.44,A,3718.9792780,N,12157.8760240,W,22.3294,88.1122,101220,,,,
$GPGGA,230517.44,3718.9796620,N,12157.8609280,W,1,0,0.0,0.0000,M,0.0000,M,0.0000,0
$GPRMC,230517.44,A,3718.9796620,N,12157.8609280,W,22.3301,88.2773,101220,,,,
$GPGGA,230518.44,3718.9799680,N,12157.8457420,W,1,0,0.0,0.0000,M,0.0000,M,0.0000,0
$GPRMC,230518.44,A,3718.9799680,N,12157.8457420,W,22.5705,88.8622,101220,,,,
$GPGGA,230519.44,3718.9801240,N,12157.8303580,W,1,0,0.0,0.0000,M,0.0000,M,0.0000,0
$GPRMC,230519.44,A,3718.9801240,N,12157.8303580,W,22.9084,89.6583,101220,,,,
$GPGGA,230520.44,3718.9801120,N,12157.8146980,W,1,0,0.0,0.0000,M,0.0000,M,0.0000,0
$GPRMC,230520.44,A,3718.9801120,N,12157.8146980,W,23.3604,90.3900,101220,,,,
$GPGGA,230521.44,3718.9799680,N,12157.7986840,W,1,0,0.0,0.0000,M,0.0000,M,0.0000,0
$GPRMC,230521.44,A,3718.9799680,N,12157.7986840,W,23.9486,90.8450,101220,,,,
$GPGGA,230522.44,3718.9797460,N,12157.7822800,W,1,0,0.0,0.0000,M,0.0000,M,0.0000,0
$GPRMC,230522.44,A,3718.9797460,N,12157.7822800,W,24.4452,91.1209,101220,,,,
$GPGGA,230523.44,3718.9794940,N,12157.7656660,W,1,0,0.0,0.0000,M,0.0000,M,0.0000,0
$GPRMC,230523.44,A,3718.9794940,N,12157.7656660,W,24.5704,91.0745,101220,,,,
$GPGGA,230524.44,3718.9792600,N,12157.7490700,W,1,0,0.0,0.0000,M,0.0000,M,0.0000,0
$GPRMC,230524.44,A,3718.9792600,N,12157.7490700,W,24.4789,90.9550,101220,,,,
$GPGGA,230525.44,3718.9790440,N,12157.7325400,W,1,0,0.0,0.0000,M,0.0000,M,0.0000,0
$GPRMC,230525.44,A,3718.9790440,N,12157.7325400,W,24.3767,90.9916,101220,,,,
$GPGGA,230526.44,3718.9787980,N,12157.7160640,W,1,0,0.0,0.0000,M,0.0000,M,0.0000,0
$GPRMC,230526.44,A,3718.9787980,N,12157.7160640,W,24.3087,91.1164,101220,,,,
$GPGGA,230527.44,3718.9785520,N,12157.6996240,W,1,0,0.0,0.0000,M,0.0000,M,0.0000,0
$GPRMC,230527.44,A,3718.9785520,N,12157.6996240,W,24.2640,91.1152,101220,,,,
$GPGGA,230528.44,3718.9783120,N,12157.6831960,W,1,0,0.0,0.0000,M,0.0000,M,0.0000,0
$GPRMC,230528.44,A,3718.9783120,N,12157.6831960,W,24.2853,90.9301,101220,,,,
$GPGGA,230529.44,3718.9781140,N,12157.6667560,W,1,0,0.0,0.0000,M,0.0000,M,0.0000,0
$GPRMC,230529.44,A,3718.9781140,N,12157.6667560,W,24.3094,90.8797,101220,,,,
$GPGGA,230530.44,3718.9779040,N,12157.6503280,W,1,0,0.0,0.0000,M,0.0000,M,0.0000,0
$GPRMC,230530.44,A,3718.9779040,N,12157.6503280,W,24.2227,90.9429,101220,,,,
$GPGGA,230531.44,3718.9776820,N,12157.6339840,W,1,0,0.0,0.0000,M,0.0000,M,0.0000,0
$GPRMC,230531.44,A,3718.9776820,N,12157.6339840,W,24.0735,90.9507,101220,,,,
$GPGGA,230532.44,3718.9774840,N,12157.6177480,W,1,0,0.0,0.0000,M,0.0000,M,0.0000,0
$GPRMC,230532.44,A,3718.9774840,N,12157.6177480,W,23.8981,90.8484,101220,,,,
$GPGGA,230533.44,3718.9773040,N,12157.6016380,W,1,0,0.0,0.0000,M,0.0000,M,0.0000,0
$GPRMC,230533.44,A,3718.9773040,N,12157.6016380,W,23.7160,90.8695,101220,,,,
$GPGGA,230534.44,3718.9771060,N,12157.5856660,W,1,0,0.0,0.0000,M,0.0000,M,0.0000,0
$GPRMC,230534.44,A,3718.9771060,N,12157.5856660,W,23.4875,90.9570,101220,,,,
$GPGGA,230535.44,3718.9769020,N,12157.5698200,W,1,0,0.0,0.0000,M,0.0000,M,0.0000,0
$GPRMC,230535.44,A,3718.9769020,N,12157.5698200,W,23.3924,90.9858,101220,,,,
$GPGGA,230536.44,3718.9766320,N,12157.5539020,W,1,0,0.0,0.0000,M,0.0000,M,0.0000,0
$GPRMC,230536.44,A,3718.9766320,N,12157.5539020,W,23.7049,91.5193,101220,,,,
$GPGGA,230537.44,3718.9761520,N,12157.5376060,W,1,0,0.0,0.0000,M,0.0000,M,0.0000,0
$GPRMC,230537.44,A,3718.9761520,N,12157.5376060,W,24.5077,92.5447,101220,,,,
$GPGGA,230538.44,3718.9755100,N,12157.5206500,W,1,0,0.0,0.0000,M,0.0000,M,0.0000,0
$GPRMC,230538.44,A,3718.9755100,N,12157.5206500,W,25.6708,92.7170,101220,,,,
$GPGGA,230539.44,3718.9750000,N,12157.5029260,W,1,0,0.0,0.0000,M,0.0000,M,0.0000,0
$GPRMC,230539.44,A,3718.9750000,N,12157.5029260,W,26.6932,91.4079,101220,,,,
$GPGGA,230540.44,3718.9749100,N,12157.4845900,W,1,0,0.0,0.0000,M,0.0000,M,0.0000,0
$GPRMC,230540.44,A,3718.9749100,N,12157.4845900,W,27.4220,89.5826,101220,,,,
$GPGGA,230541.44,3718.9752100,N,12157.4658220,W,1,0,0.0,0.0000,M,0.0000,M,0.0000,0
$GPRMC,230541.44,A,3718.9752100,N,12157.4658220,W,28.0441,88.3689,101220,,,,
$GPGGA,230542.44,3718.9757680,N,12157.4466520,W,1,0,0.0,0.0000,M,0.0000,M,0.0000,0
$GPRMC,230542.44,A,3718.9757680,N,12157.4466520,W,28.6178,87.5769,101220,,,,
$GPGGA,230543.44,3718.9765360,N,12157.4272180,W,1,0,0.0,0.0000,M,0.0000,M,0.0000,0
$GPRMC,230543.44,A,3718.9765360,N,12157.4272180,W,28.8355,86.8685,101220,,,,
$GPGGA,230544.44,3718.9775020,N,12157.4078140,W,1,0,0.0,0.0000,M,0.0000,M,0.0000,0
$GPRMC,230544.44,A,3718.9775020,N,12157.4078140,W,28.5720,86.0707,101220,,,,
$GPGGA,230545.44,3718.9786780,N,12157.3886440,W,1,0,0.0,0.0000,M,0.0000,M,0.0000,0
$GPRMC,230545.44,A,3718.9786780,N,12157.3886440,W,28.2358,85.2410,101220,,,,
$GPGGA,230546.44,3718.9800160,N,12157.3697080,W,1,0,0.0,0.0000,M,0.0000,M,0.0000,0
$GPRMC,230546.44,A,3718.9800160,N,12157.3697080,W,27.9298,84.7650,101220,,,,
$GPGGA,230547.44,3718.9814140,N,12157.3510000,W,1,0,0.0,0.0000,M,0.0000,M,0.0000,0
$GPRMC,230547.44,A,3718.9814140,N,12157.3510000,W,27.6341,84.5560,101220,,,,
$GPGGA,230548.44,3718.9828000,N,12157.3324720,W,1,0,0.0,0.0000,M,0.0000,M,0.0000,0
$GPRMC,230548.44,A,3718.9828000,N,12157.3324720,W,27.3299,84.7561,101220,,,,
$GPGGA,230549.44,3718.9840540,N,12157.3141540,W,1,0,0.0,0.0000,M,0.0000,M,0.0000,0
$GPRMC,230549.44,A,3718.9840540,N,12157.3141540,W,27.0002,85.4824,101220,,,,
$GPGGA,230550.44,3718.9850500,N,12157.2960460,W,1,0,0.0,0.0000,M,0.0000,M,0.0000,0
$GPRMC,230550.44,A,3718.9850500,N,12157.2960460,W,26.6520,86.7394,101220,,,,
$GPGGA,230551.44,3718.9856800,N,12157.2780760,W,1,0,0.0,0.0000,M,0.0000,M,0.0000,0
$GPRMC,230551.44,A,3718.9856800,N,12157.2780760,W,26.5296,88.1711,101220,,,,
$GPGGA,230552.44,3718.9860400,N,12157.2601060,W,1,0,0.0,0.0000,M,0.0000,M,0.0000,0
$GPRMC,230552.44,A,3718.9860400,N,12157.2601060,W,26.5765,88.7740,101220,,,,
$GPGGA,230553.44,3718.9863340,N,12157.2421540,W,1,0,0.0,0.0000,M,0.0000,M,0.0000,0
$GPRMC,230553.44,A,3718.9863340,N,12157.2421540,W,26.4065,88.7831,101220,,,,
$GPGGA,230554.44,3718.9866280,N,12157.2243880,W,1,0,0.0,0.0000,M,0.0000,M,0.0000,0
$GPRMC,230554.44,A,3718.9866280,N,12157.2243880,W,26.0630,88.6773,101220,,,,
$GPGGA,230555.44,3718.9869580,N,12157.2068920,W,1,0,0.0,0.0000,M,0.0000,M,0.0000,0
$GPRMC,230555.44,A,3718.9869580,N,12157.2068920,W,25.6379,88.4946,101220,,,,
$GPGGA,230556.44,3718.9873300,N,12157.1896960,W,1,0,0.0,0.0000,M,0.0000,M,0.0000,0
$GPRMC,230556.44,A,3718.9873300,N,12157.1896960,W,25.1853,88.2924,101220,,,,
$GPGGA,230557.44,3718.9877140,N,12157.1728120,W,1,0,0.0,0.0000,M,0.0000,M,0.0000,0
$GPRMC,230557.44,A,3718.9877140,N,12157.1728120,W,24.7235,88.3541,101220,,,,
$GPGGA,230558.44,3718.9880320,N,12157.1563000,W,1,0,0.0,0.0000,M,0.0000,M,0.0000,0
$GPRMC,230558.44,A,3718.9880320,N,12157.1563000,W,23.9780,88.7181,101220,,,,
$GPGGA,230559.44,3718.9882780,N,12157.1405680,W,1,0,0.0,0.0000,M,0.0000,M,0.0000,0
$GPRMC,230559.44,A,3718.9882780,N,12157.1405680,W,22.3341,88.7715,101220,,,,
$GPGGA,230600.44,3718.9885240,N,12157.1262760,W,1,0,0.0,0.0000,M,0.0000,M,0.0000,0
$GPRMC,230600.44,A,3718.9885240,N,12157.1262760,W,19.8445,88.4319,101220,,,,
$GPGGA,230601.44,3718.9887820,N,12157.1138080,W,1,0,0.0,0.0000,M,0.0000,M,0.0000,0
$GPRMC,230601.44,A,3718.9887820,N,12157.1138080,W,16.9910,88.5000,101220,,,,
$GPGGA,230602.44,3718.9887100,N,12157.1033560,W,1,0,0.0,0.0000,M,0.0000,M,0.0000,0
$GPRMC,230602.44,A,3718.9887100,N,12157.1033560,W,13.8355,93.2717,101220,,,,
$GPGGA,230603.44,3718.9874500,N,12157.0952080,W,1,0,0.0,0.0000,M,0.0000,M,0.0000,0
$GPRMC,230603.44,A,3718.9874500,N,12157.0952080,W,11.0321,108.3851,101220,,,,
$GPGGA,230604.44,3718.9845340,N,12157.0896880,W,1,0,0.0,0.0000,M,0.0000,M,0.0000,0
$GPRMC,230604.44,A,3718.9845340,N,12157.0896880,W,9.1303,132.4213,101220,,,,
$GPGGA,230605.44,3718.9806520,N,12157.0868680,W,1,0,0.0,0.0000,M,0.0000,M,0.0000,0
$GPRMC,230605.44,A,3718.9806520,N,12157.0868680,W,7.8970,156.2597,101220,,,,
$GPGGA,230606.44,3718.9767160,N,12157.0856080,W,1,0,0.0,0.0000,M,0.0000,M,0.0000,0
$GPRMC,230606.44,A,3718.9767160,N,12157.0856080,W,7.2305,166.5536,101220,,,,
$GPGGA,230607.44,3718.9732000,N,12157.0839820,W,1,0,0.0,0.0000,M,0.0000,M,0.0000,0
$GPRMC,230607.44,A,3718.9732000,N,12157.0839820,W,6.8121,156.8470,101220,,,,
$GPGGA,230608.44,3718.9704640,N,12157.0812040,W,1,0,0.0,0.0000,M,0.0000,M,0.0000,0
$GPRMC,230608.44,A,3718.9704640,N,12157.0812040,W,6.5248,137.5928,101220,,,,
$GPGGA,230609.44,3718.9687660,N,12157.0775680,W,1,0,0.0,0.0000,M,0.0000,M,0.0000,0
$GPRMC,230609.44,A,3718.9687660,N,12157.0775680,W,6.2785,117.4091,101220,,,,
$GPGGA,230610.44,3718.9681540,N,12157.0735120,W,1,0,0.0,0.0000,M,0.0000,M,0.0000,0
$GPRMC,230610.44,A,3718.9681540,N,12157.0735120,W,6.2308,99.5635,101220,,,,
$GPGGA,230611.44,3718.9680700,N,12157.0691680,W,1,0,0.0,0.0000,M,0.0000,M,0.0000,0
$GPRMC,230611.44,A,3718.9680700,N,12157.0691680,W,6.7531,91.6194,101220,,,,
$GPGGA,230612.44,3718.9680460,N,12157.0644400,W,1,0,0.0,0.0000,M,0.0000,M,0.0000,0
$GPRMC,230612.44,A,3718.9680460,N,12157.0644400,W,7.1982,90.5904,101220,,,,
$GPGGA,230613.44,3718.9680340,N,12157.0595560,W,1,0,0.0,0.0000,M,0.0000,M,0.0000,0
$GPRMC,230613.44,A,3718.9680340,N,12157.0595560,W,7.1391,90.5653,101220,,,,
$GPGGA,230614.44,3718.9679800,N,12157.0548820,W,1,0,0.0,0.0000,M,0.0000,M,0.0000,0
$GPRMC,230614.44,A,3718.9679800,N,12157.0548820,W,6.5392,91.2163,101220,,,,
$GPGGA,230615.44,3718.9678840,N,12157.0508500,W,1,0,0.0,0.0000,M,0.0000,M,0.0000,0
$GPRMC,230615.44,A,3718.9678840,N,12157.0508500,W,5.3194,92.1776,101220,,,,
$GPGGA,230616.44,3718.9677760,N,12157.0477780,W,1,0,0.0,0.0000,M,0.0000,M,0.0000,0
$GPRMC,230616.44,A,3718.9677760,N,12157.0477780,W,3.7769,92.7755,101220,,,,
$GPGGA,230617.44,3718.9677040,N,12157.0456960,W,1,0,0.0,0.0000,M,0.0000,M,0.0000,0
$GPRMC,230617.44,A,3718.9677040,N,12157.0456960,W,2.4258,92.8249,101220,,,,
$GPGGA,230618.44,3718.9676680,N,12157.0444300,W,1,0,0.0,0.0000,M,0.0000,M,0.0000,0
$GPRMC,230618.44,A,3718.9676680,N,12157.0444300,W,1.3310,92.7568,101220,,,,
$GPGGA,230619.44,3718.9676500,N,12157.0438840,W,1,0,0.0,0.0000,M,0.0000,M,0.0000,0
$GPRMC,230619.44,A,3718.9676500,N,12157.0438840,W,0.3801,92.7218,101220,,,,
$GPGGA,230620.44,3718.9676500,N,12157.0438180,W,1,0,0.0,0.0000,M,0.0000,M,0.0000,0
$GPRMC,230620.44,A,3718.9676500,N,12157.0438180,W,0.0107,92.7142,101220,,,,
$GPGGA,230621.44,3718.9676560,N,12157.0438120,W,1,0,0.0,0.0000,M,0.0000,M,0.0000,0
$GPRMC,230621.44,A,3718.9676560,N,12157.0438120,W,0.0080,92.7114,101220,,,,
$GPGGA,230622.44,3718.9676620,N,12157.0438120,W,1,0,0.0,0.0000,M,0.0000,M,0.0000,0
$GPRMC,230622.44,A,3718.9676620,N,12157.0438120,W,0.0060,92.7100,101220,,,,
$GPGGA,230623.44,3718.9676620,N,12157.0438120,W,1,0,0.0,0.0000,M,0.0000,M,0.0000,0
$GPRMC,230623.44,A,3718.9676620,N,12157.0438120,W,0.0048,92.7095,101220,,,,
$GPGGA,230624.44,3718.9676620,N,12157.0438060,W,1,0,0.0,0.0000,M,0.0000,M,0.0000,0
$GPRMC,230624.44,A,3718.9676620,N,12157.0438060,W,0.0043,92.7084,101220,,,,
$GPGGA,230625.44,3718.9676620,N,12157.0438060,W,1,0,0.0,0.0000,M,0.0000,M,0.0000,0
$GPRMC,230625.44,A,3718.9676620,N,12157.0438060,W,0.0041,92.7073,101220,,,,
$GPGGA,230626.44,3718.9676620,N,12157.0438060,W,1,0,0.0,0.0000,M,0.0000,M,0.0000,0
$GPRMC,230626.44,A,3718.9676620,N,12157.0438060,W,0.0041,92.7062,101220,,,,
$GPGGA,230627.44,3718.9676620,N,12157.0438060,W,1,0,0.0,0.0000,M,0.0000,M,0.0000,0
$GPRMC,230627.44,A,3718.9676620,N,12157.0438060,W,0.0036,92.7053,101220,,,,
$GPGGA,230628.44,3718.9676620,N,12157.0438060,W,1,0,0.0,0.0000,M,0.0000,M,0.0000,0
$GPRMC,230628.44,A,3718.9676620,N,12157.0438060,W,0.0027,92.7042,101220,,,,
$GPGGA,230629.44,3718.9676620,N,12157.0438000,W,1,0,0.0,0.0000,M,0.0000,M,0.0000,0
$GPRMC,230629.44,A,3718.9676620,N,12157.0438000,W,0.0019,92.7031,101220,,,,
$GPGGA,230630.44,3718.9676620,N,12157.0438000,W,1,0,0.0,0.0000,M,0.0000,M,0.0000,0
$GPRMC,230630.44,A,3718.9676620,N,12157.0438000,W,0.0017,92.7019,101220,,,,
$GPGGA,230631.44,3718.9676620,N,12157.0438000,W,1,0,0.0,0.0000,M,0.0000,M,0.0000,0
$GPRMC,230631.44,A,3718.9676620,N,12157.0438000,W,0.0027,92.7008,101220,,,,
$GPGGA,230632.44,3718.9676620,N,12157.0438000,W,1,0,0.0,0.0000,M,0.0000,M,0.0000,0
$GPRMC,230632.44,A,3718.9676620,N,12157.0438000,W,0.0048,92.6998,101220,,,,
$GPGGA,230633.44,3718.9676620,N,12157.0437820,W,1,0,0.0,0.0000,M,0.0000,M,0.0000,0
$GPRMC,230633.44,A,3718.9676620,N,12157.0437820,W,0.1370,92.6956,101220,,,,
$GPGGA,230634.44,3718.9676560,N,12157.0434820,W,1,0,0.0,0.0000,M,0.0000,M,0.0000,0
$GPRMC,230634.44,A,3718.9676560,N,12157.0434820,W,0.9447,92.6530,101220,,,,
$GPGGA,230635.44,3718.9676140,N,12157.0422640,W,1,0,0.0,0.0000,M,0.0000,M,0.0000,0
$GPRMC,230635.44,A,3718.9676140,N,12157.0422640,W,2.7564,92.7514,101220,,,,
$GPGGA,230636.44,3718.9675000,N,12157.0396660,W,1,0,0.0,0.0000,M,0.0000,M,0.0000,0
$GPRMC,230636.44,A,3718.9675000,N,12157.0396660,W,4.7792,93.0691,101220,,,,
$GPGGA,230637.44,3718.9673440,N,12157.0359640,W,1,0,0.0,0.0000,M,0.0000,M,0.0000,0
$GPRMC,230637.44,A,3718.9673440,N,12157.0359640,W,6.0312,93.1006,101220,,,,
$GPGGA,230638.44,3718.9671880,N,12157.0316200,W,1,0,0.0,0.0000,M,0.0000,M,0.0000,0
$GPRMC,230638.44,A,3718.9671880,N,12157.0316200,W,6.8734,92.6681,101220,,,,
$GPGGA,230639.44,3718.9670560,N,12157.0266940,W,1,0,0.0,0.0000,M,0.0000,M,0.0000,0
$GPRMC,230639.44,A,3718.9670560,N,12157.0266940,W,7.6228,91.9856,101220,,,,
$GPGGA,230640.44,3718.9670740,N,12157.0214620,W,1,0,0.0,0.0000,M,0.0000,M,0.0000,0
$GPRMC,230640.44,A,3718.9670740,N,12157.0214620,W,7.7169,88.8105,101220,,,,
$GPGGA,230641.44,3718.9676380,N,12157.0164280,W,1,0,0.0,0.0000,M,0.0000,M,0.0000,0
$GPRMC,230641.44,A,3718.9676380,N,12157.0164280,W,7.4559,79.4633,101220,,,,
$GPGGA,230642.44,3718.9691380,N,12157.0119700,W,1,0,0.0,0.0000,M,0.0000,M,0.0000,0
$GPRMC,230642.44,A,3718.9691380,N,12157.0119700,W,7.1137,64.0433,101220,,,,
$GPGGA,230643.44,3718.9716460,N,12157.0086220,W,1,0,0.0,0.0000,M,0.0000,M,0.0000,0
$GPRMC,230643.44,A,3718.9716460,N,12157.0086220,W,6.8252,42.5050,101220,,,,
$GPGGA,230644.44,3718.9749640,N,12157.0070560,W,1,0,0.0,0.0000,M,0.0000,M,0.0000,0
$GPRMC,230644.44,A,3718.9749640,N,12157.0070560,W,6.8563,17.2964,101220,,,,
$GPGGA,230645.44,3718.9788040,N,12157.0068580,W,1,0,0.0,0.0000,M,0.0000,M,0.0000,0
$GPRMC,230645.44,A,3718.9788040,N,12157.0068580,W,7.8032,1.8983,101220,,,,
$GPGGA,230646.44,3718.9835980,N,12157.0070140,W,1,0,0.0,0.0000,M,0.0000,M,0.0000,0
$GPRMC,230646.44,A,3718.9835980,N,12157.0070140,W,10.0612,359.5790,101220,,,,
$GPGGA,230647.44,3718.9898320,N,12157.0071580,W,1,0,0.0,0.0000,M,0.0000,M,0.0000,0
$GPRMC,230647.44,A,3718.9898320,N,12157.0071580,W,12.9083,359.5634,101220,,,,
$GPGGA,230648.44,3718.9973140,N,12157.0072480,W,1,0,0.0,0.0000,M,0.0000,M,0.0000,0
$GPRMC,230648.44,A,3718.9973140,N,12157.0072480,W,14.6012,359.8080,101220,,,,
$GPGGA,230649.44,3719.0052580,N,12157.0073020,W,1,0,0.0,0.0000,M,0.0000,M,0.0000,0
$GPRMC,230649.44,A,3719.0052580,N,12157.0073020,W,14.4080,359.9603,101220,,,,
$GPGGA,230650.44,3719.0126140,N,12157.0073260,W,1,0,0.0,0.0000,M,0.0000,M,0.0000,0
$GPRMC,230650.44,A,3719.0126140,N,12157.0073260,W,12.4631,0.0160,101220,,,,
$GPGGA,230651.44,3719.0185000,N,12157.0073260,W,1,0,0.0,0.0000,M,0.0000,M,0.0000,0
$GPRMC,230651.44,A,3719.0185000,N,12157.0073260,W,9.2424,0.1718,101220,,,,
$GPGGA,230652.44,3719.0225800,N,12157.0073320,W,1,0,0.0,0.0000,M,0.0000,M,0.0000,0
$GPRMC,230652.44,A,3719.0225800,N,12157.0073320,W,5.9210,0.2787,101220,,,,
$GPGGA,230653.44,3719.0250160,N,12157.0073260,W,1,0,0.0,0.0000,M,0.0000,M,0.0000,0
$GPRMC,230653.44,A,3719.0250160,N,12157.0073260,W,3.2839,0.2430,101220,,,,
$GPGGA,230654.44,3719.0262820,N,12157.0073380,W,1,0,0.0,0.0000,M,0.0000,M,0.0000,0
$GPRMC,230654.44,A,3719.0262820,N,12157.0073380,W,1.5419,359.9219,101220,,,,
$GPGGA,230655.44,3719.0267560,N,12157.0073500,W,1,0,0.0,0.0000,M,0.0000,M,0.0000,0
$GPRMC,230655.44,A,3719.0267560,N,12157.0073500,W,0.3807,359.7036,101220,,,,
$GPGGA,230656.44,3719.0267980,N,12157.0073560,W,1,0,0.0,0.0000,M,0.0000,M,0.0000,0
$GPRMC,230656.44,A,3719.0267980,N,12157.0073560,W,0.0034,359.6889,101220,,,,
$GPGGA,230657.44,3719.0267980,N,12157.0073560,W,1,0,0.0,0.0000,M,0.0000,M,0.0000,0
$GPRMC,230657.44,A,3719.0267980,N,12157.0073560,W,0.0041,359.6880,101220,,,,
$GPGGA,230658.44,3719.0267980,N,12157.0073560,W,1,0,0.0,0.0000,M,0.0000,M,0.0000,0
$GPRMC,230658.44,A,3719.0267980,N,12157.0073560,W,0.0028,359.6854,101220,,,,
$GPGGA,230659.44,3719.0267980,N,12157.0073560,W,1,0,0.0,0.0000,M,0.0000,M,0.0000,0
$GPRMC,230659.44,A,3719.0267980,N,12157.0073560,W,0.0030,359.6843,101220,,,,
$GPGGA,230700.44,3719.0267920,N,12157.0073560,W,1,0,0.0,0.0000,M,0.0000,M,0.0000,0
$GPRMC,230700.44,A,3719.0267920,N,12157.0073560,W,0.0032,359.6833,101220,,,,
$GPGGA,230701.44,3719.0267920,N,12157.0073560,W,1,0,0.0,0.0000,M,0.0000,M,0.0000,0
$GPRMC,230701.44,A,3719.0267920,N,12157.0073560,W,0.0031,359.6823,101220,,,,
$GPGGA,230702.44,3719.0267860,N,12157.0073560,W,1,0,0.0,0.0000,M,0.0000,M,0.0000,0
$GPRMC,230702.44,A,3719.0267860,N,12157.0073560,W,0.0026,359.6812,101220,,,,
$GPGGA,230703.44,3719.0267860,N,12157.0073560,W,1,0,0.0,0.0000,M,0.0000,M,0.0000,0
$GPRMC,230703.44,A,3719.0267860,N,12157.0073560,W,0.0016,359.6801,101220,,,,
$GPGGA,230704.44,3719.0267800,N,12157.0073560,W,1,0,0.0,0.0000,M,0.0000,M,0.0000,0
$GPRMC,230704.44,A,3719.0267800,N,12157.0073560,W,0.0006,359.6790,101220,,,,
$GPGGA,230705.44,3719.0267800,N,12157.0073560,W,1,0,0.0,0.0000,M,0.0000,M,0.0000,0
$GPRMC,230705.44,A,3719.0267800,N,12157.0073560,W,0.0000,359.6780,101220,,,,
$GPGGA,230706.44,3719.0267800,N,12157.0073560,W,1,0,0.0,0.0000,M,0.0000,M,0.0000,0
$GPRMC,230706.44,A,3719.0267800,N,12157.0073560,W,0.0004,359.6770,101220,,,,
$GPGGA,230707.44,3719.0267800,N,12157.0073560,W,1,0,0.0,0.0000,M,0.0000,M,0.0000,0
$GPRMC,230707.44,A,3719.0267800,N,12157.0073560,W,0.0010,359.6760,101220,,,,
$GPGGA,230708.44,3719.0267800,N,12157.0073560,W,1,0,0.0,0.0000,M,0.0000,M,0.0000,0
$GPRMC,230708.44,A,3719.0267800,N,12157.0073560,W,0.0012,359.6750,101220,,,,
$GPGGA,230709.44,3719.0267800,N,12157.0073560,W,1,0,0.0,0.0000,M,0.0000,M,0.0000,0
$GPRMC,230709.44,A,3719.0267800,N,12157.0073560,W,0.0012,359.6740,101220,,,,
$GPGGA,230710.44,3719.0267800,N,12157.0073560,W,1,0,0.0,0.0000,M,0.0000,M,0.0000,0
$GPRMC,230710.44,A,3719.0267800,N,12157.0073560,W,0.0014,359.6728,101220,,,,
$GPGGA,230711.44,3719.0267800,N,12157.0073560,W,1,0,0.0,0.0000,M,0.0000,M,0.0000,0
$GPRMC,230711.44,A,3719.0267800,N,12157.0073560,W,0.0017,359.6717,101220,,,,
$GPGGA,230712.44,3719.0267800,N,12157.0073560,W,1,0,0.0,0.0000,M,0.0000,M,0.0000,0
$GPRMC,230712.44,A,3719.0267800,N,12157.0073560,W,0.0012,359.6705,101220,,,,
$GPGGA,230713.44,3719.0267800,N,12157.0073560,W,1,0,0.0,0.0000,M,0.0000,M,0.0000,0
$GPRMC,230713.44,A,3719.0267800,N,12157.0073560,W,0.0012,359.6693,101220,,,,
$GPGGA,230714.44,3719.0267800,N,12157.0073560,W,1,0,0.0,0.0000,M,0.0000,M,0.0000,0
$GPRMC,230714.44,A,3719.0267800,N,12157.0073560,W,0.0014,359.6683,101220,,,,
$GPGGA,230715.44,3719.0267800,N,12157.0073560,W,1,0,0.0,0.0000,M,0.0000,M,0.0000,0
$GPRMC,230715.44,A,3719.0267800,N,12157.0073560,W,0.0012,359.6673,101220,,,,
$GPGGA,230716.44,3719.0267800,N,12157.0073560,W,1,0,0.0,0.0000,M,0.0000,M,0.0000,0
$GPRMC,230716.44,A,3719.0267800,N,12157.0073560,W,0.0010,359.6663,101220,,,,
$GPGGA,230717.44,3719.0267800,N,12157.0073560,W,1,0,0.0,0.0000,M,0.0000,M,0.0000,0
$GPRMC,230717.44,A,3719.0267800,N,12157.0073560,W,0.0012,359.6654,101220,,,,
$GPGGA,230718.44,3719.0267800,N,12157.0073560,W,1,0,0.0,0.0000,M,0.0000,M,0.0000,0
$GPRMC,230718.44,A,3719.0267800,N,12157.0073560,W,0.0012,359.6644,101220,,,,
$GPGGA,230719.44,3719.0267800,N,12157.0073560,W,1,0,0.0,0.0000,M,0.0000,M,0.0000,0
$GPRMC,230719.44,A,3719.0267800,N,12157.0073560,W,0.0012,359.6634,101220,,,,
$GPGGA,230720.44,3719.0267800,N,12157.0073560,W,1,0,0.0,0.0000,M,0.0000,M,0.0000,0
$GPRMC,230720.44,A,3719.0267800,N,12157.0073560,W,0.0012,359.6623,101220,,,,
$GPGGA,230721.44,3719.0267800,N,12157.0073560,W,1,0,0.0,0.0000,M,0.0000,M,0.0000,0
$GPRMC,230721.44,A,3719.0267800,N,12157.0073560,W,0.0010,359.6612,101220,,,,
$GPGGA,230722.44,3719.0267800,N,12157.0073560,W,1,0,0.0,0.0000,M,0.0000,M,0.0000,0
$GPRMC,230722.44,A,3719.0267800,N,12157.0073560,W,0.0012,359.6602,101220,,,,
$GPGGA,230723.44,3719.0267800,N,12157.0073560,W,1,0,0.0,0.0000,M,0.0000,M,0.0000,0
$GPRMC,230723.44,A,3719.0267800,N,12157.0073560,W,0.0012,359.6592,101220,,,,
$GPGGA,230724.44,3719.0267800,N,12157.0073560,W,1,0,0.0,0.0000,M,0.0000,M,0.0000,0
$GPRMC,230724.44,A,3719.0267800,N,12157.0073560,W,0.0010,359.6582,101220,,,,
$GPGGA,230725.44,3719.0267800,N,12157.0073560,W,1,0,0.0,0.0000,M,0.0000,M,0.0000,0
$GPRMC,230725.44,A,3719.0267800,N,12157.0073560,W,0.0010,359.6572,101220,,,,
$GPGGA,230726.44,3719.0267800,N,12157.0073560,W,1,0,0.0,0.0000,M,0.0000,M,0.0000,0
$GPRMC,230726.44,A,3719.0267800,N,12157.0073560,W,0.0010,359.6561,101220,,,,
$GPGGA,230727.44,3719.0267800,N,12157.0073560,W,1,0,0.0,0.0000,M,0.0000,M,0.0000,0
$GPRMC,230727.44,A,3719.0267800,N,12157.0073560,W,0.0010,359.6552,101220,,,,
$GPGGA,230728.44,3719.0267800,N,12157.0073560,W,1,0,0.0,0.0000,M,0.0000,M,0.0000,0
$GPRMC,230728.44,A,3719.0267800,N,12157.0073560,W,0.0010,359.6542,101220,,,,
$GPGGA,230729.44,3719.0267800,N,12157.0073560,W,1,0,0.0,0.0000,M,0.0000,M,0.0000,0
$GPRMC,230729.44,A,3719.0267800,N,12157.0073560,W,0.0010,359.6533,101220,,,,
$GPGGA,230730.44,3719.0267800,N,12157.0073560,W,1,0,0.0,0.0000,M,0.0000,M,0.0000,0
$GPRMC,230730.44,A,3719.0267800,N,12157.0073560,W,0.0010,359.6524,101220,,,,
$GPGGA,230731.44,3719.0267800,N,12157.0073560,W,1,0,0.0,0.0000,M,0.0000,M,0.0000,0
$GPRMC,230731.44,A,3719.0267800,N,12157.0073560,W,0.0010,359.6513,101220,,,,
$GPGGA,230732.44,3719.0267800,N,12157.0073560,W,1,0,0.0,0.0000,M,0.0000,M,0.0000,0
$GPRMC,230732.44,A,3719.0267800,N,12157.0073560,W,0.0010,359.6501,101220,,,,
$GPGGA,230733.44,3719.0267800,N,12157.0073560,W,1,0,0.0,0.0000,M,0.0000,M,0.0000,0
$GPRMC,230733.44,A,3719.0267800,N,12157.0073560,W,0.0010,359.6491,101220,,,,
$GPGGA,230734.44,3719.0267800,N,12157.0073560,W,1,0,0.0,0.0000,M,0.0000,M,0.0000,0
$GPRMC,230734.44,A,3719.0267800,N,12157.0073560,W,0.0006,359.6482,101220,,,,
$GPGGA,230735.44,3719.0267800,N,12157.0073560,W,1,0,0.0,0.0000,M,0.0000,M,0.0000,0
$GPRMC,230735.44,A,3719.0267800,N,12157.0073560,W,0.0004,359.6471,101220,,,,
$GPGGA,230736.44,3719.0267800,N,12157.0073560,W,1,0,0.0,0.0000,M,0.0000,M,0.0000,0
$GPRMC,230736.44,A,3719.0267800,N,12157.0073560,W,0.0006,359.6460,101220,,,,
$GPGGA,230737.44,3719.0267800,N,12157.0073560,W,1,0,0.0,0.0000,M,0.0000,M,0.0000,0
$GPRMC,230737.44,A,3719.0267800,N,12157.0073560,W,0.0000,359.6449,101220,,,,
$GPGGA,230738.44,3719.0267800,N,12157.0073560,W,1,0,0.0,0.0000,M,0.0000,M,0.0000,0
$GPRMC,230738.44,A,3719.0267800,N,12157.0073560,W,0.0000,359.6439,101220,,,,
$GPGGA,230739.44,3719.0267800,N,12157.0073560,W,1,0,0.0,0.0000,M,0.0000,M,0.0000,0
$GPRMC,230739.44,A,3719.0267800,N,12157.0073560,W,0.0000,359.6428,101220,,,,
$GPGGA,230740.44,3719.0267800,N,12157.0073560,W,1,0,0.0,0.0000,M,0.0000,M,0.0000,0
$GPRMC,230740.44,A,3719.0267800,N,12157.0073560,W,0.0004,359.6418,101220,,,,
$GPGGA,230741.44,3719.0267800,N,12157.0073560,W,1,0,0.0,0.0000,M,0.0000,M,0.0000,0
$GPRMC,230741.44,A,3719.0267800,N,12157.0073560,W,0.0010,359.6408,101220,,,,
$GPGGA,230742.44,3719.0267800,N,12157.0073560,W,1,0,0.0,0.0000,M,0.0000,M,0.0000,0
$GPRMC,230742.44,A,3719.0267800,N,12157.0073560,W,0.0006,359.6399,101220,,,,
$GPGGA,230743.44,3719.0267800,N,12157.0073560,W,1,0,0.0,0.0000,M,0.0000,M,0.0000,0
$GPRMC,230743.44,A,3719.0267800,N,12157.0073560,W,0.0000,359.6390,101220,,,,
$GPGGA,230744.44,3719.0267800,N,12157.0073560,W,1,0,0.0,0.0000,M,0.0000,M,0.0000,0
$GPRMC,230744.44,A,3719.0267800,N,12157.0073560,W,0.0000,359.6380,101220,,,,
$GPGGA,230745.44,3719.0267800,N,12157.0073560,W,1,0,0.0,0.0000,M,0.0000,M,0.0000,0
$GPRMC,230745.44,A,3719.0267800,N,12157.0073560,W,0.0000,359.6369,101220,,,,
$GPGGA,230746.44,3719.0267800,N,12157.0073560,W,1,0,0.0,0.0000,M,0.0000,M,0.0000,0
$GPRMC,230746.44,A,3719.0267800,N,12157.0073560,W,0.0000,359.6358,101220,,,,
$GPGGA,230747.44,3719.0267800,N,12157.0073560,W,1,0,0.0,0.0000,M,0.0000,M,0.0000,0
$GPRMC,230747.44,A,3719.0267800,N,12157.0073560,W,0.0000,359.6348,101220,,,,
$GPGGA,230748.44,3719.0267800,N,12157.0073560,W,1,0,0.0,0.0000,M,0.0000,M,0.0000,0
$GPRMC,230748.44,A,3719.0267800,N,12157.0073560,W,0.0000,359.6339,101220,,,,
$GPGGA,230749.44,3719.0267800,N,12157.0073560,W,1,0,0.0,0.0000,M,0.0000,M,0.0000,0
$GPRMC,230749.44,A,3719.0267800,N,12157.0073560,W,0.0000,359.6329,101220,,,,
$GPGGA,230750.44,3719.0267800,N,12157.0073560,W,1,0,0.0,0.0000,M,0.0000,M,0.0000,0
$GPRMC,230750.44,A,3719.0267800,N,12157.0073560,W,0.0004,359.6319,101220,,,,
$GPGGA,230751.44,3719.0267800,N,12157.0073560,W,1,0,0.0,0.0000,M,0.0000,M,0.0000,0
$GPRMC,230751.44,A,3719.0267800,N,12157.0073560,W,0.0010,359.6307,101220,,,,
$GPGGA,230752.44,3719.0267800,N,12157.0073560,W,1,0,0.0,0.0000,M,0.0000,M,0.0000,0
$GPRMC,230752.44,A,3719.0267800,N,12157.0073560,W,0.0010,359.6297,101220,,,,
$GPGGA,230753.44,3719.0267800,N,12157.0073560,W,1,0,0.0,0.0000,M,0.0000,M,0.0000,0
$GPRMC,230753.44,A,3719.0267800,N,12157.0073560,W,0.0010,359.6286,101220,,,,
$GPGGA,230754.44,3719.0267800,N,12157.0073560,W,1,0,0.0,0.0000,M,0.0000,M,0.0000,0
$GPRMC,230754.44,A,3719.0267800,N,12157.0073560,W,0.0010,359.6274,101220,,,,
$GPGGA,230755.44,3719.0267800,N,12157.0073560,W,1,0,0.0,0.0000,M,0.0000,M,0.0000,0
$GPRMC,230755.44,A,3719.0267800,N,12157.0073560,W,0.0010,359.6264,101220,,,,
$GPGGA,230756.44,3719.0267800,N,12157.0073560,W,1,0,0.0,0.0000,M,0.0000,M,0.0000,0
$GPRMC,230756.44,A,3719.0267800,N,12157.0073560,W,0.0010,359.6254,101220,,,,
$GPGGA,230757.44,3719.0267800,N,12157.0073560,W,1,0,0.0,0.0000,M,0.0000,M,0.0000,0
$GPRMC,230757.44,A,3719.0267800,N,12157.0073560,W,0.0012,359.6243,101220,,,,
$GPGGA,230758.44,3719.0267800,N,12157.0073560,W,1,0,0.0,0.0000,M,0.0000,M,0.0000,0
$GPRMC,230758.44,A,3719.0267800,N,12157.0073560,W,0.0014,359.6232,101220,,,,
$GPGGA,230759.44,3719.0267800,N,12157.0073560,W,1,0,0.0,0.0000,M,0.0000,M,0.0000,0
$GPRMC,230759.44,A,3719.0267800,N,12157.0073560,W,0.0014,359.6221,101220,,,,
$GPGGA,230800.44,3719.0267800,N,12157.0073560,W,1,0,0.0,0.0000,M,0.0000,M,0.0000,0
$GPRMC,230800.44,A,3719.0267800,N,12157.0073560,W,0.0018,359.6212,101220,,,,
$GPGGA,230801.44,3719.0267800,N,12157.0073560,W,1,0,0.0,0.0000,M,0.0000,M,0.0000,0
$GPRMC,230801.44,A,3719.0267800,N,12157.0073560,W,0.0026,359.6201,101220,,,,
$GPGGA,230802.44,3719.0267800,N,12157.0073560,W,1,0,0.0,0.0000,M,0.0000,M,0.0000,0
$GPRMC,230802.44,A,3719.0267800,N,12157.0073560,W,0.0034,359.6189,101220,,,,
$GPGGA,230803.44,3719.0267800,N,12157.0073560,W,1,0,0.0,0.0000,M,0.0000,M,0.0000,0
$GPRMC,230803.44,A,3719.0267800,N,12157.0073560,W,0.0033,359.6179,101220,,,,
$GPGGA,230804.44,3719.0267800,N,12157.0073560,W,1,0,0.0,0.0000,M,0.0000,M,0.0000,0
$GPRMC,230804.44,A,3719.0267800,N,12157.0073560,W,0.0032,359.6169,101220,,,,
$GPGGA,230805.44,3719.0267800,N,12157.0073560,W,1,0,0.0,0.0000,M,0.0000,M,0.0000,0
$GPRMC,230805.44,A,3719.0267800,N,12157.0073560,W,0.0033,359.6160,101220,,,,
$GPGGA,230806.44,3719.0267800,N,12157.0073560,W,1,0,0.0,0.0000,M,0.0000,M,0.0000,0
$GPRMC,230806.44,A,3719.0267800,N,12157.0073560,W,0.0028,359.6151,101220,,,,
$GPGGA,230807.44,3719.0267800,N,12157.0073560,W,1,0,0.0,0.0000,M,0.0000,M,0.0000,0
$GPRMC,230807.44,A,3719.0267800,N,12157.0073560,W,0.0030,359.6142,101220,,,,
$GPGGA,230808.44,3719.0267800,N,12157.0073560,W,1,0,0.0,0.0000,M,0.0000,M,0.0000,0
$GPRMC,230808.44,A,3719.0267800,N,12157.0073560,W,0.0032,359.6131,101220,,,,
$GPGGA,230809.44,3719.0267800,N,12157.0073560,W,1,0,0.0,0.0000,M,0.0000,M,0.0000,0
$GPRMC,230809.44,A,3719.0267800,N,12157.0073560,W,0.0031,359.6121,101220,,,,
$GPGGA,230810.44,3719.0267800,N,12157.0073560,W,1,0,0.0,0.0000,M,0.0000,M,0.0000,0
$GPRMC,230810.44,A,3719.0267800,N,12157.0073560,W,0.0027,359.6110,101220,,,,
$GPGGA,230811.44,3719.0267800,N,12157.0073560,W,1,0,0.0,0.0000,M,0.0000,M,0.0000,0
$GPRMC,230811.44,A,3719.0267800,N,12157.0073560,W,0.0031,359.6101,101220,,,,
$GPGGA,230812.44,3719.0267800,N,12157.0073560,W,1,0,0.0,0.0000,M,0.0000,M,0.0000,0
$GPRMC,230812.44,A,3719.0267800,N,12157.0073560,W,0.0049,359.6092,101220,,,,
$GPGGA,230813.44,3719.0267800,N,12157.0073560,W,1,0,0.0,0.0000,M,0.0000,M,0.0000,0
$GPRMC,230813.44,A,3719.0267800,N,12157.0073560,W,0.0078,359.6081,101220,,,,
$GPGGA,230814.44,3719.0267740,N,12157.0073560,W,1,0,0.0,0.0000,M,0.0000,M,0.0000,0
$GPRMC,230814.44,A,3719.0267740,N,12157.0073560,W,0.0119,359.6070,101220,,,,
$GPGGA,230815.44,3719.0267740,N,12157.0073500,W,1,0,0.0,0.0000,M,0.0000,M,0.0000,0
$GPRMC,230815.44,A,3719.0267740,N,12157.0073500,W,0.0168,359.6058,101220,,,,
$GPGGA,230816.44,3719.0267740,N,12157.0073500,W,1,0,0.0,0.0000,M,0.0000,M,0.0000,0
$GPRMC,230816.44,A,3719.0267740,N,12157.0073500,W,0.0228,359.6049,101220,,,,
$GPGGA,230817.44,3719.0267740,N,12157.0073500,W,1,0,0.0,0.0000,M,0.0000,M,0.0000,0
$GPRMC,230817.44,A,3719.0267740,N,12157.0073500,W,0.0299,359.6039,101220,,,,
$GPGGA,230818.44,3719.0267680,N,12157.0073500,W,1,0,0.0,0.0000,M,0.0000,M,0.0000,0
$GPRMC,230818.44,A,3719.0267680,N,12157.0073500,W,0.0381,359.6029,101220,,,,
$GPGGA,230819.44,3719.0267680,N,12157.0073560,W,1,0,0.0,0.0000,M,0.0000,M,0.0000,0
$GPRMC,230819.44,A,3719.0267680,N,12157.0073560,W,0.1184,359.6003,101220,,,,
$GPGGA,230820.44,3719.0269840,N,12157.0073860,W,1,0,0.0,0.0000,M,0.0000,M,0.0000,0
$GPRMC,230820.44,A,3719.0269840,N,12157.0073860,W,1.0254,359.3371,101220,,,,
$GPGGA,230821.44,3719.0280220,N,12157.0075300,W,1,0,0.0,0.0000,M,0.0000,M,0.0000,0
$GPRMC,230821.44,A,3719.0280220,N,12157.0075300,W,3.0070,356.9771,101220,,,,
$GPGGA,230822.44,3719.0301160,N,12157.0081300,W,1,0,0.0,0.0000,M,0.0000,M,0.0000,0
$GPRMC,230822.44,A,3719.0301160,N,12157.0081300,W,4.9511,348.5743,101220,,,,
$GPGGA,230823.44,3719.0327380,N,12157.0100680,W,1,0,0.0,0.0000,M,0.0000,M,0.0000,0
$GPRMC,230823.44,A,3719.0327380,N,12157.0100680,W,6.5000,329.0736,101220,,,,
$GPGGA,230824.44,3719.0349100,N,12157.0139380,W,1,0,0.0,0.0000,M,0.0000,M,0.0000,0
$GPRMC,230824.44,A,3719.0349100,N,12157.0139380,W,7.9427,302.7198,101220,,,,
$GPGGA,230825.44,3719.0360020,N,12157.0196080,W,1,0,0.0,0.0000,M,0.0000,M,0.0000,0
$GPRMC,230825.44,A,3719.0360020,N,12157.0196080,W,9.7656,280.6721,101220,,,,
$GPGGA,230826.44,3719.0359780,N,12157.0268740,W,1,0,0.0,0.0000,M,0.0000,M,0.0000,0
$GPRMC,230826.44,A,3719.0359780,N,12157.0268740,W,11.8480,267.8452,101220,,,,
$GPGGA,230827.44,3719.0353180,N,12157.0356280,W,1,0,0.0,0.0000,M,0.0000,M,0.0000,0
$GPRMC,230827.44,A,3719.0353180,N,12157.0356280,W,14.2482,264.5330,101220,,,,
$GPGGA,230828.44,3719.0344360,N,12157.0462060,W,1,0,0.0,0.0000,M,0.0000,M,0.0000,0
$GPRMC,230828.44,A,3719.0344360,N,12157.0462060,W,17.3242,264.3527,101220,,,,
$GPGGA,230829.44,3719.0333980,N,12157.0588540,W,1,0,0.0,0.0000,M,0.0000,M,0.0000,0
$GPRMC,230829.44,A,3719.0333980,N,12157.0588540,W,20.1547,264.4843,101220,,,,
$GPGGA,230830.44,3719.0322520,N,12157.0732180,W,1,0,0.0,0.0000,M,0.0000,M,0.0000,0
$GPRMC,230830.44,A,3719.0322520,N,12157.0732180,W,22.4954,264.4337,101220,,,,
$GPGGA,230831.44,3719.0309440,N,12157.0891360,W,1,0,0.0,0.0000,M,0.0000,M,0.0000,0
$GPRMC,230831.44,A,3719.0309440,N,12157.0891360,W,24.7816,264.0190,101220,,,,
$GPGGA,230832.44,3719.0293540,N,12157.1065480,W,1,0,0.0,0.0000,M,0.0000,M,0.0000,0
$GPRMC,230832.44,A,3719.0293540,N,12157.1065480,W,26.9449,263.1081,101220,,,,
$GPGGA,230833.44,3719.0273980,N,12157.1252440,W,1,0,0.0,0.0000,M,0.0000,M,0.0000,0
$GPRMC,230833.44,A,3719.0273980,N,12157.1252440,W,28.5778,262.3771,101220,,,,
$GPGGA,230834.44,3719.0252500,N,12157.1447320,W,1,0,0.0,0.0000,M,0.0000,M,0.0000,0
$GPRMC,230834.44,A,3719.0252500,N,12157.1447320,W,29.3733,262.1619,101220,,,,
$GPGGA,230835.44,3719.0230720,N,12157.1644720,W,1,0,0.0,0.0000,M,0.0000,M,0.0000,0
$GPRMC,230835.44,A,3719.0230720,N,12157.1644720,W,29.4753,262.2207,101220,,,,
$GPGGA,230836.44,3719.0208820,N,12157.1841700,W,1,0,0.0,0.0000,M,0.0000,M,0.0000,0
$GPRMC,230836.44,A,3719.0208820,N,12157.1841700,W,29.2198,262.0994,101220,,,,
$GPGGA,230837.44,3719.0186500,N,12157.2036400,W,1,0,0.0,0.0000,M,0.0000,M,0.0000,0
$GPRMC,230837.44,A,3719.0186500,N,12157.2036400,W,28.9027,261.7721,101220,,,,
$GPGGA,230838.44,3719.0164240,N,12157.2228940,W,1,0,0.0,0.0000,M,0.0000,M,0.0000,0
$GPRMC,230838.44,A,3719.0164240,N,12157.2228940,W,28.5500,261.7615,101220,,,,
$GPGGA,230839.44,3719.0142280,N,12157.2418900,W,1,0,0.0,0.0000,M,0.0000,M,0.0000,0
$GPRMC,230839.44,A,3719.0142280,N,12157.2418900,W,28.1557,261.8590,101220,,,,
$GPGGA,230840.44,3719.0120800,N,12157.2606040,W,1,0,0.0,0.0000,M,0.0000,M,0.0000,0
$GPRMC,230840.44,A,3719.0120800,N,12157.2606040,W,27.7159,262.0144,101220,,,,
$GPGGA,230841.44,3719.0100220,N,12157.2790420,W,1,0,0.0,0.0000,M,0.0000,M,0.0000,0
$GPRMC,230841.44,A,3719.0100220,N,12157.2790420,W,27.2943,262.1795,101220,,,,
$GPGGA,230842.44,3719.0080240,N,12157.2972100,W,1,0,0.0,0.0000,M,0.0000,M,0.0000,0
$GPRMC,230842.44,A,3719.0080240,N,12157.2972100,W,26.8962,262.1523,101220,,,,
$GPGGA,230843.44,3719.0060080,N,12157.3151140,W,1,0,0.0,0.0000,M,0.0000,M,0.0000,0
$GPRMC,230843.44,A,3719.0060080,N,12157.3151140,W,26.5208,261.7167,101220,,,,
$GPGGA,230844.44,3719.0039260,N,12157.3327420,W,1,0,0.0,0.0000,M,0.0000,M,0.0000,0
$GPRMC,230844.44,A,3719.0039260,N,12157.3327420,W,26.1586,261.3986,101220,,,,
$GPGGA,230845.44,3719.0018740,N,12157.3501660,W,1,0,0.0,0.0000,M,0.0000,M,0.0000,0
$GPRMC,230845.44,A,3719.0018740,N,12157.3501660,W,25.8878,262.0498,101220,,,,
$GPGGA,230846.44,3719.0000560,N,12157.3675060,W,1,0,0.0,0.0000,M,0.0000,M,0.0000,0
$GPRMC,230846.44,A,3719.0000560,N,12157.3675060,W,25.8244,263.0034,101220,,,,
$GPGGA,230847.44,3718.9983580,N,12157.3848820,W,1,0,0.0,0.0000,M,0.0000,M,0.0000,0
$GPRMC,230847.44,A,3718.9983580,N,12157.3848820,W,25.9752,262.9460,101220,,,,
$GPGGA,230848.44,3718.9965640,N,12157.4024440,W,1,0,0.0,0.0000,M,0.0000,M,0.0000,0
$GPRMC,230848.44,A,3718.9965640,N,12157.4024440,W,26.4573,262.7165,101220,,,,
$GPGGA,230849.44,3718.9948840,N,12157.4204920,W,1,0,0.0,0.0000,M,0.0000,M,0.0000,0
$GPRMC,230849.44,A,3718.9948840,N,12157.4204920,W,27.2178,264.1102,101220,,,,
$GPGGA,230850.44,3718.9936540,N,12157.4390500,W,1,0,0.0,0.0000,M,0.0000,M,0.0000,0
$GPRMC,230850.44,A,3718.9936540,N,12157.4390500,W,27.7444,266.3054,101220,,,,
$GPGGA,230851.44,3718.9928680,N,12157.4578960,W,1,0,0.0,0.0000,M,0.0000,M,0.0000,0
$GPRMC,230851.44,A,3718.9928680,N,12157.4578960,W,27.9830,267.6487,101220,,,,
$GPGGA,230852.44,3718.9923400,N,12157.4769400,W,1,0,0.0,0.0000,M,0.0000,M,0.0000,0
$GPRMC,230852.44,A,3718.9923400,N,12157.4769400,W,28.3536,268.3775,101220,,,,
$GPGGA,230853.44,3718.9919860,N,12157.4962900,W,1,0,0.0,0.0000,M,0.0000,M,0.0000,0
$GPRMC,230853.44,A,3718.9919860,N,12157.4962900,W,28.8229,269.0314,101220,,,,
$GPGGA,230854.44,3718.9918180,N,12157.5159280,W,1,0,0.0,0.0000,M,0.0000,M,0.0000,0
$GPRMC,230854.44,A,3718.9918180,N,12157.5159280,W,29.1688,269.7864,101220,,,,
$GPGGA,230855.44,3718.9918660,N,12157.5357760,W,1,0,0.0,0.0000,M,0.0000,M,0.0000,0
$GPRMC,230855.44,A,3718.9918660,N,12157.5357760,W,29.4884,270.5694,101220,,,,
$GPGGA,230856.44,3718.9921120,N,12157.5558460,W,1,0,0.0,0.0000,M,0.0000,M,0.0000,0
$GPRMC,230856.44,A,3718.9921120,N,12157.5558460,W,29.8167,271.0887,101220,,,,
$GPGGA,230857.44,3718.9924540,N,12157.5761380,W,1,0,0.0,0.0000,M,0.0000,M,0.0000,0
$GPRMC,230857.44,A,3718.9924540,N,12157.5761380,W,30.1483,271.2231,101220,,,,
$GPGGA,230858.44,3718.9928020,N,12157.5966400,W,1,0,0.0,0.0000,M,0.0000,M,0.0000,0
$GPRMC,230858.44,A,3718.9928020,N,12157.5966400,W,30.4376,271.1740,101220,,,,
$GPGGA,230859.44,3718.9931440,N,12157.6173160,W,1,0,0.0,0.0000,M,0.0000,M,0.0000,0
$GPRMC,230859.44,A,3718.9931440,N,12157.6173160,W,30.6522,271.1456,101220,,,,
$GPGGA,230900.44,3718.9934920,N,12157.6381120,W,1,0,0.0,0.0000,M,0.0000,M,0.0000,0
$GPRMC,230900.44,A,3718.9934920,N,12157.6381120,W,30.8034,271.1242,101220,,,,
$GPGGA,230901.44,3718.9937980,N,12157.6589860,W,1,0,0.0,0.0000,M,0.0000,M,0.0000,0
$GPRMC,230901.44,A,3718.9937980,N,12157.6589860,W,30.8332,270.9019,101220,,,,
$GPGGA,230902.44,3718.9940440,N,12157.6797700,W,1,0,0.0,0.0000,M,0.0000,M,0.0000,0
$GPRMC,230902.44,A,3718.9940440,N,12157.6797700,W,30.5386,270.8586,101220,,,,
$GPGGA,230903.44,3718.9943260,N,12157.7002660,W,1,0,0.0,0.0000,M,0.0000,M,0.0000,0
$GPRMC,230903.44,A,3718.9943260,N,12157.7002660,W,30.0095,271.0894,101220,,,,
$GPGGA,230904.44,3718.9946440,N,12157.7204440,W,1,0,0.0,0.0000,M,0.0000,M,0.0000,0
$GPRMC,230904.44,A,3718.9946440,N,12157.7204440,W,29.6468,271.2098,101220,,,,
$GPGGA,230905.44,3718.9949680,N,12157.7404540,W,1,0,0.0,0.0000,M,0.0000,M,0.0000,0
$GPRMC,230905.44,A,3718.9949680,N,12157.7404540,W,29.5316,271.0730,101220,,,,
$GPGGA,230906.44,3718.9952320,N,12157.7604220,W,1,0,0.0,0.0000,M,0.0000,M,0.0000,0
$GPRMC,230906.44,A,3718.9952320,N,12157.7604220,W,29.4860,270.8475,101220,,,,
$GPGGA,230907.44,3718.9954480,N,12157.7803780,W,1,0,0.0,0.0000,M,0.0000,M,0.0000,0
$GPRMC,230907.44,A,3718.9954480,N,12157.7803780,W,29.4811,270.7015,101220,,,,
$GPGGA,230908.44,3718.9956340,N,12157.8002920,W,1,0,0.0,0.0000,M,0.0000,M,0.0000,0
$GPRMC,230908.44,A,3718.9956340,N,12157.8002920,W,29.3583,270.5844,101220,,,,
$GPGGA,230909.44,3718.9957540,N,12157.8200500,W,1,0,0.0,0.0000,M,0.0000,M,0.0000,0
$GPRMC,230909.44,A,3718.9957540,N,12157.8200500,W,28.9940,270.3304,101220,,,,
$GPGGA,230910.44,3718.9958320,N,12157.8395440,W,1,0,0.0,0.0000,M,0.0000,M,0.0000,0
$GPRMC,230910.44,A,3718.9958320,N,12157.8395440,W,28.6299,270.4108,101220,,,,
$GPGGA,230911.44,3718.9959580,N,12157.8588160,W,1,0,0.0,0.0000,M,0.0000,M,0.0000,0
$GPRMC,230911.44,A,3718.9959580,N,12157.8588160,W,28.3158,270.7492,101220,,,,
$GPGGA,230912.44,3718.9961260,N,12157.8778840,W,1,0,0.0,0.0000,M,0.0000,M,0.0000,0
$GPRMC,230912.44,A,3718.9961260,N,12157.8778840,W,28.0328,270.4435,101220,,,,
$GPGGA,230913.44,3718.9961080,N,12157.8967720,W,1,0,0.0,0.0000,M,0.0000,M,0.0000,0
$GPRMC,230913.44,A,3718.9961080,N,12157.8967720,W,27.7999,269.5443,101220,,,,
$GPGGA,230914.44,3718.9959220,N,12157.9155340,W,1,0,0.0,0.0000,M,0.0000,M,0.0000,0
$GPRMC,230914.44,A,3718.9959220,N,12157.9155340,W,27.6694,269.3286,101220,,,,
$GPGGA,230915.44,3718.9958080,N,12157.9342420,W,1,0,0.0,0.0000,M,0.0000,M,0.0000,0
$GPRMC,230915.44,A,3718.9958080,N,12157.9342420,W,27.6044,269.8053,101220,,,,
$GPGGA,230916.44,3718.9957900,N,12157.9529020,W,1,0,0.0,0.0000,M,0.0000,M,0.0000,0
$GPRMC,230916.44,A,3718.9957900,N,12157.9529020,W,27.5230,269.8196,101220,,,,
$GPGGA,230917.44,3718.9956580,N,12157.9715080,W,1,0,0.0,0.0000,M,0.0000,M,0.0000,0
$GPRMC,230917.44,A,3718.9956580,N,12157.9715080,W,27.4557,269.1187,101220,,,,
$GPGGA,230918.44,3718.9953220,N,12157.9900660,W,1,0,0.0,0.0000,M,0.0000,M,0.0000,0
$GPRMC,230918.44,A,3718.9953220,N,12157.9900660,W,27.3895,268.2428,101220,,,,
$GPGGA,230919.44,3718.9948180,N,12158.0085700,W,1,0,0.0,0.0000,M,0.0000,M,0.0000,0
$GPRMC,230919.44,A,3718.9948180,N,12158.0085700,W,27.3196,267.7722,101220,,,,
$GPGGA,230920.44,3718.9942180,N,12158.0270140,W,1,0,0.0,0.0000,M,0.0000,M,0.0000,0
$GPRMC,230920.44,A,3718.9942180,N,12158.0270140,W,27.2278,267.5689,101220,,,,
$GPGGA,230921.44,3718.9936000,N,12158.0453860,W,1,0,0.0,0.0000,M,0.0000,M,0.0000,0
$GPRMC,230921.44,A,3718.9936000,N,12158.0453860,W,27.0929,267.5227,101220,,,,
$GPGGA,230922.44,3718.9929760,N,12158.0636380,W,1,0,0.0,0.0000,M,0.0000,M,0.0000,0
$GPRMC,230922.44,A,3718.9929760,N,12158.0636380,W,26.8987,267.4780,101220,,,,
$GPGGA,230923.44,3718.9923460,N,12158.0817520,W,1,0,0.0,0.0000,M,0.0000,M,0.0000,0
$GPRMC,230923.44,A,3718.9923460,N,12158.0817520,W,26.6435,267.5330,101220,,,,
$GPGGA,230924.44,3718.9917760,N,12158.0996800,W,1,0,0.0,0.0000,M,0.0000,M,0.0000,0
$GPRMC,230924.44,A,3718.9917760,N,12158.0996800,W,26.3306,268.1452,101220,,,,
$GPGGA,230925.44,3718.9915600,N,12158.1173800,W,1,0,0.0,0.0000,M,0.0000,M,0.0000,0
$GPRMC,230925.44,A,3718.9915600,N,12158.1173800,W,25.9738,270.2513,101220,,,,
$GPGGA,230926.44,3718.9919200,N,12158.1348460,W,1,0,0.0,0.0000,M,0.0000,M,0.0000,0
$GPRMC,230926.44,A,3718.9919200,N,12158.1348460,W,25.6205,272.5966,101220,,,,
$GPGGA,230927.44,3718.9926820,N,12158.1520540,W,1,0,0.0,0.0000,M,0.0000,M,0.0000,0
$GPRMC,230927.44,A,3718.9926820,N,12158.1520540,W,25.2975,273.4697,101220,,,,
$GPGGA,230928.44,3718.9935760,N,12158.1690340,W,1,0,0.0,0.0000,M,0.0000,M,0.0000,0
$GPRMC,230928.44,A,3718.9935760,N,12158.1690340,W,24.9709,273.6990,101220,,,,
$GPGGA,230929.44,3718.9944220,N,12158.1857980,W,1,0,0.0,0.0000,M,0.0000,M,0.0000,0
$GPRMC,230929.44,A,3718.9944220,N,12158.1857980,W,24.6543,273.0868,101220,,,,
$GPGGA,230930.44,3718.9950580,N,12158.2023580,W,1,0,0.0,0.0000,M,0.0000,M,0.0000,0
$GPRMC,230930.44,A,3718.9950580,N,12158.2023580,W,24.3423,272.1823,101220,,,,
$GPGGA,230931.44,3718.9955380,N,12158.2187140,W,1,0,0.0,0.0000,M,0.0000,M,0.0000,0
$GPRMC,230931.44,A,3718.9955380,N,12158.2187140,W,24.0313,271.8549,101220,,,,
$GPGGA,230932.44,3718.9960240,N,12158.2348960,W,1,0,0.0,0.0000,M,0.0000,M,0.0000,0
$GPRMC,230932.44,A,3718.9960240,N,12158.2348960,W,23.8285,272.3691,101220,,,,
$GPGGA,230933.44,3718.9967200,N,12158.2509820,W,1,0,0.0,0.0000,M,0.0000,M,0.0000,0
$GPRMC,230933.44,A,3718.9967200,N,12158.2509820,W,23.8404,273.5604,101220,,,,
$GPGGA,230934.44,3718.9977520,N,12158.2671280,W,1,0,0.0,0.0000,M,0.0000,M,0.0000,0
$GPRMC,230934.44,A,3718.9977520,N,12158.2671280,W,24.0825,275.2827,101220,,,,
$GPGGA,230935.44,3718.9992400,N,12158.2834540,W,1,0,0.0,0.0000,M,0.0000,M,0.0000,0
$GPRMC,230935.44,A,3718.9992400,N,12158.2834540,W,24.5133,277.1406,101220,,,,
$GPGGA,230936.44,3719.0011660,N,12158.2999540,W,1,0,0.0,0.0000,M,0.0000,M,0.0000,0
$GPRMC,230936.44,A,3719.0011660,N,12158.2999540,W,24.7826,279.0501,101220,,,,
$GPGGA,230937.44,3719.0035480,N,12158.3164180,W,1,0,0.0,0.0000,M,0.0000,M,0.0000,0
$GPRMC,230937.44,A,3719.0035480,N,12158.3164180,W,24.6318,281.3330,101220,,,,
$GPGGA,230938.44,3719.0065720,N,12158.3326060,W,1,0,0.0,0.0000,M,0.0000,M,0.0000,0
$GPRMC,230938.44,A,3719.0065720,N,12158.3326060,W,24.5590,284.7553,101220,,,,
$GPGGA,230939.44,3719.0105620,N,12158.3485600,W,1,0,0.0,0.0000,M,0.0000,M,0.0000,0
$GPRMC,230939.44,A,3719.0105620,N,12158.3485600,W,24.9421,289.5011,101220,,,,
$GPGGA,230940.44,3719.0157040,N,12158.3644720,W,1,0,0.0,0.0000,M,0.0000,M,0.0000,0
$GPRMC,230940.44,A,3719.0157040,N,12158.3644720,W,25.7755,293.7275,101220,,,,
$GPGGA,230941.44,3719.0217280,N,12158.3803900,W,1,0,0.0,0.0000,M,0.0000,M,0.0000,0
$GPRMC,230941.44,A,3719.0217280,N,12158.3803900,W,26.1867,296.1642,101220,,,,
$GPGGA,230942.44,3719.0280400,N,12158.3961340,W,1,0,0.0,0.0000,M,0.0000,M,0.0000,0
$GPRMC,230942.44,A,3719.0280400,N,12158.3961340,W,25.7180,296.7769,101220,,,,
$GPGGA,230943.44,3719.0341960,N,12158.4113260,W,1,0,0.0,0.0000,M,0.0000,M,0.0000,0
$GPRMC,230943.44,A,3719.0341960,N,12158.4113260,W,24.3547,296.8411,101220,,,,
$GPGGA,230944.44,3719.0397040,N,12158.4248860,W,1,0,0.0,0.0000,M,0.0000,M,0.0000,0
$GPRMC,230944.44,A,3719.0397040,N,12158.4248860,W,20.3374,296.6606,101220,,,,
$GPGGA,230945.44,3719.0438860,N,12158.4352480,W,1,0,0.0,0.0000,M,0.0000,M,0.0000,0
$GPRMC,230945.44,A,3719.0438860,N,12158.4352480,W,14.1181,296.5924,101220,,,,
$GPGGA,230946.44,3719.0467480,N,12158.4422020,W,1,0,0.0,0.0000,M,0.0000,M,0.0000,0
$GPRMC,230946.44,A,3719.0467480,N,12158.4422020,W,9.4449,297.8521,101220,,,,
$GPGGA,230947.44,3719.0490520,N,12158.4470320,W,1,0,0.0,0.0000,M,0.0000,M,0.0000,0
$GPRMC,230947.44,A,3719.0490520,N,12158.4470320,W,7.5938,301.7177,101220,,,,
$GPGGA,230948.44,3719.0515660,N,12158.4509200,W,1,0,0.0,0.0000,M,0.0000,M,0.0000,0
$GPRMC,230948.44,A,3719.0515660,N,12158.4509200,W,7.1592,310.2138,101220,,,,
$GPGGA,230949.44,3719.0545060,N,12158.4539620,W,1,0,0.0,0.0000,M,0.0000,M,0.0000,0
$GPRMC,230949.44,A,3719.0545060,N,12158.4539620,W,6.8690,322.1375,101220,,,,
$GPGGA,230950.44,3719.0579020,N,12158.4559120,W,1,0,0.0,0.0000,M,0.0000,M,0.0000,0
$GPRMC,230950.44,A,3719.0579020,N,12158.4559120,W,6.9419,337.0165,101220,,,,
$GPGGA,230951.44,3719.0617300,N,12158.4568000,W,1,0,0.0,0.0000,M,0.0000,M,0.0000,0
$GPRMC,230951.44,A,3719.0617300,N,12158.4568000,W,7.4134,350.1292,101220,,,,
$GPGGA,230952.44,3719.0658700,N,12158.4571780,W,1,0,0.0,0.0000,M,0.0000,M,0.0000,0
$GPRMC,230952.44,A,3719.0658700,N,12158.4571780,W,7.8403,355.6318,101220,,,,
$GPGGA,230953.44,3719.0702200,N,12158.4572560,W,1,0,0.0,0.0000,M,0.0000,M,0.0000,0
$GPRMC,230953.44,A,3719.0702200,N,12158.4572560,W,8.1982,359.5665,101220,,,,
$GPGGA,230954.44,3719.0747500,N,12158.4568600,W,1,0,0.0,0.0000,M,0.0000,M,0.0000,0
$GPRMC,230954.44,A,3719.0747500,N,12158.4568600,W,8.5254,5.0856,101220,,,,
$GPGGA,230955.44,3719.0792980,N,12158.4556840,W,1,0,0.0,0.0000,M,0.0000,M,0.0000,0
$GPRMC,230955.44,A,3719.0792980,N,12158.4556840,W,8.4916,13.3629,101220,,,,
$GPGGA,230956.44,3719.0834560,N,12158.4536080,W,1,0,0.0,0.0000,M,0.0000,M,0.0000,0
$GPRMC,230956.44,A,3719.0834560,N,12158.4536080,W,7.9274,23.8936,101220,,,,
$GPGGA,230957.44,3719.0868700,N,12158.4510700,W,1,0,0.0,0.0000,M,0.0000,M,0.0000,0
$GPRMC,230957.44,A,3719.0868700,N,12158.4510700,W,6.6293,31.8057,101220,,,,
$GPGGA,230958.44,3719.0894380,N,12158.4488620,W,1,0,0.0,0.0000,M,0.0000,M,0.0000,0
$GPRMC,230958.44,A,3719.0894380,N,12158.4488620,W,4.9033,34.0859,101220,,,,
$GPGGA,230959.44,3719.0912620,N,12158.4472960,W,1,0,0.0,0.0000,M,0.0000,M,0.0000,0
$GPRMC,230959.44,A,3719.0912620,N,12158.4472960,W,3.3646,34.1522,101220,,,,
$GPGGA,231000.44,3719.0924500,N,12158.4462760,W,1,0,0.0,0.0000,M,0.0000,M,0.0000,0
$GPRMC,231000.44,A,3719.0924500,N,12158.4462760,W,1.9853,33.9671,101220,,,,
$GPGGA,231001.44,3719.0930380,N,12158.4457840,W,1,0,0.0,0.0000,M,0.0000,M,0.0000,0
$GPRMC,231001.44,A,3719.0930380,N,12158.4457840,W,0.7289,33.8620,101220,,,,
$GPGGA,231002.44,3719.0931820,N,12158.4456580,W,1,0,0.0,0.0000,M,0.0000,M,0.0000,0
$GPRMC,231002.44,A,3719.0931820,N,12158.4456580,W,0.0341,33.8586,101220,,,,
$GPGGA,231003.44,3719.0931820,N,12158.4456520,W,1,0,0.0,0.0000,M,0.0000,M,0.0000,0
$GPRMC,231003.44,A,3719.0931820,N,12158.4456520,W,0.0162,33.8583,101220,,,,
$GPGGA,231004.44,3719.0931820,N,12158.4456520,W,1,0,0.0,0.0000,M,0.0000,M,0.0000,0
$GPRMC,231004.44,A,3719.0931820,N,12158.4456520,W,0.0137,33.8564,101220,,,,
$GPGGA,231005.44,3719.0931820,N,12158.4456520,W,1,0,0.0,0.0000,M,0.0000,M,0.0000,0
$GPRMC,231005.44,A,3719.0931820,N,12158.4456520,W,0.0116,33.8553,101220,,,,
$GPGGA,231006.44,3719.0931820,N,12158.4456520,W,1,0,0.0,0.0000,M,0.0000,M,0.0000,0
$GPRMC,231006.44,A,3719.0931820,N,12158.4456520,W,0.0093,33.8542,101220,,,,
$GPGGA,231007.44,3719.0931820,N,12158.4456520,W,1,0,0.0,0.0000,M,0.0000,M,0.0000,0
$GPRMC,231007.44,A,3719.0931820,N,12158.4456520,W,0.0082,33.8532,101220,,,,
$GPGGA,231008.44,3719.0931820,N,12158.4456520,W,1,0,0.0,0.0000,M,0.0000,M,0.0000,0
$GPRMC,231008.44,A,3719.0931820,N,12158.4456520,W,0.0081,33.8521,101220,,,,
$GPGGA,231009.44,3719.0931820,N,12158.4456520,W,1,0,0.0,0.0000,M,0.0000,M,0.0000,0
$GPRMC,231009.44,A,3719.0931820,N,12158.4456520,W,0.0073,33.8508,101220,,,,
$GPGGA,231010.44,3719.0931820,N,12158.4456520,W,1,0,0.0,0.0000,M,0.0000,M,0.0000,0
$GPRMC,231010.44,A,3719.0931820,N,12158.4456520,W,0.0056,33.8499,101220,,,,
$GPGGA,231011.44,3719.0931820,N,12158.4456520,W,1,0,0.0,0.0000,M,0.0000,M,0.0000,0
$GPRMC,231011.44,A,3719.0931820,N,12158.4456520,W,0.0050,33.8492,101220,,,,
$GPGGA,231012.44,3719.0931820,N,12158.4456520,W,1,0,0.0,0.0000,M,0.0000,M,0.0000,0
$GPRMC,231012.44,A,3719.0931820,N,12158.4456520,W,0.0050,33.8482,101220,,,,
$GPGGA,231013.44,3719.0931820,N,12158.4456520,W,1,0,0.0,0.0000,M,0.0000,M,0.0000,0
$GPRMC,231013.44,A,3719.0931820,N,12158.4456520,W,0.0047,33.8471,101220,,,,
$GPGGA,231014.44,3719.0931820,N,12158.4456520,W,1,0,0.0,0.0000,M,0.0000,M,0.0000,0
$GPRMC,231014.44,A,3719.0931820,N,12158.4456520,W,0.0041,33.8460,101220,,,,
$GPGGA,231015.44,3719.0931820,N,12158.4456520,W,1,0,0.0,0.0000,M,0.0000,M,0.0000,0
$GPRMC,231015.44,A,3719.0931820,N,12158.4456520,W,0.0037,33.8451,101220,,,,
$GPGGA,231016.44,3719.0931820,N,12158.4456520,W,1,0,0.0,0.0000,M,0.0000,M,0.0000,0
$GPRMC,231016.44,A,3719.0931820,N,12158.4456520,W,0.0034,33.8442,101220,,,,
$GPGGA,231017.44,3719.0931820,N,12158.4456520,W,1,0,0.0,0.0000,M,0.0000,M,0.0000,0
$GPRMC,231017.44,A,3719.0931820,N,12158.4456520,W,0.0036,33.8431,101220,,,,
$GPGGA,231018.44,3719.0931820,N,12158.4456520,W,1,0,0.0,0.0000,M,0.0000,M,0.0000,0
$GPRMC,231018.44,A,3719.0931820,N,12158.4456520,W,0.0033,33.8420,101220,,,,
$GPGGA,231019.44,3719.0931820,N,12158.4456520,W,1,0,0.0,0.0000,M,0.0000,M,0.0000,0
$GPRMC,231019.44,A,3719.0931820,N,12158.4456520,W,0.0032,33.8409,101220,,,,
$GPGGA,231020.44,3719.0931820,N,12158.4456520,W,1,0,0.0,0.0000,M,0.0000,M,0.0000,0
$GPRMC,231020.44,A,3719.0931820,N,12158.4456520,W,0.0033,33.8397,101220,,,,
$GPGGA,231021.44,3719.0931820,N,12158.4456520,W,1,0,0.0,0.0000,M,0.0000,M,0.0000,0
$GPRMC,231021.44,A,3719.0931820,N,12158.4456520,W,0.0028,33.8387,101220,,,,
$GPGGA,231022.44,3719.0931820,N,12158.4456520,W,1,0,0.0,0.0000,M,0.0000,M,0.0000,0
$GPRMC,231022.44,A,3719.0931820,N,12158.4456520,W,0.0032,33.8379,101220,,,,
$GPGGA,231023.44,3719.0931820,N,12158.4456520,W,1,0,0.0,0.0000,M,0.0000,M,0.0000,0
$GPRMC,231023.44,A,3719.0931820,N,12158.4456520,W,0.0036,33.8369,101220,,,,
$GPGGA,231024.44,3719.0931820,N,12158.4456520,W,1,0,0.0,0.0000,M,0.0000,M,0.0000,0
$GPRMC,231024.44,A,3719.0931820,N,12158.4456520,W,0.0036,33.8359,101220,,,,
$GPGGA,231025.44,3719.0931820,N,12158.4456520,W,1,0,0.0,0.0000,M,0.0000,M,0.0000,0
$GPRMC,231025.44,A,3719.0931820,N,12158.4456520,W,0.0036,33.8348,101220,,,,
$GPGGA,231026.44,3719.0931820,N,12158.4456520,W,1,0,0.0,0.0000,M,0.0000,M,0.0000,0
$GPRMC,231026.44,A,3719.0931820,N,12158.4456520,W,0.0036,33.8338,101220,,,,
$GPGGA,231027.44,3719.0931820,N,12158.4456520,W,1,0,0.0,0.0000,M,0.0000,M,0.0000,0
$GPRMC,231027.44,A,3719.0931820,N,12158.4456520,W,0.0036,33.8328,101220,,,,
$GPGGA,231028.44,3719.0931820,N,12158.4456520,W,1,0,0.0,0.0000,M,0.0000,M,0.0000,0
$GPRMC,231028.44,A,3719.0931820,N,12158.4456520,W,0.0034,33.8318,101220,,,,
$GPGGA,231029.44,3719.0931820,N,12158.4456520,W,1,0,0.0,0.0000,M,0.0000,M,0.0000,0
$GPRMC,231029.44,A,3719.0931820,N,12158.4456520,W,0.0034,33.8308,101220,,,,
$GPGGA,231030.44,3719.0931820,N,12158.4456520,W,1,0,0.0,0.0000,M,0.0000,M,0.0000,0
$GPRMC,231030.44,A,3719.0931820,N,12158.4456520,W,0.0034,33.8300,101220,,,,
$GPGGA,231031.44,3719.0931820,N,12158.4456520,W,1,0,0.0,0.0000,M,0.0000,M,0.0000,0
$GPRMC,231031.44,A,3719.0931820,N,12158.4456520,W,0.0032,33.8289,101220,,,,
$GPGGA,231032.44,3719.0931820,N,12158.4456520,W,1,0,0.0,0.0000,M,0.0000,M,0.0000,0
$GPRMC,231032.44,A,3719.0931820,N,12158.4456520,W,0.0028,33.8279,101220,,,,
$GPGGA,231033.44,3719.0931820,N,12158.4456520,W,1,0,0.0,0.0000,M,0.0000,M,0.0000,0
$GPRMC,231033.44,A,3719.0931820,N,12158.4456520,W,0.0025,33.8270,101220,,,,
$GPGGA,231034.44,3719.0931820,N,12158.4456520,W,1,0,0.0,0.0000,M,0.0000,M,0.0000,0
$GPRMC,231034.44,A,3719.0931820,N,12158.4456520,W,0.0026,33.8262,101220,,,,
$GPGGA,231035.44,3719.0931820,N,12158.4456520,W,1,0,0.0,0.0000,M,0.0000,M,0.0000,0
$GPRMC,231035.44,A,3719.0931820,N,12158.4456520,W,0.0026,33.8252,101220,,,,
$GPGGA,231036.44,3719.0931820,N,12158.4456520,W,1,0,0.0,0.0000,M,0.0000,M,0.0000,0
$GPRMC,231036.44,A,3719.0931820,N,12158.4456520,W,0.0032,33.8241,101220,,,,
$GPGGA,231037.44,3719.0931820,N,12158.4456520,W,1,0,0.0,0.0000,M,0.0000,M,0.0000,0
$GPRMC,231037.44,A,3719.0931820,N,12158.4456520,W,0.0034,33.8231,101220,,,,
$GPGGA,231038.44,3719.0931820,N,12158.4456520,W,1,0,0.0,0.0000,M,0.0000,M,0.0000,0
$GPRMC,231038.44,A,3719.0931820,N,12158.4456520,W,0.0039,33.8220,101220,,,,
$GPGGA,231039.44,3719.0931820,N,12158.4456520,W,1,0,0.0,0.0000,M,0.0000,M,0.0000,0
$GPRMC,231039.44,A,3719.0931820,N,12158.4456520,W,0.0034,33.8210,101220,,,,
$GPGGA,231040.44,3719.0931820,N,12158.4456520,W,1,0,0.0,0.0000,M,0.0000,M,0.0000,0
$GPRMC,231040.44,A,3719.0931820,N,12158.4456520,W,0.0022,33.8199,101220,,,,
$GPGGA,231041.44,3719.0931820,N,12158.4456520,W,1,0,0.0,0.0000,M,0.0000,M,0.0000,0
$GPRMC,231041.44,A,3719.0931820,N,12158.4456520,W,0.0026,33.8189,101220,,,,
$GPGGA,231042.44,3719.0931820,N,12158.4456520,W,1,0,0.0,0.0000,M,0.0000,M,0.0000,0
$GPRMC,231042.44,A,3719.0931820,N,12158.4456520,W,0.0028,33.8181,101220,,,,
$GPGGA,231043.44,3719.0931820,N,12158.4456520,W,1,0,0.0,0.0000,M,0.0000,M,0.0000,0
$GPRMC,231043.44,A,3719.0931820,N,12158.4456520,W,0.0022,33.8171,101220,,,,
$GPGGA,231044.44,3719.0931820,N,12158.4456520,W,1,0,0.0,0.0000,M,0.0000,M,0.0000,0
$GPRMC,231044.44,A,3719.0931820,N,12158.4456520,W,0.0022,33.8163,101220,,,,
$GPGGA,231045.44,3719.0931820,N,12158.4456520,W,1,0,0.0,0.0000,M,0.0000,M,0.0000,0
$GPRMC,231045.44,A,3719.0931820,N,12158.4456520,W,0.0025,33.8154,101220,,,,
$GPGGA,231046.44,3719.0931820,N,12158.4456520,W,1,0,0.0,0.0000,M,0.0000,M,0.0000,0
$GPRMC,231046.44,A,3719.0931820,N,12158.4456520,W,0.0022,33.8145,101220,,,,
$GPGGA,231047.44,3719.0931820,N,12158.4456520,W,1,0,0.0,0.0000,M,0.0000,M,0.0000,0
$GPRMC,231047.44,A,3719.0931820,N,12158.4456520,W,0.0018,33.8136,101220,,,,
$GPGGA,231048.44,3719.0931820,N,12158.4456520,W,1,0,0.0,0.0000,M,0.0000,M,0.0000,0
$GPRMC,231048.44,A,3719.0931820,N,12158.4456520,W,0.0019,33.8126,101220,,,,
$GPGGA,231049.44,3719.0931820,N,12158.4456520,W,1,0,0.0,0.0000,M,0.0000,M,0.0000,0
$GPRMC,231049.44,A,3719.0931820,N,12158.4456520,W,0.0014,33.8116,101220,,,,
$GPGGA,231050.44,3719.0931820,N,12158.4456520,W,1,0,0.0,0.0000,M,0.0000,M,0.0000,0
$GPRMC,231050.44,A,3719.0931820,N,12158.4456520,W,0.0014,33.8105,101220,,,,
$GPGGA,231051.44,3719.0931820,N,12158.4456520,W,1,0,0.0,0.0000,M,0.0000,M,0.0000,0
$GPRMC,231051.44,A,3719.0931820,N,12158.4456520,W,0.0017,33.8096,101220,,,,
$GPGGA,231052.44,3719.0931820,N,12158.4456520,W,1,0,0.0,0.0000,M,0.0000,M,0.0000,0
$GPRMC,231052.44,A,3719.0931820,N,12158.4456520,W,0.0020,33.8088,101220,,,,
$GPGGA,231053.44,3719.0931820,N,12158.4456520,W,1,0,0.0,0.0000,M,0.0000,M,0.0000,0
$GPRMC,231053.44,A,3719.0931820,N,12158.4456520,W,0.0016,33.8080,101220,,,,
$GPGGA,231054.44,3719.0931820,N,12158.4456520,W,1,0,0.0,0.0000,M,0.0000,M,0.0000,0
$GPRMC,231054.44,A,3719.0931820,N,12158.4456520,W,0.0014,33.8071,101220,,,,
$GPGGA,231055.44,3719.0931820,N,12158.4456520,W,1,0,0.0,0.0000,M,0.0000,M,0.0000,0
$GPRMC,231055.44,A,3719.0931820,N,12158.4456520,W,0.0020,33.8060,101220,,,,
$GPGGA,231056.44,3719.0931820,N,12158.4456520,W,1,0,0.0,0.0000,M,0.0000,M,0.0000,0
$GPRMC,231056.44,A,3719.0931820,N,12158.4456520,W,0.0016,33.8050,101220,,,,
$GPGGA,231057.44,3719.0931820,N,12158.4456520,W,1,0,0.0,0.0000,M,0.0000,M,0.0000,0
$GPRMC,231057.44,A,3719.0931820,N,12158.4456520,W,0.0010,33.8039,101220,,,,
$GPGGA,231058.44,3719.0931820,N,12158.4456520,W,1,0,0.0,0.0000,M,0.0000,M,0.0000,0
$GPRMC,231058.44,A,3719.0931820,N,12158.4456520,W,0.0010,33.8027,101220,,,,
$GPGGA,231059.44,3719.0931820,N,12158.4456520,W,1,0,0.0,0.0000,M,0.0000,M,0.0000,0
$GPRMC,231059.44,A,3719.0931820,N,12158.4456520,W,0.0010,33.8016,101220,,,,
$GPGGA,231100.44,3719.0931820,N,12158.4456520,W,1,0,0.0,0.0000,M,0.0000,M,0.0000,0
$GPRMC,231100.44,A,3719.0931820,N,12158.4456520,W,0.0010,33.8008,101220,,,,
$GPGGA,231101.44,3719.0931820,N,12158.4456520,W,1,0,0.0,0.0000,M,0.0000,M,0.0000,0
$GPRMC,231101.44,A,3719.0931820,N,12158.4456520,W,0.0010,33.7999,101220,,,,
$GPGGA,231102.44,3719.0931820,N,12158.4456520,W,1,0,0.0,0.0000,M,0.0000,M,0.0000,0
$GPRMC,231102.44,A,3719.0931820,N,12158.4456520,W,0.0010,33.7988,101220,,,,
$GPGGA,231103.44,3719.0931820,N,12158.4456520,W,1,0,0.0,0.0000,M,0.0000,M,0.0000,0
$GPRMC,231103.44,A,3719.0931820,N,12158.4456520,W,0.0010,33.7977,101220,,,,
$GPGGA,231104.44,3719.0931820,N,12158.4456520,W,1,0,0.0,0.0000,M,0.0000,M,0.0000,0
$GPRMC,231104.44,A,3719.0931820,N,12158.4456520,W,0.0010,33.7969,101220,,,,
$GPGGA,231105.44,3719.0931820,N,12158.4456520,W,1,0,0.0,0.0000,M,0.0000,M,0.0000,0
$GPRMC,231105.44,A,3719.0931820,N,12158.4456520,W,0.0012,33.7962,101220,,,,
$GPGGA,231106.44,3719.0931820,N,12158.4456520,W,1,0,0.0,0.0000,M,0.0000,M,0.0000,0
$GPRMC,231106.44,A,3719.0931820,N,12158.4456520,W,0.0014,33.7952,101220,,,,
$GPGGA,231107.44,3719.0931820,N,12158.4456520,W,1,0,0.0,0.0000,M,0.0000,M,0.0000,0
$GPRMC,231107.44,A,3719.0931820,N,12158.4456520,W,0.0014,33.7941,101220,,,,
$GPGGA,231108.44,3719.0931820,N,12158.4456520,W,1,0,0.0,0.0000,M,0.0000,M,0.0000,0
$GPRMC,231108.44,A,3719.0931820,N,12158.4456520,W,0.0014,33.7932,101220,,,,
$GPGGA,231109.44,3719.0931820,N,12158.4456520,W,1,0,0.0,0.0000,M,0.0000,M,0.0000,0
$GPRMC,231109.44,A,3719.0931820,N,12158.4456520,W,0.0014,33.7921,101220,,,,
$GPGGA,231110.44,3719.0931820,N,12158.4456520,W,1,0,0.0,0.0000,M,0.0000,M,0.0000,0
$GPRMC,231110.44,A,3719.0931820,N,12158.4456520,W,0.0017,33.7912,101220,,,,
$GPGGA,231111.44,3719.0931820,N,12158.4456520,W,1,0,0.0,0.0000,M,0.0000,M,0.0000,0
$GPRMC,231111.44,A,3719.0931820,N,12158.4456520,W,0.0017,33.7903,101220,,,,
$GPGGA,231112.44,3719.0931820,N,12158.4456520,W,1,0,0.0,0.0000,M,0.0000,M,0.0000,0
$GPRMC,231112.44,A,3719.0931820,N,12158.4456520,W,0.0012,33.7892,101220,,,,
$GPGGA,231113.44,3719.0931820,N,12158.4456520,W,1,0,0.0,0.0000,M,0.0000,M,0.0000,0
$GPRMC,231113.44,A,3719.0931820,N,12158.4456520,W,0.0012,33.7879,101220,,,,
$GPGGA,231114.44,3719.0931820,N,12158.4456520,W,1,0,0.0,0.0000,M,0.0000,M,0.0000,0
$GPRMC,231114.44,A,3719.0931820,N,12158.4456520,W,0.0014,33.7867,101220,,,,
$GPGGA,231115.44,3719.0931820,N,12158.4456520,W,1,0,0.0,0.0000,M,0.0000,M,0.0000,0
$GPRMC,231115.44,A,3719.0931820,N,12158.4456520,W,0.0014,33.7861,101220,,,,
$GPGGA,231116.44,3719.0931820,N,12158.4456520,W,1,0,0.0,0.0000,M,0.0000,M,0.0000,0
$GPRMC,231116.44,A,3719.0931820,N,12158.4456520,W,0.0014,33.7854,101220,,,,
$GPGGA,231117.44,3719.0931820,N,12158.4456520,W,1,0,0.0,0.0000,M,0.0000,M,0.0000,0
$GPRMC,231117.44,A,3719.0931820,N,12158.4456520,W,0.0014,33.7846,101220,,,,
$GPGGA,231118.44,3719.0931820,N,12158.4456520,W,1,0,0.0,0.0000,M,0.0000,M,0.0000,0
$GPRMC,231118.44,A,3719.0931820,N,12158.4456520,W,0.0014,33.7836,101220,,,,
$GPGGA,231119.44,3719.0931820,N,12158.4456520,W,1,0,0.0,0.0000,M,0.0000,M,0.0000,0
$GPRMC,231119.44,A,3719.0931820,N,12158.4456520,W,0.0014,33.7825,101220,,,,
$GPGGA,231120.44,3719.0931820,N,12158.4456520,W,1,0,0.0,0.0000,M,0.0000,M,0.0000,0
$GPRMC,231120.44,A,3719.0931820,N,12158.4456520,W,0.0014,33.7816,101220,,,,
$GPGGA,231121.44,3719.0931820,N,12158.4456520,W,1,0,0.0,0.0000,M,0.0000,M,0.0000,0
$GPRMC,231121.44,A,3719.0931820,N,12158.4456520,W,0.0018,33.7805,101220,,,,
$GPGGA,231122.44,3719.0931820,N,12158.4456520,W,1,0,0.0,0.0000,M,0.0000,M,0.0000,0
$GPRMC,231122.44,A,3719.0931820,N,12158.4456520,W,0.0019,33.7795,101220,,,,
$GPGGA,231123.44,3719.0931820,N,12158.4456520,W,1,0,0.0,0.0000,M,0.0000,M,0.0000,0
$GPRMC,231123.44,A,3719.0931820,N,12158.4456520,W,0.0014,33.7786,101220,,,,
$GPGGA,231124.44,3719.0931820,N,12158.4456520,W,1,0,0.0,0.0000,M,0.0000,M,0.0000,0
$GPRMC,231124.44,A,3719.0931820,N,12158.4456520,W,0.0012,33.7776,101220,,,,
$GPGGA,231125.44,3719.0931820,N,12158.4456520,W,1,0,0.0,0.0000,M,0.0000,M,0.0000,0
$GPRMC,231125.44,A,3719.0931820,N,12158.4456520,W,0.0012,33.7765,101220,,,,
$GPGGA,231126.44,3719.0931820,N,12158.4456520,W,1,0,0.0,0.0000,M,0.0000,M,0.0000,0
$GPRMC,231126.44,A,3719.0931820,N,12158.4456520,W,0.0018,33.7755,101220,,,,
$GPGGA,231127.44,3719.0931820,N,12158.4456520,W,1,0,0.0,0.0000,M,0.0000,M,0.0000,0
$GPRMC,231127.44,A,3719.0931820,N,12158.4456520,W,0.0022,33.7746,101220,,,,
$GPGGA,231128.44,3719.0931820,N,12158.4456520,W,1,0,0.0,0.0000,M,0.0000,M,0.0000,0
$GPRMC,231128.44,A,3719.0931820,N,12158.4456520,W,0.0017,33.7738,101220,,,,
$GPGGA,231129.44,3719.0931820,N,12158.4456520,W,1,0,0.0,0.0000,M,0.0000,M,0.0000,0
$GPRMC,231129.44,A,3719.0931820,N,12158.4456520,W,0.0012,33.7730,101220,,,,
$GPGGA,231130.44,3719.0931820,N,12158.4456520,W,1,0,0.0,0.0000,M,0.0000,M,0.0000,0
$GPRMC,231130.44,A,3719.0931820,N,12158.4456520,W,0.0014,33.7720,101220,,,,
$GPGGA,231131.44,3719.0931820,N,12158.4456520,W,1,0,0.0,0.0000,M,0.0000,M,0.0000,0
$GPRMC,231131.44,A,3719.0931820,N,12158.4456520,W,0.0014,33.7710,101220,,,,
$GPGGA,231132.44,3719.0931820,N,12158.4456520,W,1,0,0.0,0.0000,M,0.0000,M,0.0000,0
$GPRMC,231132.44,A,3719.0931820,N,12158.4456520,W,0.0012,33.7701,101220,,,,
$GPGGA,231133.44,3719.0931820,N,12158.4456520,W,1,0,0.0,0.0000,M,0.0000,M,0.0000,0
$GPRMC,231133.44,A,3719.0931820,N,12158.4456520,W,0.0014,33.7692,101220,,,,
$GPGGA,231134.44,3719.0931820,N,12158.4456520,W,1,0,0.0,0.0000,M,0.0000,M,0.0000,0
$GPRMC,231134.44,A,3719.0931820,N,12158.4456520,W,0.0021,33.7684,101220,,,,
$GPGGA,231135.44,3719.0931820,N,12158.4456520,W,1,0,0.0,0.0000,M,0.0000,M,0.0000,0
$GPRMC,231135.44,A,3719.0931820,N,12158.4456520,W,0.0022,33.7674,101220,,,,
$GPGGA,231136.44,3719.0931820,N,12158.4456520,W,1,0,0.0,0.0000,M,0.0000,M,0.0000,0
$GPRMC,231136.44,A,3719.0931820,N,12158.4456520,W,0.0019,33.7663,101220,,,,
$GPGGA,231137.44,3719.0931820,N,12158.4456520,W,1,0,0.0,0.0000,M,0.0000,M,0.0000,0
$GPRMC,231137.44,A,3719.0931820,N,12158.4456520,W,0.0018,33.7653,101220,,,,
$GPGGA,231138.44,3719.0931820,N,12158.4456520,W,1,0,0.0,0.0000,M,0.0000,M,0.0000,0
$GPRMC,231138.44,A,3719.0931820,N,12158.4456520,W,0.0022,33.7642,101220,,,,
$GPGGA,231139.44,3719.0931820,N,12158.4456520,W,1,0,0.0,0.0000,M,0.0000,M,0.0000,0
$GPRMC,231139.44,A,3719.0931820,N,12158.4456520,W,0.0022,33.7633,101220,,,,
$GPGGA,231140.44,3719.0931820,N,12158.4456520,W,1,0,0.0,0.0000,M,0.0000,M,0.0000,0
$GPRMC,231140.44,A,3719.0931820,N,12158.4456520,W,0.0022,33.7625,101220,,,,
$GPGGA,231141.44,3719.0931820,N,12158.4456520,W,1,0,0.0,0.0000,M,0.0000,M,0.0000,0
$GPRMC,231141.44,A,3719.0931820,N,12158.4456520,W,0.0028,33.7616,101220,,,,
$GPGGA,231142.44,3719.0931820,N,12158.4456520,W,1,0,0.0,0.0000,M,0.0000,M,0.0000,0
$GPRMC,231142.44,A,3719.0931820,N,12158.4456520,W,0.0039,33.7607,101220,,,,
$GPGGA,231143.44,3719.0931820,N,12158.4456520,W,1,0,0.0,0.0000,M,0.0000,M,0.0000,0
$GPRMC,231143.44,A,3719.0931820,N,12158.4456520,W,0.0040,33.7596,101220,,,,
$GPGGA,231144.44,3719.0931820,N,12158.4456520,W,1,0,0.0,0.0000,M,0.0000,M,0.0000,0
$GPRMC,231144.44,A,3719.0931820,N,12158.4456520,W,0.0036,33.7586,101220,,,,
$GPGGA,231145.44,3719.0931880,N,12158.4456520,W,1,0,0.0,0.0000,M,0.0000,M,0.0000,0
$GPRMC,231145.44,A,3719.0931880,N,12158.4456520,W,0.0036,33.7578,101220,,,,
$GPGGA,231146.44,3719.0931880,N,12158.4456520,W,1,0,0.0,0.0000,M,0.0000,M,0.0000,0
$GPRMC,231146.44,A,3719.0931880,N,12158.4456520,W,0.0040,33.7569,101220,,,,
$GPGGA,231147.44,3719.0931820,N,12158.4456580,W,1,0,0.0,0.0000,M,0.0000,M,0.0000,0
$GPRMC,231147.44,A,3719.0931820,N,12158.4456580,W,0.0045,33.7560,101220,,,,
$GPGGA,231148.44,3719.0931820,N,12158.4456580,W,1,0,0.0,0.0000,M,0.0000,M,0.0000,0
$GPRMC,231148.44,A,3719.0931820,N,12158.4456580,W,0.0045,33.7549,101220,,,,
$GPGGA,231149.44,3719.0931820,N,12158.4456580,W,1,0,0.0,0.0000,M,0.0000,M,0.0000,0
$GPRMC,231149.44,A,3719.0931820,N,12158.4456580,W,0.0045,33.7539,101220,,,,
$GPGGA,231150.44,3719.0931820,N,12158.4456580,W,1,0,0.0,0.0000,M,0.0000,M,0.0000,0
$GPRMC,231150.44,A,3719.0931820,N,12158.4456580,W,0.0045,33.7529,101220,,,,
$GPGGA,231151.44,3719.0931760,N,12158.4456580,W,1,0,0.0,0.0000,M,0.0000,M,0.0000,0
$GPRMC,231151.44,A,3719.0931760,N,12158.4456580,W,0.0045,33.7520,101220,,,,
$GPGGA,231152.44,3719.0931760,N,12158.4456520,W,1,0,0.0,0.0000,M,0.0000,M,0.0000,0
$GPRMC,231152.44,A,3719.0931760,N,12158.4456520,W,0.0051,33.7511,101220,,,,
$GPGGA,231153.44,3719.0931760,N,12158.4456520,W,1,0,0.0,0.0000,M,0.0000,M,0.0000,0
$GPRMC,231153.44,A,3719.0931760,N,12158.4456520,W,0.0058,33.7501,101220,,,,
$GPGGA,231154.44,3719.0931760,N,12158.4456520,W,1,0,0.0,0.0000,M,0.0000,M,0.0000,0
$GPRMC,231154.44,A,3719.0931760,N,12158.4456520,W,0.0061,33.7491,101220,,,,
$GPGGA,231155.44,3719.0931760,N,12158.4456520,W,1,0,0.0,0.0000,M,0.0000,M,0.0000,0
$GPRMC,231155.44,A,3719.0931760,N,12158.4456520,W,0.0067,33.7480,101220,,,,
$GPGGA,231156.44,3719.0931760,N,12158.4456520,W,1,0,0.0,0.0000,M,0.0000,M,0.0000,0
$GPRMC,231156.44,A,3719.0931760,N,12158.4456520,W,0.0077,33.7471,101220,,,,
$GPGGA,231157.44,3719.0931760,N,12158.4456520,W,1,0,0.0,0.0000,M,0.0000,M,0.0000,0
$GPRMC,231157.44,A,3719.0931760,N,12158.4456520,W,0.0094,33.7462,101220,,,,
$GPGGA,231158.44,3719.0931820,N,12158.4456520,W,1,0,0.0,0.0000,M,0.0000,M,0.0000,0
$GPRMC,231158.44,A,3719.0931820,N,12158.4456520,W,0.0116,33.7452,101220,,,,
$GPGGA,231159.44,3719.0931820,N,12158.4456460,W,1,0,0.0,0.0000,M,0.0000,M,0.0000,0
$GPRMC,231159.44,A,3719.0931820,N,12158.4456460,W,0.0141,33.7444,101220,,,,
$GPGGA,231200.44,3719.0931880,N,12158.4456460,W,1,0,0.0,0.0000,M,0.0000,M,0.0000,0
$GPRMC,231200.44,A,3719.0931880,N,12158.4456460,W,0.0171,33.7432,101220,,,,
$GPGGA,231201.44,3719.0931940,N,12158.4456400,W,1,0,0.0,0.0000,M,0.0000,M,0.0000,0
$GPRMC,231201.44,A,3719.0931940,N,12158.4456400,W,0.0207,33.7421,101220,,,,
$GPGGA,231202.44,3719.0931940,N,12158.4456400,W,1,0,0.0,0.0000,M,0.0000,M,0.0000,0
$GPRMC,231202.44,A,3719.0931940,N,12158.4456400,W,0.0253,33.7410,101220,,,,
$GPGGA,231203.44,3719.0932000,N,12158.4456340,W,1,0,0.0,0.0000,M,0.0000,M,0.0000,0
$GPRMC,231203.44,A,3719.0932000,N,12158.4456340,W,0.0299,33.7411,101220,,,,
$GPGGA,231204.44,3719.0932660,N,12158.4455920,W,1,0,0.0,0.0000,M,0.0000,M,0.0000,0
$GPRMC,231204.44,A,3719.0932660,N,12158.4455920,W,0.3799,33.7377,101220,,,,
$GPGGA,231205.44,3719.0937100,N,12158.4452380,W,1,0,0.0,0.0000,M,0.0000,M,0.0000,0
$GPRMC,231205.44,A,3719.0937100,N,12158.4452380,W,1.5866,33.6271,101220,,,,
$GPGGA,231206.44,3719.0947840,N,12158.4447340,W,1,0,0.0,0.0000,M,0.0000,M,0.0000,0
$GPRMC,231206.44,A,3719.0947840,N,12158.4447340,W,2.4593,26.5060,101220,,,,
$GPGGA,231207.44,3719.0961220,N,12158.4450700,W,1,0,0.0,0.0000,M,0.0000,M,0.0000,0
$GPRMC,231207.44,A,3719.0961220,N,12158.4450700,W,2.4351,3.9346,101220,,,,
$GPGGA,231208.44,3719.0970760,N,12158.4466540,W,1,0,0.0,0.0000,M,0.0000,M,0.0000,0
$GPRMC,231208.44,A,3719.0970760,N,12158.4466540,W,2.8336,330.2758,101220,,,,
$GPGGA,231209.44,3719.0970700,N,12158.4489400,W,1,0,0.0,0.0000,M,0.0000,M,0.0000,0
$GPRMC,231209.44,A,3719.0970700,N,12158.4489400,W,3.3968,290.8842,101220,,,,
$GPGGA,231210.44,3719.0957440,N,12158.4509740,W,1,0,0.0,0.0000,M,0.0000,M,0.0000,0
$GPRMC,231210.44,A,3719.0957440,N,12158.4509740,W,4.2264,249.8666,101220,,,,
$GPGGA,231211.44,3719.0934640,N,12158.4525280,W,1,0,0.0,0.0000,M,0.0000,M,0.0000,0
$GPRMC,231211.44,A,3719.0934640,N,12158.4525280,W,5.6683,219.9515,101220,,,,
$GPGGA,231212.44,3719.0903560,N,12158.4545440,W,1,0,0.0,0.0000,M,0.0000,M,0.0000,0
$GPRMC,231212.44,A,3719.0903560,N,12158.4545440,W,7.5524,209.5280,101220,,,,
$GPGGA,231213.44,3719.0863540,N,12158.4573820,W,1,0,0.0,0.0000,M,0.0000,M,0.0000,0
$GPRMC,231213.44,A,3719.0863540,N,12158.4573820,W,9.4538,209.2650,101220,,,,
$GPGGA,231214.44,3719.0814820,N,12158.4608080,W,1,0,0.0,0.0000,M,0.0000,M,0.0000,0
$GPRMC,231214.44,A,3719.0814820,N,12158.4608080,W,11.2331,208.9949,101220,,,,
$GPGGA,231215.44,3719.0757520,N,12158.4647680,W,1,0,0.0,0.0000,M,0.0000,M,0.0000,0
$GPRMC,231215.44,A,3719.0757520,N,12158.4647680,W,13.0491,208.6325,101220,,,,
$GPGGA,231216.44,3719.0692060,N,12158.4693880,W,1,0,0.0,0.0000,M,0.0000,M,0.0000,0
$GPRMC,231216.44,A,3719.0692060,N,12158.4693880,W,14.7434,209.6448,101220,,,,
$GPGGA,231217.44,3719.0620300,N,12158.4747580,W,1,0,0.0,0.0000,M,0.0000,M,0.0000,0
$GPRMC,231217.44,A,3719.0620300,N,12158.4747580,W,16.0266,211.2141,101220,,,,
$GPGGA,231218.44,3719.0545720,N,12158.4806560,W,1,0,0.0,0.0000,M,0.0000,M,0.0000,0
$GPRMC,231218.44,A,3719.0545720,N,12158.4806560,W,16.4233,212.3927,101220,,,,
$GPGGA,231219.44,3719.0471740,N,12158.4866680,W,1,0,0.0,0.0000,M,0.0000,M,0.0000,0
$GPRMC,231219.44,A,3719.0471740,N,12158.4866680,W,16.2136,212.9430,101220,,,,
$GPGGA,231220.44,3719.0399080,N,12158.4926620,W,1,0,0.0,0.0000,M,0.0000,M,0.0000,0
$GPRMC,231220.44,A,3719.0399080,N,12158.4926620,W,15.9444,213.3694,101220,,,,
$GPGGA,231221.44,3719.0328460,N,12158.4985720,W,1,0,0.0,0.0000,M,0.0000,M,0.0000,0
$GPRMC,231221.44,A,3719.0328460,N,12158.4985720,W,15.2496,213.7575,101220,,,,
$GPGGA,231222.44,3719.0264740,N,12158.5039180,W,1,0,0.0,0.0000,M,0.0000,M,0.0000,0
$GPRMC,231222.44,A,3719.0264740,N,12158.5039180,W,12.8166,213.7166,101220,,,,
$GPGGA,231223.44,3719.0216080,N,12158.5079620,W,1,0,0.0,0.0000,M,0.0000,M,0.0000,0
$GPRMC,231223.44,A,3719.0216080,N,12158.5079620,W,8.7259,213.3054,101220,,,,
$GPGGA,231224.44,3719.0185720,N,12158.5104340,W,1,0,0.0,0.0000,M,0.0000,M,0.0000,0
$GPRMC,231224.44,A,3719.0185720,N,12158.5104340,W,4.7761,212.7920,101220,,,,
$GPGGA,231225.44,3719.0171080,N,12158.5116100,W,1,0,0.0,0.0000,M,0.0000,M,0.0000,0
$GPRMC,231225.44,A,3719.0171080,N,12158.5116100,W,1.8480,212.4303,101220,,,,
$GPGGA,231226.44,3719.0166640,N,12158.5119580,W,1,0,0.0,0.0000,M,0.0000,M,0.0000,0
$GPRMC,231226.44,A,3719.0166640,N,12158.5119580,W,0.3996,212.2852,101220,,,,
$GPGGA,231227.44,3719.0166340,N,12158.5119880,W,1,0,0.0,0.0000,M,0.0000,M,0.0000,0
$GPRMC,231227.44,A,3719.0166340,N,12158.5119880,W,0.0068,212.2770,101220,,,,
$GPGGA,231228.44,3719.0166340,N,12158.5119940,W,1,0,0.0,0.0000,M,0.0000,M,0.0000,0
$GPRMC,231228.44,A,3719.0166340,N,12158.5119940,W,0.0075,212.2749,101220,,,,
$GPGGA,231229.44,3719.0166340,N,12158.5119940,W,1,0,0.0,0.0000,M,0.0000,M,0.0000,0
$GPRMC,231229.44,A,3719.0166340,N,12158.5119940,W,0.0075,212.2723,101220,,,,
$GPGGA,231230.44,3719.0166340,N,12158.5119940,W,1,0,0.0,0.0000,M,0.0000,M,0.0000,0
$GPRMC,231230.44,A,3719.0166340,N,12158.5119940,W,0.0070,212.2713,101220,,,,
$GPGGA,231231.44,3719.0166340,N,12158.5119940,W,1,0,0.0,0.0000,M,0.0000,M,0.0000,0
$GPRMC,231231.44,A,3719.0166340,N,12158.5119940,W,0.0071,212.2698,101220,,,,
$GPGGA,231232.44,3719.0166340,N,12158.5119940,W,1,0,0.0,0.0000,M,0.0000,M,0.0000,0
$GPRMC,231232.44,A,3719.0166340,N,12158.5119940,W,0.0069,212.2684,101220,,,,
$GPGGA,231233.44,3719.0166340,N,12158.5119940,W,1,0,0.0,0.0000,M,0.0000,M,0.0000,0
$GPRMC,231233.44,A,3719.0166340,N,12158.5119940,W,0.0056,212.2675,101220,,,,
$GPGGA,231234.44,3719.0166340,N,12158.5119940,W,1,0,0.0,0.0000,M,0.0000,M,0.0000,0
$GPRMC,231234.44,A,3719.0166340,N,12158.5119940,W,0.0048,212.2663,101220,,,,
$GPGGA,231235.44,3719.0166340,N,12158.5119940,W,1,0,0.0,0.0000,M,0.0000,M,0.0000,0
$GPRMC,231235.44,A,3719.0166340,N,12158.5119940,W,0.0041,212.2660,101220,,,,
$GPGGA,231236.44,3719.0166340,N,12158.5119940,W,1,0,0.0,0.0000,M,0.0000,M,0.0000,0
$GPRMC,231236.44,A,3719.0166340,N,12158.5119940,W,0.0036,212.2653,101220,,,,
$GPGGA,231237.44,3719.0166340,N,12158.5119940,W,1,0,0.0,0.0000,M,0.0000,M,0.0000,0
$GPRMC,231237.44,A,3719.0166340,N,12158.5119940,W,0.0036,212.2641,101220,,,,
$GPGGA,231238.44,3719.0166340,N,12158.5119940,W,1,0,0.0,0.0000,M,0.0000,M,0.0000,0
$GPRMC,231238.44,A,3719.0166340,N,12158.5119940,W,0.0033,212.2630,101220,,,,
$GPGGA,231239.44,3719.0166340,N,12158.5119940,W,1,0,0.0,0.0000,M,0.0000,M,0.0000,0
$GPRMC,231239.44,A,3719.0166340,N,12158.5119940,W,0.0026,212.2620,101220,,,,
$GPGGA,231240.44,3719.0166340,N,12158.5119940,W,1,0,0.0,0.0000,M,0.0000,M,0.0000,0
$GPRMC,231240.44,A,3719.0166340,N,12158.5119940,W,0.0025,212.2609,101220,,,,
$GPGGA,231241.44,3719.0166340,N,12158.5119940,W,1,0,0.0,0.0000,M,0.0000,M,0.0000,0
$GPRMC,231241.44,A,3719.0166340,N,12158.5119940,W,0.0022,212.2599,101220,,,,
$GPGGA,231242.44,3719.0166340,N,12158.5119940,W,1,0,0.0,0.0000,M,0.0000,M,0.0000,0
$GPRMC,231242.44,A,3719.0166340,N,12158.5119940,W,0.0012,212.2589,101220,,,,
$GPGGA,231243.44,3719.0166340,N,12158.5119940,W,1,0,0.0,0.0000,M,0.0000,M,0.0000,0
$GPRMC,231243.44,A,3719.0166340,N,12158.5119940,W,0.0015,212.2577,101220,,,,
$GPGGA,231244.44,3719.0166340,N,12158.5119940,W,1,0,0.0,0.0000,M,0.0000,M,0.0000,0
$GPRMC,231244.44,A,3719.0166340,N,12158.5119940,W,0.0019,212.2566,101220,,,,
$GPGGA,231245.44,3719.0166340,N,12158.5119940,W,1,0,0.0,0.0000,M,0.0000,M,0.0000,0
$GPRMC,231245.44,A,3719.0166340,N,12158.5119940,W,0.0014,212.2556,101220,,,,
$GPGGA,231246.44,3719.0166340,N,12158.5119940,W,1,0,0.0,0.0000,M,0.0000,M,0.0000,0
$GPRMC,231246.44,A,3719.0166340,N,12158.5119940,W,0.0008,212.2546,101220,,,,
$GPGGA,231247.44,3719.0166340,N,12158.5119940,W,1,0,0.0,0.0000,M,0.0000,M,0.0000,0
$GPRMC,231247.44,A,3719.0166340,N,12158.5119940,W,0.0000,212.2536,101220,,,,
$GPGGA,231248.44,3719.0166340,N,12158.5119940,W,1,0,0.0,0.0000,M,0.0000,M,0.0000,0
$GPRMC,231248.44,A,3719.0166340,N,12158.5119940,W,0.0000,212.2525,101220,,,,
$GPGGA,231249.44,3719.0166340,N,12158.5119940,W,1,0,0.0,0.0000,M,0.0000,M,0.0000,0
$GPRMC,231249.44,A,3719.0166340,N,12158.5119940,W,0.0000,212.2514,101220,,,,
$GPGGA,231250.44,3719.0166340,N,12158.5119940,W,1,0,0.0,0.0000,M,0.0000,M,0.0000,0
$GPRMC,231250.44,A,3719.0166340,N,12158.5119940,W,0.0000,212.2502,101220,,,,
$GPGGA,231251.44,3719.0166340,N,12158.5119940,W,1,0,0.0,0.0000,M,0.0000,M,0.0000,0
$GPRMC,231251.44,A,3719.0166340,N,12158.5119940,W,0.0000,212.2491,101220,,,,
$GPGGA,231252.44,3719.0166340,N,12158.5119940,W,1,0,0.0,0.0000,M,0.0000,M,0.0000,0
$GPRMC,231252.44,A,3719.0166340,N,12158.5119940,W,0.0000,212.2481,101220,,,,
$GPGGA,231253.44,3719.0166340,N,12158.5119940,W,1,0,0.0,0.0000,M,0.0000,M,0.0000,0
$GPRMC,231253.44,A,3719.0166340,N,12158.5119940,W,0.0004,212.2471,101220,,,,
$GPGGA,231254.44,3719.0166340,N,12158.5119940,W,1,0,0.0,0.0000,M,0.0000,M,0.0000,0
$GPRMC,231254.44,A,3719.0166340,N,12158.5119940,W,0.0012,212.2459,101220,,,,
$GPGGA,231255.44,3719.0166340,N,12158.5119940,W,1,0,0.0,0.0000,M,0.0000,M,0.0000,0
$GPRMC,231255.44,A,3719.0166340,N,12158.5119940,W,0.0017,212.2449,101220,,,,
$GPGGA,231256.44,3719.0166340,N,12158.5119940,W,1,0,0.0,0.0000,M,0.0000,M,0.0000,0
$GPRMC,231256.44,A,3719.0166340,N,12158.5119940,W,0.0024,212.2437,101220,,,,
$GPGGA,231257.44,3719.0166340,N,12158.5120060,W,1,0,0.0,0.0000,M,0.0000,M,0.0000,0
$GPRMC,231257.44,A,3719.0166340,N,12158.5120060,W,0.0030,212.2426,101220,,,,
$GPGGA,231258.44,3719.0166220,N,12158.5120180,W,1,0,0.0,0.0000,M,0.0000,M,0.0000,0
$GPRMC,231258.44,A,3719.0166220,N,12158.5120180,W,0.0031,212.2417,101220,,,,
$GPGGA,231259.44,3719.0166100,N,12158.5120360,W,1,0,0.0,0.0000,M,0.0000,M,0.0000,0
$GPRMC,231259.44,A,3719.0166100,N,12158.5120360,W,0.0036,212.2407,101220,,,,
$GPGGA,231300.44,3719.0165980,N,12158.5120600,W,1,0,0.0,0.0000,M,0.0000,M,0.0000,0
$GPRMC,231300.44,A,3719.0165980,N,12158.5120600,W,0.0042,212.2397,101220,,,,
$GPGGA,231301.44,3719.0165860,N,12158.5120840,W,1,0,0.0,0.0000,M,0.0000,M,0.0000,0
$GPRMC,231301.44,A,3719.0165860,N,12158.5120840,W,0.0050,212.2386,101220,,,,
$GPGGA,231302.44,3719.0165620,N,12158.5121140,W,1,0,0.0,0.0000,M,0.0000,M,0.0000,0
$GPRMC,231302.44,A,3719.0165620,N,12158.5121140,W,0.0073,212.2375,101220,,,,
$GPGGA,231303.44,3719.0165320,N,12158.5121500,W,1,0,0.0,0.0000,M,0.0000,M,0.0000,0
$GPRMC,231303.44,A,3719.0165320,N,12158.5121500,W,0.0394,212.2375,101220,,,,
$GPGGA,231304.44,3719.0163460,N,12158.5123060,W,1,0,0.0,0.0000,M,0.0000,M,0.0000,0
$GPRMC,231304.44,A,3719.0163460,N,12158.5123060,W,0.8371,212.1818,101220,,,,
$GPGGA,231305.44,3719.0155240,N,12158.5129360,W,1,0,0.0,0.0000,M,0.0000,M,0.0000,0
$GPRMC,231305.44,A,3719.0155240,N,12158.5129360,W,2.7101,211.7601,101220,,,,
$GPGGA,231306.44,3719.0137120,N,12158.5140820,W,1,0,0.0,0.0000,M,0.0000,M,0.0000,0
$GPRMC,231306.44,A,3719.0137120,N,12158.5140820,W,4.6202,208.3514,101220,,,,
$GPGGA,231307.44,3719.0108140,N,12158.5150900,W,1,0,0.0,0.0000,M,0.0000,M,0.0000,0
$GPRMC,231307.44,A,3719.0108140,N,12158.5150900,W,6.5070,197.5506,101220,,,,
$GPGGA,231308.44,3719.0070220,N,12158.5148560,W,1,0,0.0,0.0000,M,0.0000,M,0.0000,0
$GPRMC,231308.44,A,3719.0070220,N,12158.5148560,W,7.7566,177.1877,101220,,,,
$GPGGA,231309.44,3719.0035780,N,12158.5124320,W,1,0,0.0,0.0000,M,0.0000,M,0.0000,0
$GPRMC,231309.44,A,3719.0035780,N,12158.5124320,W,8.0021,149.6188,101220,,,,
$GPGGA,231310.44,3719.0012440,N,12158.5079920,W,1,0,0.0,0.0000,M,0.0000,M,0.0000,0
$GPRMC,231310.44,A,3719.0012440,N,12158.5079920,W,8.9798,124.8944,101220,,,,
$GPGGA,231311.44,3718.9994140,N,12158.5019500,W,1,0,0.0,0.0000,M,0.0000,M,0.0000,0
$GPRMC,231311.44,A,3718.9994140,N,12158.5019500,W,10.8928,111.2878,101220,,,,
$GPGGA,231312.44,3718.9975660,N,12158.4943180,W,1,0,0.0,0.0000,M,0.0000,M,0.0000,0
$GPRMC,231312.44,A,3718.9975660,N,12158.4943180,W,12.9949,106.2033,101220,,,,
$GPGGA,231313.44,3718.9955680,N,12158.4851560,W,1,0,0.0,0.0000,M,0.0000,M,0.0000,0
$GPRMC,231313.44,A,3718.9955680,N,12158.4851560,W,15.2283,104.6291,101220,,,,
$GPGGA,231314.44,3718.9933360,N,12158.4744820,W,1,0,0.0,0.0000,M,0.0000,M,0.0000,0
$GPRMC,231314.44,A,3718.9933360,N,12158.4744820,W,17.3391,104.0648,101220,,,,
$GPGGA,231315.44,3718.9909120,N,12158.4626980,W,1,0,0.0,0.0000,M,0.0000,M,0.0000,0
$GPRMC,231315.44,A,3718.9909120,N,12158.4626980,W,18.4025,104.0168,101220,,,,
$GPGGA,231316.44,3718.9884220,N,12158.4506320,W,1,0,0.0,0.0000,M,0.0000,M,0.0000,0
$GPRMC,231316.44,A,3718.9884220,N,12158.4506320,W,18.3917,104.1392,101220,,,,
$GPGGA,231317.44,3718.9859440,N,12158.4386260,W,1,0,0.0,0.0000,M,0.0000,M,0.0000,0
$GPRMC,231317.44,A,3718.9859440,N,12158.4386260,W,18.2979,104.0951,101220,,,,
$GPGGA,231318.44,3718.9835260,N,12158.4265720,W,1,0,0.0,0.0000,M,0.0000,M,0.0000,0
$GPRMC,231318.44,A,3718.9835260,N,12158.4265720,W,18.5148,103.7528,101220,,,,
$GPGGA,231319.44,3718.9811500,N,12158.4142420,W,1,0,0.0,0.0000,M,0.0000,M,0.0000,0
$GPRMC,231319.44,A,3718.9811500,N,12158.4142420,W,19.0344,103.2047,101220,,,,
$GPGGA,231320.44,3718.9788460,N,12158.4015400,W,1,0,0.0,0.0000,M,0.0000,M,0.0000,0
$GPRMC,231320.44,A,3718.9788460,N,12158.4015400,W,19.4567,102.3111,101220,,,,
$GPGGA,231321.44,3718.9768060,N,12158.3885920,W,1,0,0.0,0.0000,M,0.0000,M,0.0000,0
$GPRMC,231321.44,A,3718.9768060,N,12158.3885920,W,19.5951,100.3345,101220,,,,
$GPGGA,231322.44,3718.9752880,N,12158.3755840,W,1,0,0.0,0.0000,M,0.0000,M,0.0000,0
$GPRMC,231322.44,A,3718.9752880,N,12158.3755840,W,19.4059,97.2944,101220,,,,
$GPGGA,231323.44,3718.9742860,N,12158.3625820,W,1,0,0.0,0.0000,M,0.0000,M,0.0000,0
$GPRMC,231323.44,A,3718.9742860,N,12158.3625820,W,19.3929,94.7046,101220,,,,
$GPGGA,231324.44,3718.9736020,N,12158.3493940,W,1,0,0.0,0.0000,M,0.0000,M,0.0000,0
$GPRMC,231324.44,A,3718.9736020,N,12158.3493940,W,19.7730,93.3607,101220,,,,
$GPGGA,231325.44,3718.9729960,N,12158.3358400,W,1,0,0.0,0.0000,M,0.0000,M,0.0000,0
$GPRMC,231325.44,A,3718.9729960,N,12158.3358400,W,20.3222,93.1284,101220,,,,
$GPGGA,231326.44,3718.9723060,N,12158.3219500,W,1,0,0.0,0.0000,M,0.0000,M,0.0000,0
$GPRMC,231326.44,A,3718.9723060,N,12158.3219500,W,20.6964,93.6674,101220,,,,
$GPGGA,231327.44,3718.9715020,N,12158.3079340,W,1,0,0.0,0.0000,M,0.0000,M,0.0000,0
$GPRMC,231327.44,A,3718.9715020,N,12158.3079340,W,20.6794,94.1752,101220,,,,
$GPGGA,231328.44,3718.9706500,N,12158.2939840,W,1,0,0.0,0.0000,M,0.0000,M,0.0000,0
$GPRMC,231328.44,A,3718.9706500,N,12158.2939840,W,20.6868,94.4035,101220,,,,
$GPGGA,231329.44,3718.9697800,N,12158.2800160,W,1,0,0.0,0.0000,M,0.0000,M,0.0000,0
$GPRMC,231329.44,A,3718.9697800,N,12158.2800160,W,20.7482,94.3337,101220,,,,
$GPGGA,231330.44,3718.9689160,N,12158.2660900,W,1,0,0.0,0.0000,M,0.0000,M,0.0000,0
$GPRMC,231330.44,A,3718.9689160,N,12158.2660900,W,20.4787,94.3555,101220,,,,
$GPGGA,231331.44,3718.9681360,N,12158.2524280,W,1,0,0.0,0.0000,M,0.0000,M,0.0000,0
$GPRMC,231331.44,A,3718.9681360,N,12158.2524280,W,19.9752,93.9130,101220,,,,
$GPGGA,231332.44,3718.9675600,N,12158.2392160,W,1,0,0.0,0.0000,M,0.0000,M,0.0000,0
$GPRMC,231332.44,A,3718.9675600,N,12158.2392160,W,19.0843,92.6877,101220,,,,
$GPGGA,231333.44,3718.9672660,N,12158.2266460,W,1,0,0.0,0.0000,M,0.0000,M,0.0000,0
$GPRMC,231333.44,A,3718.9672660,N,12158.2266460,W,18.1387,91.1432,101220,,,,
$GPGGA,231334.44,3718.9672540,N,12158.2145980,W,1,0,0.0,0.0000,M,0.0000,M,0.0000,0
$GPRMC,231334.44,A,3718.9672540,N,12158.2145980,W,17.5808,89.7826,101220,,,,
$GPGGA,231335.44,3718.9674100,N,12158.2027960,W,1,0,0.0,0.0000,M,0.0000,M,0.0000,0
$GPRMC,231335.44,A,3718.9674100,N,12158.2027960,W,17.3054,88.8455,101220,,,,
$GPGGA,231336.44,3718.9676380,N,12158.1911560,W,1,0,0.0,0.0000,M,0.0000,M,0.0000,0
$GPRMC,231336.44,A,3718.9676380,N,12158.1911560,W,17.1563,88.3729,101220,,,,
$GPGGA,231337.44,3718.9679380,N,12158.1794980,W,1,0,0.0,0.0000,M,0.0000,M,0.0000,0
$GPRMC,231337.44,A,3718.9679380,N,12158.1794980,W,17.3946,87.8582,101220,,,,
$GPGGA,231338.44,3718.9683220,N,12158.1675520,W,1,0,0.0,0.0000,M,0.0000,M,0.0000,0
$GPRMC,231338.44,A,3718.9683220,N,12158.1675520,W,17.9698,87.6413,101220,,,,
$GPGGA,231339.44,3718.9687180,N,12158.1552100,W,1,0,0.0,0.0000,M,0.0000,M,0.0000,0
$GPRMC,231339.44,A,3718.9687180,N,12158.1552100,W,18.5364,87.2752,101220,,,,
$GPGGA,231340.44,3718.9693360,N,12158.1424780,W,1,0,0.0,0.0000,M,0.0000,M,0.0000,0
$GPRMC,231340.44,A,3718.9693360,N,12158.1424780,W,19.2067,85.8171,101220,,,,
$GPGGA,231341.44,3718.9702120,N,12158.1291820,W,1,0,0.0,0.0000,M,0.0000,M,0.0000,0
$GPRMC,231341.44,A,3718.9702120,N,12158.1291820,W,20.2677,84.9092,101220,,,,
$GPGGA,231342.44,3718.9711420,N,12158.1150760,W,1,0,0.0,0.0000,M,0.0000,M,0.0000,0
$GPRMC,231342.44,A,3718.9711420,N,12158.1150760,W,21.5563,85.4103,101220,,,,
$GPGGA,231343.44,3718.9719400,N,12158.1001420,W,1,0,0.0,0.0000,M,0.0000,M,0.0000,0
$GPRMC,231343.44,A,3718.9719400,N,12158.1001420,W,22.5293,86.5500,101220,,,,
$GPGGA,231344.44,3718.9725640,N,12158.0847700,W,1,0,0.0,0.0000,M,0.0000,M,0.0000,0
$GPRMC,231344.44,A,3718.9725640,N,12158.0847700,W,22.8164,87.2531,101220,,,,
$GPGGA,231345.44,3718.9730860,N,12158.0694340,W,1,0,0.0,0.0000,M,0.0000,M,0.0000,0
$GPRMC,231345.44,A,3718.9730860,N,12158.0694340,W,22.5138,87.5705,101220,,,,
$GPGGA,231346.44,3718.9735960,N,12158.0543440,W,1,0,0.0,0.0000,M,0.0000,M,0.0000,0
$GPRMC,231346.44,A,3718.9735960,N,12158.0543440,W,22.1002,87.4385,101220,,,,
$GPGGA,231347.44,3718.9741360,N,12158.0395660,W,1,0,0.0,0.0000,M,0.0000,M,0.0000,0
$GPRMC,231347.44,A,3718.9741360,N,12158.0395660,W,21.6407,87.0614,101220,,,,
$GPGGA,231348.44,3718.9748080,N,12158.0250400,W,1,0,0.0,0.0000,M,0.0000,M,0.0000,0
$GPRMC,231348.44,A,3718.9748080,N,12158.0250400,W,21.4246,86.2506,101220,,,,
$GPGGA,231349.44,3718.9756900,N,12158.0104900,W,1,0,0.0,0.0000,M,0.0000,M,0.0000,0
$GPRMC,231349.44,A,3718.9756900,N,12158.0104900,W,21.8646,85.2531,101220,,,,
$GPGGA,231350.44,3718.9766740,N,12157.9954000,W,1,0,0.0,0.0000,M,0.0000,M,0.0000,0
$GPRMC,231350.44,A,3718.9766740,N,12157.9954000,W,22.9937,85.2680,101220,,,,
$GPGGA,231351.44,3718.9776100,N,12157.9793920,W,1,0,0.0,0.0000,M,0.0000,M,0.0000,0
$GPRMC,231351.44,A,3718.9776100,N,12157.9793920,W,24.4404,86.0265,101220,,,,
$GPGGA,231352.44,3718.9784080,N,12157.9625620,W,1,0,0.0,0.0000,M,0.0000,M,0.0000,0
$GPRMC,231352.44,A,3718.9784080,N,12157.9625620,W,25.2834,86.8275,101220,,,,
$GPGGA,231353.44,3718.9790620,N,12157.9454260,W,1,0,0.0,0.0000,M,0.0000,M,0.0000,0
$GPRMC,231353.44,A,3718.9790620,N,12157.9454260,W,25.3581,87.3644,101220,,,,
$GPGGA,231354.44,3718.9796560,N,12157.9282600,W,1,0,0.0,0.0000,M,0.0000,M,0.0000,0
$GPRMC,231354.44,A,3718.9796560,N,12157.9282600,W,25.4411,87.4952,101220,,,,
$GPGGA,231355.44,3718.9802320,N,12157.9109920,W,1,0,0.0,0.0000,M,0.0000,M,0.0000,0
$GPRMC,231355.44,A,3718.9802320,N,12157.9109920,W,25.6760,87.6568,101220,,,,
$GPGGA,231356.44,3718.9807600,N,12157.8935080,W,1,0,0.0,0.0000,M,0.0000,M,0.0000,0
$GPRMC,231356.44,A,3718.9807600,N,12157.8935080,W,26.0541,87.7669,101220,,,,
$GPGGA,231357.44,3718.9813000,N,12157.8757420,W,1,0,0.0,0.0000,M,0.0000,M,0.0000,0
$GPRMC,231357.44,A,3718.9813000,N,12157.8757420,W,26.5043,87.7785,101220,,,,
$GPGGA,231358.44,3718.9817920,N,12157.8576400,W,1,0,0.0,0.0000,M,0.0000,M,0.0000,0
$GPRMC,231358.44,A,3718.9817920,N,12157.8576400,W,27.0061,88.2506,101220,,,,
$GPGGA,231359.44,3718.9820980,N,12157.8391720,W,1,0,0.0,0.0000,M,0.0000,M,0.0000,0
$GPRMC,231359.44,A,3718.9820980,N,12157.8391720,W,27.5455,89.2122,101220,,,,
$GPGGA,231400.44,3718.9821580,N,12157.8204400,W,1,0,0.0,0.0000,M,0.0000,M,0.0000,0
$GPRMC,231400.44,A,3718.9821580,N,12157.8204400,W,27.7765,90.0441,101220,,,,
$GPGGA,231401.44,3718.9820320,N,12157.8016600,W,1,0,0.0,0.0000,M,0.0000,M,0.0000,0
$GPRMC,231401.44,A,3718.9820320,N,12157.8016600,W,27.7618,90.6784,101220,,,,
$GPGGA,231402.44,3718.9817680,N,12157.7828020,W,1,0,0.0,0.0000,M,0.0000,M,0.0000,0
$GPRMC,231402.44,A,3718.9817680,N,12157.7828020,W,28.0558,90.9416,101220,,,,
$GPGGA,231403.44,3718.9814800,N,12157.7636500,W,1,0,0.0,0.0000,M,0.0000,M,0.0000,0
$GPRMC,231403.44,A,3718.9814800,N,12157.7636500,W,28.5560,90.8026,101220,,,,
$GPGGA,231404.44,3718.9812040,N,12157.7441440,W,1,0,0.0,0.0000,M,0.0000,M,0.0000,0
$GPRMC,231404.44,A,3718.9812040,N,12157.7441440,W,29.0715,90.6567,101220,,,,
$GPGGA,231405.44,3718.9809520,N,12157.7242720,W,1,0,0.0,0.0000,M,0.0000,M,0.0000,0
$GPRMC,231405.44,A,3718.9809520,N,12157.7242720,W,29.5831,90.7910,101220,,,,
$GPGGA,231406.44,3718.9806940,N,12157.7040820,W,1,0,0.0,0.0000,M,0.0000,M,0.0000,0
$GPRMC,231406.44,A,3718.9806940,N,12157.7040820,W,30.0448,90.9141,101220,,,,
$GPGGA,231407.44,3718.9804060,N,12157.6836040,W,1,0,0.0,0.0000,M,0.0000,M,0.0000,0
$GPRMC,231407.44,A,3718.9804060,N,12157.6836040,W,30.4931,90.8786,101220,,,,
$GPGGA,231408.44,3718.9801240,N,12157.6627900,W,1,0,0.0,0.0000,M,0.0000,M,0.0000,0
$GPRMC,231408.44,A,3718.9801240,N,12157.6627900,W,31.0583,90.8128,101220,,,,
$GPGGA,231409.44,3718.9798360,N,12157.6415620,W,1,0,0.0,0.0000,M,0.0000,M,0.0000,0
$GPRMC,231409.44,A,3718.9798360,N,12157.6415620,W,31.6652,90.7256,101220,,,,
$GPGGA,231410.44,3718.9795360,N,12157.6200220,W,1,0,0.0,0.0000,M,0.0000,M,0.0000,0
$GPRMC,231410.44,A,3718.9795360,N,12157.6200220,W,31.9326,90.8236,101220,,,,
$GPGGA,231411.44,3718.9792060,N,12157.5984760,W,1,0,0.0,0.0000,M,0.0000,M,0.0000,0
$GPRMC,231411.44,A,3718.9792060,N,12157.5984760,W,31.6954,90.9678,101220,,,,
$GPGGA,231412.44,3718.9789060,N,12157.5771640,W,1,0,0.0,0.0000,M,0.0000,M,0.0000,0
$GPRMC,231412.44,A,3718.9789060,N,12157.5771640,W,31.3054,90.7990,101220,,,,
$GPGGA,231413.44,3718.9785520,N,12157.5561040,W,1,0,0.0,0.0000,M,0.0000,M,0.0000,0
$GPRMC,231413.44,A,3718.9785520,N,12157.5561040,W,30.9917,91.1330,101220,,,,
$GPGGA,231414.44,3718.9780120,N,12157.5351400,W,1,0,0.0,0.0000,M,0.0000,M,0.0000,0
$GPRMC,231414.44,A,3718.9780120,N,12157.5351400,W,31.0358,91.8329,101220,,,,
$GPGGA,231415.44,3718.9774780,N,12157.5140500,W,1,0,0.0,0.0000,M,0.0000,M,0.0000,0
$GPRMC,231415.44,A,3718.9774780,N,12157.5140500,W,31.2353,91.5861,101220,,,,
$GPGGA,231416.44,3718.9771780,N,12157.4929060,W,1,0,0.0,0.0000,M,0.0000,M,0.0000,0
$GPRMC,231416.44,A,3718.9771780,N,12157.4929060,W,31.2528,90.4749,101220,,,,
$GPGGA,231417.44,3718.9773160,N,12157.4716180,W,1,0,0.0,0.0000,M,0.0000,M,0.0000,0
$GPRMC,231417.44,A,3718.9773160,N,12157.4716180,W,31.8395,88.9591,101220,,,,
$GPGGA,231418.44,3718.9778980,N,12157.4496160,W,1,0,0.0,0.0000,M,0.0000,M,0.0000,0
$GPRMC,231418.44,A,3718.9778980,N,12157.4496160,W,33.3058,87.6078,101220,,,,
$GPGGA,231419.44,3718.9787860,N,12157.4266180,W,1,0,0.0,0.0000,M,0.0000,M,0.0000,0
$GPRMC,231419.44,A,3718.9787860,N,12157.4266180,W,34.5149,86.9632,101220,,,,
$GPGGA,231420.44,3718.9797160,N,12157.4030860,W,1,0,0.0,0.0000,M,0.0000,M,0.0000,0
$GPRMC,231420.44,A,3718.9797160,N,12157.4030860,W,34.8258,87.2836,101220,,,,
$GPGGA,231421.44,3718.9805380,N,12157.3796380,W,1,0,0.0,0.0000,M,0.0000,M,0.0000,0
$GPRMC,231421.44,A,3718.9805380,N,12157.3796380,W,34.5599,87.3129,101220,,,,
$GPGGA,231422.44,3718.9815520,N,12157.3564060,W,1,0,0.0,0.0000,M,0.0000,M,0.0000,0
$GPRMC,231422.44,A,3718.9815520,N,12157.3564060,W,34.2327,86.2033,101220,,,,
$GPGGA,231423.44,3718.9828480,N,12157.3334860,W,1,0,0.0,0.0000,M,0.0000,M,0.0000,0
$GPRMC,231423.44,A,3718.9828480,N,12157.3334860,W,33.5661,85.5330,101220,,,,
$GPGGA,231424.44,3718.9841920,N,12157.3114180,W,1,0,0.0,0.0000,M,0.0000,M,0.0000,0
$GPRMC,231424.44,A,3718.9841920,N,12157.3114180,W,31.6057,85.6804,101220,,,,
$GPGGA,231425.44,3718.9852420,N,12157.2910780,W,1,0,0.0,0.0000,M,0.0000,M,0.0000,0
$GPRMC,231425.44,A,3718.9852420,N,12157.2910780,W,28.6612,86.7643,101220,,,,
$GPGGA,231426.44,3718.9858660,N,12157.2723700,W,1,0,0.0,0.0000,M,0.0000,M,0.0000,0
$GPRMC,231426.44,A,3718.9858660,N,12157.2723700,W,26.8746,88.0735,101220,,,,
$GPGGA,231427.44,3718.9862260,N,12157.2543400,W,1,0,0.0,0.0000,M,0.0000,M,0.0000,0
$GPRMC,231427.44,A,3718.9862260,N,12157.2543400,W,26.5049,88.5172,101220,,,,
$GPGGA,231428.44,3718.9865560,N,12157.2364900,W,1,0,0.0,0.0000,M,0.0000,M,0.0000,0
$GPRMC,231428.44,A,3718.9865560,N,12157.2364900,W,26.2445,88.3559,101220,,,,
$GPGGA,231429.44,3718.9869640,N,12157.2188500,W,1,0,0.0,0.0000,M,0.0000,M,0.0000,0
$GPRMC,231429.44,A,3718.9869640,N,12157.2188500,W,25.9296,88.0600,101220,,,,
$GPGGA,231430.44,3718.9873780,N,12157.2014320,W,1,0,0.0,0.0000,M,0.0000,M,0.0000,0
$GPRMC,231430.44,A,3718.9873780,N,12157.2014320,W,25.6042,88.1871,101220,,,,
$GPGGA,231431.44,3718.9877020,N,12157.1842060,W,1,0,0.0,0.0000,M,0.0000,M,0.0000,0
$GPRMC,231431.44,A,3718.9877020,N,12157.1842060,W,25.2642,88.4746,101220,,,,
$GPGGA,231432.44,3718.9879600,N,12157.1672980,W,1,0,0.0,0.0000,M,0.0000,M,0.0000,0
$GPRMC,231432.44,A,3718.9879600,N,12157.1672980,W,24.4564,88.5365,101220,,,,
$GPGGA,231433.44,3718.9882420,N,12157.1513080,W,1,0,0.0,0.0000,M,0.0000,M,0.0000,0
$GPRMC,231433.44,A,3718.9882420,N,12157.1513080,W,22.5973,88.7199,101220,,,,
$GPGGA,231434.44,3718.9884640,N,12157.1368120,W,1,0,0.0,0.0000,M,0.0000,M,0.0000,0
$GPRMC,231434.44,A,3718.9884640,N,12157.1368120,W,20.2936,89.0024,101220,,,,
$GPGGA,231435.44,3718.9886200,N,12157.1239000,W,1,0,0.0,0.0000,M,0.0000,M,0.0000,0
$GPRMC,231435.44,A,3718.9886200,N,12157.1239000,W,17.7284,89.0071,101220,,,,
$GPGGA,231436.44,3718.9890460,N,12157.1133580,W,1,0,0.0,0.0000,M,0.0000,M,0.0000,0
$GPRMC,231436.44,A,3718.9890460,N,12157.1133580,W,13.2262,91.8506,101220,,,,
$GPGGA,231437.44,3718.9889560,N,12157.1066140,W,1,0,0.0,0.0000,M,0.0000,M,0.0000,0
$GPRMC,231437.44,A,3718.9889560,N,12157.1066140,W,6.9131,97.3096,101220,,,,
$GPGGA,231438.44,3718.9881400,N,12157.1036860,W,1,0,0.0,0.0000,M,0.0000,M,0.0000,0
$GPRMC,231438.44,A,3718.9881400,N,12157.1036860,W,2.4177,100.9247,101220,,,,
$GPGGA,231439.44,3718.9877800,N,12157.1027260,W,1,0,0.0,0.0000,M,0.0000,M,0.0000,0
$GPRMC,231439.44,A,3718.9877800,N,12157.1027260,W,1.2064,104.1396,101220,,,,
$GPGGA,231440.44,3718.9875340,N,12157.1022160,W,1,0,0.0,0.0000,M,0.0000,M,0.0000,0
$GPRMC,231440.44,A,3718.9875340,N,12157.1022160,W,0.9553,105.9019,101220,,,,
$GPGGA,231441.44,3718.9873420,N,12157.1017300,W,1,0,0.0,0.0000,M,0.0000,M,0.0000,0
$GPRMC,231441.44,A,3718.9873420,N,12157.1017300,W,1.2268,105.7896,101220,,,,
$GPGGA,231442.44,3718.9870840,N,12157.1008240,W,1,0,0.0,0.0000,M,0.0000,M,0.0000,0
$GPRMC,231442.44,A,3718.9870840,N,12157.1008240,W,2.2140,105.4849,101220,,,,
$GPGGA,231443.44,3718.9865980,N,12157.0989580,W,1,0,0.0,0.0000,M,0.0000,M,0.0000,0
$GPRMC,231443.44,A,3718.9865980,N,12157.0989580,W,3.9371,106.0724,101220,,,,
$GPGGA,231444.44,3718.9856320,N,12157.0959400,W,1,0,0.0,0.0000,M,0.0000,M,0.0000,0
$GPRMC,231444.44,A,3718.9856320,N,12157.0959400,W,5.6904,111.6049,101220,,,,
$GPGGA,231445.44,3718.9837420,N,12157.0925200,W,1,0,0.0,0.0000,M,0.0000,M,0.0000,0
$GPRMC,231445.44,A,3718.9837420,N,12157.0925200,W,6.5624,127.6763,101220,,,,
$GPGGA,231446.44,3718.9807960,N,12157.0900360,W,1,0,0.0,0.0000,M,0.0000,M,0.0000,0
$GPRMC,231446.44,A,3718.9807960,N,12157.0900360,W,6.7400,150.0243,101220,,,,
$GPGGA,231447.44,3718.9772440,N,12157.0886800,W,1,0,0.0,0.0000,M,0.0000,M,0.0000,0
$GPRMC,231447.44,A,3718.9772440,N,12157.0886800,W,6.9926,165.1473,101220,,,,
$GPGGA,231448.44,3718.9735300,N,12157.0875520,W,1,0,0.0,0.0000,M,0.0000,M,0.0000,0
$GPRMC,231448.44,A,3718.9735300,N,12157.0875520,W,6.9703,165.3571,101220,,,,
$GPGGA,231449.44,3718.9701700,N,12157.0856200,W,1,0,0.0,0.0000,M,0.0000,M,0.0000,0
$GPRMC,231449.44,A,3718.9701700,N,12157.0856200,W,6.6900,150.9955,101220,,,,
$GPGGA,231450.44,3718.9678300,N,12157.0823620,W,1,0,0.0,0.0000,M,0.0000,M,0.0000,0
$GPRMC,231450.44,A,3718.9678300,N,12157.0823620,W,6.6762,127.9048,101220,,,,
$GPGGA,231451.44,3718.9667200,N,12157.0779580,W,1,0,0.0,0.0000,M,0.0000,M,0.0000,0
$GPRMC,231451.44,A,3718.9667200,N,12157.0779580,W,7.3255,105.7853,101220,,,,
$GPGGA,231452.44,3718.9664740,N,12157.0725580,W,1,0,0.0,0.0000,M,0.0000,M,0.0000,0
$GPRMC,231452.44,A,3718.9664740,N,12157.0725580,W,8.7178,93.4527,101220,,,,
$GPGGA,231453.44,3718.9664800,N,12157.0660780,W,1,0,0.0,0.0000,M,0.0000,M,0.0000,0
$GPRMC,231453.44,A,3718.9664800,N,12157.0660780,W,10.2171,90.7005,101220,,,,
$GPGGA,231454.44,3718.9664740,N,12157.0589200,W,1,0,0.0,0.0000,M,0.0000,M,0.0000,0
$GPRMC,231454.44,A,3718.9664740,N,12157.0589200,W,10.6305,90.9831,101220,,,,
$GPGGA,231455.44,3718.9664020,N,12157.0516660,W,1,0,0.0,0.0000,M,0.0000,M,0.0000,0
$GPRMC,231455.44,A,3718.9664020,N,12157.0516660,W,10.8350,91.9536,101220,,,,
$GPGGA,231456.44,3718.9662340,N,12157.0440160,W,1,0,0.0,0.0000,M,0.0000,M,0.0000,0
$GPRMC,231456.44,A,3718.9662340,N,12157.0440160,W,11.6593,92.4902,101220,,,,
$GPGGA,231457.44,3718.9659400,N,12157.0358200,W,1,0,0.0,0.0000,M,0.0000,M,0.0000,0
$GPRMC,231457.44,A,3718.9659400,N,12157.0358200,W,12.2840,92.7223,101220,,,,
$GPGGA,231458.44,3718.9656160,N,12157.0276660,W,1,0,0.0,0.0000,M,0.0000,M,0.0000,0
$GPRMC,231458.44,A,3718.9656160,N,12157.0276660,W,11.8432,92.6001,101220,,,,
$GPGGA,231459.44,3718.9654180,N,12157.0201420,W,1,0,0.0,0.0000,M,0.0000,M,0.0000,0
$GPRMC,231459.44,A,3718.9654180,N,12157.0201420,W,10.6020,90.9510,101220,,,,
$GPGGA,231500.44,3718.9657660,N,12157.0135240,W,1,0,0.0,0.0000,M,0.0000,M,0.0000,0
$GPRMC,231500.44,A,3718.9657660,N,12157.0135240,W,9.2633,83.0307,101220,,,,
$GPGGA,231501.44,3718.9673920,N,12157.0079980,W,1,0,0.0,0.0000,M,0.0000,M,0.0000,0
$GPRMC,231501.44,A,3718.9673920,N,12157.0079980,W,8.5035,63.2390,101220,,,,
$GPGGA,231502.44,3718.9706020,N,12157.0042180,W,1,0,0.0,0.0000,M,0.0000,M,0.0000,0
$GPRMC,231502.44,A,3718.9706020,N,12157.0042180,W,8.4707,36.3868,101220,,,,
$GPGGA,231503.44,3718.9749520,N,12157.0024060,W,1,0,0.0,0.0000,M,0.0000,M,0.0000,0
$GPRMC,231503.44,A,3718.9749520,N,12157.0024060,W,8.8945,14.5895,101220,,,,
$GPGGA,231504.44,3718.9798540,N,12157.0017280,W,1,0,0.0,0.0000,M,0.0000,M,0.0000,0
$GPRMC,231504.44,A,3718.9798540,N,12157.0017280,W,9.5335,5.5865,101220,,,,
$GPGGA,231505.44,3718.9853080,N,12157.0011760,W,1,0,0.0,0.0000,M,0.0000,M,0.0000,0
$GPRMC,231505.44,A,3718.9853080,N,12157.0011760,W,11.0799,4.7682,101220,,,,
$GPGGA,231506.44,3718.9919140,N,12157.0006840,W,1,0,0.0,0.0000,M,0.0000,M,0.0000,0
$GPRMC,231506.44,A,3718.9919140,N,12157.0006840,W,13.4014,2.9535,101220,,,,
$GPGGA,231507.44,3718.9996300,N,12157.0003840,W,1,0,0.0,0.0000,M,0.0000,M,0.0000,0
$GPRMC,231507.44,A,3718.9996300,N,12157.0003840,W,14.7185,1.2992,101220,,,,
$GPGGA,231508.44,3719.0076100,N,12157.0002460,W,1,0,0.0,0.0000,M,0.0000,M,0.0000,0
$GPRMC,231508.44,A,3719.0076100,N,12157.0002460,W,14.7432,0.4742,101220,,,,
$GPGGA,231509.44,3719.0154460,N,12157.0001320,W,1,0,0.0,0.0000,M,0.0000,M,0.0000,0
$GPRMC,231509.44,A,3719.0154460,N,12157.0001320,W,14.0215,0.0695,101220,,,,
$GPGGA,231510.44,3719.0225500,N,12157.0001080,W,1,0,0.0,0.0000,M,0.0000,M,0.0000,0
$GPRMC,231510.44,A,3719.0225500,N,12157.0001080,W,11.9802,359.4149,101220,,,,
$GPGGA,231511.44,3719.0281720,N,12157.0000600,W,1,0,0.0,0.0000,M,0.0000,M,0.0000,0
$GPRMC,231511.44,A,3719.0281720,N,12157.0000600,W,9.0027,1.9167,101220,,,,
$GPGGA,231512.44,3719.0321860,N,12156.9990280,W,1,0,0.0,0.0000,M,0.0000,M,0.0000,0
$GPRMC,231512.44,A,3719.0321860,N,12156.9990280,W,6.7016,17.7038,101220,,,,
$GPGGA,231513.44,3719.0345500,N,12156.9963160,W,1,0,0.0,0.0000,M,0.0000,M,0.0000,0
$GPRMC,231513.44,A,3719.0345500,N,12156.9963160,W,5.9236,48.9319,101220,,,,
$GPGGA,231514.44,3719.0353240,N,12156.9924100,W,1,0,0.0,0.0000,M,0.0000,M,0.0000,0
$GPRMC,231514.44,A,3719.0353240,N,12156.9924100,W,6.4239,77.7503,101220,,,,
$GPGGA,231515.44,3719.0353240,N,12156.9874960,W,1,0,0.0,0.0000,M,0.0000,M,0.0000,0
$GPRMC,231515.44,A,3719.0353240,N,12156.9874960,W,8.1416,90.0819,101220,,,,
$GPGGA,231516.44,3719.0351020,N,12156.9814180,W,1,0,0.0,0.0000,M,0.0000,M,0.0000,0
$GPRMC,231516.44,A,3719.0351020,N,12156.9814180,W,9.6463,92.6858,101220,,,,
$GPGGA,231517.44,3719.0348320,N,12156.9747400,W,1,0,0.0,0.0000,M,0.0000,M,0.0000,0
$GPRMC,231517.44,A,3719.0348320,N,12156.9747400,W,9.9550,92.7690,101220,,,,
$GPGGA,231518.44,3719.0345680,N,12156.9681040,W,1,0,0.0,0.0000,M,0.0000,M,0.0000,0
$GPRMC,231518.44,A,3719.0345680,N,12156.9681040,W,9.6176,92.7760,101220,,,,
$GPGGA,231519.44,3719.0342440,N,12156.9618580,W,1,0,0.0,0.0000,M,0.0000,M,0.0000,0
$GPRMC,231519.44,A,3719.0342440,N,12156.9618580,W,8.7696,93.2906,101220,,,,
$GPGGA,231520.44,3719.0339260,N,12156.9563500,W,1,0,0.0,0.0000,M,0.0000,M,0.0000,0
$GPRMC,231520.44,A,3719.0339260,N,12156.9563500,W,7.4788,93.7758,101220,,,,
$GPGGA,231521.44,3719.0337280,N,12156.9516520,W,1,0,0.0,0.0000,M,0.0000,M,0.0000,0
$GPRMC,231521.44,A,3719.0337280,N,12156.9516520,W,6.4940,93.6284,101220,,,,
$GPGGA,231522.44,3719.0336800,N,12156.9474460,W,1,0,0.0,0.0000,M,0.0000,M,0.0000,0
$GPRMC,231522.44,A,3719.0336800,N,12156.9474460,W,5.9600,90.2520,101220,,,,
$GPGGA,231523.44,3719.0343400,N,12156.9436480,W,1,0,0.0,0.0000,M,0.0000,M,0.0000,0
$GPRMC,231523.44,A,3719.0343400,N,12156.9436480,W,5.7611,74.5263,101220,,,,
$GPGGA,231524.44,3719.0361880,N,12156.9407020,W,1,0,0.0,0.0000,M,0.0000,M,0.0000,0
$GPRMC,231524.44,A,3719.0361880,N,12156.9407020,W,5.7684,48.2765,101220,,,,
$GPGGA,231525.44,3719.0388340,N,12156.9389860,W,1,0,0.0,0.0000,M,0.0000,M,0.0000,0
$GPRMC,231525.44,A,3719.0388340,N,12156.9389860,W,5.5916,24.9555,101220,,,,
$GPGGA,231526.44,3719.0417620,N,12156.9383080,W,1,0,0.0,0.0000,M,0.0000,M,0.0000,0
$GPRMC,231526.44,A,3719.0417620,N,12156.9383080,W,5.5623,9.6207,101220,,,,
$GPGGA,231527.44,3719.0447980,N,12156.9381280,W,1,0,0.0,0.0000,M,0.0000,M,0.0000,0
$GPRMC,231527.44,A,3719.0447980,N,12156.9381280,W,5.6685,2.7810,101220,,,,
$GPGGA,231528.44,3719.0478880,N,12156.9382060,W,1,0,0.0,0.0000,M,0.0000,M,0.0000,0
$GPRMC,231528.44,A,3719.0478880,N,12156.9382060,W,5.7741,359.0225,101220,,,,
$GPGGA,231529.44,3719.0510620,N,12156.9383620,W,1,0,0.0,0.0000,M,0.0000,M,0.0000,0
$GPRMC,231529.44,A,3719.0510620,N,12156.9383620,W,5.9632,358.2248,101220,,,,
$GPGGA,231530.44,3719.0542960,N,12156.9385300,W,1,0,0.0,0.0000,M,0.0000,M,0.0000,0
$GPRMC,231530.44,A,3719.0542960,N,12156.9385300,W,5.9525,358.5592,101220,,,,
$GPGGA,231531.44,3719.0574940,N,12156.9386560,W,1,0,0.0,0.0000,M,0.0000,M,0.0000,0
$GPRMC,231531.44,A,3719.0574940,N,12156.9386560,W,5.8881,358.7336,101220,,,,
$GPGGA,231532.44,3719.0606620,N,12156.9387340,W,1,0,0.0,0.0000,M,0.0000,M,0.0000,0
$GPRMC,231532.44,A,3719.0606620,N,12156.9387340,W,5.7992,358.5609,101220,,,,
$GPGGA,231533.44,3719.0636980,N,12156.9388240,W,1,0,0.0,0.0000,M,0.0000,M,0.0000,0
$GPRMC,231533.44,A,3719.0636980,N,12156.9388240,W,5.3769,358.2902,101220,,,,
$GPGGA,231534.44,3719.0663740,N,12156.9388780,W,1,0,0.0,0.0000,M,0.0000,M,0.0000,0
$GPRMC,231534.44,A,3719.0663740,N,12156.9388780,W,4.4638,359.3039,101220,,,,
$GPGGA,231535.44,3719.0684080,N,12156.9385060,W,1,0,0.0,0.0000,M,0.0000,M,0.0000,0
$GPRMC,231535.44,A,3719.0684080,N,12156.9385060,W,3.2261,9.7435,101220,,,,
$GPGGA,231536.44,3719.0696020,N,12156.9372940,W,1,0,0.0,0.0000,M,0.0000,M,0.0000,0
$GPRMC,231536.44,A,3719.0696020,N,12156.9372940,W,2.6099,34.9841,101220,,,,
$GPGGA,231537.44,3719.0700580,N,12156.9354100,W,1,0,0.0,0.0000,M,0.0000,M,0.0000,0
$GPRMC,231537.44,A,3719.0700580,N,12156.9354100,W,3.1019,63.1209,101220,,,,
$GPGGA,231538.44,3719.0697880,N,12156.9335080,W,1,0,0.0,0.0000,M,0.0000,M,0.0000,0
$GPRMC,231538.44,A,3719.0697880,N,12156.9335080,W,4.0367,80.2626,101220,,,,
$GPGGA,231539.44,3719.0673340,N,12156.9325600,W,1,0,0.0,0.0000,M,0.0000,M,0.0000,0
$GPRMC,231539.44,A,3719.0673340,N,12156.9325600,W,4.8751,85.8608,101220,,,,
$GPGGA,231540.44,3719.0638780,N,12156.9310960,W,1,0,0.0,0.0000,M,0.0000,M,0.0000,0
$GPRMC,231540.44,A,3719.0638780,N,12156.9310960,W,5.3163,87.8997,101220,,,,
$GPGGA,231541.44,3719.0630080,N,12156.9277120,W,1,0,0.0,0.0000,M,0.0000,M,0.0000,0
$GPRMC,231541.44,A,3719.0630080,N,12156.9277120,W,5.2909,88.9927,101220,,,,
$GPGGA,231542.44,3719.0651140,N,12156.9240700,W,1,0,0.0,0.0000,M,0.0000,M,0.0000,0
$GPRMC,231542.44,A,3719.0651140,N,12156.9240700,W,5.0994,89.9346,101220,,,,
$GPGGA,231543.44,3719.0686960,N,12156.9199240,W,1,0,0.0,0.0000,M,0.0000,M,0.0000,0
$GPRMC,231543.44,A,3719.0686960,N,12156.9199240,W,4.9079,91.2766,101220,,,,
$GPGGA,231544.44,3719.0713300,N,12156.9150160,W,1,0,0.0,0.0000,M,0.0000,M,0.0000,0
$GPRMC,231544.44,A,3719.0713300,N,12156.9150160,W,4.7036,91.9029,101220,,,,
$GPGGA,231545.44,3719.0728840,N,12156.9095800,W,1,0,0.0,0.0000,M,0.0000,M,0.0000,0
$GPRMC,231545.44,A,3719.0728840,N,12156.9095800,W,4.4681,91.8990,101220,,,,
$GPGGA,231546.44,3719.0738980,N,12156.9049180,W,1,0,0.0,0.0000,M,0.0000,M,0.0000,0
$GPRMC,231546.44,A,3719.0738980,N,12156.9049180,W,3.9797,89.4411,101220,,,,
$GPGGA,231547.44,3719.0748700,N,12156.9021340,W,1,0,0.0,0.0000,M,0.0000,M,0.0000,0
$GPRMC,231547.44,A,3719.0748700,N,12156.9021340,W,3.2687,78.4057,101220,,,,
$GPGGA,231548.44,3719.0749060,N,12156.9014440,W,1,0,0.0,0.0000,M,0.0000,M,0.0000,0
$GPRMC,231548.44,A,3719.0749060,N,12156.9014440,W,2.6515,58.0840,101220,,,,
$GPGGA,231549.44,3719.0741620,N,12156.9018460,W,1,0,0.0,0.0000,M,0.0000,M,0.0000,0
$GPRMC,231549.44,A,3719.0741620,N,12156.9018460,W,2.0291,33.6326,101220,,,,
$GPGGA,231550.44,3719.0744260,N,12156.9020860,W,1,0,0.0,0.0000,M,0.0000,M,0.0000,0
$GPRMC,231550.44,A,3719.0744260,N,12156.9020860,W,1.3436,11.5798,101220,,,,
$GPGGA,231551.44,3719.0745820,N,12156.9024100,W,1,0,0.0,0.0000,M,0.0000,M,0.0000,0
$GPRMC,231551.44,A,3719.0745820,N,12156.9024100,W,0.5767,0.0442,101220,,,,
$GPGGA,231552.44,3719.0744320,N,12156.9025600,W,1,0,0.0,0.0000,M,0.0000,M,0.0000,0
$GPRMC,231552.44,A,3719.0744320,N,12156.9025600,W,0.1369,357.7426,101220,,,,
$GPGGA,231553.44,3719.0745280,N,12156.9025960,W,1,0,0.0,0.0000,M,0.0000,M,0.0000,0
$GPRMC,231553.44,A,3719.0745280,N,12156.9025960,W,0.0827,357.7811,101220,,,,
$GPGGA,231554.44,3719.0745460,N,12156.9026380,W,1,0,0.0,0.0000,M,0.0000,M,0.0000,0
$GPRMC,231554.44,A,3719.0745460,N,12156.9026380,W,0.0699,357.7819,101220,,,,
$GPGGA,231555.44,3719.0745700,N,12156.9026800,W,1,0,0.0,0.0000,M,0.0000,M,0.0000,0
$GPRMC,231555.44,A,3719.0745700,N,12156.9026800,W,0.0763,357.7820,101220,,,,
$GPGGA,231556.44,3719.0745880,N,12156.9027100,W,1,0,0.0,0.0000,M,0.0000,M,0.0000,0
$GPRMC,231556.44,A,3719.0745880,N,12156.9027100,W,0.0756,357.7826,101220,,,,
$GPGGA,231557.44,3719.0746000,N,12156.9027280,W,1,0,0.0,0.0000,M,0.0000,M,0.0000,0
$GPRMC,231557.44,A,3719.0746000,N,12156.9027280,W,0.0405,357.7812,101220,,,,
$GPGGA,231558.44,3719.0746060,N,12156.9027460,W,1,0,0.0,0.0000,M,0.0000,M,0.0000,0
$GPRMC,231558.44,A,3719.0746060,N,12156.9027460,W,0.0256,357.7797,101220,,,,
$GPGGA,231559.44,3719.0746120,N,12156.9027520,W,1,0,0.0,0.0000,M,0.0000,M,0.0000,0
$GPRMC,231559.44,A,3719.0746120,N,12156.9027520,W,0.0189,357.7785,101220,,,,
$GPGGA,231600.44,3719.0746180,N,12156.9027580,W,1,0,0.0,0.0000,M,0.0000,M,0.0000,0
$GPRMC,231600.44,A,3719.0746180,N,12156.9027580,W,0.0137,357.7776,101220,,,,
$GPGGA,231601.44,3719.0746180,N,12156.9027640,W,1,0,0.0,0.0000,M,0.0000,M,0.0000,0
$GPRMC,231601.44,A,3719.0746180,N,12156.9027640,W,0.0102,357.7766,101220,,,,
$GPGGA,231602.44,3719.0746180,N,12156.9027640,W,1,0,0.0,0.0000,M,0.0000,M,0.0000,0
$GPRMC,231602.44,A,3719.0746180,N,12156.9027640,W,0.0075,357.7751,101220,,,,
$GPGGA,231603.44,3719.0746240,N,12156.9027580,W,1,0,0.0,0.0000,M,0.0000,M,0.0000,0
$GPRMC,231603.44,A,3719.0746240,N,12156.9027580,W,0.0056,357.7740,101220,,,,
$GPGGA,231604.44,3719.0746240,N,12156.9027580,W,1,0,0.0,0.0000,M,0.0000,M,0.0000,0
$GPRMC,231604.44,A,3719.0746240,N,12156.9027580,W,0.0048,357.7730,101220,,,,
$GPGGA,231605.44,3719.0746240,N,12156.9027520,W,1,0,0.0,0.0000,M,0.0000,M,0.0000,0
$GPRMC,231605.44,A,3719.0746240,N,12156.9027520,W,0.0041,357.7719,101220,,,,
$GPGGA,231606.44,3719.0746300,N,12156.9027520,W,1,0,0.0,0.0000,M,0.0000,M,0.0000,0
$GPRMC,231606.44,A,3719.0746300,N,12156.9027520,W,0.0036,357.7706,101220,,,,
$GPGGA,231607.44,3719.0746300,N,12156.9027460,W,1,0,0.0,0.0000,M,0.0000,M,0.0000,0
$GPRMC,231607.44,A,3719.0746300,N,12156.9027460,W,0.0030,357.7695,101220,,,,

