$GPGGA,225240.43,3719.0745520,N,12156.9111340,W,1,0,0.0,0.0000,M,0.0000,M,0.0000,0
$GPRMC,225240.43,A,3719.0745520,N,12156.9111340,W,0.0034,1.1173,101220,,,,
$GPGGA,225241.43,3719.0745520,N,12156.9111340,W,1,0,0.0,0.0000,M,0.0000,M,0.0000,0
$GPRMC,225241.43,A,3719.0745520,N,12156.9111340,W,0.0027,1.1168,101220,,,,
$GPGGA,225242.43,3719.0745520,N,12156.9111340,W,1,0,0.0,0.0000,M,0.0000,M,0.0000,0
$GPRMC,225242.43,A,3719.0745520,N,12156.9111340,W,0.0024,1.1163,101220,,,,
$GPGGA,225243.43,3719.0745520,N,12156.9111340,W,1,0,0.0,0.0000,M,0.0000,M,0.0000,0
$GPRMC,225243.43,A,3719.0745520,N,12156.9111340,W,0.0042,1.1154,101220,,,,
$GPGGA,225244.43,3719.0745520,N,12156.9111340,W,1,0,0.0,0.0000,M,0.0000,M,0.0000,0
$GPRMC,225244.43,A,3719.0745520,N,12156.9111340,W,0.0054,1.1149,101220,,,,
$GPGGA,225245.43,3719.0745520,N,12156.9111280,W,1,0,0.0,0.0000,M,0.0000,M,0.0000,0
$GPRMC,225245.43,A,3719.0745520,N,12156.9111280,W,0.0082,1.1147,101220,,,,
$GPGGA,225246.43,3719.0745520,N,12156.9111220,W,1,0,0.0,0.0000,M,0.0000,M,0.0000,0
$GPRMC,225246.43,A,3719.0745520,N,12156.9111220,W,0.0143,1.1140,101220,,,,
$GPGGA,225247.43,3719.0745580,N,12156.9111100,W,1,0,0.0,0.0000,M,0.0000,M,0.0000,0
$GPRMC,225247.43,A,3719.0745580,N,12156.9111100,W,0.0208,1.1138,101220,,,,
$GPGGA,225248.43,3719.0745580,N,12156.9110920,W,1,0,0.0,0.0000,M,0.0000,M,0.0000,0
$GPRMC,225248.43,A,3719.0745580,N,12156.9110920,W,0.0310,1.1132,101220,,,,
$GPGGA,225249.43,3719.0745580,N,12156.9110680,W,1,0,0.0,0.0000,M,0.0000,M,0.0000,0
$GPRMC,225249.43,A,3719.0745580,N,12156.9110680,W,0.0399,1.1120,101220,,,,
$GPGGA,225250.43,3719.0745580,N,12156.9110440,W,1,0,0.0,0.0000,M,0.0000,M,0.0000,0
$GPRMC,225250.43,A,3719.0745580,N,12156.9110440,W,0.0533,0.6642,101220,,,,
$GPGGA,225251.43,3719.0745160,N,12156.9110860,W,1,0,0.0,0.0000,M,0.0000,M,0.0000,0
$GPRMC,225251.43,A,3719.0745160,N,12156.9110860,W,0.1800,358.6653,101220,,,,
$GPGGA,225252.43,3719.0743360,N,12156.9111040,W,1,0,0.0,0.0000,M,0.0000,M,0.0000,0
$GPRMC,225252.43,A,3719.0743360,N,12156.9111040,W,0.4644,358.1605,101220,,,,
$GPGGA,225253.43,3719.0740240,N,12156.9109600,W,1,0,0.0,0.0000,M,0.0000,M,0.0000,0
$GPRMC,225253.43,A,3719.0740240,N,12156.9109600,W,0.7267,3.7979,101220,,,,
$GPGGA,225254.43,3719.0735980,N,12156.9107200,W,1,0,0.0,0.0000,M,0.0000,M,0.0000,0
$GPRMC,225254.43,A,3719.0735980,N,12156.9107200,W,0.9095,14.1226,101220,,,,
$GPGGA,225255.43,3719.0730460,N,12156.9105400,W,1,0,0.0,0.0000,M,0.0000,M,0.0000,0
$GPRMC,225255.43,A,3719.0730460,N,12156.9105400,W,0.9686,26.7581,101220,,,,
$GPGGA,225256.43,3719.0724640,N,12156.9105040,W,1,0,0.0,0.0000,M,0.0000,M,0.0000,0
$GPRMC,225256.43,A,3719.0724640,N,12156.9105040,W,0.7935,39.1361,101220,,,,
$GPGGA,225257.43,3719.0720620,N,12156.9105460,W,1,0,0.0,0.0000,M,0.0000,M,0.0000,0
$GPRMC,225257.43,A,3719.0720620,N,12156.9105460,W,0.3883,46.8325,101220,,,,
$GPGGA,225258.43,3719.0719060,N,12156.9105340,W,1,0,0.0,0.0000,M,0.0000,M,0.0000,0
$GPRMC,225258.43,A,3719.0719060,N,12156.9105340,W,0.1616,48.8407,101220,,,,
$GPGGA,225259.43,3719.0718940,N,12156.9102880,W,1,0,0.0,0.0000,M,0.0000,M,0.0000,0
$GPRMC,225259.43,A,3719.0718940,N,12156.9102880,W,0.5634,51.8866,101220,,,,
$GPGGA,225300.43,3719.0720500,N,12156.9095260,W,1,0,0.0,0.0000,M,0.0000,M,0.0000,0
$GPRMC,225300.43,A,3719.0720500,N,12156.9095260,W,1.4303,61.7278,101220,,,,
$GPGGA,225301.43,3719.0722900,N,12156.9080140,W,1,0,0.0,0.0000,M,0.0000,M,0.0000,0
$GPRMC,225301.43,A,3719.0722900,N,12156.9080140,W,2.6471,77.5532,101220,,,,
$GPGGA,225302.43,3719.0723500,N,12156.9056560,W,1,0,0.0,0.0000,M,0.0000,M,0.0000,0
$GPRMC,225302.43,A,3719.0723500,N,12156.9056560,W,4.0797,90.9814,101220,,,,
$GPGGA,225303.43,3719.0720680,N,12156.9024940,W,1,0,0.0,0.0000,M,0.0000,M,0.0000,0
$GPRMC,225303.43,A,3719.0720680,N,12156.9024940,W,5.0826,95.7321,101220,,,,
$GPGGA,225304.43,3719.0715820,N,12156.8989780,W,1,0,0.0,0.0000,M,0.0000,M,0.0000,0
$GPRMC,225304.43,A,3719.0715820,N,12156.8989780,W,5.2044,95.0367,101220,,,,
$GPGGA,225305.43,3719.0711980,N,12156.8956420,W,1,0,0.0,0.0000,M,0.0000,M,0.0000,0
$GPRMC,225305.43,A,3719.0711980,N,12156.8956420,W,4.6039,92.3857,101220,,,,
$GPGGA,225306.43,3719.0709880,N,12156.8929060,W,1,0,0.0,0.0000,M,0.0000,M,0.0000,0
$GPRMC,225306.43,A,3719.0709880,N,12156.8929060,W,3.3427,90.0341,101220,,,,
$GPGGA,225307.43,3719.0708080,N,12156.8911600,W,1,0,0.0,0.0000,M,0.0000,M,0.0000,0
$GPRMC,225307.43,A,3719.0708080,N,12156.8911600,W,1.8681,89.0274,101220,,,,
$GPGGA,225308.43,3719.0706100,N,12156.8901160,W,1,0,0.0,0.0000,M,0.0000,M,0.0000,0
$GPRMC,225308.43,A,3719.0706100,N,12156.8901160,W,1.2998,88.5862,101220,,,,
$GPGGA,225309.43,3719.0699980,N,12156.8890660,W,1,0,0.0,0.0000,M,0.0000,M,0.0000,0
$GPRMC,225309.43,A,3719.0699980,N,12156.8890660,W,1.8356,90.1396,101220,,,,
$GPGGA,225310.43,3719.0681860,N,12156.8875660,W,1,0,0.0,0.0000,M,0.0000,M,0.0000,0
$GPRMC,225310.43,A,3719.0681860,N,12156.8875660,W,2.3522,103.1029,101220,,,,
$GPGGA,225311.43,3719.0653900,N,12156.8859040,W,1,0,0.0,0.0000,M,0.0000,M,0.0000,0
$GPRMC,225311.43,A,3719.0653900,N,12156.8859040,W,3.0882,131.3084,101220,,,,
$GPGGA,225312.43,3719.0635780,N,12156.8847580,W,1,0,0.0,0.0000,M,0.0000,M,0.0000,0
$GPRMC,225312.43,A,3719.0635780,N,12156.8847580,W,4.4157,161.5223,101220,,,,
$GPGGA,225313.43,3719.0622520,N,12156.8840260,W,1,0,0.0,0.0000,M,0.0000,M,0.0000,0
$GPRMC,225313.43,A,3719.0622520,N,12156.8840260,W,5.1724,178.0770,101220,,,,
$GPGGA,225314.43,3719.0594200,N,12156.8832820,W,1,0,0.0,0.0000,M,0.0000,M,0.0000,0
$GPRMC,225314.43,A,3719.0594200,N,12156.8832820,W,5.3725,179.8305,101220,,,,
$GPGGA,225315.43,3719.0566420,N,12156.8828080,W,1,0,0.0,0.0000,M,0.0000,M,0.0000,0
$GPRMC,225315.43,A,3719.0566420,N,12156.8828080,W,5.6186,178.7957,101220,,,,
$GPGGA,225316.43,3719.0539360,N,12156.8827000,W,1,0,0.0,0.0000,M,0.0000,M,0.0000,0
$GPRMC,225316.43,A,3719.0539360,N,12156.8827000,W,5.1378,177.6213,101220,,,,
$GPGGA,225317.43,3719.0515900,N,12156.8829520,W,1,0,0.0,0.0000,M,0.0000,M,0.0000,0
$GPRMC,225317.43,A,3719.0515900,N,12156.8829520,W,4.2627,177.0006,101220,,,,
$GPGGA,225318.43,3719.0498560,N,12156.8835940,W,1,0,0.0,0.0000,M,0.0000,M,0.0000,0
$GPRMC,225318.43,A,3719.0498560,N,12156.8835940,W,3.9685,177.0131,101220,,,,
$GPGGA,225319.43,3719.0482420,N,12156.8844580,W,1,0,0.0,0.0000,M,0.0000,M,0.0000,0
$GPRMC,225319.43,A,3719.0482420,N,12156.8844580,W,4.4694,177.5138,101220,,,,
$GPGGA,225320.43,3719.0459080,N,12156.8850460,W,1,0,0.0,0.0000,M,0.0000,M,0.0000,0
$GPRMC,225320.43,A,3719.0459080,N,12156.8850460,W,5.5218,178.5002,101220,,,,
$GPGGA,225321.43,3719.0431060,N,12156.8855800,W,1,0,0.0,0.0000,M,0.0000,M,0.0000,0
$GPRMC,225321.43,A,3719.0431060,N,12156.8855800,W,5.9710,179.7750,101220,,,,
$GPGGA,225322.43,3719.0402680,N,12156.8860060,W,1,0,0.0,0.0000,M,0.0000,M,0.0000,0
$GPRMC,225322.43,A,3719.0402680,N,12156.8860060,W,5.3117,179.7305,101220,,,,
$GPGGA,225323.43,3719.0379700,N,12156.8862760,W,1,0,0.0,0.0000,M,0.0000,M,0.0000,0
$GPRMC,225323.43,A,3719.0379700,N,12156.8862760,W,3.7430,178.1540,101220,,,,
$GPGGA,225324.43,3719.0367700,N,12156.8865460,W,1,0,0.0,0.0000,M,0.0000,M,0.0000,0
$GPRMC,225324.43,A,3719.0367700,N,12156.8865460,W,2.2237,177.0565,101220,,,,
$GPGGA,225325.43,3719.0363200,N,12156.8867980,W,1,0,0.0,0.0000,M,0.0000,M,0.0000,0
$GPRMC,225325.43,A,3719.0363200,N,12156.8867980,W,1.9081,176.3540,101220,,,,
$GPGGA,225326.43,3719.0357080,N,12156.8871460,W,1,0,0.0,0.0000,M,0.0000,M,0.0000,0
$GPRMC,225326.43,A,3719.0357080,N,12156.8871460,W,2.3088,182.4458,101220,,,,
$GPGGA,225327.43,3719.0346760,N,12156.8881300,W,1,0,0.0,0.0000,M,0.0000,M,0.0000,0
$GPRMC,225327.43,A,3719.0346760,N,12156.8881300,W,2.5919,204.2377,101220,,,,
$GPGGA,225328.43,3719.0339740,N,12156.8899600,W,1,0,0.0,0.0000,M,0.0000,M,0.0000,0
$GPRMC,225328.43,A,3719.0339740,N,12156.8899600,W,3.1878,234.9542,101220,,,,
$GPGGA,225329.43,3719.0338060,N,12156.8926240,W,1,0,0.0,0.0000,M,0.0000,M,0.0000,0
$GPRMC,225329.43,A,3719.0338060,N,12156.8926240,W,4.6643,260.5121,101220,,,,
$GPGGA,225330.43,3719.0339800,N,12156.8964880,W,1,0,0.0,0.0000,M,0.0000,M,0.0000,0
$GPRMC,225330.43,A,3719.0339800,N,12156.8964880,W,6.7793,272.6179,101220,,,,
$GPGGA,225331.43,3719.0343400,N,12156.9018160,W,1,0,0.0,0.0000,M,0.0000,M,0.0000,0
$GPRMC,225331.43,A,3719.0343400,N,12156.9018160,W,8.9529,274.6188,101220,,,,
$GPGGA,225332.43,3719.0347000,N,12156.9084700,W,1,0,0.0,0.0000,M,0.0000,M,0.0000,0
$GPRMC,225332.43,A,3719.0347000,N,12156.9084700,W,10.7229,273.6439,101220,,,,
$GPGGA,225333.43,3719.0350420,N,12156.9161320,W,1,0,0.0,0.0000,M,0.0000,M,0.0000,0
$GPRMC,225333.43,A,3719.0350420,N,12156.9161320,W,11.9252,273.1908,101220,,,,
$GPGGA,225334.43,3719.0353960,N,12156.9244240,W,1,0,0.0,0.0000,M,0.0000,M,0.0000,0
$GPRMC,225334.43,A,3719.0353960,N,12156.9244240,W,12.4897,273.0014,101220,,,,
$GPGGA,225335.43,3719.0357500,N,12156.9328780,W,1,0,0.0,0.0000,M,0.0000,M,0.0000,0
$GPRMC,225335.43,A,3719.0357500,N,12156.9328780,W,12.4059,273.0993,101220,,,,
$GPGGA,225336.43,3719.0361400,N,12156.9411460,W,1,0,0.0,0.0000,M,0.0000,M,0.0000,0
$GPRMC,225336.43,A,3719.0361400,N,12156.9411460,W,12.0603,273.6554,101220,,,,
$GPGGA,225337.43,3719.0365780,N,12156.9491740,W,1,0,0.0,0.0000,M,0.0000,M,0.0000,0
$GPRMC,225337.43,A,3719.0365780,N,12156.9491740,W,11.7328,274.0423,101220,,,,
$GPGGA,225338.43,3719.0370040,N,12156.9570040,W,1,0,0.0,0.0000,M,0.0000,M,0.0000,0
$GPRMC,225338.43,A,3719.0370040,N,12156.9570040,W,11.4549,273.9642,101220,,,,
$GPGGA,225339.43,3719.0374180,N,12156.9646360,W,1,0,0.0,0.0000,M,0.0000,M,0.0000,0
$GPRMC,225339.43,A,3719.0374180,N,12156.9646360,W,11.1087,273.9370,101220,,,,
$GPGGA,225340.43,3719.0378020,N,12156.9719140,W,1,0,0.0,0.0000,M,0.0000,M,0.0000,0
$GPRMC,225340.43,A,3719.0378020,N,12156.9719140,W,10.3503,273.8524,101220,,,,
$GPGGA,225341.43,3719.0381380,N,12156.9784420,W,1,0,0.0,0.0000,M,0.0000,M,0.0000,0
$GPRMC,225341.43,A,3719.0381380,N,12156.9784420,W,8.8937,273.9214,101220,,,,
$GPGGA,225342.43,3719.0384320,N,12156.9838360,W,1,0,0.0,0.0000,M,0.0000,M,0.0000,0
$GPRMC,225342.43,A,3719.0384320,N,12156.9838360,W,7.0678,273.9720,101220,,,,
$GPGGA,225343.43,3719.0386600,N,12156.9880120,W,1,0,0.0,0.0000,M,0.0000,M,0.0000,0
$GPRMC,225343.43,A,3719.0386600,N,12156.9880120,W,5.3053,273.9008,101220,,,,
$GPGGA,225344.43,3719.0388100,N,12156.9910180,W,1,0,0.0,0.0000,M,0.0000,M,0.0000,0
$GPRMC,225344.43,A,3719.0388100,N,12156.9910180,W,3.5924,273.8047,101220,,,,
$GPGGA,225345.43,3719.0389060,N,12156.9929200,W,1,0,0.0,0.0000,M,0.0000,M,0.0000,0
$GPRMC,225345.43,A,3719.0389060,N,12156.9929200,W,2.0799,273.7675,101220,,,,
$GPGGA,225346.43,3719.0389540,N,12156.9938440,W,1,0,0.0,0.0000,M,0.0000,M,0.0000,0
$GPRMC,225346.43,A,3719.0389540,N,12156.9938440,W,0.7660,273.6906,101220,,,,
$GPGGA,225347.43,3719.0389600,N,12156.9940540,W,1,0,0.0,0.0000,M,0.0000,M,0.0000,0
$GPRMC,225347.43,A,3719.0389600,N,12156.9940540,W,0.0441,273.6809,101220,,,,
$GPGGA,225348.43,3719.0389600,N,12156.9940540,W,1,0,0.0,0.0000,M,0.0000,M,0.0000,0
$GPRMC,225348.43,A,3719.0389600,N,12156.9940540,W,0.0036,273.6807,101220,,,,
$GPGGA,225349.43,3719.0389600,N,12156.9940540,W,1,0,0.0,0.0000,M,0.0000,M,0.0000,0
$GPRMC,225349.43,A,3719.0389600,N,12156.9940540,W,0.0040,273.6789,101220,,,,
$GPGGA,225350.43,3719.0389600,N,12156.9940540,W,1,0,0.0,0.0000,M,0.0000,M,0.0000,0
$GPRMC,225350.43,A,3719.0389600,N,12156.9940540,W,0.0034,273.6779,101220,,,,
$GPGGA,225351.43,3719.0389600,N,12156.9940540,W,1,0,0.0,0.0000,M,0.0000,M,0.0000,0
$GPRMC,225351.43,A,3719.0389600,N,12156.9940540,W,0.0028,273.6772,101220,,,,
$GPGGA,225352.43,3719.0389600,N,12156.9940540,W,1,0,0.0,0.0000,M,0.0000,M,0.0000,0
$GPRMC,225352.43,A,3719.0389600,N,12156.9940540,W,0.0022,273.6779,101220,,,,
$GPGGA,225353.43,3719.0389600,N,12156.9940480,W,1,0,0.0,0.0000,M,0.0000,M,0.0000,0
$GPRMC,225353.43,A,3719.0389600,N,12156.9940480,W,0.0021,273.6791,101220,,,,
$GPGGA,225354.43,3719.0389600,N,12156.9940480,W,1,0,0.0,0.0000,M,0.0000,M,0.0000,0
$GPRMC,225354.43,A,3719.0389600,N,12156.9940480,W,0.0020,273.6786,101220,,,,
$GPGGA,225355.43,3719.0389600,N,12156.9940480,W,1,0,0.0,0.0000,M,0.0000,M,0.0000,0
$GPRMC,225355.43,A,3719.0389600,N,12156.9940480,W,0.0020,273.6779,101220,,,,
$GPGGA,225356.43,3719.0389600,N,12156.9940540,W,1,0,0.0,0.0000,M,0.0000,M,0.0000,0
$GPRMC,225356.43,A,3719.0389600,N,12156.9940540,W,0.0021,273.6772,101220,,,,
$GPGGA,225357.43,3719.0389600,N,12156.9940540,W,1,0,0.0,0.0000,M,0.0000,M,0.0000,0
$GPRMC,225357.43,A,3719.0389600,N,12156.9940540,W,0.0025,273.6764,101220,,,,
$GPGGA,225358.43,3719.0389600,N,12156.9940540,W,1,0,0.0,0.0000,M,0.0000,M,0.0000,0
$GPRMC,225358.43,A,3719.0389600,N,12156.9940540,W,0.0032,273.6756,101220,,,,
$GPGGA,225359.43,3719.0389600,N,12156.9940540,W,1,0,0.0,0.0000,M,0.0000,M,0.0000,0
$GPRMC,225359.43,A,3719.0389600,N,12156.9940540,W,0.0036,273.6748,101220,,,,
$GPGGA,225400.43,3719.0389600,N,12156.9940540,W,1,0,0.0,0.0000,M,0.0000,M,0.0000,0
$GPRMC,225400.43,A,3719.0389600,N,12156.9940540,W,0.0039,273.6740,101220,,,,
$GPGGA,225401.43,3719.0389600,N,12156.9940540,W,1,0,0.0,0.0000,M,0.0000,M,0.0000,0
$GPRMC,225401.43,A,3719.0389600,N,12156.9940540,W,0.0040,273.6733,101220,,,,
$GPGGA,225402.43,3719.0389600,N,12156.9940540,W,1,0,0.0,0.0000,M,0.0000,M,0.0000,0
$GPRMC,225402.43,A,3719.0389600,N,12156.9940540,W,0.0039,273.6727,101220,,,,
$GPGGA,225403.43,3719.0389600,N,12156.9940540,W,1,0,0.0,0.0000,M,0.0000,M,0.0000,0
$GPRMC,225403.43,A,3719.0389600,N,12156.9940540,W,0.0042,273.6722,101220,,,,
$GPGGA,225404.43,3719.0389600,N,12156.9940540,W,1,0,0.0,0.0000,M,0.0000,M,0.0000,0
$GPRMC,225404.43,A,3719.0389600,N,12156.9940540,W,0.0042,273.6713,101220,,,,
$GPGGA,225405.43,3719.0389600,N,12156.9940540,W,1,0,0.0,0.0000,M,0.0000,M,0.0000,0
$GPRMC,225405.43,A,3719.0389600,N,12156.9940540,W,0.0042,273.6703,101220,,,,
$GPGGA,225406.43,3719.0389600,N,12156.9940480,W,1,0,0.0,0.0000,M,0.0000,M,0.0000,0
$GPRMC,225406.43,A,3719.0389600,N,12156.9940480,W,0.0042,273.6698,101220,,,,
$GPGGA,225407.43,3719.0389600,N,12156.9940480,W,1,0,0.0,0.0000,M,0.0000,M,0.0000,0
$GPRMC,225407.43,A,3719.0389600,N,12156.9940480,W,0.0042,273.6693,101220,,,,
$GPGGA,225408.43,3719.0389600,N,12156.9940480,W,1,0,0.0,0.0000,M,0.0000,M,0.0000,0
$GPRMC,225408.43,A,3719.0389600,N,12156.9940480,W,0.0042,273.6687,101220,,,,
$GPGGA,225409.43,3719.0389600,N,12156.9940480,W,1,0,0.0,0.0000,M,0.0000,M,0.0000,0
$GPRMC,225409.43,A,3719.0389600,N,12156.9940480,W,0.0042,273.6680,101220,,,,
$GPGGA,225410.43,3719.0389600,N,12156.9940480,W,1,0,0.0,0.0000,M,0.0000,M,0.0000,0
$GPRMC,225410.43,A,3719.0389600,N,12156.9940480,W,0.0040,273.6672,101220,,,,
$GPGGA,225411.43,3719.0389600,N,12156.9940480,W,1,0,0.0,0.0000,M,0.0000,M,0.0000,0
$GPRMC,225411.43,A,3719.0389600,N,12156.9940480,W,0.0036,273.6665,101220,,,,
$GPGGA,225412.43,3719.0389540,N,12156.9940480,W,1,0,0.0,0.0000,M,0.0000,M,0.0000,0
$GPRMC,225412.43,A,3719.0389540,N,12156.9940480,W,0.0036,273.6658,101220,,,,
$GPGGA,225413.43,3719.0389540,N,12156.9940480,W,1,0,0.0,0.0000,M,0.0000,M,0.0000,0
$GPRMC,225413.43,A,3719.0389540,N,12156.9940480,W,0.0033,273.6652,101220,,,,
$GPGGA,225414.43,3719.0389540,N,12156.9940480,W,1,0,0.0,0.0000,M,0.0000,M,0.0000,0
$GPRMC,225414.43,A,3719.0389540,N,12156.9940480,W,0.0032,273.6646,101220,,,,
$GPGGA,225415.43,3719.0389540,N,12156.9940480,W,1,0,0.0,0.0000,M,0.0000,M,0.0000,0
$GPRMC,225415.43,A,3719.0389540,N,12156.9940480,W,0.0033,273.6641,101220,,,,
$GPGGA,225416.43,3719.0389540,N,12156.9940480,W,1,0,0.0,0.0000,M,0.0000,M,0.0000,0
$GPRMC,225416.43,A,3719.0389540,N,12156.9940480,W,0.0028,273.6633,101220,,,,
$GPGGA,225417.43,3719.0389540,N,12156.9940480,W,1,0,0.0,0.0000,M,0.0000,M,0.0000,0
$GPRMC,225417.43,A,3719.0389540,N,12156.9940480,W,0.0028,273.6626,101220,,,,
$GPGGA,225418.43,3719.0389540,N,12156.9940480,W,1,0,0.0,0.0000,M,0.0000,M,0.0000,0
$GPRMC,225418.43,A,3719.0389540,N,12156.9940480,W,0.0022,273.6619,101220,,,,
$GPGGA,225419.43,3719.0389540,N,12156.9940480,W,1,0,0.0,0.0000,M,0.0000,M,0.0000,0
$GPRMC,225419.43,A,3719.0389540,N,12156.9940480,W,0.0014,273.6612,101220,,,,
$GPGGA,225420.43,3719.0389540,N,12156.9940480,W,1,0,0.0,0.0000,M,0.0000,M,0.0000,0
$GPRMC,225420.43,A,3719.0389540,N,12156.9940480,W,0.0020,273.6605,101220,,,,
$GPGGA,225421.43,3719.0389540,N,12156.9940480,W,1,0,0.0,0.0000,M,0.0000,M,0.0000,0
$GPRMC,225421.43,A,3719.0389540,N,12156.9940480,W,0.0026,273.6596,101220,,,,
$GPGGA,225422.43,3719.0389540,N,12156.9940480,W,1,0,0.0,0.0000,M,0.0000,M,0.0000,0
$GPRMC,225422.43,A,3719.0389540,N,12156.9940480,W,0.0022,273.6588,101220,,,,
$GPGGA,225423.43,3719.0389540,N,12156.9940480,W,1,0,0.0,0.0000,M,0.0000,M,0.0000,0
$GPRMC,225423.43,A,3719.0389540,N,12156.9940480,W,0.0017,273.6581,101220,,,,
$GPGGA,225424.43,3719.0389600,N,12156.9940480,W,1,0,0.0,0.0000,M,0.0000,M,0.0000,0
$GPRMC,225424.43,A,3719.0389600,N,12156.9940480,W,0.0012,273.6573,101220,,,,
$GPGGA,225425.43,3719.0389600,N,12156.9940480,W,1,0,0.0,0.0000,M,0.0000,M,0.0000,0
$GPRMC,225425.43,A,3719.0389600,N,12156.9940480,W,0.0014,273.6566,101220,,,,
$GPGGA,225426.43,3719.0389600,N,12156.9940480,W,1,0,0.0,0.0000,M,0.0000,M,0.0000,0
$GPRMC,225426.43,A,3719.0389600,N,12156.9940480,W,0.0012,273.6559,101220,,,,
$GPGGA,225427.43,3719.0389600,N,12156.9940480,W,1,0,0.0,0.0000,M,0.0000,M,0.0000,0
$GPRMC,225427.43,A,3719.0389600,N,12156.9940480,W,0.0012,273.6553,101220,,,,
$GPGGA,225428.43,3719.0389600,N,12156.9940480,W,1,0,0.0,0.0000,M,0.0000,M,0.0000,0
$GPRMC,225428.43,A,3719.0389600,N,12156.9940480,W,0.0012,273.6546,101220,,,,
$GPGGA,225429.43,3719.0389600,N,12156.9940480,W,1,0,0.0,0.0000,M,0.0000,M,0.0000,0
$GPRMC,225429.43,A,3719.0389600,N,12156.9940480,W,0.0006,273.6538,101220,,,,
$GPGGA,225430.43,3719.0389600,N,12156.9940480,W,1,0,0.0,0.0000,M,0.0000,M,0.0000,0
$GPRMC,225430.43,A,3719.0389600,N,12156.9940480,W,0.0000,273.6531,101220,,,,
$GPGGA,225431.43,3719.0389600,N,12156.9940540,W,1,0,0.0,0.0000,M,0.0000,M,0.0000,0
$GPRMC,225431.43,A,3719.0389600,N,12156.9940540,W,0.0000,273.6523,101220,,,,
$GPGGA,225432.43,3719.0389600,N,12156.9940540,W,1,0,0.0,0.0000,M,0.0000,M,0.0000,0
$GPRMC,225432.43,A,3719.0389600,N,12156.9940540,W,0.0000,273.6516,101220,,,,
$GPGGA,225433.43,3719.0389600,N,12156.9940540,W,1,0,0.0,0.0000,M,0.0000,M,0.0000,0
$GPRMC,225433.43,A,3719.0389600,N,12156.9940540,W,0.0000,273.6509,101220,,,,
$GPGGA,225434.43,3719.0389660,N,12156.9940540,W,1,0,0.0,0.0000,M,0.0000,M,0.0000,0
$GPRMC,225434.43,A,3719.0389660,N,12156.9940540,W,0.0000,273.6501,101220,,,,
$GPGGA,225435.43,3719.0389660,N,12156.9940540,W,1,0,0.0,0.0000,M,0.0000,M,0.0000,0
$GPRMC,225435.43,A,3719.0389660,N,12156.9940540,W,0.0000,273.6493,101220,,,,
$GPGGA,225436.43,3719.0389660,N,12156.9940540,W,1,0,0.0,0.0000,M,0.0000,M,0.0000,0
$GPRMC,225436.43,A,3719.0389660,N,12156.9940540,W,0.0004,273.6486,101220,,,,
$GPGGA,225437.43,3719.0389660,N,12156.9940540,W,1,0,0.0,0.0000,M,0.0000,M,0.0000,0
$GPRMC,225437.43,A,3719.0389660,N,12156.9940540,W,0.0012,273.6478,101220,,,,
$GPGGA,225438.43,3719.0389660,N,12156.9940540,W,1,0,0.0,0.0000,M,0.0000,M,0.0000,0
$GPRMC,225438.43,A,3719.0389660,N,12156.9940540,W,0.0014,273.6470,101220,,,,
$GPGGA,225439.43,3719.0389660,N,12156.9940540,W,1,0,0.0,0.0000,M,0.0000,M,0.0000,0
$GPRMC,225439.43,A,3719.0389660,N,12156.9940540,W,0.0012,273.6463,101220,,,,
$GPGGA,225440.43,3719.0389660,N,12156.9940540,W,1,0,0.0,0.0000,M,0.0000,M,0.0000,0
$GPRMC,225440.43,A,3719.0389660,N,12156.9940540,W,0.0012,273.6457,101220,,,,
$GPGGA,225441.43,3719.0389660,N,12156.9940540,W,1,0,0.0,0.0000,M,0.0000,M,0.0000,0
$GPRMC,225441.43,A,3719.0389660,N,12156.9940540,W,0.0014,273.6451,101220,,,,
$GPGGA,225442.43,3719.0389660,N,12156.9940540,W,1,0,0.0,0.0000,M,0.0000,M,0.0000,0
$GPRMC,225442.43,A,3719.0389660,N,12156.9940540,W,0.0014,273.6443,101220,,,,
$GPGGA,225443.43,3719.0389660,N,12156.9940540,W,1,0,0.0,0.0000,M,0.0000,M,0.0000,0
$GPRMC,225443.43,A,3719.0389660,N,12156.9940540,W,0.0014,273.6436,101220,,,,
$GPGGA,225444.43,3719.0389660,N,12156.9940540,W,1,0,0.0,0.0000,M,0.0000,M,0.0000,0
$GPRMC,225444.43,A,3719.0389660,N,12156.9940540,W,0.0014,273.6430,101220,,,,
$GPGGA,225445.43,3719.0389660,N,12156.9940540,W,1,0,0.0,0.0000,M,0.0000,M,0.0000,0
$GPRMC,225445.43,A,3719.0389660,N,12156.9940540,W,0.0014,273.6425,101220,,,,
$GPGGA,225446.43,3719.0389660,N,12156.9940540,W,1,0,0.0,0.0000,M,0.0000,M,0.0000,0
$GPRMC,225446.43,A,3719.0389660,N,12156.9940540,W,0.0014,273.6418,101220,,,,
$GPGGA,225447.43,3719.0389660,N,12156.9940540,W,1,0,0.0,0.0000,M,0.0000,M,0.0000,0
$GPRMC,225447.43,A,3719.0389660,N,12156.9940540,W,0.0014,273.6411,101220,,,,
$GPGGA,225448.43,3719.0389660,N,12156.9940540,W,1,0,0.0,0.0000,M,0.0000,M,0.0000,0
$GPRMC,225448.43,A,3719.0389660,N,12156.9940540,W,0.0014,273.6404,101220,,,,
$GPGGA,225449.43,3719.0389660,N,12156.9940540,W,1,0,0.0,0.0000,M,0.0000,M,0.0000,0
$GPRMC,225449.43,A,3719.0389660,N,12156.9940540,W,0.0014,273.6397,101220,,,,
$GPGGA,225450.43,3719.0389660,N,12156.9940540,W,1,0,0.0,0.0000,M,0.0000,M,0.0000,0
$GPRMC,225450.43,A,3719.0389660,N,12156.9940540,W,0.0014,273.6390,101220,,,,
$GPGGA,225451.43,3719.0389660,N,12156.9940540,W,1,0,0.0,0.0000,M,0.0000,M,0.0000,0
$GPRMC,225451.43,A,3719.0389660,N,12156.9940540,W,0.0014,273.6384,101220,,,,
$GPGGA,225452.43,3719.0389660,N,12156.9940540,W,1,0,0.0,0.0000,M,0.0000,M,0.0000,0
$GPRMC,225452.43,A,3719.0389660,N,12156.9940540,W,0.0014,273.6377,101220,,,,
$GPGGA,225453.43,3719.0389660,N,12156.9940540,W,1,0,0.0,0.0000,M,0.0000,M,0.0000,0
$GPRMC,225453.43,A,3719.0389660,N,12156.9940540,W,0.0014,273.6370,101220,,,,
$GPGGA,225454.43,3719.0389660,N,12156.9940540,W,1,0,0.0,0.0000,M,0.0000,M,0.0000,0
$GPRMC,225454.43,A,3719.0389660,N,12156.9940540,W,0.0018,273.6362,101220,,,,
$GPGGA,225455.43,3719.0389660,N,12156.9940540,W,1,0,0.0,0.0000,M,0.0000,M,0.0000,0
$GPRMC,225455.43,A,3719.0389660,N,12156.9940540,W,0.0019,273.6355,101220,,,,
$GPGGA,225456.43,3719.0389660,N,12156.9940540,W,1,0,0.0,0.0000,M,0.0000,M,0.0000,0
$GPRMC,225456.43,A,3719.0389660,N,12156.9940540,W,0.0014,273.6348,101220,,,,
$GPGGA,225457.43,3719.0389660,N,12156.9940540,W,1,0,0.0,0.0000,M,0.0000,M,0.0000,0
$GPRMC,225457.43,A,3719.0389660,N,12156.9940540,W,0.0014,273.6342,101220,,,,
$GPGGA,225458.43,3719.0389660,N,12156.9940540,W,1,0,0.0,0.0000,M,0.0000,M,0.0000,0
$GPRMC,225458.43,A,3719.0389660,N,12156.9940540,W,0.0012,273.6335,101220,,,,
$GPGGA,225459.43,3719.0389660,N,12156.9940540,W,1,0,0.0,0.0000,M,0.0000,M,0.0000,0
$GPRMC,225459.43,A,3719.0389660,N,12156.9940540,W,0.0012,273.6328,101220,,,,
$GPGGA,225500.43,3719.0389660,N,12156.9940540,W,1,0,0.0,0.0000,M,0.0000,M,0.0000,0
$GPRMC,225500.43,A,3719.0389660,N,12156.9940540,W,0.0012,273.6322,101220,,,,
$GPGGA,225501.43,3719.0389660,N,12156.9940540,W,1,0,0.0,0.0000,M,0.0000,M,0.0000,0
$GPRMC,225501.43,A,3719.0389660,N,12156.9940540,W,0.0012,273.6317,101220,,,,
$GPGGA,225502.43,3719.0389660,N,12156.9940540,W,1,0,0.0,0.0000,M,0.0000,M,0.0000,0
$GPRMC,225502.43,A,3719.0389660,N,12156.9940540,W,0.0012,273.6310,101220,,,,
$GPGGA,225503.43,3719.0389660,N,12156.9940540,W,1,0,0.0,0.0000,M,0.0000,M,0.0000,0
$GPRMC,225503.43,A,3719.0389660,N,12156.9940540,W,0.0010,273.6304,101220,,,,
$GPGGA,225504.43,3719.0389660,N,12156.9940540,W,1,0,0.0,0.0000,M,0.0000,M,0.0000,0
$GPRMC,225504.43,A,3719.0389660,N,12156.9940540,W,0.0010,273.6298,101220,,,,
$GPGGA,225505.43,3719.0389660,N,12156.9940540,W,1,0,0.0,0.0000,M,0.0000,M,0.0000,0
$GPRMC,225505.43,A,3719.0389660,N,12156.9940540,W,0.0010,273.6291,101220,,,,
$GPGGA,225506.43,3719.0389660,N,12156.9940540,W,1,0,0.0,0.0000,M,0.0000,M,0.0000,0
$GPRMC,225506.43,A,3719.0389660,N,12156.9940540,W,0.0010,273.6284,101220,,,,
$GPGGA,225507.43,3719.0389660,N,12156.9940540,W,1,0,0.0,0.0000,M,0.0000,M,0.0000,0
$GPRMC,225507.43,A,3719.0389660,N,12156.9940540,W,0.0010,273.6278,101220,,,,
$GPGGA,225508.43,3719.0389660,N,12156.9940540,W,1,0,0.0,0.0000,M,0.0000,M,0.0000,0
$GPRMC,225508.43,A,3719.0389660,N,12156.9940540,W,0.0006,273.6272,101220,,,,
$GPGGA,225509.43,3719.0389660,N,12156.9940540,W,1,0,0.0,0.0000,M,0.0000,M,0.0000,0
$GPRMC,225509.43,A,3719.0389660,N,12156.9940540,W,0.0004,273.6264,101220,,,,
$GPGGA,225510.43,3719.0389660,N,12156.9940540,W,1,0,0.0,0.0000,M,0.0000,M,0.0000,0
$GPRMC,225510.43,A,3719.0389660,N,12156.9940540,W,0.0010,273.6256,101220,,,,
$GPGGA,225511.43,3719.0389660,N,12156.9940540,W,1,0,0.0,0.0000,M,0.0000,M,0.0000,0
$GPRMC,225511.43,A,3719.0389660,N,12156.9940540,W,0.0014,273.6251,101220,,,,
$GPGGA,225512.43,3719.0389660,N,12156.9940540,W,1,0,0.0,0.0000,M,0.0000,M,0.0000,0
$GPRMC,225512.43,A,3719.0389660,N,12156.9940540,W,0.0027,273.6246,101220,,,,
$GPGGA,225513.43,3719.0389600,N,12156.9940540,W,1,0,0.0,0.0000,M,0.0000,M,0.0000,0
$GPRMC,225513.43,A,3719.0389600,N,12156.9940540,W,0.0039,273.6240,101220,,,,
$GPGGA,225514.43,3719.0389600,N,12156.9940900,W,1,0,0.0,0.0000,M,0.0000,M,0.0000,0
$GPRMC,225514.43,A,3719.0389600,N,12156.9940900,W,0.2360,273.6184,101220,,,,
$GPGGA,225515.43,3719.0389780,N,12156.9946720,W,1,0,0.0,0.0000,M,0.0000,M,0.0000,0
$GPRMC,225515.43,A,3719.0389780,N,12156.9946720,W,1.7470,273.4745,101220,,,,
$GPGGA,225516.43,3719.0390380,N,12156.9967960,W,1,0,0.0,0.0000,M,0.0000,M,0.0000,0
$GPRMC,225516.43,A,3719.0390380,N,12156.9967960,W,4.6479,272.5435,101220,,,,
$GPGGA,225517.43,3719.0390200,N,12157.0009420,W,1,0,0.0,0.0000,M,0.0000,M,0.0000,0
$GPRMC,225517.43,A,3719.0390200,N,12157.0009420,W,7.6391,270.0137,101220,,,,
$GPGGA,225518.43,3719.0387620,N,12157.0070440,W,1,0,0.0,0.0000,M,0.0000,M,0.0000,0
$GPRMC,225518.43,A,3719.0387620,N,12157.0070440,W,10.5926,267.0405,101220,,,,
$GPGGA,225519.43,3719.0382460,N,12157.0151800,W,1,0,0.0,0.0000,M,0.0000,M,0.0000,0
$GPRMC,225519.43,A,3719.0382460,N,12157.0151800,W,13.5140,265.4823,101220,,,,
$GPGGA,225520.43,3719.0375560,N,12157.0251640,W,1,0,0.0,0.0000,M,0.0000,M,0.0000,0
$GPRMC,225520.43,A,3719.0375560,N,12157.0251640,W,16.0658,265.0276,101220,,,,
$GPGGA,225521.43,3719.0367520,N,12157.0367200,W,1,0,0.0,0.0000,M,0.0000,M,0.0000,0
$GPRMC,225521.43,A,3719.0367520,N,12157.0367200,W,18.2762,265.0089,101220,,,,
$GPGGA,225522.43,3719.0358280,N,12157.0497820,W,1,0,0.0,0.0000,M,0.0000,M,0.0000,0
$GPRMC,225522.43,A,3719.0358280,N,12157.0497820,W,20.4922,264.9406,101220,,,,
$GPGGA,225523.43,3719.0347720,N,12157.0642960,W,1,0,0.0,0.0000,M,0.0000,M,0.0000,0
$GPRMC,225523.43,A,3719.0347720,N,12157.0642960,W,22.5146,264.6979,101220,,,,
$GPGGA,225524.43,3719.0335480,N,12157.0800640,W,1,0,0.0,0.0000,M,0.0000,M,0.0000,0
$GPRMC,225524.43,A,3719.0335480,N,12157.0800640,W,24.2454,264.2396,101220,,,,
$GPGGA,225525.43,3719.0320960,N,12157.0969300,W,1,0,0.0,0.0000,M,0.0000,M,0.0000,0
$GPRMC,225525.43,A,3719.0320960,N,12157.0969300,W,25.8502,263.4908,101220,,,,
$GPGGA,225526.43,3719.0303680,N,12157.1147620,W,1,0,0.0,0.0000,M,0.0000,M,0.0000,0
$GPRMC,225526.43,A,3719.0303680,N,12157.1147620,W,27.1912,262.7383,101220,,,,
$GPGGA,225527.43,3719.0283760,N,12157.1333380,W,1,0,0.0,0.0000,M,0.0000,M,0.0000,0
$GPRMC,225527.43,A,3719.0283760,N,12157.1333380,W,28.1819,262.0930,101220,,,,
$GPGGA,225528.43,3719.0261740,N,12157.1524960,W,1,0,0.0,0.0000,M,0.0000,M,0.0000,0
$GPRMC,225528.43,A,3719.0261740,N,12157.1524960,W,29.0265,261.5110,101220,,,,
$GPGGA,225529.43,3719.0237140,N,12157.1721640,W,1,0,0.0,0.0000,M,0.0000,M,0.0000,0
$GPRMC,225529.43,A,3719.0237140,N,12157.1721640,W,29.8027,260.7687,101220,,,,
$GPGGA,225530.43,3719.0210260,N,12157.1922460,W,1,0,0.0,0.0000,M,0.0000,M,0.0000,0
$GPRMC,225530.43,A,3719.0210260,N,12157.1922460,W,30.2640,260.3824,101220,,,,
$GPGGA,225531.43,3719.0183020,N,12157.2124540,W,1,0,0.0,0.0000,M,0.0000,M,0.0000,0
$GPRMC,225531.43,A,3719.0183020,N,12157.2124540,W,30.1591,260.4848,101220,,,,
$GPGGA,225532.43,3719.0156800,N,12157.2324640,W,1,0,0.0,0.0000,M,0.0000,M,0.0000,0
$GPRMC,225532.43,A,3719.0156800,N,12157.2324640,W,29.7356,260.8672,101220,,,,
$GPGGA,225533.43,3719.0132260,N,12157.2522220,W,1,0,0.0,0.0000,M,0.0000,M,0.0000,0
$GPRMC,225533.43,A,3719.0132260,N,12157.2522220,W,29.3643,261.3685,101220,,,,
$GPGGA,225534.43,3719.0108920,N,12157.2718060,W,1,0,0.0,0.0000,M,0.0000,M,0.0000,0
$GPRMC,225534.43,A,3719.0108920,N,12157.2718060,W,29.1616,261.6123,101220,,,,
$GPGGA,225535.43,3719.0086240,N,12157.2913120,W,1,0,0.0,0.0000,M,0.0000,M,0.0000,0
$GPRMC,225535.43,A,3719.0086240,N,12157.2913120,W,29.0910,261.8593,101220,,,,
$GPGGA,225536.43,3719.0064700,N,12157.3108300,W,1,0,0.0,0.0000,M,0.0000,M,0.0000,0
$GPRMC,225536.43,A,3719.0064700,N,12157.3108300,W,29.1502,262.4340,101220,,,,
$GPGGA,225537.43,3719.0045200,N,12157.3304920,W,1,0,0.0,0.0000,M,0.0000,M,0.0000,0
$GPRMC,225537.43,A,3719.0045200,N,12157.3304920,W,29.3734,263.4288,101220,,,,
$GPGGA,225538.43,3719.0028460,N,12157.3503820,W,1,0,0.0,0.0000,M,0.0000,M,0.0000,0
$GPRMC,225538.43,A,3719.0028460,N,12157.3503820,W,29.7109,264.3673,101220,,,,
$GPGGA,225539.43,3719.0013580,N,12157.3705300,W,1,0,0.0,0.0000,M,0.0000,M,0.0000,0
$GPRMC,225539.43,A,3719.0013580,N,12157.3705300,W,30.0789,264.8365,101220,,,,
$GPGGA,225540.43,3718.9999240,N,12157.3909300,W,1,0,0.0,0.0000,M,0.0000,M,0.0000,0
$GPRMC,225540.43,A,3718.9999240,N,12157.3909300,W,30.4139,265.1825,101220,,,,
$GPGGA,225541.43,3718.9986460,N,12157.4115340,W,1,0,0.0,0.0000,M,0.0000,M,0.0000,0
$GPRMC,225541.43,A,3718.9986460,N,12157.4115340,W,30.5910,265.8690,101220,,,,
$GPGGA,225542.43,3718.9975840,N,12157.4322100,W,1,0,0.0,0.0000,M,0.0000,M,0.0000,0
$GPRMC,225542.43,A,3718.9975840,N,12157.4322100,W,30.6005,266.6432,101220,,,,
$GPGGA,225543.43,3718.9967320,N,12157.4528980,W,1,0,0.0,0.0000,M,0.0000,M,0.0000,0
$GPRMC,225543.43,A,3718.9967320,N,12157.4528980,W,30.6021,267.4011,101220,,,,
$GPGGA,225544.43,3718.9961080,N,12157.4736100,W,1,0,0.0,0.0000,M,0.0000,M,0.0000,0
$GPRMC,225544.43,A,3718.9961080,N,12157.4736100,W,30.6347,268.2637,101220,,,,
$GPGGA,225545.43,3718.9957660,N,12157.4943760,W,1,0,0.0,0.0000,M,0.0000,M,0.0000,0
$GPRMC,225545.43,A,3718.9957660,N,12157.4943760,W,30.7022,269.2317,101220,,,,
$GPGGA,225546.43,3718.9956640,N,12157.5151960,W,1,0,0.0,0.0000,M,0.0000,M,0.0000,0
$GPRMC,225546.43,A,3718.9956640,N,12157.5151960,W,30.7948,270.0104,101220,,,,
$GPGGA,225547.43,3718.9957660,N,12157.5360760,W,1,0,0.0,0.0000,M,0.0000,M,0.0000,0
$GPRMC,225547.43,A,3718.9957660,N,12157.5360760,W,30.8810,270.6667,101220,,,,
$GPGGA,225548.43,3718.9960480,N,12157.5570100,W,1,0,0.0,0.0000,M,0.0000,M,0.0000,0
$GPRMC,225548.43,A,3718.9960480,N,12157.5570100,W,30.9764,271.0305,101220,,,,
$GPGGA,225549.43,3718.9964020,N,12157.5780220,W,1,0,0.0,0.0000,M,0.0000,M,0.0000,0
$GPRMC,225549.43,A,3718.9964020,N,12157.5780220,W,31.1002,271.0949,101220,,,,
$GPGGA,225550.43,3718.9967560,N,12157.5991000,W,1,0,0.0,0.0000,M,0.0000,M,0.0000,0
$GPRMC,225550.43,A,3718.9967560,N,12157.5991000,W,31.2092,271.1367,101220,,,,
$GPGGA,225551.43,3718.9970920,N,12157.6202440,W,1,0,0.0,0.0000,M,0.0000,M,0.0000,0
$GPRMC,225551.43,A,3718.9970920,N,12157.6202440,W,31.2921,271.1241,101220,,,,
$GPGGA,225552.43,3718.9974220,N,12157.6414420,W,1,0,0.0,0.0000,M,0.0000,M,0.0000,0
$GPRMC,225552.43,A,3718.9974220,N,12157.6414420,W,31.3459,271.0560,101220,,,,
$GPGGA,225553.43,3718.9977340,N,12157.6626580,W,1,0,0.0,0.0000,M,0.0000,M,0.0000,0
$GPRMC,225553.43,A,3718.9977340,N,12157.6626580,W,31.3487,271.0339,101220,,,,
$GPGGA,225554.43,3718.9980580,N,12157.6838500,W,1,0,0.0,0.0000,M,0.0000,M,0.0000,0
$GPRMC,225554.43,A,3718.9980580,N,12157.6838500,W,31.2589,271.1795,101220,,,,
$GPGGA,225555.43,3718.9984120,N,12157.7049700,W,1,0,0.0,0.0000,M,0.0000,M,0.0000,0
$GPRMC,225555.43,A,3718.9984120,N,12157.7049700,W,31.0925,271.2621,101220,,,,
$GPGGA,225556.43,3718.9987720,N,12157.7259040,W,1,0,0.0,0.0000,M,0.0000,M,0.0000,0
$GPRMC,225556.43,A,3718.9987720,N,12157.7259040,W,30.7440,271.1875,101220,,,,
$GPGGA,225557.43,3718.9991020,N,12157.7465200,W,1,0,0.0,0.0000,M,0.0000,M,0.0000,0
$GPRMC,225557.43,A,3718.9991020,N,12157.7465200,W,30.1750,271.1231,101220,,,,
$GPGGA,225558.43,3718.9993780,N,12157.7667400,W,1,0,0.0,0.0000,M,0.0000,M,0.0000,0
$GPRMC,225558.43,A,3718.9993780,N,12157.7667400,W,29.6123,270.8444,101220,,,,
$GPGGA,225559.43,3718.9995700,N,12157.7866120,W,1,0,0.0,0.0000,M,0.0000,M,0.0000,0
$GPRMC,225559.43,A,3718.9995700,N,12157.7866120,W,29.1451,270.6387,101220,,,,
$GPGGA,225600.43,3718.9997440,N,12157.8062200,W,1,0,0.0,0.0000,M,0.0000,M,0.0000,0
$GPRMC,225600.43,A,3718.9997440,N,12157.8062200,W,28.8151,270.6721,101220,,,,
$GPGGA,225601.43,3718.9998640,N,12157.8256420,W,1,0,0.0,0.0000,M,0.0000,M,0.0000,0
$GPRMC,225601.43,A,3718.9998640,N,12157.8256420,W,28.5941,270.2559,101220,,,,
$GPGGA,225602.43,3718.9997980,N,12157.8449380,W,1,0,0.0,0.0000,M,0.0000,M,0.0000,0
$GPRMC,225602.43,A,3718.9997980,N,12157.8449380,W,28.4450,269.3846,101220,,,,
$GPGGA,225603.43,3718.9994980,N,12157.8641380,W,1,0,0.0,0.0000,M,0.0000,M,0.0000,0
$GPRMC,225603.43,A,3718.9994980,N,12157.8641380,W,28.3271,268.5176,101220,,,,
$GPGGA,225604.43,3718.9989940,N,12157.8832720,W,1,0,0.0,0.0000,M,0.0000,M,0.0000,0
$GPRMC,225604.43,A,3718.9989940,N,12157.8832720,W,28.2428,267.9445,101220,,,,
$GPGGA,225605.43,3718.9983940,N,12157.9023640,W,1,0,0.0,0.0000,M,0.0000,M,0.0000,0
$GPRMC,225605.43,A,3718.9983940,N,12157.9023640,W,28.2345,267.6870,101220,,,,
$GPGGA,225606.43,3718.9977580,N,12157.9214920,W,1,0,0.0,0.0000,M,0.0000,M,0.0000,0
$GPRMC,225606.43,A,3718.9977580,N,12157.9214920,W,28.3233,267.5760,101220,,,,
$GPGGA,225607.43,3718.9971400,N,12157.9406620,W,1,0,0.0,0.0000,M,0.0000,M,0.0000,0
$GPRMC,225607.43,A,3718.9971400,N,12157.9406620,W,28.3171,267.6816,101220,,,,
$GPGGA,225608.43,3718.9965400,N,12157.9597660,W,1,0,0.0,0.0000,M,0.0000,M,0.0000,0
$GPRMC,225608.43,A,3718.9965400,N,12157.9597660,W,28.1611,267.7194,101220,,,,
$GPGGA,225609.43,3718.9959280,N,12157.9787560,W,1,0,0.0,0.0000,M,0.0000,M,0.0000,0
$GPRMC,225609.43,A,3718.9959280,N,12157.9787560,W,28.0044,267.5811,101220,,,,
$GPGGA,225610.43,3718.9952740,N,12157.9976500,W,1,0,0.0,0.0000,M,0.0000,M,0.0000,0
$GPRMC,225610.43,A,3718.9952740,N,12157.9976500,W,27.8813,267.4903,101220,,,,
$GPGGA,225611.43,3718.9946080,N,12158.0164780,W,1,0,0.0,0.0000,M,0.0000,M,0.0000,0
$GPRMC,225611.43,A,3718.9946080,N,12158.0164780,W,27.8148,267.3728,101220,,,,
$GPGGA,225612.43,3718.9939300,N,12158.0352640,W,1,0,0.0,0.0000,M,0.0000,M,0.0000,0
$GPRMC,225612.43,A,3718.9939300,N,12158.0352640,W,27.7623,267.4203,101220,,,,
$GPGGA,225613.43,3718.9932700,N,12158.0539840,W,1,0,0.0,0.0000,M,0.0000,M,0.0000,0
$GPRMC,225613.43,A,3718.9932700,N,12158.0539840,W,27.6078,267.4475,101220,,,,
$GPGGA,225614.43,3718.9926160,N,12158.0725660,W,1,0,0.0,0.0000,M,0.0000,M,0.0000,0
$GPRMC,225614.43,A,3718.9926160,N,12158.0725660,W,27.3492,267.4785,101220,,,,
$GPGGA,225615.43,3718.9920520,N,12158.0909680,W,1,0,0.0,0.0000,M,0.0000,M,0.0000,0
$GPRMC,225615.43,A,3718.9920520,N,12158.0909680,W,27.0270,268.0677,101220,,,,
$GPGGA,225616.43,3718.9917580,N,12158.1091540,W,1,0,0.0,0.0000,M,0.0000,M,0.0000,0
$GPRMC,225616.43,A,3718.9917580,N,12158.1091540,W,26.6654,269.5681,101220,,,,
$GPGGA,225617.43,3718.9919140,N,12158.1270880,W,1,0,0.0,0.0000,M,0.0000,M,0.0000,0
$GPRMC,225617.43,A,3718.9919140,N,12158.1270880,W,26.2981,271.5327,101220,,,,
$GPGGA,225618.43,3718.9925080,N,12158.1447520,W,1,0,0.0,0.0000,M,0.0000,M,0.0000,0
$GPRMC,225618.43,A,3718.9925080,N,12158.1447520,W,25.9159,272.9839,101220,,,,
$GPGGA,225619.43,3718.9932880,N,12158.1620320,W,1,0,0.0,0.0000,M,0.0000,M,0.0000,0
$GPRMC,225619.43,A,3718.9932880,N,12158.1620320,W,25.1288,273.3517,101220,,,,
$GPGGA,225620.43,3718.9940440,N,12158.1785440,W,1,0,0.0,0.0000,M,0.0000,M,0.0000,0
$GPRMC,225620.43,A,3718.9940440,N,12158.1785440,W,23.6394,273.0939,101220,,,,
$GPGGA,225621.43,3718.9946800,N,12158.1939820,W,1,0,0.0,0.0000,M,0.0000,M,0.0000,0
$GPRMC,225621.43,A,3718.9946800,N,12158.1939820,W,22.0400,272.4145,101220,,,,
$GPGGA,225622.43,3718.9951420,N,12158.2084540,W,1,0,0.0,0.0000,M,0.0000,M,0.0000,0
$GPRMC,225622.43,A,3718.9951420,N,12158.2084540,W,20.8358,271.9988,101220,,,,
$GPGGA,225623.43,3718.9955200,N,12158.2222900,W,1,0,0.0,0.0000,M,0.0000,M,0.0000,0
$GPRMC,225623.43,A,3718.9955200,N,12158.2222900,W,20.1216,271.8652,101220,,,,
$GPGGA,225624.43,3718.9959340,N,12158.2357780,W,1,0,0.0,0.0000,M,0.0000,M,0.0000,0
$GPRMC,225624.43,A,3718.9959340,N,12158.2357780,W,19.7821,272.2794,101220,,,,
$GPGGA,225625.43,3718.9964620,N,12158.2490560,W,1,0,0.0,0.0000,M,0.0000,M,0.0000,0
$GPRMC,225625.43,A,3718.9964620,N,12158.2490560,W,19.4966,273.1804,101220,,,,
$GPGGA,225626.43,3718.9972060,N,12158.2621360,W,1,0,0.0,0.0000,M,0.0000,M,0.0000,0
$GPRMC,225626.43,A,3718.9972060,N,12158.2621360,W,19.2325,274.5539,101220,,,,
$GPGGA,225627.43,3718.9982320,N,12158.2750240,W,1,0,0.0,0.0000,M,0.0000,M,0.0000,0
$GPRMC,225627.43,A,3718.9982320,N,12158.2750240,W,18.9805,276.2019,101220,,,,
$GPGGA,225628.43,3718.9995160,N,12158.2876900,W,1,0,0.0,0.0000,M,0.0000,M,0.0000,0
$GPRMC,225628.43,A,3718.9995160,N,12158.2876900,W,18.7311,277.6678,101220,,,,
$GPGGA,225629.43,3719.0010040,N,12158.3001760,W,1,0,0.0,0.0000,M,0.0000,M,0.0000,0
$GPRMC,225629.43,A,3719.0010040,N,12158.3001760,W,18.5104,278.8407,101220,,,,
$GPGGA,225630.43,3719.0026780,N,12158.3124760,W,1,0,0.0,0.0000,M,0.0000,M,0.0000,0
$GPRMC,225630.43,A,3719.0026780,N,12158.3124760,W,18.3319,280.0697,101220,,,,
$GPGGA,225631.43,3719.0046400,N,12158.3246140,W,1,0,0.0,0.0000,M,0.0000,M,0.0000,0
$GPRMC,225631.43,A,3719.0046400,N,12158.3246140,W,18.2075,282.2310,101220,,,,
$GPGGA,225632.43,3719.0070940,N,12158.3365360,W,1,0,0.0,0.0000,M,0.0000,M,0.0000,0
$GPRMC,225632.43,A,3719.0070940,N,12158.3365360,W,18.1247,285.7809,101220,,,,
$GPGGA,225633.43,3719.0101660,N,12158.3481820,W,1,0,0.0,0.0000,M,0.0000,M,0.0000,0
$GPRMC,225633.43,A,3719.0101660,N,12158.3481820,W,18.0448,289.5518,101220,,,,
$GPGGA,225634.43,3719.0138020,N,12158.3595640,W,1,0,0.0,0.0000,M,0.0000,M,0.0000,0
$GPRMC,225634.43,A,3719.0138020,N,12158.3595640,W,18.1293,292.7588,101220,,,,
$GPGGA,225635.43,3719.0178880,N,12158.3708500,W,1,0,0.0,0.0000,M,0.0000,M,0.0000,0
$GPRMC,225635.43,A,3719.0178880,N,12158.3708500,W,18.4001,295.0834,101220,,,,
$GPGGA,225636.43,3719.0222680,N,12158.3820760,W,1,0,0.0,0.0000,M,0.0000,M,0.0000,0
$GPRMC,225636.43,A,3719.0222680,N,12158.3820760,W,18.3939,296.4106,101220,,,,
$GPGGA,225637.43,3719.0266960,N,12158.3930740,W,1,0,0.0,0.0000,M,0.0000,M,0.0000,0
$GPRMC,225637.43,A,3719.0266960,N,12158.3930740,W,17.9317,296.8864,101220,,,,
$GPGGA,225638.43,3719.0309560,N,12158.4036160,W,1,0,0.0,0.0000,M,0.0000,M,0.0000,0
$GPRMC,225638.43,A,3719.0309560,N,12158.4036160,W,16.8921,296.8493,101220,,,,
$GPGGA,225639.43,3719.0348680,N,12158.4133000,W,1,0,0.0,0.0000,M,0.0000,M,0.0000,0
$GPRMC,225639.43,A,3719.0348680,N,12158.4133000,W,15.1124,296.9191,101220,,,,
$GPGGA,225640.43,3719.0383360,N,12158.4218680,W,1,0,0.0,0.0000,M,0.0000,M,0.0000,0
$GPRMC,225640.43,A,3719.0383360,N,12158.4218680,W,13.3353,296.8276,101220,,,,
$GPGGA,225641.43,3719.0413540,N,12158.4295180,W,1,0,0.0,0.0000,M,0.0000,M,0.0000,0
$GPRMC,225641.43,A,3719.0413540,N,12158.4295180,W,11.9308,296.6968,101220,,,,
$GPGGA,225642.43,3719.0440060,N,12158.4363340,W,1,0,0.0,0.0000,M,0.0000,M,0.0000,0
$GPRMC,225642.43,A,3719.0440060,N,12158.4363340,W,10.5078,296.8620,101220,,,,
$GPGGA,225643.43,3719.0464720,N,12158.4421060,W,1,0,0.0,0.0000,M,0.0000,M,0.0000,0
$GPRMC,225643.43,A,3719.0464720,N,12158.4421060,W,8.6922,298.4757,101220,,,,
$GPGGA,225644.43,3719.0488300,N,12158.4466540,W,1,0,0.0,0.0000,M,0.0000,M,0.0000,0
$GPRMC,225644.43,A,3719.0488300,N,12158.4466540,W,7.1941,302.4265,101220,,,,
$GPGGA,225645.43,3719.0511700,N,12158.4503020,W,1,0,0.0,0.0000,M,0.0000,M,0.0000,0
$GPRMC,225645.43,A,3719.0511700,N,12158.4503020,W,6.5087,309.1277,101220,,,,
$GPGGA,225646.43,3719.0537620,N,12158.4531340,W,1,0,0.0,0.0000,M,0.0000,M,0.0000,0
$GPRMC,225646.43,A,3719.0537620,N,12158.4531340,W,5.9493,319.6103,101220,,,,
$GPGGA,225647.43,3719.0565640,N,12158.4549640,W,1,0,0.0,0.0000,M,0.0000,M,0.0000,0
$GPRMC,225647.43,A,3719.0565640,N,12158.4549640,W,5.4595,332.5676,101220,,,,
$GPGGA,225648.43,3719.0592820,N,12158.4559840,W,1,0,0.0,0.0000,M,0.0000,M,0.0000,0
$GPRMC,225648.43,A,3719.0592820,N,12158.4559840,W,4.8225,342.4434,101220,,,,
$GPGGA,225649.43,3719.0615560,N,12158.4567220,W,1,0,0.0,0.0000,M,0.0000,M,0.0000,0
$GPRMC,225649.43,A,3719.0615560,N,12158.4567220,W,3.8000,344.8561,101220,,,,
$GPGGA,225650.43,3719.0632180,N,12158.4573220,W,1,0,0.0,0.0000,M,0.0000,M,0.0000,0
$GPRMC,225650.43,A,3719.0632180,N,12158.4573220,W,2.7094,343.9792,101220,,,,
$GPGGA,225651.43,3719.0644360,N,12158.4577660,W,1,0,0.0,0.0000,M,0.0000,M,0.0000,0
$GPRMC,225651.43,A,3719.0644360,N,12158.4577660,W,2.1040,343.2798,101220,,,,
$GPGGA,225652.43,3719.0654860,N,12158.4581620,W,1,0,0.0,0.0000,M,0.0000,M,0.0000,0
$GPRMC,225652.43,A,3719.0654860,N,12158.4581620,W,2.0170,343.0313,101220,,,,
$GPGGA,225653.43,3719.0665660,N,12158.4585340,W,1,0,0.0,0.0000,M,0.0000,M,0.0000,0
$GPRMC,225653.43,A,3719.0665660,N,12158.4585340,W,2.1034,343.5072,101220,,,,
$GPGGA,225654.43,3719.0676940,N,12158.4588400,W,1,0,0.0,0.0000,M,0.0000,M,0.0000,0
$GPRMC,225654.43,A,3719.0676940,N,12158.4588400,W,2.1000,345.7344,101220,,,,
$GPGGA,225655.43,3719.0688700,N,12158.4590260,W,1,0,0.0,0.0000,M,0.0000,M,0.0000,0
$GPRMC,225655.43,A,3719.0688700,N,12158.4590260,W,2.2815,349.4135,101220,,,,
$GPGGA,225656.43,3719.0703280,N,12158.4591340,W,1,0,0.0,0.0000,M,0.0000,M,0.0000,0
$GPRMC,225656.43,A,3719.0703280,N,12158.4591340,W,3.1686,353.5322,101220,,,,
$GPGGA,225657.43,3719.0725060,N,12158.4590740,W,1,0,0.0,0.0000,M,0.0000,M,0.0000,0
$GPRMC,225657.43,A,3719.0725060,N,12158.4590740,W,4.8811,359.2291,101220,,,,
$GPGGA,225658.43,3719.0756680,N,12158.4583780,W,1,0,0.0,0.0000,M,0.0000,M,0.0000,0
$GPRMC,225658.43,A,3719.0756680,N,12158.4583780,W,6.7884,9.4253,101220,,,,
$GPGGA,225659.43,3719.0795380,N,12158.4564880,W,1,0,0.0,0.0000,M,0.0000,M,0.0000,0
$GPRMC,225659.43,A,3719.0795380,N,12158.4564880,W,8.2784,22.2740,101220,,,,
$GPGGA,225700.43,3719.0836120,N,12158.4535660,W,1,0,0.0,0.0000,M,0.0000,M,0.0000,0
$GPRMC,225700.43,A,3719.0836120,N,12158.4535660,W,8.7970,30.3933,101220,,,,
$GPGGA,225701.43,3719.0874940,N,12158.4503620,W,1,0,0.0,0.0000,M,0.0000,M,0.0000,0
$GPRMC,225701.43,A,3719.0874940,N,12158.4503620,W,8.2351,33.3811,101220,,,,
$GPGGA,225702.43,3719.0908840,N,12158.4474880,W,1,0,0.0,0.0000,M,0.0000,M,0.0000,0
$GPRMC,225702.43,A,3719.0908840,N,12158.4474880,W,6.8089,33.8488,101220,,,,
$GPGGA,225703.43,3719.0935660,N,12158.4454060,W,1,0,0.0,0.0000,M,0.0000,M,0.0000,0
$GPRMC,225703.43,A,3719.0935660,N,12158.4454060,W,4.9152,30.1589,101220,,,,
$GPGGA,225704.43,3719.0956060,N,12158.4448540,W,1,0,0.0,0.0000,M,0.0000,M,0.0000,0
$GPRMC,225704.43,A,3719.0956060,N,12158.4448540,W,3.4907,10.8734,101220,,,,
$GPGGA,225705.43,3719.0969440,N,12158.4461500,W,1,0,0.0,0.0000,M,0.0000,M,0.0000,0
$GPRMC,225705.43,A,3719.0969440,N,12158.4461500,W,3.2707,333.7408,101220,,,,
$GPGGA,225706.43,3719.0971300,N,12158.4484720,W,1,0,0.0,0.0000,M,0.0000,M,0.0000,0
$GPRMC,225706.43,A,3719.0971300,N,12158.4484720,W,3.7404,290.0356,101220,,,,
$GPGGA,225707.43,3719.0958400,N,12158.4507160,W,1,0,0.0,0.0000,M,0.0000,M,0.0000,0
$GPRMC,225707.43,A,3719.0958400,N,12158.4507160,W,4.8481,245.4801,101220,,,,
$GPGGA,225708.43,3719.0932120,N,12158.4526060,W,1,0,0.0,0.0000,M,0.0000,M,0.0000,0
$GPRMC,225708.43,A,3719.0932120,N,12158.4526060,W,6.9405,214.9031,101220,,,,
$GPGGA,225709.43,3719.0893060,N,12158.4550360,W,1,0,0.0,0.0000,M,0.0000,M,0.0000,0
$GPRMC,225709.43,A,3719.0893060,N,12158.4550360,W,9.3149,207.4117,101220,,,,
$GPGGA,225710.43,3719.0843860,N,12158.4584740,W,1,0,0.0,0.0000,M,0.0000,M,0.0000,0
$GPRMC,225710.43,A,3719.0843860,N,12158.4584740,W,11.4740,209.6175,101220,,,,
$GPGGA,225711.43,3719.0785600,N,12158.4627100,W,1,0,0.0,0.0000,M,0.0000,M,0.0000,0
$GPRMC,225711.43,A,3719.0785600,N,12158.4627100,W,13.3944,210.0984,101220,,,,
$GPGGA,225712.43,3719.0718520,N,12158.4674980,W,1,0,0.0,0.0000,M,0.0000,M,0.0000,0
$GPRMC,225712.43,A,3719.0718520,N,12158.4674980,W,15.1925,209.8660,101220,,,,
$GPGGA,225713.43,3719.0644480,N,12158.4729340,W,1,0,0.0,0.0000,M,0.0000,M,0.0000,0
$GPRMC,225713.43,A,3719.0644480,N,12158.4729340,W,16.3644,211.0346,101220,,,,
$GPGGA,225714.43,3719.0568400,N,12158.4788320,W,1,0,0.0,0.0000,M,0.0000,M,0.0000,0
$GPRMC,225714.43,A,3719.0568400,N,12158.4788320,W,16.5663,212.1688,101220,,,,
$GPGGA,225715.43,3719.0493580,N,12158.4847960,W,1,0,0.0,0.0000,M,0.0000,M,0.0000,0
$GPRMC,225715.43,A,3719.0493580,N,12158.4847960,W,16.2408,212.6192,101220,,,,
$GPGGA,225716.43,3719.0421040,N,12158.4906580,W,1,0,0.0,0.0000,M,0.0000,M,0.0000,0
$GPRMC,225716.43,A,3719.0421040,N,12158.4906580,W,15.5340,213.0589,101220,,,,
$GPGGA,225717.43,3719.0354200,N,12158.4961540,W,1,0,0.0,0.0000,M,0.0000,M,0.0000,0
$GPRMC,225717.43,A,3719.0354200,N,12158.4961540,W,13.8240,213.4884,101220,,,,
$GPGGA,225718.43,3719.0297680,N,12158.5008640,W,1,0,0.0,0.0000,M,0.0000,M,0.0000,0
$GPRMC,225718.43,A,3719.0297680,N,12158.5008640,W,11.3057,213.7959,101220,,,,
$GPGGA,225719.43,3719.0252560,N,12158.5046440,W,1,0,0.0,0.0000,M,0.0000,M,0.0000,0
$GPRMC,225719.43,A,3719.0252560,N,12158.5046440,W,8.8239,213.8043,101220,,,,
$GPGGA,225720.43,3719.0218300,N,12158.5075120,W,1,0,0.0,0.0000,M,0.0000,M,0.0000,0
$GPRMC,225720.43,A,3719.0218300,N,12158.5075120,W,6.3992,213.7086,101220,,,,
$GPGGA,225721.43,3719.0194660,N,12158.5094980,W,1,0,0.0,0.0000,M,0.0000,M,0.0000,0
$GPRMC,225721.43,A,3719.0194660,N,12158.5094980,W,4.2095,213.6399,101220,,,,
$GPGGA,225722.43,3719.0180080,N,12158.5107100,W,1,0,0.0,0.0000,M,0.0000,M,0.0000,0
$GPRMC,225722.43,A,3719.0180080,N,12158.5107100,W,2.3525,213.4972,101220,,,,
$GPGGA,225723.43,3719.0173000,N,12158.5113040,W,1,0,0.0,0.0000,M,0.0000,M,0.0000,0
$GPRMC,225723.43,A,3719.0173000,N,12158.5113040,W,0.8315,213.4248,101220,,,,
$GPGGA,225724.43,3719.0171080,N,12158.5114660,W,1,0,0.0,0.0000,M,0.0000,M,0.0000,0
$GPRMC,225724.43,A,3719.0171080,N,12158.5114660,W,0.0955,213.4082,101220,,,,
$GPGGA,225725.43,3719.0171080,N,12158.5114720,W,1,0,0.0,0.0000,M,0.0000,M,0.0000,0
$GPRMC,225725.43,A,3719.0171080,N,12158.5114720,W,0.0055,213.4078,101220,,,,
$GPGGA,225726.43,3719.0171080,N,12158.5114720,W,1,0,0.0,0.0000,M,0.0000,M,0.0000,0
$GPRMC,225726.43,A,3719.0171080,N,12158.5114720,W,0.0030,213.4060,101220,,,,
$GPGGA,225727.43,3719.0171140,N,12158.5114720,W,1,0,0.0,0.0000,M,0.0000,M,0.0000,0
$GPRMC,225727.43,A,3719.0171140,N,12158.5114720,W,0.0022,213.4045,101220,,,,
$GPGGA,225728.43,3719.0171140,N,12158.5114720,W,1,0,0.0,0.0000,M,0.0000,M,0.0000,0
$GPRMC,225728.43,A,3719.0171140,N,12158.5114720,W,0.0034,213.4036,101220,,,,
$GPGGA,225729.43,3719.0171140,N,12158.5114720,W,1,0,0.0,0.0000,M,0.0000,M,0.0000,0
$GPRMC,225729.43,A,3719.0171140,N,12158.5114720,W,0.0065,213.4028,101220,,,,
$GPGGA,225730.43,3719.0171200,N,12158.5114720,W,1,0,0.0,0.0000,M,0.0000,M,0.0000,0
$GPRMC,225730.43,A,3719.0171200,N,12158.5114720,W,0.0106,213.4021,101220,,,,
$GPGGA,225731.43,3719.0171260,N,12158.5114600,W,1,0,0.0,0.0000,M,0.0000,M,0.0000,0
$GPRMC,225731.43,A,3719.0171260,N,12158.5114600,W,0.0163,213.4012,101220,,,,
$GPGGA,225732.43,3719.0171320,N,12158.5114540,W,1,0,0.0,0.0000,M,0.0000,M,0.0000,0
$GPRMC,225732.43,A,3719.0171320,N,12158.5114540,W,0.0228,213.4005,101220,,,,
$GPGGA,225733.43,3719.0171440,N,12158.5114420,W,1,0,0.0,0.0000,M,0.0000,M,0.0000,0
$GPRMC,225733.43,A,3719.0171440,N,12158.5114420,W,0.0301,213.3999,101220,,,,
$GPGGA,225734.43,3719.0171500,N,12158.5114300,W,1,0,0.0,0.0000,M,0.0000,M,0.0000,0
$GPRMC,225734.43,A,3719.0171500,N,12158.5114300,W,0.1283,213.3964,101220,,,,
$GPGGA,225735.43,3719.0169220,N,12158.5115980,W,1,0,0.0,0.0000,M,0.0000,M,0.0000,0
$GPRMC,225735.43,A,3719.0169220,N,12158.5115980,W,1.1731,213.2887,101220,,,,
$GPGGA,225736.43,3719.0159200,N,12158.5123540,W,1,0,0.0,0.0000,M,0.0000,M,0.0000,0
$GPRMC,225736.43,A,3719.0159200,N,12158.5123540,W,3.4070,212.4966,101220,,,,
$GPGGA,225737.43,3719.0137540,N,12158.5137460,W,1,0,0.0,0.0000,M,0.0000,M,0.0000,0
$GPRMC,225737.43,A,3719.0137540,N,12158.5137460,W,5.6145,207.9386,101220,,,,
$GPGGA,225738.43,3719.0104720,N,12158.5149280,W,1,0,0.0,0.0000,M,0.0000,M,0.0000,0
$GPRMC,225738.43,A,3719.0104720,N,12158.5149280,W,7.1236,194.9336,101220,,,,
$GPGGA,225739.43,3719.0066020,N,12158.5146520,W,1,0,0.0,0.0000,M,0.0000,M,0.0000,0
$GPRMC,225739.43,A,3719.0066020,N,12158.5146520,W,7.6290,172.8101,101220,,,,
$GPGGA,225740.43,3719.0031820,N,12158.5122400,W,1,0,0.0,0.0000,M,0.0000,M,0.0000,0
$GPRMC,225740.43,A,3719.0031820,N,12158.5122400,W,7.6940,145.7975,101220,,,,
$GPGGA,225741.43,3719.0007940,N,12158.5080220,W,1,0,0.0,0.0000,M,0.0000,M,0.0000,0
$GPRMC,225741.43,A,3719.0007940,N,12158.5080220,W,8.3880,122.5339,101220,,,,
$GPGGA,225742.43,3718.9990060,N,12158.5021600,W,1,0,0.0,0.0000,M,0.0000,M,0.0000,0
$GPRMC,225742.43,A,3718.9990060,N,12158.5021600,W,10.4813,110.0579,101220,,,,
$GPGGA,225743.43,3718.9972120,N,12158.4944500,W,1,0,0.0,0.0000,M,0.0000,M,0.0000,0
$GPRMC,225743.43,A,3718.9972120,N,12158.4944500,W,13.2481,105.9166,101220,,,,
$GPGGA,225744.43,3718.9952380,N,12158.4850780,W,1,0,0.0,0.0000,M,0.0000,M,0.0000,0
$GPRMC,225744.43,A,3718.9952380,N,12158.4850780,W,15.3701,104.8523,101220,,,,
$GPGGA,225745.43,3718.9931080,N,12158.4745960,W,1,0,0.0,0.0000,M,0.0000,M,0.0000,0
$GPRMC,225745.43,A,3718.9931080,N,12158.4745960,W,16.5261,104.3544,101220,,,,
$GPGGA,225746.43,3718.9909120,N,12158.4635260,W,1,0,0.0,0.0000,M,0.0000,M,0.0000,0
$GPRMC,225746.43,A,3718.9909120,N,12158.4635260,W,17.1760,104.0410,101220,,,,
$GPGGA,225747.43,3718.9886500,N,12158.4520240,W,1,0,0.0,0.0000,M,0.0000,M,0.0000,0
$GPRMC,225747.43,A,3718.9886500,N,12158.4520240,W,17.8294,104.0677,101220,,,,
$GPGGA,225748.43,3718.9862980,N,12158.4401080,W,1,0,0.0,0.0000,M,0.0000,M,0.0000,0
$GPRMC,225748.43,A,3718.9862980,N,12158.4401080,W,18.4236,104.0374,101220,,,,
$GPGGA,225749.43,3718.9838800,N,12158.4278260,W,1,0,0.0,0.0000,M,0.0000,M,0.0000,0
$GPRMC,225749.43,A,3718.9838800,N,12158.4278260,W,18.9818,103.9832,101220,,,,
$GPGGA,225750.43,3718.9814320,N,12158.4151180,W,1,0,0.0,0.0000,M,0.0000,M,0.0000,0
$GPRMC,225750.43,A,3718.9814320,N,12158.4151180,W,19.6295,103.5650,101220,,,,
$GPGGA,225751.43,3718.9790740,N,12158.4020140,W,1,0,0.0,0.0000,M,0.0000,M,0.0000,0
$GPRMC,225751.43,A,3718.9790740,N,12158.4020140,W,20.0152,102.3075,101220,,,,
$GPGGA,225752.43,3718.9769800,N,12158.3887180,W,1,0,0.0,0.0000,M,0.0000,M,0.0000,0
$GPRMC,225752.43,A,3718.9769800,N,12158.3887180,W,20.0742,100.3929,101220,,,,
$GPGGA,225753.43,3718.9753540,N,12158.3752180,W,1,0,0.0,0.0000,M,0.0000,M,0.0000,0
$GPRMC,225753.43,A,3718.9753540,N,12158.3752180,W,20.3507,97.4615,101220,,,,
$GPGGA,225754.43,3718.9742980,N,12158.3614000,W,1,0,0.0,0.0000,M,0.0000,M,0.0000,0
$GPRMC,225754.43,A,3718.9742980,N,12158.3614000,W,20.7456,94.5705,101220,,,,
$GPGGA,225755.43,3718.9735960,N,12158.3472460,W,1,0,0.0,0.0000,M,0.0000,M,0.0000,0
$GPRMC,225755.43,A,3718.9735960,N,12158.3472460,W,21.1734,93.4771,101220,,,,
$GPGGA,225756.43,3718.9729240,N,12158.3327800,W,1,0,0.0,0.0000,M,0.0000,M,0.0000,0
$GPRMC,225756.43,A,3718.9729240,N,12158.3327800,W,21.6459,93.6670,101220,,,,
$GPGGA,225757.43,3718.9721440,N,12158.3179900,W,1,0,0.0,0.0000,M,0.0000,M,0.0000,0
$GPRMC,225757.43,A,3718.9721440,N,12158.3179900,W,22.1597,94.0871,101220,,,,
$GPGGA,225758.43,3718.9712740,N,12158.3028520,W,1,0,0.0,0.0000,M,0.0000,M,0.0000,0
$GPRMC,225758.43,A,3718.9712740,N,12158.3028520,W,22.7032,94.4184,101220,,,,
$GPGGA,225759.43,3718.9703080,N,12158.2873300,W,1,0,0.0,0.0000,M,0.0000,M,0.0000,0
$GPRMC,225759.43,A,3718.9703080,N,12158.2873300,W,23.3144,94.6800,101220,,,,
$GPGGA,225800.43,3718.9693360,N,12158.2713760,W,1,0,0.0,0.0000,M,0.0000,M,0.0000,0
$GPRMC,225800.43,A,3718.9693360,N,12158.2713760,W,23.9852,94.2990,101220,,,,
$GPGGA,225801.43,3718.9684540,N,12158.2549300,W,1,0,0.0,0.0000,M,0.0000,M,0.0000,0
$GPRMC,225801.43,A,3718.9684540,N,12158.2549300,W,24.7322,93.5940,101220,,,,
$GPGGA,225802.43,3718.9677700,N,12158.2379380,W,1,0,0.0,0.0000,M,0.0000,M,0.0000,0
$GPRMC,225802.43,A,3718.9677700,N,12158.2379380,W,25.5595,92.4846,101220,,,,
$GPGGA,225803.43,3718.9674100,N,12158.2203520,W,1,0,0.0,0.0000,M,0.0000,M,0.0000,0
$GPRMC,225803.43,A,3718.9674100,N,12158.2203520,W,26.4420,90.7751,101220,,,,
$GPGGA,225804.43,3718.9674700,N,12158.2021660,W,1,0,0.0,0.0000,M,0.0000,M,0.0000,0
$GPRMC,225804.43,A,3718.9674700,N,12158.2021660,W,27.3375,89.1682,101220,,,,
$GPGGA,225805.43,3718.9678660,N,12158.1833800,W,1,0,0.0,0.0000,M,0.0000,M,0.0000,0
$GPRMC,225805.43,A,3718.9678660,N,12158.1833800,W,28.1861,88.1458,101220,,,,
$GPGGA,225806.43,3718.9684180,N,12158.1640840,W,1,0,0.0,0.0000,M,0.0000,M,0.0000,0
$GPRMC,225806.43,A,3718.9684180,N,12158.1640840,W,28.8203,87.8898,101220,,,,
$GPGGA,225807.43,3718.9689940,N,12158.1444400,W,1,0,0.0,0.0000,M,0.0000,M,0.0000,0
$GPRMC,225807.43,A,3718.9689940,N,12158.1444400,W,29.2622,87.8766,101220,,,,
$GPGGA,225808.43,3718.9695940,N,12158.1244780,W,1,0,0.0,0.0000,M,0.0000,M,0.0000,0
$GPRMC,225808.43,A,3718.9695940,N,12158.1244780,W,29.7665,87.8246,101220,,,,
$GPGGA,225809.43,3718.9702300,N,12158.1041620,W,1,0,0.0,0.0000,M,0.0000,M,0.0000,0
$GPRMC,225809.43,A,3718.9702300,N,12158.1041620,W,30.3052,87.7264,101220,,,,
$GPGGA,225810.43,3718.9709020,N,12158.0834860,W,1,0,0.0,0.0000,M,0.0000,M,0.0000,0
$GPRMC,225810.43,A,3718.9709020,N,12158.0834860,W,30.8460,87.5986,101220,,,,
$GPGGA,225811.43,3718.9716160,N,12158.0624620,W,1,0,0.0,0.0000,M,0.0000,M,0.0000,0
$GPRMC,225811.43,A,3718.9716160,N,12158.0624620,W,31.3311,87.6422,101220,,,,
$GPGGA,225812.43,3718.9722940,N,12158.0411380,W,1,0,0.0,0.0000,M,0.0000,M,0.0000,0
$GPRMC,225812.43,A,3718.9722940,N,12158.0411380,W,31.6802,87.7635,101220,,,,
$GPGGA,225813.43,3718.9729720,N,12158.0196520,W,1,0,0.0,0.0000,M,0.0000,M,0.0000,0
$GPRMC,225813.43,A,3718.9729720,N,12158.0196520,W,31.8340,87.7817,101220,,,,
$GPGGA,225814.43,3718.9736500,N,12157.9981120,W,1,0,0.0,0.0000,M,0.0000,M,0.0000,0
$GPRMC,225814.43,A,3718.9736500,N,12157.9981120,W,31.8478,87.7556,101220,,,,
$GPGGA,225815.43,3718.9743280,N,12157.9765960,W,1,0,0.0,0.0000,M,0.0000,M,0.0000,0
$GPRMC,225815.43,A,3718.9743280,N,12157.9765960,W,31.7580,87.7596,101220,,,,
$GPGGA,225816.43,3718.9749880,N,12157.9551460,W,1,0,0.0,0.0000,M,0.0000,M,0.0000,0
$GPRMC,225816.43,A,3718.9749880,N,12157.9551460,W,31.6819,87.8311,101220,,,,
$GPGGA,225817.43,3718.9756360,N,12157.9337320,W,1,0,0.0,0.0000,M,0.0000,M,0.0000,0
$GPRMC,225817.43,A,3718.9756360,N,12157.9337320,W,31.6095,87.9114,101220,,,,
$GPGGA,225818.43,3718.9762600,N,12157.9124260,W,1,0,0.0,0.0000,M,0.0000,M,0.0000,0
$GPRMC,225818.43,A,3718.9762600,N,12157.9124260,W,31.3657,87.9615,101220,,,,
$GPGGA,225819.43,3718.9768600,N,12157.8913360,W,1,0,0.0,0.0000,M,0.0000,M,0.0000,0
$GPRMC,225819.43,A,3718.9768600,N,12157.8913360,W,30.9741,87.9870,101220,,,,
$GPGGA,225820.43,3718.9774360,N,12157.8705160,W,1,0,0.0,0.0000,M,0.0000,M,0.0000,0
$GPRMC,225820.43,A,3718.9774360,N,12157.8705160,W,30.5821,88.2555,101220,,,,
$GPGGA,225821.43,3718.9778740,N,12157.8499480,W,1,0,0.0,0.0000,M,0.0000,M,0.0000,0
$GPRMC,225821.43,A,3718.9778740,N,12157.8499480,W,30.2555,89.0073,101220,,,,
$GPGGA,225822.43,3718.9780720,N,12157.8295000,W,1,0,0.0,0.0000,M,0.0000,M,0.0000,0
$GPRMC,225822.43,A,3718.9780720,N,12157.8295000,W,30.1813,89.7905,101220,,,,
$GPGGA,225823.43,3718.9780480,N,12157.8090100,W,1,0,0.0,0.0000,M,0.0000,M,0.0000,0
$GPRMC,225823.43,A,3718.9780480,N,12157.8090100,W,30.3919,90.4758,101220,,,,
$GPGGA,225824.43,3718.9778620,N,12157.7883160,W,1,0,0.0,0.0000,M,0.0000,M,0.0000,0
$GPRMC,225824.43,A,3718.9778620,N,12157.7883160,W,30.7406,90.9057,101220,,,,
$GPGGA,225825.43,3718.9775800,N,12157.7674060,W,1,0,0.0,0.0000,M,0.0000,M,0.0000,0
$GPRMC,225825.43,A,3718.9775800,N,12157.7674060,W,31.0266,91.0943,101220,,,,
$GPGGA,225826.43,3718.9772320,N,12157.7463880,W,1,0,0.0,0.0000,M,0.0000,M,0.0000,0
$GPRMC,225826.43,A,3718.9772320,N,12157.7463880,W,31.0841,91.1681,101220,,,,
$GPGGA,225827.43,3718.9769260,N,12157.7253580,W,1,0,0.0,0.0000,M,0.0000,M,0.0000,0
$GPRMC,225827.43,A,3718.9769260,N,12157.7253580,W,31.0660,91.0139,101220,,,,
$GPGGA,225828.43,3718.9766800,N,12157.7042980,W,1,0,0.0,0.0000,M,0.0000,M,0.0000,0
$GPRMC,225828.43,A,3718.9766800,N,12157.7042980,W,31.1818,90.8651,101220,,,,
$GPGGA,225829.43,3718.9764460,N,12157.6831420,W,1,0,0.0,0.0000,M,0.0000,M,0.0000,0
$GPRMC,225829.43,A,3718.9764460,N,12157.6831420,W,31.3260,90.7965,101220,,,,
$GPGGA,225830.43,3718.9762120,N,12157.6619320,W,1,0,0.0,0.0000,M,0.0000,M,0.0000,0
$GPRMC,225830.43,A,3718.9762120,N,12157.6619320,W,31.3466,90.8375,101220,,,,
$GPGGA,225831.43,3718.9759600,N,12157.6407520,W,1,0,0.0,0.0000,M,0.0000,M,0.0000,0
$GPRMC,225831.43,A,3718.9759600,N,12157.6407520,W,31.2457,90.9046,101220,,,,
$GPGGA,225832.43,3718.9756780,N,12157.6196560,W,1,0,0.0,0.0000,M,0.0000,M,0.0000,0
$GPRMC,225832.43,A,3718.9756780,N,12157.6196560,W,31.0772,91.0689,101220,,,,
$GPGGA,225833.43,3718.9753660,N,12157.5987280,W,1,0,0.0,0.0000,M,0.0000,M,0.0000,0
$GPRMC,225833.43,A,3718.9753660,N,12157.5987280,W,30.7544,91.1324,101220,,,,
$GPGGA,225834.43,3718.9750660,N,12157.5780340,W,1,0,0.0,0.0000,M,0.0000,M,0.0000,0
$GPRMC,225834.43,A,3718.9750660,N,12157.5780340,W,30.4043,91.0507,101220,,,,
$GPGGA,225835.43,3718.9747900,N,12157.5575320,W,1,0,0.0,0.0000,M,0.0000,M,0.0000,0
$GPRMC,225835.43,A,3718.9747900,N,12157.5575320,W,30.2165,90.9791,101220,,,,
$GPGGA,225836.43,3718.9745800,N,12157.5370720,W,1,0,0.0,0.0000,M,0.0000,M,0.0000,0
$GPRMC,225836.43,A,3718.9745800,N,12157.5370720,W,30.2948,90.5987,101220,,,,
$GPGGA,225837.43,3718.9745380,N,12157.5165040,W,1,0,0.0,0.0000,M,0.0000,M,0.0000,0
$GPRMC,225837.43,A,3718.9745380,N,12157.5165040,W,30.5057,89.7876,101220,,,,
$GPGGA,225838.43,3718.9747360,N,12157.4957800,W,1,0,0.0,0.0000,M,0.0000,M,0.0000,0
$GPRMC,225838.43,A,3718.9747360,N,12157.4957800,W,30.7493,89.0318,101220,,,,
$GPGGA,225839.43,3718.9751080,N,12157.4749540,W,1,0,0.0,0.0000,M,0.0000,M,0.0000,0
$GPRMC,225839.43,A,3718.9751080,N,12157.4749540,W,30.7650,88.5003,101220,,,,
$GPGGA,225840.43,3718.9756480,N,12157.4542420,W,1,0,0.0,0.0000,M,0.0000,M,0.0000,0
$GPRMC,225840.43,A,3718.9756480,N,12157.4542420,W,30.4445,87.8661,101220,,,,
$GPGGA,225841.43,3718.9763800,N,12157.4337820,W,1,0,0.0,0.0000,M,0.0000,M,0.0000,0
$GPRMC,225841.43,A,3718.9763800,N,12157.4337820,W,30.0656,87.0553,101220,,,,
$GPGGA,225842.43,3718.9773340,N,12157.4135980,W,1,0,0.0,0.0000,M,0.0000,M,0.0000,0
$GPRMC,225842.43,A,3718.9773340,N,12157.4135980,W,29.6969,86.3985,101220,,,,
$GPGGA,225843.43,3718.9784380,N,12157.3936720,W,1,0,0.0,0.0000,M,0.0000,M,0.0000,0
$GPRMC,225843.43,A,3718.9784380,N,12157.3936720,W,29.3319,85.7555,101220,,,,
$GPGGA,225844.43,3718.9797100,N,12157.3739980,W,1,0,0.0,0.0000,M,0.0000,M,0.0000,0
$GPRMC,225844.43,A,3718.9797100,N,12157.3739980,W,28.9990,85.0922,101220,,,,
$GPGGA,225845.43,3718.9811140,N,12157.3545520,W,1,0,0.0,0.0000,M,0.0000,M,0.0000,0
$GPRMC,225845.43,A,3718.9811140,N,12157.3545520,W,28.7010,84.8074,101220,,,,
$GPGGA,225846.43,3718.9825180,N,12157.3353100,W,1,0,0.0,0.0000,M,0.0000,M,0.0000,0
$GPRMC,225846.43,A,3718.9825180,N,12157.3353100,W,28.3961,84.8286,101220,,,,
$GPGGA,225847.43,3718.9838500,N,12157.3162720,W,1,0,0.0,0.0000,M,0.0000,M,0.0000,0
$GPRMC,225847.43,A,3718.9838500,N,12157.3162720,W,28.0623,85.2148,101220,,,,
$GPGGA,225848.43,3718.9849780,N,12157.2974440,W,1,0,0.0,0.0000,M,0.0000,M,0.0000,0
$GPRMC,225848.43,A,3718.9849780,N,12157.2974440,W,27.6932,86.3052,101220,,,,
$GPGGA,225849.43,3718.9857520,N,12157.2788440,W,1,0,0.0,0.0000,M,0.0000,M,0.0000,0
$GPRMC,225849.43,A,3718.9857520,N,12157.2788440,W,27.3251,87.7422,101220,,,,
$GPGGA,225850.43,3718.9861960,N,12157.2604780,W,1,0,0.0,0.0000,M,0.0000,M,0.0000,0
$GPRMC,225850.43,A,3718.9861960,N,12157.2604780,W,26.9788,88.6711,101220,,,,
$GPGGA,225851.43,3718.9864840,N,12157.2423280,W,1,0,0.0,0.0000,M,0.0000,M,0.0000,0
$GPRMC,225851.43,A,3718.9864840,N,12157.2423280,W,26.6589,88.7397,101220,,,,
$GPGGA,225852.43,3718.9868140,N,12157.2244720,W,1,0,0.0,0.0000,M,0.0000,M,0.0000,0
$GPRMC,225852.43,A,3718.9868140,N,12157.2244720,W,25.9902,88.5078,101220,,,,
$GPGGA,225853.43,3718.9871920,N,12157.2073600,W,1,0,0.0,0.0000,M,0.0000,M,0.0000,0
$GPRMC,225853.43,A,3718.9871920,N,12157.2073600,W,24.4091,88.3939,101220,,,,
$GPGGA,225854.43,3718.9875160,N,12157.1915860,W,1,0,0.0,0.0000,M,0.0000,M,0.0000,0
$GPRMC,225854.43,A,3718.9875160,N,12157.1915860,W,22.1814,88.5858,101220,,,,
$GPGGA,225855.43,3718.9877860,N,12157.1773120,W,1,0,0.0,0.0000,M,0.0000,M,0.0000,0
$GPRMC,225855.43,A,3718.9877860,N,12157.1773120,W,20.0375,88.6605,101220,,,,
$GPGGA,225856.43,3718.9880140,N,12157.1643160,W,1,0,0.0,0.0000,M,0.0000,M,0.0000,0
$GPRMC,225856.43,A,3718.9880140,N,12157.1643160,W,18.4936,88.6501,101220,,,,
$GPGGA,225857.43,3718.9882180,N,12157.1521120,W,1,0,0.0,0.0000,M,0.0000,M,0.0000,0
$GPRMC,225857.43,A,3718.9882180,N,12157.1521120,W,17.7347,88.7801,101220,,,,
$GPGGA,225858.43,3718.9884040,N,12157.1402380,W,1,0,0.0,0.0000,M,0.0000,M,0.0000,0
$GPRMC,225858.43,A,3718.9884040,N,12157.1402380,W,17.3762,88.7937,101220,,,,
$GPGGA,225859.43,3718.9886200,N,12157.1286280,W,1,0,0.0,0.0000,M,0.0000,M,0.0000,0
$GPRMC,225859.43,A,3718.9886200,N,12157.1286280,W,16.8874,88.3849,101220,,,,
$GPGGA,225900.43,3718.9888660,N,12157.1175640,W,1,0,0.0,0.0000,M,0.0000,M,0.0000,0
$GPRMC,225900.43,A,3718.9888660,N,12157.1175640,W,15.6222,88.3270,101220,,,,
$GPGGA,225901.43,3718.9889980,N,12157.1076820,W,1,0,0.0,0.0000,M,0.0000,M,0.0000,0
$GPRMC,225901.43,A,3718.9889980,N,12157.1076820,W,13.4283,89.8250,101220,,,,
$GPGGA,225902.43,3718.9885540,N,12157.0994380,W,1,0,0.0,0.0000,M,0.0000,M,0.0000,0
$GPRMC,225902.43,A,3718.9885540,N,12157.0994380,W,11.0475,97.9351,101220,,,,
$GPGGA,225903.43,3718.9868080,N,12157.0930120,W,1,0,0.0,0.0000,M,0.0000,M,0.0000,0
$GPRMC,225903.43,A,3718.9868080,N,12157.0930120,W,9.3585,116.3495,101220,,,,
$GPGGA,225904.43,3718.9835080,N,12157.0886680,W,1,0,0.0,0.0000,M,0.0000,M,0.0000,0
$GPRMC,225904.43,A,3718.9835080,N,12157.0886680,W,8.7882,140.8362,101220,,,,
$GPGGA,225905.43,3718.9792360,N,12157.0863520,W,1,0,0.0,0.0000,M,0.0000,M,0.0000,0
$GPRMC,225905.43,A,3718.9792360,N,12157.0863520,W,8.5653,160.8253,101220,,,,
$GPGGA,225906.43,3718.9749220,N,12157.0846780,W,1,0,0.0,0.0000,M,0.0000,M,0.0000,0
$GPRMC,225906.43,A,3718.9749220,N,12157.0846780,W,8.1625,160.9780,101220,,,,
$GPGGA,225907.43,3718.9714600,N,12157.0819360,W,1,0,0.0,0.0000,M,0.0000,M,0.0000,0
$GPRMC,225907.43,A,3718.9714600,N,12157.0819360,W,7.5452,142.1878,101220,,,,
$GPGGA,225908.43,3718.9692760,N,12157.0780120,W,1,0,0.0,0.0000,M,0.0000,M,0.0000,0
$GPRMC,225908.43,A,3718.9692760,N,12157.0780120,W,7.1365,120.4053,101220,,,,
$GPGGA,225909.43,3718.9683100,N,12157.0735000,W,1,0,0.0,0.0000,M,0.0000,M,0.0000,0
$GPRMC,225909.43,A,3718.9683100,N,12157.0735000,W,7.1343,102.2423,101220,,,,
$GPGGA,225910.43,3718.9681360,N,12157.0685680,W,1,0,0.0,0.0000,M,0.0000,M,0.0000,0
$GPRMC,225910.43,A,3718.9681360,N,12157.0685680,W,7.7355,91.7074,101220,,,,
$GPGGA,225911.43,3718.9680880,N,12157.0630900,W,1,0,0.0,0.0000,M,0.0000,M,0.0000,0
$GPRMC,225911.43,A,3718.9680880,N,12157.0630900,W,8.3910,91.0377,101220,,,,
$GPGGA,225912.43,3718.9680040,N,12157.0573540,W,1,0,0.0,0.0000,M,0.0000,M,0.0000,0
$GPRMC,225912.43,A,3718.9680040,N,12157.0573540,W,8.4613,91.4598,101220,,,,
$GPGGA,225913.43,3718.9678960,N,12157.0516960,W,1,0,0.0,0.0000,M,0.0000,M,0.0000,0
$GPRMC,225913.43,A,3718.9678960,N,12157.0516960,W,8.2066,91.8416,101220,,,,
$GPGGA,225914.43,3718.9677340,N,12157.0463560,W,1,0,0.0,0.0000,M,0.0000,M,0.0000,0
$GPRMC,225914.43,A,3718.9677340,N,12157.0463560,W,7.4413,92.5609,101220,,,,
$GPGGA,225915.43,3718.9675960,N,12157.0417960,W,1,0,0.0,0.0000,M,0.0000,M,0.0000,0
$GPRMC,225915.43,A,3718.9675960,N,12157.0417960,W,5.9884,92.2918,101220,,,,
$GPGGA,225916.43,3718.9675060,N,12157.0383040,W,1,0,0.0,0.0000,M,0.0000,M,0.0000,0
$GPRMC,225916.43,A,3718.9675060,N,12157.0383040,W,4.3558,91.9370,101220,,,,
$GPGGA,225917.43,3718.9674340,N,12157.0358800,W,1,0,0.0,0.0000,M,0.0000,M,0.0000,0
$GPRMC,225917.43,A,3718.9674340,N,12157.0358800,W,2.8587,92.4933,101220,,,,
$GPGGA,225918.43,3718.9673800,N,12157.0344280,W,1,0,0.0,0.0000,M,0.0000,M,0.0000,0
$GPRMC,225918.43,A,3718.9673800,N,12157.0344280,W,1.4855,92.6882,101220,,,,
$GPGGA,225919.43,3718.9673680,N,12157.0338340,W,1,0,0.0,0.0000,M,0.0000,M,0.0000,0
$GPRMC,225919.43,A,3718.9673680,N,12157.0338340,W,0.4251,92.7274,101220,,,,
$GPGGA,225920.43,3718.9673620,N,12157.0337320,W,1,0,0.0,0.0000,M,0.0000,M,0.0000,0
$GPRMC,225920.43,A,3718.9673620,N,12157.0337320,W,0.0117,92.7249,101220,,,,
$GPGGA,225921.43,3718.9673620,N,12157.0337260,W,1,0,0.0,0.0000,M,0.0000,M,0.0000,0
$GPRMC,225921.43,A,3718.9673620,N,12157.0337260,W,0.0046,92.7241,101220,,,,
$GPGGA,225922.43,3718.9673680,N,12157.0337260,W,1,0,0.0,0.0000,M,0.0000,M,0.0000,0
$GPRMC,225922.43,A,3718.9673680,N,12157.0337260,W,0.0038,92.7236,101220,,,,
$GPGGA,225923.43,3718.9673680,N,12157.0337260,W,1,0,0.0,0.0000,M,0.0000,M,0.0000,0
$GPRMC,225923.43,A,3718.9673680,N,12157.0337260,W,0.0030,92.7233,101220,,,,
$GPGGA,225924.43,3718.9673680,N,12157.0337260,W,1,0,0.0,0.0000,M,0.0000,M,0.0000,0
$GPRMC,225924.43,A,3718.9673680,N,12157.0337260,W,0.0017,92.7226,101220,,,,
$GPGGA,225925.43,3718.9673680,N,12157.0337260,W,1,0,0.0,0.0000,M,0.0000,M,0.0000,0
$GPRMC,225925.43,A,3718.9673680,N,12157.0337260,W,0.0010,92.7219,101220,,,,
$GPGGA,225926.43,3718.9673680,N,12157.0337260,W,1,0,0.0,0.0000,M,0.0000,M,0.0000,0
$GPRMC,225926.43,A,3718.9673680,N,12157.0337260,W,0.0010,92.7212,101220,,,,
$GPGGA,225927.43,3718.9673680,N,12157.0337260,W,1,0,0.0,0.0000,M,0.0000,M,0.0000,0
$GPRMC,225927.43,A,3718.9673680,N,12157.0337260,W,0.0006,92.7203,101220,,,,
$GPGGA,225928.43,3718.9673680,N,12157.0337260,W,1,0,0.0,0.0000,M,0.0000,M,0.0000,0
$GPRMC,225928.43,A,3718.9673680,N,12157.0337260,W,0.0000,92.7194,101220,,,,
$GPGGA,225929.43,3718.9673680,N,12157.0337260,W,1,0,0.0,0.0000,M,0.0000,M,0.0000,0
$GPRMC,225929.43,A,3718.9673680,N,12157.0337260,W,0.0000,92.7185,101220,,,,
$GPGGA,225930.43,3718.9673680,N,12157.0337260,W,1,0,0.0,0.0000,M,0.0000,M,0.0000,0
$GPRMC,225930.43,A,3718.9673680,N,12157.0337260,W,0.0000,92.7178,101220,,,,
$GPGGA,225931.43,3718.9673680,N,12157.0337260,W,1,0,0.0,0.0000,M,0.0000,M,0.0000,0
$GPRMC,225931.43,A,3718.9673680,N,12157.0337260,W,0.0006,92.7170,101220,,,,
$GPGGA,225932.43,3718.9673680,N,12157.0337260,W,1,0,0.0,0.0000,M,0.0000,M,0.0000,0
$GPRMC,225932.43,A,3718.9673680,N,12157.0337260,W,0.0012,92.7162,101220,,,,
$GPGGA,225933.43,3718.9673680,N,12157.0337260,W,1,0,0.0,0.0000,M,0.0000,M,0.0000,0
$GPRMC,225933.43,A,3718.9673680,N,12157.0337260,W,0.0012,92.7155,101220,,,,
$GPGGA,225934.43,3718.9673680,N,12157.0337260,W,1,0,0.0,0.0000,M,0.0000,M,0.0000,0
$GPRMC,225934.43,A,3718.9673680,N,12157.0337260,W,0.0012,92.7145,101220,,,,
$GPGGA,225935.43,3718.9673680,N,12157.0337260,W,1,0,0.0,0.0000,M,0.0000,M,0.0000,0
$GPRMC,225935.43,A,3718.9673680,N,12157.0337260,W,0.0006,92.7140,101220,,,,
$GPGGA,225936.43,3718.9673680,N,12157.0337260,W,1,0,0.0,0.0000,M,0.0000,M,0.0000,0
$GPRMC,225936.43,A,3718.9673680,N,12157.0337260,W,0.0004,92.7134,101220,,,,
$GPGGA,225937.43,3718.9673680,N,12157.0337260,W,1,0,0.0,0.0000,M,0.0000,M,0.0000,0
$GPRMC,225937.43,A,3718.9673680,N,12157.0337260,W,0.0006,92.7126,101220,,,,
$GPGGA,225938.43,3718.9673680,N,12157.0337260,W,1,0,0.0,0.0000,M,0.0000,M,0.0000,0
$GPRMC,225938.43,A,3718.9673680,N,12157.0337260,W,0.0006,92.7117,101220,,,,
$GPGGA,225939.43,3718.9673680,N,12157.0337260,W,1,0,0.0,0.0000,M,0.0000,M,0.0000,0
$GPRMC,225939.43,A,3718.9673680,N,12157.0337260,W,0.0012,92.7108,101220,,,,
$GPGGA,225940.43,3718.9673680,N,12157.0337260,W,1,0,0.0,0.0000,M,0.0000,M,0.0000,0
$GPRMC,225940.43,A,3718.9673680,N,12157.0337260,W,0.0006,92.7101,101220,,,,
$GPGGA,225941.43,3718.9673680,N,12157.0337260,W,1,0,0.0,0.0000,M,0.0000,M,0.0000,0
$GPRMC,225941.43,A,3718.9673680,N,12157.0337260,W,0.0004,92.7093,101220,,,,
$GPGGA,225942.43,3718.9673680,N,12157.0337260,W,1,0,0.0,0.0000,M,0.0000,M,0.0000,0
$GPRMC,225942.43,A,3718.9673680,N,12157.0337260,W,0.0012,92.7084,101220,,,,
$GPGGA,225943.43,3718.9673680,N,12157.0337260,W,1,0,0.0,0.0000,M,0.0000,M,0.0000,0
$GPRMC,225943.43,A,3718.9673680,N,12157.0337260,W,0.0012,92.7073,101220,,,,
$GPGGA,225944.43,3718.9673680,N,12157.0337260,W,1,0,0.0,0.0000,M,0.0000,M,0.0000,0
$GPRMC,225944.43,A,3718.9673680,N,12157.0337260,W,0.0006,92.7062,101220,,,,
$GPGGA,225945.43,3718.9673680,N,12157.0337260,W,1,0,0.0,0.0000,M,0.0000,M,0.0000,0
$GPRMC,225945.43,A,3718.9673680,N,12157.0337260,W,0.0004,92.7056,101220,,,,
$GPGGA,225946.43,3718.9673680,N,12157.0337260,W,1,0,0.0,0.0000,M,0.0000,M,0.0000,0
$GPRMC,225946.43,A,3718.9673680,N,12157.0337260,W,0.0012,92.7050,101220,,,,
$GPGGA,225947.43,3718.9673680,N,12157.0337260,W,1,0,0.0,0.0000,M,0.0000,M,0.0000,0
$GPRMC,225947.43,A,3718.9673680,N,12157.0337260,W,0.0012,92.7044,101220,,,,
$GPGGA,225948.43,3718.9673680,N,12157.0337260,W,1,0,0.0,0.0000,M,0.0000,M,0.0000,0
$GPRMC,225948.43,A,3718.9673680,N,12157.0337260,W,0.0012,92.7037,101220,,,,
$GPGGA,225949.43,3718.9673680,N,12157.0337260,W,1,0,0.0,0.0000,M,0.0000,M,0.0000,0
$GPRMC,225949.43,A,3718.9673680,N,12157.0337260,W,0.0014,92.7028,101220,,,,
$GPGGA,225950.43,3718.9673680,N,12157.0337260,W,1,0,0.0,0.0000,M,0.0000,M,0.0000,0
$GPRMC,225950.43,A,3718.9673680,N,12157.0337260,W,0.0008,92.7020,101220,,,,
$GPGGA,225951.43,3718.9673680,N,12157.0337260,W,1,0,0.0,0.0000,M,0.0000,M,0.0000,0
$GPRMC,225951.43,A,3718.9673680,N,12157.0337260,W,0.0004,92.7012,101220,,,,
$GPGGA,225952.43,3718.9673680,N,12157.0337260,W,1,0,0.0,0.0000,M,0.0000,M,0.0000,0
$GPRMC,225952.43,A,3718.9673680,N,12157.0337260,W,0.0012,92.7004,101220,,,,
$GPGGA,225953.43,3718.9673680,N,12157.0337260,W,1,0,0.0,0.0000,M,0.0000,M,0.0000,0
$GPRMC,225953.43,A,3718.9673680,N,12157.0337260,W,0.0012,92.6998,101220,,,,
$GPGGA,225954.43,3718.9673680,N,12157.0337260,W,1,0,0.0,0.0000,M,0.0000,M,0.0000,0
$GPRMC,225954.43,A,3718.9673680,N,12157.0337260,W,0.0010,92.6991,101220,,,,
$GPGGA,225955.43,3718.9673680,N,12157.0337260,W,1,0,0.0,0.0000,M,0.0000,M,0.0000,0
$GPRMC,225955.43,A,3718.9673680,N,12157.0337260,W,0.0010,92.6982,101220,,,,
$GPGGA,225956.43,3718.9673680,N,12157.0337260,W,1,0,0.0,0.0000,M,0.0000,M,0.0000,0
$GPRMC,225956.43,A,3718.9673680,N,12157.0337260,W,0.0006,92.6971,101220,,,,
$GPGGA,225957.43,3718.9673680,N,12157.0337260,W,1,0,0.0,0.0000,M,0.0000,M,0.0000,0
$GPRMC,225957.43,A,3718.9673680,N,12157.0337260,W,0.0004,92.6964,101220,,,,
$GPGGA,225958.43,3718.9673680,N,12157.0337260,W,1,0,0.0,0.0000,M,0.0000,M,0.0000,0
$GPRMC,225958.43,A,3718.9673680,N,12157.0337260,W,0.0010,92.6958,101220,,,,
$GPGGA,225959.43,3718.9673680,N,12157.0337260,W,1,0,0.0,0.0000,M,0.0000,M,0.0000,0
$GPRMC,225959.43,A,3718.9673680,N,12157.0337260,W,0.0012,92.6951,101220,,,,
$GPGGA,230000.43,3718.9673680,N,12157.0337260,W,1,0,0.0,0.0000,M,0.0000,M,0.0000,0
$GPRMC,230000.43,A,3718.9673680,N,12157.0337260,W,0.0014,92.6939,101220,,,,
$GPGGA,230001.43,3718.9673680,N,12157.0337260,W,1,0,0.0,0.0000,M,0.0000,M,0.0000,0
$GPRMC,230001.43,A,3718.9673680,N,12157.0337260,W,0.0012,92.6929,101220,,,,
$GPGGA,230002.43,3718.9673680,N,12157.0337260,W,1,0,0.0,0.0000,M,0.0000,M,0.0000,0
$GPRMC,230002.43,A,3718.9673680,N,12157.0337260,W,0.0010,92.6921,101220,,,,
$GPGGA,230003.43,3718.9673680,N,12157.0337260,W,1,0,0.0,0.0000,M,0.0000,M,0.0000,0
$GPRMC,230003.43,A,3718.9673680,N,12157.0337260,W,0.0006,92.6913,101220,,,,
$GPGGA,230004.43,3718.9673680,N,12157.0337260,W,1,0,0.0,0.0000,M,0.0000,M,0.0000,0
$GPRMC,230004.43,A,3718.9673680,N,12157.0337260,W,0.0004,92.6907,101220,,,,
$GPGGA,230005.43,3718.9673680,N,12157.0337260,W,1,0,0.0,0.0000,M,0.0000,M,0.0000,0
$GPRMC,230005.43,A,3718.9673680,N,12157.0337260,W,0.0012,92.6899,101220,,,,
$GPGGA,230006.43,3718.9673680,N,12157.0337260,W,1,0,0.0,0.0000,M,0.0000,M,0.0000,0
$GPRMC,230006.43,A,3718.9673680,N,12157.0337260,W,0.0014,92.6891,101220,,,,
$GPGGA,230007.43,3718.9673680,N,12157.0337260,W,1,0,0.0,0.0000,M,0.0000,M,0.0000,0
$GPRMC,230007.43,A,3718.9673680,N,12157.0337260,W,0.0014,92.6882,101220,,,,
$GPGGA,230008.43,3718.9673680,N,12157.0337260,W,1,0,0.0,0.0000,M,0.0000,M,0.0000,0
$GPRMC,230008.43,A,3718.9673680,N,12157.0337260,W,0.0012,92.6874,101220,,,,
$GPGGA,230009.43,3718.9673680,N,12157.0337260,W,1,0,0.0,0.0000,M,0.0000,M,0.0000,0
$GPRMC,230009.43,A,3718.9673680,N,12157.0337260,W,0.0010,92.6868,101220,,,,
$GPGGA,230010.43,3718.9673680,N,12157.0337260,W,1,0,0.0,0.0000,M,0.0000,M,0.0000,0
$GPRMC,230010.43,A,3718.9673680,N,12157.0337260,W,0.0010,92.6862,101220,,,,
$GPGGA,230011.43,3718.9673680,N,12157.0337260,W,1,0,0.0,0.0000,M,0.0000,M,0.0000,0
$GPRMC,230011.43,A,3718.9673680,N,12157.0337260,W,0.0010,92.6856,101220,,,,
$GPGGA,230012.43,3718.9673680,N,12157.0337260,W,1,0,0.0,0.0000,M,0.0000,M,0.0000,0
$GPRMC,230012.43,A,3718.9673680,N,12157.0337260,W,0.0012,92.6848,101220,,,,
$GPGGA,230013.43,3718.9673680,N,12157.0337260,W,1,0,0.0,0.0000,M,0.0000,M,0.0000,0
$GPRMC,230013.43,A,3718.9673680,N,12157.0337260,W,0.0018,92.6839,101220,,,,
$GPGGA,230014.43,3718.9673680,N,12157.0337260,W,1,0,0.0,0.0000,M,0.0000,M,0.0000,0
$GPRMC,230014.43,A,3718.9673680,N,12157.0337260,W,0.0022,92.6831,101220,,,,
$GPGGA,230015.43,3718.9673680,N,12157.0337260,W,1,0,0.0,0.0000,M,0.0000,M,0.0000,0
$GPRMC,230015.43,A,3718.9673680,N,12157.0337260,W,0.0025,92.6822,101220,,,,
$GPGGA,230016.43,3718.9673680,N,12157.0337260,W,1,0,0.0,0.0000,M,0.0000,M,0.0000,0
$GPRMC,230016.43,A,3718.9673680,N,12157.0337260,W,0.0028,92.6814,101220,,,,
$GPGGA,230017.43,3718.9673680,N,12157.0337260,W,1,0,0.0,0.0000,M,0.0000,M,0.0000,0
$GPRMC,230017.43,A,3718.9673680,N,12157.0337260,W,0.0032,92.6806,101220,,,,
$GPGGA,230018.43,3718.9673680,N,12157.0337260,W,1,0,0.0,0.0000,M,0.0000,M,0.0000,0
$GPRMC,230018.43,A,3718.9673680,N,12157.0337260,W,0.0040,92.6801,101220,,,,
$GPGGA,230019.43,3718.9673680,N,12157.0337260,W,1,0,0.0,0.0000,M,0.0000,M,0.0000,0
$GPRMC,230019.43,A,3718.9673680,N,12157.0337260,W,0.0045,92.6794,101220,,,,
$GPGGA,230020.43,3718.9673680,N,12157.0337260,W,1,0,0.0,0.0000,M,0.0000,M,0.0000,0
$GPRMC,230020.43,A,3718.9673680,N,12157.0337260,W,0.0045,92.6785,101220,,,,
$GPGGA,230021.43,3718.9673680,N,12157.0337260,W,1,0,0.0,0.0000,M,0.0000,M,0.0000,0
$GPRMC,230021.43,A,3718.9673680,N,12157.0337260,W,0.0045,92.6777,101220,,,,
$GPGGA,230022.43,3718.9673680,N,12157.0337260,W,1,0,0.0,0.0000,M,0.0000,M,0.0000,0
$GPRMC,230022.43,A,3718.9673680,N,12157.0337260,W,0.0043,92.6771,101220,,,,
$GPGGA,230023.43,3718.9673680,N,12157.0337260,W,1,0,0.0,0.0000,M,0.0000,M,0.0000,0
$GPRMC,230023.43,A,3718.9673680,N,12157.0337260,W,0.0037,92.6764,101220,,,,
$GPGGA,230024.43,3718.9673680,N,12157.0337260,W,1,0,0.0,0.0000,M,0.0000,M,0.0000,0
$GPRMC,230024.43,A,3718.9673680,N,12157.0337260,W,0.0022,92.6755,101220,,,,
$GPGGA,230025.43,3718.9673680,N,12157.0337200,W,1,0,0.0,0.0000,M,0.0000,M,0.0000,0
$GPRMC,230025.43,A,3718.9673680,N,12157.0337200,W,0.0014,92.6747,101220,,,,
$GPGGA,230026.43,3718.9673620,N,12157.0337200,W,1,0,0.0,0.0000,M,0.0000,M,0.0000,0
$GPRMC,230026.43,A,3718.9673620,N,12157.0337200,W,0.0030,92.6738,101220,,,,
$GPGGA,230027.43,3718.9673620,N,12157.0337200,W,1,0,0.0,0.0000,M,0.0000,M,0.0000,0
$GPRMC,230027.43,A,3718.9673620,N,12157.0337200,W,0.0067,92.6732,101220,,,,
$GPGGA,230028.43,3718.9673680,N,12157.0336840,W,1,0,0.0,0.0000,M,0.0000,M,0.0000,0
$GPRMC,230028.43,A,3718.9673680,N,12157.0336840,W,0.2022,92.6696,101220,,,,
$GPGGA,230029.43,3718.9673620,N,12157.0333960,W,1,0,0.0,0.0000,M,0.0000,M,0.0000,0
$GPRMC,230029.43,A,3718.9673620,N,12157.0333960,W,0.7460,92.6529,101220,,,,
$GPGGA,230030.43,3718.9673380,N,12157.0326820,W,1,0,0.0,0.0000,M,0.0000,M,0.0000,0
$GPRMC,230030.43,A,3718.9673380,N,12157.0326820,W,1.3262,92.6188,101220,,,,
$GPGGA,230031.43,3718.9673080,N,12157.0316140,W,1,0,0.0,0.0000,M,0.0000,M,0.0000,0
$GPRMC,230031.43,A,3718.9673080,N,12157.0316140,W,1.8827,92.6147,101220,,,,
$GPGGA,230032.43,3718.9672480,N,12157.0300300,W,1,0,0.0,0.0000,M,0.0000,M,0.0000,0
$GPRMC,230032.43,A,3718.9672480,N,12157.0300300,W,2.9586,93.0226,101220,,,,
$GPGGA,230033.43,3718.9671400,N,12157.0274800,W,1,0,0.0,0.0000,M,0.0000,M,0.0000,0
$GPRMC,230033.43,A,3718.9671400,N,12157.0274800,W,4.7009,93.3006,101220,,,,
$GPGGA,230034.43,3718.9670920,N,12157.0236220,W,1,0,0.0,0.0000,M,0.0000,M,0.0000,0
$GPRMC,230034.43,A,3718.9670920,N,12157.0236220,W,6.6027,90.8431,101220,,,,
$GPGGA,230035.43,3718.9674220,N,12157.0187560,W,1,0,0.0,0.0000,M,0.0000,M,0.0000,0
$GPRMC,230035.43,A,3718.9674220,N,12157.0187560,W,7.6871,83.6772,101220,,,,
$GPGGA,230036.43,3718.9685560,N,12157.0139440,W,1,0,0.0,0.0000,M,0.0000,M,0.0000,0
$GPRMC,230036.43,A,3718.9685560,N,12157.0139440,W,7.2929,70.6101,101220,,,,
$GPGGA,230037.43,3718.9705600,N,12157.0101700,W,1,0,0.0,0.0000,M,0.0000,M,0.0000,0
$GPRMC,230037.43,A,3718.9705600,N,12157.0101700,W,6.4237,53.2203,101220,,,,
$GPGGA,230038.43,3718.9731700,N,12157.0078360,W,1,0,0.0,0.0000,M,0.0000,M,0.0000,0
$GPRMC,230038.43,A,3718.9731700,N,12157.0078360,W,5.8781,32.5910,101220,,,,
$GPGGA,230039.43,3718.9761340,N,12157.0070140,W,1,0,0.0,0.0000,M,0.0000,M,0.0000,0
$GPRMC,230039.43,A,3718.9761340,N,12157.0070140,W,5.9589,11.3050,101220,,,,
$GPGGA,230040.43,3718.9795300,N,12157.0070380,W,1,0,0.0,0.0000,M,0.0000,M,0.0000,0
$GPRMC,230040.43,A,3718.9795300,N,12157.0070380,W,6.8818,0.7239,101220,,,,
$GPGGA,230041.43,3718.9835560,N,12157.0071100,W,1,0,0.0,0.0000,M,0.0000,M,0.0000,0
$GPRMC,230041.43,A,3718.9835560,N,12157.0071100,W,7.9819,359.7699,101220,,,,
$GPGGA,230042.43,3718.9880380,N,12157.0071640,W,1,0,0.0,0.0000,M,0.0000,M,0.0000,0
$GPRMC,230042.43,A,3718.9880380,N,12157.0071640,W,8.5250,359.8586,101220,,,,
$GPGGA,230043.43,3718.9926340,N,12157.0072240,W,1,0,0.0,0.0000,M,0.0000,M,0.0000,0
$GPRMC,230043.43,A,3718.9926340,N,12157.0072240,W,8.4362,359.6712,101220,,,,
$GPGGA,230044.43,3718.9971040,N,12157.0073020,W,1,0,0.0,0.0000,M,0.0000,M,0.0000,0
$GPRMC,230044.43,A,3718.9971040,N,12157.0073020,W,8.0179,359.5113,101220,,,,
$GPGGA,230045.43,3719.0011960,N,12157.0073560,W,1,0,0.0,0.0000,M,0.0000,M,0.0000,0
$GPRMC,230045.43,A,3719.0011960,N,12157.0073560,W,7.0082,359.6847,101220,,,,
$GPGGA,230046.43,3719.0046040,N,12157.0073860,W,1,0,0.0,0.0000,M,0.0000,M,0.0000,0
$GPRMC,230046.43,A,3719.0046040,N,12157.0073860,W,5.5385,359.8511,101220,,,,
$GPGGA,230047.43,3719.0071780,N,12157.0074040,W,1,0,0.0,0.0000,M,0.0000,M,0.0000,0
$GPRMC,230047.43,A,3719.0071780,N,12157.0074040,W,4.0018,359.8431,101220,,,,
$GPGGA,230048.43,3719.0089960,N,12157.0074280,W,1,0,0.0,0.0000,M,0.0000,M,0.0000,0
$GPRMC,230048.43,A,3719.0089960,N,12157.0074280,W,2.7786,359.7954,101220,,,,
$GPGGA,230049.43,3719.0102080,N,12157.0074280,W,1,0,0.0,0.0000,M,0.0000,M,0.0000,0
$GPRMC,230049.43,A,3719.0102080,N,12157.0074280,W,1.6899,359.8488,101220,,,,
$GPGGA,230050.43,3719.0107900,N,12157.0074340,W,1,0,0.0,0.0000,M,0.0000,M,0.0000,0
$GPRMC,230050.43,A,3719.0107900,N,12157.0074340,W,0.5518,359.8741,101220,,,,
$GPGGA,230051.43,3719.0108920,N,12157.0074340,W,1,0,0.0,0.0000,M,0.0000,M,0.0000,0
$GPRMC,230051.43,A,3719.0108920,N,12157.0074340,W,0.0117,359.8772,101220,,,,
$GPGGA,230052.43,3719.0108980,N,12157.0074340,W,1,0,0.0,0.0000,M,0.0000,M,0.0000,0
$GPRMC,230052.43,A,3719.0108980,N,12157.0074340,W,0.0022,359.8769,101220,,,,
$GPGGA,230053.43,3719.0108980,N,12157.0074340,W,1,0,0.0,0.0000,M,0.0000,M,0.0000,0
$GPRMC,230053.43,A,3719.0108980,N,12157.0074340,W,0.0025,359.8751,101220,,,,
$GPGGA,230054.43,3719.0108980,N,12157.0074280,W,1,0,0.0,0.0000,M,0.0000,M,0.0000,0
$GPRMC,230054.43,A,3719.0108980,N,12157.0074280,W,0.0030,359.8744,101220,,,,
$GPGGA,230055.43,3719.0108980,N,12157.0074280,W,1,0,0.0,0.0000,M,0.0000,M,0.0000,0
$GPRMC,230055.43,A,3719.0108980,N,12157.0074280,W,0.0032,359.8739,101220,,,,
$GPGGA,230056.43,3719.0108980,N,12157.0074280,W,1,0,0.0,0.0000,M,0.0000,M,0.0000,0
$GPRMC,230056.43,A,3719.0108980,N,12157.0074280,W,0.0031,359.8732,101220,,,,
$GPGGA,230057.43,3719.0108980,N,12157.0074220,W,1,0,0.0,0.0000,M,0.0000,M,0.0000,0
$GPRMC,230057.43,A,3719.0108980,N,12157.0074220,W,0.0030,359.8726,101220,,,,
$GPGGA,230058.43,3719.0108980,N,12157.0074220,W,1,0,0.0,0.0000,M,0.0000,M,0.0000,0
$GPRMC,230058.43,A,3719.0108980,N,12157.0074220,W,0.0034,359.8717,101220,,,,
$GPGGA,230059.43,3719.0108980,N,12157.0074220,W,1,0,0.0,0.0000,M,0.0000,M,0.0000,0
$GPRMC,230059.43,A,3719.0108980,N,12157.0074220,W,0.0036,359.8707,101220,,,,
$GPGGA,230100.43,3719.0108980,N,12157.0074220,W,1,0,0.0,0.0000,M,0.0000,M,0.0000,0
$GPRMC,230100.43,A,3719.0108980,N,12157.0074220,W,0.0027,359.8702,101220,,,,
$GPGGA,230101.43,3719.0108980,N,12157.0074220,W,1,0,0.0,0.0000,M,0.0000,M,0.0000,0
$GPRMC,230101.43,A,3719.0108980,N,12157.0074220,W,0.0022,359.8697,101220,,,,
$GPGGA,230102.43,3719.0108980,N,12157.0074220,W,1,0,0.0,0.0000,M,0.0000,M,0.0000,0
$GPRMC,230102.43,A,3719.0108980,N,12157.0074220,W,0.0026,359.8690,101220,,,,
$GPGGA,230103.43,3719.0108980,N,12157.0074220,W,1,0,0.0,0.0000,M,0.0000,M,0.0000,0
$GPRMC,230103.43,A,3719.0108980,N,12157.0074220,W,0.0028,359.8683,101220,,,,
$GPGGA,230104.43,3719.0108980,N,12157.0074220,W,1,0,0.0,0.0000,M,0.0000,M,0.0000,0
$GPRMC,230104.43,A,3719.0108980,N,12157.0074220,W,0.0022,359.8676,101220,,,,
$GPGGA,230105.43,3719.0108980,N,12157.0074220,W,1,0,0.0,0.0000,M,0.0000,M,0.0000,0
$GPRMC,230105.43,A,3719.0108980,N,12157.0074220,W,0.0021,359.8670,101220,,,,
$GPGGA,230106.43,3719.0108980,N,12157.0074220,W,1,0,0.0,0.0000,M,0.0000,M,0.0000,0
$GPRMC,230106.43,A,3719.0108980,N,12157.0074220,W,0.0020,359.8664,101220,,,,
$GPGGA,230107.43,3719.0108980,N,12157.0074220,W,1,0,0.0,0.0000,M,0.0000,M,0.0000,0
$GPRMC,230107.43,A,3719.0108980,N,12157.0074220,W,0.0021,359.8659,101220,,,,
$GPGGA,230108.43,3719.0108980,N,12157.0074220,W,1,0,0.0,0.0000,M,0.0000,M,0.0000,0
$GPRMC,230108.43,A,3719.0108980,N,12157.0074220,W,0.0021,359.8652,101220,,,,
$GPGGA,230109.43,3719.0108980,N,12157.0074220,W,1,0,0.0,0.0000,M,0.0000,M,0.0000,0
$GPRMC,230109.43,A,3719.0108980,N,12157.0074220,W,0.0020,359.8645,101220,,,,
$GPGGA,230110.43,3719.0108980,N,12157.0074220,W,1,0,0.0,0.0000,M,0.0000,M,0.0000,0
$GPRMC,230110.43,A,3719.0108980,N,12157.0074220,W,0.0021,359.8639,101220,,,,
$GPGGA,230111.43,3719.0108980,N,12157.0074220,W,1,0,0.0,0.0000,M,0.0000,M,0.0000,0
$GPRMC,230111.43,A,3719.0108980,N,12157.0074220,W,0.0021,359.8633,101220,,,,
$GPGGA,230112.43,3719.0108980,N,12157.0074220,W,1,0,0.0,0.0000,M,0.0000,M,0.0000,0
$GPRMC,230112.43,A,3719.0108980,N,12157.0074220,W,0.0021,359.8625,101220,,,,
$GPGGA,230113.43,3719.0108980,N,12157.0074220,W,1,0,0.0,0.0000,M,0.0000,M,0.0000,0
$GPRMC,230113.43,A,3719.0108980,N,12157.0074220,W,0.0026,359.8618,101220,,,,
$GPGGA,230114.43,3719.0108980,N,12157.0074220,W,1,0,0.0,0.0000,M,0.0000,M,0.0000,0
$GPRMC,230114.43,A,3719.0108980,N,12157.0074220,W,0.0032,359.8612,101220,,,,
$GPGGA,230115.43,3719.0108980,N,12157.0074220,W,1,0,0.0,0.0000,M,0.0000,M,0.0000,0
$GPRMC,230115.43,A,3719.0108980,N,12157.0074220,W,0.0034,359.8606,101220,,,,
$GPGGA,230116.43,3719.0108980,N,12157.0074220,W,1,0,0.0,0.0000,M,0.0000,M,0.0000,0
$GPRMC,230116.43,A,3719.0108980,N,12157.0074220,W,0.0036,359.8599,101220,,,,
$GPGGA,230117.43,3719.0108980,N,12157.0074220,W,1,0,0.0,0.0000,M,0.0000,M,0.0000,0
$GPRMC,230117.43,A,3719.0108980,N,12157.0074220,W,0.0042,359.8592,101220,,,,
$GPGGA,230118.43,3719.0108980,N,12157.0074220,W,1,0,0.0,0.0000,M,0.0000,M,0.0000,0
$GPRMC,230118.43,A,3719.0108980,N,12157.0074220,W,0.0047,359.8583,101220,,,,
$GPGGA,230119.43,3719.0108980,N,12157.0074220,W,1,0,0.0,0.0000,M,0.0000,M,0.0000,0
$GPRMC,230119.43,A,3719.0108980,N,12157.0074220,W,0.0043,359.8577,101220,,,,
$GPGGA,230120.43,3719.0108980,N,12157.0074220,W,1,0,0.0,0.0000,M,0.0000,M,0.0000,0
$GPRMC,230120.43,A,3719.0108980,N,12157.0074220,W,0.0044,359.8571,101220,,,,
$GPGGA,230121.43,3719.0108980,N,12157.0074160,W,1,0,0.0,0.0000,M,0.0000,M,0.0000,0
$GPRMC,230121.43,A,3719.0108980,N,12157.0074160,W,0.0046,359.8565,101220,,,,
$GPGGA,230122.43,3719.0109040,N,12157.0074160,W,1,0,0.0,0.0000,M,0.0000,M,0.0000,0
$GPRMC,230122.43,A,3719.0109040,N,12157.0074160,W,0.0050,359.8557,101220,,,,
$GPGGA,230123.43,3719.0109100,N,12157.0074160,W,1,0,0.0,0.0000,M,0.0000,M,0.0000,0
$GPRMC,230123.43,A,3719.0109100,N,12157.0074160,W,0.0453,359.8558,101220,,,,
$GPGGA,230124.43,3719.0109520,N,12157.0074100,W,1,0,0.0,0.0000,M,0.0000,M,0.0000,0
$GPRMC,230124.43,A,3719.0109520,N,12157.0074100,W,0.1227,359.8561,101220,,,,
$GPGGA,230125.43,3719.0110540,N,12157.0074100,W,1,0,0.0,0.0000,M,0.0000,M,0.0000,0
$GPRMC,230125.43,A,3719.0110540,N,12157.0074100,W,0.2048,359.8559,101220,,,,
$GPGGA,230126.43,3719.0111860,N,12157.0074040,W,1,0,0.0,0.0000,M,0.0000,M,0.0000,0
$GPRMC,230126.43,A,3719.0111860,N,12157.0074040,W,0.2505,359.8551,101220,,,,
$GPGGA,230127.43,3719.0113060,N,12157.0074040,W,1,0,0.0,0.0000,M,0.0000,M,0.0000,0
$GPRMC,230127.43,A,3719.0113060,N,12157.0074040,W,0.1908,359.8513,101220,,,,
$GPGGA,230128.43,3719.0113900,N,12157.0074040,W,1,0,0.0,0.0000,M,0.0000,M,0.0000,0
$GPRMC,230128.43,A,3719.0113900,N,12157.0074040,W,0.1079,359.8480,101220,,,,
$GPGGA,230129.43,3719.0114440,N,12157.0073980,W,1,0,0.0,0.0000,M,0.0000,M,0.0000,0
$GPRMC,230129.43,A,3719.0114440,N,12157.0073980,W,0.1493,359.8472,101220,,,,
$GPGGA,230130.43,3719.0115820,N,12157.0073980,W,1,0,0.0,0.0000,M,0.0000,M,0.0000,0
$GPRMC,230130.43,A,3719.0115820,N,12157.0073980,W,0.3988,359.8432,101220,,,,
$GPGGA,230131.43,3719.0119060,N,12157.0074100,W,1,0,0.0,0.0000,M,0.0000,M,0.0000,0
$GPRMC,230131.43,A,3719.0119060,N,12157.0074100,W,0.8083,359.8270,101220,,,,
$GPGGA,230132.43,3719.0124880,N,12157.0074100,W,1,0,0.0,0.0000,M,0.0000,M,0.0000,0
$GPRMC,230132.43,A,3719.0124880,N,12157.0074100,W,1.4188,359.7328,101220,,,,
$GPGGA,230133.43,3719.0134960,N,12157.0074160,W,1,0,0.0,0.0000,M,0.0000,M,0.0000,0
$GPRMC,230133.43,A,3719.0134960,N,12157.0074160,W,2.4353,359.8831,101220,,,,
$GPGGA,230134.43,3719.0152420,N,12157.0074040,W,1,0,0.0,0.0000,M,0.0000,M,0.0000,0
$GPRMC,230134.43,A,3719.0152420,N,12157.0074040,W,4.1139,0.3873,101220,,,,
$GPGGA,230135.43,3719.0179660,N,12157.0073620,W,1,0,0.0,0.0000,M,0.0000,M,0.0000,0
$GPRMC,230135.43,A,3719.0179660,N,12157.0073620,W,5.7680,0.6254,101220,,,,
$GPGGA,230136.43,3719.0213320,N,12157.0073260,W,1,0,0.0,0.0000,M,0.0000,M,0.0000,0
$GPRMC,230136.43,A,3719.0213320,N,12157.0073260,W,6.4532,0.7762,101220,,,,
$GPGGA,230137.43,3719.0247940,N,12157.0072780,W,1,0,0.0,0.0000,M,0.0000,M,0.0000,0
$GPRMC,230137.43,A,3719.0247940,N,12157.0072780,W,6.3149,0.7918,101220,,,,
$GPGGA,230138.43,3719.0281300,N,12157.0073620,W,1,0,0.0,0.0000,M,0.0000,M,0.0000,0
$GPRMC,230138.43,A,3719.0281300,N,12157.0073620,W,6.0520,358.2262,101220,,,,
$GPGGA,230139.43,3719.0312800,N,12157.0081780,W,1,0,0.0,0.0000,M,0.0000,M,0.0000,0
$GPRMC,230139.43,A,3719.0312800,N,12157.0081780,W,6.1482,346.3981,101220,,,,
$GPGGA,230140.43,3719.0340820,N,12157.0104760,W,1,0,0.0,0.0000,M,0.0000,M,0.0000,0
$GPRMC,230140.43,A,3719.0340820,N,12157.0104760,W,6.8034,324.4276,101220,,,,
$GPGGA,230141.43,3719.0360740,N,12157.0144060,W,1,0,0.0,0.0000,M,0.0000,M,0.0000,0
$GPRMC,230141.43,A,3719.0360740,N,12157.0144060,W,7.5722,299.0163,101220,,,,
$GPGGA,230142.43,3719.0367100,N,12157.0195600,W,1,0,0.0,0.0000,M,0.0000,M,0.0000,0
$GPRMC,230142.43,A,3719.0367100,N,12157.0195600,W,8.5072,275.9745,101220,,,,
$GPGGA,230143.43,3719.0363320,N,12157.0256920,W,1,0,0.0,0.0000,M,0.0000,M,0.0000,0
$GPRMC,230143.43,A,3719.0363320,N,12157.0256920,W,9.9569,264.7960,101220,,,,
$GPGGA,230144.43,3719.0356480,N,12157.0329760,W,1,0,0.0,0.0000,M,0.0000,M,0.0000,0
$GPRMC,230144.43,A,3719.0356480,N,12157.0329760,W,11.8164,263.6752,101220,,,,
$GPGGA,230145.43,3719.0348620,N,12157.0415980,W,1,0,0.0,0.0000,M,0.0000,M,0.0000,0
$GPRMC,230145.43,A,3719.0348620,N,12157.0415980,W,14.0243,263.9216,101220,,,,
$GPGGA,230146.43,3719.0339680,N,12157.0518040,W,1,0,0.0,0.0000,M,0.0000,M,0.0000,0
$GPRMC,230146.43,A,3719.0339680,N,12157.0518040,W,16.2681,264.0723,101220,,,,
$GPGGA,230147.43,3719.0330020,N,12157.0632940,W,1,0,0.0,0.0000,M,0.0000,M,0.0000,0
$GPRMC,230147.43,A,3719.0330020,N,12157.0632940,W,17.4263,264.1832,101220,,,,
$GPGGA,230148.43,3719.0320120,N,12157.0750960,W,1,0,0.0,0.0000,M,0.0000,M,0.0000,0
$GPRMC,230148.43,A,3719.0320120,N,12157.0750960,W,17.6798,264.0872,101220,,,,
$GPGGA,230149.43,3719.0309680,N,12157.0872160,W,1,0,0.0,0.0000,M,0.0000,M,0.0000,0
$GPRMC,230149.43,A,3719.0309680,N,12157.0872160,W,18.5384,263.8461,101220,,,,
$GPGGA,230150.43,3719.0298040,N,12157.1001160,W,1,0,0.0,0.0000,M,0.0000,M,0.0000,0
$GPRMC,230150.43,A,3719.0298040,N,12157.1001160,W,20.0123,263.5309,101220,,,,
$GPGGA,230151.43,3719.0284360,N,12157.1141500,W,1,0,0.0,0.0000,M,0.0000,M,0.0000,0
$GPRMC,230151.43,A,3719.0284360,N,12157.1141500,W,21.9034,262.8762,101220,,,,
$GPGGA,230152.43,3719.0267800,N,12157.1296000,W,1,0,0.0,0.0000,M,0.0000,M,0.0000,0
$GPRMC,230152.43,A,3719.0267800,N,12157.1296000,W,24.1545,262.1725,101220,,,,
$GPGGA,230153.43,3719.0248300,N,12157.1465500,W,1,0,0.0,0.0000,M,0.0000,M,0.0000,0
$GPRMC,230153.43,A,3719.0248300,N,12157.1465500,W,26.4838,261.6802,101220,,,,
$GPGGA,230154.43,3719.0226100,N,12157.1650660,W,1,0,0.0,0.0000,M,0.0000,M,0.0000,0
$GPRMC,230154.43,A,3719.0226100,N,12157.1650660,W,28.8276,261.5661,101220,,,,
$GPGGA,230155.43,3719.0202520,N,12157.1851180,W,1,0,0.0,0.0000,M,0.0000,M,0.0000,0
$GPRMC,230155.43,A,3719.0202520,N,12157.1851180,W,31.0053,261.8657,101220,,,,
$GPGGA,230156.43,3719.0178820,N,12157.2063820,W,1,0,0.0,0.0000,M,0.0000,M,0.0000,0
$GPRMC,230156.43,A,3719.0178820,N,12157.2063820,W,32.2207,262.2766,101220,,,,
$GPGGA,230157.43,3719.0155780,N,12157.2280420,W,1,0,0.0,0.0000,M,0.0000,M,0.0000,0
$GPRMC,230157.43,A,3719.0155780,N,12157.2280420,W,32.1442,262.4498,101220,,,,
$GPGGA,230158.43,3719.0132800,N,12157.2494800,W,1,0,0.0,0.0000,M,0.0000,M,0.0000,0
$GPRMC,230158.43,A,3719.0132800,N,12157.2494800,W,31.7341,262.2452,101220,,,,
$GPGGA,230159.43,3719.0109640,N,12157.2706000,W,1,0,0.0,0.0000,M,0.0000,M,0.0000,0
$GPRMC,230159.43,A,3719.0109640,N,12157.2706000,W,31.2656,262.0934,101220,,,,
$GPGGA,230200.43,3719.0086720,N,12157.2914140,W,1,0,0.0,0.0000,M,0.0000,M,0.0000,0
$GPRMC,230200.43,A,3719.0086720,N,12157.2914140,W,30.8226,262.1354,101220,,,,
$GPGGA,230201.43,3719.0064340,N,12157.3119460,W,1,0,0.0,0.0000,M,0.0000,M,0.0000,0
$GPRMC,230201.43,A,3719.0064340,N,12157.3119460,W,30.3988,262.5008,101220,,,,
$GPGGA,230202.43,3719.0044300,N,12157.3322380,W,1,0,0.0,0.0000,M,0.0000,M,0.0000,0
$GPRMC,230202.43,A,3719.0044300,N,12157.3322380,W,29.9963,263.3586,101220,,,,
$GPGGA,230203.43,3719.0026780,N,12157.3522960,W,1,0,0.0,0.0000,M,0.0000,M,0.0000,0
$GPRMC,230203.43,A,3719.0026780,N,12157.3522960,W,29.6293,263.8778,101220,,,,
$GPGGA,230204.43,3719.0009380,N,12157.3721080,W,1,0,0.0,0.0000,M,0.0000,M,0.0000,0
$GPRMC,230204.43,A,3719.0009380,N,12157.3721080,W,29.2708,263.5416,101220,,,,
$GPGGA,230205.43,3718.9991320,N,12157.3916620,W,1,0,0.0,0.0000,M,0.0000,M,0.0000,0
$GPRMC,230205.43,A,3718.9991320,N,12157.3916620,W,28.9145,263.3760,101220,,,,
$GPGGA,230206.43,3718.9974340,N,12157.4110060,W,1,0,0.0,0.0000,M,0.0000,M,0.0000,0
$GPRMC,230206.43,A,3718.9974340,N,12157.4110060,W,28.5885,264.2457,101220,,,,
$GPGGA,230207.43,3718.9960660,N,12157.4301880,W,1,0,0.0,0.0000,M,0.0000,M,0.0000,0
$GPRMC,230207.43,A,3718.9960660,N,12157.4301880,W,28.3328,265.6679,101220,,,,
$GPGGA,230208.43,3718.9950880,N,12157.4492800,W,1,0,0.0,0.0000,M,0.0000,M,0.0000,0
$GPRMC,230208.43,A,3718.9950880,N,12157.4492800,W,28.1863,266.9715,101220,,,,
$GPGGA,230209.43,3718.9944280,N,12157.4683180,W,1,0,0.0,0.0000,M,0.0000,M,0.0000,0
$GPRMC,230209.43,A,3718.9944280,N,12157.4683180,W,28.1231,267.8923,101220,,,,
$GPGGA,230210.43,3718.9939780,N,12157.4873020,W,1,0,0.0,0.0000,M,0.0000,M,0.0000,0
$GPRMC,230210.43,A,3718.9939780,N,12157.4873020,W,27.9772,268.6719,101220,,,,
$GPGGA,230211.43,3718.9937320,N,12157.5061720,W,1,0,0.0,0.0000,M,0.0000,M,0.0000,0
$GPRMC,230211.43,A,3718.9937320,N,12157.5061720,W,27.8051,269.4402,101220,,,,
$GPGGA,230212.43,3718.9936780,N,12157.5249880,W,1,0,0.0,0.0000,M,0.0000,M,0.0000,0
$GPRMC,230212.43,A,3718.9936780,N,12157.5249880,W,27.8534,270.0841,101220,,,,
$GPGGA,230213.43,3718.9937740,N,12157.5439240,W,1,0,0.0,0.0000,M,0.0000,M,0.0000,0
$GPRMC,230213.43,A,3718.9937740,N,12157.5439240,W,28.1208,270.6786,101220,,,,
$GPGGA,230214.43,3718.9940080,N,12157.5630940,W,1,0,0.0,0.0000,M,0.0000,M,0.0000,0
$GPRMC,230214.43,A,3718.9940080,N,12157.5630940,W,28.5334,271.0856,101220,,,,
$GPGGA,230215.43,3718.9943380,N,12157.5825640,W,1,0,0.0,0.0000,M,0.0000,M,0.0000,0
$GPRMC,230215.43,A,3718.9943380,N,12157.5825640,W,29.0288,271.2655,101220,,,,
$GPGGA,230216.43,3718.9947040,N,12157.6023880,W,1,0,0.0,0.0000,M,0.0000,M,0.0000,0
$GPRMC,230216.43,A,3718.9947040,N,12157.6023880,W,29.5713,271.3523,101220,,,,
$GPGGA,230217.43,3718.9950760,N,12157.6226020,W,1,0,0.0,0.0000,M,0.0000,M,0.0000,0
$GPRMC,230217.43,A,3718.9950760,N,12157.6226020,W,30.1808,271.1882,101220,,,,
$GPGGA,230218.43,3718.9954120,N,12157.6432600,W,1,0,0.0,0.0000,M,0.0000,M,0.0000,0
$GPRMC,230218.43,A,3718.9954120,N,12157.6432600,W,30.8351,271.1090,101220,,,,
$GPGGA,230219.43,3718.9957480,N,12157.6643200,W,1,0,0.0,0.0000,M,0.0000,M,0.0000,0
$GPRMC,230219.43,A,3718.9957480,N,12157.6643200,W,31.3565,271.0454,101220,,,,
$GPGGA,230220.43,3718.9960600,N,12157.6856680,W,1,0,0.0,0.0000,M,0.0000,M,0.0000,0
$GPRMC,230220.43,A,3718.9960600,N,12157.6856680,W,31.6495,271.0180,101220,,,,
$GPGGA,230221.43,3718.9963780,N,12157.7071300,W,1,0,0.0,0.0000,M,0.0000,M,0.0000,0
$GPRMC,230221.43,A,3718.9963780,N,12157.7071300,W,31.6830,271.0539,101220,,,,
$GPGGA,230222.43,3718.9967080,N,12157.7285140,W,1,0,0.0,0.0000,M,0.0000,M,0.0000,0
$GPRMC,230222.43,A,3718.9967080,N,12157.7285140,W,31.4150,271.0784,101220,,,,
$GPGGA,230223.43,3718.9970200,N,12157.7496100,W,1,0,0.0,0.0000,M,0.0000,M,0.0000,0
$GPRMC,230223.43,A,3718.9970200,N,12157.7496100,W,30.8799,271.0632,101220,,,,
$GPGGA,230224.43,3718.9973080,N,12157.7703340,W,1,0,0.0,0.0000,M,0.0000,M,0.0000,0
$GPRMC,230224.43,A,3718.9973080,N,12157.7703340,W,30.3342,271.0275,101220,,,,
$GPGGA,230225.43,3718.9975900,N,12157.7907040,W,1,0,0.0,0.0000,M,0.0000,M,0.0000,0
$GPRMC,230225.43,A,3718.9975900,N,12157.7907040,W,29.8417,270.9492,101220,,,,
$GPGGA,230226.43,3718.9978060,N,12157.8107620,W,1,0,0.0,0.0000,M,0.0000,M,0.0000,0
$GPRMC,230226.43,A,3718.9978060,N,12157.8107620,W,29.4052,270.5254,101220,,,,
$GPGGA,230227.43,3718.9978360,N,12157.8305140,W,1,0,0.0,0.0000,M,0.0000,M,0.0000,0
$GPRMC,230227.43,A,3718.9978360,N,12157.8305140,W,29.0100,269.7368,101220,,,,
$GPGGA,230228.43,3718.9976440,N,12157.8499960,W,1,0,0.0,0.0000,M,0.0000,M,0.0000,0
$GPRMC,230228.43,A,3718.9976440,N,12157.8499960,W,28.6730,268.9910,101220,,,,
$GPGGA,230229.43,3718.9972720,N,12157.8692740,W,1,0,0.0,0.0000,M,0.0000,M,0.0000,0
$GPRMC,230229.43,A,3718.9972720,N,12157.8692740,W,28.3790,268.3071,101220,,,,
$GPGGA,230230.43,3718.9967440,N,12157.8884020,W,1,0,0.0,0.0000,M,0.0000,M,0.0000,0
$GPRMC,230230.43,A,3718.9967440,N,12157.8884020,W,28.2254,267.8397,101220,,,,
$GPGGA,230231.43,3718.9961320,N,12157.9075420,W,1,0,0.0,0.0000,M,0.0000,M,0.0000,0
$GPRMC,230231.43,A,3718.9961320,N,12157.9075420,W,28.4328,267.6676,101220,,,,
$GPGGA,230232.43,3718.9955260,N,12157.9269340,W,1,0,0.0,0.0000,M,0.0000,M,0.0000,0
$GPRMC,230232.43,A,3718.9955260,N,12157.9269340,W,28.9266,267.8061,101220,,,,
$GPGGA,230233.43,3718.9949380,N,12157.9466140,W,1,0,0.0,0.0000,M,0.0000,M,0.0000,0
$GPRMC,230233.43,A,3718.9949380,N,12157.9466140,W,29.2446,267.8253,101220,,,,
$GPGGA,230234.43,3718.9943260,N,12157.9664620,W,1,0,0.0,0.0000,M,0.0000,M,0.0000,0
$GPRMC,230234.43,A,3718.9943260,N,12157.9664620,W,29.5284,267.6241,101220,,,,
$GPGGA,230235.43,3718.9936120,N,12157.9866580,W,1,0,0.0,0.0000,M,0.0000,M,0.0000,0
$GPRMC,230235.43,A,3718.9936120,N,12157.9866580,W,30.3038,267.3109,101220,,,,
$GPGGA,230236.43,3718.9928320,N,12158.0074960,W,1,0,0.0,0.0000,M,0.0000,M,0.0000,0
$GPRMC,230236.43,A,3718.9928320,N,12158.0074960,W,31.3174,267.2784,101220,,,,
$GPGGA,230237.43,3718.9920820,N,12158.0289940,W,1,0,0.0,0.0000,M,0.0000,M,0.0000,0
$GPRMC,230237.43,A,3718.9920820,N,12158.0289940,W,32.1823,267.6978,101220,,,,
$GPGGA,230238.43,3718.9915000,N,12158.0509060,W,1,0,0.0,0.0000,M,0.0000,M,0.0000,0
$GPRMC,230238.43,A,3718.9915000,N,12158.0509060,W,32.4926,268.6484,101220,,,,
$GPGGA,230239.43,3718.9912780,N,12158.0728300,W,1,0,0.0,0.0000,M,0.0000,M,0.0000,0
$GPRMC,230239.43,A,3718.9912780,N,12158.0728300,W,32.2511,269.9151,101220,,,,
$GPGGA,230240.43,3718.9913800,N,12158.0945560,W,1,0,0.0,0.0000,M,0.0000,M,0.0000,0
$GPRMC,230240.43,A,3718.9913800,N,12158.0945560,W,31.8997,270.5916,101220,,,,
$GPGGA,230241.43,3718.9916500,N,12158.1160180,W,1,0,0.0,0.0000,M,0.0000,M,0.0000,0
$GPRMC,230241.43,A,3718.9916500,N,12158.1160180,W,31.4946,271.2198,101220,,,,
$GPGGA,230242.43,3718.9921840,N,12158.1371860,W,1,0,0.0,0.0000,M,0.0000,M,0.0000,0
$GPRMC,230242.43,A,3718.9921840,N,12158.1371860,W,31.0751,272.3759,101220,,,,
$GPGGA,230243.43,3718.9930360,N,12158.1580600,W,1,0,0.0,0.0000,M,0.0000,M,0.0000,0
$GPRMC,230243.43,A,3718.9930360,N,12158.1580600,W,30.6630,273.3158,101220,,,,
$GPGGA,230244.43,3718.9940260,N,12158.1786460,W,1,0,0.0,0.0000,M,0.0000,M,0.0000,0
$GPRMC,230244.43,A,3718.9940260,N,12158.1786460,W,30.2656,273.1556,101220,,,,
$GPGGA,230245.43,3718.9948720,N,12158.1989740,W,1,0,0.0,0.0000,M,0.0000,M,0.0000,0
$GPRMC,230245.43,A,3718.9948720,N,12158.1989740,W,29.8846,272.2479,101220,,,,
$GPGGA,230246.43,3718.9955080,N,12158.2190620,W,1,0,0.0,0.0000,M,0.0000,M,0.0000,0
$GPRMC,230246.43,A,3718.9955080,N,12158.2190620,W,29.4884,271.9555,101220,,,,
$GPGGA,230247.43,3718.9961440,N,12158.2387840,W,1,0,0.0,0.0000,M,0.0000,M,0.0000,0
$GPRMC,230247.43,A,3718.9961440,N,12158.2387840,W,28.8358,272.6950,101220,,,,
$GPGGA,230248.43,3718.9971100,N,12158.2580320,W,1,0,0.0,0.0000,M,0.0000,M,0.0000,0
$GPRMC,230248.43,A,3718.9971100,N,12158.2580320,W,28.1826,274.4213,101220,,,,
$GPGGA,230249.43,3718.9985920,N,12158.2769200,W,1,0,0.0,0.0000,M,0.0000,M,0.0000,0
$GPRMC,230249.43,A,3718.9985920,N,12158.2769200,W,27.9084,276.4698,101220,,,,
$GPGGA,230250.43,3719.0005900,N,12158.2955560,W,1,0,0.0,0.0000,M,0.0000,M,0.0000,0
$GPRMC,230250.43,A,3719.0005900,N,12158.2955560,W,27.6203,278.5115,101220,,,,
$GPGGA,230251.43,3719.0030980,N,12158.3138080,W,1,0,0.0,0.0000,M,0.0000,M,0.0000,0
$GPRMC,230251.43,A,3719.0030980,N,12158.3138080,W,27.0746,280.9806,101220,,,,
$GPGGA,230252.43,3719.0063080,N,12158.3314840,W,1,0,0.0,0.0000,M,0.0000,M,0.0000,0
$GPRMC,230252.43,A,3719.0063080,N,12158.3314840,W,26.5179,284.6766,101220,,,,
$GPGGA,230253.43,3719.0105080,N,12158.3485900,W,1,0,0.0,0.0000,M,0.0000,M,0.0000,0
$GPRMC,230253.43,A,3719.0105080,N,12158.3485900,W,26.3755,289.2003,101220,,,,
$GPGGA,230254.43,3719.0157460,N,12158.3651260,W,1,0,0.0,0.0000,M,0.0000,M,0.0000,0
$GPRMC,230254.43,A,3719.0157460,N,12158.3651260,W,26.1807,293.5693,101220,,,,
$GPGGA,230255.43,3719.0217760,N,12158.3810320,W,1,0,0.0,0.0000,M,0.0000,M,0.0000,0
$GPRMC,230255.43,A,3719.0217760,N,12158.3810320,W,25.8273,296.4875,101220,,,,
$GPGGA,230256.43,3719.0281000,N,12158.3964220,W,1,0,0.0,0.0000,M,0.0000,M,0.0000,0
$GPRMC,230256.43,A,3719.0281000,N,12158.3964220,W,25.2359,297.3213,101220,,,,
$GPGGA,230257.43,3719.0342020,N,12158.4112660,W,1,0,0.0,0.0000,M,0.0000,M,0.0000,0
$GPRMC,230257.43,A,3719.0342020,N,12158.4112660,W,23.8555,296.9411,101220,,,,
$GPGGA,230258.43,3719.0397100,N,12158.4249100,W,1,0,0.0,0.0000,M,0.0000,M,0.0000,0
$GPRMC,230258.43,A,3719.0397100,N,12158.4249100,W,21.0606,296.4574,101220,,,,
$GPGGA,230259.43,3719.0443540,N,12158.4365020,W,1,0,0.0,0.0000,M,0.0000,M,0.0000,0
$GPRMC,230259.43,A,3719.0443540,N,12158.4365020,W,17.1880,296.9071,101220,,,,
$GPGGA,230300.43,3719.0483740,N,12158.4454420,W,1,0,0.0,0.0000,M,0.0000,M,0.0000,0
$GPRMC,230300.43,A,3719.0483740,N,12158.4454420,W,13.1442,302.5234,101220,,,,
$GPGGA,230301.43,3719.0523040,N,12158.4514420,W,1,0,0.0,0.0000,M,0.0000,M,0.0000,0
$GPRMC,230301.43,A,3719.0523040,N,12158.4514420,W,9.9913,315.1259,101220,,,,
$GPGGA,230302.43,3719.0562400,N,12158.4548680,W,1,0,0.0,0.0000,M,0.0000,M,0.0000,0
$GPRMC,230302.43,A,3719.0562400,N,12158.4548680,W,7.8416,330.0147,101220,,,,
$GPGGA,230303.43,3719.0596960,N,12158.4564580,W,1,0,0.0,0.0000,M,0.0000,M,0.0000,0
$GPRMC,230303.43,A,3719.0596960,N,12158.4564580,W,5.7279,342.6814,101220,,,,
$GPGGA,230304.43,3719.0621500,N,12158.4570820,W,1,0,0.0,0.0000,M,0.0000,M,0.0000,0
$GPRMC,230304.43,A,3719.0621500,N,12158.4570820,W,3.4611,348.4329,101220,,,,
$GPGGA,230305.43,3719.0634460,N,12158.4573820,W,1,0,0.0,0.0000,M,0.0000,M,0.0000,0
$GPRMC,230305.43,A,3719.0634460,N,12158.4573820,W,1.5173,348.8731,101220,,,,
$GPGGA,230306.43,3719.0639140,N,12158.4574840,W,1,0,0.0,0.0000,M,0.0000,M,0.0000,0
$GPRMC,230306.43,A,3719.0639140,N,12158.4574840,W,0.3865,348.9579,101220,,,,
$GPGGA,230307.43,3719.0640040,N,12158.4574960,W,1,0,0.0,0.0000,M,0.0000,M,0.0000,0
$GPRMC,230307.43,A,3719.0640040,N,12158.4574960,W,0.0317,348.9440,101220,,,,
$GPGGA,230308.43,3719.0640220,N,12158.4574960,W,1,0,0.0,0.0000,M,0.0000,M,0.0000,0
$GPRMC,230308.43,A,3719.0640220,N,12158.4574960,W,0.0283,348.9428,101220,,,,
$GPGGA,230309.43,3719.0640280,N,12158.4574900,W,1,0,0.0,0.0000,M,0.0000,M,0.0000,0
$GPRMC,230309.43,A,3719.0640280,N,12158.4574900,W,0.0223,348.9415,101220,,,,
$GPGGA,230310.43,3719.0640400,N,12158.4574900,W,1,0,0.0,0.0000,M,0.0000,M,0.0000,0
$GPRMC,230310.43,A,3719.0640400,N,12158.4574900,W,0.0272,348.9323,101220,,,,
$GPGGA,230311.43,3719.0640700,N,12158.4574960,W,1,0,0.0,0.0000,M,0.0000,M,0.0000,0
$GPRMC,230311.43,A,3719.0640700,N,12158.4574960,W,0.0871,348.8857,101220,,,,
$GPGGA,230312.43,3719.0641420,N,12158.4575200,W,1,0,0.0,0.0000,M,0.0000,M,0.0000,0
$GPRMC,230312.43,A,3719.0641420,N,12158.4575200,W,0.2112,348.6481,101220,,,,
$GPGGA,230313.43,3719.0643040,N,12158.4575980,W,1,0,0.0,0.0000,M,0.0000,M,0.0000,0
$GPRMC,230313.43,A,3719.0643040,N,12158.4575980,W,0.4734,347.2785,101220,,,,
$GPGGA,230314.43,3719.0646220,N,12158.4578260,W,1,0,0.0,0.0000,M,0.0000,M,0.0000,0
$GPRMC,230314.43,A,3719.0646220,N,12158.4578260,W,0.8841,342.9926,101220,,,,
$GPGGA,230315.43,3719.0650960,N,12158.4582940,W,1,0,0.0,0.0000,M,0.0000,M,0.0000,0
$GPRMC,230315.43,A,3719.0650960,N,12158.4582940,W,1.3728,334.9170,101220,,,,
$GPGGA,230316.43,3719.0656900,N,12158.4591340,W,1,0,0.0,0.0000,M,0.0000,M,0.0000,0
$GPRMC,230316.43,A,3719.0656900,N,12158.4591340,W,1.9745,322.7884,101220,,,,
$GPGGA,230317.43,3719.0663680,N,12158.4604300,W,1,0,0.0,0.0000,M,0.0000,M,0.0000,0
$GPRMC,230317.43,A,3719.0663680,N,12158.4604300,W,2.6620,310.1351,101220,,,,
$GPGGA,230318.43,3719.0673520,N,12158.4620740,W,1,0,0.0,0.0000,M,0.0000,M,0.0000,0
$GPRMC,230318.43,A,3719.0673520,N,12158.4620740,W,3.4073,308.0425,101220,,,,
$GPGGA,230319.43,3719.0690020,N,12158.4634360,W,1,0,0.0,0.0000,M,0.0000,M,0.0000,0
$GPRMC,230319.43,A,3719.0690020,N,12158.4634360,W,3.6515,324.5108,101220,,,,
$GPGGA,230320.43,3719.0709220,N,12158.4637420,W,1,0,0.0,0.0000,M,0.0000,M,0.0000,0
$GPRMC,230320.43,A,3719.0709220,N,12158.4637420,W,3.1942,349.6310,101220,,,,
$GPGGA,230321.43,3719.0724820,N,12158.4632080,W,1,0,0.0,0.0000,M,0.0000,M,0.0000,0
$GPRMC,230321.43,A,3719.0724820,N,12158.4632080,W,2.5403,9.6416,101220,,,,
$GPGGA,230322.43,3719.0735200,N,12158.4624160,W,1,0,0.0,0.0000,M,0.0000,M,0.0000,0
$GPRMC,230322.43,A,3719.0735200,N,12158.4624160,W,1.6530,23.7854,101220,,,,
$GPGGA,230323.43,3719.0739940,N,12158.4619120,W,1,0,0.0,0.0000,M,0.0000,M,0.0000,0
$GPRMC,230323.43,A,3719.0739940,N,12158.4619120,W,0.5845,29.9806,101220,,,,
$GPGGA,230324.43,3719.0740840,N,12158.4618040,W,1,0,0.0,0.0000,M,0.0000,M,0.0000,0
$GPRMC,230324.43,A,3719.0740840,N,12158.4618040,W,0.0670,30.5145,101220,,,,
$GPGGA,230325.43,3719.0740960,N,12158.4617740,W,1,0,0.0,0.0000,M,0.0000,M,0.0000,0
$GPRMC,230325.43,A,3719.0740960,N,12158.4617740,W,0.0455,30.5130,101220,,,,
$GPGGA,230326.43,3719.0741080,N,12158.4617500,W,1,0,0.0,0.0000,M,0.0000,M,0.0000,0
$GPRMC,230326.43,A,3719.0741080,N,12158.4617500,W,0.0383,30.5107,101220,,,,
$GPGGA,230327.43,3719.0741200,N,12158.4617320,W,1,0,0.0,0.0000,M,0.0000,M,0.0000,0
$GPRMC,230327.43,A,3719.0741200,N,12158.4617320,W,0.0318,30.5094,101220,,,,
$GPGGA,230328.43,3719.0741260,N,12158.4617140,W,1,0,0.0,0.0000,M,0.0000,M,0.0000,0
$GPRMC,230328.43,A,3719.0741260,N,12158.4617140,W,0.0254,30.5083,101220,,,,
$GPGGA,230329.43,3719.0741380,N,12158.4617020,W,1,0,0.0,0.0000,M,0.0000,M,0.0000,0
$GPRMC,230329.43,A,3719.0741380,N,12158.4617020,W,0.0194,30.5073,101220,,,,
$GPGGA,230330.43,3719.0741440,N,12158.4616960,W,1,0,0.0,0.0000,M,0.0000,M,0.0000,0
$GPRMC,230330.43,A,3719.0741440,N,12158.4616960,W,0.0142,30.5061,101220,,,,
$GPGGA,230331.43,3719.0741500,N,12158.4616900,W,1,0,0.0,0.0000,M,0.0000,M,0.0000,0
$GPRMC,230331.43,A,3719.0741500,N,12158.4616900,W,0.0100,30.5049,101220,,,,
$GPGGA,230332.43,3719.0741560,N,12158.4616840,W,1,0,0.0,0.0000,M,0.0000,M,0.0000,0
$GPRMC,230332.43,A,3719.0741560,N,12158.4616840,W,0.0065,30.5038,101220,,,,
$GPGGA,230333.43,3719.0741620,N,12158.4616840,W,1,0,0.0,0.0000,M,0.0000,M,0.0000,0
$GPRMC,230333.43,A,3719.0741620,N,12158.4616840,W,0.0031,30.5025,101220,,,,
$GPGGA,230334.43,3719.0741620,N,12158.4616780,W,1,0,0.0,0.0000,M,0.0000,M,0.0000,0
$GPRMC,230334.43,A,3719.0741620,N,12158.4616780,W,0.0026,30.5015,101220,,,,
$GPGGA,230335.43,3719.0741680,N,12158.4616780,W,1,0,0.0,0.0000,M,0.0000,M,0.0000,0
$GPRMC,230335.43,A,3719.0741680,N,12158.4616780,W,0.0059,30.5005,101220,,,,
$GPGGA,230336.43,3719.0741680,N,12158.4616720,W,1,0,0.0,0.0000,M,0.0000,M,0.0000,0
$GPRMC,230336.43,A,3719.0741680,N,12158.4616720,W,0.0096,30.4993,101220,,,,
$GPGGA,230337.43,3719.0741680,N,12158.4616720,W,1,0,0.0,0.0000,M,0.0000,M,0.0000,0
$GPRMC,230337.43,A,3719.0741680,N,12158.4616720,W,0.0112,30.4996,101220,,,,
$GPGGA,230338.43,3719.0742280,N,12158.4616240,W,1,0,0.0,0.0000,M,0.0000,M,0.0000,0
$GPRMC,230338.43,A,3719.0742280,N,12158.4616240,W,0.2988,30.5496,101220,,,,
$GPGGA,230339.43,3719.0745100,N,12158.4614140,W,1,0,0.0,0.0000,M,0.0000,M,0.0000,0
$GPRMC,230339.43,A,3719.0745100,N,12158.4614140,W,0.9754,30.6092,101220,,,,
$GPGGA,230340.43,3719.0751400,N,12158.4609280,W,1,0,0.0,0.0000,M,0.0000,M,0.0000,0
$GPRMC,230340.43,A,3719.0751400,N,12158.4609280,W,1.7460,30.9295,101220,,,,
$GPGGA,230341.43,3719.0761300,N,12158.4601240,W,1,0,0.0,0.0000,M,0.0000,M,0.0000,0
$GPRMC,230341.43,A,3719.0761300,N,12158.4601240,W,2.6392,31.9525,101220,,,,
$GPGGA,230342.43,3719.0775520,N,12158.4589300,W,1,0,0.0,0.0000,M,0.0000,M,0.0000,0
$GPRMC,230342.43,A,3719.0775520,N,12158.4589300,W,3.6934,33.1755,101220,,,,
$GPGGA,230343.43,3719.0795020,N,12158.4572620,W,1,0,0.0,0.0000,M,0.0000,M,0.0000,0
$GPRMC,230343.43,A,3719.0795020,N,12158.4572620,W,5.0221,33.8734,101220,,,,
$GPGGA,230344.43,3719.0820580,N,12158.4550960,W,1,0,0.0,0.0000,M,0.0000,M,0.0000,0
$GPRMC,230344.43,A,3719.0820580,N,12158.4550960,W,6.2721,33.9515,101220,,,,
$GPGGA,230345.43,3719.0850280,N,12158.4525700,W,1,0,0.0,0.0000,M,0.0000,M,0.0000,0
$GPRMC,230345.43,A,3719.0850280,N,12158.4525700,W,6.8224,34.0088,101220,,,,
$GPGGA,230346.43,3719.0880580,N,12158.4499420,W,1,0,0.0,0.0000,M,0.0000,M,0.0000,0
$GPRMC,230346.43,A,3719.0880580,N,12158.4499420,W,6.7682,34.5137,101220,,,,
$GPGGA,230347.43,3719.0909860,N,12158.4473620,W,1,0,0.0,0.0000,M,0.0000,M,0.0000,0
$GPRMC,230347.43,A,3719.0909860,N,12158.4473620,W,6.3320,34.8750,101220,,,,
$GPGGA,230348.43,3719.0936140,N,12158.4452980,W,1,0,0.0,0.0000,M,0.0000,M,0.0000,0
$GPRMC,230348.43,A,3719.0936140,N,12158.4452980,W,5.0963,29.7938,101220,,,,
$GPGGA,230349.43,3719.0958160,N,12158.4448180,W,1,0,0.0,0.0000,M,0.0000,M,0.0000,0
$GPRMC,230349.43,A,3719.0958160,N,12158.4448180,W,3.7743,6.5632,101220,,,,
$GPGGA,230350.43,3719.0971540,N,12158.4462940,W,1,0,0.0,0.0000,M,0.0000,M,0.0000,0
$GPRMC,230350.43,A,3719.0971540,N,12158.4462940,W,3.3797,326.4456,101220,,,,
$GPGGA,230351.43,3719.0972020,N,12158.4486400,W,1,0,0.0,0.0000,M,0.0000,M,0.0000,0
$GPRMC,230351.43,A,3719.0972020,N,12158.4486400,W,3.6487,282.9614,101220,,,,
$GPGGA,230352.43,3719.0958700,N,12158.4507160,W,1,0,0.0,0.0000,M,0.0000,M,0.0000,0
$GPRMC,230352.43,A,3719.0958700,N,12158.4507160,W,4.4495,241.4576,101220,,,,
$GPGGA,230353.43,3719.0934940,N,12158.4523840,W,1,0,0.0,0.0000,M,0.0000,M,0.0000,0
$GPRMC,230353.43,A,3719.0934940,N,12158.4523840,W,5.9250,214.4696,101220,,,,
$GPGGA,230354.43,3719.0901400,N,12158.4544180,W,1,0,0.0,0.0000,M,0.0000,M,0.0000,0
$GPRMC,230354.43,A,3719.0901400,N,12158.4544180,W,7.9813,207.1178,101220,,,,
$GPGGA,230355.43,3719.0857720,N,12158.4574180,W,1,0,0.0,0.0000,M,0.0000,M,0.0000,0
$GPRMC,230355.43,A,3719.0857720,N,12158.4574180,W,10.4427,209.5204,101220,,,,
$GPGGA,230356.43,3719.0804380,N,12158.4615160,W,1,0,0.0,0.0000,M,0.0000,M,0.0000,0
$GPRMC,230356.43,A,3719.0804380,N,12158.4615160,W,12.6266,212.1332,101220,,,,
$GPGGA,230357.43,3719.0741980,N,12158.4664300,W,1,0,0.0,0.0000,M,0.0000,M,0.0000,0
$GPRMC,230357.43,A,3719.0741980,N,12158.4664300,W,14.5820,211.9807,101220,,,,
$GPGGA,230358.43,3719.0671240,N,12158.4717640,W,1,0,0.0,0.0000,M,0.0000,M,0.0000,0
$GPRMC,230358.43,A,3719.0671240,N,12158.4717640,W,15.8745,210.7886,101220,,,,
$GPGGA,230359.43,3719.0596660,N,12158.4772480,W,1,0,0.0,0.0000,M,0.0000,M,0.0000,0
$GPRMC,230359.43,A,3719.0596660,N,12158.4772480,W,15.9814,210.5599,101220,,,,
$GPGGA,230400.43,3719.0523040,N,12158.4827740,W,1,0,0.0,0.0000,M,0.0000,M,0.0000,0
$GPRMC,230400.43,A,3719.0523040,N,12158.4827740,W,15.7650,211.4379,101220,,,,
$GPGGA,230401.43,3719.0451520,N,12158.4883780,W,1,0,0.0,0.0000,M,0.0000,M,0.0000,0
$GPRMC,230401.43,A,3719.0451520,N,12158.4883780,W,15.4252,212.5362,101220,,,,
$GPGGA,230402.43,3719.0383240,N,12158.4938980,W,1,0,0.0,0.0000,M,0.0000,M,0.0000,0
$GPRMC,230402.43,A,3719.0383240,N,12158.4938980,W,14.5127,213.1421,101220,,,,
$GPGGA,230403.43,3719.0321560,N,12158.4989800,W,1,0,0.0,0.0000,M,0.0000,M,0.0000,0
$GPRMC,230403.43,A,3719.0321560,N,12158.4989800,W,12.6672,213.5496,101220,,,,
$GPGGA,230404.43,3719.0269720,N,12158.5033120,W,1,0,0.0,0.0000,M,0.0000,M,0.0000,0
$GPRMC,230404.43,A,3719.0269720,N,12158.5033120,W,10.3795,213.8080,101220,,,,
$GPGGA,230405.43,3719.0228560,N,12158.5067620,W,1,0,0.0,0.0000,M,0.0000,M,0.0000,0
$GPRMC,230405.43,A,3719.0228560,N,12158.5067620,W,7.9193,213.7078,101220,,,,
$GPGGA,230406.43,3719.0198680,N,12158.5092520,W,1,0,0.0,0.0000,M,0.0000,M,0.0000,0
$GPRMC,230406.43,A,3719.0198680,N,12158.5092520,W,5.3595,213.6734,101220,,,,
$GPGGA,230407.43,3719.0179840,N,12158.5108240,W,1,0,0.0,0.0000,M,0.0000,M,0.0000,0
$GPRMC,230407.43,A,3719.0179840,N,12158.5108240,W,3.0855,213.7702,101220,,,,
$GPGGA,230408.43,3719.0170540,N,12158.5116100,W,1,0,0.0,0.0000,M,0.0000,M,0.0000,0
$GPRMC,230408.43,A,3719.0170540,N,12158.5116100,W,1.1280,213.6994,101220,,,,
$GPGGA,230409.43,3719.0168020,N,12158.5118200,W,1,0,0.0,0.0000,M,0.0000,M,0.0000,0
$GPRMC,230409.43,A,3719.0168020,N,12158.5118200,W,0.0443,213.6193,101220,,,,
$GPGGA,230410.43,3719.0168080,N,12158.5118200,W,1,0,0.0,0.0000,M,0.0000,M,0.0000,0
$GPRMC,230410.43,A,3719.0168080,N,12158.5118200,W,0.0056,213.6192,101220,,,,
$GPGGA,230411.43,3719.0168080,N,12158.5118260,W,1,0,0.0,0.0000,M,0.0000,M,0.0000,0
$GPRMC,230411.43,A,3719.0168080,N,12158.5118260,W,0.0030,213.6162,101220,,,,
$GPGGA,230412.43,3719.0168080,N,12158.5118260,W,1,0,0.0,0.0000,M,0.0000,M,0.0000,0
$GPRMC,230412.43,A,3719.0168080,N,12158.5118260,W,0.0027,213.6151,101220,,,,
$GPGGA,230413.43,3719.0168080,N,12158.5118320,W,1,0,0.0,0.0000,M,0.0000,M,0.0000,0
$GPRMC,230413.43,A,3719.0168080,N,12158.5118320,W,0.0022,213.6142,101220,,,,
$GPGGA,230414.43,3719.0168080,N,12158.5118320,W,1,0,0.0,0.0000,M,0.0000,M,0.0000,0
$GPRMC,230414.43,A,3719.0168080,N,12158.5118320,W,0.0026,213.6132,101220,,,,
$GPGGA,230415.43,3719.0168080,N,12158.5118380,W,1,0,0.0,0.0000,M,0.0000,M,0.0000,0
$GPRMC,230415.43,A,3719.0168080,N,12158.5118380,W,0.0034,213.6122,101220,,,,
$GPGGA,230416.43,3719.0168020,N,12158.5118380,W,1,0,0.0,0.0000,M,0.0000,M,0.0000,0
$GPRMC,230416.43,A,3719.0168020,N,12158.5118380,W,0.0045,213.6111,101220,,,,
$GPGGA,230417.43,3719.0168020,N,12158.5118380,W,1,0,0.0,0.0000,M,0.0000,M,0.0000,0
$GPRMC,230417.43,A,3719.0168020,N,12158.5118380,W,0.0062,213.6103,101220,,,,
$GPGGA,230418.43,3719.0168020,N,12158.5118440,W,1,0,0.0,0.0000,M,0.0000,M,0.0000,0
$GPRMC,230418.43,A,3719.0168020,N,12158.5118440,W,0.0084,213.6095,101220,,,,
$GPGGA,230419.43,3719.0168080,N,12158.5118440,W,1,0,0.0,0.0000,M,0.0000,M,0.0000,0
$GPRMC,230419.43,A,3719.0168080,N,12158.5118440,W,0.0106,213.6086,101220,,,,
$GPGGA,230420.43,3719.0168080,N,12158.5118440,W,1,0,0.0,0.0000,M,0.0000,M,0.0000,0
$GPRMC,230420.43,A,3719.0168080,N,12158.5118440,W,0.0140,213.6075,101220,,,,
$GPGGA,230421.43,3719.0168080,N,12158.5118440,W,1,0,0.0,0.0000,M,0.0000,M,0.0000,0
$GPRMC,230421.43,A,3719.0168080,N,12158.5118440,W,0.0182,213.6064,101220,,,,
$GPGGA,230422.43,3719.0168140,N,12158.5118440,W,1,0,0.0,0.0000,M,0.0000,M,0.0000,0
$GPRMC,230422.43,A,3719.0168140,N,12158.5118440,W,0.0231,213.6055,101220,,,,
$GPGGA,230423.43,3719.0168200,N,12158.5118380,W,1,0,0.0,0.0000,M,0.0000,M,0.0000,0
$GPRMC,230423.43,A,3719.0168200,N,12158.5118380,W,0.0288,213.6046,101220,,,,
$GPGGA,230424.43,3719.0168260,N,12158.5118320,W,1,0,0.0,0.0000,M,0.0000,M,0.0000,0
$GPRMC,230424.43,A,3719.0168260,N,12158.5118320,W,0.0354,213.6038,101220,,,,
$GPGGA,230425.43,3719.0168380,N,12158.5118200,W,1,0,0.0,0.0000,M,0.0000,M,0.0000,0
$GPRMC,230425.43,A,3719.0168380,N,12158.5118200,W,0.0432,213.6027,101220,,,,
$GPGGA,230426.43,3719.0168440,N,12158.5118020,W,1,0,0.0,0.0000,M,0.0000,M,0.0000,0
$GPRMC,230426.43,A,3719.0168440,N,12158.5118020,W,0.0706,213.6029,101220,,,,
$GPGGA,230427.43,3719.0167060,N,12158.5119040,W,1,0,0.0,0.0000,M,0.0000,M,0.0000,0
$GPRMC,230427.43,A,3719.0167060,N,12158.5119040,W,0.8358,213.6080,101220,,,,
$GPGGA,230428.43,3719.0159440,N,12158.5125160,W,1,0,0.0,0.0000,M,0.0000,M,0.0000,0
$GPRMC,230428.43,A,3719.0159440,N,12158.5125160,W,2.6319,213.3923,101220,,,,
$GPGGA,230429.43,3719.0143000,N,12158.5136920,W,1,0,0.0,0.0000,M,0.0000,M,0.0000,0
$GPRMC,230429.43,A,3719.0143000,N,12158.5136920,W,4.2338,210.5624,101220,,,,
$GPGGA,230430.43,3719.0118220,N,12158.5148620,W,1,0,0.0,0.0000,M,0.0000,M,0.0000,0
$GPRMC,230430.43,A,3719.0118220,N,12158.5148620,W,5.6885,201.2335,101220,,,,
$GPGGA,230431.43,3719.0084860,N,12158.5151740,W,1,0,0.0,0.0000,M,0.0000,M,0.0000,0
$GPRMC,230431.43,A,3719.0084860,N,12158.5151740,W,6.9195,182.9064,101220,,,,
$GPGGA,230432.43,3719.0049520,N,12158.5136500,W,1,0,0.0,0.0000,M,0.0000,M,0.0000,0
$GPRMC,230432.43,A,3719.0049520,N,12158.5136500,W,7.4625,157.3167,101220,,,,
$GPGGA,230433.43,3719.0020540,N,12158.5099960,W,1,0,0.0,0.0000,M,0.0000,M,0.0000,0
$GPRMC,230433.43,A,3719.0020540,N,12158.5099960,W,8.5132,131.9279,101220,,,,
$GPGGA,230434.43,3718.9998100,N,12158.5044820,W,1,0,0.0,0.0000,M,0.0000,M,0.0000,0
$GPRMC,230434.43,A,3718.9998100,N,12158.5044820,W,10.1086,115.0749,101220,,,,
$GPGGA,230435.43,3718.9979440,N,12158.4975400,W,1,0,0.0,0.0000,M,0.0000,M,0.0000,0
$GPRMC,230435.43,A,3718.9979440,N,12158.4975400,W,11.5891,107.9909,101220,,,,
$GPGGA,230436.43,3718.9961980,N,12158.4895720,W,1,0,0.0,0.0000,M,0.0000,M,0.0000,0
$GPRMC,230436.43,A,3718.9961980,N,12158.4895720,W,12.8499,105.0376,101220,,,,
$GPGGA,230437.43,3718.9944160,N,12158.4807640,W,1,0,0.0,0.0000,M,0.0000,M,0.0000,0
$GPRMC,230437.43,A,3718.9944160,N,12158.4807640,W,14.0700,104.2443,101220,,,,
$GPGGA,230438.43,3718.9925080,N,12158.4711040,W,1,0,0.0,0.0000,M,0.0000,M,0.0000,0
$GPRMC,230438.43,A,3718.9925080,N,12158.4711040,W,15.3905,103.9518,101220,,,,
$GPGGA,230439.43,3718.9904320,N,12158.4605380,W,1,0,0.0,0.0000,M,0.0000,M,0.0000,0
$GPRMC,230439.43,A,3718.9904320,N,12158.4605380,W,16.7763,104.0665,101220,,,,
$GPGGA,230440.43,3718.9881340,N,12158.4490900,W,1,0,0.0,0.0000,M,0.0000,M,0.0000,0
$GPRMC,230440.43,A,3718.9881340,N,12158.4490900,W,18.0443,104.3760,101220,,,,
$GPGGA,230441.43,3718.9856740,N,12158.4369220,W,1,0,0.0,0.0000,M,0.0000,M,0.0000,0
$GPRMC,230441.43,A,3718.9856740,N,12158.4369220,W,18.9407,104.3155,101220,,,,
$GPGGA,230442.43,3718.9831540,N,12158.4243100,W,1,0,0.0,0.0000,M,0.0000,M,0.0000,0
$GPRMC,230442.43,A,3718.9831540,N,12158.4243100,W,19.4690,104.1687,101220,,,,
$GPGGA,230443.43,3718.9806280,N,12158.4113440,W,1,0,0.0,0.0000,M,0.0000,M,0.0000,0
$GPRMC,230443.43,A,3718.9806280,N,12158.4113440,W,20.0012,103.6462,101220,,,,
$GPGGA,230444.43,3718.9782340,N,12158.3979400,W,1,0,0.0,0.0000,M,0.0000,M,0.0000,0
$GPRMC,230444.43,A,3718.9782340,N,12158.3979400,W,20.6156,102.0125,101220,,,,
$GPGGA,230445.43,3718.9762360,N,12158.3840320,W,1,0,0.0,0.0000,M,0.0000,M,0.0000,0
$GPRMC,230445.43,A,3718.9762360,N,12158.3840320,W,21.2153,99.0017,101220,,,,
$GPGGA,230446.43,3718.9748380,N,12158.3695720,W,1,0,0.0,0.0000,M,0.0000,M,0.0000,0
$GPRMC,230446.43,A,3718.9748380,N,12158.3695720,W,21.9390,95.8472,101220,,,,
$GPGGA,230447.43,3718.9738900,N,12158.3544640,W,1,0,0.0,0.0000,M,0.0000,M,0.0000,0
$GPRMC,230447.43,A,3718.9738900,N,12158.3544640,W,22.8714,94.0377,101220,,,,
$GPGGA,230448.43,3718.9731100,N,12158.3387260,W,1,0,0.0,0.0000,M,0.0000,M,0.0000,0
$GPRMC,230448.43,A,3718.9731100,N,12158.3387260,W,23.6965,93.3928,101220,,,,
$GPGGA,230449.43,3718.9723840,N,12158.3225620,W,1,0,0.0,0.0000,M,0.0000,M,0.0000,0
$GPRMC,230449.43,A,3718.9723840,N,12158.3225620,W,24.0845,93.4772,101220,,,,
$GPGGA,230450.43,3718.9715620,N,12158.3063380,W,1,0,0.0,0.0000,M,0.0000,M,0.0000,0
$GPRMC,230450.43,A,3718.9715620,N,12158.3063380,W,23.8800,94.1865,101220,,,,
$GPGGA,230451.43,3718.9706320,N,12158.2903240,W,1,0,0.0,0.0000,M,0.0000,M,0.0000,0
$GPRMC,230451.43,A,3718.9706320,N,12158.2903240,W,23.5766,94.2288,101220,,,,
$GPGGA,230452.43,3718.9698340,N,12158.2744900,W,1,0,0.0,0.0000,M,0.0000,M,0.0000,0
$GPRMC,230452.43,A,3718.9698340,N,12158.2744900,W,23.3332,93.0845,101220,,,,
$GPGGA,230453.43,3718.9693660,N,12158.2587400,W,1,0,0.0,0.0000,M,0.0000,M,0.0000,0
$GPRMC,230453.43,A,3718.9693660,N,12158.2587400,W,23.3330,91.5078,101220,,,,
$GPGGA,230454.43,3718.9691920,N,12158.2428280,W,1,0,0.0,0.0000,M,0.0000,M,0.0000,0
$GPRMC,230454.43,A,3718.9691920,N,12158.2428280,W,23.7591,90.5272,101220,,,,
$GPGGA,230455.43,3718.9691680,N,12158.2265320,W,1,0,0.0,0.0000,M,0.0000,M,0.0000,0
$GPRMC,230455.43,A,3718.9691680,N,12158.2265320,W,24.3958,90.0616,101220,,,,
$GPGGA,230456.43,3718.9692580,N,12158.2098100,W,1,0,0.0,0.0000,M,0.0000,M,0.0000,0
$GPRMC,230456.43,A,3718.9692580,N,12158.2098100,W,25.0379,89.3698,101220,,,,
$GPGGA,230457.43,3718.9695580,N,12158.1927280,W,1,0,0.0,0.0000,M,0.0000,M,0.0000,0
$GPRMC,230457.43,A,3718.9695580,N,12158.1927280,W,25.4320,88.4118,101220,,,,
$GPGGA,230458.43,3718.9700200,N,12158.1755140,W,1,0,0.0,0.0000,M,0.0000,M,0.0000,0
$GPRMC,230458.43,A,3718.9700200,N,12158.1755140,W,25.4072,88.0325,101220,,,,
$GPGGA,230459.43,3718.9705060,N,12158.1583480,W,1,0,0.0,0.0000,M,0.0000,M,0.0000,0
$GPRMC,230459.43,A,3718.9705060,N,12158.1583480,W,25.3644,88.0006,101220,,,,
$GPGGA,230500.43,3718.9710100,N,12158.1411520,W,1,0,0.0,0.0000,M,0.0000,M,0.0000,0
$GPRMC,230500.43,A,3718.9710100,N,12158.1411520,W,25.4945,87.8335,101220,,,,
$GPGGA,230501.43,3718.9715680,N,12158.1238360,W,1,0,0.0,0.0000,M,0.0000,M,0.0000,0
$GPRMC,230501.43,A,3718.9715680,N,12158.1238360,W,25.7127,87.6655,101220,,,,
$GPGGA,230502.43,3718.9721260,N,12158.1063820,W,1,0,0.0,0.0000,M,0.0000,M,0.0000,0
$GPRMC,230502.43,A,3718.9721260,N,12158.1063820,W,25.9097,87.7961,101220,,,,
$GPGGA,230503.43,3718.9726600,N,12158.0888020,W,1,0,0.0,0.0000,M,0.0000,M,0.0000,0
$GPRMC,230503.43,A,3718.9726600,N,12158.0888020,W,26.0617,87.7870,101220,,,,
$GPGGA,230504.43,3718.9732480,N,12158.0711320,W,1,0,0.0,0.0000,M,0.0000,M,0.0000,0
$GPRMC,230504.43,A,3718.9732480,N,12158.0711320,W,26.1545,87.6052,101220,,,,
$GPGGA,230505.43,3718.9738480,N,12158.0534800,W,1,0,0.0,0.0000,M,0.0000,M,0.0000,0
$GPRMC,230505.43,A,3718.9738480,N,12158.0534800,W,25.9969,87.6627,101220,,,,
$GPGGA,230506.43,3718.9744060,N,12158.0360320,W,1,0,0.0,0.0000,M,0.0000,M,0.0000,0
$GPRMC,230506.43,A,3718.9744060,N,12158.0360320,W,25.5878,87.7497,101220,,,,
$GPGGA,230507.43,3718.9749340,N,12158.0188840,W,1,0,0.0,0.0000,M,0.0000,M,0.0000,0
$GPRMC,230507.43,A,3718.9749340,N,12158.0188840,W,25.1053,87.8147,101220,,,,
$GPGGA,230508.43,3718.9754380,N,12158.0020780,W,1,0,0.0,0.0000,M,0.0000,M,0.0000,0
$GPRMC,230508.43,A,3718.9754380,N,12158.0020780,W,24.5962,87.8743,101220,,,,
$GPGGA,230509.43,3718.9759420,N,12157.9856140,W,1,0,0.0,0.0000,M,0.0000,M,0.0000,0
$GPRMC,230509.43,A,3718.9759420,N,12157.9856140,W,24.0932,87.7736,101220,,,,
$GPGGA,230510.43,3718.9764520,N,12157.9694680,W,1,0,0.0,0.0000,M,0.0000,M,0.0000,0
$GPRMC,230510.43,A,3718.9764520,N,12157.9694680,W,23.6593,87.7653,101220,,,,
$GPGGA,230511.43,3718.9769560,N,12157.9535680,W,1,0,0.0,0.0000,M,0.0000,M,0.0000,0
$GPRMC,230511.43,A,3718.9769560,N,12157.9535680,W,23.3747,87.7961,101220,,,,
$GPGGA,230512.43,3718.9774540,N,12157.9378180,W,1,0,0.0,0.0000,M,0.0000,M,0.0000,0
$GPRMC,230512.43,A,3718.9774540,N,12157.9378180,W,23.2055,87.7461,101220,,,,
$GPGGA,230513.43,3718.9779580,N,12157.9221700,W,1,0,0.0,0.0000,M,0.0000,M,0.0000,0
$GPRMC,230513.43,A,3718.9779580,N,12157.9221700,W,23.0647,87.6815,101220,,,,
$GPGGA,230514.43,3718.9784740,N,12157.9066300,W,1,0,0.0,0.0000,M,0.0000,M,0.0000,0
$GPRMC,230514.43,A,3718.9784740,N,12157.9066300,W,22.8647,87.7395,101220,,,,
$GPGGA,230515.43,3718.9789300,N,12157.8912580,W,1,0,0.0,0.0000,M,0.0000,M,0.0000,0
$GPRMC,230515.43,A,3718.9789300,N,12157.8912580,W,22.5710,88.0202,101220,,,,
$GPGGA,230516.43,3718.9793440,N,12157.8760840,W,1,0,0.0,0.0000,M,0.0000,M,0.0000,0
$GPRMC,230516.43,A,3718.9793440,N,12157.8760840,W,22.3298,88.1125,101220,,,,
$GPGGA,230517.43,3718.9797280,N,12157.8609880,W,1,0,0.0,0.0000,M,0.0000,M,0.0000,0
$GPRMC,230517.43,A,3718.9797280,N,12157.8609880,W,22.3294,88.2757,101220,,,,
$GPGGA,230518.43,3718.9800400,N,12157.8458020,W,1,0,0.0,0.0000,M,0.0000,M,0.0000,0
$GPRMC,230518.43,A,3718.9800400,N,12157.8458020,W,22.5695,88.8600,101220,,,,
$GPGGA,230519.43,3718.9802020,N,12157.8304120,W,1,0,0.0,0.0000,M,0.0000,M,0.0000,0
$GPRMC,230519.43,A,3718.9802020,N,12157.8304120,W,22.9072,89.6554,101220,,,,
$GPGGA,230520.43,3718.9801900,N,12157.8147520,W,1,0,0.0,0.0000,M,0.0000,M,0.0000,0
$GPRMC,230520.43,A,3718.9801900,N,12157.8147520,W,23.3587,90.3885,101220,,,,
$GPGGA,230521.43,3718.9800460,N,12157.7987380,W,1,0,0.0,0.0000,M,0.0000,M,0.0000,0
$GPRMC,230521.43,A,3718.9800460,N,12157.7987380,W,23.9465,90.8436,101220,,,,
$GPGGA,230522.43,3718.9798240,N,12157.7823400,W,1,0,0.0,0.0000,M,0.0000,M,0.0000,0
$GPRMC,230522.43,A,3718.9798240,N,12157.7823400,W,24.4444,91.1206,101220,,,,
$GPGGA,230523.43,3718.9795720,N,12157.7657260,W,1,0,0.0,0.0000,M,0.0000,M,0.0000,0
$GPRMC,230523.43,A,3718.9795720,N,12157.7657260,W,24.5706,91.0751,101220,,,,
$GPGGA,230524.43,3718.9793320,N,12157.7491300,W,1,0,0.0,0.0000,M,0.0000,M,0.0000,0
$GPRMC,230524.43,A,3718.9793320,N,12157.7491300,W,24.4793,90.9550,101220,,,,
$GPGGA,230525.43,3718.9791160,N,12157.7326000,W,1,0,0.0,0.0000,M,0.0000,M,0.0000,0
$GPRMC,230525.43,A,3718.9791160,N,12157.7326000,W,24.3769,90.9913,101220,,,,
$GPGGA,230526.43,3718.9788820,N,12157.7161240,W,1,0,0.0,0.0000,M,0.0000,M,0.0000,0
$GPRMC,230526.43,A,3718.9788820,N,12157.7161240,W,24.3088,91.1158,101220,,,,
$GPGGA,230527.43,3718.9786300,N,12157.6996840,W,1,0,0.0,0.0000,M,0.0000,M,0.0000,0
$GPRMC,230527.43,A,3718.9786300,N,12157.6996840,W,24.2641,91.1159,101220,,,,
$GPGGA,230528.43,3718.9783840,N,12157.6832560,W,1,0,0.0,0.0000,M,0.0000,M,0.0000,0
$GPRMC,230528.43,A,3718.9783840,N,12157.6832560,W,24.2850,90.9304,101220,,,,
$GPGGA,230529.43,3718.9781920,N,12157.6668100,W,1,0,0.0,0.0000,M,0.0000,M,0.0000,0
$GPRMC,230529.43,A,3718.9781920,N,12157.6668100,W,24.3096,90.8796,101220,,,,
$GPGGA,230530.43,3718.9779760,N,12157.6503820,W,1,0,0.0,0.0000,M,0.0000,M,0.0000,0
$GPRMC,230530.43,A,3718.9779760,N,12157.6503820,W,24.2231,90.9426,101220,,,,
$GPGGA,230531.43,3718.9777600,N,12157.6340380,W,1,0,0.0,0.0000,M,0.0000,M,0.0000,0
$GPRMC,230531.43,A,3718.9777600,N,12157.6340380,W,24.0740,90.9511,101220,,,,
$GPGGA,230532.43,3718.9775620,N,12157.6178080,W,1,0,0.0,0.0000,M,0.0000,M,0.0000,0
$GPRMC,230532.43,A,3718.9775620,N,12157.6178080,W,23.8986,90.8487,101220,,,,
$GPGGA,230533.43,3718.9773820,N,12157.6016980,W,1,0,0.0,0.0000,M,0.0000,M,0.0000,0
$GPRMC,230533.43,A,3718.9773820,N,12157.6016980,W,23.7166,90.8690,101220,,,,
$GPGGA,230534.43,3718.9771780,N,12157.5857200,W,1,0,0.0,0.0000,M,0.0000,M,0.0000,0
$GPRMC,230534.43,A,3718.9771780,N,12157.5857200,W,23.4884,90.9570,101220,,,,
$GPGGA,230535.43,3718.9769740,N,12157.5698740,W,1,0,0.0,0.0000,M,0.0000,M,0.0000,0
$GPRMC,230535.43,A,3718.9769740,N,12157.5698740,W,23.3920,90.9857,101220,,,,
$GPGGA,230536.43,3718.9767040,N,12157.5539560,W,1,0,0.0,0.0000,M,0.0000,M,0.0000,0
$GPRMC,230536.43,A,3718.9767040,N,12157.5539560,W,23.7032,91.5157,101220,,,,
$GPGGA,230537.43,3718.9762300,N,12157.5376660,W,1,0,0.0,0.0000,M,0.0000,M,0.0000,0
$GPRMC,230537.43,A,3718.9762300,N,12157.5376660,W,24.5041,92.5420,101220,,,,
$GPGGA,230538.43,3718.9755880,N,12157.5207100,W,1,0,0.0,0.0000,M,0.0000,M,0.0000,0
$GPRMC,230538.43,A,3718.9755880,N,12157.5207100,W,25.6670,92.7193,101220,,,,
$GPGGA,230539.43,3718.9750720,N,12157.5029920,W,1,0,0.0,0.0000,M,0.0000,M,0.0000,0
$GPRMC,230539.43,A,3718.9750720,N,12157.5029920,W,26.6907,91.4144,101220,,,,
$GPGGA,230540.43,3718.9749820,N,12157.4846560,W,1,0,0.0,0.0000,M,0.0000,M,0.0000,0
$GPRMC,230540.43,A,3718.9749820,N,12157.4846560,W,27.4200,89.5873,101220,,,,
$GPGGA,230541.43,3718.9752760,N,12157.4658940,W,1,0,0.0,0.0000,M,0.0000,M,0.0000,0
$GPRMC,230541.43,A,3718.9752760,N,12157.4658940,W,28.0422,88.3715,101220,,,,
$GPGGA,230542.43,3718.9758400,N,12157.4467240,W,1,0,0.0,0.0000,M,0.0000,M,0.0000,0
$GPRMC,230542.43,A,3718.9758400,N,12157.4467240,W,28.6161,87.5793,101220,,,,
$GPGGA,230543.43,3718.9766080,N,12157.4272900,W,1,0,0.0,0.0000,M,0.0000,M,0.0000,0
$GPRMC,230543.43,A,3718.9766080,N,12157.4272900,W,28.8361,86.8706,101220,,,,
$GPGGA,230544.43,3718.9775740,N,12157.4078860,W,1,0,0.0,0.0000,M,0.0000,M,0.0000,0
$GPRMC,230544.43,A,3718.9775740,N,12157.4078860,W,28.5731,86.0738,101220,,,,
$GPGGA,230545.43,3718.9787500,N,12157.3887220,W,1,0,0.0,0.0000,M,0.0000,M,0.0000,0
$GPRMC,230545.43,A,3718.9787500,N,12157.3887220,W,28.2368,85.2430,101220,,,,
$GPGGA,230546.43,3718.9800820,N,12157.3697860,W,1,0,0.0,0.0000,M,0.0000,M,0.0000,0
$GPRMC,230546.43,A,3718.9800820,N,12157.3697860,W,27.9307,84.7659,101220,,,,
$GPGGA,230547.43,3718.9814860,N,12157.3510660,W,1,0,0.0,0.0000,M,0.0000,M,0.0000,0
$GPRMC,230547.43,A,3718.9814860,N,12157.3510660,W,27.6351,84.5563,101220,,,,
$GPGGA,230548.43,3718.9828660,N,12157.3325500,W,1,0,0.0,0.0000,M,0.0000,M,0.0000,0
$GPRMC,230548.43,A,3718.9828660,N,12157.3325500,W,27.3309,84.7542,101220,,,,
$GPGGA,230549.43,3718.9841260,N,12157.3142200,W,1,0,0.0,0.0000,M,0.0000,M,0.0000,0
$GPRMC,230549.43,A,3718.9841260,N,12157.3142200,W,27.0013,85.4796,101220,,,,
$GPGGA,230550.43,3718.9851280,N,12157.2961120,W,1,0,0.0,0.0000,M,0.0000,M,0.0000,0
$GPRMC,230550.43,A,3718.9851280,N,12157.2961120,W,26.6530,86.7339,101220,,,,
$GPGGA,230551.43,3718.9857580,N,12157.2781420,W,1,0,0.0,0.0000,M,0.0000,M,0.0000,0
$GPRMC,230551.43,A,3718.9857580,N,12157.2781420,W,26.5292,88.1678,101220,,,,
$GPGGA,230552.43,3718.9861120,N,12157.2601720,W,1,0,0.0,0.0000,M,0.0000,M,0.0000,0
$GPRMC,230552.43,A,3718.9861120,N,12157.2601720,W,26.5768,88.7739,101220,,,,
$GPGGA,230553.43,3718.9864060,N,12157.2422200,W,1,0,0.0,0.0000,M,0.0000,M,0.0000,0
$GPRMC,230553.43,A,3718.9864060,N,12157.2422200,W,26.4074,88.7832,101220,,,,
$GPGGA,230554.43,3718.9867060,N,12157.2244540,W,1,0,0.0,0.0000,M,0.0000,M,0.0000,0
$GPRMC,230554.43,A,3718.9867060,N,12157.2244540,W,26.0643,88.6779,101220,,,,
$GPGGA,230555.43,3718.9870300,N,12157.2069580,W,1,0,0.0,0.0000,M,0.0000,M,0.0000,0
$GPRMC,230555.43,A,3718.9870300,N,12157.2069580,W,25.6393,88.4952,101220,,,,
$GPGGA,230556.43,3718.9874020,N,12157.1897620,W,1,0,0.0,0.0000,M,0.0000,M,0.0000,0
$GPRMC,230556.43,A,3718.9874020,N,12157.1897620,W,25.1868,88.2932,101220,,,,
$GPGGA,230557.43,3718.9877860,N,12157.1728780,W,1,0,0.0,0.0000,M,0.0000,M,0.0000,0
$GPRMC,230557.43,A,3718.9877860,N,12157.1728780,W,24.7250,88.3527,101220,,,,
$GPGGA,230558.43,3718.9881040,N,12157.1563600,W,1,0,0.0,0.0000,M,0.0000,M,0.0000,0
$GPRMC,230558.43,A,3718.9881040,N,12157.1563600,W,23.9815,88.7173,101220,,,,
$GPGGA,230559.43,3718.9883500,N,12157.1406280,W,1,0,0.0,0.0000,M,0.0000,M,0.0000,0
$GPRMC,230559.43,A,3718.9883500,N,12157.1406280,W,22.3414,88.7722,101220,,,,
$GPGGA,230600.43,3718.9886020,N,12157.1263300,W,1,0,0.0,0.0000,M,0.0000,M,0.0000,0
$GPRMC,230600.43,A,3718.9886020,N,12157.1263300,W,19.8530,88.4335,101220,,,,
$GPGGA,230601.43,3718.9888540,N,12157.1138560,W,1,0,0.0,0.0000,M,0.0000,M,0.0000,0
$GPRMC,230601.43,A,3718.9888540,N,12157.1138560,W,17.0007,88.4974,101220,,,,
$GPGGA,230602.43,3718.9887880,N,12157.1033920,W,1,0,0.0,0.0000,M,0.0000,M,0.0000,0
$GPRMC,230602.43,A,3718.9887880,N,12157.1033920,W,13.8458,93.2404,101220,,,,
$GPGGA,230603.43,3718.9875280,N,12157.0952080,W,1,0,0.0,0.0000,M,0.0000,M,0.0000,0
$GPRMC,230603.43,A,3718.9875280,N,12157.0952080,W,11.0390,108.3159,101220,,,,
$GPGGA,230604.43,3718.9846060,N,12157.0896460,W,1,0,0.0,0.0000,M,0.0000,M,0.0000,0
$GPRMC,230604.43,A,3718.9846060,N,12157.0896460,W,9.1351,132.3364,101220,,,,
$GPGGA,230605.43,3718.9807000,N,12157.0867900,W,1,0,0.0,0.0000,M,0.0000,M,0.0000,0
$GPRMC,230605.43,A,3718.9807000,N,12157.0867900,W,7.8997,156.1967,101220,,,,
$GPGGA,230606.43,3718.9767460,N,12157.0855180,W,1,0,0.0,0.0000,M,0.0000,M,0.0000,0
$GPRMC,230606.43,A,3718.9767460,N,12157.0855180,W,7.2319,166.5605,101220,,,,
$GPGGA,230607.43,3718.9732420,N,12157.0839040,W,1,0,0.0,0.0000,M,0.0000,M,0.0000,0
$GPRMC,230607.43,A,3718.9732420,N,12157.0839040,W,6.8134,156.9085,101220,,,,
$GPGGA,230608.43,3718.9705240,N,12157.0811560,W,1,0,0.0,0.0000,M,0.0000,M,0.0000,0
$GPRMC,230608.43,A,3718.9705240,N,12157.0811560,W,6.5253,137.6530,101220,,,,
$GPGGA,230609.43,3718.9688380,N,12157.0775440,W,1,0,0.0,0.0000,M,0.0000,M,0.0000,0
$GPRMC,230609.43,A,3718.9688380,N,12157.0775440,W,6.2797,117.4776,101220,,,,
$GPGGA,230610.43,3718.9682260,N,12157.0735180,W,1,0,0.0,0.0000,M,0.0000,M,0.0000,0
$GPRMC,230610.43,A,3718.9682260,N,12157.0735180,W,6.2296,99.6043,101220,,,,
$GPGGA,230611.43,3718.9681480,N,12157.0691920,W,1,0,0.0,0.0000,M,0.0000,M,0.0000,0
$GPRMC,230611.43,A,3718.9681480,N,12157.0691920,W,6.7509,91.6243,101220,,,,
$GPGGA,230612.43,3718.9681240,N,12157.0644640,W,1,0,0.0,0.0000,M,0.0000,M,0.0000,0
$GPRMC,230612.43,A,3718.9681240,N,12157.0644640,W,7.1979,90.5915,101220,,,,
$GPGGA,230613.43,3718.9681060,N,12157.0595740,W,1,0,0.0,0.0000,M,0.0000,M,0.0000,0
$GPRMC,230613.43,A,3718.9681060,N,12157.0595740,W,7.1400,90.5641,101220,,,,
$GPGGA,230614.43,3718.9680520,N,12157.0549060,W,1,0,0.0,0.0000,M,0.0000,M,0.0000,0
$GPRMC,230614.43,A,3718.9680520,N,12157.0549060,W,6.5423,91.2132,101220,,,,
$GPGGA,230615.43,3718.9679560,N,12157.0508680,W,1,0,0.0,0.0000,M,0.0000,M,0.0000,0
$GPRMC,230615.43,A,3718.9679560,N,12157.0508680,W,5.3241,92.1746,101220,,,,
$GPGGA,230616.43,3718.9678540,N,12157.0477900,W,1,0,0.0,0.0000,M,0.0000,M,0.0000,0
$GPRMC,230616.43,A,3718.9678540,N,12157.0477900,W,3.7819,92.7750,101220,,,,
$GPGGA,230617.43,3718.9677820,N,12157.0457080,W,1,0,0.0,0.0000,M,0.0000,M,0.0000,0
$GPRMC,230617.43,A,3718.9677820,N,12157.0457080,W,2.4290,92.8251,101220,,,,
$GPGGA,230618.43,3718.9677400,N,12157.0444360,W,1,0,0.0,0.0000,M,0.0000,M,0.0000,0
$GPRMC,230618.43,A,3718.9677400,N,12157.0444360,W,1.3347,92.7569,101220,,,,
$GPGGA,230619.43,3718.9677220,N,12157.0438900,W,1,0,0.0,0.0000,M,0.0000,M,0.0000,0
$GPRMC,230619.43,A,3718.9677220,N,12157.0438900,W,0.3822,92.7218,101220,,,,
$GPGGA,230620.43,3718.9677220,N,12157.0438240,W,1,0,0.0,0.0000,M,0.0000,M,0.0000,0
$GPRMC,230620.43,A,3718.9677220,N,12157.0438240,W,0.0107,92.7142,101220,,,,
$GPGGA,230621.43,3718.9677280,N,12157.0438180,W,1,0,0.0,0.0000,M,0.0000,M,0.0000,0
$GPRMC,230621.43,A,3718.9677280,N,12157.0438180,W,0.0080,92.7115,101220,,,,
$GPGGA,230622.43,3718.9677340,N,12157.0438180,W,1,0,0.0,0.0000,M,0.0000,M,0.0000,0
$GPRMC,230622.43,A,3718.9677340,N,12157.0438180,W,0.0060,92.7100,101220,,,,
$GPGGA,230623.43,3718.9677340,N,12157.0438180,W,1,0,0.0,0.0000,M,0.0000,M,0.0000,0
$GPRMC,230623.43,A,3718.9677340,N,12157.0438180,W,0.0048,92.7095,101220,,,,
$GPGGA,230624.43,3718.9677340,N,12157.0438120,W,1,0,0.0,0.0000,M,0.0000,M,0.0000,0
$GPRMC,230624.43,A,3718.9677340,N,12157.0438120,W,0.0043,92.7084,101220,,,,
$GPGGA,230625.43,3718.9677340,N,12157.0438120,W,1,0,0.0,0.0000,M,0.0000,M,0.0000,0
$GPRMC,230625.43,A,3718.9677340,N,12157.0438120,W,0.0041,92.7073,101220,,,,
$GPGGA,230626.43,3718.9677340,N,12157.0438120,W,1,0,0.0,0.0000,M,0.0000,M,0.0000,0
$GPRMC,230626.43,A,3718.9677340,N,12157.0438120,W,0.0041,92.7062,101220,,,,
$GPGGA,230627.43,3718.9677340,N,12157.0438120,W,1,0,0.0,0.0000,M,0.0000,M,0.0000,0
$GPRMC,230627.43,A,3718.9677340,N,12157.0438120,W,0.0036,92.7053,101220,,,,
$GPGGA,230628.43,3718.9677340,N,12157.0438120,W,1,0,0.0,0.0000,M,0.0000,M,0.0000,0
$GPRMC,230628.43,A,3718.9677340,N,12157.0438120,W,0.0027,92.7042,101220,,,,
$GPGGA,230629.43,3718.9677340,N,12157.0438060,W,1,0,0.0,0.0000,M,0.0000,M,0.0000,0
$GPRMC,230629.43,A,3718.9677340,N,12157.0438060,W,0.0019,92.7031,101220,,,,
$GPGGA,230630.43,3718.9677340,N,12157.0438060,W,1,0,0.0,0.0000,M,0.0000,M,0.0000,0
$GPRMC,230630.43,A,3718.9677340,N,12157.0438060,W,0.0017,92.7019,101220,,,,
$GPGGA,230631.43,3718.9677340,N,12157.0438060,W,1,0,0.0,0.0000,M,0.0000,M,0.0000,0
$GPRMC,230631.43,A,3718.9677340,N,12157.0438060,W,0.0027,92.7008,101220,,,,
$GPGGA,230632.43,3718.9677340,N,12157.0438060,W,1,0,0.0,0.0000,M,0.0000,M,0.0000,0
$GPRMC,230632.43,A,3718.9677340,N,12157.0438060,W,0.0048,92.6998,101220,,,,
$GPGGA,230633.43,3718.9677340,N,12157.0437880,W,1,0,0.0,0.0000,M,0.0000,M,0.0000,0
$GPRMC,230633.43,A,3718.9677340,N,12157.0437880,W,0.1361,92.6956,101220,,,,
$GPGGA,230634.43,3718.9677280,N,12157.0434880,W,1,0,0.0,0.0000,M,0.0000,M,0.0000,0
$GPRMC,230634.43,A,3718.9677280,N,12157.0434880,W,0.9401,92.6533,101220,,,,
$GPGGA,230635.43,3718.9676860,N,12157.0422760,W,1,0,0.0,0.0000,M,0.0000,M,0.0000,0
$GPRMC,230635.43,A,3718.9676860,N,12157.0422760,W,2.7493,92.7504,101220,,,,
$GPGGA,230636.43,3718.9675780,N,12157.0396840,W,1,0,0.0,0.0000,M,0.0000,M,0.0000,0
$GPRMC,230636.43,A,3718.9675780,N,12157.0396840,W,4.7738,93.0681,101220,,,,
$GPGGA,230637.43,3718.9674160,N,12157.0359820,W,1,0,0.0,0.0000,M,0.0000,M,0.0000,0
$GPRMC,230637.43,A,3718.9674160,N,12157.0359820,W,6.0291,93.1016,101220,,,,
$GPGGA,230638.43,3718.9672600,N,12157.0316440,W,1,0,0.0,0.0000,M,0.0000,M,0.0000,0
$GPRMC,230638.43,A,3718.9672600,N,12157.0316440,W,6.8699,92.6700,101220,,,,
$GPGGA,230639.43,3718.9671280,N,12157.0267120,W,1,0,0.0,0.0000,M,0.0000,M,0.0000,0
$GPRMC,230639.43,A,3718.9671280,N,12157.0267120,W,7.6219,91.9881,101220,,,,
$GPGGA,230640.43,3718.9671460,N,12157.0214920,W,1,0,0.0,0.0000,M,0.0000,M,0.0000,0
$GPRMC,230640.43,A,3718.9671460,N,12157.0214920,W,7.7175,88.8303,101220,,,,
$GPGGA,230641.43,3718.9677100,N,12157.0164640,W,1,0,0.0,0.0000,M,0.0000,M,0.0000,0
$GPRMC,230641.43,A,3718.9677100,N,12157.0164640,W,7.4571,79.5054,101220,,,,
$GPGGA,230642.43,3718.9691980,N,12157.0120240,W,1,0,0.0,0.0000,M,0.0000,M,0.0000,0
$GPRMC,230642.43,A,3718.9691980,N,12157.0120240,W,7.1148,64.1006,101220,,,,
$GPGGA,230643.43,3718.9716880,N,12157.0087000,W,1,0,0.0,0.0000,M,0.0000,M,0.0000,0
$GPRMC,230643.43,A,3718.9716880,N,12157.0087000,W,6.8259,42.5872,101220,,,,
$GPGGA,230644.43,3718.9749640,N,12157.0071400,W,1,0,0.0,0.0000,M,0.0000,M,0.0000,0
$GPRMC,230644.43,A,3718.9749640,N,12157.0071400,W,6.8551,17.3730,101220,,,,
$GPGGA,230645.43,3718.9787860,N,12157.0069540,W,1,0,0.0,0.0000,M,0.0000,M,0.0000,0
$GPRMC,230645.43,A,3718.9787860,N,12157.0069540,W,7.7979,1.9109,101220,,,,
$GPGGA,230646.43,3718.9835740,N,12157.0071100,W,1,0,0.0,0.0000,M,0.0000,M,0.0000,0
$GPRMC,230646.43,A,3718.9835740,N,12157.0071100,W,10.0516,359.5795,101220,,,,
$GPGGA,230647.43,3718.9898020,N,12157.0072540,W,1,0,0.0,0.0000,M,0.0000,M,0.0000,0
$GPRMC,230647.43,A,3718.9898020,N,12157.0072540,W,12.9000,359.5629,101220,,,,
$GPGGA,230648.43,3718.9972780,N,12157.0073440,W,1,0,0.0,0.0000,M,0.0000,M,0.0000,0
$GPRMC,230648.43,A,3718.9972780,N,12157.0073440,W,14.5997,359.8070,101220,,,,
$GPGGA,230649.43,3719.0052220,N,12157.0073980,W,1,0,0.0,0.0000,M,0.0000,M,0.0000,0
$GPRMC,230649.43,A,3719.0052220,N,12157.0073980,W,14.4114,359.9605,101220,,,,
$GPGGA,230650.43,3719.0125840,N,12157.0074220,W,1,0,0.0,0.0000,M,0.0000,M,0.0000,0
$GPRMC,230650.43,A,3719.0125840,N,12157.0074220,W,12.4728,0.0153,101220,,,,
$GPGGA,230651.43,3719.0184760,N,12157.0074220,W,1,0,0.0,0.0000,M,0.0000,M,0.0000,0
$GPRMC,230651.43,A,3719.0184760,N,12157.0074220,W,9.2531,0.1715,101220,,,,
$GPGGA,230652.43,3719.0225680,N,12157.0074220,W,1,0,0.0,0.0000,M,0.0000,M,0.0000,0
$GPRMC,230652.43,A,3719.0225680,N,12157.0074220,W,5.9311,0.2782,101220,,,,
$GPGGA,230653.43,3719.0250040,N,12157.0074160,W,1,0,0.0,0.0000,M,0.0000,M,0.0000,0
$GPRMC,230653.43,A,3719.0250040,N,12157.0074160,W,3.2899,0.2439,101220,,,,
$GPGGA,230654.43,3719.0262700,N,12157.0074280,W,1,0,0.0,0.0000,M,0.0000,M,0.0000,0
$GPRMC,230654.43,A,3719.0262700,N,12157.0074280,W,1.5468,359.9230,101220,,,,
$GPGGA,230655.43,3719.0267500,N,12157.0074400,W,1,0,0.0,0.0000,M,0.0000,M,0.0000,0
$GPRMC,230655.43,A,3719.0267500,N,12157.0074400,W,0.3828,359.7037,101220,,,,
$GPGGA,230656.43,3719.0267920,N,12157.0074460,W,1,0,0.0,0.0000,M,0.0000,M,0.0000,0
$GPRMC,230656.43,A,3719.0267920,N,12157.0074460,W,0.0034,359.6889,101220,,,,
$GPGGA,230657.43,3719.0267920,N,12157.0074460,W,1,0,0.0,0.0000,M,0.0000,M,0.0000,0
$GPRMC,230657.43,A,3719.0267920,N,12157.0074460,W,0.0041,359.6880,101220,,,,
$GPGGA,230658.43,3719.0267920,N,12157.0074460,W,1,0,0.0,0.0000,M,0.0000,M,0.0000,0
$GPRMC,230658.43,A,3719.0267920,N,12157.0074460,W,0.0028,359.6854,101220,,,,
$GPGGA,230659.43,3719.0267920,N,12157.0074460,W,1,0,0.0,0.0000,M,0.0000,M,0.0000,0
$GPRMC,230659.43,A,3719.0267920,N,12157.0074460,W,0.0030,359.6843,101220,,,,
$GPGGA,230700.43,3719.0267860,N,12157.0074460,W,1,0,0.0,0.0000,M,0.0000,M,0.0000,0
$GPRMC,230700.43,A,3719.0267860,N,12157.0074460,W,0.0032,359.6833,101220,,,,
$GPGGA,230701.43,3719.0267860,N,12157.0074460,W,1,0,0.0,0.0000,M,0.0000,M,0.0000,0
$GPRMC,230701.43,A,3719.0267860,N,12157.0074460,W,0.0031,359.6823,101220,,,,
$GPGGA,230702.43,3719.0267800,N,12157.0074460,W,1,0,0.0,0.0000,M,0.0000,M,0.0000,0
$GPRMC,230702.43,A,3719.0267800,N,12157.0074460,W,0.0026,359.6812,101220,,,,
$GPGGA,230703.43,3719.0267800,N,12157.0074460,W,1,0,0.0,0.0000,M,0.0000,M,0.0000,0
$GPRMC,230703.43,A,3719.0267800,N,12157.0074460,W,0.0016,359.6801,101220,,,,
$GPGGA,230704.43,3719.0267740,N,12157.0074460,W,1,0,0.0,0.0000,M,0.0000,M,0.0000,0
$GPRMC,230704.43,A,3719.0267740,N,12157.0074460,W,0.0006,359.6790,101220,,,,
$GPGGA,230705.43,3719.0267740,N,12157.0074460,W,1,0,0.0,0.0000,M,0.0000,M,0.0000,0
$GPRMC,230705.43,A,3719.0267740,N,12157.0074460,W,0.0000,359.6780,101220,,,,
$GPGGA,230706.43,3719.0267740,N,12157.0074460,W,1,0,0.0,0.0000,M,0.0000,M,0.0000,0
$GPRMC,230706.43,A,3719.0267740,N,12157.0074460,W,0.0004,359.6770,101220,,,,
$GPGGA,230707.43,3719.0267740,N,12157.0074460,W,1,0,0.0,0.0000,M,0.0000,M,0.0000,0
$GPRMC,230707.43,A,3719.0267740,N,12157.0074460,W,0.0010,359.6760,101220,,,,
$GPGGA,230708.43,3719.0267740,N,12157.0074460,W,1,0,0.0,0.0000,M,0.0000,M,0.0000,0
$GPRMC,230708.43,A,3719.0267740,N,12157.0074460,W,0.0012,359.6750,101220,,,,
$GPGGA,230709.43,3719.0267740,N,12157.0074460,W,1,0,0.0,0.0000,M,0.0000,M,0.0000,0
$GPRMC,230709.43,A,3719.0267740,N,12157.0074460,W,0.0012,359.6740,101220,,,,
$GPGGA,230710.43,3719.0267740,N,12157.0074460,W,1,0,0.0,0.0000,M,0.0000,M,0.0000,0
$GPRMC,230710.43,A,3719.0267740,N,12157.0074460,W,0.0014,359.6728,101220,,,,
$GPGGA,230711.43,3719.0267740,N,12157.0074460,W,1,0,0.0,0.0000,M,0.0000,M,0.0000,0
$GPRMC,230711.43,A,3719.0267740,N,12157.0074460,W,0.0017,359.6717,101220,,,,
$GPGGA,230712.43,3719.0267740,N,12157.0074460,W,1,0,0.0,0.0000,M,0.0000,M,0.0000,0
$GPRMC,230712.43,A,3719.0267740,N,12157.0074460,W,0.0012,359.6705,101220,,,,
$GPGGA,230713.43,3719.0267740,N,12157.0074460,W,1,0,0.0,0.0000,M,0.0000,M,0.0000,0
$GPRMC,230713.43,A,3719.0267740,N,12157.0074460,W,0.0012,359.6693,101220,,,,
$GPGGA,230714.43,3719.0267740,N,12157.0074460,W,1,0,0.0,0.0000,M,0.0000,M,0.0000,0
$GPRMC,230714.43,A,3719.0267740,N,12157.0074460,W,0.0014,359.6683,101220,,,,
$GPGGA,230715.43,3719.0267740,N,12157.0074460,W,1,0,0.0,0.0000,M,0.0000,M,0.0000,0
$GPRMC,230715.43,A,3719.0267740,N,12157.0074460,W,0.0012,359.6673,101220,,,,
$GPGGA,230716.43,3719.0267740,N,12157.0074460,W,1,0,0.0,0.0000,M,0.0000,M,0.0000,0
$GPRMC,230716.43,A,3719.0267740,N,12157.0074460,W,0.0010,359.6663,101220,,,,
$GPGGA,230717.43,3719.0267740,N,12157.0074460,W,1,0,0.0,0.0000,M,0.0000,M,0.0000,0
$GPRMC,230717.43,A,3719.0267740,N,12157.0074460,W,0.0012,359.6654,101220,,,,
$GPGGA,230718.43,3719.0267740,N,12157.0074460,W,1,0,0.0,0.0000,M,0.0000,M,0.0000,0
$GPRMC,230718.43,A,3719.0267740,N,12157.0074460,W,0.0012,359.6644,101220,,,,
$GPGGA,230719.43,3719.0267740,N,12157.0074460,W,1,0,0.0,0.0000,M,0.0000,M,0.0000,0
$GPRMC,230719.43,A,3719.0267740,N,12157.0074460,W,0.0012,359.6634,101220,,,,
$GPGGA,230720.43,3719.0267740,N,12157.0074460,W,1,0,0.0,0.0000,M,0.0000,M,0.0000,0
$GPRMC,230720.43,A,3719.0267740,N,12157.0074460,W,0.0012,359.6623,101220,,,,
$GPGGA,230721.43,3719.0267740,N,12157.0074460,W,1,0,0.0,0.0000,M,0.0000,M,0.0000,0
$GPRMC,230721.43,A,3719.0267740,N,12157.0074460,W,0.0010,359.6612,101220,,,,
$GPGGA,230722.43,3719.0267740,N,12157.0074460,W,1,0,0.0,0.0000,M,0.0000,M,0.0000,0
$GPRMC,230722.43,A,3719.0267740,N,12157.0074460,W,0.0012,359.6602,101220,,,,
$GPGGA,230723.43,3719.0267740,N,12157.0074460,W,1,0,0.0,0.0000,M,0.0000,M,0.0000,0
$GPRMC,230723.43,A,3719.0267740,N,12157.0074460,W,0.0012,359.6592,101220,,,,
$GPGGA,230724.43,3719.0267740,N,12157.0074460,W,1,0,0.0,0.0000,M,0.0000,M,0.0000,0
$GPRMC,230724.43,A,3719.0267740,N,12157.0074460,W,0.0010,359.6582,101220,,,,
$GPGGA,230725.43,3719.0267740,N,12157.0074460,W,1,0,0.0,0.0000,M,0.0000,M,0.0000,0
$GPRMC,230725.43,A,3719.0267740,N,12157.0074460,W,0.0010,359.6572,101220,,,,
$GPGGA,230726.43,3719.0267740,N,12157.0074460,W,1,0,0.0,0.0000,M,0.0000,M,0.0000,0
$GPRMC,230726.43,A,3719.0267740,N,12157.0074460,W,0.0010,359.6561,101220,,,,
$GPGGA,230727.43,3719.0267740,N,12157.0074460,W,1,0,0.0,0.0000,M,0.0000,M,0.0000,0
$GPRMC,230727.43,A,3719.0267740,N,12157.0074460,W,0.0010,359.6552,101220,,,,
$GPGGA,230728.43,3719.0267740,N,12157.0074460,W,1,0,0.0,0.0000,M,0.0000,M,0.0000,0
$GPRMC,230728.43,A,3719.0267740,N,12157.0074460,W,0.0010,359.6542,101220,,,,
$GPGGA,230729.43,3719.0267740,N,12157.0074460,W,1,0,0.0,0.0000,M,0.0000,M,0.0000,0
$GPRMC,230729.43,A,3719.0267740,N,12157.0074460,W,0.0010,359.6533,101220,,,,
$GPGGA,230730.43,3719.0267740,N,12157.0074460,W,1,0,0.0,0.0000,M,0.0000,M,0.0000,0
$GPRMC,230730.43,A,3719.0267740,N,12157.0074460,W,0.0010,359.6524,101220,,,,
$GPGGA,230731.43,3719.0267740,N,12157.0074460,W,1,0,0.0,0.0000,M,0.0000,M,0.0000,0
$GPRMC,230731.43,A,3719.0267740,N,12157.0074460,W,0.0010,359.6513,101220,,,,
$GPGGA,230732.43,3719.0267740,N,12157.0074460,W,1,0,0.0,0.0000,M,0.0000,M,0.0000,0
$GPRMC,230732.43,A,3719.0267740,N,12157.0074460,W,0.0010,359.6501,101220,,,,
$GPGGA,230733.43,3719.0267740,N,12157.0074460,W,1,0,0.0,0.0000,M,0.0000,M,0.0000,0
$GPRMC,230733.43,A,3719.0267740,N,12157.0074460,W,0.0010,359.6491,101220,,,,
$GPGGA,230734.43,3719.0267740,N,12157.0074520,W,1,0,0.0,0.0000,M,0.0000,M,0.0000,0
$GPRMC,230734.43,A,3719.0267740,N,12157.0074520,W,0.0006,359.6482,101220,,,,
$GPGGA,230735.43,3719.0267740,N,12157.0074520,W,1,0,0.0,0.0000,M,0.0000,M,0.0000,0
$GPRMC,230735.43,A,3719.0267740,N,12157.0074520,W,0.0004,359.6471,101220,,,,
$GPGGA,230736.43,3719.0267740,N,12157.0074520,W,1,0,0.0,0.0000,M,0.0000,M,0.0000,0
$GPRMC,230736.43,A,3719.0267740,N,12157.0074520,W,0.0006,359.6460,101220,,,,
$GPGGA,230737.43,3719.0267740,N,12157.0074520,W,1,0,0.0,0.0000,M,0.0000,M,0.0000,0
$GPRMC,230737.43,A,3719.0267740,N,12157.0074520,W,0.0000,359.6449,101220,,,,
$GPGGA,230738.43,3719.0267740,N,12157.0074520,W,1,0,0.0,0.0000,M,0.0000,M,0.0000,0
$GPRMC,230738.43,A,3719.0267740,N,12157.0074520,W,0.0000,359.6439,101220,,,,
$GPGGA,230739.43,3719.0267740,N,12157.0074520,W,1,0,0.0,0.0000,M,0.0000,M,0.0000,0
$GPRMC,230739.43,A,3719.0267740,N,12157.0074520,W,0.0000,359.6428,101220,,,,
$GPGGA,230740.43,3719.0267740,N,12157.0074520,W,1,0,0.0,0.0000,M,0.0000,M,0.0000,0
$GPRMC,230740.43,A,3719.0267740,N,12157.0074520,W,0.0004,359.6418,101220,,,,
$GPGGA,230741.43,3719.0267740,N,12157.0074520,W,1,0,0.0,0.0000,M,0.0000,M,0.0000,0
$GPRMC,230741.43,A,3719.0267740,N,12157.0074520,W,0.0010,359.6408,101220,,,,
$GPGGA,230742.43,3719.0267740,N,12157.0074520,W,1,0,0.0,0.0000,M,0.0000,M,0.0000,0
$GPRMC,230742.43,A,3719.0267740,N,12157.0074520,W,0.0006,359.6399,101220,,,,
$GPGGA,230743.43,3719.0267740,N,12157.0074520,W,1,0,0.0,0.0000,M,0.0000,M,0.0000,0
$GPRMC,230743.43,A,3719.0267740,N,12157.0074520,W,0.0000,359.6390,101220,,,,
$GPGGA,230744.43,3719.0267740,N,12157.0074520,W,1,0,0.0,0.0000,M,0.0000,M,0.0000,0
$GPRMC,230744.43,A,3719.0267740,N,12157.0074520,W,0.0000,359.6380,101220,,,,
$GPGGA,230745.43,3719.0267740,N,12157.0074520,W,1,0,0.0,0.0000,M,0.0000,M,0.0000,0
$GPRMC,230745.43,A,3719.0267740,N,12157.0074520,W,0.0000,359.6369,101220,,,,
$GPGGA,230746.43,3719.0267740,N,12157.0074520,W,1,0,0.0,0.0000,M,0.0000,M,0.0000,0
$GPRMC,230746.43,A,3719.0267740,N,12157.0074520,W,0.0000,359.6358,101220,,,,
$GPGGA,230747.43,3719.0267740,N,12157.0074520,W,1,0,0.0,0.0000,M,0.0000,M,0.0000,0
$GPRMC,230747.43,A,3719.0267740,N,12157.0074520,W,0.0000,359.6348,101220,,,,
$GPGGA,230748.43,3719.0267740,N,12157.0074520,W,1,0,0.0,0.0000,M,0.0000,M,0.0000,0
$GPRMC,230748.43,A,3719.0267740,N,12157.0074520,W,0.0000,359.6339,101220,,,,
$GPGGA,230749.43,3719.0267740,N,12157.0074520,W,1,0,0.0,0.0000,M,0.0000,M,0.0000,0
$GPRMC,230749.43,A,3719.0267740,N,12157.0074520,W,0.0000,359.6329,101220,,,,
$GPGGA,230750.43,3719.0267740,N,12157.0074520,W,1,0,0.0,0.0000,M,0.0000,M,0.0000,0
$GPRMC,230750.43,A,3719.0267740,N,12157.0074520,W,0.0004,359.6319,101220,,,,
$GPGGA,230751.43,3719.0267740,N,12157.0074520,W,1,0,0.0,0.0000,M,0.0000,M,0.0000,0
$GPRMC,230751.43,A,3719.0267740,N,12157.0074520,W,0.0010,359.6307,101220,,,,
$GPGGA,230752.43,3719.0267740,N,12157.0074520,W,1,0,0.0,0.0000,M,0.0000,M,0.0000,0
$GPRMC,230752.43,A,3719.0267740,N,12157.0074520,W,0.0010,359.6297,101220,,,,
$GPGGA,230753.43,3719.0267740,N,12157.0074520,W,1,0,0.0,0.0000,M,0.0000,M,0.0000,0
$GPRMC,230753.43,A,3719.0267740,N,12157.0074520,W,0.0010,359.6286,101220,,,,
$GPGGA,230754.43,3719.0267740,N,12157.0074520,W,1,0,0.0,0.0000,M,0.0000,M,0.0000,0
$GPRMC,230754.43,A,3719.0267740,N,12157.0074520,W,0.0010,359.6274,101220,,,,
$GPGGA,230755.43,3719.0267740,N,12157.0074520,W,1,0,0.0,0.0000,M,0.0000,M,0.0000,0
$GPRMC,230755.43,A,3719.0267740,N,12157.0074520,W,0.0010,359.6264,101220,,,,
$GPGGA,230756.43,3719.0267740,N,12157.0074520,W,1,0,0.0,0.0000,M,0.0000,M,0.0000,0
$GPRMC,230756.43,A,3719.0267740,N,12157.0074520,W,0.0010,359.6254,101220,,,,
$GPGGA,230757.43,3719.0267740,N,12157.0074520,W,1,0,0.0,0.0000,M,0.0000,M,0.0000,0
$GPRMC,230757.43,A,3719.0267740,N,12157.0074520,W,0.0012,359.6243,101220,,,,
$GPGGA,230758.43,3719.0267740,N,12157.0074520,W,1,0,0.0,0.0000,M,0.0000,M,0.0000,0
$GPRMC,230758.43,A,3719.0267740,N,12157.0074520,W,0.0014,359.6232,101220,,,,
$GPGGA,230759.43,3719.0267740,N,12157.0074520,W,1,0,0.0,0.0000,M,0.0000,M,0.0000,0
$GPRMC,230759.43,A,3719.0267740,N,12157.0074520,W,0.0014,359.6221,101220,,,,
$GPGGA,230800.43,3719.0267740,N,12157.0074520,W,1,0,0.0,0.0000,M,0.0000,M,0.0000,0
$GPRMC,230800.43,A,3719.0267740,N,12157.0074520,W,0.0018,359.6212,101220,,,,
$GPGGA,230801.43,3719.0267740,N,12157.0074520,W,1,0,0.0,0.0000,M,0.0000,M,0.0000,0
$GPRMC,230801.43,A,3719.0267740,N,12157.0074520,W,0.0026,359.6201,101220,,,,
$GPGGA,230802.43,3719.0267740,N,12157.0074520,W,1,0,0.0,0.0000,M,0.0000,M,0.0000,0
$GPRMC,230802.43,A,3719.0267740,N,12157.0074520,W,0.0034,359.6189,101220,,,,
$GPGGA,230803.43,3719.0267740,N,12157.0074520,W,1,0,0.0,0.0000,M,0.0000,M,0.0000,0
$GPRMC,230803.43,A,3719.0267740,N,12157.0074520,W,0.0033,359.6179,101220,,,,
$GPGGA,230804.43,3719.0267740,N,12157.0074520,W,1,0,0.0,0.0000,M,0.0000,M,0.0000,0
$GPRMC,230804.43,A,3719.0267740,N,12157.0074520,W,0.0032,359.6169,101220,,,,
$GPGGA,230805.43,3719.0267740,N,12157.0074520,W,1,0,0.0,0.0000,M,0.0000,M,0.0000,0
$GPRMC,230805.43,A,3719.0267740,N,12157.0074520,W,0.0033,359.6160,101220,,,,
$GPGGA,230806.43,3719.0267740,N,12157.0074520,W,1,0,0.0,0.0000,M,0.0000,M,0.0000,0
$GPRMC,230806.43,A,3719.0267740,N,12157.0074520,W,0.0028,359.6151,101220,,,,
$GPGGA,230807.43,3719.0267740,N,12157.0074520,W,1,0,0.0,0.0000,M,0.0000,M,0.0000,0
$GPRMC,230807.43,A,3719.0267740,N,12157.0074520,W,0.0030,359.6142,101220,,,,
$GPGGA,230808.43,3719.0267740,N,12157.0074520,W,1,0,0.0,0.0000,M,0.0000,M,0.0000,0
$GPRMC,230808.43,A,3719.0267740,N,12157.0074520,W,0.0032,359.6131,101220,,,,
$GPGGA,230809.43,3719.0267740,N,12157.0074520,W,1,0,0.0,0.0000,M,0.0000,M,0.0000,0
$GPRMC,230809.43,A,3719.0267740,N,12157.0074520,W,0.0031,359.6121,101220,,,,
$GPGGA,230810.43,3719.0267740,N,12157.0074520,W,1,0,0.0,0.0000,M,0.0000,M,0.0000,0
$GPRMC,230810.43,A,3719.0267740,N,12157.0074520,W,0.0027,359.6110,101220,,,,
$GPGGA,230811.43,3719.0267740,N,12157.0074520,W,1,0,0.0,0.0000,M,0.0000,M,0.0000,0
$GPRMC,230811.43,A,3719.0267740,N,12157.0074520,W,0.0031,359.6101,101220,,,,
$GPGGA,230812.43,3719.0267740,N,12157.0074520,W,1,0,0.0,0.0000,M,0.0000,M,0.0000,0
$GPRMC,230812.43,A,3719.0267740,N,12157.0074520,W,0.0049,359.6092,101220,,,,
$GPGGA,230813.43,3719.0267740,N,12157.0074520,W,1,0,0.0,0.0000,M,0.0000,M,0.0000,0
$GPRMC,230813.43,A,3719.0267740,N,12157.0074520,W,0.0078,359.6081,101220,,,,
$GPGGA,230814.43,3719.0267680,N,12157.0074520,W,1,0,0.0,0.0000,M,0.0000,M,0.0000,0
$GPRMC,230814.43,A,3719.0267680,N,12157.0074520,W,0.0119,359.6070,101220,,,,
$GPGGA,230815.43,3719.0267680,N,12157.0074460,W,1,0,0.0,0.0000,M,0.0000,M,0.0000,0
$GPRMC,230815.43,A,3719.0267680,N,12157.0074460,W,0.0167,359.6058,101220,,,,
$GPGGA,230816.43,3719.0267680,N,12157.0074460,W,1,0,0.0,0.0000,M,0.0000,M,0.0000,0
$GPRMC,230816.43,A,3719.0267680,N,12157.0074460,W,0.0228,359.6049,101220,,,,
$GPGGA,230817.43,3719.0267680,N,12157.0074460,W,1,0,0.0,0.0000,M,0.0000,M,0.0000,0
$GPRMC,230817.43,A,3719.0267680,N,12157.0074460,W,0.0299,359.6039,101220,,,,
$GPGGA,230818.43,3719.0267620,N,12157.0074460,W,1,0,0.0,0.0000,M,0.0000,M,0.0000,0
$GPRMC,230818.43,A,3719.0267620,N,12157.0074460,W,0.0380,359.6029,101220,,,,
$GPGGA,230819.43,3719.0267620,N,12157.0074520,W,1,0,0.0,0.0000,M,0.0000,M,0.0000,0
$GPRMC,230819.43,A,3719.0267620,N,12157.0074520,W,0.1179,359.6003,101220,,,,
$GPGGA,230820.43,3719.0269780,N,12157.0074760,W,1,0,0.0,0.0000,M,0.0000,M,0.0000,0
$GPRMC,230820.43,A,3719.0269780,N,12157.0074760,W,1.0196,359.3390,101220,,,,
$GPGGA,230821.43,3719.0280040,N,12157.0076200,W,1,0,0.0,0.0000,M,0.0000,M,0.0000,0
$GPRMC,230821.43,A,3719.0280040,N,12157.0076200,W,3.0002,356.9917,101220,,,,
$GPGGA,230822.43,3719.0300920,N,12157.0082200,W,1,0,0.0,0.0000,M,0.0000,M,0.0000,0
$GPRMC,230822.43,A,3719.0300920,N,12157.0082200,W,4.9458,348.6162,101220,,,,
$GPGGA,230823.43,3719.0326900,N,12157.0101280,W,1,0,0.0,0.0000,M,0.0000,M,0.0000,0
$GPRMC,230823.43,A,3719.0326900,N,12157.0101280,W,6.4956,329.1608,101220,,,,
$GPGGA,230824.43,3719.0348380,N,12157.0139740,W,1,0,0.0,0.0000,M,0.0000,M,0.0000,0
$GPRMC,230824.43,A,3719.0348380,N,12157.0139740,W,7.9379,302.7982,101220,,,,
$GPGGA,230825.43,3719.0359300,N,12157.0195960,W,1,0,0.0,0.0000,M,0.0000,M,0.0000,0
$GPRMC,230825.43,A,3719.0359300,N,12157.0195960,W,9.7587,280.7305,101220,,,,
$GPGGA,230826.43,3719.0359120,N,12157.0268320,W,1,0,0.0,0.0000,M,0.0000,M,0.0000,0
$GPRMC,230826.43,A,3719.0359120,N,12157.0268320,W,11.8419,267.8625,101220,,,,
$GPGGA,230827.43,3719.0352400,N,12157.0355860,W,1,0,0.0,0.0000,M,0.0000,M,0.0000,0
$GPRMC,230827.43,A,3719.0352400,N,12157.0355860,W,14.2387,264.5346,101220,,,,
$GPGGA,230828.43,3719.0343640,N,12157.0461580,W,1,0,0.0,0.0000,M,0.0000,M,0.0000,0
$GPRMC,230828.43,A,3719.0343640,N,12157.0461580,W,17.3142,264.3519,101220,,,,
$GPGGA,230829.43,3719.0333320,N,12157.0587940,W,1,0,0.0,0.0000,M,0.0000,M,0.0000,0
$GPRMC,230829.43,A,3719.0333320,N,12157.0587940,W,20.1472,264.4843,101220,,,,
$GPGGA,230830.43,3719.0321860,N,12157.0731580,W,1,0,0.0,0.0000,M,0.0000,M,0.0000,0
$GPRMC,230830.43,A,3719.0321860,N,12157.0731580,W,22.4881,264.4340,101220,,,,
$GPGGA,230831.43,3719.0308780,N,12157.0890700,W,1,0,0.0,0.0000,M,0.0000,M,0.0000,0
$GPRMC,230831.43,A,3719.0308780,N,12157.0890700,W,24.7744,264.0216,101220,,,,
$GPGGA,230832.43,3719.0292880,N,12157.1064700,W,1,0,0.0,0.0000,M,0.0000,M,0.0000,0
$GPRMC,230832.43,A,3719.0292880,N,12157.1064700,W,26.9385,263.1113,101220,,,,
$GPGGA,230833.43,3719.0273320,N,12157.1251660,W,1,0,0.0,0.0000,M,0.0000,M,0.0000,0
$GPRMC,230833.43,A,3719.0273320,N,12157.1251660,W,28.5742,262.3782,101220,,,,
$GPGGA,230834.43,3719.0251840,N,12157.1446480,W,1,0,0.0,0.0000,M,0.0000,M,0.0000,0
$GPRMC,230834.43,A,3719.0251840,N,12157.1446480,W,29.3721,262.1621,101220,,,,
$GPGGA,230835.43,3719.0230060,N,12157.1643880,W,1,0,0.0,0.0000,M,0.0000,M,0.0000,0
$GPRMC,230835.43,A,3719.0230060,N,12157.1643880,W,29.4760,262.2201,101220,,,,
$GPGGA,230836.43,3719.0208100,N,12157.1840860,W,1,0,0.0,0.0000,M,0.0000,M,0.0000,0
$GPRMC,230836.43,A,3719.0208100,N,12157.1840860,W,29.2207,262.1010,101220,,,,
$GPGGA,230837.43,3719.0185840,N,12157.2035560,W,1,0,0.0,0.0000,M,0.0000,M,0.0000,0
$GPRMC,230837.43,A,3719.0185840,N,12157.2035560,W,28.9038,261.7723,101220,,,,
$GPGGA,230838.43,3719.0163580,N,12157.2228100,W,1,0,0.0,0.0000,M,0.0000,M,0.0000,0
$GPRMC,230838.43,A,3719.0163580,N,12157.2228100,W,28.5511,261.7613,101220,,,,
$GPGGA,230839.43,3719.0141560,N,12157.2418060,W,1,0,0.0,0.0000,M,0.0000,M,0.0000,0
$GPRMC,230839.43,A,3719.0141560,N,12157.2418060,W,28.1571,261.8586,101220,,,,
$GPGGA,230840.43,3719.0120140,N,12157.2605320,W,1,0,0.0,0.0000,M,0.0000,M,0.0000,0
$GPRMC,230840.43,A,3719.0120140,N,12157.2605320,W,27.7172,262.0138,101220,,,,
$GPGGA,230841.43,3719.0099560,N,12157.2789640,W,1,0,0.0,0.0000,M,0.0000,M,0.0000,0
$GPRMC,230841.43,A,3719.0099560,N,12157.2789640,W,27.2956,262.1790,101220,,,,
$GPGGA,230842.43,3719.0079580,N,12157.2971320,W,1,0,0.0,0.0000,M,0.0000,M,0.0000,0
$GPRMC,230842.43,A,3719.0079580,N,12157.2971320,W,26.8974,262.1530,101220,,,,
$GPGGA,230843.43,3719.0059420,N,12157.3150300,W,1,0,0.0,0.0000,M,0.0000,M,0.0000,0
$GPRMC,230843.43,A,3719.0059420,N,12157.3150300,W,26.5219,261.7189,101220,,,,
$GPGGA,230844.43,3719.0038600,N,12157.3326700,W,1,0,0.0,0.0000,M,0.0000,M,0.0000,0
$GPRMC,230844.43,A,3719.0038600,N,12157.3326700,W,26.1597,261.3981,101220,,,,
$GPGGA,230845.43,3719.0018080,N,12157.3500940,W,1,0,0.0,0.0000,M,0.0000,M,0.0000,0
$GPRMC,230845.43,A,3719.0018080,N,12157.3500940,W,25.8884,262.0457,101220,,,,
$GPGGA,230846.43,3718.9999900,N,12157.3674340,W,1,0,0.0,0.0000,M,0.0000,M,0.0000,0
$GPRMC,230846.43,A,3718.9999900,N,12157.3674340,W,25.8241,263.0018,101220,,,,
$GPGGA,230847.43,3718.9982920,N,12157.3848100,W,1,0,0.0,0.0000,M,0.0000,M,0.0000,0
$GPRMC,230847.43,A,3718.9982920,N,12157.3848100,W,25.9744,262.9485,101220,,,,
$GPGGA,230848.43,3718.9964980,N,12157.4023720,W,1,0,0.0,0.0000,M,0.0000,M,0.0000,0
$GPRMC,230848.43,A,3718.9964980,N,12157.4023720,W,26.4549,262.7149,101220,,,,
$GPGGA,230849.43,3718.9948180,N,12157.4204260,W,1,0,0.0,0.0000,M,0.0000,M,0.0000,0
$GPRMC,230849.43,A,3718.9948180,N,12157.4204260,W,27.2154,264.1022,101220,,,,
$GPGGA,230850.43,3718.9935820,N,12157.4389780,W,1,0,0.0,0.0000,M,0.0000,M,0.0000,0
$GPRMC,230850.43,A,3718.9935820,N,12157.4389780,W,27.7436,266.2998,101220,,,,
$GPGGA,230851.43,3718.9927960,N,12157.4578240,W,1,0,0.0,0.0000,M,0.0000,M,0.0000,0
$GPRMC,230851.43,A,3718.9927960,N,12157.4578240,W,27.9823,267.6461,101220,,,,
$GPGGA,230852.43,3718.9922740,N,12157.4768620,W,1,0,0.0,0.0000,M,0.0000,M,0.0000,0
$GPRMC,230852.43,A,3718.9922740,N,12157.4768620,W,28.3518,268.3756,101220,,,,
$GPGGA,230853.43,3718.9919140,N,12157.4962180,W,1,0,0.0,0.0000,M,0.0000,M,0.0000,0
$GPRMC,230853.43,A,3718.9919140,N,12157.4962180,W,28.8217,269.0291,101220,,,,
$GPGGA,230854.43,3718.9917460,N,12157.5158560,W,1,0,0.0,0.0000,M,0.0000,M,0.0000,0
$GPRMC,230854.43,A,3718.9917460,N,12157.5158560,W,29.1678,269.7838,101220,,,,
$GPGGA,230855.43,3718.9917940,N,12157.5357040,W,1,0,0.0,0.0000,M,0.0000,M,0.0000,0
$GPRMC,230855.43,A,3718.9917940,N,12157.5357040,W,29.4874,270.5670,101220,,,,
$GPGGA,230856.43,3718.9920340,N,12157.5557740,W,1,0,0.0,0.0000,M,0.0000,M,0.0000,0
$GPRMC,230856.43,A,3718.9920340,N,12157.5557740,W,29.8156,271.0880,101220,,,,
$GPGGA,230857.43,3718.9923760,N,12157.5760660,W,1,0,0.0,0.0000,M,0.0000,M,0.0000,0
$GPRMC,230857.43,A,3718.9923760,N,12157.5760660,W,30.1473,271.2230,101220,,,,
$GPGGA,230858.43,3718.9927300,N,12157.5965680,W,1,0,0.0,0.0000,M,0.0000,M,0.0000,0
$GPRMC,230858.43,A,3718.9927300,N,12157.5965680,W,30.4368,271.1745,101220,,,,
$GPGGA,230859.43,3718.9930660,N,12157.6172440,W,1,0,0.0,0.0000,M,0.0000,M,0.0000,0
$GPRMC,230859.43,A,3718.9930660,N,12157.6172440,W,30.6517,271.1451,101220,,,,
$GPGGA,230900.43,3718.9934140,N,12157.6380400,W,1,0,0.0,0.0000,M,0.0000,M,0.0000,0
$GPRMC,230900.43,A,3718.9934140,N,12157.6380400,W,30.8030,271.1249,101220,,,,
$GPGGA,230901.43,3718.9937200,N,12157.6589140,W,1,0,0.0,0.0000,M,0.0000,M,0.0000,0
$GPRMC,230901.43,A,3718.9937200,N,12157.6589140,W,30.8335,270.9026,101220,,,,
$GPGGA,230902.43,3718.9939660,N,12157.6797040,W,1,0,0.0,0.0000,M,0.0000,M,0.0000,0
$GPRMC,230902.43,A,3718.9939660,N,12157.6797040,W,30.5403,270.8580,101220,,,,
$GPGGA,230903.43,3718.9942480,N,12157.7001940,W,1,0,0.0,0.0000,M,0.0000,M,0.0000,0
$GPRMC,230903.43,A,3718.9942480,N,12157.7001940,W,30.0111,271.0885,101220,,,,
$GPGGA,230904.43,3718.9945720,N,12157.7203720,W,1,0,0.0,0.0000,M,0.0000,M,0.0000,0
$GPRMC,230904.43,A,3718.9945720,N,12157.7203720,W,29.6473,271.2101,101220,,,,
$GPGGA,230905.43,3718.9948900,N,12157.7403880,W,1,0,0.0,0.0000,M,0.0000,M,0.0000,0
$GPRMC,230905.43,A,3718.9948900,N,12157.7403880,W,29.5318,271.0736,101220,,,,
$GPGGA,230906.43,3718.9951540,N,12157.7603560,W,1,0,0.0,0.0000,M,0.0000,M,0.0000,0
$GPRMC,230906.43,A,3718.9951540,N,12157.7603560,W,29.4861,270.8484,101220,,,,
$GPGGA,230907.43,3718.9953760,N,12157.7803120,W,1,0,0.0,0.0000,M,0.0000,M,0.0000,0
$GPRMC,230907.43,A,3718.9953760,N,12157.7803120,W,29.4810,270.7014,101220,,,,
$GPGGA,230908.43,3718.9955560,N,12157.8002260,W,1,0,0.0,0.0000,M,0.0000,M,0.0000,0
$GPRMC,230908.43,A,3718.9955560,N,12157.8002260,W,29.3594,270.5853,101220,,,,
$GPGGA,230909.43,3718.9956760,N,12157.8199780,W,1,0,0.0,0.0000,M,0.0000,M,0.0000,0
$GPRMC,230909.43,A,3718.9956760,N,12157.8199780,W,28.9952,270.3311,101220,,,,
$GPGGA,230910.43,3718.9957540,N,12157.8394780,W,1,0,0.0,0.0000,M,0.0000,M,0.0000,0
$GPRMC,230910.43,A,3718.9957540,N,12157.8394780,W,28.6309,270.4094,101220,,,,
$GPGGA,230911.43,3718.9958860,N,12157.8587500,W,1,0,0.0,0.0000,M,0.0000,M,0.0000,0
$GPRMC,230911.43,A,3718.9958860,N,12157.8587500,W,28.3168,270.7486,101220,,,,
$GPGGA,230912.43,3718.9960540,N,12157.8778180,W,1,0,0.0,0.0000,M,0.0000,M,0.0000,0
$GPRMC,230912.43,A,3718.9960540,N,12157.8778180,W,28.0336,270.4465,101220,,,,
$GPGGA,230913.43,3718.9960360,N,12157.8967060,W,1,0,0.0,0.0000,M,0.0000,M,0.0000,0
$GPRMC,230913.43,A,3718.9960360,N,12157.8967060,W,27.8005,269.5469,101220,,,,
$GPGGA,230914.43,3718.9958500,N,12157.9154680,W,1,0,0.0,0.0000,M,0.0000,M,0.0000,0
$GPRMC,230914.43,A,3718.9958500,N,12157.9154680,W,27.6695,269.3268,101220,,,,
$GPGGA,230915.43,3718.9957360,N,12157.9341760,W,1,0,0.0,0.0000,M,0.0000,M,0.0000,0
$GPRMC,230915.43,A,3718.9957360,N,12157.9341760,W,27.6047,269.8042,101220,,,,
$GPGGA,230916.43,3718.9957180,N,12157.9528360,W,1,0,0.0,0.0000,M,0.0000,M,0.0000,0
$GPRMC,230916.43,A,3718.9957180,N,12157.9528360,W,27.5232,269.8208,101220,,,,
$GPGGA,230917.43,3718.9955920,N,12157.9714420,W,1,0,0.0,0.0000,M,0.0000,M,0.0000,0
$GPRMC,230917.43,A,3718.9955920,N,12157.9714420,W,27.4559,269.1222,101220,,,,
$GPGGA,230918.43,3718.9952500,N,12157.9899940,W,1,0,0.0,0.0000,M,0.0000,M,0.0000,0
$GPRMC,230918.43,A,3718.9952500,N,12157.9899940,W,27.3897,268.2446,101220,,,,
$GPGGA,230919.43,3718.9947460,N,12158.0084980,W,1,0,0.0,0.0000,M,0.0000,M,0.0000,0
$GPRMC,230919.43,A,3718.9947460,N,12158.0084980,W,27.3199,267.7732,101220,,,,
$GPGGA,230920.43,3718.9941460,N,12158.0269480,W,1,0,0.0,0.0000,M,0.0000,M,0.0000,0
$GPRMC,230920.43,A,3718.9941460,N,12158.0269480,W,27.2281,267.5690,101220,,,,
$GPGGA,230921.43,3718.9935280,N,12158.0453140,W,1,0,0.0,0.0000,M,0.0000,M,0.0000,0
$GPRMC,230921.43,A,3718.9935280,N,12158.0453140,W,27.0934,267.5228,101220,,,,
$GPGGA,230922.43,3718.9928980,N,12158.0635720,W,1,0,0.0,0.0000,M,0.0000,M,0.0000,0
$GPRMC,230922.43,A,3718.9928980,N,12158.0635720,W,26.8994,267.4781,101220,,,,
$GPGGA,230923.43,3718.9922740,N,12158.0816860,W,1,0,0.0,0.0000,M,0.0000,M,0.0000,0
$GPRMC,230923.43,A,3718.9922740,N,12158.0816860,W,26.6445,267.5324,101220,,,,
$GPGGA,230924.43,3718.9917100,N,12158.0996140,W,1,0,0.0,0.0000,M,0.0000,M,0.0000,0
$GPRMC,230924.43,A,3718.9917100,N,12158.0996140,W,26.3316,268.1415,101220,,,,
$GPGGA,230925.43,3718.9914880,N,12158.1173200,W,1,0,0.0,0.0000,M,0.0000,M,0.0000,0
$GPRMC,230925.43,A,3718.9914880,N,12158.1173200,W,25.9750,270.2408,101220,,,,
$GPGGA,230926.43,3718.9918420,N,12158.1347860,W,1,0,0.0,0.0000,M,0.0000,M,0.0000,0
$GPRMC,230926.43,A,3718.9918420,N,12158.1347860,W,25.6216,272.5932,101220,,,,
$GPGGA,230927.43,3718.9926100,N,12158.1520000,W,1,0,0.0,0.0000,M,0.0000,M,0.0000,0
$GPRMC,230927.43,A,3718.9926100,N,12158.1520000,W,25.2985,273.4677,101220,,,,
$GPGGA,230928.43,3718.9935040,N,12158.1689800,W,1,0,0.0,0.0000,M,0.0000,M,0.0000,0
$GPRMC,230928.43,A,3718.9935040,N,12158.1689800,W,24.9720,273.6999,101220,,,,
$GPGGA,230929.43,3718.9943380,N,12158.1857380,W,1,0,0.0,0.0000,M,0.0000,M,0.0000,0
$GPRMC,230929.43,A,3718.9943380,N,12158.1857380,W,24.6552,273.0901,101220,,,,
$GPGGA,230930.43,3718.9949860,N,12158.2022980,W,1,0,0.0,0.0000,M,0.0000,M,0.0000,0
$GPRMC,230930.43,A,3718.9949860,N,12158.2022980,W,24.3434,272.1846,101220,,,,
$GPGGA,230931.43,3718.9954540,N,12158.2186540,W,1,0,0.0,0.0000,M,0.0000,M,0.0000,0
$GPRMC,230931.43,A,3718.9954540,N,12158.2186540,W,24.0321,271.8543,101220,,,,
$GPGGA,230932.43,3718.9959460,N,12158.2348360,W,1,0,0.0,0.0000,M,0.0000,M,0.0000,0
$GPRMC,230932.43,A,3718.9959460,N,12158.2348360,W,23.8289,272.3662,101220,,,,
$GPGGA,230933.43,3718.9966360,N,12158.2509280,W,1,0,0.0,0.0000,M,0.0000,M,0.0000,0
$GPRMC,230933.43,A,3718.9966360,N,12158.2509280,W,23.8399,273.5556,101220,,,,
$GPGGA,230934.43,3718.9976800,N,12158.2670740,W,1,0,0.0,0.0000,M,0.0000,M,0.0000,0
$GPRMC,230934.43,A,3718.9976800,N,12158.2670740,W,24.0814,275.2765,101220,,,,
$GPGGA,230935.43,3718.9991560,N,12158.2834060,W,1,0,0.0,0.0000,M,0.0000,M,0.0000,0
$GPRMC,230935.43,A,3718.9991560,N,12158.2834060,W,24.5116,277.1352,101220,,,,
$GPGGA,230936.43,3719.0010820,N,12158.2999120,W,1,0,0.0,0.0000,M,0.0000,M,0.0000,0
$GPRMC,230936.43,A,3719.0010820,N,12158.2999120,W,24.7829,279.0433,101220,,,,
$GPGGA,230937.43,3719.0034640,N,12158.3163820,W,1,0,0.0,0.0000,M,0.0000,M,0.0000,0
$GPRMC,230937.43,A,3719.0034640,N,12158.3163820,W,24.6324,281.3253,101220,,,,
$GPGGA,230938.43,3719.0064940,N,12158.3325700,W,1,0,0.0,0.0000,M,0.0000,M,0.0000,0
$GPRMC,230938.43,A,3719.0064940,N,12158.3325700,W,24.5587,284.7405,101220,,,,
$GPGGA,230939.43,3719.0104780,N,12158.3485360,W,1,0,0.0,0.0000,M,0.0000,M,0.0000,0
$GPRMC,230939.43,A,3719.0104780,N,12158.3485360,W,24.9398,289.4859,101220,,,,
$GPGGA,230940.43,3719.0156140,N,12158.3644540,W,1,0,0.0,0.0000,M,0.0000,M,0.0000,0
$GPRMC,230940.43,A,3719.0156140,N,12158.3644540,W,25.7725,293.7165,101220,,,,
$GPGGA,230941.43,3719.0216380,N,12158.3803780,W,1,0,0.0,0.0000,M,0.0000,M,0.0000,0
$GPRMC,230941.43,A,3719.0216380,N,12158.3803780,W,26.1876,296.1606,101220,,,,
$GPGGA,230942.43,3719.0279560,N,12158.3961220,W,1,0,0.0,0.0000,M,0.0000,M,0.0000,0
$GPRMC,230942.43,A,3719.0279560,N,12158.3961220,W,25.7203,296.7769,101220,,,,
$GPGGA,230943.43,3719.0341120,N,12158.4113140,W,1,0,0.0,0.0000,M,0.0000,M,0.0000,0
$GPRMC,230943.43,A,3719.0341120,N,12158.4113140,W,24.3617,296.8405,101220,,,,
$GPGGA,230944.43,3719.0396200,N,12158.4248800,W,1,0,0.0,0.0000,M,0.0000,M,0.0000,0
$GPRMC,230944.43,A,3719.0396200,N,12158.4248800,W,20.3575,296.6627,101220,,,,
$GPGGA,230945.43,3719.0438080,N,12158.4352540,W,1,0,0.0,0.0000,M,0.0000,M,0.0000,0
$GPRMC,230945.43,A,3719.0438080,N,12158.4352540,W,14.1372,296.5902,101220,,,,
$GPGGA,230946.43,3719.0466760,N,12158.4422200,W,1,0,0.0,0.0000,M,0.0000,M,0.0000,0
$GPRMC,230946.43,A,3719.0466760,N,12158.4422200,W,9.4541,297.8458,101220,,,,
$GPGGA,230947.43,3719.0489740,N,12158.4470620,W,1,0,0.0,0.0000,M,0.0000,M,0.0000,0
$GPRMC,230947.43,A,3719.0489740,N,12158.4470620,W,7.5954,301.6979,101220,,,,
$GPGGA,230948.43,3719.0514940,N,12158.4509680,W,1,0,0.0,0.0000,M,0.0000,M,0.0000,0
$GPRMC,230948.43,A,3719.0514940,N,12158.4509680,W,7.1603,310.1778,101220,,,,
$GPGGA,230949.43,3719.0544400,N,12158.4540220,W,1,0,0.0,0.0000,M,0.0000,M,0.0000,0
$GPRMC,230949.43,A,3719.0544400,N,12158.4540220,W,6.8696,322.0976,101220,,,,
$GPGGA,230950.43,3719.0578540,N,12158.4559960,W,1,0,0.0,0.0000,M,0.0000,M,0.0000,0
$GPRMC,230950.43,A,3719.0578540,N,12158.4559960,W,6.9405,336.9602,101220,,,,
$GPGGA,230951.43,3719.0617000,N,12158.4568900,W,1,0,0.0,0.0000,M,0.0000,M,0.0000,0
$GPRMC,230951.43,A,3719.0617000,N,12158.4568900,W,7.4117,350.1069,101220,,,,
$GPGGA,230952.43,3719.0658460,N,12158.4572680,W,1,0,0.0,0.0000,M,0.0000,M,0.0000,0
$GPRMC,230952.43,A,3719.0658460,N,12158.4572680,W,7.8393,355.6207,101220,,,,
$GPGGA,230953.43,3719.0702020,N,12158.4573520,W,1,0,0.0,0.0000,M,0.0000,M,0.0000,0
$GPRMC,230953.43,A,3719.0702020,N,12158.4573520,W,8.1968,359.5524,101220,,,,
$GPGGA,230954.43,3719.0747320,N,12158.4569560,W,1,0,0.0,0.0000,M,0.0000,M,0.0000,0
$GPRMC,230954.43,A,3719.0747320,N,12158.4569560,W,8.5248,5.0639,101220,,,,
$GPGGA,230955.43,3719.0792980,N,12158.4557860,W,1,0,0.0,0.0000,M,0.0000,M,0.0000,0
$GPRMC,230955.43,A,3719.0792980,N,12158.4557860,W,8.4925,13.3309,101220,,,,
$GPGGA,230956.43,3719.0834680,N,12158.4537040,W,1,0,0.0,0.0000,M,0.0000,M,0.0000,0
$GPRMC,230956.43,A,3719.0834680,N,12158.4537040,W,7.9303,23.8587,101220,,,,
$GPGGA,230957.43,3719.0869000,N,12158.4511600,W,1,0,0.0,0.0000,M,0.0000,M,0.0000,0
$GPRMC,230957.43,A,3719.0869000,N,12158.4511600,W,6.6350,31.7936,101220,,,,
$GPGGA,230958.43,3719.0894680,N,12158.4489460,W,1,0,0.0,0.0000,M,0.0000,M,0.0000,0
$GPRMC,230958.43,A,3719.0894680,N,12158.4489460,W,4.9084,34.0851,101220,,,,
$GPGGA,230959.43,3719.0912920,N,12158.4473800,W,1,0,0.0,0.0000,M,0.0000,M,0.0000,0
$GPRMC,230959.43,A,3719.0912920,N,12158.4473800,W,3.3692,34.1528,101220,,,,
$GPGGA,231000.43,3719.0924860,N,12158.4463660,W,1,0,0.0,0.0000,M,0.0000,M,0.0000,0
$GPRMC,231000.43,A,3719.0924860,N,12158.4463660,W,1.9894,33.9677,101220,,,,
$GPGGA,231001.43,3719.0930740,N,12158.4458620,W,1,0,0.0,0.0000,M,0.0000,M,0.0000,0
$GPRMC,231001.43,A,3719.0930740,N,12158.4458620,W,0.7327,33.8620,101220,,,,
$GPGGA,231002.43,3719.0932180,N,12158.4457360,W,1,0,0.0,0.0000,M,0.0000,M,0.0000,0
$GPRMC,231002.43,A,3719.0932180,N,12158.4457360,W,0.0342,33.8586,101220,,,,
$GPGGA,231003.43,3719.0932180,N,12158.4457300,W,1,0,0.0,0.0000,M,0.0000,M,0.0000,0
$GPRMC,231003.43,A,3719.0932180,N,12158.4457300,W,0.0162,33.8583,101220,,,,
$GPGGA,231004.43,3719.0932180,N,12158.4457300,W,1,0,0.0,0.0000,M,0.0000,M,0.0000,0
$GPRMC,231004.43,A,3719.0932180,N,12158.4457300,W,0.0137,33.8564,101220,,,,
$GPGGA,231005.43,3719.0932180,N,12158.4457300,W,1,0,0.0,0.0000,M,0.0000,M,0.0000,0
$GPRMC,231005.43,A,3719.0932180,N,12158.4457300,W,0.0116,33.8553,101220,,,,
$GPGGA,231006.43,3719.0932180,N,12158.4457300,W,1,0,0.0,0.0000,M,0.0000,M,0.0000,0
$GPRMC,231006.43,A,3719.0932180,N,12158.4457300,W,0.0094,33.8542,101220,,,,
$GPGGA,231007.43,3719.0932180,N,12158.4457360,W,1,0,0.0,0.0000,M,0.0000,M,0.0000,0
$GPRMC,231007.43,A,3719.0932180,N,12158.4457360,W,0.0082,33.8532,101220,,,,
$GPGGA,231008.43,3719.0932180,N,12158.4457360,W,1,0,0.0,0.0000,M,0.0000,M,0.0000,0
$GPRMC,231008.43,A,3719.0932180,N,12158.4457360,W,0.0081,33.8521,101220,,,,
$GPGGA,231009.43,3719.0932180,N,12158.4457360,W,1,0,0.0,0.0000,M,0.0000,M,0.0000,0
$GPRMC,231009.43,A,3719.0932180,N,12158.4457360,W,0.0073,33.8508,101220,,,,
$GPGGA,231010.43,3719.0932180,N,12158.4457360,W,1,0,0.0,0.0000,M,0.0000,M,0.0000,0
$GPRMC,231010.43,A,3719.0932180,N,12158.4457360,W,0.0056,33.8499,101220,,,,
$GPGGA,231011.43,3719.0932180,N,12158.4457360,W,1,0,0.0,0.0000,M,0.0000,M,0.0000,0
$GPRMC,231011.43,A,3719.0932180,N,12158.4457360,W,0.0050,33.8492,101220,,,,
$GPGGA,231012.43,3719.0932180,N,12158.4457360,W,1,0,0.0,0.0000,M,0.0000,M,0.0000,0
$GPRMC,231012.43,A,3719.0932180,N,12158.4457360,W,0.0050,33.8482,101220,,,,
$GPGGA,231013.43,3719.0932180,N,12158.4457360,W,1,0,0.0,0.0000,M,0.0000,M,0.0000,0
$GPRMC,231013.43,A,3719.0932180,N,12158.4457360,W,0.0047,33.8471,101220,,,,
$GPGGA,231014.43,3719.0932180,N,12158.4457360,W,1,0,0.0,0.0000,M,0.0000,M,0.0000,0
$GPRMC,231014.43,A,3719.0932180,N,12158.4457360,W,0.0041,33.8460,101220,,,,
$GPGGA,231015.43,3719.0932180,N,12158.4457360,W,1,0,0.0,0.0000,M,0.0000,M,0.0000,0
$GPRMC,231015.43,A,3719.0932180,N,12158.4457360,W,0.0037,33.8451,101220,,,,
$GPGGA,231016.43,3719.0932180,N,12158.4457360,W,1,0,0.0,0.0000,M,0.0000,M,0.0000,0
$GPRMC,231016.43,A,3719.0932180,N,12158.4457360,W,0.0034,33.8442,101220,,,,
$GPGGA,231017.43,3719.0932180,N,12158.4457360,W,1,0,0.0,0.0000,M,0.0000,M,0.0000,0
$GPRMC,231017.43,A,3719.0932180,N,12158.4457360,W,0.0036,33.8431,101220,,,,
$GPGGA,231018.43,3719.0932180,N,12158.4457360,W,1,0,0.0,0.0000,M,0.0000,M,0.0000,0
$GPRMC,231018.43,A,3719.0932180,N,12158.4457360,W,0.0033,33.8420,101220,,,,
$GPGGA,231019.43,3719.0932180,N,12158.4457360,W,1,0,0.0,0.0000,M,0.0000,M,0.0000,0
$GPRMC,231019.43,A,3719.0932180,N,12158.4457360,W,0.0032,33.8409,101220,,,,
$GPGGA,231020.43,3719.0932180,N,12158.4457360,W,1,0,0.0,0.0000,M,0.0000,M,0.0000,0
$GPRMC,231020.43,A,3719.0932180,N,12158.4457360,W,0.0033,33.8397,101220,,,,
$GPGGA,231021.43,3719.0932180,N,12158.4457360,W,1,0,0.0,0.0000,M,0.0000,M,0.0000,0
$GPRMC,231021.43,A,3719.0932180,N,12158.4457360,W,0.0028,33.8387,101220,,,,
$GPGGA,231022.43,3719.0932180,N,12158.4457360,W,1,0,0.0,0.0000,M,0.0000,M,0.0000,0
$GPRMC,231022.43,A,3719.0932180,N,12158.4457360,W,0.0032,33.8379,101220,,,,
$GPGGA,231023.43,3719.0932180,N,12158.4457360,W,1,0,0.0,0.0000,M,0.0000,M,0.0000,0
$GPRMC,231023.43,A,3719.0932180,N,12158.4457360,W,0.0036,33.8369,101220,,,,
$GPGGA,231024.43,3719.0932180,N,12158.4457360,W,1,0,0.0,0.0000,M,0.0000,M,0.0000,0
$GPRMC,231024.43,A,3719.0932180,N,12158.4457360,W,0.0036,33.8359,101220,,,,
$GPGGA,231025.43,3719.0932180,N,12158.4457360,W,1,0,0.0,0.0000,M,0.0000,M,0.0000,0
$GPRMC,231025.43,A,3719.0932180,N,12158.4457360,W,0.0036,33.8348,101220,,,,
$GPGGA,231026.43,3719.0932180,N,12158.4457360,W,1,0,0.0,0.0000,M,0.0000,M,0.0000,0
$GPRMC,231026.43,A,3719.0932180,N,12158.4457360,W,0.0036,33.8338,101220,,,,
$GPGGA,231027.43,3719.0932180,N,12158.4457360,W,1,0,0.0,0.0000,M,0.0000,M,0.0000,0
$GPRMC,231027.43,A,3719.0932180,N,12158.4457360,W,0.0036,33.8328,101220,,,,
$GPGGA,231028.43,3719.0932180,N,12158.4457360,W,1,0,0.0,0.0000,M,0.0000,M,0.0000,0
$GPRMC,231028.43,A,3719.0932180,N,12158.4457360,W,0.0034,33.8318,101220,,,,
$GPGGA,231029.43,3719.0932180,N,12158.4457360,W,1,0,0.0,0.0000,M,0.0000,M,0.0000,0
$GPRMC,231029.43,A,3719.0932180,N,12158.4457360,W,0.0034,33.8308,101220,,,,
$GPGGA,231030.43,3719.0932180,N,12158.4457360,W,1,0,0.0,0.0000,M,0.0000,M,0.0000,0
$GPRMC,231030.43,A,3719.0932180,N,12158.4457360,W,0.0034,33.8300,101220,,,,
$GPGGA,231031.43,3719.0932180,N,12158.4457360,W,1,0,0.0,0.0000,M,0.0000,M,0.0000,0
$GPRMC,231031.43,A,3719.0932180,N,12158.4457360,W,0.0032,33.8290,101220,,,,
$GPGGA,231032.43,3719.0932180,N,12158.4457360,W,1,0,0.0,0.0000,M,0.0000,M,0.0000,0
$GPRMC,231032.43,A,3719.0932180,N,12158.4457360,W,0.0028,33.8279,101220,,,,
$GPGGA,231033.43,3719.0932180,N,12158.4457360,W,1,0,0.0,0.0000,M,0.0000,M,0.0000,0
$GPRMC,231033.43,A,3719.0932180,N,12158.4457360,W,0.0025,33.8270,101220,,,,
$GPGGA,231034.43,3719.0932180,N,12158.4457360,W,1,0,0.0,0.0000,M,0.0000,M,0.0000,0
$GPRMC,231034.43,A,3719.0932180,N,12158.4457360,W,0.0026,33.8262,101220,,,,
$GPGGA,231035.43,3719.0932180,N,12158.4457360,W,1,0,0.0,0.0000,M,0.0000,M,0.0000,0
$GPRMC,231035.43,A,3719.0932180,N,12158.4457360,W,0.0026,33.8252,101220,,,,
$GPGGA,231036.43,3719.0932180,N,12158.4457360,W,1,0,0.0,0.0000,M,0.0000,M,0.0000,0
$GPRMC,231036.43,A,3719.0932180,N,12158.4457360,W,0.0032,33.8241,101220,,,,
$GPGGA,231037.43,3719.0932180,N,12158.4457360,W,1,0,0.0,0.0000,M,0.0000,M,0.0000,0
$GPRMC,231037.43,A,3719.0932180,N,12158.4457360,W,0.0034,33.8231,101220,,,,
$GPGGA,231038.43,3719.0932180,N,12158.4457360,W,1,0,0.0,0.0000,M,0.0000,M,0.0000,0
$GPRMC,231038.43,A,3719.0932180,N,12158.4457360,W,0.0039,33.8220,101220,,,,
$GPGGA,231039.43,3719.0932180,N,12158.4457360,W,1,0,0.0,0.0000,M,0.0000,M,0.0000,0
$GPRMC,231039.43,A,3719.0932180,N,12158.4457360,W,0.0034,33.8210,101220,,,,
$GPGGA,231040.43,3719.0932180,N,12158.4457360,W,1,0,0.0,0.0000,M,0.0000,M,0.0000,0
$GPRMC,231040.43,A,3719.0932180,N,12158.4457360,W,0.0022,33.8199,101220,,,,
$GPGGA,231041.43,3719.0932180,N,12158.4457360,W,1,0,0.0,0.0000,M,0.0000,M,0.0000,0
$GPRMC,231041.43,A,3719.0932180,N,12158.4457360,W,0.0026,33.8189,101220,,,,
$GPGGA,231042.43,3719.0932240,N,12158.4457360,W,1,0,0.0,0.0000,M,0.0000,M,0.0000,0
$GPRMC,231042.43,A,3719.0932240,N,12158.4457360,W,0.0028,33.8181,101220,,,,
$GPGGA,231043.43,3719.0932240,N,12158.4457360,W,1,0,0.0,0.0000,M,0.0000,M,0.0000,0
$GPRMC,231043.43,A,3719.0932240,N,12158.4457360,W,0.0022,33.8171,101220,,,,
$GPGGA,231044.43,3719.0932240,N,12158.4457360,W,1,0,0.0,0.0000,M,0.0000,M,0.0000,0
$GPRMC,231044.43,A,3719.0932240,N,12158.4457360,W,0.0022,33.8163,101220,,,,
$GPGGA,231045.43,3719.0932240,N,12158.4457360,W,1,0,0.0,0.0000,M,0.0000,M,0.0000,0
$GPRMC,231045.43,A,3719.0932240,N,12158.4457360,W,0.0025,33.8154,101220,,,,
$GPGGA,231046.43,3719.0932240,N,12158.4457360,W,1,0,0.0,0.0000,M,0.0000,M,0.0000,0
$GPRMC,231046.43,A,3719.0932240,N,12158.4457360,W,0.0022,33.8145,101220,,,,
$GPGGA,231047.43,3719.0932240,N,12158.4457360,W,1,0,0.0,0.0000,M,0.0000,M,0.0000,0
$GPRMC,231047.43,A,3719.0932240,N,12158.4457360,W,0.0018,33.8136,101220,,,,
$GPGGA,231048.43,3719.0932240,N,12158.4457360,W,1,0,0.0,0.0000,M,0.0000,M,0.0000,0
$GPRMC,231048.43,A,3719.0932240,N,12158.4457360,W,0.0019,33.8126,101220,,,,
$GPGGA,231049.43,3719.0932240,N,12158.4457360,W,1,0,0.0,0.0000,M,0.0000,M,0.0000,0
$GPRMC,231049.43,A,3719.0932240,N,12158.4457360,W,0.0014,33.8116,101220,,,,
$GPGGA,231050.43,3719.0932240,N,12158.4457360,W,1,0,0.0,0.0000,M,0.0000,M,0.0000,0
$GPRMC,231050.43,A,3719.0932240,N,12158.4457360,W,0.0014,33.8105,101220,,,,
$GPGGA,231051.43,3719.0932240,N,12158.4457360,W,1,0,0.0,0.0000,M,0.0000,M,0.0000,0
$GPRMC,231051.43,A,3719.0932240,N,12158.4457360,W,0.0017,33.8096,101220,,,,
$GPGGA,231052.43,3719.0932240,N,12158.4457360,W,1,0,0.0,0.0000,M,0.0000,M,0.0000,0
$GPRMC,231052.43,A,3719.0932240,N,12158.4457360,W,0.0020,33.8088,101220,,,,
$GPGGA,231053.43,3719.0932240,N,12158.4457360,W,1,0,0.0,0.0000,M,0.0000,M,0.0000,0
$GPRMC,231053.43,A,3719.0932240,N,12158.4457360,W,0.0016,33.8080,101220,,,,
$GPGGA,231054.43,3719.0932240,N,12158.4457360,W,1,0,0.0,0.0000,M,0.0000,M,0.0000,0
$GPRMC,231054.43,A,3719.0932240,N,12158.4457360,W,0.0014,33.8071,101220,,,,
$GPGGA,231055.43,3719.0932240,N,12158.4457360,W,1,0,0.0,0.0000,M,0.0000,M,0.0000,0
$GPRMC,231055.43,A,3719.0932240,N,12158.4457360,W,0.0020,33.8060,101220,,,,
$GPGGA,231056.43,3719.0932240,N,12158.4457360,W,1,0,0.0,0.0000,M,0.0000,M,0.0000,0
$GPRMC,231056.43,A,3719.0932240,N,12158.4457360,W,0.0016,33.8050,101220,,,,
$GPGGA,231057.43,3719.0932240,N,12158.4457360,W,1,0,0.0,0.0000,M,0.0000,M,0.0000,0
$GPRMC,231057.43,A,3719.0932240,N,12158.4457360,W,0.0010,33.8039,101220,,,,
$GPGGA,231058.43,3719.0932240,N,12158.4457360,W,1,0,0.0,0.0000,M,0.0000,M,0.0000,0
$GPRMC,231058.43,A,3719.0932240,N,12158.4457360,W,0.0010,33.8027,101220,,,,
$GPGGA,231059.43,3719.0932240,N,12158.4457360,W,1,0,0.0,0.0000,M,0.0000,M,0.0000,0
$GPRMC,231059.43,A,3719.0932240,N,12158.4457360,W,0.0010,33.8016,101220,,,,
$GPGGA,231100.43,3719.0932240,N,12158.4457360,W,1,0,0.0,0.0000,M,0.0000,M,0.0000,0
$GPRMC,231100.43,A,3719.0932240,N,12158.4457360,W,0.0010,33.8008,101220,,,,
$GPGGA,231101.43,3719.0932240,N,12158.4457360,W,1,0,0.0,0.0000,M,0.0000,M,0.0000,0
$GPRMC,231101.43,A,3719.0932240,N,12158.4457360,W,0.0010,33.7999,101220,,,,
$GPGGA,231102.43,3719.0932240,N,12158.4457360,W,1,0,0.0,0.0000,M,0.0000,M,0.0000,0
$GPRMC,231102.43,A,3719.0932240,N,12158.4457360,W,0.0010,33.7988,101220,,,,
$GPGGA,231103.43,3719.0932240,N,12158.4457360,W,1,0,0.0,0.0000,M,0.0000,M,0.0000,0
$GPRMC,231103.43,A,3719.0932240,N,12158.4457360,W,0.0010,33.7978,101220,,,,
$GPGGA,231104.43,3719.0932240,N,12158.4457360,W,1,0,0.0,0.0000,M,0.0000,M,0.0000,0
$GPRMC,231104.43,A,3719.0932240,N,12158.4457360,W,0.0010,33.7969,101220,,,,
$GPGGA,231105.43,3719.0932240,N,12158.4457360,W,1,0,0.0,0.0000,M,0.0000,M,0.0000,0
$GPRMC,231105.43,A,3719.0932240,N,12158.4457360,W,0.0012,33.7962,101220,,,,
$GPGGA,231106.43,3719.0932240,N,12158.4457360,W,1,0,0.0,0.0000,M,0.0000,M,0.0000,0
$GPRMC,231106.43,A,3719.0932240,N,12158.4457360,W,0.0014,33.7952,101220,,,,
$GPGGA,231107.43,3719.0932240,N,12158.4457360,W,1,0,0.0,0.0000,M,0.0000,M,0.0000,0
$GPRMC,231107.43,A,3719.0932240,N,12158.4457360,W,0.0014,33.7941,101220,,,,
$GPGGA,231108.43,3719.0932240,N,12158.4457360,W,1,0,0.0,0.0000,M,0.0000,M,0.0000,0
$GPRMC,231108.43,A,3719.0932240,N,12158.4457360,W,0.0014,33.7932,101220,,,,
$GPGGA,231109.43,3719.0932240,N,12158.4457360,W,1,0,0.0,0.0000,M,0.0000,M,0.0000,0
$GPRMC,231109.43,A,3719.0932240,N,12158.4457360,W,0.0014,33.7921,101220,,,,
$GPGGA,231110.43,3719.0932240,N,12158.4457360,W,1,0,0.0,0.0000,M,0.0000,M,0.0000,0
$GPRMC,231110.43,A,3719.0932240,N,12158.4457360,W,0.0017,33.7912,101220,,,,
$GPGGA,231111.43,3719.0932240,N,12158.4457360,W,1,0,0.0,0.0000,M,0.0000,M,0.0000,0
$GPRMC,231111.43,A,3719.0932240,N,12158.4457360,W,0.0017,33.7903,101220,,,,
$GPGGA,231112.43,3719.0932240,N,12158.4457360,W,1,0,0.0,0.0000,M,0.0000,M,0.0000,0
$GPRMC,231112.43,A,3719.0932240,N,12158.4457360,W,0.0012,33.7892,101220,,,,
$GPGGA,231113.43,3719.0932240,N,12158.4457360,W,1,0,0.0,0.0000,M,0.0000,M,0.0000,0
$GPRMC,231113.43,A,3719.0932240,N,12158.4457360,W,0.0012,33.7879,101220,,,,
$GPGGA,231114.43,3719.0932240,N,12158.4457360,W,1,0,0.0,0.0000,M,0.0000,M,0.0000,0
$GPRMC,231114.43,A,3719.0932240,N,12158.4457360,W,0.0014,33.7867,101220,,,,
$GPGGA,231115.43,3719.0932240,N,12158.4457360,W,1,0,0.0,0.0000,M,0.0000,M,0.0000,0
$GPRMC,231115.43,A,3719.0932240,N,12158.4457360,W,0.0014,33.7861,101220,,,,
$GPGGA,231116.43,3719.0932240,N,12158.4457360,W,1,0,0.0,0.0000,M,0.0000,M,0.0000,0
$GPRMC,231116.43,A,3719.0932240,N,12158.4457360,W,0.0014,33.7855,101220,,,,
$GPGGA,231117.43,3719.0932240,N,12158.4457360,W,1,0,0.0,0.0000,M,0.0000,M,0.0000,0
$GPRMC,231117.43,A,3719.0932240,N,12158.4457360,W,0.0014,33.7846,101220,,,,
$GPGGA,231118.43,3719.0932240,N,12158.4457360,W,1,0,0.0,0.0000,M,0.0000,M,0.0000,0
$GPRMC,231118.43,A,3719.0932240,N,12158.4457360,W,0.0014,33.7836,101220,,,,
$GPGGA,231119.43,3719.0932240,N,12158.4457360,W,1,0,0.0,0.0000,M,0.0000,M,0.0000,0
$GPRMC,231119.43,A,3719.0932240,N,12158.4457360,W,0.0014,33.7825,101220,,,,
$GPGGA,231120.43,3719.0932240,N,12158.4457360,W,1,0,0.0,0.0000,M,0.0000,M,0.0000,0
$GPRMC,231120.43,A,3719.0932240,N,12158.4457360,W,0.0014,33.7816,101220,,,,
$GPGGA,231121.43,3719.0932240,N,12158.4457360,W,1,0,0.0,0.0000,M,0.0000,M,0.0000,0
$GPRMC,231121.43,A,3719.0932240,N,12158.4457360,W,0.0018,33.7805,101220,,,,
$GPGGA,231122.43,3719.0932240,N,12158.4457360,W,1,0,0.0,0.0000,M,0.0000,M,0.0000,0
$GPRMC,231122.43,A,3719.0932240,N,12158.4457360,W,0.0019,33.7795,101220,,,,
$GPGGA,231123.43,3719.0932240,N,12158.4457360,W,1,0,0.0,0.0000,M,0.0000,M,0.0000,0
$GPRMC,231123.43,A,3719.0932240,N,12158.4457360,W,0.0014,33.7786,101220,,,,
$GPGGA,231124.43,3719.0932240,N,12158.4457360,W,1,0,0.0,0.0000,M,0.0000,M,0.0000,0
$GPRMC,231124.43,A,3719.0932240,N,12158.4457360,W,0.0012,33.7776,101220,,,,
$GPGGA,231125.43,3719.0932240,N,12158.4457360,W,1,0,0.0,0.0000,M,0.0000,M,0.0000,0
$GPRMC,231125.43,A,3719.0932240,N,12158.4457360,W,0.0012,33.7765,101220,,,,
$GPGGA,231126.43,3719.0932240,N,12158.4457360,W,1,0,0.0,0.0000,M,0.0000,M,0.0000,0
$GPRMC,231126.43,A,3719.0932240,N,12158.4457360,W,0.0018,33.7755,101220,,,,
$GPGGA,231127.43,3719.0932240,N,12158.4457360,W,1,0,0.0,0.0000,M,0.0000,M,0.0000,0
$GPRMC,231127.43,A,3719.0932240,N,12158.4457360,W,0.0022,33.7746,101220,,,,
$GPGGA,231128.43,3719.0932240,N,12158.4457360,W,1,0,0.0,0.0000,M,0.0000,M,0.0000,0
$GPRMC,231128.43,A,3719.0932240,N,12158.4457360,W,0.0017,33.7739,101220,,,,
$GPGGA,231129.43,3719.0932240,N,12158.4457360,W,1,0,0.0,0.0000,M,0.0000,M,0.0000,0
$GPRMC,231129.43,A,3719.0932240,N,12158.4457360,W,0.0012,33.7730,101220,,,,
$GPGGA,231130.43,3719.0932240,N,12158.4457360,W,1,0,0.0,0.0000,M,0.0000,M,0.0000,0
$GPRMC,231130.43,A,3719.0932240,N,12158.4457360,W,0.0014,33.7720,101220,,,,
$GPGGA,231131.43,3719.0932240,N,12158.4457360,W,1,0,0.0,0.0000,M,0.0000,M,0.0000,0
$GPRMC,231131.43,A,3719.0932240,N,12158.4457360,W,0.0014,33.7710,101220,,,,
$GPGGA,231132.43,3719.0932240,N,12158.4457360,W,1,0,0.0,0.0000,M,0.0000,M,0.0000,0
$GPRMC,231132.43,A,3719.0932240,N,12158.4457360,W,0.0012,33.7701,101220,,,,
$GPGGA,231133.43,3719.0932240,N,12158.4457360,W,1,0,0.0,0.0000,M,0.0000,M,0.0000,0
$GPRMC,231133.43,A,3719.0932240,N,12158.4457360,W,0.0014,33.7692,101220,,,,
$GPGGA,231134.43,3719.0932240,N,12158.4457360,W,1,0,0.0,0.0000,M,0.0000,M,0.0000,0
$GPRMC,231134.43,A,3719.0932240,N,12158.4457360,W,0.0021,33.7684,101220,,,,
$GPGGA,231135.43,3719.0932240,N,12158.4457360,W,1,0,0.0,0.0000,M,0.0000,M,0.0000,0
$GPRMC,231135.43,A,3719.0932240,N,12158.4457360,W,0.0022,33.7674,101220,,,,
$GPGGA,231136.43,3719.0932240,N,12158.4457360,W,1,0,0.0,0.0000,M,0.0000,M,0.0000,0
$GPRMC,231136.43,A,3719.0932240,N,12158.4457360,W,0.0019,33.7663,101220,,,,
$GPGGA,231137.43,3719.0932240,N,12158.4457360,W,1,0,0.0,0.0000,M,0.0000,M,0.0000,0
$GPRMC,231137.43,A,3719.0932240,N,12158.4457360,W,0.0018,33.7653,101220,,,,
$GPGGA,231138.43,3719.0932240,N,12158.4457360,W,1,0,0.0,0.0000,M,0.0000,M,0.0000,0
$GPRMC,231138.43,A,3719.0932240,N,12158.4457360,W,0.0022,33.7643,101220,,,,
$GPGGA,231139.43,3719.0932240,N,12158.4457360,W,1,0,0.0,0.0000,M,0.0000,M,0.0000,0
$GPRMC,231139.43,A,3719.0932240,N,12158.4457360,W,0.0022,33.7633,101220,,,,
$GPGGA,231140.43,3719.0932240,N,12158.4457360,W,1,0,0.0,0.0000,M,0.0000,M,0.0000,0
$GPRMC,231140.43,A,3719.0932240,N,12158.4457360,W,0.0022,33.7625,101220,,,,
$GPGGA,231141.43,3719.0932240,N,12158.4457360,W,1,0,0.0,0.0000,M,0.0000,M,0.0000,0
$GPRMC,231141.43,A,3719.0932240,N,12158.4457360,W,0.0028,33.7616,101220,,,,
$GPGGA,231142.43,3719.0932240,N,12158.4457360,W,1,0,0.0,0.0000,M,0.0000,M,0.0000,0
$GPRMC,231142.43,A,3719.0932240,N,12158.4457360,W,0.0039,33.7607,101220,,,,
$GPGGA,231143.43,3719.0932240,N,12158.4457360,W,1,0,0.0,0.0000,M,0.0000,M,0.0000,0
$GPRMC,231143.43,A,3719.0932240,N,12158.4457360,W,0.0040,33.7596,101220,,,,
$GPGGA,231144.43,3719.0932240,N,12158.4457360,W,1,0,0.0,0.0000,M,0.0000,M,0.0000,0
$GPRMC,231144.43,A,3719.0932240,N,12158.4457360,W,0.0036,33.7586,101220,,,,
$GPGGA,231145.43,3719.0932240,N,12158.4457360,W,1,0,0.0,0.0000,M,0.0000,M,0.0000,0
$GPRMC,231145.43,A,3719.0932240,N,12158.4457360,W,0.0036,33.7578,101220,,,,
$GPGGA,231146.43,3719.0932240,N,12158.4457360,W,1,0,0.0,0.0000,M,0.0000,M,0.0000,0
$GPRMC,231146.43,A,3719.0932240,N,12158.4457360,W,0.0040,33.7569,101220,,,,
$GPGGA,231147.43,3719.0932180,N,12158.4457420,W,1,0,0.0,0.0000,M,0.0000,M,0.0000,0
$GPRMC,231147.43,A,3719.0932180,N,12158.4457420,W,0.0045,33.7560,101220,,,,
$GPGGA,231148.43,3719.0932180,N,12158.4457420,W,1,0,0.0,0.0000,M,0.0000,M,0.0000,0
$GPRMC,231148.43,A,3719.0932180,N,12158.4457420,W,0.0045,33.7550,101220,,,,
$GPGGA,231149.43,3719.0932180,N,12158.4457420,W,1,0,0.0,0.0000,M,0.0000,M,0.0000,0
$GPRMC,231149.43,A,3719.0932180,N,12158.4457420,W,0.0045,33.7539,101220,,,,
$GPGGA,231150.43,3719.0932180,N,12158.4457420,W,1,0,0.0,0.0000,M,0.0000,M,0.0000,0
$GPRMC,231150.43,A,3719.0932180,N,12158.4457420,W,0.0045,33.7529,101220,,,,
$GPGGA,231151.43,3719.0932120,N,12158.4457420,W,1,0,0.0,0.0000,M,0.0000,M,0.0000,0
$GPRMC,231151.43,A,3719.0932120,N,12158.4457420,W,0.0045,33.7520,101220,,,,
$GPGGA,231152.43,3719.0932120,N,12158.4457360,W,1,0,0.0,0.0000,M,0.0000,M,0.0000,0
$GPRMC,231152.43,A,3719.0932120,N,12158.4457360,W,0.0051,33.7511,101220,,,,
$GPGGA,231153.43,3719.0932120,N,12158.4457360,W,1,0,0.0,0.0000,M,0.0000,M,0.0000,0
$GPRMC,231153.43,A,3719.0932120,N,12158.4457360,W,0.0058,33.7501,101220,,,,
$GPGGA,231154.43,3719.0932120,N,12158.4457360,W,1,0,0.0,0.0000,M,0.0000,M,0.0000,0
$GPRMC,231154.43,A,3719.0932120,N,12158.4457360,W,0.0061,33.7491,101220,,,,
$GPGGA,231155.43,3719.0932120,N,12158.4457360,W,1,0,0.0,0.0000,M,0.0000,M,0.0000,0
$GPRMC,231155.43,A,3719.0932120,N,12158.4457360,W,0.0067,33.7480,101220,,,,
$GPGGA,231156.43,3719.0932120,N,12158.4457360,W,1,0,0.0,0.0000,M,0.0000,M,0.0000,0
$GPRMC,231156.43,A,3719.0932120,N,12158.4457360,W,0.0077,33.7471,101220,,,,
$GPGGA,231157.43,3719.0932120,N,12158.4457360,W,1,0,0.0,0.0000,M,0.0000,M,0.0000,0
$GPRMC,231157.43,A,3719.0932120,N,12158.4457360,W,0.0094,33.7462,101220,,,,
$GPGGA,231158.43,3719.0932180,N,12158.4457360,W,1,0,0.0,0.0000,M,0.0000,M,0.0000,0
$GPRMC,231158.43,A,3719.0932180,N,12158.4457360,W,0.0116,33.7452,101220,,,,
$GPGGA,231159.43,3719.0932180,N,12158.4457300,W,1,0,0.0,0.0000,M,0.0000,M,0.0000,0
$GPRMC,231159.43,A,3719.0932180,N,12158.4457300,W,0.0141,33.7444,101220,,,,
$GPGGA,231200.43,3719.0932240,N,12158.4457300,W,1,0,0.0,0.0000,M,0.0000,M,0.0000,0
$GPRMC,231200.43,A,3719.0932240,N,12158.4457300,W,0.0171,33.7432,101220,,,,
$GPGGA,231201.43,3719.0932300,N,12158.4457240,W,1,0,0.0,0.0000,M,0.0000,M,0.0000,0
$GPRMC,231201.43,A,3719.0932300,N,12158.4457240,W,0.0207,33.7421,101220,,,,
$GPGGA,231202.43,3719.0932300,N,12158.4457240,W,1,0,0.0,0.0000,M,0.0000,M,0.0000,0
$GPRMC,231202.43,A,3719.0932300,N,12158.4457240,W,0.0253,33.7410,101220,,,,
$GPGGA,231203.43,3719.0932360,N,12158.4457180,W,1,0,0.0,0.0000,M,0.0000,M,0.0000,0
$GPRMC,231203.43,A,3719.0932360,N,12158.4457180,W,0.0299,33.7411,101220,,,,
$GPGGA,231204.43,3719.0933020,N,12158.4456760,W,1,0,0.0,0.0000,M,0.0000,M,0.0000,0
$GPRMC,231204.43,A,3719.0933020,N,12158.4456760,W,0.3774,33.7377,101220,,,,
$GPGGA,231205.43,3719.0937460,N,12158.4453220,W,1,0,0.0,0.0000,M,0.0000,M,0.0000,0
$GPRMC,231205.43,A,3719.0937460,N,12158.4453220,W,1.5811,33.6278,101220,,,,
$GPGGA,231206.43,3719.0948140,N,12158.4448240,W,1,0,0.0,0.0000,M,0.0000,M,0.0000,0
$GPRMC,231206.43,A,3719.0948140,N,12158.4448240,W,2.4601,26.5566,101220,,,,
$GPGGA,231207.43,3719.0961220,N,12158.4451600,W,1,0,0.0,0.0000,M,0.0000,M,0.0000,0
$GPRMC,231207.43,A,3719.0961220,N,12158.4451600,W,2.4343,4.0327,101220,,,,
$GPGGA,231208.43,3719.0970340,N,12158.4467260,W,1,0,0.0,0.0000,M,0.0000,M,0.0000,0
$GPRMC,231208.43,A,3719.0970340,N,12158.4467260,W,2.8318,330.3929,101220,,,,
$GPGGA,231209.43,3719.0969980,N,12158.4489580,W,1,0,0.0,0.0000,M,0.0000,M,0.0000,0
$GPRMC,231209.43,A,3719.0969980,N,12158.4489580,W,3.3951,291.0182,101220,,,,
$GPGGA,231210.43,3719.0956840,N,12158.4509320,W,1,0,0.0,0.0000,M,0.0000,M,0.0000,0
$GPRMC,231210.43,A,3719.0956840,N,12158.4509320,W,4.2226,249.9904,101220,,,,
$GPGGA,231211.43,3719.0934280,N,12158.4524500,W,1,0,0.0,0.0000,M,0.0000,M,0.0000,0
$GPRMC,231211.43,A,3719.0934280,N,12158.4524500,W,5.6627,220.0081,101220,,,,
$GPGGA,231212.43,3719.0903380,N,12158.4544540,W,1,0,0.0,0.0000,M,0.0000,M,0.0000,0
$GPRMC,231212.43,A,3719.0903380,N,12158.4544540,W,7.5459,209.5303,101220,,,,
$GPGGA,231213.43,3719.0863360,N,12158.4572860,W,1,0,0.0,0.0000,M,0.0000,M,0.0000,0
$GPRMC,231213.43,A,3719.0863360,N,12158.4572860,W,9.4484,209.2639,101220,,,,
$GPGGA,231214.43,3719.0814640,N,12158.4607120,W,1,0,0.0,0.0000,M,0.0000,M,0.0000,0
$GPRMC,231214.43,A,3719.0814640,N,12158.4607120,W,11.2272,208.9982,101220,,,,
$GPGGA,231215.43,3719.0757340,N,12158.4646660,W,1,0,0.0,0.0000,M,0.0000,M,0.0000,0
$GPRMC,231215.43,A,3719.0757340,N,12158.4646660,W,13.0436,208.6307,101220,,,,
$GPGGA,231216.43,3719.0691880,N,12158.4692860,W,1,0,0.0,0.0000,M,0.0000,M,0.0000,0
$GPRMC,231216.43,A,3719.0691880,N,12158.4692860,W,14.7383,209.6398,101220,,,,
$GPGGA,231217.43,3719.0620180,N,12158.4746620,W,1,0,0.0,0.0000,M,0.0000,M,0.0000,0
$GPRMC,231217.43,A,3719.0620180,N,12158.4746620,W,16.0240,211.2093,101220,,,,
$GPGGA,231218.43,3719.0545660,N,12158.4805540,W,1,0,0.0,0.0000,M,0.0000,M,0.0000,0
$GPRMC,231218.43,A,3719.0545660,N,12158.4805540,W,16.4238,212.3904,101220,,,,
$GPGGA,231219.43,3719.0471560,N,12158.4865660,W,1,0,0.0,0.0000,M,0.0000,M,0.0000,0
$GPRMC,231219.43,A,3719.0471560,N,12158.4865660,W,16.2144,212.9420,101220,,,,
$GPGGA,231220.43,3719.0398960,N,12158.4925540,W,1,0,0.0,0.0000,M,0.0000,M,0.0000,0
$GPRMC,231220.43,A,3719.0398960,N,12158.4925540,W,15.9453,213.3676,101220,,,,
$GPGGA,231221.43,3719.0328340,N,12158.4984700,W,1,0,0.0,0.0000,M,0.0000,M,0.0000,0
$GPRMC,231221.43,A,3719.0328340,N,12158.4984700,W,15.2535,213.7570,101220,,,,
$GPGGA,231222.43,3719.0264560,N,12158.5038220,W,1,0,0.0,0.0000,M,0.0000,M,0.0000,0
$GPRMC,231222.43,A,3719.0264560,N,12158.5038220,W,12.8293,213.7175,101220,,,,
$GPGGA,231223.43,3719.0215840,N,12158.5078720,W,1,0,0.0,0.0000,M,0.0000,M,0.0000,0
$GPRMC,231223.43,A,3719.0215840,N,12158.5078720,W,8.7392,213.3072,101220,,,,
$GPGGA,231224.43,3719.0185420,N,12158.5103500,W,1,0,0.0,0.0000,M,0.0000,M,0.0000,0
$GPRMC,231224.43,A,3719.0185420,N,12158.5103500,W,4.7876,212.7934,101220,,,,
$GPGGA,231225.43,3719.0170720,N,12158.5115200,W,1,0,0.0,0.0000,M,0.0000,M,0.0000,0
$GPRMC,231225.43,A,3719.0170720,N,12158.5115200,W,1.8544,212.4311,101220,,,,
$GPGGA,231226.43,3719.0166280,N,12158.5118740,W,1,0,0.0,0.0000,M,0.0000,M,0.0000,0
$GPRMC,231226.43,A,3719.0166280,N,12158.5118740,W,0.4018,212.2852,101220,,,,
$GPGGA,231227.43,3719.0165980,N,12158.5119040,W,1,0,0.0,0.0000,M,0.0000,M,0.0000,0
$GPRMC,231227.43,A,3719.0165980,N,12158.5119040,W,0.0068,212.2770,101220,,,,
$GPGGA,231228.43,3719.0165980,N,12158.5119100,W,1,0,0.0,0.0000,M,0.0000,M,0.0000,0
$GPRMC,231228.43,A,3719.0165980,N,12158.5119100,W,0.0075,212.2749,101220,,,,
$GPGGA,231229.43,3719.0165980,N,12158.5119100,W,1,0,0.0,0.0000,M,0.0000,M,0.0000,0
$GPRMC,231229.43,A,3719.0165980,N,12158.5119100,W,0.0076,212.2723,101220,,,,
$GPGGA,231230.43,3719.0165980,N,12158.5119100,W,1,0,0.0,0.0000,M,0.0000,M,0.0000,0
$GPRMC,231230.43,A,3719.0165980,N,12158.5119100,W,0.0070,212.2714,101220,,,,
$GPGGA,231231.43,3719.0165980,N,12158.5119100,W,1,0,0.0,0.0000,M,0.0000,M,0.0000,0
$GPRMC,231231.43,A,3719.0165980,N,12158.5119100,W,0.0071,212.2698,101220,,,,
$GPGGA,231232.43,3719.0165980,N,12158.5119100,W,1,0,0.0,0.0000,M,0.0000,M,0.0000,0
$GPRMC,231232.43,A,3719.0165980,N,12158.5119100,W,0.0070,212.2684,101220,,,,
$GPGGA,231233.43,3719.0165980,N,12158.5119100,W,1,0,0.0,0.0000,M,0.0000,M,0.0000,0
$GPRMC,231233.43,A,3719.0165980,N,12158.5119100,W,0.0056,212.2675,101220,,,,
$GPGGA,231234.43,3719.0165980,N,12158.5119100,W,1,0,0.0,0.0000,M,0.0000,M,0.0000,0
$GPRMC,231234.43,A,3719.0165980,N,12158.5119100,W,0.0048,212.2663,101220,,,,
$GPGGA,231235.43,3719.0165980,N,12158.5119100,W,1,0,0.0,0.0000,M,0.0000,M,0.0000,0
$GPRMC,231235.43,A,3719.0165980,N,12158.5119100,W,0.0041,212.2660,101220,,,,
$GPGGA,231236.43,3719.0165980,N,12158.5119100,W,1,0,0.0,0.0000,M,0.0000,M,0.0000,0
$GPRMC,231236.43,A,3719.0165980,N,12158.5119100,W,0.0036,212.2653,101220,,,,
$GPGGA,231237.43,3719.0165980,N,12158.5119100,W,1,0,0.0,0.0000,M,0.0000,M,0.0000,0
$GPRMC,231237.43,A,3719.0165980,N,12158.5119100,W,0.0036,212.2641,101220,,,,
$GPGGA,231238.43,3719.0165980,N,12158.5119100,W,1,0,0.0,0.0000,M,0.0000,M,0.0000,0
$GPRMC,231238.43,A,3719.0165980,N,12158.5119100,W,0.0033,212.2630,101220,,,,
$GPGGA,231239.43,3719.0165980,N,12158.5119100,W,1,0,0.0,0.0000,M,0.0000,M,0.0000,0
$GPRMC,231239.43,A,3719.0165980,N,12158.5119100,W,0.0026,212.2620,101220,,,,
$GPGGA,231240.43,3719.0165980,N,12158.5119100,W,1,0,0.0,0.0000,M,0.0000,M,0.0000,0
$GPRMC,231240.43,A,3719.0165980,N,12158.5119100,W,0.0025,212.2609,101220,,,,
$GPGGA,231241.43,3719.0165980,N,12158.5119100,W,1,0,0.0,0.0000,M,0.0000,M,0.0000,0
$GPRMC,231241.43,A,3719.0165980,N,12158.5119100,W,0.0022,212.2599,101220,,,,
$GPGGA,231242.43,3719.0165980,N,12158.5119100,W,1,0,0.0,0.0000,M,0.0000,M,0.0000,0
$GPRMC,231242.43,A,3719.0165980,N,12158.5119100,W,0.0012,212.2589,101220,,,,
$GPGGA,231243.43,3719.0165980,N,12158.5119100,W,1,0,0.0,0.0000,M,0.0000,M,0.0000,0
$GPRMC,231243.43,A,3719.0165980,N,12158.5119100,W,0.0015,212.2577,101220,,,,
$GPGGA,231244.43,3719.0165980,N,12158.5119100,W,1,0,0.0,0.0000,M,0.0000,M,0.0000,0
$GPRMC,231244.43,A,3719.0165980,N,12158.5119100,W,0.0019,212.2566,101220,,,,
$GPGGA,231245.43,3719.0165980,N,12158.5119100,W,1,0,0.0,0.0000,M,0.0000,M,0.0000,0
$GPRMC,231245.43,A,3719.0165980,N,12158.5119100,W,0.0014,212.2556,101220,,,,
$GPGGA,231246.43,3719.0165980,N,12158.5119100,W,1,0,0.0,0.0000,M,0.0000,M,0.0000,0
$GPRMC,231246.43,A,3719.0165980,N,12158.5119100,W,0.0008,212.2546,101220,,,,
$GPGGA,231247.43,3719.0165980,N,12158.5119100,W,1,0,0.0,0.0000,M,0.0000,M,0.0000,0
$GPRMC,231247.43,A,3719.0165980,N,12158.5119100,W,0.0000,212.2536,101220,,,,
$GPGGA,231248.43,3719.0165980,N,12158.5119100,W,1,0,0.0,0.0000,M,0.0000,M,0.0000,0
$GPRMC,231248.43,A,3719.0165980,N,12158.5119100,W,0.0000,212.2525,101220,,,,
$GPGGA,231249.43,3719.0165980,N,12158.5119100,W,1,0,0.0,0.0000,M,0.0000,M,0.0000,0
$GPRMC,231249.43,A,3719.0165980,N,12158.5119100,W,0.0000,212.2514,101220,,,,
$GPGGA,231250.43,3719.0165980,N,12158.5119100,W,1,0,0.0,0.0000,M,0.0000,M,0.0000,0
$GPRMC,231250.43,A,3719.0165980,N,12158.5119100,W,0.0000,212.2502,101220,,,,
$GPGGA,231251.43,3719.0165980,N,12158.5119100,W,1,0,0.0,0.0000,M,0.0000,M,0.0000,0
$GPRMC,231251.43,A,3719.0165980,N,12158.5119100,W,0.0000,212.2491,101220,,,,
$GPGGA,231252.43,3719.0165980,N,12158.5119100,W,1,0,0.0,0.0000,M,0.0000,M,0.0000,0
$GPRMC,231252.43,A,3719.0165980,N,12158.5119100,W,0.0000,212.2482,101220,,,,
$GPGGA,231253.43,3719.0165980,N,12158.5119100,W,1,0,0.0,0.0000,M,0.0000,M,0.0000,0
$GPRMC,231253.43,A,3719.0165980,N,12158.5119100,W,0.0004,212.2471,101220,,,,
$GPGGA,231254.43,3719.0165980,N,12158.5119100,W,1,0,0.0,0.0000,M,0.0000,M,0.0000,0
$GPRMC,231254.43,A,3719.0165980,N,12158.5119100,W,0.0012,212.2459,101220,,,,
$GPGGA,231255.43,3719.0165980,N,12158.5119100,W,1,0,0.0,0.0000,M,0.0000,M,0.0000,0
$GPRMC,231255.43,A,3719.0165980,N,12158.5119100,W,0.0017,212.2449,101220,,,,
$GPGGA,231256.43,3719.0165980,N,12158.5119100,W,1,0,0.0,0.0000,M,0.0000,M,0.0000,0
$GPRMC,231256.43,A,3719.0165980,N,12158.5119100,W,0.0024,212.2437,101220,,,,
$GPGGA,231257.43,3719.0165980,N,12158.5119220,W,1,0,0.0,0.0000,M,0.0000,M,0.0000,0
$GPRMC,231257.43,A,3719.0165980,N,12158.5119220,W,0.0030,212.2426,101220,,,,
$GPGGA,231258.43,3719.0165860,N,12158.5119340,W,1,0,0.0,0.0000,M,0.0000,M,0.0000,0
$GPRMC,231258.43,A,3719.0165860,N,12158.5119340,W,0.0031,212.2417,101220,,,,
$GPGGA,231259.43,3719.0165740,N,12158.5119520,W,1,0,0.0,0.0000,M,0.0000,M,0.0000,0
$GPRMC,231259.43,A,3719.0165740,N,12158.5119520,W,0.0036,212.2407,101220,,,,
$GPGGA,231300.43,3719.0165620,N,12158.5119760,W,1,0,0.0,0.0000,M,0.0000,M,0.0000,0
$GPRMC,231300.43,A,3719.0165620,N,12158.5119760,W,0.0042,212.2397,101220,,,,
$GPGGA,231301.43,3719.0165500,N,12158.5120000,W,1,0,0.0,0.0000,M,0.0000,M,0.0000,0
$GPRMC,231301.43,A,3719.0165500,N,12158.5120000,W,0.0050,212.2386,101220,,,,
$GPGGA,231302.43,3719.0165260,N,12158.5120300,W,1,0,0.0,0.0000,M,0.0000,M,0.0000,0
$GPRMC,231302.43,A,3719.0165260,N,12158.5120300,W,0.0073,212.2375,101220,,,,
$GPGGA,231303.43,3719.0164960,N,12158.5120660,W,1,0,0.0,0.0000,M,0.0000,M,0.0000,0
$GPRMC,231303.43,A,3719.0164960,N,12158.5120660,W,0.0392,212.2375,101220,,,,
$GPGGA,231304.43,3719.0163100,N,12158.5122160,W,1,0,0.0,0.0000,M,0.0000,M,0.0000,0
$GPRMC,231304.43,A,3719.0163100,N,12158.5122160,W,0.8316,212.1823,101220,,,,
$GPGGA,231305.43,3719.0154880,N,12158.5128460,W,1,0,0.0,0.0000,M,0.0000,M,0.0000,0
$GPRMC,231305.43,A,3719.0154880,N,12158.5128460,W,2.7036,211.7626,101220,,,,
$GPGGA,231306.43,3719.0136880,N,12158.5139980,W,1,0,0.0,0.0000,M,0.0000,M,0.0000,0
$GPRMC,231306.43,A,3719.0136880,N,12158.5139980,W,4.6147,208.3729,101220,,,,
$GPGGA,231307.43,3719.0108080,N,12158.5149940,W,1,0,0.0,0.0000,M,0.0000,M,0.0000,0
$GPRMC,231307.43,A,3719.0108080,N,12158.5149940,W,6.5005,197.6011,101220,,,,
$GPGGA,231308.43,3719.0070460,N,12158.5147660,W,1,0,0.0,0.0000,M,0.0000,M,0.0000,0
$GPRMC,231308.43,A,3719.0070460,N,12158.5147660,W,7.7561,177.2699,101220,,,,
$GPGGA,231309.43,3719.0036320,N,12158.5123720,W,1,0,0.0,0.0000,M,0.0000,M,0.0000,0
$GPRMC,231309.43,A,3719.0036320,N,12158.5123720,W,8.0010,149.7123,101220,,,,
$GPGGA,231310.43,3719.0013160,N,12158.5079620,W,1,0,0.0,0.0000,M,0.0000,M,0.0000,0
$GPRMC,231310.43,A,3719.0013160,N,12158.5079620,W,8.9742,124.9526,101220,,,,
$GPGGA,231311.43,3718.9994920,N,12158.5019380,W,1,0,0.0,0.0000,M,0.0000,M,0.0000,0
$GPRMC,231311.43,A,3718.9994920,N,12158.5019380,W,10.8863,111.3111,101220,,,,
$GPGGA,231312.43,3718.9976440,N,12158.4943240,W,1,0,0.0,0.0000,M,0.0000,M,0.0000,0
$GPRMC,231312.43,A,3718.9976440,N,12158.4943240,W,12.9881,106.2100,101220,,,,
$GPGGA,231313.43,3718.9956520,N,12158.4851740,W,1,0,0.0,0.0000,M,0.0000,M,0.0000,0
$GPRMC,231313.43,A,3718.9956520,N,12158.4851740,W,15.2209,104.6318,101220,,,,
$GPGGA,231314.43,3718.9934140,N,12158.4745000,W,1,0,0.0,0.0000,M,0.0000,M,0.0000,0
$GPRMC,231314.43,A,3718.9934140,N,12158.4745000,W,17.3334,104.0655,101220,,,,
$GPGGA,231315.43,3718.9909960,N,12158.4627220,W,1,0,0.0,0.0000,M,0.0000,M,0.0000,0
$GPRMC,231315.43,A,3718.9909960,N,12158.4627220,W,18.4023,104.0163,101220,,,,
$GPGGA,231316.43,3718.9885060,N,12158.4506560,W,1,0,0.0,0.0000,M,0.0000,M,0.0000,0
$GPRMC,231316.43,A,3718.9885060,N,12158.4506560,W,18.3921,104.1389,101220,,,,
$GPGGA,231317.43,3718.9860220,N,12158.4386440,W,1,0,0.0,0.0000,M,0.0000,M,0.0000,0
$GPRMC,231317.43,A,3718.9860220,N,12158.4386440,W,18.2980,104.0958,101220,,,,
$GPGGA,231318.43,3718.9836100,N,12158.4266020,W,1,0,0.0,0.0000,M,0.0000,M,0.0000,0
$GPRMC,231318.43,A,3718.9836100,N,12158.4266020,W,18.5131,103.7545,101220,,,,
$GPGGA,231319.43,3718.9812280,N,12158.4142660,W,1,0,0.0,0.0000,M,0.0000,M,0.0000,0
$GPRMC,231319.43,A,3718.9812280,N,12158.4142660,W,19.0330,103.2066,101220,,,,
$GPGGA,231320.43,3718.9789300,N,12158.4015640,W,1,0,0.0,0.0000,M,0.0000,M,0.0000,0
$GPRMC,231320.43,A,3718.9789300,N,12158.4015640,W,19.4556,102.3152,101220,,,,
$GPGGA,231321.43,3718.9768900,N,12158.3886220,W,1,0,0.0,0.0000,M,0.0000,M,0.0000,0
$GPRMC,231321.43,A,3718.9768900,N,12158.3886220,W,19.5957,100.3436,101220,,,,
$GPGGA,231322.43,3718.9753660,N,12158.3756140,W,1,0,0.0,0.0000,M,0.0000,M,0.0000,0
$GPRMC,231322.43,A,3718.9753660,N,12158.3756140,W,19.4066,97.3047,101220,,,,
$GPGGA,231323.43,3718.9743640,N,12158.3626180,W,1,0,0.0,0.0000,M,0.0000,M,0.0000,0
$GPRMC,231323.43,A,3718.9743640,N,12158.3626180,W,19.3921,94.7100,101220,,,,
$GPGGA,231324.43,3718.9736740,N,12158.3494360,W,1,0,0.0,0.0000,M,0.0000,M,0.0000,0
$GPRMC,231324.43,A,3718.9736740,N,12158.3494360,W,19.7713,93.3635,101220,,,,
$GPGGA,231325.43,3718.9730680,N,12158.3358880,W,1,0,0.0,0.0000,M,0.0000,M,0.0000,0
$GPRMC,231325.43,A,3718.9730680,N,12158.3358880,W,20.3204,93.1265,101220,,,,
$GPGGA,231326.43,3718.9723780,N,12158.3219920,W,1,0,0.0,0.0000,M,0.0000,M,0.0000,0
$GPRMC,231326.43,A,3718.9723780,N,12158.3219920,W,20.6959,93.6660,101220,,,,
$GPGGA,231327.43,3718.9715800,N,12158.3079820,W,1,0,0.0,0.0000,M,0.0000,M,0.0000,0
$GPRMC,231327.43,A,3718.9715800,N,12158.3079820,W,20.6800,94.1735,101220,,,,
$GPGGA,231328.43,3718.9707220,N,12158.2940320,W,1,0,0.0,0.0000,M,0.0000,M,0.0000,0
$GPRMC,231328.43,A,3718.9707220,N,12158.2940320,W,20.6859,94.4041,101220,,,,
$GPGGA,231329.43,3718.9698520,N,12158.2800580,W,1,0,0.0,0.0000,M,0.0000,M,0.0000,0
$GPRMC,231329.43,A,3718.9698520,N,12158.2800580,W,20.7489,94.3334,101220,,,,
$GPGGA,231330.43,3718.9689940,N,12158.2661380,W,1,0,0.0,0.0000,M,0.0000,M,0.0000,0
$GPRMC,231330.43,A,3718.9689940,N,12158.2661380,W,20.4797,94.3557,101220,,,,
$GPGGA,231331.43,3718.9682080,N,12158.2524700,W,1,0,0.0,0.0000,M,0.0000,M,0.0000,0
$GPRMC,231331.43,A,3718.9682080,N,12158.2524700,W,19.9775,93.9159,101220,,,,
$GPGGA,231332.43,3718.9676320,N,12158.2392580,W,1,0,0.0,0.0000,M,0.0000,M,0.0000,0
$GPRMC,231332.43,A,3718.9676320,N,12158.2392580,W,19.0878,92.6928,101220,,,,
$GPGGA,231333.43,3718.9673440,N,12158.2266940,W,1,0,0.0,0.0000,M,0.0000,M,0.0000,0
$GPRMC,231333.43,A,3718.9673440,N,12158.2266940,W,18.1411,91.1478,101220,,,,
$GPGGA,231334.43,3718.9673260,N,12158.2146400,W,1,0,0.0,0.0000,M,0.0000,M,0.0000,0
$GPRMC,231334.43,A,3718.9673260,N,12158.2146400,W,17.5817,89.7864,101220,,,,
$GPGGA,231335.43,3718.9674820,N,12158.2028440,W,1,0,0.0,0.0000,M,0.0000,M,0.0000,0
$GPRMC,231335.43,A,3718.9674820,N,12158.2028440,W,17.3062,88.8473,101220,,,,
$GPGGA,231336.43,3718.9677100,N,12158.1912040,W,1,0,0.0,0.0000,M,0.0000,M,0.0000,0
$GPRMC,231336.43,A,3718.9677100,N,12158.1912040,W,17.1563,88.3740,101220,,,,
$GPGGA,231337.43,3718.9680100,N,12158.1795520,W,1,0,0.0,0.0000,M,0.0000,M,0.0000,0
$GPRMC,231337.43,A,3718.9680100,N,12158.1795520,W,17.3928,87.8605,101220,,,,
$GPGGA,231338.43,3718.9683880,N,12158.1676000,W,1,0,0.0,0.0000,M,0.0000,M,0.0000,0
$GPRMC,231338.43,A,3718.9683880,N,12158.1676000,W,17.9680,87.6399,101220,,,,
$GPGGA,231339.43,3718.9687900,N,12158.1552580,W,1,0,0.0,0.0000,M,0.0000,M,0.0000,0
$GPRMC,231339.43,A,3718.9687900,N,12158.1552580,W,18.5346,87.2798,101220,,,,
$GPGGA,231340.43,3718.9694020,N,12158.1425320,W,1,0,0.0,0.0000,M,0.0000,M,0.0000,0
$GPRMC,231340.43,A,3718.9694020,N,12158.1425320,W,19.2041,85.8217,101220,,,,
$GPGGA,231341.43,3718.9702840,N,12158.1292420,W,1,0,0.0,0.0000,M,0.0000,M,0.0000,0
$GPRMC,231341.43,A,3718.9702840,N,12158.1292420,W,20.2634,84.9097,101220,,,,
$GPGGA,231342.43,3718.9712080,N,12158.1151300,W,1,0,0.0,0.0000,M,0.0000,M,0.0000,0
$GPRMC,231342.43,A,3718.9712080,N,12158.1151300,W,21.5525,85.4060,101220,,,,
$GPGGA,231343.43,3718.9720060,N,12158.1002020,W,1,0,0.0,0.0000,M,0.0000,M,0.0000,0
$GPRMC,231343.43,A,3718.9720060,N,12158.1002020,W,22.5271,86.5473,101220,,,,
$GPGGA,231344.43,3718.9726420,N,12158.0848300,W,1,0,0.0,0.0000,M,0.0000,M,0.0000,0
$GPRMC,231344.43,A,3718.9726420,N,12158.0848300,W,22.8172,87.2515,101220,,,,
$GPGGA,231345.43,3718.9731580,N,12158.0694940,W,1,0,0.0,0.0000,M,0.0000,M,0.0000,0
$GPRMC,231345.43,A,3718.9731580,N,12158.0694940,W,22.5150,87.5704,101220,,,,
$GPGGA,231346.43,3718.9736680,N,12158.0544040,W,1,0,0.0,0.0000,M,0.0000,M,0.0000,0
$GPRMC,231346.43,A,3718.9736680,N,12158.0544040,W,22.1016,87.4396,101220,,,,
$GPGGA,231347.43,3718.9742080,N,12158.0396200,W,1,0,0.0,0.0000,M,0.0000,M,0.0000,0
$GPRMC,231347.43,A,3718.9742080,N,12158.0396200,W,21.6421,87.0627,101220,,,,
$GPGGA,231348.43,3718.9748860,N,12158.0251000,W,1,0,0.0,0.0000,M,0.0000,M,0.0000,0
$GPRMC,231348.43,A,3718.9748860,N,12158.0251000,W,21.4242,86.2548,101220,,,,
$GPGGA,231349.43,3718.9757620,N,12158.0105500,W,1,0,0.0,0.0000,M,0.0000,M,0.0000,0
$GPRMC,231349.43,A,3718.9757620,N,12158.0105500,W,21.8619,85.2548,101220,,,,
$GPGGA,231350.43,3718.9767460,N,12157.9954660,W,1,0,0.0,0.0000,M,0.0000,M,0.0000,0
$GPRMC,231350.43,A,3718.9767460,N,12157.9954660,W,22.9890,85.2656,101220,,,,
$GPGGA,231351.43,3718.9776820,N,12157.9794580,W,1,0,0.0,0.0000,M,0.0000,M,0.0000,0
$GPRMC,231351.43,A,3718.9776820,N,12157.9794580,W,24.4359,86.0241,101220,,,,
$GPGGA,231352.43,3718.9784740,N,12157.9626280,W,1,0,0.0,0.0000,M,0.0000,M,0.0000,0
$GPRMC,231352.43,A,3718.9784740,N,12157.9626280,W,25.2831,86.8248,101220,,,,
$GPGGA,231353.43,3718.9791340,N,12157.9454920,W,1,0,0.0,0.0000,M,0.0000,M,0.0000,0
$GPRMC,231353.43,A,3718.9791340,N,12157.9454920,W,25.3581,87.3640,101220,,,,
$GPGGA,231354.43,3718.9797340,N,12157.9283260,W,1,0,0.0,0.0000,M,0.0000,M,0.0000,0
$GPRMC,231354.43,A,3718.9797340,N,12157.9283260,W,25.4405,87.4949,101220,,,,
$GPGGA,231355.43,3718.9802980,N,12157.9110580,W,1,0,0.0,0.0000,M,0.0000,M,0.0000,0
$GPRMC,231355.43,A,3718.9802980,N,12157.9110580,W,25.6750,87.6561,101220,,,,
$GPGGA,231356.43,3718.9808320,N,12157.8935740,W,1,0,0.0,0.0000,M,0.0000,M,0.0000,0
$GPRMC,231356.43,A,3718.9808320,N,12157.8935740,W,26.0527,87.7670,101220,,,,
$GPGGA,231357.43,3718.9813720,N,12157.8758080,W,1,0,0.0,0.0000,M,0.0000,M,0.0000,0
$GPRMC,231357.43,A,3718.9813720,N,12157.8758080,W,26.5028,87.7784,101220,,,,
$GPGGA,231358.43,3718.9818640,N,12157.8577060,W,1,0,0.0,0.0000,M,0.0000,M,0.0000,0
$GPRMC,231358.43,A,3718.9818640,N,12157.8577060,W,27.0044,88.2474,101220,,,,
$GPGGA,231359.43,3718.9821760,N,12157.8392380,W,1,0,0.0,0.0000,M,0.0000,M,0.0000,0
$GPRMC,231359.43,A,3718.9821760,N,12157.8392380,W,27.5439,89.2094,101220,,,,
$GPGGA,231400.43,3718.9822300,N,12157.8205060,W,1,0,0.0,0.0000,M,0.0000,M,0.0000,0
$GPRMC,231400.43,A,3718.9822300,N,12157.8205060,W,27.7770,90.0417,101220,,,,
$GPGGA,231401.43,3718.9821040,N,12157.8017260,W,1,0,0.0,0.0000,M,0.0000,M,0.0000,0
$GPRMC,231401.43,A,3718.9821040,N,12157.8017260,W,27.7613,90.6769,101220,,,,
$GPGGA,231402.43,3718.9818460,N,12157.7828680,W,1,0,0.0,0.0000,M,0.0000,M,0.0000,0
$GPRMC,231402.43,A,3718.9818460,N,12157.7828680,W,28.0543,90.9417,101220,,,,
$GPGGA,231403.43,3718.9815520,N,12157.7637160,W,1,0,0.0,0.0000,M,0.0000,M,0.0000,0
$GPRMC,231403.43,A,3718.9815520,N,12157.7637160,W,28.5544,90.8036,101220,,,,
$GPGGA,231404.43,3718.9812820,N,12157.7442100,W,1,0,0.0,0.0000,M,0.0000,M,0.0000,0
$GPRMC,231404.43,A,3718.9812820,N,12157.7442100,W,29.0699,90.6566,101220,,,,
$GPGGA,231405.43,3718.9810300,N,12157.7243440,W,1,0,0.0,0.0000,M,0.0000,M,0.0000,0
$GPRMC,231405.43,A,3718.9810300,N,12157.7243440,W,29.5814,90.7903,101220,,,,
$GPGGA,231406.43,3718.9807660,N,12157.7041540,W,1,0,0.0,0.0000,M,0.0000,M,0.0000,0
$GPRMC,231406.43,A,3718.9807660,N,12157.7041540,W,30.0435,90.9142,101220,,,,
$GPGGA,231407.43,3718.9804840,N,12157.6836760,W,1,0,0.0,0.0000,M,0.0000,M,0.0000,0
$GPRMC,231407.43,A,3718.9804840,N,12157.6836760,W,30.4915,90.8787,101220,,,,
$GPGGA,231408.43,3718.9801960,N,12157.6628620,W,1,0,0.0,0.0000,M,0.0000,M,0.0000,0
$GPRMC,231408.43,A,3718.9801960,N,12157.6628620,W,31.0564,90.8131,101220,,,,
$GPGGA,231409.43,3718.9799080,N,12157.6416340,W,1,0,0.0,0.0000,M,0.0000,M,0.0000,0
$GPRMC,231409.43,A,3718.9799080,N,12157.6416340,W,31.6634,90.7260,101220,,,,
$GPGGA,231410.43,3718.9796200,N,12157.6201000,W,1,0,0.0,0.0000,M,0.0000,M,0.0000,0
$GPRMC,231410.43,A,3718.9796200,N,12157.6201000,W,31.9330,90.8225,101220,,,,
$GPGGA,231411.43,3718.9792780,N,12157.5985540,W,1,0,0.0,0.0000,M,0.0000,M,0.0000,0
$GPRMC,231411.43,A,3718.9792780,N,12157.5985540,W,31.6965,90.9681,101220,,,,
$GPGGA,231412.43,3718.9789780,N,12157.5772360,W,1,0,0.0,0.0000,M,0.0000,M,0.0000,0
$GPRMC,231412.43,A,3718.9789780,N,12157.5772360,W,31.3068,90.7998,101220,,,,
$GPGGA,231413.43,3718.9786300,N,12157.5561760,W,1,0,0.0,0.0000,M,0.0000,M,0.0000,0
$GPRMC,231413.43,A,3718.9786300,N,12157.5561760,W,30.9922,91.1296,101220,,,,
$GPGGA,231414.43,3718.9780900,N,12157.5352120,W,1,0,0.0,0.0000,M,0.0000,M,0.0000,0
$GPRMC,231414.43,A,3718.9780900,N,12157.5352120,W,31.0348,91.8322,101220,,,,
$GPGGA,231415.43,3718.9775560,N,12157.5141220,W,1,0,0.0,0.0000,M,0.0000,M,0.0000,0
$GPRMC,231415.43,A,3718.9775560,N,12157.5141220,W,31.2352,91.5888,101220,,,,
$GPGGA,231416.43,3718.9772500,N,12157.4929780,W,1,0,0.0,0.0000,M,0.0000,M,0.0000,0
$GPRMC,231416.43,A,3718.9772500,N,12157.4929780,W,31.2528,90.4795,101220,,,,
$GPGGA,231417.43,3718.9773940,N,12157.4716960,W,1,0,0.0,0.0000,M,0.0000,M,0.0000,0
$GPRMC,231417.43,A,3718.9773940,N,12157.4716960,W,31.8352,88.9642,101220,,,,
$GPGGA,231418.43,3718.9779700,N,12157.4497000,W,1,0,0.0,0.0000,M,0.0000,M,0.0000,0
$GPRMC,231418.43,A,3718.9779700,N,12157.4497000,W,33.3007,87.6110,101220,,,,
$GPGGA,231419.43,3718.9788580,N,12157.4267020,W,1,0,0.0,0.0000,M,0.0000,M,0.0000,0
$GPRMC,231419.43,A,3718.9788580,N,12157.4267020,W,34.5126,86.9637,101220,,,,
$GPGGA,231420.43,3718.9797880,N,12157.4031760,W,1,0,0.0,0.0000,M,0.0000,M,0.0000,0
$GPRMC,231420.43,A,3718.9797880,N,12157.4031760,W,34.8265,87.2806,101220,,,,
$GPGGA,231421.43,3718.9806100,N,12157.3797220,W,1,0,0.0,0.0000,M,0.0000,M,0.0000,0
$GPRMC,231421.43,A,3718.9806100,N,12157.3797220,W,34.5610,87.3166,101220,,,,
$GPGGA,231422.43,3718.9816240,N,12157.3564900,W,1,0,0.0,0.0000,M,0.0000,M,0.0000,0
$GPRMC,231422.43,A,3718.9816240,N,12157.3564900,W,34.2337,86.2066,101220,,,,
$GPGGA,231423.43,3718.9829200,N,12157.3335700,W,1,0,0.0,0.0000,M,0.0000,M,0.0000,0
$GPRMC,231423.43,A,3718.9829200,N,12157.3335700,W,33.5696,85.5336,101220,,,,
$GPGGA,231424.43,3718.9842640,N,12157.3114960,W,1,0,0.0,0.0000,M,0.0000,M,0.0000,0
$GPRMC,231424.43,A,3718.9842640,N,12157.3114960,W,31.6153,85.6786,101220,,,,
$GPGGA,231425.43,3718.9853200,N,12157.2911560,W,1,0,0.0,0.0000,M,0.0000,M,0.0000,0
$GPRMC,231425.43,A,3718.9853200,N,12157.2911560,W,28.6700,86.7588,101220,,,,
$GPGGA,231426.43,3718.9859380,N,12157.2724420,W,1,0,0.0,0.0000,M,0.0000,M,0.0000,0
$GPRMC,231426.43,A,3718.9859380,N,12157.2724420,W,26.8761,88.0711,101220,,,,
$GPGGA,231427.43,3718.9862980,N,12157.2544060,W,1,0,0.0,0.0000,M,0.0000,M,0.0000,0
$GPRMC,231427.43,A,3718.9862980,N,12157.2544060,W,26.5057,88.5170,101220,,,,
$GPGGA,231428.43,3718.9866280,N,12157.2365620,W,1,0,0.0,0.0000,M,0.0000,M,0.0000,0
$GPRMC,231428.43,A,3718.9866280,N,12157.2365620,W,26.2454,88.3573,101220,,,,
$GPGGA,231429.43,3718.9870360,N,12157.2189160,W,1,0,0.0,0.0000,M,0.0000,M,0.0000,0
$GPRMC,231429.43,A,3718.9870360,N,12157.2189160,W,25.9307,88.0603,101220,,,,
$GPGGA,231430.43,3718.9874560,N,12157.2014980,W,1,0,0.0,0.0000,M,0.0000,M,0.0000,0
$GPRMC,231430.43,A,3718.9874560,N,12157.2014980,W,25.6051,88.1857,101220,,,,
$GPGGA,231431.43,3718.9877800,N,12157.1842720,W,1,0,0.0,0.0000,M,0.0000,M,0.0000,0
$GPRMC,231431.43,A,3718.9877800,N,12157.1842720,W,25.2655,88.4743,101220,,,,
$GPGGA,231432.43,3718.9880320,N,12157.1673580,W,1,0,0.0,0.0000,M,0.0000,M,0.0000,0
$GPRMC,231432.43,A,3718.9880320,N,12157.1673580,W,24.4607,88.5365,101220,,,,
$GPGGA,231433.43,3718.9883200,N,12157.1513680,W,1,0,0.0,0.0000,M,0.0000,M,0.0000,0
$GPRMC,231433.43,A,3718.9883200,N,12157.1513680,W,22.6053,88.7186,101220,,,,
$GPGGA,231434.43,3718.9885360,N,12157.1368660,W,1,0,0.0,0.0000,M,0.0000,M,0.0000,0
$GPRMC,231434.43,A,3718.9885360,N,12157.1368660,W,20.3000,89.0021,101220,,,,
$GPGGA,231435.43,3718.9886920,N,12157.1239480,W,1,0,0.0,0.0000,M,0.0000,M,0.0000,0
$GPRMC,231435.43,A,3718.9886920,N,12157.1239480,W,17.7388,89.0076,101220,,,,
$GPGGA,231436.43,3718.9891180,N,12157.1133940,W,1,0,0.0,0.0000,M,0.0000,M,0.0000,0
$GPRMC,231436.43,A,3718.9891180,N,12157.1133940,W,13.2454,91.8294,101220,,,,
$GPGGA,231437.43,3718.9890340,N,12157.1066260,W,1,0,0.0,0.0000,M,0.0000,M,0.0000,0
$GPRMC,231437.43,A,3718.9890340,N,12157.1066260,W,6.9340,97.2975,101220,,,,
$GPGGA,231438.43,3718.9882120,N,12157.1036740,W,1,0,0.0,0.0000,M,0.0000,M,0.0000,0
$GPRMC,231438.43,A,3718.9882120,N,12157.1036740,W,2.4233,100.9141,101220,,,,
$GPGGA,231439.43,3718.9878520,N,12157.1027080,W,1,0,0.0,0.0000,M,0.0000,M,0.0000,0
$GPRMC,231439.43,A,3718.9878520,N,12157.1027080,W,1.2080,104.1300,101220,,,,
$GPGGA,231440.43,3718.9876060,N,12157.1021980,W,1,0,0.0,0.0000,M,0.0000,M,0.0000,0
$GPRMC,231440.43,A,3718.9876060,N,12157.1021980,W,0.9551,105.9016,101220,,,,
$GPGGA,231441.43,3718.9874200,N,12157.1017180,W,1,0,0.0,0.0000,M,0.0000,M,0.0000,0
$GPRMC,231441.43,A,3718.9874200,N,12157.1017180,W,1.2251,105.7907,101220,,,,
$GPGGA,231442.43,3718.9871560,N,12157.1008060,W,1,0,0.0,0.0000,M,0.0000,M,0.0000,0
$GPRMC,231442.43,A,3718.9871560,N,12157.1008060,W,2.2091,105.4855,101220,,,,
$GPGGA,231443.43,3718.9866700,N,12157.0989460,W,1,0,0.0,0.0000,M,0.0000,M,0.0000,0
$GPRMC,231443.43,A,3718.9866700,N,12157.0989460,W,3.9309,106.0673,101220,,,,
$GPGGA,231444.43,3718.9857100,N,12157.0959220,W,1,0,0.0,0.0000,M,0.0000,M,0.0000,0
$GPRMC,231444.43,A,3718.9857100,N,12157.0959220,W,5.6856,111.5715,101220,,,,
$GPGGA,231445.43,3718.9838080,N,12157.0924840,W,1,0,0.0,0.0000,M,0.0000,M,0.0000,0
$GPRMC,231445.43,A,3718.9838080,N,12157.0924840,W,6.5623,127.6030,101220,,,,
$GPGGA,231446.43,3718.9808440,N,12157.0899640,W,1,0,0.0,0.0000,M,0.0000,M,0.0000,0
$GPRMC,231446.43,A,3718.9808440,N,12157.0899640,W,6.7389,149.9571,101220,,,,
$GPGGA,231447.43,3718.9772800,N,12157.0885900,W,1,0,0.0,0.0000,M,0.0000,M,0.0000,0
$GPRMC,231447.43,A,3718.9772800,N,12157.0885900,W,6.9922,165.1248,101220,,,,
$GPGGA,231448.43,3718.9735660,N,12157.0874680,W,1,0,0.0,0.0000,M,0.0000,M,0.0000,0
$GPRMC,231448.43,A,3718.9735660,N,12157.0874680,W,6.9710,165.3849,101220,,,,
$GPGGA,231449.43,3718.9702240,N,12157.0855480,W,1,0,0.0,0.0000,M,0.0000,M,0.0000,0
$GPRMC,231449.43,A,3718.9702240,N,12157.0855480,W,6.6912,151.0637,101220,,,,
$GPGGA,231450.43,3718.9678960,N,12157.0823260,W,1,0,0.0,0.0000,M,0.0000,M,0.0000,0
$GPRMC,231450.43,A,3718.9678960,N,12157.0823260,W,6.6748,127.9840,101220,,,,
$GPGGA,231451.43,3718.9667920,N,12157.0779520,W,1,0,0.0,0.0000,M,0.0000,M,0.0000,0
$GPRMC,231451.43,A,3718.9667920,N,12157.0779520,W,7.3226,105.8432,101220,,,,
$GPGGA,231452.43,3718.9665460,N,12157.0725760,W,1,0,0.0,0.0000,M,0.0000,M,0.0000,0
$GPRMC,231452.43,A,3718.9665460,N,12157.0725760,W,8.7114,93.4672,101220,,,,
$GPGGA,231453.43,3718.9665520,N,12157.0661020,W,1,0,0.0,0.0000,M,0.0000,M,0.0000,0
$GPRMC,231453.43,A,3718.9665520,N,12157.0661020,W,10.2145,90.7018,101220,,,,
$GPGGA,231454.43,3718.9665460,N,12157.0589500,W,1,0,0.0,0.0000,M,0.0000,M,0.0000,0
$GPRMC,231454.43,A,3718.9665460,N,12157.0589500,W,10.6309,90.9794,101220,,,,
$GPGGA,231455.43,3718.9664740,N,12157.0516900,W,1,0,0.0,0.0000,M,0.0000,M,0.0000,0
$GPRMC,231455.43,A,3718.9664740,N,12157.0516900,W,10.8331,91.9513,101220,,,,
$GPGGA,231456.43,3718.9663060,N,12157.0440460,W,1,0,0.0,0.0000,M,0.0000,M,0.0000,0
$GPRMC,231456.43,A,3718.9663060,N,12157.0440460,W,11.6558,92.4893,101220,,,,
$GPGGA,231457.43,3718.9660120,N,12157.0358500,W,1,0,0.0,0.0000,M,0.0000,M,0.0000,0
$GPRMC,231457.43,A,3718.9660120,N,12157.0358500,W,12.2840,92.7218,101220,,,,
$GPGGA,231458.43,3718.9657000,N,12157.0276960,W,1,0,0.0,0.0000,M,0.0000,M,0.0000,0
$GPRMC,231458.43,A,3718.9657000,N,12157.0276960,W,11.8464,92.6017,101220,,,,
$GPGGA,231459.43,3718.9654900,N,12157.0201720,W,1,0,0.0,0.0000,M,0.0000,M,0.0000,0
$GPRMC,231459.43,A,3718.9654900,N,12157.0201720,W,10.6069,90.9610,101220,,,,
$GPGGA,231500.43,3718.9658320,N,12157.0135600,W,1,0,0.0,0.0000,M,0.0000,M,0.0000,0
$GPRMC,231500.43,A,3718.9658320,N,12157.0135600,W,9.2666,83.0752,101220,,,,
$GPGGA,231501.43,3718.9674460,N,12157.0080640,W,1,0,0.0,0.0000,M,0.0000,M,0.0000,0
$GPRMC,231501.43,A,3718.9674460,N,12157.0080640,W,8.5047,63.3248,101220,,,,
$GPGGA,231502.43,3718.9706320,N,12157.0043080,W,1,0,0.0,0.0000,M,0.0000,M,0.0000,0
$GPRMC,231502.43,A,3718.9706320,N,12157.0043080,W,8.4695,36.4703,101220,,,,
$GPGGA,231503.43,3718.9749460,N,12157.0025020,W,1,0,0.0,0.0000,M,0.0000,M,0.0000,0
$GPRMC,231503.43,A,3718.9749460,N,12157.0025020,W,8.8930,14.6394,101220,,,,
$GPGGA,231504.43,3718.9798420,N,12157.0018240,W,1,0,0.0,0.0000,M,0.0000,M,0.0000,0
$GPRMC,231504.43,A,3718.9798420,N,12157.0018240,W,9.5307,5.5871,101220,,,,
$GPGGA,231505.43,3718.9852900,N,12157.0012720,W,1,0,0.0,0.0000,M,0.0000,M,0.0000,0
$GPRMC,231505.43,A,3718.9852900,N,12157.0012720,W,11.0722,4.7733,101220,,,,
$GPGGA,231506.43,3718.9918840,N,12157.0007740,W,1,0,0.0,0.0000,M,0.0000,M,0.0000,0
$GPRMC,231506.43,A,3718.9918840,N,12157.0007740,W,13.3945,2.9601,101220,,,,
$GPGGA,231507.43,3718.9996000,N,12157.0004800,W,1,0,0.0,0.0000,M,0.0000,M,0.0000,0
$GPRMC,231507.43,A,3718.9996000,N,12157.0004800,W,14.7179,1.3026,101220,,,,
$GPGGA,231508.43,3719.0075800,N,12157.0003360,W,1,0,0.0,0.0000,M,0.0000,M,0.0000,0
$GPRMC,231508.43,A,3719.0075800,N,12157.0003360,W,14.7438,0.4757,101220,,,,
$GPGGA,231509.43,3719.0154100,N,12157.0002220,W,1,0,0.0,0.0000,M,0.0000,M,0.0000,0
$GPRMC,231509.43,A,3719.0154100,N,12157.0002220,W,14.0259,0.0705,101220,,,,
$GPGGA,231510.43,3719.0225200,N,12157.0002040,W,1,0,0.0,0.0000,M,0.0000,M,0.0000,0
$GPRMC,231510.43,A,3719.0225200,N,12157.0002040,W,11.9893,359.4184,101220,,,,
$GPGGA,231511.43,3719.0281480,N,12157.0001560,W,1,0,0.0,0.0000,M,0.0000,M,0.0000,0
$GPRMC,231511.43,A,3719.0281480,N,12157.0001560,W,9.0126,1.8941,101220,,,,
$GPGGA,231512.43,3719.0321920,N,12156.9991300,W,1,0,0.0,0.0000,M,0.0000,M,0.0000,0
$GPRMC,231512.43,A,3719.0321920,N,12156.9991300,W,6.7054,17.6187,101220,,,,
$GPGGA,231513.43,3719.0345980,N,12156.9963940,W,1,0,0.0,0.0000,M,0.0000,M,0.0000,0
$GPRMC,231513.43,A,3719.0345980,N,12156.9963940,W,5.9242,48.8157,101220,,,,
$GPGGA,231514.43,3719.0353960,N,12156.9924580,W,1,0,0.0,0.0000,M,0.0000,M,0.0000,0
$GPRMC,231514.43,A,3719.0353960,N,12156.9924580,W,6.4195,77.6918,101220,,,,
$GPGGA,231515.43,3719.0353960,N,12156.9875200,W,1,0,0.0,0.0000,M,0.0000,M,0.0000,0
$GPRMC,231515.43,A,3719.0353960,N,12156.9875200,W,8.1349,90.0682,101220,,,,
$GPGGA,231516.43,3719.0351800,N,12156.9814420,W,1,0,0.0,0.0000,M,0.0000,M,0.0000,0
$GPRMC,231516.43,A,3719.0351800,N,12156.9814420,W,9.6441,92.6846,101220,,,,
$GPGGA,231517.43,3719.0349100,N,12156.9747640,W,1,0,0.0,0.0000,M,0.0000,M,0.0000,0
$GPRMC,231517.43,A,3719.0349100,N,12156.9747640,W,9.9556,92.7700,101220,,,,
$GPGGA,231518.43,3719.0346520,N,12156.9681340,W,1,0,0.0,0.0000,M,0.0000,M,0.0000,0
$GPRMC,231518.43,A,3719.0346520,N,12156.9681340,W,9.6191,92.7748,101220,,,,
$GPGGA,231519.43,3719.0343220,N,12156.9618820,W,1,0,0.0,0.0000,M,0.0000,M,0.0000,0
$GPRMC,231519.43,A,3719.0343220,N,12156.9618820,W,8.7737,93.2885,101220,,,,
$GPGGA,231520.43,3719.0340040,N,12156.9563680,W,1,0,0.0,0.0000,M,0.0000,M,0.0000,0
$GPRMC,231520.43,A,3719.0340040,N,12156.9563680,W,7.4829,93.7751,101220,,,,
$GPGGA,231521.43,3719.0338060,N,12156.9516700,W,1,0,0.0,0.0000,M,0.0000,M,0.0000,0
$GPRMC,231521.43,A,3719.0338060,N,12156.9516700,W,6.4959,93.6305,101220,,,,
$GPGGA,231522.43,3719.0337520,N,12156.9474640,W,1,0,0.0,0.0000,M,0.0000,M,0.0000,0
$GPRMC,231522.43,A,3719.0337520,N,12156.9474640,W,5.9615,90.2738,101220,,,,
$GPGGA,231523.43,3719.0344000,N,12156.9436900,W,1,0,0.0,0.0000,M,0.0000,M,0.0000,0
$GPRMC,231523.43,A,3719.0344000,N,12156.9436900,W,5.7607,74.6121,101220,,,,
$GPGGA,231524.43,3719.0362360,N,12156.9407800,W,1,0,0.0,0.0000,M,0.0000,M,0.0000,0
$GPRMC,231524.43,A,3719.0362360,N,12156.9407800,W,5.7689,48.3558,101220,,,,
$GPGGA,231525.43,3719.0388520,N,12156.9390820,W,1,0,0.0,0.0000,M,0.0000,M,0.0000,0
$GPRMC,231525.43,A,3719.0388520,N,12156.9390820,W,5.5922,25.0219,101220,,,,
$GPGGA,231526.43,3719.0417560,N,12156.9384040,W,1,0,0.0,0.0000,M,0.0000,M,0.0000,0
$GPRMC,231526.43,A,3719.0417560,N,12156.9384040,W,5.5617,9.6459,101220,,,,
$GPGGA,231527.43,3719.0447860,N,12156.9382180,W,1,0,0.0,0.0000,M,0.0000,M,0.0000,0
$GPRMC,231527.43,A,3719.0447860,N,12156.9382180,W,5.6686,2.7980,101220,,,,
$GPGGA,231528.43,3719.0478700,N,12156.9383020,W,1,0,0.0,0.0000,M,0.0000,M,0.0000,0
$GPRMC,231528.43,A,3719.0478700,N,12156.9383020,W,5.7732,359.0277,101220,,,,
$GPGGA,231529.43,3719.0510440,N,12156.9384580,W,1,0,0.0,0.0000,M,0.0000,M,0.0000,0
$GPRMC,231529.43,A,3719.0510440,N,12156.9384580,W,5.9629,358.2238,101220,,,,
$GPGGA,231530.43,3719.0542780,N,12156.9386200,W,1,0,0.0,0.0000,M,0.0000,M,0.0000,0
$GPRMC,231530.43,A,3719.0542780,N,12156.9386200,W,5.9530,358.5581,101220,,,,
$GPGGA,231531.43,3719.0574820,N,12156.9387460,W,1,0,0.0,0.0000,M,0.0000,M,0.0000,0
$GPRMC,231531.43,A,3719.0574820,N,12156.9387460,W,5.8879,358.7337,101220,,,,
$GPGGA,231532.43,3719.0606500,N,12156.9388240,W,1,0,0.0,0.0000,M,0.0000,M,0.0000,0
$GPRMC,231532.43,A,3719.0606500,N,12156.9388240,W,5.8000,358.5619,101220,,,,
$GPGGA,231533.43,3719.0636800,N,12156.9389200,W,1,0,0.0,0.0000,M,0.0000,M,0.0000,0
$GPRMC,231533.43,A,3719.0636800,N,12156.9389200,W,5.3789,358.2907,101220,,,,
$GPGGA,231534.43,3719.0663560,N,12156.9389680,W,1,0,0.0,0.0000,M,0.0000,M,0.0000,0
$GPRMC,231534.43,A,3719.0663560,N,12156.9389680,W,4.4678,359.2958,101220,,,,
$GPGGA,231535.43,3719.0684080,N,12156.9386020,W,1,0,0.0,0.0000,M,0.0000,M,0.0000,0
$GPRMC,231535.43,A,3719.0684080,N,12156.9386020,W,3.2300,9.6783,101220,,,,
$GPGGA,231536.43,3719.0696320,N,12156.9373780,W,1,0,0.0,0.0000,M,0.0000,M,0.0000,0
$GPRMC,231536.43,A,3719.0696320,N,12156.9373780,W,2.6094,34.8855,101220,,,,
$GPGGA,231537.43,3719.0701240,N,12156.9354640,W,1,0,0.0,0.0000,M,0.0000,M,0.0000,0
$GPRMC,231537.43,A,3719.0701240,N,12156.9354640,W,3.0989,63.0445,101220,,,,
$GPGGA,231538.43,3719.0698600,N,12156.9335260,W,1,0,0.0,0.0000,M,0.0000,M,0.0000,0
$GPRMC,231538.43,A,3719.0698600,N,12156.9335260,W,4.0337,80.2372,101220,,,,
$GPGGA,231539.43,3719.0674180,N,12156.9325720,W,1,0,0.0,0.0000,M,0.0000,M,0.0000,0
$GPRMC,231539.43,A,3719.0674180,N,12156.9325720,W,4.8729,85.8531,101220,,,,
$GPGGA,231540.43,3719.0639560,N,12156.9311200,W,1,0,0.0,0.0000,M,0.0000,M,0.0000,0
$GPRMC,231540.43,A,3719.0639560,N,12156.9311200,W,5.3160,87.8948,101220,,,,
$GPGGA,231541.43,3719.0630800,N,12156.9277360,W,1,0,0.0,0.0000,M,0.0000,M,0.0000,0
$GPRMC,231541.43,A,3719.0630800,N,12156.9277360,W,5.2915,88.9911,101220,,,,
$GPGGA,231542.43,3719.0651800,N,12156.9240880,W,1,0,0.0,0.0000,M,0.0000,M,0.0000,0
$GPRMC,231542.43,A,3719.0651800,N,12156.9240880,W,5.1000,89.9299,101220,,,,
$GPGGA,231543.43,3719.0687560,N,12156.9199420,W,1,0,0.0,0.0000,M,0.0000,M,0.0000,0
$GPRMC,231543.43,A,3719.0687560,N,12156.9199420,W,4.9085,91.2729,101220,,,,
$GPGGA,231544.43,3719.0713960,N,12156.9150340,W,1,0,0.0,0.0000,M,0.0000,M,0.0000,0
$GPRMC,231544.43,A,3719.0713960,N,12156.9150340,W,4.7043,91.9031,101220,,,,
$GPGGA,231545.43,3719.0729500,N,12156.9096040,W,1,0,0.0,0.0000,M,0.0000,M,0.0000,0
$GPRMC,231545.43,A,3719.0729500,N,12156.9096040,W,4.4689,91.8988,101220,,,,
$GPGGA,231546.43,3719.0739640,N,12156.9049360,W,1,0,0.0,0.0000,M,0.0000,M,0.0000,0
$GPRMC,231546.43,A,3719.0739640,N,12156.9049360,W,3.9823,89.4592,101220,,,,
$GPGGA,231547.43,3719.0749300,N,12156.9021700,W,1,0,0.0,0.0000,M,0.0000,M,0.0000,0
$GPRMC,231547.43,A,3719.0749300,N,12156.9021700,W,3.2705,78.4623,101220,,,,
$GPGGA,231548.43,3719.0749720,N,12156.9014980,W,1,0,0.0,0.0000,M,0.0000,M,0.0000,0
$GPRMC,231548.43,A,3719.0749720,N,12156.9014980,W,2.6536,58.1581,101220,,,,
$GPGGA,231549.43,3719.0741980,N,12156.9019240,W,1,0,0.0,0.0000,M,0.0000,M,0.0000,0
$GPRMC,231549.43,A,3719.0741980,N,12156.9019240,W,2.0310,33.7140,101220,,,,
$GPGGA,231550.43,3719.0744380,N,12156.9021760,W,1,0,0.0,0.0000,M,0.0000,M,0.0000,0
$GPRMC,231550.43,A,3719.0744380,N,12156.9021760,W,1.3462,11.6344,101220,,,,
$GPGGA,231551.43,3719.0745760,N,12156.9025000,W,1,0,0.0,0.0000,M,0.0000,M,0.0000,0
$GPRMC,231551.43,A,3719.0745760,N,12156.9025000,W,0.5790,0.0572,101220,,,,
$GPGGA,231552.43,3719.0744200,N,12156.9026500,W,1,0,0.0,0.0000,M,0.0000,M,0.0000,0
$GPRMC,231552.43,A,3719.0744200,N,12156.9026500,W,0.1372,357.7424,101220,,,,
$GPGGA,231553.43,3719.0745160,N,12156.9026860,W,1,0,0.0,0.0000,M,0.0000,M,0.0000,0
$GPRMC,231553.43,A,3719.0745160,N,12156.9026860,W,0.0828,357.7810,101220,,,,
$GPGGA,231554.43,3719.0745340,N,12156.9027280,W,1,0,0.0,0.0000,M,0.0000,M,0.0000,0
$GPRMC,231554.43,A,3719.0745340,N,12156.9027280,W,0.0699,357.7819,101220,,,,
$GPGGA,231555.43,3719.0745580,N,12156.9027700,W,1,0,0.0,0.0000,M,0.0000,M,0.0000,0
$GPRMC,231555.43,A,3719.0745580,N,12156.9027700,W,0.0762,357.7820,101220,,,,
$GPGGA,231556.43,3719.0745760,N,12156.9028000,W,1,0,0.0,0.0000,M,0.0000,M,0.0000,0
$GPRMC,231556.43,A,3719.0745760,N,12156.9028000,W,0.0758,357.7826,101220,,,,
$GPGGA,231557.43,3719.0745880,N,12156.9028180,W,1,0,0.0,0.0000,M,0.0000,M,0.0000,0
$GPRMC,231557.43,A,3719.0745880,N,12156.9028180,W,0.0406,357.7812,101220,,,,
$GPGGA,231558.43,3719.0745940,N,12156.9028360,W,1,0,0.0,0.0000,M,0.0000,M,0.0000,0
$GPRMC,231558.43,A,3719.0745940,N,12156.9028360,W,0.0256,357.7797,101220,,,,
$GPGGA,231559.43,3719.0746000,N,12156.9028420,W,1,0,0.0,0.0000,M,0.0000,M,0.0000,0
$GPRMC,231559.43,A,3719.0746000,N,12156.9028420,W,0.0189,357.7785,101220,,,,
$GPGGA,231600.43,3719.0746060,N,12156.9028480,W,1,0,0.0,0.0000,M,0.0000,M,0.0000,0
$GPRMC,231600.43,A,3719.0746060,N,12156.9028480,W,0.0138,357.7776,101220,,,,
$GPGGA,231601.43,3719.0746060,N,12156.9028540,W,1,0,0.0,0.0000,M,0.0000,M,0.0000,0
$GPRMC,231601.43,A,3719.0746060,N,12156.9028540,W,0.0102,357.7766,101220,,,,
$GPGGA,231602.43,3719.0746060,N,12156.9028540,W,1,0,0.0,0.0000,M,0.0000,M,0.0000,0
$GPRMC,231602.43,A,3719.0746060,N,12156.9028540,W,0.0075,357.7751,101220,,,,
$GPGGA,231603.43,3719.0746120,N,12156.9028480,W,1,0,0.0,0.0000,M,0.0000,M,0.0000,0
$GPRMC,231603.43,A,3719.0746120,N,12156.9028480,W,0.0056,357.7740,101220,,,,
$GPGGA,231604.43,3719.0746120,N,12156.9028480,W,1,0,0.0,0.0000,M,0.0000,M,0.0000,0
$GPRMC,231604.43,A,3719.0746120,N,12156.9028480,W,0.0048,357.7730,101220,,,,
$GPGGA,231605.43,3719.0746120,N,12156.9028420,W,1,0,0.0,0.0000,M,0.0000,M,0.0000,0
$GPRMC,231605.43,A,3719.0746120,N,12156.9028420,W,0.0041,357.7719,101220,,,,
$GPGGA,231606.43,3719.0746180,N,12156.9028420,W,1,0,0.0,0.0000,M,0.0000,M,0.0000,0
$GPRMC,231606.43,A,3719.0746180,N,12156.9028420,W,0.0036,357.7706,101220,,,,

