$GPGGA,215015.43,3726.6637300,N,12213.9618860,W,1,0,0.0,11.6900,M,0.0000,M,0.0000,0
$GPRMC,215015.43,A,3726.6637300,N,12213.9618860,W,0.0010,300.7305,040121,,,,
$GPGGA,215016.43,3726.6637300,N,12213.9618860,W,1,0,0.0,11.6900,M,0.0000,M,0.0000,0
$GPRMC,215016.43,A,3726.6637300,N,12213.9618860,W,0.0018,300.7310,040121,,,,
$GPGGA,215017.43,3726.6637300,N,12213.9618860,W,1,0,0.0,11.6900,M,0.0000,M,0.0000,0
$GPRMC,215017.43,A,3726.6637300,N,12213.9618860,W,0.0014,300.7318,040121,,,,
$GPGGA,215018.43,3726.6637300,N,12213.9618860,W,1,0,0.0,11.6900,M,0.0000,M,0.0000,0
$GPRMC,215018.43,A,3726.6637300,N,12213.9618860,W,0.0000,300.7316,040121,,,,
$GPGGA,215019.43,3726.6637300,N,12213.9618860,W,1,0,0.0,11.6900,M,0.0000,M,0.0000,0
$GPRMC,215019.43,A,3726.6637300,N,12213.9618860,W,0.0011,300.7312,040121,,,,
$GPGGA,215020.43,3726.6637300,N,12213.9618860,W,1,0,0.0,11.6900,M,0.0000,M,0.0000,0
$GPRMC,215020.43,A,3726.6637300,N,12213.9618860,W,0.0013,300.7303,040121,,,,
$GPGGA,215021.43,3726.6637300,N,12213.9618860,W,1,0,0.0,11.6900,M,0.0000,M,0.0000,0
$GPRMC,215021.43,A,3726.6637300,N,12213.9618860,W,0.0013,300.7318,040121,,,,
$GPGGA,215022.43,3726.6637300,N,12213.9618860,W,1,0,0.0,11.6900,M,0.0000,M,0.0000,0
$GPRMC,215022.43,A,3726.6637300,N,12213.9618860,W,0.0013,300.7321,040121,,,,
$GPGGA,215023.43,3726.6637300,N,12213.9618860,W,1,0,0.0,11.6900,M,0.0000,M,0.0000,0
$GPRMC,215023.43,A,3726.6637300,N,12213.9618860,W,0.0014,300.7318,040121,,,,
$GPGGA,215024.43,3726.6637300,N,12213.9618860,W,1,0,0.0,11.6900,M,0.0000,M,0.0000,0
$GPRMC,215024.43,A,3726.6637300,N,12213.9618860,W,0.0014,300.7314,040121,,,,
$GPGGA,215025.43,3726.6637300,N,12213.9618860,W,1,0,0.0,11.6900,M,0.0000,M,0.0000,0
$GPRMC,215025.43,A,3726.6637300,N,12213.9618860,W,0.0022,300.7314,040121,,,,
$GPGGA,215026.43,3726.6637300,N,12213.9618860,W,1,0,0.0,11.6900,M,0.0000,M,0.0000,0
$GPRMC,215026.43,A,3726.6637300,N,12213.9618860,W,0.0011,300.7313,040121,,,,
$GPGGA,215027.43,3726.6637300,N,12213.9618860,W,1,0,0.0,11.6900,M,0.0000,M,0.0000,0
$GPRMC,215027.43,A,3726.6637300,N,12213.9618860,W,0.0020,300.7313,040121,,,,
$GPGGA,215028.43,3726.6637300,N,12213.9618860,W,1,0,0.0,11.6900,M,0.0000,M,0.0000,0
$GPRMC,215028.43,A,3726.6637300,N,12213.9618860,W,0.0022,300.7313,040121,,,,
$GPGGA,215029.43,3726.6637300,N,12213.9618860,W,1,0,0.0,11.6900,M,0.0000,M,0.0000,0
$GPRMC,215029.43,A,3726.6637300,N,12213.9618860,W,0.0020,300.7314,040121,,,,
$GPGGA,215030.43,3726.6637300,N,12213.9618860,W,1,0,0.0,11.6900,M,0.0000,M,0.0000,0
$GPRMC,215030.43,A,3726.6637300,N,12213.9618860,W,0.0016,300.7315,040121,,,,
$GPGGA,215031.43,3726.6637300,N,12213.9618860,W,1,0,0.0,11.6900,M,0.0000,M,0.0000,0
$GPRMC,215031.43,A,3726.6637300,N,12213.9618860,W,0.0014,300.7312,040121,,,,
$GPGGA,215032.43,3726.6637300,N,12213.9618860,W,1,0,0.0,11.6900,M,0.0000,M,0.0000,0
$GPRMC,215032.43,A,3726.6637300,N,12213.9618860,W,0.0014,300.7313,040121,,,,
$GPGGA,215033.43,3726.6637300,N,12213.9618860,W,1,0,0.0,11.6900,M,0.0000,M,0.0000,0
$GPRMC,215033.43,A,3726.6637300,N,12213.9618860,W,0.0014,300.7312,040121,,,,
$GPGGA,215034.43,3726.6637300,N,12213.9618860,W,1,0,0.0,11.6900,M,0.0000,M,0.0000,0
$GPRMC,215034.43,A,3726.6637300,N,12213.9618860,W,0.0020,300.7312,040121,,,,
$GPGGA,215035.43,3726.6637300,N,12213.9618860,W,1,0,0.0,11.6900,M,0.0000,M,0.0000,0
$GPRMC,215035.43,A,3726.6637300,N,12213.9618860,W,0.0010,300.7313,040121,,,,
$GPGGA,215036.43,3726.6637300,N,12213.9618860,W,1,0,0.0,11.6900,M,0.0000,M,0.0000,0
$GPRMC,215036.43,A,3726.6637300,N,12213.9618860,W,0.0013,300.7314,040121,,,,
$GPGGA,215037.43,3726.6637300,N,12213.9618860,W,1,0,0.0,11.6900,M,0.0000,M,0.0000,0
$GPRMC,215037.43,A,3726.6637300,N,12213.9618860,W,0.0010,300.7313,040121,,,,
$GPGGA,215038.43,3726.6637300,N,12213.9618860,W,1,0,0.0,11.6890,M,0.0000,M,0.0000,0
$GPRMC,215038.43,A,3726.6637300,N,12213.9618860,W,0.0011,300.7310,040121,,,,
$GPGGA,215039.43,3726.6637300,N,12213.9618860,W,1,0,0.0,11.6890,M,0.0000,M,0.0000,0
$GPRMC,215039.43,A,3726.6637300,N,12213.9618860,W,0.0011,300.7310,040121,,,,
$GPGGA,215040.43,3726.6637300,N,12213.9618860,W,1,0,0.0,11.6890,M,0.0000,M,0.0000,0
$GPRMC,215040.43,A,3726.6637300,N,12213.9618860,W,0.0014,300.7308,040121,,,,
$GPGGA,215041.43,3726.6637300,N,12213.9618860,W,1,0,0.0,11.6890,M,0.0000,M,0.0000,0
$GPRMC,215041.43,A,3726.6637300,N,12213.9618860,W,0.0026,300.7307,040121,,,,
$GPGGA,215042.43,3726.6637300,N,12213.9618860,W,1,0,0.0,11.6890,M,0.0000,M,0.0000,0
$GPRMC,215042.43,A,3726.6637300,N,12213.9618860,W,0.0013,300.7311,040121,,,,
$GPGGA,215043.43,3726.6637300,N,12213.9618860,W,1,0,0.0,11.6880,M,0.0000,M,0.0000,0
$GPRMC,215043.43,A,3726.6637300,N,12213.9618860,W,0.0029,300.7308,040121,,,,
$GPGGA,215044.43,3726.6637300,N,12213.9618860,W,1,0,0.0,11.6867,M,0.0000,M,0.0000,0
$GPRMC,215044.43,A,3726.6637300,N,12213.9618860,W,0.0104,300.7325,040121,,,,
$GPGGA,215045.43,3726.6638140,N,12213.9620720,W,1,0,0.0,11.6790,M,0.0000,M,0.0000,0
$GPRMC,215045.43,A,3726.6638140,N,12213.9620720,W,0.6654,300.7703,040121,,,,
$GPGGA,215046.43,3726.6640840,N,12213.9626540,W,1,0,0.0,11.6820,M,0.0000,M,0.0000,0
$GPRMC,215046.43,A,3726.6640840,N,12213.9626540,W,1.3362,300.6657,040121,,,,
$GPGGA,215047.43,3726.6644740,N,12213.9637340,W,1,0,0.0,11.6947,M,0.0000,M,0.0000,0
$GPRMC,215047.43,A,3726.6644740,N,12213.9637340,W,2.0906,296.7735,040121,,,,
$GPGGA,215048.43,3726.6647020,N,12213.9653780,W,1,0,0.0,11.6813,M,0.0000,M,0.0000,0
$GPRMC,215048.43,A,3726.6647020,N,12213.9653780,W,2.7687,283.4008,040121,,,,
$GPGGA,215049.43,3726.6644500,N,12213.9675680,W,1,0,0.0,11.6756,M,0.0000,M,0.0000,0
$GPRMC,215049.43,A,3726.6644500,N,12213.9675680,W,3.5934,264.1156,040121,,,,
$GPGGA,215050.43,3726.6634300,N,12213.9701060,W,1,0,0.0,11.5236,M,0.0000,M,0.0000,0
$GPRMC,215050.43,A,3726.6634300,N,12213.9701060,W,4.6079,243.5100,040121,,,,
$GPGGA,215051.43,3726.6617680,N,12213.9729320,W,1,0,0.0,11.3699,M,0.0000,M,0.0000,0
$GPRMC,215051.43,A,3726.6617680,N,12213.9729320,W,5.6312,232.2403,040121,,,,
$GPGGA,215052.43,3726.6592660,N,12213.9756740,W,1,0,0.0,11.1143,M,0.0000,M,0.0000,0
$GPRMC,215052.43,A,3726.6592660,N,12213.9756740,W,6.5876,218.8934,040121,,,,
$GPGGA,215053.43,3726.6561160,N,12213.9782180,W,1,0,0.0,10.8206,M,0.0000,M,0.0000,0
$GPRMC,215053.43,A,3726.6561160,N,12213.9782180,W,7.1219,211.4743,040121,,,,
$GPGGA,215054.43,3726.6527560,N,12213.9807200,W,1,0,0.0,10.4802,M,0.0000,M,0.0000,0
$GPRMC,215054.43,A,3726.6527560,N,12213.9807200,W,7.3333,210.6137,040121,,,,
$GPGGA,215055.43,3726.6493960,N,12213.9834740,W,1,0,0.0,10.1986,M,0.0000,M,0.0000,0
$GPRMC,215055.43,A,3726.6493960,N,12213.9834740,W,7.4445,214.2568,040121,,,,
$GPGGA,215056.43,3726.6464020,N,12213.9866960,W,1,0,0.0,10.0076,M,0.0000,M,0.0000,0
$GPRMC,215056.43,A,3726.6464020,N,12213.9866960,W,7.1713,223.1452,040121,,,,
$GPGGA,215057.43,3726.6440680,N,12213.9903860,W,1,0,0.0,9.8456,M,0.0000,M,0.0000,0
$GPRMC,215057.43,A,3726.6440680,N,12213.9903860,W,6.7690,234.1367,040121,,,,
$GPGGA,215058.43,3726.6424420,N,12213.9943100,W,1,0,0.0,9.6479,M,0.0000,M,0.0000,0
$GPRMC,215058.43,A,3726.6424420,N,12213.9943100,W,6.3827,244.6764,040121,,,,
$GPGGA,215059.43,3726.6414280,N,12213.9983300,W,1,0,0.0,9.4012,M,0.0000,M,0.0000,0
$GPRMC,215059.43,A,3726.6414280,N,12213.9983300,W,6.1851,254.0305,040121,,,,
$GPGGA,215100.43,3726.6409240,N,12214.0025240,W,1,0,0.0,9.0376,M,0.0000,M,0.0000,0
$GPRMC,215100.43,A,3726.6409240,N,12214.0025240,W,6.3076,263.3902,040121,,,,
$GPGGA,215101.43,3726.6411160,N,12214.0067660,W,1,0,0.0,8.7593,M,0.0000,M,0.0000,0
$GPRMC,215101.43,A,3726.6411160,N,12214.0067660,W,6.3568,275.6712,040121,,,,
$GPGGA,215102.43,3726.6421000,N,12214.0110920,W,1,0,0.0,8.6209,M,0.0000,M,0.0000,0
$GPRMC,215102.43,A,3726.6421000,N,12214.0110920,W,7.0370,288.4795,040121,,,,
$GPGGA,215103.43,3726.6438580,N,12214.0156460,W,1,0,0.0,8.4050,M,0.0000,M,0.0000,0
$GPRMC,215103.43,A,3726.6438580,N,12214.0156460,W,7.9503,296.8492,040121,,,,
$GPGGA,215104.43,3726.6460480,N,12214.0206860,W,1,0,0.0,8.2600,M,0.0000,M,0.0000,0
$GPRMC,215104.43,A,3726.6460480,N,12214.0206860,W,8.9774,299.2312,040121,,,,
$GPGGA,215105.43,3726.6486760,N,12214.0261940,W,1,0,0.0,8.0793,M,0.0000,M,0.0000,0
$GPRMC,215105.43,A,3726.6486760,N,12214.0261940,W,9.9720,301.4413,040121,,,,
$GPGGA,215106.43,3726.6515620,N,12214.0319780,W,1,0,0.0,7.8833,M,0.0000,M,0.0000,0
$GPRMC,215106.43,A,3726.6515620,N,12214.0319780,W,10.0625,302.1110,040121,,,,
$GPGGA,215107.43,3726.6544480,N,12214.0377320,W,1,0,0.0,7.6823,M,0.0000,M,0.0000,0
$GPRMC,215107.43,A,3726.6544480,N,12214.0377320,W,9.9358,302.1740,040121,,,,
$GPGGA,215108.43,3726.6572380,N,12214.0432220,W,1,0,0.0,7.5166,M,0.0000,M,0.0000,0
$GPRMC,215108.43,A,3726.6572380,N,12214.0432220,W,9.0642,302.4308,040121,,,,
$GPGGA,215109.43,3726.6596320,N,12214.0479020,W,1,0,0.0,7.3516,M,0.0000,M,0.0000,0
$GPRMC,215109.43,A,3726.6596320,N,12214.0479020,W,7.2699,302.6709,040121,,,,
$GPGGA,215110.43,3726.6614620,N,12214.0515080,W,1,0,0.0,7.2216,M,0.0000,M,0.0000,0
$GPRMC,215110.43,A,3726.6614620,N,12214.0515080,W,5.3002,302.3528,040121,,,,
$GPGGA,215111.43,3726.6626920,N,12214.0539440,W,1,0,0.0,7.1243,M,0.0000,M,0.0000,0
$GPRMC,215111.43,A,3726.6626920,N,12214.0539440,W,3.2515,302.3675,040121,,,,
$GPGGA,215112.43,3726.6634060,N,12214.0553240,W,1,0,0.0,7.0713,M,0.0000,M,0.0000,0
$GPRMC,215112.43,A,3726.6634060,N,12214.0553240,W,1.7360,302.3997,040121,,,,
$GPGGA,215113.43,3726.6637360,N,12214.0559780,W,1,0,0.0,7.0497,M,0.0000,M,0.0000,0
$GPRMC,215113.43,A,3726.6637360,N,12214.0559780,W,0.5522,302.4106,040121,,,,
$GPGGA,215114.43,3726.6637720,N,12214.0560560,W,1,0,0.0,7.0430,M,0.0000,M,0.0000,0
$GPRMC,215114.43,A,3726.6637720,N,12214.0560560,W,0.0039,302.4134,040121,,,,
$GPGGA,215115.43,3726.6637660,N,12214.0560560,W,1,0,0.0,7.0533,M,0.0000,M,0.0000,0
$GPRMC,215115.43,A,3726.6637660,N,12214.0560560,W,0.0020,302.4128,040121,,,,
$GPGGA,215116.43,3726.6637600,N,12214.0560560,W,1,0,0.0,7.0580,M,0.0000,M,0.0000,0
$GPRMC,215116.43,A,3726.6637600,N,12214.0560560,W,0.0017,302.4117,040121,,,,
$GPGGA,215117.43,3726.6637600,N,12214.0560560,W,1,0,0.0,7.0580,M,0.0000,M,0.0000,0
$GPRMC,215117.43,A,3726.6637600,N,12214.0560560,W,0.0007,302.4118,040121,,,,
$GPGGA,215118.43,3726.6637600,N,12214.0560560,W,1,0,0.0,7.0590,M,0.0000,M,0.0000,0
$GPRMC,215118.43,A,3726.6637600,N,12214.0560560,W,0.0007,302.4119,040121,,,,
$GPGGA,215119.43,3726.6637600,N,12214.0560560,W,1,0,0.0,7.0590,M,0.0000,M,0.0000,0
$GPRMC,215119.43,A,3726.6637600,N,12214.0560560,W,0.0010,302.4119,040121,,,,
$GPGGA,215120.43,3726.6637600,N,12214.0560560,W,1,0,0.0,7.0590,M,0.0000,M,0.0000,0
$GPRMC,215120.43,A,3726.6637600,N,12214.0560560,W,0.0018,302.4118,040121,,,,
$GPGGA,215121.43,3726.6637600,N,12214.0560560,W,1,0,0.0,7.0590,M,0.0000,M,0.0000,0
$GPRMC,215121.43,A,3726.6637600,N,12214.0560560,W,0.0018,302.4115,040121,,,,
$GPGGA,215122.43,3726.6637600,N,12214.0560560,W,1,0,0.0,7.0590,M,0.0000,M,0.0000,0
$GPRMC,215122.43,A,3726.6637600,N,12214.0560560,W,0.0010,302.4112,040121,,,,
$GPGGA,215123.43,3726.6637600,N,12214.0560560,W,1,0,0.0,7.0590,M,0.0000,M,0.0000,0
$GPRMC,215123.43,A,3726.6637600,N,12214.0560560,W,0.0011,302.4110,040121,,,,
$GPGGA,215124.43,3726.6637600,N,12214.0560560,W,1,0,0.0,7.0590,M,0.0000,M,0.0000,0
$GPRMC,215124.43,A,3726.6637600,N,12214.0560560,W,0.0005,302.4115,040121,,,,
$GPGGA,215125.43,3726.6637600,N,12214.0560560,W,1,0,0.0,7.0590,M,0.0000,M,0.0000,0
$GPRMC,215125.43,A,3726.6637600,N,12214.0560560,W,0.0000,302.4119,040121,,,,
$GPGGA,215126.43,3726.6637600,N,12214.0560560,W,1,0,0.0,7.0590,M,0.0000,M,0.0000,0
$GPRMC,215126.43,A,3726.6637600,N,12214.0560560,W,0.0003,302.4119,040121,,,,
$GPGGA,215127.43,3726.6637600,N,12214.0560560,W,1,0,0.0,7.0580,M,0.0000,M,0.0000,0
$GPRMC,215127.43,A,3726.6637600,N,12214.0560560,W,0.0005,302.4115,040121,,,,
$GPGGA,215128.43,3726.6638080,N,12214.0561580,W,1,0,0.0,7.0477,M,0.0000,M,0.0000,0
$GPRMC,215128.43,A,3726.6638080,N,12214.0561580,W,0.5530,302.4310,040121,,,,
$GPGGA,215129.43,3726.6641740,N,12214.0568780,W,1,0,0.0,7.0237,M,0.0000,M,0.0000,0
$GPRMC,215129.43,A,3726.6641740,N,12214.0568780,W,2.0210,302.5008,040121,,,,
$GPGGA,215130.43,3726.6649720,N,12214.0584320,W,1,0,0.0,6.9333,M,0.0000,M,0.0000,0
$GPRMC,215130.43,A,3726.6649720,N,12214.0584320,W,3.5106,302.4759,040121,,,,
$GPGGA,215131.43,3726.6660940,N,12214.0609640,W,1,0,0.0,6.9487,M,0.0000,M,0.0000,0
$GPRMC,215131.43,A,3726.6660940,N,12214.0609640,W,4.9087,298.3475,040121,,,,
$GPGGA,215132.43,3726.6670120,N,12214.0645520,W,1,0,0.0,7.0047,M,0.0000,M,0.0000,0
$GPRMC,215132.43,A,3726.6670120,N,12214.0645520,W,6.0821,284.6679,040121,,,,
$GPGGA,215133.43,3726.6668680,N,12214.0689320,W,1,0,0.0,7.1254,M,0.0000,M,0.0000,0
$GPRMC,215133.43,A,3726.6668680,N,12214.0689320,W,6.6984,262.9759,040121,,,,
$GPGGA,215134.43,3726.6652960,N,12214.0732640,W,1,0,0.0,7.1597,M,0.0000,M,0.0000,0
$GPRMC,215134.43,A,3726.6652960,N,12214.0732640,W,7.2823,239.7789,040121,,,,
$GPGGA,215135.43,3726.6623680,N,12214.0769000,W,1,0,0.0,7.2164,M,0.0000,M,0.0000,0
$GPRMC,215135.43,A,3726.6623680,N,12214.0769000,W,7.9521,220.4317,040121,,,,
$GPGGA,215136.43,3726.6584980,N,12214.0800860,W,1,0,0.0,7.3414,M,0.0000,M,0.0000,0
$GPRMC,215136.43,A,3726.6584980,N,12214.0800860,W,9.2726,211.4281,040121,,,,
$GPGGA,215137.43,3726.6537280,N,12214.0833260,W,1,0,0.0,7.5657,M,0.0000,M,0.0000,0
$GPRMC,215137.43,A,3726.6537280,N,12214.0833260,W,10.7204,207.8799,040121,,,,
$GPGGA,215138.43,3726.6482860,N,12214.0869380,W,1,0,0.0,7.8597,M,0.0000,M,0.0000,0
$GPRMC,215138.43,A,3726.6482860,N,12214.0869380,W,12.0546,207.8279,040121,,,,
$GPGGA,215139.43,3726.6422320,N,12214.0909940,W,1,0,0.0,8.2128,M,0.0000,M,0.0000,0
$GPRMC,215139.43,A,3726.6422320,N,12214.0909940,W,13.3309,208.0525,040121,,,,
$GPGGA,215140.43,3726.6355900,N,12214.0954220,W,1,0,0.0,8.7028,M,0.0000,M,0.0000,0
$GPRMC,215140.43,A,3726.6355900,N,12214.0954220,W,14.5037,207.7962,040121,,,,
$GPGGA,215141.43,3726.6283660,N,12214.1001800,W,1,0,0.0,9.0754,M,0.0000,M,0.0000,0
$GPRMC,215141.43,A,3726.6283660,N,12214.1001800,W,15.6219,207.6352,040121,,,,
$GPGGA,215142.43,3726.6206320,N,12214.1053460,W,1,0,0.0,9.3767,M,0.0000,M,0.0000,0
$GPRMC,215142.43,A,3726.6206320,N,12214.1053460,W,16.7903,208.2363,040121,,,,
$GPGGA,215143.43,3726.6124540,N,12214.1109080,W,1,0,0.0,9.5064,M,0.0000,M,0.0000,0
$GPRMC,215143.43,A,3726.6124540,N,12214.1109080,W,17.5569,208.3661,040121,,,,
$GPGGA,215144.43,3726.6039760,N,12214.1166980,W,1,0,0.0,9.6147,M,0.0000,M,0.0000,0
$GPRMC,215144.43,A,3726.6039760,N,12214.1166980,W,18.0222,208.5136,040121,,,,
$GPGGA,215145.43,3726.5954680,N,12214.1224940,W,1,0,0.0,9.7861,M,0.0000,M,0.0000,0
$GPRMC,215145.43,A,3726.5954680,N,12214.1224940,W,17.8266,208.2524,040121,,,,
$GPGGA,215146.43,3726.5869600,N,12214.1282300,W,1,0,0.0,9.9627,M,0.0000,M,0.0000,0
$GPRMC,215146.43,A,3726.5869600,N,12214.1282300,W,17.9367,208.0336,040121,,,,
$GPGGA,215147.43,3726.5783680,N,12214.1339660,W,1,0,0.0,10.2057,M,0.0000,M,0.0000,0
$GPRMC,215147.43,A,3726.5783680,N,12214.1339660,W,18.0898,207.7870,040121,,,,
$GPGGA,215148.43,3726.5696800,N,12214.1397260,W,1,0,0.0,10.5315,M,0.0000,M,0.0000,0
$GPRMC,215148.43,A,3726.5696800,N,12214.1397260,W,18.2679,207.6418,040121,,,,
$GPGGA,215149.43,3726.5609140,N,12214.1454980,W,1,0,0.0,11.1435,M,0.0000,M,0.0000,0
$GPRMC,215149.43,A,3726.5609140,N,12214.1454980,W,18.3476,207.5189,040121,,,,
$GPGGA,215150.43,3726.5521060,N,12214.1512460,W,1,0,0.0,11.8386,M,0.0000,M,0.0000,0
$GPRMC,215150.43,A,3726.5521060,N,12214.1512460,W,18.3831,207.1936,040121,,,,
$GPGGA,215151.43,3726.5432680,N,12214.1569280,W,1,0,0.0,12.8780,M,0.0000,M,0.0000,0
$GPRMC,215151.43,A,3726.5432680,N,12214.1569280,W,18.3596,207.0537,040121,,,,
$GPGGA,215152.43,3726.5344480,N,12214.1626040,W,1,0,0.0,14.0079,M,0.0000,M,0.0000,0
$GPRMC,215152.43,A,3726.5344480,N,12214.1626040,W,18.2503,207.2167,040121,,,,
$GPGGA,215153.43,3726.5258080,N,12214.1683100,W,1,0,0.0,15.0085,M,0.0000,M,0.0000,0
$GPRMC,215153.43,A,3726.5258080,N,12214.1683100,W,17.8627,208.0607,040121,,,,
$GPGGA,215154.43,3726.5174080,N,12214.1739980,W,1,0,0.0,15.8689,M,0.0000,M,0.0000,0
$GPRMC,215154.43,A,3726.5174080,N,12214.1739980,W,17.4480,208.3166,040121,,,,
$GPGGA,215155.43,3726.5091940,N,12214.1795960,W,1,0,0.0,16.7015,M,0.0000,M,0.0000,0
$GPRMC,215155.43,A,3726.5091940,N,12214.1795960,W,17.2453,208.4869,040121,,,,
$GPGGA,215156.43,3726.5009980,N,12214.1852900,W,1,0,0.0,17.4472,M,0.0000,M,0.0000,0
$GPRMC,215156.43,A,3726.5009980,N,12214.1852900,W,17.4210,209.1581,040121,,,,
$GPGGA,215157.43,3726.4928140,N,12214.1912540,W,1,0,0.0,18.2439,M,0.0000,M,0.0000,0
$GPRMC,215157.43,A,3726.4928140,N,12214.1912540,W,17.6165,210.7587,040121,,,,
$GPGGA,215158.43,3726.4847320,N,12214.1976920,W,1,0,0.0,19.0609,M,0.0000,M,0.0000,0
$GPRMC,215158.43,A,3726.4847320,N,12214.1976920,W,17.8008,213.4894,040121,,,,
$GPGGA,215159.43,3726.4769020,N,12214.2047720,W,1,0,0.0,20.0026,M,0.0000,M,0.0000,0
$GPRMC,215159.43,A,3726.4769020,N,12214.2047720,W,17.9247,217.5713,040121,,,,
$GPGGA,215200.43,3726.4694740,N,12214.2126440,W,1,0,0.0,20.9039,M,0.0000,M,0.0000,0
$GPRMC,215200.43,A,3726.4694740,N,12214.2126440,W,18.0764,221.9406,040121,,,,
$GPGGA,215201.43,3726.4624420,N,12214.2211820,W,1,0,0.0,21.8500,M,0.0000,M,0.0000,0
$GPRMC,215201.43,A,3726.4624420,N,12214.2211820,W,18.1374,225.2568,040121,,,,
$GPGGA,215202.43,3726.4558120,N,12214.2302540,W,1,0,0.0,22.8856,M,0.0000,M,0.0000,0
$GPRMC,215202.43,A,3726.4558120,N,12214.2302540,W,18.2006,229.0726,040121,,,,
$GPGGA,215203.43,3726.4496800,N,12214.2399140,W,1,0,0.0,23.9182,M,0.0000,M,0.0000,0
$GPRMC,215203.43,A,3726.4496800,N,12214.2399140,W,18.2712,233.0229,040121,,,,
$GPGGA,215204.43,3726.4439260,N,12214.2500060,W,1,0,0.0,24.9646,M,0.0000,M,0.0000,0
$GPRMC,215204.43,A,3726.4439260,N,12214.2500060,W,18.3417,235.2746,040121,,,,
$GPGGA,215205.43,3726.4384480,N,12214.2603320,W,1,0,0.0,26.0869,M,0.0000,M,0.0000,0
$GPRMC,215205.43,A,3726.4384480,N,12214.2603320,W,18.1968,236.7396,040121,,,,
$GPGGA,215206.43,3726.4330660,N,12214.2705260,W,1,0,0.0,27.0989,M,0.0000,M,0.0000,0
$GPRMC,215206.43,A,3726.4330660,N,12214.2705260,W,17.8321,236.0949,040121,,,,
$GPGGA,215207.43,3726.4276420,N,12214.2803060,W,1,0,0.0,28.2173,M,0.0000,M,0.0000,0
$GPRMC,215207.43,A,3726.4276420,N,12214.2803060,W,17.2050,234.3422,040121,,,,
$GPGGA,215208.43,3726.4221580,N,12214.2894020,W,1,0,0.0,29.2239,M,0.0000,M,0.0000,0
$GPRMC,215208.43,A,3726.4221580,N,12214.2894020,W,16.4620,231.9517,040121,,,,
$GPGGA,215209.43,3726.4166440,N,12214.2979280,W,1,0,0.0,30.0792,M,0.0000,M,0.0000,0
$GPRMC,215209.43,A,3726.4166440,N,12214.2979280,W,15.9392,230.5184,040121,,,,
$GPGGA,215210.43,3726.4111420,N,12214.3061960,W,1,0,0.0,30.9122,M,0.0000,M,0.0000,0
$GPRMC,215210.43,A,3726.4111420,N,12214.3061960,W,15.8806,229.7800,040121,,,,
$GPGGA,215211.43,3726.4055740,N,12214.3143860,W,1,0,0.0,31.7059,M,0.0000,M,0.0000,0
$GPRMC,215211.43,A,3726.4055740,N,12214.3143860,W,15.8726,229.3530,040121,,,,
$GPGGA,215212.43,3726.3999160,N,12214.3224740,W,1,0,0.0,32.5019,M,0.0000,M,0.0000,0
$GPRMC,215212.43,A,3726.3999160,N,12214.3224740,W,15.8473,228.2146,040121,,,,
$GPGGA,215213.43,3726.3941320,N,12214.3303880,W,1,0,0.0,33.3292,M,0.0000,M,0.0000,0
$GPRMC,215213.43,A,3726.3941320,N,12214.3303880,W,15.8129,227.0302,040121,,,,
$GPGGA,215214.43,3726.3882160,N,12214.3381400,W,1,0,0.0,34.0639,M,0.0000,M,0.0000,0
$GPRMC,215214.43,A,3726.3882160,N,12214.3381400,W,15.8428,225.4651,040121,,,,
$GPGGA,215215.43,3726.3821200,N,12214.3457060,W,1,0,0.0,34.7922,M,0.0000,M,0.0000,0
$GPRMC,215215.43,A,3726.3821200,N,12214.3457060,W,15.8316,223.8739,040121,,,,
$GPGGA,215216.43,3726.3758680,N,12214.3529720,W,1,0,0.0,35.5426,M,0.0000,M,0.0000,0
$GPRMC,215216.43,A,3726.3758680,N,12214.3529720,W,15.6811,221.9205,040121,,,,
$GPGGA,215217.43,3726.3694780,N,12214.3598720,W,1,0,0.0,36.4499,M,0.0000,M,0.0000,0
$GPRMC,215217.43,A,3726.3694780,N,12214.3598720,W,15.4834,219.9630,040121,,,,
$GPGGA,215218.43,3726.3630520,N,12214.3664120,W,1,0,0.0,37.3736,M,0.0000,M,0.0000,0
$GPRMC,215218.43,A,3726.3630520,N,12214.3664120,W,15.1154,218.5314,040121,,,,
$GPGGA,215219.43,3726.3567340,N,12214.3725860,W,1,0,0.0,38.1612,M,0.0000,M,0.0000,0
$GPRMC,215219.43,A,3726.3567340,N,12214.3725860,W,14.4479,217.4061,040121,,,,
$GPGGA,215220.43,3726.3506500,N,12214.3782800,W,1,0,0.0,38.8622,M,0.0000,M,0.0000,0
$GPRMC,215220.43,A,3726.3506500,N,12214.3782800,W,13.6382,216.1698,040121,,,,
$GPGGA,215221.43,3726.3447880,N,12214.3835000,W,1,0,0.0,39.4884,M,0.0000,M,0.0000,0
$GPRMC,215221.43,A,3726.3447880,N,12214.3835000,W,13.0574,215.0103,040121,,,,
$GPGGA,215222.43,3726.3389620,N,12214.3884920,W,1,0,0.0,40.0515,M,0.0000,M,0.0000,0
$GPRMC,215222.43,A,3726.3389620,N,12214.3884920,W,13.1310,213.7999,040121,,,,
$GPGGA,215223.43,3726.3328240,N,12214.3934360,W,1,0,0.0,40.6741,M,0.0000,M,0.0000,0
$GPRMC,215223.43,A,3726.3328240,N,12214.3934360,W,13.9301,212.0915,040121,,,,
$GPGGA,215224.43,3726.3262060,N,12214.3985060,W,1,0,0.0,41.2608,M,0.0000,M,0.0000,0
$GPRMC,215224.43,A,3726.3262060,N,12214.3985060,W,14.7844,210.9091,040121,,,,
$GPGGA,215225.43,3726.3190540,N,12214.4036840,W,1,0,0.0,41.7191,M,0.0000,M,0.0000,0
$GPRMC,215225.43,A,3726.3190540,N,12214.4036840,W,15.8181,209.3842,040121,,,,
$GPGGA,215226.43,3726.3112660,N,12214.4089520,W,1,0,0.0,42.1138,M,0.0000,M,0.0000,0
$GPRMC,215226.43,A,3726.3112660,N,12214.4089520,W,16.8823,207.4507,040121,,,,
$GPGGA,215227.43,3726.3028720,N,12214.4142740,W,1,0,0.0,42.4941,M,0.0000,M,0.0000,0
$GPRMC,215227.43,A,3726.3028720,N,12214.4142740,W,17.8555,206.3357,040121,,,,
$GPGGA,215228.43,3726.2940340,N,12214.4196020,W,1,0,0.0,42.8007,M,0.0000,M,0.0000,0
$GPRMC,215228.43,A,3726.2940340,N,12214.4196020,W,18.3447,205.0573,040121,,,,
$GPGGA,215229.43,3726.2849260,N,12214.4246960,W,1,0,0.0,43.0187,M,0.0000,M,0.0000,0
$GPRMC,215229.43,A,3726.2849260,N,12214.4246960,W,18.5257,203.1213,040121,,,,
$GPGGA,215230.43,3726.2757400,N,12214.4294660,W,1,0,0.0,43.1800,M,0.0000,M,0.0000,0
$GPRMC,215230.43,A,3726.2757400,N,12214.4294660,W,18.1851,202.0234,040121,,,,
$GPGGA,215231.43,3726.2667040,N,12214.4338880,W,1,0,0.0,43.3137,M,0.0000,M,0.0000,0
$GPRMC,215231.43,A,3726.2667040,N,12214.4338880,W,17.7044,200.5445,040121,,,,
$GPGGA,215232.43,3726.2578420,N,12214.4380100,W,1,0,0.0,43.3880,M,0.0000,M,0.0000,0
$GPRMC,215232.43,A,3726.2578420,N,12214.4380100,W,17.2865,200.1163,040121,,,,
$GPGGA,215233.43,3726.2492020,N,12214.4420780,W,1,0,0.0,43.5057,M,0.0000,M,0.0000,0
$GPRMC,215233.43,A,3726.2492020,N,12214.4420780,W,16.8246,200.7369,040121,,,,
$GPGGA,215234.43,3726.2408320,N,12214.4461520,W,1,0,0.0,43.7221,M,0.0000,M,0.0000,0
$GPRMC,215234.43,A,3726.2408320,N,12214.4461520,W,16.5067,201.3067,040121,,,,
$GPGGA,215235.43,3726.2325040,N,12214.4503640,W,1,0,0.0,44.0104,M,0.0000,M,0.0000,0
$GPRMC,215235.43,A,3726.2325040,N,12214.4503640,W,16.7836,202.4177,040121,,,,
$GPGGA,215236.43,3726.2239720,N,12214.4550680,W,1,0,0.0,44.4108,M,0.0000,M,0.0000,0
$GPRMC,215236.43,A,3726.2239720,N,12214.4550680,W,17.6670,204.5318,040121,,,,
$GPGGA,215237.43,3726.2153260,N,12214.4604560,W,1,0,0.0,44.8768,M,0.0000,M,0.0000,0
$GPRMC,215237.43,A,3726.2153260,N,12214.4604560,W,18.0243,207.4247,040121,,,,
$GPGGA,215238.43,3726.2069260,N,12214.4664140,W,1,0,0.0,45.4982,M,0.0000,M,0.0000,0
$GPRMC,215238.43,A,3726.2069260,N,12214.4664140,W,17.6073,211.1021,040121,,,,
$GPGGA,215239.43,3726.1992520,N,12214.4730500,W,1,0,0.0,46.1765,M,0.0000,M,0.0000,0
$GPRMC,215239.43,A,3726.1992520,N,12214.4730500,W,16.9048,217.1075,040121,,,,
$GPGGA,215240.43,3726.1924720,N,12214.4803520,W,1,0,0.0,46.8668,M,0.0000,M,0.0000,0
$GPRMC,215240.43,A,3726.1924720,N,12214.4803520,W,16.2150,223.0520,040121,,,,
$GPGGA,215241.43,3726.1864960,N,12214.4880800,W,1,0,0.0,47.4008,M,0.0000,M,0.0000,0
$GPRMC,215241.43,A,3726.1864960,N,12214.4880800,W,15.5129,227.5514,040121,,,,
$GPGGA,215242.43,3726.1812460,N,12214.4959280,W,1,0,0.0,47.8828,M,0.0000,M,0.0000,0
$GPRMC,215242.43,A,3726.1812460,N,12214.4959280,W,14.7776,230.6342,040121,,,,
$GPGGA,215243.43,3726.1763500,N,12214.5035240,W,1,0,0.0,48.4518,M,0.0000,M,0.0000,0
$GPRMC,215243.43,A,3726.1763500,N,12214.5035240,W,14.0223,231.2271,040121,,,,
$GPGGA,215244.43,3726.1718320,N,12214.5108380,W,1,0,0.0,49.0558,M,0.0000,M,0.0000,0
$GPRMC,215244.43,A,3726.1718320,N,12214.5108380,W,13.2640,232.6935,040121,,,,
$GPGGA,215245.43,3726.1677700,N,12214.5179180,W,1,0,0.0,49.5925,M,0.0000,M,0.0000,0
$GPRMC,215245.43,A,3726.1677700,N,12214.5179180,W,12.3737,235.1252,040121,,,,
$GPGGA,215246.43,3726.1643980,N,12214.5244760,W,1,0,0.0,50.0938,M,0.0000,M,0.0000,0
$GPRMC,215246.43,A,3726.1643980,N,12214.5244760,W,10.5884,238.3439,040121,,,,
$GPGGA,215247.43,3726.1619560,N,12214.5302060,W,1,0,0.0,50.4764,M,0.0000,M,0.0000,0
$GPRMC,215247.43,A,3726.1619560,N,12214.5302060,W,8.5483,243.5348,040121,,,,
$GPGGA,215248.43,3726.1604500,N,12214.5348380,W,1,0,0.0,50.7384,M,0.0000,M,0.0000,0
$GPRMC,215248.43,A,3726.1604500,N,12214.5348380,W,6.2550,249.3321,040121,,,,
$GPGGA,215249.43,3726.1596340,N,12214.5384200,W,1,0,0.0,50.9297,M,0.0000,M,0.0000,0
$GPRMC,215249.43,A,3726.1596340,N,12214.5384200,W,5.0542,254.6177,040121,,,,
$GPGGA,215250.43,3726.1590940,N,12214.5416240,W,1,0,0.0,51.1064,M,0.0000,M,0.0000,0
$GPRMC,215250.43,A,3726.1590940,N,12214.5416240,W,4.8456,258.5187,040121,,,,
$GPGGA,215251.43,3726.1587580,N,12214.5451640,W,1,0,0.0,51.2737,M,0.0000,M,0.0000,0
$GPRMC,215251.43,A,3726.1587580,N,12214.5451640,W,5.8223,263.8692,040121,,,,
$GPGGA,215252.43,3726.1587220,N,12214.5496160,W,1,0,0.0,51.4380,M,0.0000,M,0.0000,0
$GPRMC,215252.43,A,3726.1587220,N,12214.5496160,W,7.4717,270.7945,040121,,,,
$GPGGA,215253.43,3726.1592200,N,12214.5552440,W,1,0,0.0,51.7057,M,0.0000,M,0.0000,0
$GPRMC,215253.43,A,3726.1592200,N,12214.5552440,W,9.2434,278.0433,040121,,,,
$GPGGA,215254.43,3726.1604740,N,12214.5619280,W,1,0,0.0,52.2325,M,0.0000,M,0.0000,0
$GPRMC,215254.43,A,3726.1604740,N,12214.5619280,W,11.0509,285.8132,040121,,,,
$GPGGA,215255.43,3726.1626880,N,12214.5694280,W,1,0,0.0,52.6945,M,0.0000,M,0.0000,0
$GPRMC,215255.43,A,3726.1626880,N,12214.5694280,W,12.5486,291.9386,040121,,,,
$GPGGA,215256.43,3726.1656340,N,12214.5777080,W,1,0,0.0,53.3485,M,0.0000,M,0.0000,0
$GPRMC,215256.43,A,3726.1656340,N,12214.5777080,W,14.1843,294.7099,040121,,,,
$GPGGA,215257.43,3726.1690840,N,12214.5868820,W,1,0,0.0,54.1189,M,0.0000,M,0.0000,0
$GPRMC,215257.43,A,3726.1690840,N,12214.5868820,W,15.7320,295.1780,040121,,,,
$GPGGA,215258.43,3726.1728940,N,12214.5969500,W,1,0,0.0,55.0613,M,0.0000,M,0.0000,0
$GPRMC,215258.43,A,3726.1728940,N,12214.5969500,W,17.0878,295.2818,040121,,,,
$GPGGA,215259.43,3726.1770400,N,12214.6077020,W,1,0,0.0,56.1119,M,0.0000,M,0.0000,0
$GPRMC,215259.43,A,3726.1770400,N,12214.6077020,W,17.9323,295.8479,040121,,,,
$GPGGA,215300.43,3726.1812640,N,12214.6185200,W,1,0,0.0,57.1373,M,0.0000,M,0.0000,0
$GPRMC,215300.43,A,3726.1812640,N,12214.6185200,W,17.5882,296.1897,040121,,,,
$GPGGA,215301.43,3726.1856140,N,12214.6291160,W,1,0,0.0,58.1999,M,0.0000,M,0.0000,0
$GPRMC,215301.43,A,3726.1856140,N,12214.6291160,W,17.6847,298.3781,040121,,,,
$GPGGA,215302.43,3726.1905580,N,12214.6395320,W,1,0,0.0,59.2853,M,0.0000,M,0.0000,0
$GPRMC,215302.43,A,3726.1905580,N,12214.6395320,W,18.1648,302.3441,040121,,,,
$GPGGA,215303.43,3726.1962520,N,12214.6497500,W,1,0,0.0,60.3496,M,0.0000,M,0.0000,0
$GPRMC,215303.43,A,3726.1962520,N,12214.6497500,W,18.6204,306.9332,040121,,,,
$GPGGA,215304.43,3726.2026840,N,12214.6596560,W,1,0,0.0,61.4863,M,0.0000,M,0.0000,0
$GPRMC,215304.43,A,3726.2026840,N,12214.6596560,W,19.1029,310.3628,040121,,,,
$GPGGA,215305.43,3726.2095840,N,12214.6694960,W,1,0,0.0,62.6996,M,0.0000,M,0.0000,0
$GPRMC,215305.43,A,3726.2095840,N,12214.6694960,W,19.5709,311.6338,040121,,,,
$GPGGA,215306.43,3726.2167660,N,12214.6794320,W,1,0,0.0,63.9130,M,0.0000,M,0.0000,0
$GPRMC,215306.43,A,3726.2167660,N,12214.6794320,W,20.0193,312.5002,040121,,,,
$GPGGA,215307.43,3726.2242000,N,12214.6895120,W,1,0,0.0,65.0179,M,0.0000,M,0.0000,0
$GPRMC,215307.43,A,3726.2242000,N,12214.6895120,W,20.4523,312.4374,040121,,,,
$GPGGA,215308.43,3726.2317240,N,12214.6998620,W,1,0,0.0,65.9819,M,0.0000,M,0.0000,0
$GPRMC,215308.43,A,3726.2317240,N,12214.6998620,W,20.8583,312.2445,040121,,,,
$GPGGA,215309.43,3726.2394460,N,12214.7104580,W,1,0,0.0,66.9106,M,0.0000,M,0.0000,0
$GPRMC,215309.43,A,3726.2394460,N,12214.7104580,W,21.5850,312.4628,040121,,,,
$GPGGA,215310.43,3726.2475400,N,12214.7214080,W,1,0,0.0,67.8119,M,0.0000,M,0.0000,0
$GPRMC,215310.43,A,3726.2475400,N,12214.7214080,W,22.4706,313.0295,040121,,,,
$GPGGA,215311.43,3726.2560660,N,12214.7326760,W,1,0,0.0,68.7552,M,0.0000,M,0.0000,0
$GPRMC,215311.43,A,3726.2560660,N,12214.7326760,W,23.3403,313.7492,040121,,,,
$GPGGA,215312.43,3726.2650120,N,12214.7441900,W,1,0,0.0,69.7256,M,0.0000,M,0.0000,0
$GPRMC,215312.43,A,3726.2650120,N,12214.7441900,W,24.0133,314.5570,040121,,,,
$GPGGA,215313.43,3726.2742340,N,12214.7558600,W,1,0,0.0,70.7846,M,0.0000,M,0.0000,0
$GPRMC,215313.43,A,3726.2742340,N,12214.7558600,W,24.4481,314.6547,040121,,,,
$GPGGA,215314.43,3726.2835880,N,12214.7676920,W,1,0,0.0,71.7806,M,0.0000,M,0.0000,0
$GPRMC,215314.43,A,3726.2835880,N,12214.7676920,W,24.6714,314.8498,040121,,,,
$GPGGA,215315.43,3726.2930680,N,12214.7795720,W,1,0,0.0,72.8293,M,0.0000,M,0.0000,0
$GPRMC,215315.43,A,3726.2930680,N,12214.7795720,W,24.9084,314.8588,040121,,,,
$GPGGA,215316.43,3726.3026380,N,12214.7915660,W,1,0,0.0,73.8666,M,0.0000,M,0.0000,0
$GPRMC,215316.43,A,3726.3026380,N,12214.7915660,W,25.1321,314.7679,040121,,,,
$GPGGA,215317.43,3726.3122560,N,12214.8037340,W,1,0,0.0,74.9089,M,0.0000,M,0.0000,0
$GPRMC,215317.43,A,3726.3122560,N,12214.8037340,W,25.4185,314.6149,040121,,,,
$GPGGA,215318.43,3726.3219880,N,12214.8160460,W,1,0,0.0,75.9136,M,0.0000,M,0.0000,0
$GPRMC,215318.43,A,3726.3219880,N,12214.8160460,W,25.7006,314.4950,040121,,,,
$GPGGA,215319.43,3726.3318100,N,12214.8285500,W,1,0,0.0,76.9669,M,0.0000,M,0.0000,0
$GPRMC,215319.43,A,3726.3318100,N,12214.8285500,W,26.0826,314.3971,040121,,,,
$GPGGA,215320.43,3726.3417520,N,12214.8412640,W,1,0,0.0,78.0256,M,0.0000,M,0.0000,0
$GPRMC,215320.43,A,3726.3417520,N,12214.8412640,W,26.4654,314.2814,040121,,,,
$GPGGA,215321.43,3726.3518140,N,12214.8542180,W,1,0,0.0,79.1136,M,0.0000,M,0.0000,0
$GPRMC,215321.43,A,3726.3518140,N,12214.8542180,W,26.8537,314.1260,040121,,,,
$GPGGA,215322.43,3726.3619900,N,12214.8673580,W,1,0,0.0,80.1903,M,0.0000,M,0.0000,0
$GPRMC,215322.43,A,3726.3619900,N,12214.8673580,W,27.2100,314.1096,040121,,,,
$GPGGA,215323.43,3726.3723100,N,12214.8806780,W,1,0,0.0,81.2846,M,0.0000,M,0.0000,0
$GPRMC,215323.43,A,3726.3723100,N,12214.8806780,W,27.5589,313.8526,040121,,,,
$GPGGA,215324.43,3726.3826720,N,12214.8942620,W,1,0,0.0,82.3956,M,0.0000,M,0.0000,0
$GPRMC,215324.43,A,3726.3826720,N,12214.8942620,W,27.8807,313.5983,040121,,,,
$GPGGA,215325.43,3726.3931600,N,12214.9079600,W,1,0,0.0,83.5096,M,0.0000,M,0.0000,0
$GPRMC,215325.43,A,3726.3931600,N,12214.9079600,W,28.1746,313.9380,040121,,,,
$GPGGA,215326.43,3726.4038100,N,12214.9217840,W,1,0,0.0,84.6710,M,0.0000,M,0.0000,0
$GPRMC,215326.43,A,3726.4038100,N,12214.9217840,W,28.4930,313.7823,040121,,,,
$GPGGA,215327.43,3726.4145320,N,12214.9357880,W,1,0,0.0,85.8463,M,0.0000,M,0.0000,0
$GPRMC,215327.43,A,3726.4145320,N,12214.9357880,W,28.7557,313.6369,040121,,,,
$GPGGA,215328.43,3726.4253440,N,12214.9499060,W,1,0,0.0,87.0086,M,0.0000,M,0.0000,0
$GPRMC,215328.43,A,3726.4253440,N,12214.9499060,W,29.0030,313.8757,040121,,,,
$GPGGA,215329.43,3726.4362400,N,12214.9641020,W,1,0,0.0,88.1879,M,0.0000,M,0.0000,0
$GPRMC,215329.43,A,3726.4362400,N,12214.9641020,W,29.0486,313.7954,040121,,,,
$GPGGA,215330.43,3726.4471420,N,12214.9782620,W,1,0,0.0,89.3233,M,0.0000,M,0.0000,0
$GPRMC,215330.43,A,3726.4471420,N,12214.9782620,W,29.0372,314.0093,040121,,,,
$GPGGA,215331.43,3726.4580740,N,12214.9923860,W,1,0,0.0,90.4643,M,0.0000,M,0.0000,0
$GPRMC,215331.43,A,3726.4580740,N,12214.9923860,W,29.0273,314.1020,040121,,,,
$GPGGA,215332.43,3726.4690120,N,12215.0064980,W,1,0,0.0,91.6076,M,0.0000,M,0.0000,0
$GPRMC,215332.43,A,3726.4690120,N,12215.0064980,W,29.0352,314.0467,040121,,,,
$GPGGA,215333.43,3726.4799080,N,12215.0206520,W,1,0,0.0,92.7546,M,0.0000,M,0.0000,0
$GPRMC,215333.43,A,3726.4799080,N,12215.0206520,W,28.9928,313.7776,040121,,,,
$GPGGA,215334.43,3726.4907440,N,12215.0348120,W,1,0,0.0,94.0173,M,0.0000,M,0.0000,0
$GPRMC,215334.43,A,3726.4907440,N,12215.0348120,W,28.9030,313.8360,040121,,,,
$GPGGA,215335.43,3726.5016040,N,12215.0488700,W,1,0,0.0,95.3293,M,0.0000,M,0.0000,0
$GPRMC,215335.43,A,3726.5016040,N,12215.0488700,W,28.8192,314.0543,040121,,,,
$GPGGA,215336.43,3726.5123740,N,12215.0629520,W,1,0,0.0,96.6380,M,0.0000,M,0.0000,0
$GPRMC,215336.43,A,3726.5123740,N,12215.0629520,W,28.7477,313.5938,040121,,,,
$GPGGA,215337.43,3726.5230240,N,12215.0771060,W,1,0,0.0,97.9446,M,0.0000,M,0.0000,0
$GPRMC,215337.43,A,3726.5230240,N,12215.0771060,W,28.6537,312.9589,040121,,,,
$GPGGA,215338.43,3726.5334040,N,12215.0914280,W,1,0,0.0,99.1706,M,0.0000,M,0.0000,0
$GPRMC,215338.43,A,3726.5334040,N,12215.0914280,W,28.4708,311.5438,040121,,,,
$GPGGA,215339.43,3726.5434600,N,12215.1060200,W,1,0,0.0,100.2956,M,0.0000,M,0.0000,0
$GPRMC,215339.43,A,3726.5434600,N,12215.1060200,W,28.3987,309.9525,040121,,,,
$GPGGA,215340.43,3726.5530900,N,12215.1209780,W,1,0,0.0,101.4463,M,0.0000,M,0.0000,0
$GPRMC,215340.43,A,3726.5530900,N,12215.1209780,W,28.3111,307.9295,040121,,,,
$GPGGA,215341.43,3726.5622820,N,12215.1362720,W,1,0,0.0,102.5603,M,0.0000,M,0.0000,0
$GPRMC,215341.43,A,3726.5622820,N,12215.1362720,W,28.1926,306.0781,040121,,,,
$GPGGA,215342.43,3726.5710480,N,12215.1518720,W,1,0,0.0,103.6633,M,0.0000,M,0.0000,0
$GPRMC,215342.43,A,3726.5710480,N,12215.1518720,W,28.0873,304.3336,040121,,,,
$GPGGA,215343.43,3726.5794420,N,12215.1677120,W,1,0,0.0,104.7616,M,0.0000,M,0.0000,0
$GPRMC,215343.43,A,3726.5794420,N,12215.1677120,W,28.0003,302.8198,040121,,,,
$GPGGA,215344.43,3726.5874520,N,12215.1837980,W,1,0,0.0,105.8713,M,0.0000,M,0.0000,0
$GPRMC,215344.43,A,3726.5874520,N,12215.1837980,W,27.9410,301.0931,040121,,,,
$GPGGA,215345.43,3726.5950600,N,12215.2001420,W,1,0,0.0,106.9616,M,0.0000,M,0.0000,0
$GPRMC,215345.43,A,3726.5950600,N,12215.2001420,W,27.8911,299.3888,040121,,,,
$GPGGA,215346.43,3726.6022780,N,12215.2167200,W,1,0,0.0,108.0519,M,0.0000,M,0.0000,0
$GPRMC,215346.43,A,3726.6022780,N,12215.2167200,W,27.8121,297.7667,040121,,,,
$GPGGA,215347.43,3726.6090640,N,12215.2335020,W,1,0,0.0,109.1576,M,0.0000,M,0.0000,0
$GPRMC,215347.43,A,3726.6090640,N,12215.2335020,W,27.6992,295.9868,040121,,,,
$GPGGA,215348.43,3726.6154000,N,12215.2504880,W,1,0,0.0,110.2619,M,0.0000,M,0.0000,0
$GPRMC,215348.43,A,3726.6154000,N,12215.2504880,W,27.5993,294.1474,040121,,,,
$GPGGA,215349.43,3726.6212920,N,12215.2676420,W,1,0,0.0,111.3546,M,0.0000,M,0.0000,0
$GPRMC,215349.43,A,3726.6212920,N,12215.2676420,W,27.4990,292.3572,040121,,,,
$GPGGA,215350.43,3726.6267160,N,12215.2849820,W,1,0,0.0,112.4273,M,0.0000,M,0.0000,0
$GPRMC,215350.43,A,3726.6267160,N,12215.2849820,W,27.4375,290.5256,040121,,,,
$GPGGA,215351.43,3726.6317320,N,12215.3024660,W,1,0,0.0,113.4946,M,0.0000,M,0.0000,0
$GPRMC,215351.43,A,3726.6317320,N,12215.3024660,W,27.3698,289.0938,040121,,,,
$GPGGA,215352.43,3726.6364180,N,12215.3200520,W,1,0,0.0,114.5873,M,0.0000,M,0.0000,0
$GPRMC,215352.43,A,3726.6364180,N,12215.3200520,W,27.3044,287.8013,040121,,,,
$GPGGA,215353.43,3726.6407200,N,12215.3377400,W,1,0,0.0,115.6560,M,0.0000,M,0.0000,0
$GPRMC,215353.43,A,3726.6407200,N,12215.3377400,W,27.2436,286.0679,040121,,,,
$GPGGA,215354.43,3726.6445420,N,12215.3555420,W,1,0,0.0,116.7339,M,0.0000,M,0.0000,0
$GPRMC,215354.43,A,3726.6445420,N,12215.3555420,W,27.1142,283.9986,040121,,,,
$GPGGA,215355.43,3726.6478420,N,12215.3734100,W,1,0,0.0,117.7759,M,0.0000,M,0.0000,0
$GPRMC,215355.43,A,3726.6478420,N,12215.3734100,W,26.9979,282.1974,040121,,,,
$GPGGA,215356.43,3726.6507580,N,12215.3913140,W,1,0,0.0,118.7802,M,0.0000,M,0.0000,0
$GPRMC,215356.43,A,3726.6507580,N,12215.3913140,W,26.8967,280.9566,040121,,,,
$GPGGA,215357.43,3726.6533380,N,12215.4092300,W,1,0,0.0,119.6959,M,0.0000,M,0.0000,0
$GPRMC,215357.43,A,3726.6533380,N,12215.4092300,W,26.8236,279.5540,040121,,,,
$GPGGA,215358.43,3726.6555340,N,12215.4272060,W,1,0,0.0,120.5615,M,0.0000,M,0.0000,0
$GPRMC,215358.43,A,3726.6555340,N,12215.4272060,W,26.8094,277.8432,040121,,,,
$GPGGA,215359.43,3726.6572980,N,12215.4452420,W,1,0,0.0,121.3809,M,0.0000,M,0.0000,0
$GPRMC,215359.43,A,3726.6572980,N,12215.4452420,W,26.7863,276.0647,040121,,,,
$GPGGA,215400.43,3726.6585880,N,12215.4633320,W,1,0,0.0,122.1615,M,0.0000,M,0.0000,0
$GPRMC,215400.43,A,3726.6585880,N,12215.4633320,W,26.7966,274.2000,040121,,,,
$GPGGA,215401.43,3726.6594520,N,12215.4814760,W,1,0,0.0,122.8512,M,0.0000,M,0.0000,0
$GPRMC,215401.43,A,3726.6594520,N,12215.4814760,W,26.8015,272.5582,040121,,,,
$GPGGA,215402.43,3726.6598840,N,12215.4996320,W,1,0,0.0,123.5028,M,0.0000,M,0.0000,0
$GPRMC,215402.43,A,3726.6598840,N,12215.4996320,W,26.7592,270.8925,040121,,,,
$GPGGA,215403.43,3726.6598780,N,12215.5177760,W,1,0,0.0,124.0911,M,0.0000,M,0.0000,0
$GPRMC,215403.43,A,3726.6598780,N,12215.5177760,W,26.7709,269.0352,040121,,,,
$GPGGA,215404.43,3726.6593860,N,12215.5359440,W,1,0,0.0,124.5915,M,0.0000,M,0.0000,0
$GPRMC,215404.43,A,3726.6593860,N,12215.5359440,W,26.8691,267.0665,040121,,,,
$GPGGA,215405.43,3726.6584740,N,12215.5541780,W,1,0,0.0,124.9908,M,0.0000,M,0.0000,0
$GPRMC,215405.43,A,3726.6584740,N,12215.5541780,W,27.0172,265.7288,040121,,,,
$GPGGA,215406.43,3726.6572680,N,12215.5724840,W,1,0,0.0,125.3001,M,0.0000,M,0.0000,0
$GPRMC,215406.43,A,3726.6572680,N,12215.5724840,W,27.1415,264.7502,040121,,,,
$GPGGA,215407.43,3726.6558460,N,12215.5908440,W,1,0,0.0,125.5571,M,0.0000,M,0.0000,0
$GPRMC,215407.43,A,3726.6558460,N,12215.5908440,W,27.2880,264.1191,040121,,,,
$GPGGA,215408.43,3726.6543220,N,12215.6093300,W,1,0,0.0,125.7417,M,0.0000,M,0.0000,0
$GPRMC,215408.43,A,3726.6543220,N,12215.6093300,W,27.5812,263.9822,040121,,,,
$GPGGA,215409.43,3726.6527980,N,12215.6280320,W,1,0,0.0,125.8790,M,0.0000,M,0.0000,0
$GPRMC,215409.43,A,3726.6527980,N,12215.6280320,W,27.8977,264.1911,040121,,,,
$GPGGA,215410.43,3726.6513160,N,12215.6469800,W,1,0,0.0,125.9834,M,0.0000,M,0.0000,0
$GPRMC,215410.43,A,3726.6513160,N,12215.6469800,W,28.2458,264.4221,040121,,,,
$GPGGA,215411.43,3726.6498280,N,12215.6661260,W,1,0,0.0,126.1447,M,0.0000,M,0.0000,0
$GPRMC,215411.43,A,3726.6498280,N,12215.6661260,W,28.4658,264.1617,040121,,,,
$GPGGA,215412.43,3726.6482680,N,12215.6853620,W,1,0,0.0,126.3607,M,0.0000,M,0.0000,0
$GPRMC,215412.43,A,3726.6482680,N,12215.6853620,W,28.5654,264.1832,040121,,,,
$GPGGA,215413.43,3726.6467500,N,12215.7046820,W,1,0,0.0,126.5727,M,0.0000,M,0.0000,0
$GPRMC,215413.43,A,3726.6467500,N,12215.7046820,W,28.6940,264.3251,040121,,,,
$GPGGA,215414.43,3726.6452500,N,12215.7241040,W,1,0,0.0,126.7194,M,0.0000,M,0.0000,0
$GPRMC,215414.43,A,3726.6452500,N,12215.7241040,W,28.8634,264.4109,040121,,,,
$GPGGA,215415.43,3726.6437560,N,12215.7436340,W,1,0,0.0,126.8894,M,0.0000,M,0.0000,0
$GPRMC,215415.43,A,3726.6437560,N,12215.7436340,W,29.0065,264.2991,040121,,,,
$GPGGA,215416.43,3726.6421840,N,12215.7632600,W,1,0,0.0,127.0297,M,0.0000,M,0.0000,0
$GPRMC,215416.43,A,3726.6421840,N,12215.7632600,W,29.2042,264.2245,040121,,,,
$GPGGA,215417.43,3726.6406480,N,12215.7830420,W,1,0,0.0,127.1100,M,0.0000,M,0.0000,0
$GPRMC,215417.43,A,3726.6406480,N,12215.7830420,W,29.4057,264.3361,040121,,,,
$GPGGA,215418.43,3726.6390580,N,12215.8029380,W,1,0,0.0,127.2664,M,0.0000,M,0.0000,0
$GPRMC,215418.43,A,3726.6390580,N,12215.8029380,W,29.6001,264.0079,040121,,,,
$GPGGA,215419.43,3726.6374320,N,12215.8229600,W,1,0,0.0,127.3647,M,0.0000,M,0.0000,0
$GPRMC,215419.43,A,3726.6374320,N,12215.8229600,W,29.7434,264.2446,040121,,,,
$GPGGA,215420.43,3726.6359860,N,12215.8430540,W,1,0,0.0,127.4607,M,0.0000,M,0.0000,0
$GPRMC,215420.43,A,3726.6359860,N,12215.8430540,W,29.7598,265.3365,040121,,,,
$GPGGA,215421.43,3726.6350320,N,12215.8632320,W,1,0,0.0,127.4560,M,0.0000,M,0.0000,0
$GPRMC,215421.43,A,3726.6350320,N,12215.8632320,W,29.8903,267.6718,040121,,,,
$GPGGA,215422.43,3726.6346420,N,12215.8835480,W,1,0,0.0,127.4103,M,0.0000,M,0.0000,0
$GPRMC,215422.43,A,3726.6346420,N,12215.8835480,W,30.0951,269.3585,040121,,,,
$GPGGA,215423.43,3726.6346840,N,12215.9040200,W,1,0,0.0,127.3290,M,0.0000,M,0.0000,0
$GPRMC,215423.43,A,3726.6346840,N,12215.9040200,W,30.2648,270.8062,040121,,,,
$GPGGA,215424.43,3726.6352060,N,12215.9245520,W,1,0,0.0,127.1890,M,0.0000,M,0.0000,0
$GPRMC,215424.43,A,3726.6352060,N,12215.9245520,W,30.3474,272.7699,040121,,,,
$GPGGA,215425.43,3726.6362860,N,12215.9451500,W,1,0,0.0,126.9963,M,0.0000,M,0.0000,0
$GPRMC,215425.43,A,3726.6362860,N,12215.9451500,W,30.5581,274.6173,040121,,,,
$GPGGA,215426.43,3726.6379300,N,12215.9658020,W,1,0,0.0,126.7243,M,0.0000,M,0.0000,0
$GPRMC,215426.43,A,3726.6379300,N,12215.9658020,W,30.6352,276.4542,040121,,,,
$GPGGA,215427.43,3726.6400540,N,12215.9864000,W,1,0,0.0,126.3822,M,0.0000,M,0.0000,0
$GPRMC,215427.43,A,3726.6400540,N,12215.9864000,W,30.6652,278.0004,040121,,,,
$GPGGA,215428.43,3726.6425680,N,12216.0069680,W,1,0,0.0,125.9999,M,0.0000,M,0.0000,0
$GPRMC,215428.43,A,3726.6425680,N,12216.0069680,W,30.7107,279.2796,040121,,,,
$GPGGA,215429.43,3726.6455140,N,12216.0274700,W,1,0,0.0,125.5763,M,0.0000,M,0.0000,0
$GPRMC,215429.43,A,3726.6455140,N,12216.0274700,W,30.7315,281.1336,040121,,,,
$GPGGA,215430.43,3726.6490180,N,12216.0478400,W,1,0,0.0,125.1352,M,0.0000,M,0.0000,0
$GPRMC,215430.43,A,3726.6490180,N,12216.0478400,W,30.7659,283.0369,040121,,,,
$GPGGA,215431.43,3726.6530560,N,12216.0680840,W,1,0,0.0,124.7002,M,0.0000,M,0.0000,0
$GPRMC,215431.43,A,3726.6530560,N,12216.0680840,W,30.7962,284.9864,040121,,,,
$GPGGA,215432.43,3726.6576460,N,12216.0881660,W,1,0,0.0,124.2629,M,0.0000,M,0.0000,0
$GPRMC,215432.43,A,3726.6576460,N,12216.0881660,W,30.8501,286.9136,040121,,,,
$GPGGA,215433.43,3726.6627640,N,12216.1080980,W,1,0,0.0,123.8132,M,0.0000,M,0.0000,0
$GPRMC,215433.43,A,3726.6627640,N,12216.1080980,W,30.9038,288.5297,040121,,,,
$GPGGA,215434.43,3726.6683560,N,12216.1278440,W,1,0,0.0,123.3626,M,0.0000,M,0.0000,0
$GPRMC,215434.43,A,3726.6683560,N,12216.1278440,W,30.9270,290.3850,040121,,,,
$GPGGA,215435.43,3726.6744520,N,12216.1473440,W,1,0,0.0,122.9119,M,0.0000,M,0.0000,0
$GPRMC,215435.43,A,3726.6744520,N,12216.1473440,W,30.8751,292.3269,040121,,,,
$GPGGA,215436.43,3726.6810340,N,12216.1665680,W,1,0,0.0,122.3752,M,0.0000,M,0.0000,0
$GPRMC,215436.43,A,3726.6810340,N,12216.1665680,W,30.8365,293.9741,040121,,,,
$GPGGA,215437.43,3726.6880000,N,12216.1855520,W,1,0,0.0,121.9592,M,0.0000,M,0.0000,0
$GPRMC,215437.43,A,3726.6880000,N,12216.1855520,W,30.8522,295.3877,040121,,,,
$GPGGA,215438.43,3726.6954040,N,12216.2043200,W,1,0,0.0,121.5472,M,0.0000,M,0.0000,0
$GPRMC,215438.43,A,3726.6954040,N,12216.2043200,W,30.9388,297.0744,040121,,,,
$GPGGA,215439.43,3726.7032700,N,12216.2228840,W,1,0,0.0,121.1492,M,0.0000,M,0.0000,0
$GPRMC,215439.43,A,3726.7032700,N,12216.2228840,W,31.0730,298.7863,040121,,,,
$GPGGA,215440.43,3726.7116400,N,12216.2411960,W,1,0,0.0,120.7899,M,0.0000,M,0.0000,0
$GPRMC,215440.43,A,3726.7116400,N,12216.2411960,W,31.1875,300.7754,040121,,,,
$GPGGA,215441.43,3726.7205140,N,12216.2592020,W,1,0,0.0,120.5433,M,0.0000,M,0.0000,0
$GPRMC,215441.43,A,3726.7205140,N,12216.2592020,W,31.2621,302.4164,040121,,,,
$GPGGA,215442.43,3726.7298020,N,12216.2768840,W,1,0,0.0,120.3990,M,0.0000,M,0.0000,0
$GPRMC,215442.43,A,3726.7298020,N,12216.2768840,W,31.1805,304.3230,040121,,,,
$GPGGA,215443.43,3726.7394980,N,12216.2941160,W,1,0,0.0,120.3003,M,0.0000,M,0.0000,0
$GPRMC,215443.43,A,3726.7394980,N,12216.2941160,W,31.0449,305.9326,040121,,,,
$GPGGA,215444.43,3726.7495660,N,12216.3109040,W,1,0,0.0,120.3384,M,0.0000,M,0.0000,0
$GPRMC,215444.43,A,3726.7495660,N,12216.3109040,W,30.9149,307.7822,040121,,,,
$GPGGA,215445.43,3726.7599700,N,12216.3272600,W,1,0,0.0,120.5277,M,0.0000,M,0.0000,0
$GPRMC,215445.43,A,3726.7599700,N,12216.3272600,W,30.8029,309.1932,040121,,,,
$GPGGA,215446.43,3726.7706740,N,12216.3431900,W,1,0,0.0,120.7977,M,0.0000,M,0.0000,0
$GPRMC,215446.43,A,3726.7706740,N,12216.3431900,W,30.6683,310.7644,040121,,,,
$GPGGA,215447.43,3726.7815880,N,12216.3587660,W,1,0,0.0,121.1411,M,0.0000,M,0.0000,0
$GPRMC,215447.43,A,3726.7815880,N,12216.3587660,W,30.4621,311.3135,040121,,,,
$GPGGA,215448.43,3726.7924120,N,12216.3742220,W,1,0,0.0,121.5524,M,0.0000,M,0.0000,0
$GPRMC,215448.43,A,3726.7924120,N,12216.3742220,W,30.2359,311.0922,040121,,,,
$GPGGA,215449.43,3726.8031160,N,12216.3895820,W,1,0,0.0,121.9724,M,0.0000,M,0.0000,0
$GPRMC,215449.43,A,3726.8031160,N,12216.3895820,W,29.9251,311.0299,040121,,,,
$GPGGA,215450.43,3726.8137120,N,12216.4047320,W,1,0,0.0,122.4828,M,0.0000,M,0.0000,0
$GPRMC,215450.43,A,3726.8137120,N,12216.4047320,W,29.4458,311.1947,040121,,,,
$GPGGA,215451.43,3726.8240620,N,12216.4195940,W,1,0,0.0,123.0521,M,0.0000,M,0.0000,0
$GPRMC,215451.43,A,3726.8240620,N,12216.4195940,W,28.7499,311.0406,040121,,,,
$GPGGA,215452.43,3726.8342020,N,12216.4340720,W,1,0,0.0,123.6618,M,0.0000,M,0.0000,0
$GPRMC,215452.43,A,3726.8342020,N,12216.4340720,W,28.0948,311.3163,040121,,,,
$GPGGA,215453.43,3726.8441320,N,12216.4482020,W,1,0,0.0,124.3449,M,0.0000,M,0.0000,0
$GPRMC,215453.43,A,3726.8441320,N,12216.4482020,W,27.4502,311.2223,040121,,,,
$GPGGA,215454.43,3726.8538220,N,12216.4619960,W,1,0,0.0,125.0712,M,0.0000,M,0.0000,0
$GPRMC,215454.43,A,3726.8538220,N,12216.4619960,W,26.7839,311.3219,040121,,,,
$GPGGA,215455.43,3726.8632540,N,12216.4754600,W,1,0,0.0,125.8205,M,0.0000,M,0.0000,0
$GPRMC,215455.43,A,3726.8632540,N,12216.4754600,W,26.0628,311.2546,040121,,,,
$GPGGA,215456.43,3726.8724640,N,12216.4885580,W,1,0,0.0,126.5315,M,0.0000,M,0.0000,0
$GPRMC,215456.43,A,3726.8724640,N,12216.4885580,W,25.4807,311.3107,040121,,,,
$GPGGA,215457.43,3726.8814820,N,12216.5014280,W,1,0,0.0,127.2622,M,0.0000,M,0.0000,0
$GPRMC,215457.43,A,3726.8814820,N,12216.5014280,W,25.0694,311.2342,040121,,,,
$GPGGA,215458.43,3726.8903920,N,12216.5141240,W,1,0,0.0,127.9735,M,0.0000,M,0.0000,0
$GPRMC,215458.43,A,3726.8903920,N,12216.5141240,W,24.8582,311.4457,040121,,,,
$GPGGA,215459.43,3726.8993140,N,12216.5267000,W,1,0,0.0,128.7175,M,0.0000,M,0.0000,0
$GPRMC,215459.43,A,3726.8993140,N,12216.5267000,W,24.8162,311.6058,040121,,,,
$GPGGA,215500.43,3726.9082360,N,12216.5392760,W,1,0,0.0,129.4192,M,0.0000,M,0.0000,0
$GPRMC,215500.43,A,3726.9082360,N,12216.5392760,W,24.8345,311.3386,040121,,,,
$GPGGA,215501.43,3726.9170800,N,12216.5519300,W,1,0,0.0,130.1168,M,0.0000,M,0.0000,0
$GPRMC,215501.43,A,3726.9170800,N,12216.5519300,W,24.8409,311.0425,040121,,,,
$GPGGA,215502.43,3726.9259180,N,12216.5647040,W,1,0,0.0,130.8295,M,0.0000,M,0.0000,0
$GPRMC,215502.43,A,3726.9259180,N,12216.5647040,W,25.0618,310.8217,040121,,,,
$GPGGA,215503.43,3726.9348280,N,12216.5776100,W,1,0,0.0,131.5559,M,0.0000,M,0.0000,0
$GPRMC,215503.43,A,3726.9348280,N,12216.5776100,W,25.3067,310.7862,040121,,,,
$GPGGA,215504.43,3726.9437920,N,12216.5906900,W,1,0,0.0,132.2852,M,0.0000,M,0.0000,0
$GPRMC,215504.43,A,3726.9437920,N,12216.5906900,W,25.5732,310.4268,040121,,,,
$GPGGA,215505.43,3726.9527980,N,12216.6039500,W,1,0,0.0,132.9875,M,0.0000,M,0.0000,0
$GPRMC,215505.43,A,3726.9527980,N,12216.6039500,W,25.7848,310.2355,040121,,,,
$GPGGA,215506.43,3726.9618700,N,12216.6173420,W,1,0,0.0,133.6618,M,0.0000,M,0.0000,0
$GPRMC,215506.43,A,3726.9618700,N,12216.6173420,W,26.0706,310.3045,040121,,,,
$GPGGA,215507.43,3726.9710380,N,12216.6308720,W,1,0,0.0,134.3075,M,0.0000,M,0.0000,0
$GPRMC,215507.43,A,3726.9710380,N,12216.6308720,W,26.2298,310.2219,040121,,,,
$GPGGA,215508.43,3726.9801640,N,12216.6444680,W,1,0,0.0,134.8821,M,0.0000,M,0.0000,0
$GPRMC,215508.43,A,3726.9801640,N,12216.6444680,W,26.2461,309.8276,040121,,,,
$GPGGA,215509.43,3726.9892840,N,12216.6582200,W,1,0,0.0,135.3322,M,0.0000,M,0.0000,0
$GPRMC,215509.43,A,3726.9892840,N,12216.6582200,W,26.4897,309.5698,040121,,,,
$GPGGA,215510.43,3726.9984520,N,12216.6721100,W,1,0,0.0,135.8248,M,0.0000,M,0.0000,0
$GPRMC,215510.43,A,3726.9984520,N,12216.6721100,W,26.7183,309.5017,040121,,,,
$GPGGA,215511.43,3727.0076680,N,12216.6861020,W,1,0,0.0,136.2518,M,0.0000,M,0.0000,0
$GPRMC,215511.43,A,3727.0076680,N,12216.6861020,W,26.7655,309.4082,040121,,,,
$GPGGA,215512.43,3727.0168540,N,12216.7001000,W,1,0,0.0,136.6515,M,0.0000,M,0.0000,0
$GPRMC,215512.43,A,3727.0168540,N,12216.7001000,W,26.6982,309.4771,040121,,,,
$GPGGA,215513.43,3727.0260460,N,12216.7140440,W,1,0,0.0,137.1230,M,0.0000,M,0.0000,0
$GPRMC,215513.43,A,3727.0260460,N,12216.7140440,W,26.6547,309.5538,040121,,,,
$GPGGA,215514.43,3727.0352620,N,12216.7279520,W,1,0,0.0,137.4204,M,0.0000,M,0.0000,0
$GPRMC,215514.43,A,3727.0352620,N,12216.7279520,W,26.7028,309.6319,040121,,,,
$GPGGA,215515.43,3727.0444840,N,12216.7418780,W,1,0,0.0,137.6490,M,0.0000,M,0.0000,0
$GPRMC,215515.43,A,3727.0444840,N,12216.7418780,W,26.7108,309.5348,040121,,,,
$GPGGA,215516.43,3727.0537060,N,12216.7558400,W,1,0,0.0,137.8094,M,0.0000,M,0.0000,0
$GPRMC,215516.43,A,3727.0537060,N,12216.7558400,W,26.7833,309.5150,040121,,,,
$GPGGA,215517.43,3727.0629580,N,12216.7698680,W,1,0,0.0,137.8937,M,0.0000,M,0.0000,0
$GPRMC,215517.43,A,3727.0629580,N,12216.7698680,W,26.9007,309.4506,040121,,,,
$GPGGA,215518.43,3727.0722160,N,12216.7839740,W,1,0,0.0,137.9153,M,0.0000,M,0.0000,0
$GPRMC,215518.43,A,3727.0722160,N,12216.7839740,W,26.9876,309.3874,040121,,,,
$GPGGA,215519.43,3727.0815100,N,12216.7981280,W,1,0,0.0,137.9433,M,0.0000,M,0.0000,0
$GPRMC,215519.43,A,3727.0815100,N,12216.7981280,W,27.0875,309.2669,040121,,,,
$GPGGA,215520.43,3727.0908220,N,12216.8123540,W,1,0,0.0,137.9430,M,0.0000,M,0.0000,0
$GPRMC,215520.43,A,3727.0908220,N,12216.8123540,W,27.2138,309.2921,040121,,,,
$GPGGA,215521.43,3727.1002000,N,12216.8266460,W,1,0,0.0,137.9013,M,0.0000,M,0.0000,0
$GPRMC,215521.43,A,3727.1002000,N,12216.8266460,W,27.3824,309.3556,040121,,,,
$GPGGA,215522.43,3727.1096620,N,12216.8410460,W,1,0,0.0,137.7646,M,0.0000,M,0.0000,0
$GPRMC,215522.43,A,3727.1096620,N,12216.8410460,W,27.6806,309.4821,040121,,,,
$GPGGA,215523.43,3727.1192560,N,12216.8555960,W,1,0,0.0,137.6253,M,0.0000,M,0.0000,0
$GPRMC,215523.43,A,3727.1192560,N,12216.8555960,W,28.0132,309.4084,040121,,,,
$GPGGA,215524.43,3727.1289280,N,12216.8703500,W,1,0,0.0,137.3966,M,0.0000,M,0.0000,0
$GPRMC,215524.43,A,3727.1289280,N,12216.8703500,W,28.2479,309.2541,040121,,,,
$GPGGA,215525.43,3727.1386240,N,12216.8851760,W,1,0,0.0,137.1126,M,0.0000,M,0.0000,0
$GPRMC,215525.43,A,3727.1386240,N,12216.8851760,W,28.2922,309.2480,040121,,,,
$GPGGA,215526.43,3727.1483200,N,12216.8999660,W,1,0,0.0,136.7616,M,0.0000,M,0.0000,0
$GPRMC,215526.43,A,3727.1483200,N,12216.8999660,W,28.1959,309.4207,040121,,,,
$GPGGA,215527.43,3727.1580100,N,12216.9147140,W,1,0,0.0,136.3736,M,0.0000,M,0.0000,0
$GPRMC,215527.43,A,3727.1580100,N,12216.9147140,W,28.1562,309.2908,040121,,,,
$GPGGA,215528.43,3727.1676700,N,12216.9294680,W,1,0,0.0,135.9456,M,0.0000,M,0.0000,0
$GPRMC,215528.43,A,3727.1676700,N,12216.9294680,W,28.1307,309.2705,040121,,,,
$GPGGA,215529.43,3727.1772880,N,12216.9441560,W,1,0,0.0,135.4685,M,0.0000,M,0.0000,0
$GPRMC,215529.43,A,3727.1772880,N,12216.9441560,W,27.9574,309.3372,040121,,,,
$GPGGA,215530.43,3727.1868760,N,12216.9587780,W,1,0,0.0,134.9248,M,0.0000,M,0.0000,0
$GPRMC,215530.43,A,3727.1868760,N,12216.9587780,W,27.9149,309.3310,040121,,,,
$GPGGA,215531.43,3727.1964820,N,12216.9733880,W,1,0,0.0,134.3359,M,0.0000,M,0.0000,0
$GPRMC,215531.43,A,3727.1964820,N,12216.9733880,W,27.9290,309.5393,040121,,,,
$GPGGA,215532.43,3727.2061480,N,12216.9879560,W,1,0,0.0,133.7092,M,0.0000,M,0.0000,0
$GPRMC,215532.43,A,3727.2061480,N,12216.9879560,W,28.0170,309.7558,040121,,,,
$GPGGA,215533.43,3727.2158680,N,12217.0025900,W,1,0,0.0,133.0982,M,0.0000,M,0.0000,0
$GPRMC,215533.43,A,3727.2158680,N,12217.0025900,W,28.1650,309.6410,040121,,,,
$GPGGA,215534.43,3727.2256180,N,12217.0173500,W,1,0,0.0,132.4782,M,0.0000,M,0.0000,0
$GPRMC,215534.43,A,3727.2256180,N,12217.0173500,W,28.3560,309.3577,040121,,,,
$GPGGA,215535.43,3727.2353980,N,12217.0322420,W,1,0,0.0,131.8519,M,0.0000,M,0.0000,0
$GPRMC,215535.43,A,3727.2353980,N,12217.0322420,W,28.5470,309.3177,040121,,,,
$GPGGA,215536.43,3727.2452200,N,12217.0472720,W,1,0,0.0,131.2342,M,0.0000,M,0.0000,0
$GPRMC,215536.43,A,3727.2452200,N,12217.0472720,W,28.7785,309.2067,040121,,,,
$GPGGA,215537.43,3727.2551140,N,12217.0624280,W,1,0,0.0,130.5725,M,0.0000,M,0.0000,0
$GPRMC,215537.43,A,3727.2551140,N,12217.0624280,W,28.9781,309.2094,040121,,,,
$GPGGA,215538.43,3727.2650200,N,12217.0776680,W,1,0,0.0,129.9608,M,0.0000,M,0.0000,0
$GPRMC,215538.43,A,3727.2650200,N,12217.0776680,W,29.0006,309.1208,040121,,,,
$GPGGA,215539.43,3727.2749620,N,12217.0928720,W,1,0,0.0,129.3142,M,0.0000,M,0.0000,0
$GPRMC,215539.43,A,3727.2749620,N,12217.0928720,W,29.0019,309.3805,040121,,,,
$GPGGA,215540.43,3727.2849280,N,12217.1080700,W,1,0,0.0,128.6845,M,0.0000,M,0.0000,0
$GPRMC,215540.43,A,3727.2849280,N,12217.1080700,W,29.0298,309.3474,040121,,,,
$GPGGA,215541.43,3727.2949180,N,12217.1232440,W,1,0,0.0,128.0512,M,0.0000,M,0.0000,0
$GPRMC,215541.43,A,3727.2949180,N,12217.1232440,W,28.9967,309.6262,040121,,,,
$GPGGA,215542.43,3727.3049320,N,12217.1383700,W,1,0,0.0,127.3978,M,0.0000,M,0.0000,0
$GPRMC,215542.43,A,3727.3049320,N,12217.1383700,W,29.0048,309.5158,040121,,,,
$GPGGA,215543.43,3727.3149400,N,12217.1535260,W,1,0,0.0,126.7092,M,0.0000,M,0.0000,0
$GPRMC,215543.43,A,3727.3149400,N,12217.1535260,W,29.0386,309.5638,040121,,,,
$GPGGA,215544.43,3727.3249300,N,12217.1687240,W,1,0,0.0,126.0625,M,0.0000,M,0.0000,0
$GPRMC,215544.43,A,3727.3249300,N,12217.1687240,W,29.0646,309.2229,040121,,,,
$GPGGA,215545.43,3727.3348840,N,12217.1839580,W,1,0,0.0,125.3735,M,0.0000,M,0.0000,0
$GPRMC,215545.43,A,3727.3348840,N,12217.1839580,W,28.9902,309.2339,040121,,,,
$GPGGA,215546.43,3727.3448380,N,12217.1990720,W,1,0,0.0,124.6188,M,0.0000,M,0.0000,0
$GPRMC,215546.43,A,3727.3448380,N,12217.1990720,W,28.8247,309.6957,040121,,,,
$GPGGA,215547.43,3727.3548340,N,12217.2140420,W,1,0,0.0,123.8875,M,0.0000,M,0.0000,0
$GPRMC,215547.43,A,3727.3548340,N,12217.2140420,W,28.7784,309.8386,040121,,,,
$GPGGA,215548.43,3727.3648900,N,12217.2289280,W,1,0,0.0,123.2512,M,0.0000,M,0.0000,0
$GPRMC,215548.43,A,3727.3648900,N,12217.2289280,W,28.7877,310.8085,040121,,,,
$GPGGA,215549.43,3727.3753180,N,12217.2434060,W,1,0,0.0,122.8003,M,0.0000,M,0.0000,0
$GPRMC,215549.43,A,3727.3753180,N,12217.2434060,W,28.7824,313.2114,040121,,,,
$GPGGA,215550.43,3727.3861780,N,12217.2573860,W,1,0,0.0,122.4352,M,0.0000,M,0.0000,0
$GPRMC,215550.43,A,3727.3861780,N,12217.2573860,W,28.7975,315.0338,040121,,,,
$GPGGA,215551.43,3727.3974100,N,12217.2709040,W,1,0,0.0,122.2090,M,0.0000,M,0.0000,0
$GPRMC,215551.43,A,3727.3974100,N,12217.2709040,W,28.7841,317.0649,040121,,,,
$GPGGA,215552.43,3727.4089840,N,12217.2839360,W,1,0,0.0,122.0846,M,0.0000,M,0.0000,0
$GPRMC,215552.43,A,3727.4089840,N,12217.2839360,W,28.7552,318.9664,040121,,,,
$GPGGA,215553.43,3727.4208760,N,12217.2964460,W,1,0,0.0,122.0630,M,0.0000,M,0.0000,0
$GPRMC,215553.43,A,3727.4208760,N,12217.2964460,W,28.6833,320.8708,040121,,,,
$GPGGA,215554.43,3727.4330380,N,12217.3084640,W,1,0,0.0,122.1850,M,0.0000,M,0.0000,0
$GPRMC,215554.43,A,3727.4330380,N,12217.3084640,W,28.5913,322.3476,040121,,,,
$GPGGA,215555.43,3727.4453860,N,12217.3200560,W,1,0,0.0,122.4261,M,0.0000,M,0.0000,0
$GPRMC,215555.43,A,3727.4453860,N,12217.3200560,W,28.4626,323.9610,040121,,,,
$GPGGA,215556.43,3727.4579680,N,12217.3310840,W,1,0,0.0,122.8044,M,0.0000,M,0.0000,0
$GPRMC,215556.43,A,3727.4579680,N,12217.3310840,W,28.3504,326.1056,040121,,,,
$GPGGA,215557.43,3727.4708500,N,12217.3414760,W,1,0,0.0,123.2694,M,0.0000,M,0.0000,0
$GPRMC,215557.43,A,3727.4708500,N,12217.3414760,W,28.3354,328.1333,040121,,,,
$GPGGA,215558.43,3727.4839780,N,12217.3513820,W,1,0,0.0,123.8095,M,0.0000,M,0.0000,0
$GPRMC,215558.43,A,3727.4839780,N,12217.3513820,W,28.3565,329.6283,040121,,,,
$GPGGA,215559.43,3727.4973400,N,12217.3607960,W,1,0,0.0,124.3818,M,0.0000,M,0.0000,0
$GPRMC,215559.43,A,3727.4973400,N,12217.3607960,W,28.3605,331.5661,040121,,,,
$GPGGA,215600.43,3727.5109540,N,12217.3696580,W,1,0,0.0,124.9538,M,0.0000,M,0.0000,0
$GPRMC,215600.43,A,3727.5109540,N,12217.3696580,W,28.3929,333.1863,040121,,,,
$GPGGA,215601.43,3727.5247840,N,12217.3779860,W,1,0,0.0,125.5625,M,0.0000,M,0.0000,0
$GPRMC,215601.43,A,3727.5247840,N,12217.3779860,W,28.3387,335.3007,040121,,,,
$GPGGA,215602.43,3727.5387640,N,12217.3857260,W,1,0,0.0,126.1615,M,0.0000,M,0.0000,0
$GPRMC,215602.43,A,3727.5387640,N,12217.3857260,W,28.2367,336.8975,040121,,,,
$GPGGA,215603.43,3727.5529180,N,12217.3929260,W,1,0,0.0,126.7475,M,0.0000,M,0.0000,0
$GPRMC,215603.43,A,3727.5529180,N,12217.3929260,W,28.2612,338.7871,040121,,,,
$GPGGA,215604.43,3727.5672640,N,12217.3995680,W,1,0,0.0,127.2581,M,0.0000,M,0.0000,0
$GPRMC,215604.43,A,3727.5672640,N,12217.3995680,W,28.3356,340.4685,040121,,,,
$GPGGA,215605.43,3727.5818020,N,12217.4057240,W,1,0,0.0,127.8435,M,0.0000,M,0.0000,0
$GPRMC,215605.43,A,3727.5818020,N,12217.4057240,W,28.4362,342.0223,040121,,,,
$GPGGA,215606.43,3727.5965200,N,12217.4113820,W,1,0,0.0,128.3872,M,0.0000,M,0.0000,0
$GPRMC,215606.43,A,3727.5965200,N,12217.4113820,W,28.5283,343.8554,040121,,,,
$GPGGA,215607.43,3727.6114240,N,12217.4164460,W,1,0,0.0,128.9781,M,0.0000,M,0.0000,0
$GPRMC,215607.43,A,3727.6114240,N,12217.4164460,W,28.6169,345.9044,040121,,,,
$GPGGA,215608.43,3727.6265200,N,12217.4206760,W,1,0,0.0,129.6652,M,0.0000,M,0.0000,0
$GPRMC,215608.43,A,3727.6265200,N,12217.4206760,W,28.6360,348.3514,040121,,,,
$GPGGA,215609.43,3727.6417300,N,12217.4242700,W,1,0,0.0,130.2668,M,0.0000,M,0.0000,0
$GPRMC,215609.43,A,3727.6417300,N,12217.4242700,W,28.5932,350.1251,040121,,,,
$GPGGA,215610.43,3727.6569280,N,12217.4271920,W,1,0,0.0,130.8125,M,0.0000,M,0.0000,0
$GPRMC,215610.43,A,3727.6569280,N,12217.4271920,W,28.2783,352.2823,040121,,,,
$GPGGA,215611.43,3727.6720120,N,12217.4294480,W,1,0,0.0,131.3608,M,0.0000,M,0.0000,0
$GPRMC,215611.43,A,3727.6720120,N,12217.4294480,W,27.9784,354.1430,040121,,,,
$GPGGA,215612.43,3727.6870660,N,12217.4309300,W,1,0,0.0,131.9211,M,0.0000,M,0.0000,0
$GPRMC,215612.43,A,3727.6870660,N,12217.4309300,W,27.9589,356.7609,040121,,,,
$GPGGA,215613.43,3727.7021740,N,12217.4316020,W,1,0,0.0,132.5592,M,0.0000,M,0.0000,0
$GPRMC,215613.43,A,3727.7021740,N,12217.4316020,W,27.9579,358.6844,040121,,,,
$GPGGA,215614.43,3727.7172460,N,12217.4319320,W,1,0,0.0,133.2855,M,0.0000,M,0.0000,0
$GPRMC,215614.43,A,3727.7172460,N,12217.4319320,W,27.8227,359.0425,040121,,,,
$GPGGA,215615.43,3727.7322640,N,12217.4323040,W,1,0,0.0,133.9341,M,0.0000,M,0.0000,0
$GPRMC,215615.43,A,3727.7322640,N,12217.4323040,W,27.7440,358.6191,040121,,,,
$GPGGA,215616.43,3727.7472340,N,12217.4327000,W,1,0,0.0,134.5148,M,0.0000,M,0.0000,0
$GPRMC,215616.43,A,3727.7472340,N,12217.4327000,W,27.6428,358.8233,040121,,,,
$GPGGA,215617.43,3727.7621560,N,12217.4330660,W,1,0,0.0,135.0391,M,0.0000,M,0.0000,0
$GPRMC,215617.43,A,3727.7621560,N,12217.4330660,W,27.5912,358.7103,040121,,,,
$GPGGA,215618.43,3727.7770540,N,12217.4334500,W,1,0,0.0,135.5905,M,0.0000,M,0.0000,0
$GPRMC,215618.43,A,3727.7770540,N,12217.4334500,W,27.5529,358.6827,040121,,,,
$GPGGA,215619.43,3727.7919220,N,12217.4338820,W,1,0,0.0,136.2005,M,0.0000,M,0.0000,0
$GPRMC,215619.43,A,3727.7919220,N,12217.4338820,W,27.4417,358.4739,040121,,,,
$GPGGA,215620.43,3727.8066820,N,12217.4344160,W,1,0,0.0,136.8532,M,0.0000,M,0.0000,0
$GPRMC,215620.43,A,3727.8066820,N,12217.4344160,W,27.1288,358.0860,040121,,,,
$GPGGA,215621.43,3727.8211720,N,12217.4350760,W,1,0,0.0,137.6409,M,0.0000,M,0.0000,0
$GPRMC,215621.43,A,3727.8211720,N,12217.4350760,W,26.4978,357.7483,040121,,,,
$GPGGA,215622.43,3727.8353560,N,12217.4358080,W,1,0,0.0,138.3972,M,0.0000,M,0.0000,0
$GPRMC,215622.43,A,3727.8353560,N,12217.4358080,W,26.0656,357.6154,040121,,,,
$GPGGA,215623.43,3727.8493600,N,12217.4365940,W,1,0,0.0,138.9304,M,0.0000,M,0.0000,0
$GPRMC,215623.43,A,3727.8493600,N,12217.4365940,W,25.8173,357.1729,040121,,,,
$GPGGA,215624.43,3727.8632440,N,12217.4376560,W,1,0,0.0,139.2854,M,0.0000,M,0.0000,0
$GPRMC,215624.43,A,3727.8632440,N,12217.4376560,W,25.6798,355.8236,040121,,,,
$GPGGA,215625.43,3727.8770800,N,12217.4391260,W,1,0,0.0,139.6344,M,0.0000,M,0.0000,0
$GPRMC,215625.43,A,3727.8770800,N,12217.4391260,W,25.6841,354.4341,040121,,,,
$GPGGA,215626.43,3727.8908860,N,12217.4409980,W,1,0,0.0,139.9611,M,0.0000,M,0.0000,0
$GPRMC,215626.43,A,3727.8908860,N,12217.4409980,W,25.6536,353.0661,040121,,,,
$GPGGA,215627.43,3727.9045960,N,12217.4433020,W,1,0,0.0,140.2451,M,0.0000,M,0.0000,0
$GPRMC,215627.43,A,3727.9045960,N,12217.4433020,W,25.4929,351.7054,040121,,,,
$GPGGA,215628.43,3727.9181560,N,12217.4459240,W,1,0,0.0,140.5077,M,0.0000,M,0.0000,0
$GPRMC,215628.43,A,3727.9181560,N,12217.4459240,W,25.2827,350.7216,040121,,,,
$GPGGA,215629.43,3727.9315420,N,12217.4487800,W,1,0,0.0,140.7594,M,0.0000,M,0.0000,0
$GPRMC,215629.43,A,3727.9315420,N,12217.4487800,W,24.9249,350.1930,040121,,,,
$GPGGA,215630.43,3727.9446940,N,12217.4516300,W,1,0,0.0,140.9810,M,0.0000,M,0.0000,0
$GPRMC,215630.43,A,3727.9446940,N,12217.4516300,W,24.4399,350.2954,040121,,,,
$GPGGA,215631.43,3727.9576000,N,12217.4543180,W,1,0,0.0,141.2208,M,0.0000,M,0.0000,0
$GPRMC,215631.43,A,3727.9576000,N,12217.4543180,W,23.9435,350.8112,040121,,,,
$GPGGA,215632.43,3727.9702480,N,12217.4568500,W,1,0,0.0,141.5138,M,0.0000,M,0.0000,0
$GPRMC,215632.43,A,3727.9702480,N,12217.4568500,W,23.4632,350.9268,040121,,,,
$GPGGA,215633.43,3727.9826440,N,12217.4593580,W,1,0,0.0,141.8194,M,0.0000,M,0.0000,0
$GPRMC,215633.43,A,3727.9826440,N,12217.4593580,W,22.9728,350.3635,040121,,,,
$GPGGA,215634.43,3727.9947340,N,12217.4621000,W,1,0,0.0,142.1451,M,0.0000,M,0.0000,0
$GPRMC,215634.43,A,3727.9947340,N,12217.4621000,W,22.4748,349.0350,040121,,,,
$GPGGA,215635.43,3728.0065180,N,12217.4651480,W,1,0,0.0,142.3604,M,0.0000,M,0.0000,0
$GPRMC,215635.43,A,3728.0065180,N,12217.4651480,W,22.0528,347.6294,040121,,,,
$GPGGA,215636.43,3728.0180320,N,12217.4685320,W,1,0,0.0,142.3646,M,0.0000,M,0.0000,0
$GPRMC,215636.43,A,3728.0180320,N,12217.4685320,W,21.7090,346.0973,040121,,,,
$GPGGA,215637.43,3728.0293420,N,12217.4721740,W,1,0,0.0,142.1296,M,0.0000,M,0.0000,0
$GPRMC,215637.43,A,3728.0293420,N,12217.4721740,W,21.4650,345.2162,040121,,,,
$GPGGA,215638.43,3728.0404900,N,12217.4759780,W,1,0,0.0,141.7789,M,0.0000,M,0.0000,0
$GPRMC,215638.43,A,3728.0404900,N,12217.4759780,W,21.3134,344.4210,040121,,,,
$GPGGA,215639.43,3728.0515180,N,12217.4798840,W,1,0,0.0,141.1522,M,0.0000,M,0.0000,0
$GPRMC,215639.43,A,3728.0515180,N,12217.4798840,W,20.9470,344.0839,040121,,,,
$GPGGA,215640.43,3728.0621680,N,12217.4838440,W,1,0,0.0,140.6448,M,0.0000,M,0.0000,0
$GPRMC,215640.43,A,3728.0621680,N,12217.4838440,W,20.1148,342.7703,040121,,,,
$GPGGA,215641.43,3728.0722180,N,12217.4880680,W,1,0,0.0,139.8834,M,0.0000,M,0.0000,0
$GPRMC,215641.43,A,3728.0722180,N,12217.4880680,W,18.9699,340.4076,040121,,,,
$GPGGA,215642.43,3728.0814940,N,12217.4923220,W,1,0,0.0,139.0111,M,0.0000,M,0.0000,0
$GPRMC,215642.43,A,3728.0814940,N,12217.4923220,W,17.4988,339.5307,040121,,,,
$GPGGA,215643.43,3728.0899540,N,12217.4961860,W,1,0,0.0,138.1444,M,0.0000,M,0.0000,0
$GPRMC,215643.43,A,3728.0899540,N,12217.4961860,W,15.8272,340.2800,040121,,,,
$GPGGA,215644.43,3728.0976160,N,12217.4995220,W,1,0,0.0,137.2961,M,0.0000,M,0.0000,0
$GPRMC,215644.43,A,3728.0976160,N,12217.4995220,W,14.1078,341.1213,040121,,,,
$GPGGA,215645.43,3728.1042880,N,12217.5023000,W,1,0,0.0,136.5809,M,0.0000,M,0.0000,0
$GPRMC,215645.43,A,3728.1042880,N,12217.5023000,W,11.8584,341.9006,040121,,,,
$GPGGA,215646.43,3728.1097840,N,12217.5044840,W,1,0,0.0,136.1329,M,0.0000,M,0.0000,0
$GPRMC,215646.43,A,3728.1097840,N,12217.5044840,W,9.4631,342.4985,040121,,,,
$GPGGA,215647.43,3728.1139960,N,12217.5062180,W,1,0,0.0,135.8536,M,0.0000,M,0.0000,0
$GPRMC,215647.43,A,3728.1139960,N,12217.5062180,W,6.9041,341.2195,040121,,,,
$GPGGA,215648.43,3728.1168880,N,12217.5075320,W,1,0,0.0,135.7226,M,0.0000,M,0.0000,0
$GPRMC,215648.43,A,3728.1168880,N,12217.5075320,W,4.5012,339.7339,040121,,,,
$GPGGA,215649.43,3728.1187060,N,12217.5084980,W,1,0,0.0,135.6703,M,0.0000,M,0.0000,0
$GPRMC,215649.43,A,3728.1187060,N,12217.5084980,W,2.8646,337.0680,040121,,,,
$GPGGA,215650.43,3728.1197440,N,12217.5091160,W,1,0,0.0,135.6373,M,0.0000,M,0.0000,0
$GPRMC,215650.43,A,3728.1197440,N,12217.5091160,W,1.5406,335.5335,040121,,,,
$GPGGA,215651.43,3728.1203440,N,12217.5094940,W,1,0,0.0,135.6087,M,0.0000,M,0.0000,0
$GPRMC,215651.43,A,3728.1203440,N,12217.5094940,W,0.9324,334.5463,040121,,,,
$GPGGA,215652.43,3728.1206200,N,12217.5096740,W,1,0,0.0,135.5977,M,0.0000,M,0.0000,0
$GPRMC,215652.43,A,3728.1206200,N,12217.5096740,W,0.1663,334.0784,040121,,,,
$GPGGA,215653.43,3728.1206260,N,12217.5096800,W,1,0,0.0,135.5900,M,0.0000,M,0.0000,0
$GPRMC,215653.43,A,3728.1206260,N,12217.5096800,W,0.0022,334.0689,040121,,,,
$GPGGA,215654.43,3728.1206260,N,12217.5096800,W,1,0,0.0,135.5880,M,0.0000,M,0.0000,0
$GPRMC,215654.43,A,3728.1206260,N,12217.5096800,W,0.0017,334.0661,040121,,,,
$GPGGA,215655.43,3728.1206260,N,12217.5096800,W,1,0,0.0,135.5870,M,0.0000,M,0.0000,0
$GPRMC,215655.43,A,3728.1206260,N,12217.5096800,W,0.0010,334.0655,040121,,,,
$GPGGA,215656.43,3728.1206260,N,12217.5096740,W,1,0,0.0,135.5870,M,0.0000,M,0.0000,0
$GPRMC,215656.43,A,3728.1206260,N,12217.5096740,W,0.0009,334.0644,040121,,,,
$GPGGA,215657.43,3728.1206260,N,12217.5096740,W,1,0,0.0,135.5880,M,0.0000,M,0.0000,0
$GPRMC,215657.43,A,3728.1206260,N,12217.5096740,W,0.0007,334.0643,040121,,,,
$GPGGA,215658.43,3728.1206260,N,12217.5096740,W,1,0,0.0,135.5890,M,0.0000,M,0.0000,0
$GPRMC,215658.43,A,3728.1206260,N,12217.5096740,W,0.0000,334.0648,040121,,,,
$GPGGA,215659.43,3728.1206260,N,12217.5096740,W,1,0,0.0,135.5870,M,0.0000,M,0.0000,0
$GPRMC,215659.43,A,3728.1206260,N,12217.5096740,W,0.0007,334.0651,040121,,,,
$GPGGA,215700.43,3728.1206260,N,12217.5096740,W,1,0,0.0,135.5870,M,0.0000,M,0.0000,0
$GPRMC,215700.43,A,3728.1206260,N,12217.5096740,W,0.0000,334.0648,040121,,,,
$GPGGA,215701.43,3728.1206320,N,12217.5096740,W,1,0,0.0,135.5860,M,0.0000,M,0.0000,0
$GPRMC,215701.43,A,3728.1206320,N,12217.5096740,W,0.0003,334.0647,040121,,,,
$GPGGA,215702.43,3728.1206320,N,12217.5096740,W,1,0,0.0,135.5840,M,0.0000,M,0.0000,0
$GPRMC,215702.43,A,3728.1206320,N,12217.5096740,W,0.0003,334.0649,040121,,,,
$GPGGA,215703.43,3728.1206320,N,12217.5096740,W,1,0,0.0,135.5840,M,0.0000,M,0.0000,0
$GPRMC,215703.43,A,3728.1206320,N,12217.5096740,W,0.0010,334.0648,040121,,,,
$GPGGA,215704.43,3728.1206320,N,12217.5096740,W,1,0,0.0,135.5830,M,0.0000,M,0.0000,0
$GPRMC,215704.43,A,3728.1206320,N,12217.5096740,W,0.0003,334.0651,040121,,,,
$GPGGA,215705.43,3728.1206320,N,12217.5096740,W,1,0,0.0,135.5820,M,0.0000,M,0.0000,0
$GPRMC,215705.43,A,3728.1206320,N,12217.5096740,W,0.0010,334.0650,040121,,,,
$GPGGA,215706.43,3728.1206320,N,12217.5096740,W,1,0,0.0,135.5820,M,0.0000,M,0.0000,0
$GPRMC,215706.43,A,3728.1206320,N,12217.5096740,W,0.0010,334.0650,040121,,,,
$GPGGA,215707.43,3728.1206320,N,12217.5096740,W,1,0,0.0,135.5810,M,0.0000,M,0.0000,0
$GPRMC,215707.43,A,3728.1206320,N,12217.5096740,W,0.0014,334.0647,040121,,,,
$GPGGA,215708.43,3728.1206320,N,12217.5096740,W,1,0,0.0,135.5800,M,0.0000,M,0.0000,0
$GPRMC,215708.43,A,3728.1206320,N,12217.5096740,W,0.0053,334.0611,040121,,,,
$GPGGA,215709.43,3728.1207880,N,12217.5097760,W,1,0,0.0,135.5657,M,0.0000,M,0.0000,0
$GPRMC,215709.43,A,3728.1207880,N,12217.5097760,W,0.8374,333.7886,040121,,,,
$GPGGA,215710.43,3728.1214540,N,12217.5102320,W,1,0,0.0,135.5500,M,0.0000,M,0.0000,0
$GPRMC,215710.43,A,3728.1214540,N,12217.5102320,W,1.9651,332.5109,040121,,,,
$GPGGA,215711.43,3728.1227260,N,12217.5112040,W,1,0,0.0,135.5350,M,0.0000,M,0.0000,0
$GPRMC,215711.43,A,3728.1227260,N,12217.5112040,W,3.5828,329.3856,040121,,,,
$GPGGA,215712.43,3728.1246100,N,12217.5129740,W,1,0,0.0,135.5747,M,0.0000,M,0.0000,0
$GPRMC,215712.43,A,3728.1246100,N,12217.5129740,W,4.9515,322.1770,040121,,,,
$GPGGA,215713.43,3728.1265480,N,12217.5158180,W,1,0,0.0,135.7580,M,0.0000,M,0.0000,0
$GPRMC,215713.43,A,3728.1265480,N,12217.5158180,W,5.8863,307.4602,040121,,,,
$GPGGA,215714.43,3728.1276040,N,12217.5198080,W,1,0,0.0,135.9170,M,0.0000,M,0.0000,0
$GPRMC,215714.43,A,3728.1276040,N,12217.5198080,W,6.3695,283.2240,040121,,,,
$GPGGA,215715.43,3728.1272260,N,12217.5243680,W,1,0,0.0,135.9853,M,0.0000,M,0.0000,0
$GPRMC,215715.43,A,3728.1272260,N,12217.5243680,W,7.1936,258.8224,040121,,,,
$GPGGA,215716.43,3728.1254260,N,12217.5291560,W,1,0,0.0,136.0103,M,0.0000,M,0.0000,0
$GPRMC,215716.43,A,3728.1254260,N,12217.5291560,W,8.2649,239.9613,040121,,,,
$GPGGA,215717.43,3728.1224020,N,12217.5338000,W,1,0,0.0,136.0413,M,0.0000,M,0.0000,0
$GPRMC,215717.43,A,3728.1224020,N,12217.5338000,W,9.4081,228.4938,040121,,,,
$GPGGA,215718.43,3728.1185920,N,12217.5386780,W,1,0,0.0,136.0383,M,0.0000,M,0.0000,0
$GPRMC,215718.43,A,3728.1185920,N,12217.5386780,W,10.7591,224.4231,040121,,,,
$GPGGA,215719.43,3728.1142600,N,12217.5439580,W,1,0,0.0,136.0006,M,0.0000,M,0.0000,0
$GPRMC,215719.43,A,3728.1142600,N,12217.5439580,W,11.3318,224.1388,040121,,,,
$GPGGA,215720.43,3728.1098800,N,12217.5492980,W,1,0,0.0,135.8663,M,0.0000,M,0.0000,0
$GPRMC,215720.43,A,3728.1098800,N,12217.5492980,W,11.2317,224.2218,040121,,,,
$GPGGA,215721.43,3728.1055960,N,12217.5546260,W,1,0,0.0,135.6386,M,0.0000,M,0.0000,0
$GPRMC,215721.43,A,3728.1055960,N,12217.5546260,W,11.1021,225.3746,040121,,,,
$GPGGA,215722.43,3728.1015760,N,12217.5601880,W,1,0,0.0,135.3699,M,0.0000,M,0.0000,0
$GPRMC,215722.43,A,3728.1015760,N,12217.5601880,W,11.0439,228.9564,040121,,,,
$GPGGA,215723.43,3728.0977660,N,12217.5659600,W,1,0,0.0,135.0196,M,0.0000,M,0.0000,0
$GPRMC,215723.43,A,3728.0977660,N,12217.5659600,W,11.0677,230.4489,040121,,,,
$GPGGA,215724.43,3728.0938600,N,12217.5716960,W,1,0,0.0,134.5979,M,0.0000,M,0.0000,0
$GPRMC,215724.43,A,3728.0938600,N,12217.5716960,W,11.1603,228.3383,040121,,,,
$GPGGA,215725.43,3728.0896480,N,12217.5771800,W,1,0,0.0,134.0915,M,0.0000,M,0.0000,0
$GPRMC,215725.43,A,3728.0896480,N,12217.5771800,W,11.2954,224.8002,040121,,,,
$GPGGA,215726.43,3728.0852320,N,12217.5824720,W,1,0,0.0,133.5015,M,0.0000,M,0.0000,0
$GPRMC,215726.43,A,3728.0852320,N,12217.5824720,W,10.9943,223.5788,040121,,,,
$GPGGA,215727.43,3728.0813800,N,12217.5875780,W,1,0,0.0,132.9079,M,0.0000,M,0.0000,0
$GPRMC,215727.43,A,3728.0813800,N,12217.5875780,W,9.7907,229.0384,040121,,,,
$GPGGA,215728.43,3728.0786740,N,12217.5928220,W,1,0,0.0,132.2752,M,0.0000,M,0.0000,0
$GPRMC,215728.43,A,3728.0786740,N,12217.5928220,W,8.8886,241.3717,040121,,,,
$GPGGA,215729.43,3728.0773240,N,12217.5986120,W,1,0,0.0,131.4598,M,0.0000,M,0.0000,0
$GPRMC,215729.43,A,3728.0773240,N,12217.5986120,W,9.1707,260.1924,040121,,,,
$GPGGA,215730.43,3728.0781280,N,12217.6047440,W,1,0,0.0,130.8179,M,0.0000,M,0.0000,0
$GPRMC,215730.43,A,3728.0781280,N,12217.6047440,W,9.3470,288.2271,040121,,,,
$GPGGA,215731.43,3728.0810200,N,12217.6099700,W,1,0,0.0,130.6580,M,0.0000,M,0.0000,0
$GPRMC,215731.43,A,3728.0810200,N,12217.6099700,W,9.8005,309.9058,040121,,,,
$GPGGA,215732.43,3728.0850460,N,12217.6150700,W,1,0,0.0,130.6957,M,0.0000,M,0.0000,0
$GPRMC,215732.43,A,3728.0850460,N,12217.6150700,W,11.4137,315.9308,040121,,,,
$GPGGA,215733.43,3728.0898880,N,12217.6206320,W,1,0,0.0,130.8044,M,0.0000,M,0.0000,0
$GPRMC,215733.43,A,3728.0898880,N,12217.6206320,W,12.8991,317.6324,040121,,,,
$GPGGA,215734.43,3728.0953780,N,12217.6267880,W,1,0,0.0,130.9121,M,0.0000,M,0.0000,0
$GPRMC,215734.43,A,3728.0953780,N,12217.6267880,W,14.2903,318.2590,040121,,,,
$GPGGA,215735.43,3728.1013720,N,12217.6333520,W,1,0,0.0,131.3168,M,0.0000,M,0.0000,0
$GPRMC,215735.43,A,3728.1013720,N,12217.6333520,W,14.9407,318.8903,040121,,,,
$GPGGA,215736.43,3728.1075040,N,12217.6399460,W,1,0,0.0,131.8408,M,0.0000,M,0.0000,0
$GPRMC,215736.43,A,3728.1075040,N,12217.6399460,W,14.8934,319.6188,040121,,,,
$GPGGA,215737.43,3728.1136360,N,12217.6462580,W,1,0,0.0,132.4685,M,0.0000,M,0.0000,0
$GPRMC,215737.43,A,3728.1136360,N,12217.6462580,W,14.3772,321.1408,040121,,,,
$GPGGA,215738.43,3728.1196900,N,12217.6519280,W,1,0,0.0,133.1689,M,0.0000,M,0.0000,0
$GPRMC,215738.43,A,3728.1196900,N,12217.6519280,W,13.5686,325.6353,040121,,,,
$GPGGA,215739.43,3728.1259780,N,12217.6559060,W,1,0,0.0,133.9902,M,0.0000,M,0.0000,0
$GPRMC,215739.43,A,3728.1259780,N,12217.6559060,W,12.6048,339.0267,040121,,,,
$GPGGA,215740.43,3728.1323680,N,12217.6574360,W,1,0,0.0,134.8336,M,0.0000,M,0.0000,0
$GPRMC,215740.43,A,3728.1323680,N,12217.6574360,W,11.6337,355.0884,040121,,,,
$GPGGA,215741.43,3728.1384340,N,12217.6568180,W,1,0,0.0,135.6309,M,0.0000,M,0.0000,0
$GPRMC,215741.43,A,3728.1384340,N,12217.6568180,W,11.1707,9.4185,040121,,,,
$GPGGA,215742.43,3728.1441100,N,12217.6543760,W,1,0,0.0,136.3632,M,0.0000,M,0.0000,0
$GPRMC,215742.43,A,3728.1441100,N,12217.6543760,W,11.1775,23.8900,040121,,,,
$GPGGA,215743.43,3728.1491560,N,12217.6502540,W,1,0,0.0,137.0855,M,0.0000,M,0.0000,0
$GPRMC,215743.43,A,3728.1491560,N,12217.6502540,W,11.2185,37.8016,040121,,,,
$GPGGA,215744.43,3728.1532840,N,12217.6446680,W,1,0,0.0,137.7712,M,0.0000,M,0.0000,0
$GPRMC,215744.43,A,3728.1532840,N,12217.6446680,W,11.3814,52.1118,040121,,,,
$GPGGA,215745.43,3728.1562120,N,12217.6378520,W,1,0,0.0,138.4489,M,0.0000,M,0.0000,0
$GPRMC,215745.43,A,3728.1562120,N,12217.6378520,W,11.5862,66.8892,040121,,,,
$GPGGA,215746.43,3728.1577780,N,12217.6301840,W,1,0,0.0,139.0982,M,0.0000,M,0.0000,0
$GPRMC,215746.43,A,3728.1577780,N,12217.6301840,W,11.8559,80.5554,040121,,,,
$GPGGA,215747.43,3728.1577960,N,12217.6221080,W,1,0,0.0,139.8195,M,0.0000,M,0.0000,0
$GPRMC,215747.43,A,3728.1577960,N,12217.6221080,W,12.0763,94.8002,040121,,,,
$GPGGA,215748.43,3728.1561760,N,12217.6141100,W,1,0,0.0,140.5365,M,0.0000,M,0.0000,0
$GPRMC,215748.43,A,3728.1561760,N,12217.6141100,W,12.4476,109.9613,040121,,,,
$GPGGA,215749.43,3728.1527620,N,12217.6066820,W,1,0,0.0,141.1978,M,0.0000,M,0.0000,0
$GPRMC,215749.43,A,3728.1527620,N,12217.6066820,W,13.0122,125.7073,040121,,,,
$GPGGA,215750.43,3728.1477700,N,12217.6000400,W,1,0,0.0,141.7268,M,0.0000,M,0.0000,0
$GPRMC,215750.43,A,3728.1477700,N,12217.6000400,W,14.0564,136.1544,040121,,,,
$GPGGA,215751.43,3728.1418540,N,12217.5934400,W,1,0,0.0,142.1995,M,0.0000,M,0.0000,0
$GPRMC,215751.43,A,3728.1418540,N,12217.5934400,W,15.2638,139.0615,040121,,,,
$GPGGA,215752.43,3728.1352840,N,12217.5864740,W,1,0,0.0,142.6271,M,0.0000,M,0.0000,0
$GPRMC,215752.43,A,3728.1352840,N,12217.5864740,W,16.5858,140.1097,040121,,,,
$GPGGA,215753.43,3728.1280840,N,12217.5790580,W,1,0,0.0,143.0238,M,0.0000,M,0.0000,0
$GPRMC,215753.43,A,3728.1280840,N,12217.5790580,W,17.8918,141.2177,040121,,,,
$GPGGA,215754.43,3728.1201160,N,12217.5713720,W,1,0,0.0,143.1163,M,0.0000,M,0.0000,0
$GPRMC,215754.43,A,3728.1201160,N,12217.5713720,W,19.3246,143.3317,040121,,,,
$GPGGA,215755.43,3728.1112840,N,12217.5634880,W,1,0,0.0,142.9936,M,0.0000,M,0.0000,0
$GPRMC,215755.43,A,3728.1112840,N,12217.5634880,W,20.7710,145.5037,040121,,,,
$GPGGA,215756.43,3728.1016060,N,12217.5555260,W,1,0,0.0,142.8336,M,0.0000,M,0.0000,0
$GPRMC,215756.43,A,3728.1016060,N,12217.5555260,W,21.9361,147.8364,040121,,,,
$GPGGA,215757.43,3728.0911420,N,12217.5477920,W,1,0,0.0,142.6349,M,0.0000,M,0.0000,0
$GPRMC,215757.43,A,3728.0911420,N,12217.5477920,W,23.0246,150.8086,040121,,,,
$GPGGA,215758.43,3728.0798920,N,12217.5403280,W,1,0,0.0,142.4260,M,0.0000,M,0.0000,0
$GPRMC,215758.43,A,3728.0798920,N,12217.5403280,W,24.1441,152.9819,040121,,,,
$GPGGA,215759.43,3728.0678620,N,12217.5329900,W,1,0,0.0,142.2020,M,0.0000,M,0.0000,0
$GPRMC,215759.43,A,3728.0678620,N,12217.5329900,W,25.3123,154.6692,040121,,,,
$GPGGA,215800.43,3728.0551780,N,12217.5257240,W,1,0,0.0,142.0106,M,0.0000,M,0.0000,0
$GPRMC,215800.43,A,3728.0551780,N,12217.5257240,W,26.2378,155.9961,040121,,,,
$GPGGA,215801.43,3728.0419720,N,12217.5187280,W,1,0,0.0,141.7323,M,0.0000,M,0.0000,0
$GPRMC,215801.43,A,3728.0419720,N,12217.5187280,W,26.8076,158.0106,040121,,,,
$GPGGA,215802.43,3728.0283220,N,12217.5121760,W,1,0,0.0,141.4210,M,0.0000,M,0.0000,0
$GPRMC,215802.43,A,3728.0283220,N,12217.5121760,W,27.2358,159.8298,040121,,,,
$GPGGA,215803.43,3728.0143840,N,12217.5059360,W,1,0,0.0,141.2193,M,0.0000,M,0.0000,0
$GPRMC,215803.43,A,3728.0143840,N,12217.5059360,W,27.4909,160.6375,040121,,,,
$GPGGA,215804.43,3728.0002840,N,12217.4998580,W,1,0,0.0,140.9179,M,0.0000,M,0.0000,0
$GPRMC,215804.43,A,3728.0002840,N,12217.4998580,W,27.6575,161.2786,040121,,,,
$GPGGA,215805.43,3727.9860520,N,12217.4940020,W,1,0,0.0,140.6819,M,0.0000,M,0.0000,0
$GPRMC,215805.43,A,3727.9860520,N,12217.4940020,W,27.7465,162.3405,040121,,,,
$GPGGA,215806.43,3727.9716640,N,12217.4885600,W,1,0,0.0,140.3803,M,0.0000,M,0.0000,0
$GPRMC,215806.43,A,3727.9716640,N,12217.4885600,W,27.8427,164.0255,040121,,,,
$GPGGA,215807.43,3727.9571140,N,12217.4836880,W,1,0,0.0,140.1119,M,0.0000,M,0.0000,0
$GPRMC,215807.43,A,3727.9571140,N,12217.4836880,W,27.8936,165.7258,040121,,,,
$GPGGA,215808.43,3727.9424260,N,12217.4793620,W,1,0,0.0,139.8479,M,0.0000,M,0.0000,0
$GPRMC,215808.43,A,3727.9424260,N,12217.4793620,W,27.9210,167.9012,040121,,,,
$GPGGA,215809.43,3727.9276120,N,12217.4757080,W,1,0,0.0,139.5796,M,0.0000,M,0.0000,0
$GPRMC,215809.43,A,3727.9276120,N,12217.4757080,W,27.9583,169.7562,040121,,,,
$GPGGA,215810.43,3727.9126660,N,12217.4725820,W,1,0,0.0,139.2889,M,0.0000,M,0.0000,0
$GPRMC,215810.43,A,3727.9126660,N,12217.4725820,W,28.1508,171.0087,040121,,,,
$GPGGA,215811.43,3727.8975580,N,12217.4697500,W,1,0,0.0,138.9663,M,0.0000,M,0.0000,0
$GPRMC,215811.43,A,3727.8975580,N,12217.4697500,W,28.3343,171.8703,040121,,,,
$GPGGA,215812.43,3727.8823300,N,12217.4673380,W,1,0,0.0,138.6626,M,0.0000,M,0.0000,0
$GPRMC,215812.43,A,3727.8823300,N,12217.4673380,W,28.4610,173.7660,040121,,,,
$GPGGA,215813.43,3727.8669940,N,12217.4654960,W,1,0,0.0,138.2949,M,0.0000,M,0.0000,0
$GPRMC,215813.43,A,3727.8669940,N,12217.4654960,W,28.5545,175.2509,040121,,,,
$GPGGA,215814.43,3727.8515740,N,12217.4641520,W,1,0,0.0,137.8956,M,0.0000,M,0.0000,0
$GPRMC,215814.43,A,3727.8515740,N,12217.4641520,W,28.6473,176.6261,040121,,,,
$GPGGA,215815.43,3727.8360940,N,12217.4631560,W,1,0,0.0,137.5306,M,0.0000,M,0.0000,0
$GPRMC,215815.43,A,3727.8360940,N,12217.4631560,W,28.6824,177.5099,040121,,,,
$GPGGA,215816.43,3727.8205900,N,12217.4624540,W,1,0,0.0,137.1889,M,0.0000,M,0.0000,0
$GPRMC,215816.43,A,3727.8205900,N,12217.4624540,W,28.7209,178.1356,040121,,,,
$GPGGA,215817.43,3727.8050500,N,12217.4618660,W,1,0,0.0,136.7439,M,0.0000,M,0.0000,0
$GPRMC,215817.43,A,3727.8050500,N,12217.4618660,W,28.8025,178.2986,040121,,,,
$GPGGA,215818.43,3727.7894740,N,12217.4612960,W,1,0,0.0,136.2125,M,0.0000,M,0.0000,0
$GPRMC,215818.43,A,3727.7894740,N,12217.4612960,W,28.8443,178.2110,040121,,,,
$GPGGA,215819.43,3727.7738920,N,12217.4607080,W,1,0,0.0,135.6862,M,0.0000,M,0.0000,0
$GPRMC,215819.43,A,3727.7738920,N,12217.4607080,W,28.8113,178.2941,040121,,,,
$GPGGA,215820.43,3727.7583520,N,12217.4601980,W,1,0,0.0,135.1335,M,0.0000,M,0.0000,0
$GPRMC,215820.43,A,3727.7583520,N,12217.4601980,W,28.6814,178.7167,040121,,,,
$GPGGA,215821.43,3727.7429020,N,12217.4597840,W,1,0,0.0,134.7736,M,0.0000,M,0.0000,0
$GPRMC,215821.43,A,3727.7429020,N,12217.4597840,W,28.4962,178.7075,040121,,,,
$GPGGA,215822.43,3727.7275480,N,12217.4592980,W,1,0,0.0,134.4923,M,0.0000,M,0.0000,0
$GPRMC,215822.43,A,3727.7275480,N,12217.4592980,W,28.3144,178.4007,040121,,,,
$GPGGA,215823.43,3727.7123020,N,12217.4586560,W,1,0,0.0,134.2619,M,0.0000,M,0.0000,0
$GPRMC,215823.43,A,3727.7123020,N,12217.4586560,W,28.1349,177.7874,040121,,,,
$GPGGA,215824.43,3727.6971460,N,12217.4577740,W,1,0,0.0,133.9259,M,0.0000,M,0.0000,0
$GPRMC,215824.43,A,3727.6971460,N,12217.4577740,W,27.9924,176.6861,040121,,,,
$GPGGA,215825.43,3727.6820800,N,12217.4563760,W,1,0,0.0,133.4402,M,0.0000,M,0.0000,0
$GPRMC,215825.43,A,3727.6820800,N,12217.4563760,W,27.9168,174.8716,040121,,,,
$GPGGA,215826.43,3727.6670740,N,12217.4543900,W,1,0,0.0,132.8722,M,0.0000,M,0.0000,0
$GPRMC,215826.43,A,3727.6670740,N,12217.4543900,W,27.8820,173.1265,040121,,,,
$GPGGA,215827.43,3727.6521400,N,12217.4518220,W,1,0,0.0,132.2948,M,0.0000,M,0.0000,0
$GPRMC,215827.43,A,3727.6521400,N,12217.4518220,W,27.9177,171.3530,040121,,,,
$GPGGA,215828.43,3727.6372120,N,12217.4486900,W,1,0,0.0,131.7209,M,0.0000,M,0.0000,0
$GPRMC,215828.43,A,3727.6372120,N,12217.4486900,W,28.0405,169.7237,040121,,,,
$GPGGA,215829.43,3727.6222900,N,12217.4450360,W,1,0,0.0,131.1428,M,0.0000,M,0.0000,0
$GPRMC,215829.43,A,3727.6222900,N,12217.4450360,W,28.2036,168.0375,040121,,,,
$GPGGA,215830.43,3727.6073860,N,12217.4407400,W,1,0,0.0,130.6275,M,0.0000,M,0.0000,0
$GPRMC,215830.43,A,3727.6073860,N,12217.4407400,W,28.3758,166.1531,040121,,,,
$GPGGA,215831.43,3727.5925000,N,12217.4358260,W,1,0,0.0,130.0065,M,0.0000,M,0.0000,0
$GPRMC,215831.43,A,3727.5925000,N,12217.4358260,W,28.5769,164.4075,040121,,,,
$GPGGA,215832.43,3727.5776320,N,12217.4303060,W,1,0,0.0,129.4322,M,0.0000,M,0.0000,0
$GPRMC,215832.43,A,3727.5776320,N,12217.4303060,W,28.7803,162.6160,040121,,,,
$GPGGA,215833.43,3727.5628000,N,12217.4241980,W,1,0,0.0,128.8489,M,0.0000,M,0.0000,0
$GPRMC,215833.43,A,3727.5628000,N,12217.4241980,W,28.9792,160.9459,040121,,,,
$GPGGA,215834.43,3727.5480340,N,12217.4174600,W,1,0,0.0,128.3292,M,0.0000,M,0.0000,0
$GPRMC,215834.43,A,3727.5480340,N,12217.4174600,W,29.1327,159.0303,040121,,,,
$GPGGA,215835.43,3727.5333880,N,12217.4100680,W,1,0,0.0,127.7595,M,0.0000,M,0.0000,0
$GPRMC,215835.43,A,3727.5333880,N,12217.4100680,W,29.2448,157.2886,040121,,,,
$GPGGA,215836.43,3727.5188560,N,12217.4021480,W,1,0,0.0,127.1739,M,0.0000,M,0.0000,0
$GPRMC,215836.43,A,3727.5188560,N,12217.4021480,W,29.3576,155.7917,040121,,,,
$GPGGA,215837.43,3727.5044800,N,12217.3936580,W,1,0,0.0,126.5325,M,0.0000,M,0.0000,0
$GPRMC,215837.43,A,3727.5044800,N,12217.3936580,W,29.4277,153.7758,040121,,,,
$GPGGA,215838.43,3727.4903020,N,12217.3845680,W,1,0,0.0,125.9458,M,0.0000,M,0.0000,0
$GPRMC,215838.43,A,3727.4903020,N,12217.3845680,W,29.4739,152.1795,040121,,,,
$GPGGA,215839.43,3727.4763160,N,12217.3749380,W,1,0,0.0,125.3775,M,0.0000,M,0.0000,0
$GPRMC,215839.43,A,3727.4763160,N,12217.3749380,W,29.5109,150.2683,040121,,,,
$GPGGA,215840.43,3727.4625820,N,12217.3647500,W,1,0,0.0,124.8409,M,0.0000,M,0.0000,0
$GPRMC,215840.43,A,3727.4625820,N,12217.3647500,W,29.5521,148.5619,040121,,,,
$GPGGA,215841.43,3727.4490820,N,12217.3540100,W,1,0,0.0,124.3719,M,0.0000,M,0.0000,0
$GPRMC,215841.43,A,3727.4490820,N,12217.3540100,W,29.5720,146.6142,040121,,,,
$GPGGA,215842.43,3727.4359000,N,12217.3426580,W,1,0,0.0,123.9993,M,0.0000,M,0.0000,0
$GPRMC,215842.43,A,3727.4359000,N,12217.3426580,W,29.5576,144.5032,040121,,,,
$GPGGA,215843.43,3727.4230660,N,12217.3307420,W,1,0,0.0,123.7589,M,0.0000,M,0.0000,0
$GPRMC,215843.43,A,3727.4230660,N,12217.3307420,W,29.5103,142.5818,040121,,,,
$GPGGA,215844.43,3727.4105320,N,12217.3183880,W,1,0,0.0,123.5810,M,0.0000,M,0.0000,0
$GPRMC,215844.43,A,3727.4105320,N,12217.3183880,W,29.4470,141.0073,040121,,,,
$GPGGA,215845.43,3727.3983520,N,12217.3055840,W,1,0,0.0,123.5090,M,0.0000,M,0.0000,0
$GPRMC,215845.43,A,3727.3983520,N,12217.3055840,W,29.3391,138.9218,040121,,,,
$GPGGA,215846.43,3727.3865620,N,12217.2923480,W,1,0,0.0,123.5647,M,0.0000,M,0.0000,0
$GPRMC,215846.43,A,3727.3865620,N,12217.2923480,W,29.1771,137.4172,040121,,,,
$GPGGA,215847.43,3727.3751680,N,12217.2787640,W,1,0,0.0,123.7611,M,0.0000,M,0.0000,0
$GPRMC,215847.43,A,3727.3751680,N,12217.2787640,W,28.9748,135.5901,040121,,,,
$GPGGA,215848.43,3727.3641700,N,12217.2648620,W,1,0,0.0,124.0654,M,0.0000,M,0.0000,0
$GPRMC,215848.43,A,3727.3641700,N,12217.2648620,W,28.7820,134.1541,040121,,,,
$GPGGA,215849.43,3727.3535320,N,12217.2507200,W,1,0,0.0,124.4518,M,0.0000,M,0.0000,0
$GPRMC,215849.43,A,3727.3535320,N,12217.2507200,W,28.5688,132.3670,040121,,,,
$GPGGA,215850.43,3727.3433680,N,12217.2362120,W,1,0,0.0,124.8654,M,0.0000,M,0.0000,0
$GPRMC,215850.43,A,3727.3433680,N,12217.2362120,W,28.3876,130.2715,040121,,,,
$GPGGA,215851.43,3727.3335700,N,12217.2214400,W,1,0,0.0,125.1531,M,0.0000,M,0.0000,0
$GPRMC,215851.43,A,3727.3335700,N,12217.2214400,W,28.3250,129.3232,040121,,,,
$GPGGA,215852.43,3727.3238560,N,12217.2065660,W,1,0,0.0,125.4097,M,0.0000,M,0.0000,0
$GPRMC,215852.43,A,3727.3238560,N,12217.2065660,W,28.4017,129.3326,040121,,,,
$GPGGA,215853.43,3727.3140760,N,12217.1916920,W,1,0,0.0,125.7868,M,0.0000,M,0.0000,0
$GPRMC,215853.43,A,3727.3140760,N,12217.1916920,W,28.4484,129.5016,040121,,,,
$GPGGA,215854.43,3727.3042660,N,12217.1768240,W,1,0,0.0,126.3222,M,0.0000,M,0.0000,0
$GPRMC,215854.43,A,3727.3042660,N,12217.1768240,W,28.4532,129.4478,040121,,,,
$GPGGA,215855.43,3727.2944980,N,12217.1619380,W,1,0,0.0,126.9629,M,0.0000,M,0.0000,0
$GPRMC,215855.43,A,3727.2944980,N,12217.1619380,W,28.4157,129.3315,040121,,,,
$GPGGA,215856.43,3727.2847480,N,12217.1470760,W,1,0,0.0,127.5942,M,0.0000,M,0.0000,0
$GPRMC,215856.43,A,3727.2847480,N,12217.1470760,W,28.3538,129.4009,040121,,,,
$GPGGA,215857.43,3727.2750160,N,12217.1322380,W,1,0,0.0,128.2092,M,0.0000,M,0.0000,0
$GPRMC,215857.43,A,3727.2750160,N,12217.1322380,W,28.3087,129.3478,040121,,,,
$GPGGA,215858.43,3727.2653080,N,12217.1174180,W,1,0,0.0,128.8438,M,0.0000,M,0.0000,0
$GPRMC,215858.43,A,3727.2653080,N,12217.1174180,W,28.2521,129.3220,040121,,,,
$GPGGA,215859.43,3727.2556060,N,12217.1026280,W,1,0,0.0,129.4435,M,0.0000,M,0.0000,0
$GPRMC,215859.43,A,3727.2556060,N,12217.1026280,W,28.2058,129.5443,040121,,,,
$GPGGA,215900.43,3727.2458980,N,12217.0879340,W,1,0,0.0,130.0598,M,0.0000,M,0.0000,0
$GPRMC,215900.43,A,3727.2458980,N,12217.0879340,W,28.1096,129.5357,040121,,,,
$GPGGA,215901.43,3727.2362260,N,12217.0732580,W,1,0,0.0,130.6532,M,0.0000,M,0.0000,0
$GPRMC,215901.43,A,3727.2362260,N,12217.0732580,W,28.0491,129.4740,040121,,,,
$GPGGA,215902.43,3727.2265780,N,12217.0586120,W,1,0,0.0,131.2658,M,0.0000,M,0.0000,0
$GPRMC,215902.43,A,3727.2265780,N,12217.0586120,W,27.9922,129.4647,040121,,,,
$GPGGA,215903.43,3727.2169600,N,12217.0439840,W,1,0,0.0,131.8925,M,0.0000,M,0.0000,0
$GPRMC,215903.43,A,3727.2169600,N,12217.0439840,W,27.9322,129.4079,040121,,,,
$GPGGA,215904.43,3727.2073720,N,12217.0293620,W,1,0,0.0,132.5275,M,0.0000,M,0.0000,0
$GPRMC,215904.43,A,3727.2073720,N,12217.0293620,W,27.8817,129.2440,040121,,,,
$GPGGA,215905.43,3727.1978380,N,12217.0147460,W,1,0,0.0,133.1535,M,0.0000,M,0.0000,0
$GPRMC,215905.43,A,3727.1978380,N,12217.0147460,W,27.8354,129.2952,040121,,,,
$GPGGA,215906.43,3727.1882980,N,12217.0001780,W,1,0,0.0,133.7325,M,0.0000,M,0.0000,0
$GPRMC,215906.43,A,3727.1882980,N,12217.0001780,W,27.7767,129.3168,040121,,,,
$GPGGA,215907.43,3727.1787700,N,12216.9856400,W,1,0,0.0,134.2805,M,0.0000,M,0.0000,0
$GPRMC,215907.43,A,3727.1787700,N,12216.9856400,W,27.7449,129.4823,040121,,,,
$GPGGA,215908.43,3727.1692000,N,12216.9711380,W,1,0,0.0,134.7731,M,0.0000,M,0.0000,0
$GPRMC,215908.43,A,3727.1692000,N,12216.9711380,W,27.7811,129.5288,040121,,,,
$GPGGA,215909.43,3727.1596180,N,12216.9566180,W,1,0,0.0,135.2341,M,0.0000,M,0.0000,0
$GPRMC,215909.43,A,3727.1596180,N,12216.9566180,W,27.8144,129.4639,040121,,,,
$GPGGA,215910.43,3727.1500300,N,12216.9420680,W,1,0,0.0,135.6621,M,0.0000,M,0.0000,0
$GPRMC,215910.43,A,3727.1500300,N,12216.9420680,W,27.8592,129.4750,040121,,,,
$GPGGA,215911.43,3727.1404300,N,12216.9274820,W,1,0,0.0,136.0558,M,0.0000,M,0.0000,0
$GPRMC,215911.43,A,3727.1404300,N,12216.9274820,W,27.9471,129.4655,040121,,,,
$GPGGA,215912.43,3727.1308060,N,12216.9128240,W,1,0,0.0,136.3721,M,0.0000,M,0.0000,0
$GPRMC,215912.43,A,3727.1308060,N,12216.9128240,W,28.0380,129.2440,040121,,,,
$GPGGA,215913.43,3727.1211940,N,12216.8980940,W,1,0,0.0,136.6767,M,0.0000,M,0.0000,0
$GPRMC,215913.43,A,3727.1211940,N,12216.8980940,W,28.1151,129.2694,040121,,,,
$GPGGA,215914.43,3727.1115280,N,12216.8833400,W,1,0,0.0,136.8927,M,0.0000,M,0.0000,0
$GPRMC,215914.43,A,3727.1115280,N,12216.8833400,W,28.2227,129.4290,040121,,,,
$GPGGA,215915.43,3727.1017960,N,12216.8685440,W,1,0,0.0,137.0934,M,0.0000,M,0.0000,0
$GPRMC,215915.43,A,3727.1017960,N,12216.8685440,W,28.3518,129.3952,040121,,,,
$GPGGA,215916.43,3727.0920220,N,12216.8536700,W,1,0,0.0,137.2530,M,0.0000,M,0.0000,0
$GPRMC,215916.43,A,3727.0920220,N,12216.8536700,W,28.4915,129.4299,040121,,,,
$GPGGA,215917.43,3727.0822180,N,12216.8387360,W,1,0,0.0,137.3663,M,0.0000,M,0.0000,0
$GPRMC,215917.43,A,3727.0822180,N,12216.8387360,W,28.5308,129.3776,040121,,,,
$GPGGA,215918.43,3727.0724320,N,12216.8238080,W,1,0,0.0,137.4257,M,0.0000,M,0.0000,0
$GPRMC,215918.43,A,3727.0724320,N,12216.8238080,W,28.4782,129.3717,040121,,,,
$GPGGA,215919.43,3727.0626640,N,12216.8088980,W,1,0,0.0,137.4280,M,0.0000,M,0.0000,0
$GPRMC,215919.43,A,3727.0626640,N,12216.8088980,W,28.4494,129.3350,040121,,,,
$GPGGA,215920.43,3727.0528900,N,12216.7940000,W,1,0,0.0,137.3733,M,0.0000,M,0.0000,0
$GPRMC,215920.43,A,3727.0528900,N,12216.7940000,W,28.4710,129.4193,040121,,,,
$GPGGA,215921.43,3727.0430920,N,12216.7790900,W,1,0,0.0,137.2790,M,0.0000,M,0.0000,0
$GPRMC,215921.43,A,3727.0430920,N,12216.7790900,W,28.5163,129.5191,040121,,,,
$GPGGA,215922.43,3727.0332400,N,12216.7641980,W,1,0,0.0,137.1203,M,0.0000,M,0.0000,0
$GPRMC,215922.43,A,3727.0332400,N,12216.7641980,W,28.5739,129.6150,040121,,,,
$GPGGA,215923.43,3727.0233820,N,12216.7492340,W,1,0,0.0,136.8993,M,0.0000,M,0.0000,0
$GPRMC,215923.43,A,3727.0233820,N,12216.7492340,W,28.6549,129.4547,040121,,,,
$GPGGA,215924.43,3727.0135240,N,12216.7342280,W,1,0,0.0,136.6923,M,0.0000,M,0.0000,0
$GPRMC,215924.43,A,3727.0135240,N,12216.7342280,W,28.7299,129.3354,040121,,,,
$GPGGA,215925.43,3727.0036480,N,12216.7191320,W,1,0,0.0,136.3849,M,0.0000,M,0.0000,0
$GPRMC,215925.43,A,3727.0036480,N,12216.7191320,W,28.8436,129.2945,040121,,,,
$GPGGA,215926.43,3726.9937540,N,12216.7039880,W,1,0,0.0,135.9822,M,0.0000,M,0.0000,0
$GPRMC,215926.43,A,3726.9937540,N,12216.7039880,W,28.8760,129.2757,040121,,,,
$GPGGA,215927.43,3726.9838480,N,12216.6888920,W,1,0,0.0,135.6126,M,0.0000,M,0.0000,0
$GPRMC,215927.43,A,3726.9838480,N,12216.6888920,W,28.7984,129.5395,040121,,,,
$GPGGA,215928.43,3726.9739240,N,12216.6738680,W,1,0,0.0,135.1409,M,0.0000,M,0.0000,0
$GPRMC,215928.43,A,3726.9739240,N,12216.6738680,W,28.7572,129.6438,040121,,,,
$GPGGA,215929.43,3726.9639760,N,12216.6588920,W,1,0,0.0,134.6675,M,0.0000,M,0.0000,0
$GPRMC,215929.43,A,3726.9639760,N,12216.6588920,W,28.7300,129.8677,040121,,,,
$GPGGA,215930.43,3726.9539920,N,12216.6439700,W,1,0,0.0,134.1222,M,0.0000,M,0.0000,0
$GPRMC,215930.43,A,3726.9539920,N,12216.6439700,W,28.7383,129.9231,040121,,,,
$GPGGA,215931.43,3726.9440080,N,12216.6290360,W,1,0,0.0,133.4915,M,0.0000,M,0.0000,0
$GPRMC,215931.43,A,3726.9440080,N,12216.6290360,W,28.7683,129.9201,040121,,,,
$GPGGA,215932.43,3726.9339700,N,12216.6141320,W,1,0,0.0,132.8145,M,0.0000,M,0.0000,0
$GPRMC,215932.43,A,3726.9339700,N,12216.6141320,W,28.7801,130.2872,040121,,,,
$GPGGA,215933.43,3726.9238720,N,12216.5992820,W,1,0,0.0,132.0661,M,0.0000,M,0.0000,0
$GPRMC,215933.43,A,3726.9238720,N,12216.5992820,W,28.7993,130.5156,040121,,,,
$GPGGA,215934.43,3726.9137080,N,12216.5844680,W,1,0,0.0,131.2384,M,0.0000,M,0.0000,0
$GPRMC,215934.43,A,3726.9137080,N,12216.5844680,W,28.8543,130.7992,040121,,,,
$GPGGA,215935.43,3726.9034600,N,12216.5697020,W,1,0,0.0,130.4228,M,0.0000,M,0.0000,0
$GPRMC,215935.43,A,3726.9034600,N,12216.5697020,W,28.8746,131.1450,040121,,,,
$GPGGA,215936.43,3726.8931400,N,12216.5550140,W,1,0,0.0,129.6058,M,0.0000,M,0.0000,0
$GPRMC,215936.43,A,3726.8931400,N,12216.5550140,W,28.8535,131.3348,040121,,,,
$GPGGA,215937.43,3726.8828200,N,12216.5403500,W,1,0,0.0,128.7828,M,0.0000,M,0.0000,0
$GPRMC,215937.43,A,3726.8828200,N,12216.5403500,W,28.8379,131.4342,040121,,,,
$GPGGA,215938.43,3726.8725180,N,12216.5256860,W,1,0,0.0,127.9331,M,0.0000,M,0.0000,0
$GPRMC,215938.43,A,3726.8725180,N,12216.5256860,W,28.8313,131.1600,040121,,,,
$GPGGA,215939.43,3726.8622520,N,12216.5109800,W,1,0,0.0,127.1131,M,0.0000,M,0.0000,0
$GPRMC,215939.43,A,3726.8622520,N,12216.5109800,W,28.8151,131.0948,040121,,,,
$GPGGA,215940.43,3726.8520040,N,12216.4962680,W,1,0,0.0,126.2771,M,0.0000,M,0.0000,0
$GPRMC,215940.43,A,3726.8520040,N,12216.4962680,W,28.8108,131.0840,040121,,,,
$GPGGA,215941.43,3726.8417440,N,12216.4815680,W,1,0,0.0,125.4491,M,0.0000,M,0.0000,0
$GPRMC,215941.43,A,3726.8417440,N,12216.4815680,W,28.8024,131.2513,040121,,,,
$GPGGA,215942.43,3726.8314360,N,12216.4669220,W,1,0,0.0,124.6228,M,0.0000,M,0.0000,0
$GPRMC,215942.43,A,3726.8314360,N,12216.4669220,W,28.8212,131.3848,040121,,,,
$GPGGA,215943.43,3726.8211400,N,12216.4522400,W,1,0,0.0,123.8191,M,0.0000,M,0.0000,0
$GPRMC,215943.43,A,3726.8211400,N,12216.4522400,W,28.8591,131.2040,040121,,,,
$GPGGA,215944.43,3726.8108200,N,12216.4375520,W,1,0,0.0,123.0888,M,0.0000,M,0.0000,0
$GPRMC,215944.43,A,3726.8108200,N,12216.4375520,W,28.8850,131.3383,040121,,,,
$GPGGA,215945.43,3726.8004880,N,12216.4228580,W,1,0,0.0,122.4378,M,0.0000,M,0.0000,0
$GPRMC,215945.43,A,3726.8004880,N,12216.4228580,W,28.8917,131.4048,040121,,,,
$GPGGA,215946.43,3726.7901560,N,12216.4081880,W,1,0,0.0,121.8982,M,0.0000,M,0.0000,0
$GPRMC,215946.43,A,3726.7901560,N,12216.4081880,W,28.8541,131.3120,040121,,,,
$GPGGA,215947.43,3726.7798720,N,12216.3935240,W,1,0,0.0,121.5089,M,0.0000,M,0.0000,0
$GPRMC,215947.43,A,3726.7798720,N,12216.3935240,W,28.7398,131.2724,040121,,,,
$GPGGA,215948.43,3726.7696600,N,12216.3788960,W,1,0,0.0,121.2689,M,0.0000,M,0.0000,0
$GPRMC,215948.43,A,3726.7696600,N,12216.3788960,W,28.6031,131.0480,040121,,,,
$GPGGA,215949.43,3726.7595140,N,12216.3643280,W,1,0,0.0,121.0566,M,0.0000,M,0.0000,0
$GPRMC,215949.43,A,3726.7595140,N,12216.3643280,W,28.4507,131.2490,040121,,,,
$GPGGA,215950.43,3726.7494640,N,12216.3498380,W,1,0,0.0,120.9293,M,0.0000,M,0.0000,0
$GPRMC,215950.43,A,3726.7494640,N,12216.3498380,W,28.2249,130.4489,040121,,,,
$GPGGA,215951.43,3726.7397200,N,12216.3351620,W,1,0,0.0,120.8186,M,0.0000,M,0.0000,0
$GPRMC,215951.43,A,3726.7397200,N,12216.3351620,W,28.0996,129.0780,040121,,,,
$GPGGA,215952.43,3726.7303420,N,12216.3201920,W,1,0,0.0,120.7533,M,0.0000,M,0.0000,0
$GPRMC,215952.43,A,3726.7303420,N,12216.3201920,W,28.0591,127.2121,040121,,,,
$GPGGA,215953.43,3726.7213240,N,12216.3048860,W,1,0,0.0,120.7123,M,0.0000,M,0.0000,0
$GPRMC,215953.43,A,3726.7213240,N,12216.3048860,W,28.0837,125.7366,040121,,,,
$GPGGA,215954.43,3726.7125940,N,12216.2892740,W,1,0,0.0,120.7597,M,0.0000,M,0.0000,0
$GPRMC,215954.43,A,3726.7125940,N,12216.2892740,W,28.1708,124.4546,040121,,,,
$GPGGA,215955.43,3726.7041400,N,12216.2733920,W,1,0,0.0,120.8724,M,0.0000,M,0.0000,0
$GPRMC,215955.43,A,3726.7041400,N,12216.2733920,W,28.1240,122.8885,040121,,,,
$GPGGA,215956.43,3726.6960760,N,12216.2572640,W,1,0,0.0,121.0717,M,0.0000,M,0.0000,0
$GPRMC,215956.43,A,3726.6960760,N,12216.2572640,W,28.0204,121.4993,040121,,,,
$GPGGA,215957.43,3726.6883300,N,12216.2409740,W,1,0,0.0,121.3641,M,0.0000,M,0.0000,0
$GPRMC,215957.43,A,3726.6883300,N,12216.2409740,W,27.9366,120.0163,040121,,,,
$GPGGA,215958.43,3726.6809200,N,12216.2244920,W,1,0,0.0,121.6461,M,0.0000,M,0.0000,0
$GPRMC,215958.43,A,3726.6809200,N,12216.2244920,W,27.8525,118.7757,040121,,,,
$GPGGA,215959.43,3726.6738640,N,12216.2078540,W,1,0,0.0,121.9824,M,0.0000,M,0.0000,0
$GPRMC,215959.43,A,3726.6738640,N,12216.2078540,W,27.7242,117.1740,040121,,,,
$GPGGA,220000.43,3726.6672100,N,12216.1910600,W,1,0,0.0,122.3174,M,0.0000,M,0.0000,0
$GPRMC,220000.43,A,3726.6672100,N,12216.1910600,W,27.5926,115.5877,040121,,,,
$GPGGA,220001.43,3726.6609760,N,12216.1741040,W,1,0,0.0,122.5964,M,0.0000,M,0.0000,0
$GPRMC,220001.43,A,3726.6609760,N,12216.1741040,W,27.4962,114.0411,040121,,,,
$GPGGA,220002.43,3726.6550900,N,12216.1570160,W,1,0,0.0,122.8567,M,0.0000,M,0.0000,0
$GPRMC,220002.43,A,3726.6550900,N,12216.1570160,W,27.3898,112.7242,040121,,,,
$GPGGA,220003.43,3726.6495760,N,12216.1398380,W,1,0,0.0,123.2147,M,0.0000,M,0.0000,0
$GPRMC,220003.43,A,3726.6495760,N,12216.1398380,W,27.2259,111.1103,040121,,,,
$GPGGA,220004.43,3726.6444640,N,12216.1225700,W,1,0,0.0,123.5854,M,0.0000,M,0.0000,0
$GPRMC,220004.43,A,3726.6444640,N,12216.1225700,W,27.0933,109.5857,040121,,,,
$GPGGA,220005.43,3726.6397180,N,12216.1052240,W,1,0,0.0,123.8698,M,0.0000,M,0.0000,0
$GPRMC,220005.43,A,3726.6397180,N,12216.1052240,W,27.0099,108.2931,040121,,,,
$GPGGA,220006.43,3726.6353440,N,12216.0877760,W,1,0,0.0,124.1931,M,0.0000,M,0.0000,0
$GPRMC,220006.43,A,3726.6353440,N,12216.0877760,W,26.9363,106.6738,040121,,,,
$GPGGA,220007.43,3726.6313420,N,12216.0702380,W,1,0,0.0,124.5024,M,0.0000,M,0.0000,0
$GPRMC,220007.43,A,3726.6313420,N,12216.0702380,W,26.8749,105.2335,040121,,,,
$GPGGA,220008.43,3726.6276820,N,12216.0526160,W,1,0,0.0,124.8124,M,0.0000,M,0.0000,0
$GPRMC,220008.43,A,3726.6276820,N,12216.0526160,W,26.8181,103.9505,040121,,,,
$GPGGA,220009.43,3726.6243580,N,12216.0349460,W,1,0,0.0,125.1267,M,0.0000,M,0.0000,0
$GPRMC,220009.43,A,3726.6243580,N,12216.0349460,W,26.7634,102.6150,040121,,,,
$GPGGA,220010.43,3726.6213820,N,12216.0171920,W,1,0,0.0,125.4281,M,0.0000,M,0.0000,0
$GPRMC,220010.43,A,3726.6213820,N,12216.0171920,W,26.7215,101.1321,040121,,,,
$GPGGA,220011.43,3726.6187480,N,12215.9993960,W,1,0,0.0,125.7294,M,0.0000,M,0.0000,0
$GPRMC,220011.43,A,3726.6187480,N,12215.9993960,W,26.6695,99.8780,040121,,,,
$GPGGA,220012.43,3726.6164500,N,12215.9815580,W,1,0,0.0,126.0237,M,0.0000,M,0.0000,0
$GPRMC,220012.43,A,3726.6164500,N,12215.9815580,W,26.6084,98.4151,040121,,,,
$GPGGA,220013.43,3726.6145360,N,12215.9636960,W,1,0,0.0,126.2857,M,0.0000,M,0.0000,0
$GPRMC,220013.43,A,3726.6145360,N,12215.9636960,W,26.5727,96.9823,040121,,,,
$GPGGA,220014.43,3726.6129640,N,12215.9457920,W,1,0,0.0,126.5420,M,0.0000,M,0.0000,0
$GPRMC,220014.43,A,3726.6129640,N,12215.9457920,W,26.5511,95.5443,040121,,,,
$GPGGA,220015.43,3726.6117760,N,12215.9278460,W,1,0,0.0,126.7144,M,0.0000,M,0.0000,0
$GPRMC,220015.43,A,3726.6117760,N,12215.9278460,W,26.5543,93.9643,040121,,,,
$GPGGA,220016.43,3726.6109420,N,12215.9098340,W,1,0,0.0,126.8660,M,0.0000,M,0.0000,0
$GPRMC,220016.43,A,3726.6109420,N,12215.9098340,W,26.6896,92.7249,040121,,,,
$GPGGA,220017.43,3726.6104200,N,12215.8916660,W,1,0,0.0,126.9793,M,0.0000,M,0.0000,0
$GPRMC,220017.43,A,3726.6104200,N,12215.8916660,W,26.9141,91.3755,040121,,,,
$GPGGA,220018.43,3726.6102340,N,12215.8733420,W,1,0,0.0,127.0450,M,0.0000,M,0.0000,0
$GPRMC,220018.43,A,3726.6102340,N,12215.8733420,W,27.1533,90.0967,040121,,,,
$GPGGA,220019.43,3726.6103900,N,12215.8548320,W,1,0,0.0,127.0279,M,0.0000,M,0.0000,0
$GPRMC,220019.43,A,3726.6103900,N,12215.8548320,W,27.4346,88.6017,040121,,,,
$GPGGA,220020.43,3726.6109420,N,12215.8361480,W,1,0,0.0,127.0124,M,0.0000,M,0.0000,0
$GPRMC,220020.43,A,3726.6109420,N,12215.8361480,W,27.6846,87.1244,040121,,,,
$GPGGA,220021.43,3726.6119080,N,12215.8173380,W,1,0,0.0,126.9787,M,0.0000,M,0.0000,0
$GPRMC,220021.43,A,3726.6119080,N,12215.8173380,W,27.9194,85.5480,040121,,,,
$GPGGA,220022.43,3726.6133300,N,12215.7984080,W,1,0,0.0,126.9463,M,0.0000,M,0.0000,0
$GPRMC,220022.43,A,3726.6133300,N,12215.7984080,W,28.1680,83.5358,040121,,,,
$GPGGA,220023.43,3726.6152380,N,12215.7793640,W,1,0,0.0,126.7233,M,0.0000,M,0.0000,0
$GPRMC,220023.43,A,3726.6152380,N,12215.7793640,W,28.4726,82.3676,040121,,,,
$GPGGA,220024.43,3726.6173440,N,12215.7601460,W,1,0,0.0,126.4216,M,0.0000,M,0.0000,0
$GPRMC,220024.43,A,3726.6173440,N,12215.7601460,W,28.7236,82.0530,040121,,,,
$GPGGA,220025.43,3726.6194920,N,12215.7408140,W,1,0,0.0,126.0899,M,0.0000,M,0.0000,0
$GPRMC,220025.43,A,3726.6194920,N,12215.7408140,W,28.8511,82.1020,040121,,,,
$GPGGA,220026.43,3726.6215740,N,12215.7213800,W,1,0,0.0,125.7532,M,0.0000,M,0.0000,0
$GPRMC,220026.43,A,3726.6215740,N,12215.7213800,W,29.0068,82.2936,040121,,,,
$GPGGA,220027.43,3726.6236560,N,12215.7018320,W,1,0,0.0,125.4816,M,0.0000,M,0.0000,0
$GPRMC,220027.43,A,3726.6236560,N,12215.7018320,W,29.1534,82.2999,040121,,,,
$GPGGA,220028.43,3726.6257440,N,12215.6822120,W,1,0,0.0,125.2783,M,0.0000,M,0.0000,0
$GPRMC,220028.43,A,3726.6257440,N,12215.6822120,W,29.2532,82.3316,040121,,,,
$GPGGA,220029.43,3726.6278560,N,12215.6625320,W,1,0,0.0,125.0876,M,0.0000,M,0.0000,0
$GPRMC,220029.43,A,3726.6278560,N,12215.6625320,W,29.3044,82.2042,040121,,,,
$GPGGA,220030.43,3726.6300400,N,12215.6428400,W,1,0,0.0,124.9283,M,0.0000,M,0.0000,0
$GPRMC,220030.43,A,3726.6300400,N,12215.6428400,W,29.3145,81.7893,040121,,,,
$GPGGA,220031.43,3726.6322720,N,12215.6231660,W,1,0,0.0,124.7246,M,0.0000,M,0.0000,0
$GPRMC,220031.43,A,3726.6322720,N,12215.6231660,W,29.2967,81.8934,040121,,,,
$GPGGA,220032.43,3726.6344200,N,12215.6035040,W,1,0,0.0,124.4429,M,0.0000,M,0.0000,0
$GPRMC,220032.43,A,3726.6344200,N,12215.6035040,W,29.1929,82.3288,040121,,,,
$GPGGA,220033.43,3726.6363880,N,12215.5839680,W,1,0,0.0,124.0696,M,0.0000,M,0.0000,0
$GPRMC,220033.43,A,3726.6363880,N,12215.5839680,W,28.9071,83.3344,040121,,,,
$GPGGA,220034.43,3726.6380080,N,12215.5645640,W,1,0,0.0,123.6489,M,0.0000,M,0.0000,0
$GPRMC,220034.43,A,3726.6380080,N,12215.5645640,W,28.6411,84.7207,040121,,,,
$GPGGA,220035.43,3726.6391660,N,12215.5452860,W,1,0,0.0,123.1902,M,0.0000,M,0.0000,0
$GPRMC,220035.43,A,3726.6391660,N,12215.5452860,W,28.4086,86.4592,040121,,,,
$GPGGA,220036.43,3726.6398560,N,12215.5261160,W,1,0,0.0,122.6965,M,0.0000,M,0.0000,0
$GPRMC,220036.43,A,3726.6398560,N,12215.5261160,W,28.2126,88.2501,040121,,,,
$GPGGA,220037.43,3726.6400780,N,12215.5069880,W,1,0,0.0,122.1365,M,0.0000,M,0.0000,0
$GPRMC,220037.43,A,3726.6400780,N,12215.5069880,W,28.2799,89.9108,040121,,,,
$GPGGA,220038.43,3726.6398080,N,12215.4877640,W,1,0,0.0,121.5012,M,0.0000,M,0.0000,0
$GPRMC,220038.43,A,3726.6398080,N,12215.4877640,W,28.4216,91.9041,040121,,,,
$GPGGA,220039.43,3726.6389680,N,12215.4684740,W,1,0,0.0,120.7985,M,0.0000,M,0.0000,0
$GPRMC,220039.43,A,3726.6389680,N,12215.4684740,W,28.5860,94.1074,040121,,,,
$GPGGA,220040.43,3726.6376240,N,12215.4491300,W,1,0,0.0,120.0411,M,0.0000,M,0.0000,0
$GPRMC,220040.43,A,3726.6376240,N,12215.4491300,W,28.6862,95.5051,040121,,,,
$GPGGA,220041.43,3726.6359020,N,12215.4297620,W,1,0,0.0,119.2111,M,0.0000,M,0.0000,0
$GPRMC,220041.43,A,3726.6359020,N,12215.4297620,W,28.8013,97.2618,040121,,,,
$GPGGA,220042.43,3726.6336160,N,12215.4104000,W,1,0,0.0,118.3198,M,0.0000,M,0.0000,0
$GPRMC,220042.43,A,3726.6336160,N,12215.4104000,W,28.9451,99.4758,040121,,,,
$GPGGA,220043.43,3726.6307660,N,12215.3910680,W,1,0,0.0,117.3467,M,0.0000,M,0.0000,0
$GPRMC,220043.43,A,3726.6307660,N,12215.3910680,W,29.0817,101.1514,040121,,,,
$GPGGA,220044.43,3726.6274360,N,12215.3717600,W,1,0,0.0,116.2907,M,0.0000,M,0.0000,0
$GPRMC,220044.43,A,3726.6274360,N,12215.3717600,W,29.2107,103.3086,040121,,,,
$GPGGA,220045.43,3726.6235300,N,12215.3525180,W,1,0,0.0,115.1834,M,0.0000,M,0.0000,0
$GPRMC,220045.43,A,3726.6235300,N,12215.3525180,W,29.3652,105.0872,040121,,,,
$GPGGA,220046.43,3726.6191080,N,12215.3333480,W,1,0,0.0,113.9770,M,0.0000,M,0.0000,0
$GPRMC,220046.43,A,3726.6191080,N,12215.3333480,W,29.5312,107.0647,040121,,,,
$GPGGA,220047.43,3726.6141580,N,12215.3142500,W,1,0,0.0,112.7630,M,0.0000,M,0.0000,0
$GPRMC,220047.43,A,3726.6141580,N,12215.3142500,W,29.7104,108.6804,040121,,,,
$GPGGA,220048.43,3726.6087460,N,12215.2952180,W,1,0,0.0,111.5553,M,0.0000,M,0.0000,0
$GPRMC,220048.43,A,3726.6087460,N,12215.2952180,W,29.8976,110.5065,040121,,,,
$GPGGA,220049.43,3726.6027880,N,12215.2763300,W,1,0,0.0,110.3437,M,0.0000,M,0.0000,0
$GPRMC,220049.43,A,3726.6027880,N,12215.2763300,W,30.0168,112.4959,040121,,,,
$GPGGA,220050.43,3726.5963380,N,12215.2576460,W,1,0,0.0,109.1257,M,0.0000,M,0.0000,0
$GPRMC,220050.43,A,3726.5963380,N,12215.2576460,W,30.0577,114.2882,040121,,,,
$GPGGA,220051.43,3726.5893840,N,12215.2392200,W,1,0,0.0,107.9027,M,0.0000,M,0.0000,0
$GPRMC,220051.43,A,3726.5893840,N,12215.2392200,W,30.0770,116.3095,040121,,,,
$GPGGA,220052.43,3726.5819260,N,12215.2211120,W,1,0,0.0,106.6740,M,0.0000,M,0.0000,0
$GPRMC,220052.43,A,3726.5819260,N,12215.2211120,W,30.0543,118.2484,040121,,,,
$GPGGA,220053.43,3726.5739940,N,12215.2033400,W,1,0,0.0,105.4590,M,0.0000,M,0.0000,0
$GPRMC,220053.43,A,3726.5739940,N,12215.2033400,W,30.0282,120.1298,040121,,,,
$GPGGA,220054.43,3726.5655820,N,12215.1859460,W,1,0,0.0,104.2733,M,0.0000,M,0.0000,0
$GPRMC,220054.43,A,3726.5655820,N,12215.1859460,W,29.9998,122.1193,040121,,,,
$GPGGA,220055.43,3726.5567020,N,12215.1689360,W,1,0,0.0,103.0644,M,0.0000,M,0.0000,0
$GPRMC,220055.43,A,3726.5567020,N,12215.1689360,W,29.9793,124.1816,040121,,,,
$GPGGA,220056.43,3726.5473360,N,12215.1523640,W,1,0,0.0,101.8477,M,0.0000,M,0.0000,0
$GPRMC,220056.43,A,3726.5473360,N,12215.1523640,W,29.9613,126.3244,040121,,,,
$GPGGA,220057.43,3726.5375740,N,12215.1361760,W,1,0,0.0,100.7151,M,0.0000,M,0.0000,0
$GPRMC,220057.43,A,3726.5375740,N,12215.1361760,W,29.9063,127.6309,040121,,,,
$GPGGA,220058.43,3726.5274520,N,12215.1203660,W,1,0,0.0,99.5114,M,0.0000,M,0.0000,0
$GPRMC,220058.43,A,3726.5274520,N,12215.1203660,W,29.9872,129.6642,040121,,,,
$GPGGA,220059.43,3726.5167840,N,12215.1049400,W,1,0,0.0,98.2150,M,0.0000,M,0.0000,0
$GPRMC,220059.43,A,3726.5167840,N,12215.1049400,W,30.3293,132.0985,040121,,,,
$GPGGA,220100.43,3726.5055400,N,12215.0897660,W,1,0,0.0,97.0747,M,0.0000,M,0.0000,0
$GPRMC,220100.43,A,3726.5055400,N,12215.0897660,W,30.7442,133.3777,040121,,,,
$GPGGA,220101.43,3726.4939960,N,12215.0746100,W,1,0,0.0,95.9817,M,0.0000,M,0.0000,0
$GPRMC,220101.43,A,3726.4939960,N,12215.0746100,W,31.1166,133.8121,040121,,,,
$GPGGA,220102.43,3726.4822600,N,12215.0593160,W,1,0,0.0,94.7433,M,0.0000,M,0.0000,0
$GPRMC,220102.43,A,3726.4822600,N,12215.0593160,W,31.4982,133.7681,040121,,,,
$GPGGA,220103.43,3726.4704040,N,12215.0438360,W,1,0,0.0,93.4743,M,0.0000,M,0.0000,0
$GPRMC,220103.43,A,3726.4704040,N,12215.0438360,W,31.7956,133.8253,040121,,,,
$GPGGA,220104.43,3726.4584460,N,12215.0282420,W,1,0,0.0,92.2217,M,0.0000,M,0.0000,0
$GPRMC,220104.43,A,3726.4584460,N,12215.0282420,W,31.9935,133.8314,040121,,,,
$GPGGA,220105.43,3726.4464220,N,12215.0126060,W,1,0,0.0,90.9573,M,0.0000,M,0.0000,0
$GPRMC,220105.43,A,3726.4464220,N,12215.0126060,W,32.0790,133.9270,040121,,,,
$GPGGA,220106.43,3726.4343740,N,12214.9969400,W,1,0,0.0,89.6960,M,0.0000,M,0.0000,0
$GPRMC,220106.43,A,3726.4343740,N,12214.9969400,W,32.1143,133.8485,040121,,,,
$GPGGA,220107.43,3726.4223380,N,12214.9812740,W,1,0,0.0,88.3883,M,0.0000,M,0.0000,0
$GPRMC,220107.43,A,3726.4223380,N,12214.9812740,W,32.0517,133.8113,040121,,,,
$GPGGA,220108.43,3726.4103560,N,12214.9655960,W,1,0,0.0,87.1280,M,0.0000,M,0.0000,0
$GPRMC,220108.43,A,3726.4103560,N,12214.9655960,W,32.0191,133.6326,040121,,,,
$GPGGA,220109.43,3726.3983860,N,12214.9499360,W,1,0,0.0,85.8894,M,0.0000,M,0.0000,0
$GPRMC,220109.43,A,3726.3983860,N,12214.9499360,W,31.9532,133.7059,040121,,,,
$GPGGA,220110.43,3726.3864280,N,12214.9343360,W,1,0,0.0,84.6760,M,0.0000,M,0.0000,0
$GPRMC,220110.43,A,3726.3864280,N,12214.9343360,W,31.8971,133.9326,040121,,,,
$GPGGA,220111.43,3726.3744340,N,12214.9188080,W,1,0,0.0,83.3450,M,0.0000,M,0.0000,0
$GPRMC,220111.43,A,3726.3744340,N,12214.9188080,W,31.8667,134.1862,040121,,,,
$GPGGA,220112.43,3726.3623800,N,12214.9033940,W,1,0,0.0,81.9650,M,0.0000,M,0.0000,0
$GPRMC,220112.43,A,3726.3623800,N,12214.9033940,W,31.8277,134.5372,040121,,,,
$GPGGA,220113.43,3726.3502660,N,12214.8881240,W,1,0,0.0,80.6997,M,0.0000,M,0.0000,0
$GPRMC,220113.43,A,3726.3502660,N,12214.8881240,W,31.7345,135.0372,040121,,,,
$GPGGA,220114.43,3726.3381100,N,12214.8729680,W,1,0,0.0,79.3857,M,0.0000,M,0.0000,0
$GPRMC,220114.43,A,3726.3381100,N,12214.8729680,W,31.6653,135.0785,040121,,,,
$GPGGA,220115.43,3726.3260320,N,12214.8579440,W,1,0,0.0,78.1563,M,0.0000,M,0.0000,0
$GPRMC,220115.43,A,3726.3260320,N,12214.8579440,W,31.1399,135.1331,040121,,,,
$GPGGA,220116.43,3726.3142300,N,12214.8433160,W,1,0,0.0,76.8434,M,0.0000,M,0.0000,0
$GPRMC,220116.43,A,3726.3142300,N,12214.8433160,W,30.1397,135.5380,040121,,,,
$GPGGA,220117.43,3726.3028060,N,12214.8295940,W,1,0,0.0,75.8030,M,0.0000,M,0.0000,0
$GPRMC,220117.43,A,3726.3028060,N,12214.8295940,W,28.4120,137.2811,040121,,,,
$GPGGA,220118.43,3726.2916160,N,12214.8171980,W,1,0,0.0,74.6551,M,0.0000,M,0.0000,0
$GPRMC,220118.43,A,3726.2916160,N,12214.8171980,W,26.9586,139.4276,040121,,,,
$GPGGA,220119.43,3726.2806000,N,12214.8057140,W,1,0,0.0,73.5037,M,0.0000,M,0.0000,0
$GPRMC,220119.43,A,3726.2806000,N,12214.8057140,W,26.0624,140.5985,040121,,,,
$GPGGA,220120.43,3726.2698540,N,12214.7947280,W,1,0,0.0,72.4238,M,0.0000,M,0.0000,0
$GPRMC,220120.43,A,3726.2698540,N,12214.7947280,W,25.2933,140.6391,040121,,,,
$GPGGA,220121.43,3726.2593840,N,12214.7839400,W,1,0,0.0,71.3484,M,0.0000,M,0.0000,0
$GPRMC,220121.43,A,3726.2593840,N,12214.7839400,W,24.9533,140.2928,040121,,,,
$GPGGA,220122.43,3726.2490220,N,12214.7732000,W,1,0,0.0,70.3240,M,0.0000,M,0.0000,0
$GPRMC,220122.43,A,3726.2490220,N,12214.7732000,W,24.7807,140.4672,040121,,,,
$GPGGA,220123.43,3726.2387200,N,12214.7625620,W,1,0,0.0,69.3634,M,0.0000,M,0.0000,0
$GPRMC,220123.43,A,3726.2387200,N,12214.7625620,W,24.6216,140.5993,040121,,,,
$GPGGA,220124.43,3726.2284720,N,12214.7519660,W,1,0,0.0,68.3354,M,0.0000,M,0.0000,0
$GPRMC,220124.43,A,3726.2284720,N,12214.7519660,W,24.4886,140.5790,040121,,,,
$GPGGA,220125.43,3726.2184100,N,12214.7415080,W,1,0,0.0,67.3237,M,0.0000,M,0.0000,0
$GPRMC,220125.43,A,3726.2184100,N,12214.7415080,W,23.7742,140.2523,040121,,,,
$GPGGA,220126.43,3726.2087440,N,12214.7313620,W,1,0,0.0,66.2074,M,0.0000,M,0.0000,0
$GPRMC,220126.43,A,3726.2087440,N,12214.7313620,W,22.8224,140.1321,040121,,,,
$GPGGA,220127.43,3726.1995400,N,12214.7215400,W,1,0,0.0,65.0517,M,0.0000,M,0.0000,0
$GPRMC,220127.43,A,3726.1995400,N,12214.7215400,W,21.8386,139.1530,040121,,,,
$GPGGA,220128.43,3726.1909060,N,12214.7120360,W,1,0,0.0,63.8983,M,0.0000,M,0.0000,0
$GPRMC,220128.43,A,3726.1909060,N,12214.7120360,W,20.5657,138.3643,040121,,,,
$GPGGA,220129.43,3726.1829560,N,12214.7031440,W,1,0,0.0,62.8274,M,0.0000,M,0.0000,0
$GPRMC,220129.43,A,3726.1829560,N,12214.7031440,W,18.7270,138.2473,040121,,,,
$GPGGA,220130.43,3726.1758040,N,12214.6951940,W,1,0,0.0,61.8861,M,0.0000,M,0.0000,0
$GPRMC,220130.43,A,3726.1758040,N,12214.6951940,W,16.6567,138.4202,040121,,,,
$GPGGA,220131.43,3726.1695040,N,12214.6881620,W,1,0,0.0,61.0811,M,0.0000,M,0.0000,0
$GPRMC,220131.43,A,3726.1695040,N,12214.6881620,W,14.5539,138.1859,040121,,,,
$GPGGA,220132.43,3726.1639660,N,12214.6819820,W,1,0,0.0,60.3595,M,0.0000,M,0.0000,0
$GPRMC,220132.43,A,3726.1639660,N,12214.6819820,W,12.9066,138.3141,040121,,,,
$GPGGA,220133.43,3726.1590820,N,12214.6765100,W,1,0,0.0,59.7352,M,0.0000,M,0.0000,0
$GPRMC,220133.43,A,3726.1590820,N,12214.6765100,W,11.3649,138.1316,040121,,,,
$GPGGA,220134.43,3726.1547260,N,12214.6716140,W,1,0,0.0,59.2095,M,0.0000,M,0.0000,0
$GPRMC,220134.43,A,3726.1547260,N,12214.6716140,W,10.3537,138.1437,040121,,,,
$GPGGA,220135.43,3726.1505980,N,12214.6669940,W,1,0,0.0,58.7319,M,0.0000,M,0.0000,0
$GPRMC,220135.43,A,3726.1505980,N,12214.6669940,W,10.0646,138.3745,040121,,,,
$GPGGA,220136.43,3726.1466020,N,12214.6625780,W,1,0,0.0,58.2959,M,0.0000,M,0.0000,0
$GPRMC,220136.43,A,3726.1466020,N,12214.6625780,W,9.7666,138.6461,040121,,,,
$GPGGA,220137.43,3726.1426300,N,12214.6582100,W,1,0,0.0,57.9512,M,0.0000,M,0.0000,0
$GPRMC,220137.43,A,3726.1426300,N,12214.6582100,W,9.7826,138.8341,040121,,,,
$GPGGA,220138.43,3726.1386640,N,12214.6538960,W,1,0,0.0,57.6796,M,0.0000,M,0.0000,0
$GPRMC,220138.43,A,3726.1386640,N,12214.6538960,W,9.4994,138.9803,040121,,,,
$GPGGA,220139.43,3726.1348240,N,12214.6497440,W,1,0,0.0,57.4496,M,0.0000,M,0.0000,0
$GPRMC,220139.43,A,3726.1348240,N,12214.6497440,W,9.3375,139.3049,040121,,,,
$GPGGA,220140.43,3726.1310080,N,12214.6456460,W,1,0,0.0,57.2940,M,0.0000,M,0.0000,0
$GPRMC,220140.43,A,3726.1310080,N,12214.6456460,W,9.2583,139.4994,040121,,,,
$GPGGA,220141.43,3726.1272220,N,12214.6415840,W,1,0,0.0,57.1600,M,0.0000,M,0.0000,0
$GPRMC,220141.43,A,3726.1272220,N,12214.6415840,W,9.1710,139.3872,040121,,,,
$GPGGA,220142.43,3726.1235020,N,12214.6375280,W,1,0,0.0,57.0723,M,0.0000,M,0.0000,0
$GPRMC,220142.43,A,3726.1235020,N,12214.6375280,W,9.0608,138.8705,040121,,,,
$GPGGA,220143.43,3726.1198720,N,12214.6335260,W,1,0,0.0,56.9386,M,0.0000,M,0.0000,0
$GPRMC,220143.43,A,3726.1198720,N,12214.6335260,W,8.7451,138.7399,040121,,,,
$GPGGA,220144.43,3726.1164940,N,12214.6297100,W,1,0,0.0,56.8083,M,0.0000,M,0.0000,0
$GPRMC,220144.43,A,3726.1164940,N,12214.6297100,W,8.0368,137.4617,040121,,,,
$GPGGA,220145.43,3726.1136920,N,12214.6258820,W,1,0,0.0,56.6356,M,0.0000,M,0.0000,0
$GPRMC,220145.43,A,3726.1136920,N,12214.6258820,W,7.3717,129.8811,040121,,,,
$GPGGA,220146.43,3726.1117180,N,12214.6216340,W,1,0,0.0,56.4803,M,0.0000,M,0.0000,0
$GPRMC,220146.43,A,3726.1117180,N,12214.6216340,W,7.0969,116.7526,040121,,,,
$GPGGA,220147.43,3726.1107820,N,12214.6169600,W,1,0,0.0,56.3220,M,0.0000,M,0.0000,0
$GPRMC,220147.43,A,3726.1107820,N,12214.6169600,W,7.0677,99.3413,040121,,,,
$GPGGA,220148.43,3726.1112980,N,12214.6121900,W,1,0,0.0,56.1620,M,0.0000,M,0.0000,0
$GPRMC,220148.43,A,3726.1112980,N,12214.6121900,W,7.1336,76.2957,040121,,,,
$GPGGA,220149.43,3726.1130920,N,12214.6076780,W,1,0,0.0,55.9529,M,0.0000,M,0.0000,0
$GPRMC,220149.43,A,3726.1130920,N,12214.6076780,W,7.7523,61.3367,040121,,,,
$GPGGA,220150.43,3726.1153360,N,12214.6028960,W,1,0,0.0,55.6829,M,0.0000,M,0.0000,0
$GPRMC,220150.43,A,3726.1153360,N,12214.6028960,W,8.6286,59.0230,040121,,,,
$GPGGA,220151.43,3726.1178680,N,12214.5976160,W,1,0,0.0,55.3926,M,0.0000,M,0.0000,0
$GPRMC,220151.43,A,3726.1178680,N,12214.5976160,W,9.5402,59.2193,040121,,,,
$GPGGA,220152.43,3726.1205620,N,12214.5917900,W,1,0,0.0,55.0569,M,0.0000,M,0.0000,0
$GPRMC,220152.43,A,3726.1205620,N,12214.5917900,W,10.1850,59.8819,040121,,,,
$GPGGA,220153.43,3726.1233160,N,12214.5857660,W,1,0,0.0,54.7162,M,0.0000,M,0.0000,0
$GPRMC,220153.43,A,3726.1233160,N,12214.5857660,W,10.2929,60.0506,040121,,,,
$GPGGA,220154.43,3726.1261360,N,12214.5797180,W,1,0,0.0,54.3649,M,0.0000,M,0.0000,0
$GPRMC,220154.43,A,3726.1261360,N,12214.5797180,W,10.3842,59.4027,040121,,,,
$GPGGA,220155.43,3726.1290100,N,12214.5736040,W,1,0,0.0,54.0122,M,0.0000,M,0.0000,0
$GPRMC,220155.43,A,3726.1290100,N,12214.5736040,W,10.5136,59.1960,040121,,,,
$GPGGA,220156.43,3726.1318420,N,12214.5676820,W,1,0,0.0,53.6642,M,0.0000,M,0.0000,0
$GPRMC,220156.43,A,3726.1318420,N,12214.5676820,W,9.7080,59.2175,040121,,,,
$GPGGA,220157.43,3726.1343260,N,12214.5624320,W,1,0,0.0,53.3276,M,0.0000,M,0.0000,0
$GPRMC,220157.43,A,3726.1343260,N,12214.5624320,W,8.2251,59.4406,040121,,,,
$GPGGA,220158.43,3726.1363480,N,12214.5581060,W,1,0,0.0,53.0906,M,0.0000,M,0.0000,0
$GPRMC,220158.43,A,3726.1363480,N,12214.5581060,W,6.4896,59.5612,040121,,,,
$GPGGA,220159.43,3726.1378720,N,12214.5548840,W,1,0,0.0,52.9106,M,0.0000,M,0.0000,0
$GPRMC,220159.43,A,3726.1378720,N,12214.5548840,W,4.6121,59.2258,040121,,,,
$GPGGA,220200.43,3726.1389400,N,12214.5526940,W,1,0,0.0,52.7803,M,0.0000,M,0.0000,0
$GPRMC,220200.43,A,3726.1389400,N,12214.5526940,W,2.9162,58.8074,040121,,,,
$GPGGA,220201.43,3726.1395400,N,12214.5514760,W,1,0,0.0,52.7010,M,0.0000,M,0.0000,0
$GPRMC,220201.43,A,3726.1395400,N,12214.5514760,W,1.4415,58.5233,040121,,,,
$GPGGA,220202.43,3726.1397620,N,12214.5510140,W,1,0,0.0,52.6710,M,0.0000,M,0.0000,0
$GPRMC,220202.43,A,3726.1397620,N,12214.5510140,W,0.1688,58.4090,040121,,,,
$GPGGA,220203.43,3726.1397680,N,12214.5510140,W,1,0,0.0,52.6660,M,0.0000,M,0.0000,0
$GPRMC,220203.43,A,3726.1397680,N,12214.5510140,W,0.0008,58.4052,040121,,,,
$GPGGA,220204.43,3726.1397680,N,12214.5510140,W,1,0,0.0,52.6660,M,0.0000,M,0.0000,0
$GPRMC,220204.43,A,3726.1397680,N,12214.5510140,W,0.0013,58.4033,040121,,,,
$GPGGA,220205.43,3726.1397680,N,12214.5510140,W,1,0,0.0,52.6660,M,0.0000,M,0.0000,0
$GPRMC,220205.43,A,3726.1397680,N,12214.5510140,W,0.0007,58.4043,040121,,,,
$GPGGA,220206.43,3726.1397680,N,12214.5510080,W,1,0,0.0,52.6657,M,0.0000,M,0.0000,0
$GPRMC,220206.43,A,3726.1397680,N,12214.5510080,W,0.0003,58.4042,040121,,,,
$GPGGA,220207.43,3726.1397680,N,12214.5510080,W,1,0,0.0,52.6650,M,0.0000,M,0.0000,0
$GPRMC,220207.43,A,3726.1397680,N,12214.5510080,W,0.0003,58.4039,040121,,,,
$GPGGA,220208.43,3726.1397680,N,12214.5510080,W,1,0,0.0,52.6653,M,0.0000,M,0.0000,0
$GPRMC,220208.43,A,3726.1397680,N,12214.5510080,W,0.0011,58.4042,040121,,,,
$GPGGA,220209.43,3726.1397680,N,12214.5510140,W,1,0,0.0,52.6670,M,0.0000,M,0.0000,0
$GPRMC,220209.43,A,3726.1397680,N,12214.5510140,W,0.0005,58.4043,040121,,,,
$GPGGA,220210.43,3726.1397680,N,12214.5510140,W,1,0,0.0,52.6670,M,0.0000,M,0.0000,0
$GPRMC,220210.43,A,3726.1397680,N,12214.5510140,W,0.0013,58.4042,040121,,,,
$GPGGA,220211.43,3726.1397680,N,12214.5510140,W,1,0,0.0,52.6670,M,0.0000,M,0.0000,0
$GPRMC,220211.43,A,3726.1397680,N,12214.5510140,W,0.0000,58.4042,040121,,,,
$GPGGA,220212.43,3726.1397680,N,12214.5510140,W,1,0,0.0,52.6670,M,0.0000,M,0.0000,0
$GPRMC,220212.43,A,3726.1397680,N,12214.5510140,W,0.0010,58.4046,040121,,,,
$GPGGA,220213.43,3726.1397680,N,12214.5510140,W,1,0,0.0,52.6670,M,0.0000,M,0.0000,0
$GPRMC,220213.43,A,3726.1397680,N,12214.5510140,W,0.0018,58.4047,040121,,,,
$GPGGA,220214.43,3726.1397680,N,12214.5510140,W,1,0,0.0,52.6670,M,0.0000,M,0.0000,0
$GPRMC,220214.43,A,3726.1397680,N,12214.5510140,W,0.0020,58.4048,040121,,,,
$GPGGA,220215.43,3726.1397680,N,12214.5510140,W,1,0,0.0,52.6670,M,0.0000,M,0.0000,0
$GPRMC,220215.43,A,3726.1397680,N,12214.5510140,W,0.0015,58.4048,040121,,,,
$GPGGA,220216.43,3726.1397680,N,12214.5510140,W,1,0,0.0,52.6670,M,0.0000,M,0.0000,0
$GPRMC,220216.43,A,3726.1397680,N,12214.5510140,W,0.0022,58.4048,040121,,,,
$GPGGA,220217.43,3726.1397680,N,12214.5510080,W,1,0,0.0,52.6657,M,0.0000,M,0.0000,0
$GPRMC,220217.43,A,3726.1397680,N,12214.5510080,W,0.0021,58.4047,040121,,,,
$GPGGA,220218.43,3726.1397680,N,12214.5510080,W,1,0,0.0,52.6660,M,0.0000,M,0.0000,0
$GPRMC,220218.43,A,3726.1397680,N,12214.5510080,W,0.0020,58.4048,040121,,,,
$GPGGA,220219.43,3726.1397680,N,12214.5510080,W,1,0,0.0,52.6670,M,0.0000,M,0.0000,0
$GPRMC,220219.43,A,3726.1397680,N,12214.5510080,W,0.0017,58.4047,040121,,,,
$GPGGA,220220.43,3726.1398040,N,12214.5509480,W,1,0,0.0,52.6577,M,0.0000,M,0.0000,0
$GPRMC,220220.43,A,3726.1398040,N,12214.5509480,W,0.4351,58.3723,040121,,,,
$GPGGA,220221.43,3726.1401520,N,12214.5503240,W,1,0,0.0,52.6206,M,0.0000,M,0.0000,0
$GPRMC,220221.43,A,3726.1401520,N,12214.5503240,W,1.9090,56.8925,040121,,,,
$GPGGA,220222.43,3726.1411960,N,12214.5491000,W,1,0,0.0,52.5430,M,0.0000,M,0.0000,0
$GPRMC,220222.43,A,3726.1411960,N,12214.5491000,W,3.2776,45.1393,040121,,,,
$GPGGA,220223.43,3726.1432180,N,12214.5480080,W,1,0,0.0,52.4683,M,0.0000,M,0.0000,0
$GPRMC,220223.43,A,3726.1432180,N,12214.5480080,W,4.6681,23.2523,040121,,,,
$GPGGA,220224.43,3726.1462060,N,12214.5479120,W,1,0,0.0,52.3216,M,0.0000,M,0.0000,0
$GPRMC,220224.43,A,3726.1462060,N,12214.5479120,W,6.2601,358.4572,040121,,,,
$GPGGA,220225.43,3726.1498240,N,12214.5493640,W,1,0,0.0,52.1863,M,0.0000,M,0.0000,0
$GPRMC,220225.43,A,3726.1498240,N,12214.5493640,W,7.6457,337.3562,040121,,,,
$GPGGA,220226.43,3726.1532620,N,12214.5528620,W,1,0,0.0,52.0134,M,0.0000,M,0.0000,0
$GPRMC,220226.43,A,3726.1532620,N,12214.5528620,W,8.6573,314.5572,040121,,,,
$GPGGA,220227.43,3726.1558240,N,12214.5581240,W,1,0,0.0,52.2201,M,0.0000,M,0.0000,0
$GPRMC,220227.43,A,3726.1558240,N,12214.5581240,W,9.5224,298.1020,040121,,,,
$GPGGA,220228.43,3726.1583200,N,12214.5643340,W,1,0,0.0,52.5364,M,0.0000,M,0.0000,0
$GPRMC,220228.43,A,3726.1583200,N,12214.5643340,W,11.0034,296.3146,040121,,,,
$GPGGA,220229.43,3726.1611400,N,12214.5714080,W,1,0,0.0,52.9841,M,0.0000,M,0.0000,0
$GPRMC,220229.43,A,3726.1611400,N,12214.5714080,W,12.3624,296.4667,040121,,,,
$GPGGA,220230.43,3726.1642900,N,12214.5793040,W,1,0,0.0,53.5892,M,0.0000,M,0.0000,0
$GPRMC,220230.43,A,3726.1642900,N,12214.5793040,W,13.6551,296.5391,040121,,,,
$GPGGA,220231.43,3726.1677760,N,12214.5878900,W,1,0,0.0,54.2749,M,0.0000,M,0.0000,0
$GPRMC,220231.43,A,3726.1677760,N,12214.5878900,W,14.6347,296.9287,040121,,,,
$GPGGA,220232.43,3726.1714660,N,12214.5968600,W,1,0,0.0,55.1266,M,0.0000,M,0.0000,0
$GPRMC,220232.43,A,3726.1714660,N,12214.5968600,W,15.1829,297.3743,040121,,,,
$GPGGA,220233.43,3726.1753300,N,12214.6061540,W,1,0,0.0,56.0146,M,0.0000,M,0.0000,0
$GPRMC,220233.43,A,3726.1753300,N,12214.6061540,W,15.7331,297.4138,040121,,,,
$GPGGA,220234.43,3726.1793440,N,12214.6157660,W,1,0,0.0,56.8932,M,0.0000,M,0.0000,0
$GPRMC,220234.43,A,3726.1793440,N,12214.6157660,W,16.2390,297.6453,040121,,,,
$GPGGA,220235.43,3726.1835860,N,12214.6255760,W,1,0,0.0,57.8649,M,0.0000,M,0.0000,0
$GPRMC,220235.43,A,3726.1835860,N,12214.6255760,W,16.7129,298.9962,040121,,,,
$GPGGA,220236.43,3726.1882660,N,12214.6354400,W,1,0,0.0,58.8809,M,0.0000,M,0.0000,0
$GPRMC,220236.43,A,3726.1882660,N,12214.6354400,W,17.1632,301.9209,040121,,,,
$GPGGA,220237.43,3726.1935100,N,12214.6452140,W,1,0,0.0,59.8773,M,0.0000,M,0.0000,0
$GPRMC,220237.43,A,3726.1935100,N,12214.6452140,W,17.6146,305.3606,040121,,,,
$GPGGA,220238.43,3726.1993480,N,12214.6548020,W,1,0,0.0,60.9439,M,0.0000,M,0.0000,0
$GPRMC,220238.43,A,3726.1993480,N,12214.6548020,W,17.9590,308.7119,040121,,,,
$GPGGA,220239.43,3726.2056960,N,12214.6641500,W,1,0,0.0,62.0553,M,0.0000,M,0.0000,0
$GPRMC,220239.43,A,3726.2056960,N,12214.6641500,W,18.2637,311.2750,040121,,,,
$GPGGA,220240.43,3726.2123680,N,12214.6734020,W,1,0,0.0,63.1990,M,0.0000,M,0.0000,0
$GPRMC,220240.43,A,3726.2123680,N,12214.6734020,W,18.5312,312.4406,040121,,,,
$GPGGA,220241.43,3726.2192020,N,12214.6827260,W,1,0,0.0,64.3026,M,0.0000,M,0.0000,0
$GPRMC,220241.43,A,3726.2192020,N,12214.6827260,W,18.9023,312.3925,040121,,,,
$GPGGA,220242.43,3726.2262220,N,12214.6923440,W,1,0,0.0,65.3296,M,0.0000,M,0.0000,0
$GPRMC,220242.43,A,3726.2262220,N,12214.6923440,W,19.5859,312.3138,040121,,,,
$GPGGA,220243.43,3726.2334880,N,12214.7023340,W,1,0,0.0,66.2379,M,0.0000,M,0.0000,0
$GPRMC,220243.43,A,3726.2334880,N,12214.7023340,W,20.2623,312.3299,040121,,,,
$GPGGA,220244.43,3726.2410720,N,12214.7126300,W,1,0,0.0,67.1099,M,0.0000,M,0.0000,0
$GPRMC,220244.43,A,3726.2410720,N,12214.7126300,W,21.1659,312.9885,040121,,,,
$GPGGA,220245.43,3726.2491360,N,12214.7233100,W,1,0,0.0,68.0029,M,0.0000,M,0.0000,0
$GPRMC,220245.43,A,3726.2491360,N,12214.7233100,W,22.2491,313.5419,040121,,,,
$GPGGA,220246.43,3726.2576560,N,12214.7344580,W,1,0,0.0,68.9359,M,0.0000,M,0.0000,0
$GPRMC,220246.43,A,3726.2576560,N,12214.7344580,W,23.2041,313.9304,040121,,,,
$GPGGA,220247.43,3726.2665300,N,12214.7458280,W,1,0,0.0,69.9053,M,0.0000,M,0.0000,0
$GPRMC,220247.43,A,3726.2665300,N,12214.7458280,W,23.7647,314.5163,040121,,,,
$GPGGA,220248.43,3726.2756680,N,12214.7574080,W,1,0,0.0,70.9573,M,0.0000,M,0.0000,0
$GPRMC,220248.43,A,3726.2756680,N,12214.7574080,W,24.3402,314.6352,040121,,,,
$GPGGA,220249.43,3726.2850580,N,12214.7693660,W,1,0,0.0,71.9720,M,0.0000,M,0.0000,0
$GPRMC,220249.43,A,3726.2850580,N,12214.7693660,W,25.1927,314.2680,040121,,,,
$GPGGA,220250.43,3726.2946640,N,12214.7817860,W,1,0,0.0,73.0443,M,0.0000,M,0.0000,0
$GPRMC,220250.43,A,3726.2946640,N,12214.7817860,W,25.7847,314.0916,040121,,,,
$GPGGA,220251.43,3726.3044440,N,12214.7944340,W,1,0,0.0,74.1416,M,0.0000,M,0.0000,0
$GPRMC,220251.43,A,3726.3044440,N,12214.7944340,W,26.1966,313.7700,040121,,,,
$GPGGA,220252.43,3726.3143440,N,12214.8073280,W,1,0,0.0,75.2309,M,0.0000,M,0.0000,0
$GPRMC,220252.43,A,3726.3143440,N,12214.8073280,W,26.6730,313.9180,040121,,,,
$GPGGA,220253.43,3726.3244660,N,12214.8204020,W,1,0,0.0,76.3033,M,0.0000,M,0.0000,0
$GPRMC,220253.43,A,3726.3244660,N,12214.8204020,W,26.9302,314.0922,040121,,,,
$GPGGA,220254.43,3726.3345940,N,12214.8335360,W,1,0,0.0,77.3966,M,0.0000,M,0.0000,0
$GPRMC,220254.43,A,3726.3345940,N,12214.8335360,W,26.9739,313.6620,040121,,,,
$GPGGA,220255.43,3726.3446560,N,12214.8468920,W,1,0,0.0,78.4900,M,0.0000,M,0.0000,0
$GPRMC,220255.43,A,3726.3446560,N,12214.8468920,W,27.3417,312.9035,040121,,,,
$GPGGA,220256.43,3726.3547840,N,12214.8606440,W,1,0,0.0,79.6023,M,0.0000,M,0.0000,0
$GPRMC,220256.43,A,3726.3547840,N,12214.8606440,W,27.8568,312.4924,040121,,,,
$GPGGA,220257.43,3726.3651280,N,12214.8746000,W,1,0,0.0,80.7453,M,0.0000,M,0.0000,0
$GPRMC,220257.43,A,3726.3651280,N,12214.8746000,W,28.3370,313.2152,040121,,,,
$GPGGA,220258.43,3726.3757960,N,12214.8885560,W,1,0,0.0,81.8860,M,0.0000,M,0.0000,0
$GPRMC,220258.43,A,3726.3757960,N,12214.8885560,W,28.6921,313.9523,040121,,,,
$GPGGA,220259.43,3726.3866380,N,12214.9026200,W,1,0,0.0,83.0376,M,0.0000,M,0.0000,0
$GPRMC,220259.43,A,3726.3866380,N,12214.9026200,W,28.9893,313.7685,040121,,,,
$GPGGA,220300.43,3726.3975460,N,12214.9168640,W,1,0,0.0,84.2070,M,0.0000,M,0.0000,0
$GPRMC,220300.43,A,3726.3975460,N,12214.9168640,W,29.2721,313.7631,040121,,,,
$GPGGA,220301.43,3726.4085380,N,12214.9312160,W,1,0,0.0,85.4166,M,0.0000,M,0.0000,0
$GPRMC,220301.43,A,3726.4085380,N,12214.9312160,W,29.3545,313.7615,040121,,,,
$GPGGA,220302.43,3726.4195240,N,12214.9455560,W,1,0,0.0,86.6266,M,0.0000,M,0.0000,0
$GPRMC,220302.43,A,3726.4195240,N,12214.9455560,W,29.3267,313.7980,040121,,,,
$GPGGA,220303.43,3726.4305220,N,12214.9598900,W,1,0,0.0,87.7926,M,0.0000,M,0.0000,0
$GPRMC,220303.43,A,3726.4305220,N,12214.9598900,W,29.3471,313.8411,040121,,,,
$GPGGA,220304.43,3726.4415320,N,12214.9742180,W,1,0,0.0,88.9443,M,0.0000,M,0.0000,0
$GPRMC,220304.43,A,3726.4415320,N,12214.9742180,W,29.3598,313.8185,040121,,,,
$GPGGA,220305.43,3726.4525300,N,12214.9885820,W,1,0,0.0,90.1316,M,0.0000,M,0.0000,0
$GPRMC,220305.43,A,3726.4525300,N,12214.9885820,W,29.3733,313.6541,040121,,,,
$GPGGA,220306.43,3726.4635220,N,12215.0029460,W,1,0,0.0,91.2856,M,0.0000,M,0.0000,0
$GPRMC,220306.43,A,3726.4635220,N,12215.0029460,W,29.3836,313.7851,040121,,,,
$GPGGA,220307.43,3726.4745440,N,12215.0173040,W,1,0,0.0,92.4423,M,0.0000,M,0.0000,0
$GPRMC,220307.43,A,3726.4745440,N,12215.0173040,W,29.3907,313.9015,040121,,,,
$GPGGA,220308.43,3726.4856020,N,12215.0316020,W,1,0,0.0,93.6457,M,0.0000,M,0.0000,0
$GPRMC,220308.43,A,3726.4856020,N,12215.0316020,W,29.3493,313.9914,040121,,,,
$GPGGA,220309.43,3726.4965820,N,12215.0458760,W,1,0,0.0,94.9267,M,0.0000,M,0.0000,0
$GPRMC,220309.43,A,3726.4965820,N,12215.0458760,W,29.1320,313.7828,040121,,,,
$GPGGA,220310.43,3726.5074240,N,12215.0601020,W,1,0,0.0,96.2030,M,0.0000,M,0.0000,0
$GPRMC,220310.43,A,3726.5074240,N,12215.0601020,W,28.9178,313.7957,040121,,,,
$GPGGA,220311.43,3726.5182120,N,12215.0742020,W,1,0,0.0,97.4823,M,0.0000,M,0.0000,0
$GPRMC,220311.43,A,3726.5182120,N,12215.0742020,W,28.7097,313.6457,040121,,,,
$GPGGA,220312.43,3726.5287660,N,12215.0883860,W,1,0,0.0,98.6896,M,0.0000,M,0.0000,0
$GPRMC,220312.43,A,3726.5287660,N,12215.0883860,W,28.5489,312.1393,040121,,,,
$GPGGA,220313.43,3726.5389300,N,12215.1029180,W,1,0,0.0,99.8420,M,0.0000,M,0.0000,0
$GPRMC,220313.43,A,3726.5389300,N,12215.1029180,W,28.4717,310.3223,040121,,,,
$GPGGA,220314.43,3726.5486860,N,12215.1178220,W,1,0,0.0,100.9693,M,0.0000,M,0.0000,0
$GPRMC,220314.43,A,3726.5486860,N,12215.1178220,W,28.4206,308.5127,040121,,,,
$GPGGA,220315.43,3726.5580460,N,12215.1330380,W,1,0,0.0,102.1013,M,0.0000,M,0.0000,0
$GPRMC,220315.43,A,3726.5580460,N,12215.1330380,W,28.2409,306.7544,040121,,,,
$GPGGA,220316.43,3726.5669740,N,12215.1484880,W,1,0,0.0,103.2260,M,0.0000,M,0.0000,0
$GPRMC,220316.43,A,3726.5669740,N,12215.1484880,W,28.0203,305.0114,040121,,,,
$GPGGA,220317.43,3726.5754640,N,12215.1641540,W,1,0,0.0,104.3190,M,0.0000,M,0.0000,0
$GPRMC,220317.43,A,3726.5754640,N,12215.1641540,W,27.8757,303.2618,040121,,,,
$GPGGA,220318.43,3726.5834920,N,12215.1801080,W,1,0,0.0,105.4110,M,0.0000,M,0.0000,0
$GPRMC,220318.43,A,3726.5834920,N,12215.1801080,W,27.7446,301.2911,040121,,,,
$GPGGA,220319.43,3726.5911120,N,12215.1962660,W,1,0,0.0,106.5090,M,0.0000,M,0.0000,0
$GPRMC,220319.43,A,3726.5911120,N,12215.1962660,W,27.6370,299.8282,040121,,,,
$GPGGA,220320.43,3726.5983420,N,12215.2126400,W,1,0,0.0,107.5793,M,0.0000,M,0.0000,0
$GPRMC,220320.43,A,3726.5983420,N,12215.2126400,W,27.5866,298.0941,040121,,,,
$GPGGA,220321.43,3726.6051700,N,12215.2292540,W,1,0,0.0,108.6746,M,0.0000,M,0.0000,0
$GPRMC,220321.43,A,3726.6051700,N,12215.2292540,W,27.5402,296.4894,040121,,,,
$GPGGA,220322.43,3726.6115960,N,12215.2460960,W,1,0,0.0,109.7809,M,0.0000,M,0.0000,0
$GPRMC,220322.43,A,3726.6115960,N,12215.2460960,W,27.5357,294.7346,040121,,,,
$GPGGA,220323.43,3726.6176320,N,12215.2631660,W,1,0,0.0,110.8716,M,0.0000,M,0.0000,0
$GPRMC,220323.43,A,3726.6176320,N,12215.2631660,W,27.5395,293.0828,040121,,,,
$GPGGA,220324.43,3726.6232720,N,12215.2804460,W,1,0,0.0,111.9659,M,0.0000,M,0.0000,0
$GPRMC,220324.43,A,3726.6232720,N,12215.2804460,W,27.5461,291.4611,040121,,,,
$GPGGA,220325.43,3726.6285220,N,12215.2979360,W,1,0,0.0,113.0503,M,0.0000,M,0.0000,0
$GPRMC,220325.43,A,3726.6285220,N,12215.2979360,W,27.5761,289.7676,040121,,,,
$GPGGA,220326.43,3726.6333520,N,12215.3156420,W,1,0,0.0,114.1536,M,0.0000,M,0.0000,0
$GPRMC,220326.43,A,3726.6333520,N,12215.3156420,W,27.6116,287.9749,040121,,,,
$GPGGA,220327.43,3726.6377560,N,12215.3335400,W,1,0,0.0,115.2473,M,0.0000,M,0.0000,0
$GPRMC,220327.43,A,3726.6377560,N,12215.3335400,W,27.6365,286.3970,040121,,,,
$GPGGA,220328.43,3726.6417460,N,12215.3516060,W,1,0,0.0,116.3423,M,0.0000,M,0.0000,0
$GPRMC,220328.43,A,3726.6417460,N,12215.3516060,W,27.6553,284.4922,040121,,,,
$GPGGA,220329.43,3726.6452680,N,12215.3698280,W,1,0,0.0,117.4306,M,0.0000,M,0.0000,0
$GPRMC,220329.43,A,3726.6452680,N,12215.3698280,W,27.6608,282.6831,040121,,,,
$GPGGA,220330.43,3726.6483220,N,12215.3881940,W,1,0,0.0,118.4689,M,0.0000,M,0.0000,0
$GPRMC,220330.43,A,3726.6483220,N,12215.3881940,W,27.6729,281.1022,040121,,,,
$GPGGA,220331.43,3726.6510280,N,12215.4066380,W,1,0,0.0,119.4262,M,0.0000,M,0.0000,0
$GPRMC,220331.43,A,3726.6510280,N,12215.4066380,W,27.6220,279.6340,040121,,,,
$GPGGA,220332.43,3726.6533020,N,12215.4251120,W,1,0,0.0,120.3339,M,0.0000,M,0.0000,0
$GPRMC,220332.43,A,3726.6533020,N,12215.4251120,W,27.5350,277.9738,040121,,,,
$GPGGA,220333.43,3726.6551140,N,12215.4436340,W,1,0,0.0,121.1846,M,0.0000,M,0.0000,0
$GPRMC,220333.43,A,3726.6551140,N,12215.4436340,W,27.4886,276.1094,040121,,,,
$GPGGA,220334.43,3726.6564880,N,12215.4621860,W,1,0,0.0,121.9852,M,0.0000,M,0.0000,0
$GPRMC,220334.43,A,3726.6564880,N,12215.4621860,W,27.4779,274.4432,040121,,,,
$GPGGA,220335.43,3726.6573940,N,12215.4807920,W,1,0,0.0,122.7032,M,0.0000,M,0.0000,0
$GPRMC,220335.43,A,3726.6573940,N,12215.4807920,W,27.5100,272.5660,040121,,,,
$GPGGA,220336.43,3726.6578140,N,12215.4994520,W,1,0,0.0,123.3715,M,0.0000,M,0.0000,0
$GPRMC,220336.43,A,3726.6578140,N,12215.4994520,W,27.5569,270.6453,040121,,,,
$GPGGA,220337.43,3726.6577480,N,12215.5181600,W,1,0,0.0,123.9905,M,0.0000,M,0.0000,0
$GPRMC,220337.43,A,3726.6577480,N,12215.5181600,W,27.5865,268.8348,040121,,,,
$GPGGA,220338.43,3726.6572560,N,12215.5368560,W,1,0,0.0,124.5155,M,0.0000,M,0.0000,0
$GPRMC,220338.43,A,3726.6572560,N,12215.5368560,W,27.6156,267.2703,040121,,,,
$GPGGA,220339.43,3726.6563500,N,12215.5556180,W,1,0,0.0,124.9428,M,0.0000,M,0.0000,0
$GPRMC,220339.43,A,3726.6563500,N,12215.5556180,W,27.8496,265.8106,040121,,,,
$GPGGA,220340.43,3726.6551260,N,12215.5745300,W,1,0,0.0,125.2911,M,0.0000,M,0.0000,0
$GPRMC,220340.43,A,3726.6551260,N,12215.5745300,W,28.0964,264.8530,040121,,,,
$GPGGA,220341.43,3726.6536980,N,12215.5935260,W,1,0,0.0,125.5841,M,0.0000,M,0.0000,0
$GPRMC,220341.43,A,3726.6536980,N,12215.5935260,W,28.1512,264.2595,040121,,,,
$GPGGA,220342.43,3726.6521860,N,12215.6124920,W,1,0,0.0,125.7944,M,0.0000,M,0.0000,0
$GPRMC,220342.43,A,3726.6521860,N,12215.6124920,W,28.0740,264.2073,040121,,,,
$GPGGA,220343.43,3726.6506860,N,12215.6314040,W,1,0,0.0,125.9510,M,0.0000,M,0.0000,0
$GPRMC,220343.43,A,3726.6506860,N,12215.6314040,W,27.9942,264.2079,040121,,,,
$GPGGA,220344.43,3726.6491980,N,12215.6502680,W,1,0,0.0,126.0777,M,0.0000,M,0.0000,0
$GPRMC,220344.43,A,3726.6491980,N,12215.6502680,W,27.9275,264.1855,040121,,,,
$GPGGA,220345.43,3726.6476800,N,12215.6691680,W,1,0,0.0,126.2474,M,0.0000,M,0.0000,0
$GPRMC,220345.43,A,3726.6476800,N,12215.6691680,W,28.1229,264.0453,040121,,,,
$GPGGA,220346.43,3726.6460840,N,12215.6881640,W,1,0,0.0,126.4597,M,0.0000,M,0.0000,0
$GPRMC,220346.43,A,3726.6460840,N,12215.6881640,W,28.1915,263.8529,040121,,,,
$GPGGA,220347.43,3726.6445120,N,12215.7071840,W,1,0,0.0,126.6600,M,0.0000,M,0.0000,0
$GPRMC,220347.43,A,3726.6445120,N,12215.7071840,W,28.2166,264.2326,040121,,,,
$GPGGA,220348.43,3726.6430540,N,12215.7262280,W,1,0,0.0,126.8241,M,0.0000,M,0.0000,0
$GPRMC,220348.43,A,3726.6430540,N,12215.7262280,W,28.1728,264.4993,040121,,,,
$GPGGA,220349.43,3726.6416260,N,12215.7452060,W,1,0,0.0,126.9827,M,0.0000,M,0.0000,0
$GPRMC,220349.43,A,3726.6416260,N,12215.7452060,W,28.0866,264.4414,040121,,,,
$GPGGA,220350.43,3726.6401500,N,12215.7641360,W,1,0,0.0,127.1180,M,0.0000,M,0.0000,0
$GPRMC,220350.43,A,3726.6401500,N,12215.7641360,W,28.0267,264.0705,040121,,,,
$GPGGA,220351.43,3726.6385960,N,12215.7829340,W,1,0,0.0,127.2257,M,0.0000,M,0.0000,0
$GPRMC,220351.43,A,3726.6385960,N,12215.7829340,W,27.6927,264.0712,040121,,,,
$GPGGA,220352.43,3726.6371440,N,12215.8014860,W,1,0,0.0,127.3610,M,0.0000,M,0.0000,0
$GPRMC,220352.43,A,3726.6371440,N,12215.8014860,W,27.2663,264.4553,040121,,,,
$GPGGA,220353.43,3726.6357400,N,12215.8197440,W,1,0,0.0,127.4627,M,0.0000,M,0.0000,0
$GPRMC,220353.43,A,3726.6357400,N,12215.8197440,W,26.8560,264.2707,040121,,,,
$GPGGA,220354.43,3726.6344200,N,12215.8377440,W,1,0,0.0,127.5794,M,0.0000,M,0.0000,0
$GPRMC,220354.43,A,3726.6344200,N,12215.8377440,W,26.5298,265.2236,040121,,,,
$GPGGA,220355.43,3726.6333760,N,12215.8556840,W,1,0,0.0,127.6117,M,0.0000,M,0.0000,0
$GPRMC,220355.43,A,3726.6333760,N,12215.8556840,W,26.5806,266.3509,040121,,,,
$GPGGA,220356.43,3726.6327520,N,12215.8737500,W,1,0,0.0,127.5897,M,0.0000,M,0.0000,0
$GPRMC,220356.43,A,3726.6327520,N,12215.8737500,W,26.7840,268.4920,040121,,,,
$GPGGA,220357.43,3726.6325960,N,12215.8919720,W,1,0,0.0,127.5483,M,0.0000,M,0.0000,0
$GPRMC,220357.43,A,3726.6325960,N,12215.8919720,W,26.9680,269.9986,040121,,,,
$GPGGA,220358.43,3726.6328060,N,12215.9102720,W,1,0,0.0,127.4773,M,0.0000,M,0.0000,0
$GPRMC,220358.43,A,3726.6328060,N,12215.9102720,W,27.0014,271.4274,040121,,,,
$GPGGA,220359.43,3726.6334060,N,12215.9285420,W,1,0,0.0,127.3333,M,0.0000,M,0.0000,0
$GPRMC,220359.43,A,3726.6334060,N,12215.9285420,W,26.9360,273.1028,040121,,,,
$GPGGA,220400.43,3726.6344380,N,12215.9467400,W,1,0,0.0,127.1533,M,0.0000,M,0.0000,0
$GPRMC,220400.43,A,3726.6344380,N,12215.9467400,W,26.8710,274.8268,040121,,,,
$GPGGA,220401.43,3726.6358840,N,12215.9648240,W,1,0,0.0,126.9133,M,0.0000,M,0.0000,0
$GPRMC,220401.43,A,3726.6358840,N,12215.9648240,W,26.7509,276.3623,040121,,,,
$GPGGA,220402.43,3726.6376960,N,12215.9827700,W,1,0,0.0,126.6279,M,0.0000,M,0.0000,0
$GPRMC,220402.43,A,3726.6376960,N,12215.9827700,W,26.6459,277.7157,040121,,,,
$GPGGA,220403.43,3726.6398020,N,12216.0006200,W,1,0,0.0,126.3049,M,0.0000,M,0.0000,0
$GPRMC,220403.43,A,3726.6398020,N,12216.0006200,W,26.5774,278.9022,040121,,,,
$GPGGA,220404.43,3726.6421900,N,12216.0183560,W,1,0,0.0,125.9442,M,0.0000,M,0.0000,0
$GPRMC,220404.43,A,3726.6421900,N,12216.0183560,W,26.4823,280.1028,040121,,,,
$GPGGA,220405.43,3726.6449260,N,12216.0359240,W,1,0,0.0,125.5812,M,0.0000,M,0.0000,0
$GPRMC,220405.43,A,3726.6449260,N,12216.0359240,W,26.3090,281.8606,040121,,,,
$GPGGA,220406.43,3726.6480760,N,12216.0532520,W,1,0,0.0,125.1869,M,0.0000,M,0.0000,0
$GPRMC,220406.43,A,3726.6480760,N,12216.0532520,W,26.1403,283.4488,040121,,,,
$GPGGA,220407.43,3726.6515380,N,12216.0703760,W,1,0,0.0,124.8302,M,0.0000,M,0.0000,0
$GPRMC,220407.43,A,3726.6515380,N,12216.0703760,W,25.9830,284.7346,040121,,,,
$GPGGA,220408.43,3726.6553180,N,12216.0872780,W,1,0,0.0,124.4692,M,0.0000,M,0.0000,0
$GPRMC,220408.43,A,3726.6553180,N,12216.0872780,W,25.8091,286.5279,040121,,,,
$GPGGA,220409.43,3726.6595300,N,12216.1038980,W,1,0,0.0,124.0882,M,0.0000,M,0.0000,0
$GPRMC,220409.43,A,3726.6595300,N,12216.1038980,W,25.6413,288.3614,040121,,,,
$GPGGA,220410.43,3726.6641020,N,12216.1202540,W,1,0,0.0,123.7149,M,0.0000,M,0.0000,0
$GPRMC,220410.43,A,3726.6641020,N,12216.1202540,W,25.4905,289.8463,040121,,,,
$GPGGA,220411.43,3726.6689260,N,12216.1363880,W,1,0,0.0,123.3432,M,0.0000,M,0.0000,0
$GPRMC,220411.43,A,3726.6689260,N,12216.1363880,W,25.3421,290.9879,040121,,,,
$GPGGA,220412.43,3726.6739900,N,12216.1523060,W,1,0,0.0,122.9439,M,0.0000,M,0.0000,0
$GPRMC,220412.43,A,3726.6739900,N,12216.1523060,W,25.2260,292.2097,040121,,,,
$GPGGA,220413.43,3726.6793120,N,12216.1680140,W,1,0,0.0,122.5169,M,0.0000,M,0.0000,0
$GPRMC,220413.43,A,3726.6793120,N,12216.1680140,W,25.1534,293.6967,040121,,,,
$GPGGA,220414.43,3726.6849760,N,12216.1834940,W,1,0,0.0,122.1873,M,0.0000,M,0.0000,0
$GPRMC,220414.43,A,3726.6849760,N,12216.1834940,W,25.1125,295.2096,040121,,,,
$GPGGA,220415.43,3726.6909520,N,12216.1987700,W,1,0,0.0,121.8733,M,0.0000,M,0.0000,0
$GPRMC,220415.43,A,3726.6909520,N,12216.1987700,W,25.1228,296.7019,040121,,,,
$GPGGA,220416.43,3726.6972580,N,12216.2138900,W,1,0,0.0,121.5222,M,0.0000,M,0.0000,0
$GPRMC,220416.43,A,3726.6972580,N,12216.2138900,W,25.2279,298.1476,040121,,,,
$GPGGA,220417.43,3726.7038640,N,12216.2289140,W,1,0,0.0,121.1746,M,0.0000,M,0.0000,0
$GPRMC,220417.43,A,3726.7038640,N,12216.2289140,W,25.3825,299.3180,040121,,,,
$GPGGA,220418.43,3726.7107940,N,12216.2438240,W,1,0,0.0,120.9023,M,0.0000,M,0.0000,0
$GPRMC,220418.43,A,3726.7107940,N,12216.2438240,W,25.5364,300.8230,040121,,,,
$GPGGA,220419.43,3726.7180180,N,12216.2586380,W,1,0,0.0,120.6966,M,0.0000,M,0.0000,0
$GPRMC,220419.43,A,3726.7180180,N,12216.2586380,W,25.6825,301.8842,040121,,,,
$GPGGA,220420.43,3726.7255240,N,12216.2733260,W,1,0,0.0,120.5593,M,0.0000,M,0.0000,0
$GPRMC,220420.43,A,3726.7255240,N,12216.2733260,W,25.7981,303.2253,040121,,,,
$GPGGA,220421.43,3726.7333960,N,12216.2878100,W,1,0,0.0,120.4667,M,0.0000,M,0.0000,0
$GPRMC,220421.43,A,3726.7333960,N,12216.2878100,W,25.9074,305.0926,040121,,,,
$GPGGA,220422.43,3726.7416640,N,12216.3020180,W,1,0,0.0,120.4367,M,0.0000,M,0.0000,0
$GPRMC,220422.43,A,3726.7416640,N,12216.3020180,W,25.9970,306.8582,040121,,,,
$GPGGA,220423.43,3726.7502800,N,12216.3159800,W,1,0,0.0,120.4790,M,0.0000,M,0.0000,0
$GPRMC,220423.43,A,3726.7502800,N,12216.3159800,W,26.0597,308.2806,040121,,,,
$GPGGA,220424.43,3726.7591720,N,12216.3296840,W,1,0,0.0,120.6314,M,0.0000,M,0.0000,0
$GPRMC,220424.43,A,3726.7591720,N,12216.3296840,W,26.0605,309.7662,040121,,,,
$GPGGA,220425.43,3726.7682680,N,12216.3431240,W,1,0,0.0,120.8447,M,0.0000,M,0.0000,0
$GPRMC,220425.43,A,3726.7682680,N,12216.3431240,W,25.9303,310.6056,040121,,,,
$GPGGA,220426.43,3726.7774360,N,12216.3563480,W,1,0,0.0,121.0998,M,0.0000,M,0.0000,0
$GPRMC,220426.43,A,3726.7774360,N,12216.3563480,W,25.7694,311.0651,040121,,,,
$GPGGA,220427.43,3726.7865980,N,12216.3694460,W,1,0,0.0,121.4258,M,0.0000,M,0.0000,0
$GPRMC,220427.43,A,3726.7865980,N,12216.3694460,W,25.5995,311.2266,040121,,,,
$GPGGA,220428.43,3726.7957120,N,12216.3824420,W,1,0,0.0,121.7744,M,0.0000,M,0.0000,0
$GPRMC,220428.43,A,3726.7957120,N,12216.3824420,W,25.4581,311.1870,040121,,,,
$GPGGA,220429.43,3726.8047300,N,12216.3954080,W,1,0,0.0,122.1601,M,0.0000,M,0.0000,0
$GPRMC,220429.43,A,3726.8047300,N,12216.3954080,W,25.2978,310.8467,040121,,,,
$GPGGA,220430.43,3726.8136580,N,12216.4083260,W,1,0,0.0,122.6065,M,0.0000,M,0.0000,0
$GPRMC,220430.43,A,3726.8136580,N,12216.4083260,W,25.1434,310.7498,040121,,,,
$GPGGA,220431.43,3726.8225500,N,12216.4211540,W,1,0,0.0,123.0815,M,0.0000,M,0.0000,0
$GPRMC,220431.43,A,3726.8225500,N,12216.4211540,W,24.9810,311.0943,040121,,,,
$GPGGA,220432.43,3726.8314240,N,12216.4338260,W,1,0,0.0,123.6171,M,0.0000,M,0.0000,0
$GPRMC,220432.43,A,3726.8314240,N,12216.4338260,W,24.7869,311.3014,040121,,,,
$GPGGA,220433.43,3726.8402560,N,12216.4463900,W,1,0,0.0,124.2168,M,0.0000,M,0.0000,0
$GPRMC,220433.43,A,3726.8402560,N,12216.4463900,W,24.6145,311.3553,040121,,,,
$GPGGA,220434.43,3726.8490160,N,12216.4588640,W,1,0,0.0,124.8545,M,0.0000,M,0.0000,0
$GPRMC,220434.43,A,3726.8490160,N,12216.4588640,W,24.4174,311.1688,040121,,,,
$GPGGA,220435.43,3726.8576860,N,12216.4713080,W,1,0,0.0,125.5388,M,0.0000,M,0.0000,0
$GPRMC,220435.43,A,3726.8576860,N,12216.4713080,W,24.3437,311.0031,040121,,,,
$GPGGA,220436.43,3726.8663500,N,12216.4837400,W,1,0,0.0,126.2275,M,0.0000,M,0.0000,0
$GPRMC,220436.43,A,3726.8663500,N,12216.4837400,W,24.3853,311.1190,040121,,,,
$GPGGA,220437.43,3726.8750440,N,12216.4961840,W,1,0,0.0,126.9249,M,0.0000,M,0.0000,0
$GPRMC,220437.43,A,3726.8750440,N,12216.4961840,W,24.3650,311.0825,040121,,,,
$GPGGA,220438.43,3726.8836780,N,12216.5085680,W,1,0,0.0,127.6398,M,0.0000,M,0.0000,0
$GPRMC,220438.43,A,3726.8836780,N,12216.5085680,W,24.1880,311.1292,040121,,,,
$GPGGA,220439.43,3726.8923120,N,12216.5208680,W,1,0,0.0,128.3405,M,0.0000,M,0.0000,0
$GPRMC,220439.43,A,3726.8923120,N,12216.5208680,W,24.1655,311.4444,040121,,,,
$GPGGA,220440.43,3726.9009760,N,12216.5331440,W,1,0,0.0,129.0515,M,0.0000,M,0.0000,0
$GPRMC,220440.43,A,3726.9009760,N,12216.5331440,W,24.1852,311.4300,040121,,,,
$GPGGA,220441.43,3726.9096580,N,12216.5454440,W,1,0,0.0,129.7408,M,0.0000,M,0.0000,0
$GPRMC,220441.43,A,3726.9096580,N,12216.5454440,W,24.3267,311.4133,040121,,,,
$GPGGA,220442.43,3726.9184120,N,12216.5578520,W,1,0,0.0,130.4372,M,0.0000,M,0.0000,0
$GPRMC,220442.43,A,3726.9184120,N,12216.5578520,W,24.5432,311.3774,040121,,,,
$GPGGA,220443.43,3726.9272200,N,12216.5704280,W,1,0,0.0,131.1405,M,0.0000,M,0.0000,0
$GPRMC,220443.43,A,3726.9272200,N,12216.5704280,W,24.8350,311.0333,040121,,,,
$GPGGA,220444.43,3726.9360460,N,12216.5832380,W,1,0,0.0,131.8475,M,0.0000,M,0.0000,0
$GPRMC,220444.43,A,3726.9360460,N,12216.5832380,W,25.1110,310.5300,040121,,,,
$GPGGA,220445.43,3726.9448960,N,12216.5962640,W,1,0,0.0,132.5712,M,0.0000,M,0.0000,0
$GPRMC,220445.43,A,3726.9448960,N,12216.5962640,W,25.3056,310.2667,040121,,,,
$GPGGA,220446.43,3726.9537460,N,12216.6093200,W,1,0,0.0,133.2612,M,0.0000,M,0.0000,0
$GPRMC,220446.43,A,3726.9537460,N,12216.6093200,W,25.2324,310.3287,040121,,,,
$GPGGA,220447.43,3726.9625660,N,12216.6223280,W,1,0,0.0,133.9035,M,0.0000,M,0.0000,0
$GPRMC,220447.43,A,3726.9625660,N,12216.6223280,W,25.1272,310.2255,040121,,,,
$GPGGA,220448.43,3726.9713080,N,12216.6353180,W,1,0,0.0,134.5145,M,0.0000,M,0.0000,0
$GPRMC,220448.43,A,3726.9713080,N,12216.6353180,W,24.9951,310.0499,040121,,,,
$GPGGA,220449.43,3726.9799540,N,12216.6482540,W,1,0,0.0,135.0418,M,0.0000,M,0.0000,0
$GPRMC,220449.43,A,3726.9799540,N,12216.6482540,W,24.8117,309.8481,040121,,,,
$GPGGA,220450.43,3726.9885400,N,12216.6611180,W,1,0,0.0,135.4634,M,0.0000,M,0.0000,0
$GPRMC,220450.43,A,3726.9885400,N,12216.6611180,W,24.6792,309.7633,040121,,,,
$GPGGA,220451.43,3726.9970720,N,12216.6739880,W,1,0,0.0,135.9124,M,0.0000,M,0.0000,0
$GPRMC,220451.43,A,3726.9970720,N,12216.6739880,W,24.7141,309.5346,040121,,,,
$GPGGA,220452.43,3727.0055740,N,12216.6869000,W,1,0,0.0,136.3068,M,0.0000,M,0.0000,0
$GPRMC,220452.43,A,3727.0055740,N,12216.6869000,W,24.6702,309.4221,040121,,,,
$GPGGA,220453.43,3727.0140580,N,12216.6997700,W,1,0,0.0,136.6568,M,0.0000,M,0.0000,0
$GPRMC,220453.43,A,3727.0140580,N,12216.6997700,W,24.5577,309.5804,040121,,,,
$GPGGA,220454.43,3727.0225120,N,12216.7125380,W,1,0,0.0,137.1477,M,0.0000,M,0.0000,0
$GPRMC,220454.43,A,3727.0225120,N,12216.7125380,W,24.4207,309.6905,040121,,,,
$GPGGA,220455.43,3727.0309540,N,12216.7252520,W,1,0,0.0,137.4111,M,0.0000,M,0.0000,0
$GPRMC,220455.43,A,3727.0309540,N,12216.7252520,W,24.3966,309.7243,040121,,,,
$GPGGA,220456.43,3727.0394080,N,12216.7379720,W,1,0,0.0,137.6754,M,0.0000,M,0.0000,0
$GPRMC,220456.43,A,3727.0394080,N,12216.7379720,W,24.4706,309.6091,040121,,,,
$GPGGA,220457.43,3727.0478620,N,12216.7508120,W,1,0,0.0,137.8380,M,0.0000,M,0.0000,0
$GPRMC,220457.43,A,3727.0478620,N,12216.7508120,W,24.6625,309.3704,040121,,,,
$GPGGA,220458.43,3727.0563700,N,12216.7637840,W,1,0,0.0,137.9720,M,0.0000,M,0.0000,0
$GPRMC,220458.43,A,3727.0563700,N,12216.7637840,W,24.8847,309.3405,040121,,,,
$GPGGA,220459.43,3727.0649380,N,12216.7768340,W,1,0,0.0,138.0163,M,0.0000,M,0.0000,0
$GPRMC,220459.43,A,3727.0649380,N,12216.7768340,W,24.9312,309.4800,040121,,,,
$GPGGA,220500.43,3727.0735180,N,12216.7898600,W,1,0,0.0,138.0367,M,0.0000,M,0.0000,0
$GPRMC,220500.43,A,3727.0735180,N,12216.7898600,W,24.9145,309.4307,040121,,,,
$GPGGA,220501.43,3727.0820920,N,12216.8029040,W,1,0,0.0,138.0630,M,0.0000,M,0.0000,0
$GPRMC,220501.43,A,3727.0820920,N,12216.8029040,W,24.9671,309.3976,040121,,,,
$GPGGA,220502.43,3727.0907140,N,12216.8160140,W,1,0,0.0,138.0490,M,0.0000,M,0.0000,0
$GPRMC,220502.43,A,3727.0907140,N,12216.8160140,W,25.1637,309.4992,040121,,,,
$GPGGA,220503.43,3727.0994260,N,12216.8291540,W,1,0,0.0,137.9983,M,0.0000,M,0.0000,0
$GPRMC,220503.43,A,3727.0994260,N,12216.8291540,W,25.2184,309.6404,040121,,,,
$GPGGA,220504.43,3727.1081560,N,12216.8423360,W,1,0,0.0,137.8556,M,0.0000,M,0.0000,0
$GPRMC,220504.43,A,3727.1081560,N,12216.8423360,W,25.3615,309.4511,040121,,,,
$GPGGA,220505.43,3727.1169040,N,12216.8556740,W,1,0,0.0,137.7350,M,0.0000,M,0.0000,0
$GPRMC,220505.43,A,3727.1169040,N,12216.8556740,W,25.5922,309.2405,040121,,,,
$GPGGA,220506.43,3727.1257360,N,12216.8691380,W,1,0,0.0,137.5383,M,0.0000,M,0.0000,0
$GPRMC,220506.43,A,3727.1257360,N,12216.8691380,W,25.8236,309.4493,040121,,,,
$GPGGA,220507.43,3727.1346760,N,12216.8826800,W,1,0,0.0,137.2653,M,0.0000,M,0.0000,0
$GPRMC,220507.43,A,3727.1346760,N,12216.8826800,W,26.0573,309.4712,040121,,,,
$GPGGA,220508.43,3727.1436940,N,12216.8963780,W,1,0,0.0,136.9799,M,0.0000,M,0.0000,0
$GPRMC,220508.43,A,3727.1436940,N,12216.8963780,W,26.3335,309.4849,040121,,,,
$GPGGA,220509.43,3727.1528200,N,12216.9102140,W,1,0,0.0,136.6156,M,0.0000,M,0.0000,0
$GPRMC,220509.43,A,3727.1528200,N,12216.9102140,W,26.6328,309.4803,040121,,,,
$GPGGA,220510.43,3727.1620300,N,12216.9242360,W,1,0,0.0,136.2286,M,0.0000,M,0.0000,0
$GPRMC,220510.43,A,3727.1620300,N,12216.9242360,W,26.9443,309.2798,040121,,,,
$GPGGA,220511.43,3727.1713180,N,12216.9384140,W,1,0,0.0,135.7945,M,0.0000,M,0.0000,0
$GPRMC,220511.43,A,3727.1713180,N,12216.9384140,W,27.1719,309.3551,040121,,,,
$GPGGA,220512.43,3727.1806900,N,12216.9526640,W,1,0,0.0,135.3009,M,0.0000,M,0.0000,0
$GPRMC,220512.43,A,3727.1806900,N,12216.9526640,W,27.3112,309.3471,040121,,,,
$GPGGA,220513.43,3727.1900860,N,12216.9670160,W,1,0,0.0,134.7562,M,0.0000,M,0.0000,0
$GPRMC,220513.43,A,3727.1900860,N,12216.9670160,W,27.4462,309.1877,040121,,,,
$GPGGA,220514.43,3727.1995000,N,12216.9814580,W,1,0,0.0,134.1498,M,0.0000,M,0.0000,0
$GPRMC,220514.43,A,3727.1995000,N,12216.9814580,W,27.5710,309.1273,040121,,,,
$GPGGA,220515.43,3727.2089380,N,12216.9959420,W,1,0,0.0,133.5555,M,0.0000,M,0.0000,0
$GPRMC,220515.43,A,3727.2089380,N,12216.9959420,W,27.5977,309.1902,040121,,,,
$GPGGA,220516.43,3727.2183940,N,12217.0104200,W,1,0,0.0,132.9495,M,0.0000,M,0.0000,0
$GPRMC,220516.43,A,3727.2183940,N,12217.0104200,W,27.6085,309.2952,040121,,,,
$GPGGA,220517.43,3727.2278800,N,12217.0248740,W,1,0,0.0,132.3495,M,0.0000,M,0.0000,0
$GPRMC,220517.43,A,3727.2278800,N,12217.0248740,W,27.5879,309.4154,040121,,,,
$GPGGA,220518.43,3727.2373600,N,12217.0392620,W,1,0,0.0,131.7418,M,0.0000,M,0.0000,0
$GPRMC,220518.43,A,3727.2373600,N,12217.0392620,W,27.4523,309.5176,040121,,,,
$GPGGA,220519.43,3727.2467920,N,12217.0535600,W,1,0,0.0,131.1282,M,0.0000,M,0.0000,0
$GPRMC,220519.43,A,3727.2467920,N,12217.0535600,W,27.2876,309.4964,040121,,,,
$GPGGA,220520.43,3727.2561580,N,12217.0677920,W,1,0,0.0,130.5129,M,0.0000,M,0.0000,0
$GPRMC,220520.43,A,3727.2561580,N,12217.0677920,W,27.1126,309.3019,040121,,,,
$GPGGA,220521.43,3727.2654100,N,12217.0819700,W,1,0,0.0,129.9335,M,0.0000,M,0.0000,0
$GPRMC,220521.43,A,3727.2654100,N,12217.0819700,W,26.9445,309.1909,040121,,,,
$GPGGA,220522.43,3727.2746140,N,12217.0960580,W,1,0,0.0,129.3448,M,0.0000,M,0.0000,0
$GPRMC,220522.43,A,3727.2746140,N,12217.0960580,W,26.7678,309.2454,040121,,,,
$GPGGA,220523.43,3727.2837760,N,12217.1100260,W,1,0,0.0,128.7549,M,0.0000,M,0.0000,0
$GPRMC,220523.43,A,3727.2837760,N,12217.1100260,W,26.6320,309.4203,040121,,,,
$GPGGA,220524.43,3727.2929620,N,12217.1239520,W,1,0,0.0,128.1772,M,0.0000,M,0.0000,0
$GPRMC,220524.43,A,3727.2929620,N,12217.1239520,W,26.6773,309.6270,040121,,,,
$GPGGA,220525.43,3727.3022080,N,12217.1378720,W,1,0,0.0,127.5769,M,0.0000,M,0.0000,0
$GPRMC,220525.43,A,3727.3022080,N,12217.1378720,W,26.7684,309.6884,040121,,,,
$GPGGA,220526.43,3727.3114660,N,12217.1518640,W,1,0,0.0,126.9608,M,0.0000,M,0.0000,0
$GPRMC,220526.43,A,3727.3114660,N,12217.1518640,W,26.8462,309.4312,040121,,,,
$GPGGA,220527.43,3727.3206880,N,12217.1659460,W,1,0,0.0,126.3582,M,0.0000,M,0.0000,0
$GPRMC,220527.43,A,3727.3206880,N,12217.1659460,W,26.9145,309.1813,040121,,,,
$GPGGA,220528.43,3727.3298920,N,12217.1800700,W,1,0,0.0,125.7575,M,0.0000,M,0.0000,0
$GPRMC,220528.43,A,3727.3298920,N,12217.1800700,W,26.8672,309.0774,040121,,,,
$GPGGA,220529.43,3727.3390720,N,12217.1941460,W,1,0,0.0,125.0922,M,0.0000,M,0.0000,0
$GPRMC,220529.43,A,3727.3390720,N,12217.1941460,W,26.7549,309.4016,040121,,,,
$GPGGA,220530.43,3727.3482820,N,12217.2080780,W,1,0,0.0,124.4075,M,0.0000,M,0.0000,0
$GPRMC,220530.43,A,3727.3482820,N,12217.2080780,W,26.6321,309.6433,040121,,,,
$GPGGA,220531.43,3727.3575100,N,12217.2218900,W,1,0,0.0,123.7705,M,0.0000,M,0.0000,0
$GPRMC,220531.43,A,3727.3575100,N,12217.2218900,W,26.4924,310.2239,040121,,,,
$GPGGA,220532.43,3727.3668940,N,12217.2353720,W,1,0,0.0,123.2599,M,0.0000,M,0.0000,0
$GPRMC,220532.43,A,3727.3668940,N,12217.2353720,W,26.3294,311.8436,040121,,,,
$GPGGA,220533.43,3727.3765480,N,12217.2484820,W,1,0,0.0,122.8739,M,0.0000,M,0.0000,0
$GPRMC,220533.43,A,3727.3765480,N,12217.2484820,W,26.3083,313.3548,040121,,,,
$GPGGA,220534.43,3727.3864780,N,12217.2612260,W,1,0,0.0,122.5753,M,0.0000,M,0.0000,0
$GPRMC,220534.43,A,3727.3864780,N,12217.2612260,W,26.2716,315.0298,040121,,,,
$GPGGA,220535.43,3727.3967080,N,12217.2735680,W,1,0,0.0,122.4136,M,0.0000,M,0.0000,0
$GPRMC,220535.43,A,3727.3967080,N,12217.2735680,W,26.2567,317.0454,040121,,,,
$GPGGA,220536.43,3727.4073160,N,12217.2854120,W,1,0,0.0,122.2823,M,0.0000,M,0.0000,0
$GPRMC,220536.43,A,3727.4073160,N,12217.2854120,W,26.2914,319.2892,040121,,,,
$GPGGA,220537.43,3727.4182180,N,12217.2968180,W,1,0,0.0,122.2500,M,0.0000,M,0.0000,0
$GPRMC,220537.43,A,3727.4182180,N,12217.2968180,W,26.2016,320.8083,040121,,,,
$GPGGA,220538.43,3727.4292820,N,12217.3077680,W,1,0,0.0,122.3307,M,0.0000,M,0.0000,0
$GPRMC,220538.43,A,3727.4292820,N,12217.3077680,W,25.9013,322.1946,040121,,,,
$GPGGA,220539.43,3727.4403640,N,12217.3182740,W,1,0,0.0,122.5127,M,0.0000,M,0.0000,0
$GPRMC,220539.43,A,3727.4403640,N,12217.3182740,W,25.4927,323.4326,040121,,,,
$GPGGA,220540.43,3727.4514880,N,12217.3282820,W,1,0,0.0,122.7944,M,0.0000,M,0.0000,0
$GPRMC,220540.43,A,3727.4514880,N,12217.3282820,W,25.1580,325.0114,040121,,,,
$GPGGA,220541.43,3727.4626780,N,12217.3377740,W,1,0,0.0,123.1874,M,0.0000,M,0.0000,0
$GPRMC,220541.43,A,3727.4626780,N,12217.3377740,W,24.8491,326.5987,040121,,,,
$GPGGA,220542.43,3727.4739760,N,12217.3467680,W,1,0,0.0,123.5931,M,0.0000,M,0.0000,0
$GPRMC,220542.43,A,3727.4739760,N,12217.3467680,W,24.6865,328.3207,040121,,,,
$GPGGA,220543.43,3727.4854180,N,12217.3553060,W,1,0,0.0,124.0965,M,0.0000,M,0.0000,0
$GPRMC,220543.43,A,3727.4854180,N,12217.3553060,W,24.5867,329.9307,040121,,,,
$GPGGA,220544.43,3727.4969980,N,12217.3634000,W,1,0,0.0,124.5875,M,0.0000,M,0.0000,0
$GPRMC,220544.43,A,3727.4969980,N,12217.3634000,W,24.5006,331.4759,040121,,,,
$GPGGA,220545.43,3727.5087460,N,12217.3711280,W,1,0,0.0,125.0795,M,0.0000,M,0.0000,0
$GPRMC,220545.43,A,3727.5087460,N,12217.3711280,W,24.5858,332.9558,040121,,,,
$GPGGA,220546.43,3727.5206920,N,12217.3784300,W,1,0,0.0,125.6035,M,0.0000,M,0.0000,0
$GPRMC,220546.43,A,3727.5206920,N,12217.3784300,W,24.5269,334.8069,040121,,,,
$GPGGA,220547.43,3727.5327580,N,12217.3852400,W,1,0,0.0,126.1188,M,0.0000,M,0.0000,0
$GPRMC,220547.43,A,3727.5327580,N,12217.3852400,W,24.4624,336.4541,040121,,,,
$GPGGA,220548.43,3727.5449620,N,12217.3916180,W,1,0,0.0,126.6225,M,0.0000,M,0.0000,0
$GPRMC,220548.43,A,3727.5449620,N,12217.3916180,W,24.4306,338.0609,040121,,,,
$GPGGA,220549.43,3727.5572980,N,12217.3975580,W,1,0,0.0,127.1225,M,0.0000,M,0.0000,0
$GPRMC,220549.43,A,3727.5572980,N,12217.3975580,W,24.4894,339.5218,040121,,,,
$GPGGA,220550.43,3727.5698020,N,12217.4031500,W,1,0,0.0,127.5571,M,0.0000,M,0.0000,0
$GPRMC,220550.43,A,3727.5698020,N,12217.4031500,W,24.6329,340.8904,040121,,,,
$GPGGA,220551.43,3727.5824920,N,12217.4084180,W,1,0,0.0,128.0861,M,0.0000,M,0.0000,0
$GPRMC,220551.43,A,3727.5824920,N,12217.4084180,W,24.8483,342.2187,040121,,,,
$GPGGA,220552.43,3727.5953980,N,12217.4133620,W,1,0,0.0,128.5515,M,0.0000,M,0.0000,0
$GPRMC,220552.43,A,3727.5953980,N,12217.4133620,W,25.0812,343.6553,040121,,,,
$GPGGA,220553.43,3727.6085320,N,12217.4179220,W,1,0,0.0,129.0975,M,0.0000,M,0.0000,0
$GPRMC,220553.43,A,3727.6085320,N,12217.4179220,W,25.3434,345.2567,040121,,,,
$GPGGA,220554.43,3727.6218940,N,12217.4220140,W,1,0,0.0,129.6618,M,0.0000,M,0.0000,0
$GPRMC,220554.43,A,3727.6218940,N,12217.4220140,W,25.5951,347.0629,040121,,,,
$GPGGA,220555.43,3727.6355140,N,12217.4256140,W,1,0,0.0,130.2321,M,0.0000,M,0.0000,0
$GPRMC,220555.43,A,3727.6355140,N,12217.4256140,W,25.8984,349.0057,040121,,,,
$GPGGA,220556.43,3727.6493860,N,12217.4286080,W,1,0,0.0,130.7481,M,0.0000,M,0.0000,0
$GPRMC,220556.43,A,3727.6493860,N,12217.4286080,W,26.1906,351.2101,040121,,,,
$GPGGA,220557.43,3727.6635040,N,12217.4310200,W,1,0,0.0,131.2741,M,0.0000,M,0.0000,0
$GPRMC,220557.43,A,3727.6635040,N,12217.4310200,W,26.5567,352.8200,040121,,,,
$GPGGA,220558.43,3727.6778740,N,12217.4330000,W,1,0,0.0,131.8002,M,0.0000,M,0.0000,0
$GPRMC,220558.43,A,3727.6778740,N,12217.4330000,W,26.9300,354.4214,040121,,,,
$GPGGA,220559.43,3727.6924780,N,12217.4344580,W,1,0,0.0,132.3472,M,0.0000,M,0.0000,0
$GPRMC,220559.43,A,3727.6924780,N,12217.4344580,W,27.2712,356.2473,040121,,,,
$GPGGA,220600.43,3727.7072920,N,12217.4353460,W,1,0,0.0,132.9895,M,0.0000,M,0.0000,0
$GPRMC,220600.43,A,3727.7072920,N,12217.4353460,W,27.5967,357.9737,040121,,,,
$GPGGA,220601.43,3727.7221900,N,12217.4357720,W,1,0,0.0,133.7005,M,0.0000,M,0.0000,0
$GPRMC,220601.43,A,3727.7221900,N,12217.4357720,W,27.3669,359.2758,040121,,,,
$GPGGA,220602.43,3727.7368720,N,12217.4358080,W,1,0,0.0,134.2655,M,0.0000,M,0.0000,0
$GPRMC,220602.43,A,3727.7368720,N,12217.4358080,W,27.0412,0.2406,040121,,,,
$GPGGA,220603.43,3727.7514760,N,12217.4356520,W,1,0,0.0,134.7915,M,0.0000,M,0.0000,0
$GPRMC,220603.43,A,3727.7514760,N,12217.4356520,W,26.9971,0.4540,040121,,,,
$GPGGA,220604.43,3727.7660620,N,12217.4355680,W,1,0,0.0,135.3088,M,0.0000,M,0.0000,0
$GPRMC,220604.43,A,3727.7660620,N,12217.4355680,W,26.9704,0.0818,040121,,,,
$GPGGA,220605.43,3727.7806180,N,12217.4354780,W,1,0,0.0,135.8352,M,0.0000,M,0.0000,0
$GPRMC,220605.43,A,3727.7806180,N,12217.4354780,W,26.8408,0.2596,040121,,,,
$GPGGA,220606.43,3727.7950540,N,12217.4353220,W,1,0,0.0,136.3982,M,0.0000,M,0.0000,0
$GPRMC,220606.43,A,3727.7950540,N,12217.4353220,W,26.5666,0.5177,040121,,,,
$GPGGA,220607.43,3727.8092920,N,12217.4351720,W,1,0,0.0,137.0255,M,0.0000,M,0.0000,0
$GPRMC,220607.43,A,3727.8092920,N,12217.4351720,W,26.0654,0.0963,040121,,,,
$GPGGA,220608.43,3727.8232060,N,12217.4352980,W,1,0,0.0,137.7909,M,0.0000,M,0.0000,0
$GPRMC,220608.43,A,3727.8232060,N,12217.4352980,W,25.4223,358.9868,040121,,,,
$GPGGA,220609.43,3727.8367780,N,12217.4357780,W,1,0,0.0,138.5058,M,0.0000,M,0.0000,0
$GPRMC,220609.43,A,3727.8367780,N,12217.4357780,W,24.8610,357.8479,040121,,,,
$GPGGA,220610.43,3727.8501220,N,12217.4365220,W,1,0,0.0,138.9901,M,0.0000,M,0.0000,0
$GPRMC,220610.43,A,3727.8501220,N,12217.4365220,W,24.5755,357.1656,040121,,,,
$GPGGA,220611.43,3727.8633340,N,12217.4374760,W,1,0,0.0,139.3248,M,0.0000,M,0.0000,0
$GPRMC,220611.43,A,3727.8633340,N,12217.4374760,W,24.3687,356.1214,040121,,,,
$GPGGA,220612.43,3727.8764140,N,12217.4388080,W,1,0,0.0,139.6571,M,0.0000,M,0.0000,0
$GPRMC,220612.43,A,3727.8764140,N,12217.4388080,W,24.1748,354.6076,040121,,,,
$GPGGA,220613.43,3727.8893560,N,12217.4405540,W,1,0,0.0,139.9508,M,0.0000,M,0.0000,0
$GPRMC,220613.43,A,3727.8893560,N,12217.4405540,W,23.9794,353.1292,040121,,,,
$GPGGA,220614.43,3727.9021660,N,12217.4426540,W,1,0,0.0,140.2201,M,0.0000,M,0.0000,0
$GPRMC,220614.43,A,3727.9021660,N,12217.4426540,W,23.8148,351.9261,040121,,,,
$GPGGA,220615.43,3727.9148560,N,12217.4451320,W,1,0,0.0,140.4677,M,0.0000,M,0.0000,0
$GPRMC,220615.43,A,3727.9148560,N,12217.4451320,W,23.6904,350.5576,040121,,,,
$GPGGA,220616.43,3727.9274320,N,12217.4478260,W,1,0,0.0,140.7017,M,0.0000,M,0.0000,0
$GPRMC,220616.43,A,3727.9274320,N,12217.4478260,W,23.4574,350.1352,040121,,,,
$GPGGA,220617.43,3727.9398220,N,12217.4505740,W,1,0,0.0,140.8694,M,0.0000,M,0.0000,0
$GPRMC,220617.43,A,3727.9398220,N,12217.4505740,W,23.0580,349.8249,040121,,,,
$GPGGA,220618.43,3727.9519780,N,12217.4533100,W,1,0,0.0,141.1294,M,0.0000,M,0.0000,0
$GPRMC,220618.43,A,3727.9519780,N,12217.4533100,W,22.6681,350.0270,040121,,,,
$GPGGA,220619.43,3727.9640320,N,12217.4558480,W,1,0,0.0,141.3714,M,0.0000,M,0.0000,0
$GPRMC,220619.43,A,3727.9640320,N,12217.4558480,W,22.6136,350.5881,040121,,,,
$GPGGA,220620.43,3727.9760860,N,12217.4583200,W,1,0,0.0,141.6607,M,0.0000,M,0.0000,0
$GPRMC,220620.43,A,3727.9760860,N,12217.4583200,W,22.5339,350.7176,040121,,,,
$GPGGA,220621.43,3727.9880380,N,12217.4608580,W,1,0,0.0,141.9267,M,0.0000,M,0.0000,0
$GPRMC,220621.43,A,3727.9880380,N,12217.4608580,W,22.2592,349.8079,040121,,,,
$GPGGA,220622.43,3727.9997440,N,12217.4636600,W,1,0,0.0,142.2227,M,0.0000,M,0.0000,0
$GPRMC,220622.43,A,3727.9997440,N,12217.4636600,W,21.8396,348.6241,040121,,,,
$GPGGA,220623.43,3728.0111920,N,12217.4667380,W,1,0,0.0,142.3670,M,0.0000,M,0.0000,0
$GPRMC,220623.43,A,3728.0111920,N,12217.4667380,W,21.4799,347.2462,040121,,,,
$GPGGA,220624.43,3728.0224060,N,12217.4700740,W,1,0,0.0,142.2923,M,0.0000,M,0.0000,0
$GPRMC,220624.43,A,3728.0224060,N,12217.4700740,W,21.1959,346.2254,040121,,,,
$GPGGA,220625.43,3728.0334640,N,12217.4735960,W,1,0,0.0,142.0046,M,0.0000,M,0.0000,0
$GPRMC,220625.43,A,3728.0334640,N,12217.4735960,W,21.0051,345.3306,040121,,,,
$GPGGA,220626.43,3728.0443900,N,12217.4773040,W,1,0,0.0,141.5508,M,0.0000,M,0.0000,0
$GPRMC,220626.43,A,3728.0443900,N,12217.4773040,W,20.8324,344.3718,040121,,,,
$GPGGA,220627.43,3728.0550880,N,12217.4811620,W,1,0,0.0,140.9596,M,0.0000,M,0.0000,0
$GPRMC,220627.43,A,3728.0550880,N,12217.4811620,W,20.2462,343.5974,040121,,,,
$GPGGA,220628.43,3728.0653120,N,12217.4851340,W,1,0,0.0,140.3702,M,0.0000,M,0.0000,0
$GPRMC,220628.43,A,3728.0653120,N,12217.4851340,W,19.2986,341.9203,040121,,,,
$GPGGA,220629.43,3728.0748820,N,12217.4893640,W,1,0,0.0,139.6064,M,0.0000,M,0.0000,0
$GPRMC,220629.43,A,3728.0748820,N,12217.4893640,W,18.2433,339.7052,040121,,,,
$GPGGA,220630.43,3728.0837620,N,12217.4934740,W,1,0,0.0,138.7571,M,0.0000,M,0.0000,0
$GPRMC,220630.43,A,3728.0837620,N,12217.4934740,W,16.6510,340.0225,040121,,,,
$GPGGA,220631.43,3728.0918500,N,12217.4970080,W,1,0,0.0,137.9098,M,0.0000,M,0.0000,0
$GPRMC,220631.43,A,3728.0918500,N,12217.4970080,W,15.1420,340.9885,040121,,,,
$GPGGA,220632.43,3728.0992660,N,12217.5001280,W,1,0,0.0,137.0848,M,0.0000,M,0.0000,0
$GPRMC,220632.43,A,3728.0992660,N,12217.5001280,W,13.7595,341.6752,040121,,,,
$GPGGA,220633.43,3728.1059080,N,12217.5028040,W,1,0,0.0,136.4105,M,0.0000,M,0.0000,0
$GPRMC,220633.43,A,3728.1059080,N,12217.5028040,W,11.9715,342.3528,040121,,,,
$GPGGA,220634.43,3728.1115240,N,12217.5049940,W,1,0,0.0,135.9879,M,0.0000,M,0.0000,0
$GPRMC,220634.43,A,3728.1115240,N,12217.5049940,W,9.7558,342.6519,040121,,,,
$GPGGA,220635.43,3728.1159100,N,12217.5067700,W,1,0,0.0,135.7503,M,0.0000,M,0.0000,0
$GPRMC,220635.43,A,3728.1159100,N,12217.5067700,W,7.2448,341.2770,040121,,,,
$GPGGA,220636.43,3728.1188800,N,12217.5083600,W,1,0,0.0,135.6550,M,0.0000,M,0.0000,0
$GPRMC,220636.43,A,3728.1188800,N,12217.5083600,W,4.6932,335.2392,040121,,,,
$GPGGA,220637.43,3728.1205600,N,12217.5096140,W,1,0,0.0,135.6077,M,0.0000,M,0.0000,0
$GPRMC,220637.43,A,3728.1205600,N,12217.5096140,W,2.5736,329.8835,040121,,,,
$GPGGA,220638.43,3728.1213220,N,12217.5102440,W,1,0,0.0,135.5837,M,0.0000,M,0.0000,0
$GPRMC,220638.43,A,3728.1213220,N,12217.5102440,W,0.9482,328.0041,040121,,,,
$GPGGA,220639.43,3728.1215620,N,12217.5104420,W,1,0,0.0,135.5760,M,0.0000,M,0.0000,0
$GPRMC,220639.43,A,3728.1215620,N,12217.5104420,W,0.1340,327.7510,040121,,,,
$GPGGA,220640.43,3728.1216220,N,12217.5104960,W,1,0,0.0,135.5680,M,0.0000,M,0.0000,0
$GPRMC,220640.43,A,3728.1216220,N,12217.5104960,W,0.4084,327.6745,040121,,,,
$GPGGA,220641.43,3728.1220180,N,12217.5108260,W,1,0,0.0,135.5580,M,0.0000,M,0.0000,0
$GPRMC,220641.43,A,3728.1220180,N,12217.5108260,W,1.4898,327.3076,040121,,,,
$GPGGA,220642.43,3728.1230140,N,12217.5116540,W,1,0,0.0,135.5520,M,0.0000,M,0.0000,0
$GPRMC,220642.43,A,3728.1230140,N,12217.5116540,W,2.9848,326.5301,040121,,,,
$GPGGA,220643.43,3728.1246460,N,12217.5131660,W,1,0,0.0,135.5997,M,0.0000,M,0.0000,0
$GPRMC,220643.43,A,3728.1246460,N,12217.5131660,W,4.3549,323.1133,040121,,,,
$GPGGA,220644.43,3728.1264400,N,12217.5155000,W,1,0,0.0,135.7600,M,0.0000,M,0.0000,0
$GPRMC,220644.43,A,3728.1264400,N,12217.5155000,W,5.1326,311.7537,040121,,,,
$GPGGA,220645.43,3728.1276820,N,12217.5189500,W,1,0,0.0,135.8908,M,0.0000,M,0.0000,0
$GPRMC,220645.43,A,3728.1276820,N,12217.5189500,W,5.8801,291.0349,040121,,,,
$GPGGA,220646.43,3728.1278320,N,12217.5232340,W,1,0,0.0,136.0117,M,0.0000,M,0.0000,0
$GPRMC,220646.43,A,3728.1278320,N,12217.5232340,W,6.7673,267.4515,040121,,,,
$GPGGA,220647.43,3728.1264160,N,12217.5279560,W,1,0,0.0,136.0140,M,0.0000,M,0.0000,0
$GPRMC,220647.43,A,3728.1264160,N,12217.5279560,W,8.0410,243.8476,040121,,,,
$GPGGA,220648.43,3728.1235300,N,12217.5326000,W,1,0,0.0,136.0314,M,0.0000,M,0.0000,0
$GPRMC,220648.43,A,3728.1235300,N,12217.5326000,W,9.3580,229.6180,040121,,,,
$GPGGA,220649.43,3728.1196780,N,12217.5375800,W,1,0,0.0,136.0483,M,0.0000,M,0.0000,0
$GPRMC,220649.43,A,3728.1196780,N,12217.5375800,W,10.9770,224.9323,040121,,,,
$GPGGA,220650.43,3728.1153100,N,12217.5429980,W,1,0,0.0,136.0153,M,0.0000,M,0.0000,0
$GPRMC,220650.43,A,3728.1153100,N,12217.5429980,W,11.5252,224.2072,040121,,,,
$GPGGA,220651.43,3728.1108400,N,12217.5484040,W,1,0,0.0,135.8943,M,0.0000,M,0.0000,0
$GPRMC,220651.43,A,3728.1108400,N,12217.5484040,W,11.4173,223.8061,040121,,,,
$GPGGA,220652.43,3728.1064420,N,12217.5537800,W,1,0,0.0,135.6849,M,0.0000,M,0.0000,0
$GPRMC,220652.43,A,3728.1064420,N,12217.5537800,W,11.2789,224.6718,040121,,,,
$GPGGA,220653.43,3728.1022480,N,12217.5592760,W,1,0,0.0,135.4242,M,0.0000,M,0.0000,0
$GPRMC,220653.43,A,3728.1022480,N,12217.5592760,W,11.2055,226.9620,040121,,,,
$GPGGA,220654.43,3728.0982520,N,12217.5649820,W,1,0,0.0,135.0802,M,0.0000,M,0.0000,0
$GPRMC,220654.43,A,3728.0982520,N,12217.5649820,W,11.2136,229.6124,040121,,,,
$GPGGA,220655.43,3728.0943460,N,12217.5708200,W,1,0,0.0,134.6556,M,0.0000,M,0.0000,0
$GPRMC,220655.43,A,3728.0943460,N,12217.5708200,W,11.2694,229.3239,040121,,,,
$GPGGA,220656.43,3728.0902420,N,12217.5764120,W,1,0,0.0,134.1692,M,0.0000,M,0.0000,0
$GPRMC,220656.43,A,3728.0902420,N,12217.5764120,W,10.9669,226.0257,040121,,,,
$GPGGA,220657.43,3728.0861260,N,12217.5814640,W,1,0,0.0,133.6328,M,0.0000,M,0.0000,0
$GPRMC,220657.43,A,3728.0861260,N,12217.5814640,W,10.3627,223.8412,040121,,,,
$GPGGA,220658.43,3728.0822740,N,12217.5862280,W,1,0,0.0,133.0349,M,0.0000,M,0.0000,0
$GPRMC,220658.43,A,3728.0822740,N,12217.5862280,W,9.5998,225.6774,040121,,,,
$GPGGA,220659.43,3728.0792380,N,12217.5911300,W,1,0,0.0,132.4558,M,0.0000,M,0.0000,0
$GPRMC,220659.43,A,3728.0792380,N,12217.5911300,W,8.8353,235.7440,040121,,,,
$GPGGA,220700.43,3728.0773780,N,12217.5966500,W,1,0,0.0,131.7504,M,0.0000,M,0.0000,0
$GPRMC,220700.43,A,3728.0773780,N,12217.5966500,W,9.0911,253.1832,040121,,,,
$GPGGA,220701.43,3728.0775160,N,12217.6028660,W,1,0,0.0,130.9662,M,0.0000,M,0.0000,0
$GPRMC,220701.43,A,3728.0775160,N,12217.6028660,W,9.4293,279.9344,040121,,,,
$GPGGA,220702.43,3728.0799100,N,12217.6084880,W,1,0,0.0,130.6653,M,0.0000,M,0.0000,0
$GPRMC,220702.43,A,3728.0799100,N,12217.6084880,W,9.7842,305.3463,040121,,,,
$GPGGA,220703.43,3728.0836420,N,12217.6136660,W,1,0,0.0,130.6984,M,0.0000,M,0.0000,0
$GPRMC,220703.43,A,3728.0836420,N,12217.6136660,W,10.8543,313.9288,040121,,,,
$GPGGA,220704.43,3728.0882020,N,12217.6188800,W,1,0,0.0,130.7694,M,0.0000,M,0.0000,0
$GPRMC,220704.43,A,3728.0882020,N,12217.6188800,W,12.0152,318.4380,040121,,,,
$GPGGA,220705.43,3728.0933680,N,12217.6245200,W,1,0,0.0,130.8587,M,0.0000,M,0.0000,0
$GPRMC,220705.43,A,3728.0933680,N,12217.6245200,W,13.3545,318.7735,040121,,,,
$GPGGA,220706.43,3728.0990380,N,12217.6307720,W,1,0,0.0,131.1531,M,0.0000,M,0.0000,0
$GPRMC,220706.43,A,3728.0990380,N,12217.6307720,W,14.4829,318.3677,040121,,,,
$GPGGA,220707.43,3728.1050680,N,12217.6374620,W,1,0,0.0,131.6395,M,0.0000,M,0.0000,0
$GPRMC,220707.43,A,3728.1050680,N,12217.6374620,W,15.1995,318.2700,040121,,,,
$GPGGA,220708.43,3728.1112120,N,12217.6441460,W,1,0,0.0,132.2772,M,0.0000,M,0.0000,0
$GPRMC,220708.43,A,3728.1112120,N,12217.6441460,W,14.8017,319.5586,040121,,,,
$GPGGA,220709.43,3728.1173800,N,12217.6501880,W,1,0,0.0,132.9529,M,0.0000,M,0.0000,0
$GPRMC,220709.43,A,3728.1173800,N,12217.6501880,W,14.1379,323.9518,040121,,,,
$GPGGA,220710.43,3728.1237880,N,12217.6548260,W,1,0,0.0,133.7232,M,0.0000,M,0.0000,0
$GPRMC,220710.43,A,3728.1237880,N,12217.6548260,W,13.3089,334.9004,040121,,,,
$GPGGA,220711.43,3728.1304300,N,12217.6571660,W,1,0,0.0,134.5726,M,0.0000,M,0.0000,0
$GPRMC,220711.43,A,3728.1304300,N,12217.6571660,W,12.3720,350.2524,040121,,,,
$GPGGA,220712.43,3728.1369280,N,12217.6571480,W,1,0,0.0,135.4632,M,0.0000,M,0.0000,0
$GPRMC,220712.43,A,3728.1369280,N,12217.6571480,W,11.8742,5.5919,040121,,,,
$GPGGA,220713.43,3728.1430240,N,12217.6550600,W,1,0,0.0,136.2552,M,0.0000,M,0.0000,0
$GPRMC,220713.43,A,3728.1430240,N,12217.6550600,W,11.7215,20.5107,040121,,,,
$GPGGA,220714.43,3728.1484360,N,12217.6510580,W,1,0,0.0,137.0119,M,0.0000,M,0.0000,0
$GPRMC,220714.43,A,3728.1484360,N,12217.6510580,W,11.6588,36.0628,040121,,,,
$GPGGA,220715.43,3728.1528280,N,12217.6454180,W,1,0,0.0,137.7072,M,0.0000,M,0.0000,0
$GPRMC,220715.43,A,3728.1528280,N,12217.6454180,W,11.7805,50.5615,040121,,,,
$GPGGA,220716.43,3728.1561160,N,12217.6384940,W,1,0,0.0,138.4112,M,0.0000,M,0.0000,0
$GPRMC,220716.43,A,3728.1561160,N,12217.6384940,W,12.0584,63.9849,040121,,,,
$GPGGA,220717.43,3728.1580420,N,12217.6306160,W,1,0,0.0,139.1329,M,0.0000,M,0.0000,0
$GPRMC,220717.43,A,3728.1580420,N,12217.6306160,W,12.3860,78.1402,040121,,,,
$GPGGA,220718.43,3728.1583360,N,12217.6221080,W,1,0,0.0,139.9286,M,0.0000,M,0.0000,0
$GPRMC,220718.43,A,3728.1583360,N,12217.6221080,W,12.8484,93.2572,040121,,,,
$GPGGA,220719.43,3728.1565840,N,12217.6136420,W,1,0,0.0,140.6799,M,0.0000,M,0.0000,0
$GPRMC,220719.43,A,3728.1565840,N,12217.6136420,W,13.1361,111.5015,040121,,,,
$GPGGA,220720.43,3728.1527140,N,12217.6060040,W,1,0,0.0,141.3155,M,0.0000,M,0.0000,0
$GPRMC,220720.43,A,3728.1527140,N,12217.6060040,W,13.8353,128.5561,040121,,,,
$GPGGA,220721.43,3728.1472900,N,12217.5990500,W,1,0,0.0,141.8315,M,0.0000,M,0.0000,0
$GPRMC,220721.43,A,3728.1472900,N,12217.5990500,W,14.9607,137.1713,040121,,,,
$GPGGA,220722.43,3728.1408940,N,12217.5921680,W,1,0,0.0,142.3001,M,0.0000,M,0.0000,0
$GPRMC,220722.43,A,3728.1408940,N,12217.5921680,W,16.2580,139.8414,040121,,,,
$GPGGA,220723.43,3728.1338320,N,12217.5848240,W,1,0,0.0,142.7255,M,0.0000,M,0.0000,0
$GPRMC,220723.43,A,3728.1338320,N,12217.5848240,W,17.6791,140.6710,040121,,,,
$GPGGA,220724.43,3728.1260440,N,12217.5770660,W,1,0,0.0,143.0894,M,0.0000,M,0.0000,0
$GPRMC,220724.43,A,3728.1260440,N,12217.5770660,W,19.1278,142.2163,040121,,,,
$GPGGA,220725.43,3728.1174460,N,12217.5690560,W,1,0,0.0,143.0956,M,0.0000,M,0.0000,0
$GPRMC,220725.43,A,3728.1174460,N,12217.5690560,W,20.5084,144.2668,040121,,,,
$GPGGA,220726.43,3728.1080320,N,12217.5608480,W,1,0,0.0,142.9473,M,0.0000,M,0.0000,0
$GPRMC,220726.43,A,3728.1080320,N,12217.5608480,W,21.8571,145.9511,040121,,,,
$GPGGA,220727.43,3728.0979700,N,12217.5527420,W,1,0,0.0,142.7916,M,0.0000,M,0.0000,0
$GPRMC,220727.43,A,3728.0979700,N,12217.5527420,W,22.3878,148.4290,040121,,,,
$GPGGA,220728.43,3728.0873860,N,12217.5450920,W,1,0,0.0,142.5836,M,0.0000,M,0.0000,0
$GPRMC,220728.43,A,3728.0873860,N,12217.5450920,W,22.8165,151.3409,040121,,,,
$GPGGA,220729.43,3728.0763220,N,12217.5379340,W,1,0,0.0,142.3566,M,0.0000,M,0.0000,0
$GPRMC,220729.43,A,3728.0763220,N,12217.5379340,W,23.2632,153.6430,040121,,,,
$GPGGA,220730.43,3728.0648680,N,12217.5310640,W,1,0,0.0,142.1956,M,0.0000,M,0.0000,0
$GPRMC,220730.43,A,3728.0648680,N,12217.5310640,W,23.7064,155.0696,040121,,,,
$GPGGA,220731.43,3728.0530660,N,12217.5244280,W,1,0,0.0,141.9883,M,0.0000,M,0.0000,0
$GPRMC,220731.43,A,3728.0530660,N,12217.5244280,W,24.1374,156.4188,040121,,,,
$GPGGA,220732.43,3728.0409340,N,12217.5180080,W,1,0,0.0,141.7269,M,0.0000,M,0.0000,0
$GPRMC,220732.43,A,3728.0409340,N,12217.5180080,W,24.5816,157.4159,040121,,,,
$GPGGA,220733.43,3728.0285020,N,12217.5117260,W,1,0,0.0,141.4620,M,0.0000,M,0.0000,0
$GPRMC,220733.43,A,3728.0285020,N,12217.5117260,W,25.0010,158.6386,040121,,,,
$GPGGA,220734.43,3728.0157520,N,12217.5057380,W,1,0,0.0,141.2853,M,0.0000,M,0.0000,0
$GPRMC,220734.43,A,3728.0157520,N,12217.5057380,W,25.3967,159.9472,040121,,,,
$GPGGA,220735.43,3728.0027620,N,12217.5000380,W,1,0,0.0,141.0369,M,0.0000,M,0.0000,0
$GPRMC,220735.43,A,3728.0027620,N,12217.5000380,W,25.3897,161.3538,040121,,,,
$GPGGA,220736.43,3727.9897780,N,12217.4947700,W,1,0,0.0,140.7919,M,0.0000,M,0.0000,0
$GPRMC,220736.43,A,3727.9897780,N,12217.4947700,W,25.1154,162.6257,040121,,,,
$GPGGA,220737.43,3727.9768300,N,12217.4899700,W,1,0,0.0,140.5209,M,0.0000,M,0.0000,0
$GPRMC,220737.43,A,3727.9768300,N,12217.4899700,W,24.8296,164.1667,040121,,,,
$GPGGA,220738.43,3727.9639720,N,12217.4855300,W,1,0,0.0,140.2676,M,0.0000,M,0.0000,0
$GPRMC,220738.43,A,3727.9639720,N,12217.4855300,W,24.5002,164.5269,040121,,,,
$GPGGA,220739.43,3727.9512220,N,12217.4811020,W,1,0,0.0,140.0550,M,0.0000,M,0.0000,0
$GPRMC,220739.43,A,3727.9512220,N,12217.4811020,W,24.5500,164.5271,040121,,,,
$GPGGA,220740.43,3727.9383520,N,12217.4768300,W,1,0,0.0,139.8536,M,0.0000,M,0.0000,0
$GPRMC,220740.43,A,3727.9383520,N,12217.4768300,W,24.6901,165.9789,040121,,,,
$GPGGA,220741.43,3727.9253380,N,12217.4731400,W,1,0,0.0,139.6536,M,0.0000,M,0.0000,0
$GPRMC,220741.43,A,3727.9253380,N,12217.4731400,W,24.6704,168.3048,040121,,,,
$GPGGA,220742.43,3727.9122220,N,12217.4701880,W,1,0,0.0,139.3806,M,0.0000,M,0.0000,0
$GPRMC,220742.43,A,3727.9122220,N,12217.4701880,W,24.6567,170.9209,040121,,,,
$GPGGA,220743.43,3727.8990160,N,12217.4677220,W,1,0,0.0,139.0953,M,0.0000,M,0.0000,0
$GPRMC,220743.43,A,3727.8990160,N,12217.4677220,W,24.7741,171.7877,040121,,,,
$GPGGA,220744.43,3727.8855940,N,12217.4654780,W,1,0,0.0,138.8473,M,0.0000,M,0.0000,0
$GPRMC,220744.43,A,3727.8855940,N,12217.4654780,W,25.4097,173.0275,040121,,,,
$GPGGA,220745.43,3727.8717460,N,12217.4636060,W,1,0,0.0,138.5152,M,0.0000,M,0.0000,0
$GPRMC,220745.43,A,3727.8717460,N,12217.4636060,W,26.0773,174.4287,040121,,,,
$GPGGA,220746.43,3727.8575440,N,12217.4621420,W,1,0,0.0,138.1606,M,0.0000,M,0.0000,0
$GPRMC,220746.43,A,3727.8575440,N,12217.4621420,W,26.6598,175.9410,040121,,,,
$GPGGA,220747.43,3727.8430180,N,12217.4610740,W,1,0,0.0,137.7996,M,0.0000,M,0.0000,0
$GPRMC,220747.43,A,3727.8430180,N,12217.4610740,W,27.1897,177.1124,040121,,,,
$GPGGA,220748.43,3727.8281800,N,12217.4602760,W,1,0,0.0,137.4566,M,0.0000,M,0.0000,0
$GPRMC,220748.43,A,3727.8281800,N,12217.4602760,W,27.7294,177.6729,040121,,,,
$GPGGA,220749.43,3727.8131200,N,12217.4595620,W,1,0,0.0,137.0786,M,0.0000,M,0.0000,0
$GPRMC,220749.43,A,3727.8131200,N,12217.4595620,W,27.9932,177.9615,040121,,,,
$GPGGA,220750.43,3727.7979400,N,12217.4589980,W,1,0,0.0,136.6049,M,0.0000,M,0.0000,0
$GPRMC,220750.43,A,3727.7979400,N,12217.4589980,W,28.1886,178.3856,040121,,,,
$GPGGA,220751.43,3727.7826580,N,12217.4584700,W,1,0,0.0,136.0879,M,0.0000,M,0.0000,0
$GPRMC,220751.43,A,3727.7826580,N,12217.4584700,W,28.3816,178.2358,040121,,,,
$GPGGA,220752.43,3727.7672620,N,12217.4579660,W,1,0,0.0,135.5462,M,0.0000,M,0.0000,0
$GPRMC,220752.43,A,3727.7672620,N,12217.4579660,W,28.5979,178.5975,040121,,,,
$GPGGA,220753.43,3727.7517520,N,12217.4574800,W,1,0,0.0,135.0282,M,0.0000,M,0.0000,0
$GPRMC,220753.43,A,3727.7517520,N,12217.4574800,W,28.7560,178.4868,040121,,,,
$GPGGA,220754.43,3727.7362720,N,12217.4569880,W,1,0,0.0,134.6672,M,0.0000,M,0.0000,0
$GPRMC,220754.43,A,3727.7362720,N,12217.4569880,W,28.5270,178.5439,040121,,,,
$GPGGA,220755.43,3727.7208940,N,12217.4564720,W,1,0,0.0,134.3462,M,0.0000,M,0.0000,0
$GPRMC,220755.43,A,3727.7208940,N,12217.4564720,W,28.3804,178.2856,040121,,,,
$GPGGA,220756.43,3727.7055940,N,12217.4557640,W,1,0,0.0,134.0382,M,0.0000,M,0.0000,0
$GPRMC,220756.43,A,3727.7055940,N,12217.4557640,W,28.2668,177.4299,040121,,,,
$GPGGA,220757.43,3727.6903540,N,12217.4546840,W,1,0,0.0,133.6052,M,0.0000,M,0.0000,0
$GPRMC,220757.43,A,3727.6903540,N,12217.4546840,W,28.1945,175.9584,040121,,,,
$GPGGA,220758.43,3727.6751980,N,12217.4529920,W,1,0,0.0,133.0479,M,0.0000,M,0.0000,0
$GPRMC,220758.43,A,3727.6751980,N,12217.4529920,W,28.0870,173.9579,040121,,,,
$GPGGA,220759.43,3727.6601500,N,12217.4506820,W,1,0,0.0,132.4695,M,0.0000,M,0.0000,0
$GPRMC,220759.43,A,3727.6601500,N,12217.4506820,W,27.9934,172.2999,040121,,,,
$GPGGA,220800.43,3727.6452100,N,12217.4478440,W,1,0,0.0,131.8945,M,0.0000,M,0.0000,0
$GPRMC,220800.43,A,3727.6452100,N,12217.4478440,W,27.9183,170.4597,040121,,,,
$GPGGA,220801.43,3727.6303780,N,12217.4444120,W,1,0,0.0,131.3298,M,0.0000,M,0.0000,0
$GPRMC,220801.43,A,3727.6303780,N,12217.4444120,W,27.8612,168.7451,040121,,,,
$GPGGA,220802.43,3727.6156720,N,12217.4404580,W,1,0,0.0,130.7675,M,0.0000,M,0.0000,0
$GPRMC,220802.43,A,3727.6156720,N,12217.4404580,W,27.7572,167.1931,040121,,,,
$GPGGA,220803.43,3727.6011280,N,12217.4359640,W,1,0,0.0,130.2568,M,0.0000,M,0.0000,0
$GPRMC,220803.43,A,3727.6011280,N,12217.4359640,W,27.6831,165.2672,040121,,,,
$GPGGA,220804.43,3727.5866980,N,12217.4309540,W,1,0,0.0,129.6238,M,0.0000,M,0.0000,0
$GPRMC,220804.43,A,3727.5866980,N,12217.4309540,W,27.7139,163.7844,040121,,,,
$GPGGA,220805.43,3727.5723580,N,12217.4254520,W,1,0,0.0,129.0952,M,0.0000,M,0.0000,0
$GPRMC,220805.43,A,3727.5723580,N,12217.4254520,W,27.7689,162.2762,040121,,,,
$GPGGA,220806.43,3727.5580960,N,12217.4194760,W,1,0,0.0,128.5545,M,0.0000,M,0.0000,0
$GPRMC,220806.43,A,3727.5580960,N,12217.4194760,W,27.8583,160.6356,040121,,,,
$GPGGA,220807.43,3727.5439480,N,12217.4128820,W,1,0,0.0,128.0648,M,0.0000,M,0.0000,0
$GPRMC,220807.43,A,3727.5439480,N,12217.4128820,W,27.9753,158.5135,040121,,,,
$GPGGA,220808.43,3727.5299140,N,12217.4056100,W,1,0,0.0,127.4965,M,0.0000,M,0.0000,0
$GPRMC,220808.43,A,3727.5299140,N,12217.4056100,W,28.2262,156.7982,040121,,,,
$GPGGA,220809.43,3727.5158800,N,12217.3977740,W,1,0,0.0,126.9035,M,0.0000,M,0.0000,0
$GPRMC,220809.43,A,3727.5158800,N,12217.3977740,W,28.5957,155.1918,040121,,,,
$GPGGA,220810.43,3727.5018520,N,12217.3893020,W,1,0,0.0,126.2772,M,0.0000,M,0.0000,0
$GPRMC,220810.43,A,3727.5018520,N,12217.3893020,W,28.9956,153.3125,040121,,,,
$GPGGA,220811.43,3727.4878420,N,12217.3801400,W,1,0,0.0,125.6982,M,0.0000,M,0.0000,0
$GPRMC,220811.43,A,3727.4878420,N,12217.3801400,W,29.4412,151.5723,040121,,,,
$GPGGA,220812.43,3727.4738560,N,12217.3703120,W,1,0,0.0,125.1505,M,0.0000,M,0.0000,0
$GPRMC,220812.43,A,3727.4738560,N,12217.3703120,W,29.8653,149.7725,040121,,,,
$GPGGA,220813.43,3727.4599420,N,12217.3597520,W,1,0,0.0,124.6042,M,0.0000,M,0.0000,0
$GPRMC,220813.43,A,3727.4599420,N,12217.3597520,W,30.2851,147.8295,040121,,,,
$GPGGA,220814.43,3727.4461480,N,12217.3484600,W,1,0,0.0,124.1219,M,0.0000,M,0.0000,0
$GPRMC,220814.43,A,3727.4461480,N,12217.3484600,W,30.6368,145.9095,040121,,,,
$GPGGA,220815.43,3727.4325160,N,12217.3364600,W,1,0,0.0,123.7906,M,0.0000,M,0.0000,0
$GPRMC,220815.43,A,3727.4325160,N,12217.3364600,W,30.9500,144.0207,040121,,,,
$GPGGA,220816.43,3727.4190640,N,12217.3238060,W,1,0,0.0,123.5716,M,0.0000,M,0.0000,0
$GPRMC,220816.43,A,3727.4190640,N,12217.3238060,W,31.2499,142.2250,040121,,,,
$GPGGA,220817.43,3727.4058220,N,12217.3105100,W,1,0,0.0,123.4723,M,0.0000,M,0.0000,0
$GPRMC,220817.43,A,3727.4058220,N,12217.3105100,W,31.4804,140.2918,040121,,,,
$GPGGA,220818.43,3727.3928740,N,12217.2965480,W,1,0,0.0,123.4357,M,0.0000,M,0.0000,0
$GPRMC,220818.43,A,3727.3928740,N,12217.2965480,W,31.6906,138.2625,040121,,,,
$GPGGA,220819.43,3727.3802680,N,12217.2818900,W,1,0,0.0,123.6074,M,0.0000,M,0.0000,0
$GPRMC,220819.43,A,3727.3802680,N,12217.2818900,W,31.8816,136.1923,040121,,,,
$GPGGA,220820.43,3727.3679860,N,12217.2666440,W,1,0,0.0,123.8871,M,0.0000,M,0.0000,0
$GPRMC,220820.43,A,3727.3679860,N,12217.2666440,W,32.0279,134.2446,040121,,,,
$GPGGA,220821.43,3727.3562020,N,12217.2508760,W,1,0,0.0,124.2908,M,0.0000,M,0.0000,0
$GPRMC,220821.43,A,3727.3562020,N,12217.2508760,W,31.6528,131.7488,040121,,,,
$GPGGA,220822.43,3727.3450480,N,12217.2347480,W,1,0,0.0,124.7631,M,0.0000,M,0.0000,0
$GPRMC,220822.43,A,3727.3450480,N,12217.2347480,W,31.3270,130.3411,040121,,,,
$GPGGA,220823.43,3727.3341940,N,12217.2185360,W,1,0,0.0,125.1544,M,0.0000,M,0.0000,0
$GPRMC,220823.43,A,3727.3341940,N,12217.2185360,W,31.1277,129.6461,040121,,,,
$GPGGA,220824.43,3727.3234720,N,12217.2023420,W,1,0,0.0,125.5321,M,0.0000,M,0.0000,0
$GPRMC,220824.43,A,3727.3234720,N,12217.2023420,W,30.9798,129.6696,040121,,,,
$GPGGA,220825.43,3727.3128280,N,12217.1862020,W,1,0,0.0,126.0428,M,0.0000,M,0.0000,0
$GPRMC,220825.43,A,3727.3128280,N,12217.1862020,W,30.7745,129.2239,040121,,,,
$GPGGA,220826.43,3727.3023520,N,12217.1701040,W,1,0,0.0,126.6695,M,0.0000,M,0.0000,0
$GPRMC,220826.43,A,3727.3023520,N,12217.1701040,W,30.5036,129.2487,040121,,,,
$GPGGA,220827.43,3727.2918940,N,12217.1542040,W,1,0,0.0,127.3715,M,0.0000,M,0.0000,0
$GPRMC,220827.43,A,3727.2918940,N,12217.1542040,W,30.2995,129.5523,040121,,,,
$GPGGA,220828.43,3727.2814960,N,12217.1384180,W,1,0,0.0,128.0189,M,0.0000,M,0.0000,0
$GPRMC,220828.43,A,3727.2814960,N,12217.1384180,W,30.1278,129.3647,040121,,,,
$GPGGA,220829.43,3727.2711700,N,12217.1226740,W,1,0,0.0,128.6775,M,0.0000,M,0.0000,0
$GPRMC,220829.43,A,3727.2711700,N,12217.1226740,W,30.0023,129.3359,040121,,,,
$GPGGA,220830.43,3727.2608920,N,12217.1069780,W,1,0,0.0,129.3202,M,0.0000,M,0.0000,0
$GPRMC,220830.43,A,3727.2608920,N,12217.1069780,W,29.8876,129.2561,040121,,,,
$GPGGA,220831.43,3727.2506620,N,12217.0913420,W,1,0,0.0,129.9875,M,0.0000,M,0.0000,0
$GPRMC,220831.43,A,3727.2506620,N,12217.0913420,W,29.7776,129.3011,040121,,,,
$GPGGA,220832.43,3727.2404560,N,12217.0757780,W,1,0,0.0,130.6205,M,0.0000,M,0.0000,0
$GPRMC,220832.43,A,3727.2404560,N,12217.0757780,W,29.6779,129.5772,040121,,,,
$GPGGA,220833.43,3727.2302200,N,12217.0603400,W,1,0,0.0,131.2605,M,0.0000,M,0.0000,0
$GPRMC,220833.43,A,3727.2302200,N,12217.0603400,W,29.5356,129.6299,040121,,,,
$GPGGA,220834.43,3727.2200740,N,12217.0449500,W,1,0,0.0,131.9135,M,0.0000,M,0.0000,0
$GPRMC,220834.43,A,3727.2200740,N,12217.0449500,W,29.3940,129.4037,040121,,,,
$GPGGA,220835.43,3727.2099820,N,12217.0295600,W,1,0,0.0,132.5916,M,0.0000,M,0.0000,0
$GPRMC,220835.43,A,3727.2099820,N,12217.0295600,W,29.3687,129.2968,040121,,,,
$GPGGA,220836.43,3727.1999200,N,12217.0141640,W,1,0,0.0,133.2482,M,0.0000,M,0.0000,0
$GPRMC,220836.43,A,3727.1999200,N,12217.0141640,W,29.3556,129.1813,040121,,,,
$GPGGA,220837.43,3727.1898640,N,12216.9987620,W,1,0,0.0,133.8298,M,0.0000,M,0.0000,0
$GPRMC,220837.43,A,3727.1898640,N,12216.9987620,W,29.3391,129.2365,040121,,,,
$GPGGA,220838.43,3727.1798200,N,12216.9833900,W,1,0,0.0,134.4255,M,0.0000,M,0.0000,0
$GPRMC,220838.43,A,3727.1798200,N,12216.9833900,W,29.2954,129.5120,040121,,,,
$GPGGA,220839.43,3727.1696920,N,12216.9681020,W,1,0,0.0,134.9682,M,0.0000,M,0.0000,0
$GPRMC,220839.43,A,3727.1696920,N,12216.9681020,W,29.3383,129.6384,040121,,,,
$GPGGA,220840.43,3727.1595940,N,12216.9527660,W,1,0,0.0,135.4528,M,0.0000,M,0.0000,0
$GPRMC,220840.43,A,3727.1595940,N,12216.9527660,W,29.3190,129.3870,040121,,,,
$GPGGA,220841.43,3727.1495320,N,12216.9374420,W,1,0,0.0,135.9115,M,0.0000,M,0.0000,0
$GPRMC,220841.43,A,3727.1495320,N,12216.9374420,W,29.2347,129.4505,040121,,,,
$GPGGA,220842.43,3727.1394820,N,12216.9221720,W,1,0,0.0,136.2871,M,0.0000,M,0.0000,0
$GPRMC,220842.43,A,3727.1394820,N,12216.9221720,W,29.1826,129.4916,040121,,,,
$GPGGA,220843.43,3727.1294320,N,12216.9069320,W,1,0,0.0,136.6071,M,0.0000,M,0.0000,0
$GPRMC,220843.43,A,3727.1294320,N,12216.9069320,W,29.1440,129.5044,040121,,,,
$GPGGA,220844.43,3727.1194000,N,12216.8916740,W,1,0,0.0,136.9004,M,0.0000,M,0.0000,0
$GPRMC,220844.43,A,3727.1194000,N,12216.8916740,W,29.2010,129.3482,040121,,,,
$GPGGA,220845.43,3727.1093620,N,12216.8763500,W,1,0,0.0,137.1284,M,0.0000,M,0.0000,0
$GPRMC,220845.43,A,3727.1093620,N,12216.8763500,W,29.3133,129.3549,040121,,,,
$GPGGA,220846.43,3727.0992580,N,12216.8609720,W,1,0,0.0,137.3317,M,0.0000,M,0.0000,0
$GPRMC,220846.43,A,3727.0992580,N,12216.8609720,W,29.4551,129.4688,040121,,,,
$GPGGA,220847.43,3727.0891000,N,12216.8455340,W,1,0,0.0,137.4544,M,0.0000,M,0.0000,0
$GPRMC,220847.43,A,3727.0891000,N,12216.8455340,W,29.5806,129.3674,040121,,,,
$GPGGA,220848.43,3727.0789420,N,12216.8300000,W,1,0,0.0,137.5430,M,0.0000,M,0.0000,0
$GPRMC,220848.43,A,3727.0789420,N,12216.8300000,W,29.6597,129.2791,040121,,,,
$GPGGA,220849.43,3727.0687780,N,12216.8144360,W,1,0,0.0,137.5710,M,0.0000,M,0.0000,0
$GPRMC,220849.43,A,3727.0687780,N,12216.8144360,W,29.6976,129.1528,040121,,,,
$GPGGA,220850.43,3727.0586200,N,12216.7988300,W,1,0,0.0,137.5616,M,0.0000,M,0.0000,0
$GPRMC,220850.43,A,3727.0586200,N,12216.7988300,W,29.7419,129.4710,040121,,,,
$GPGGA,220851.43,3727.0483660,N,12216.7832360,W,1,0,0.0,137.4546,M,0.0000,M,0.0000,0
$GPRMC,220851.43,A,3727.0483660,N,12216.7832360,W,29.8724,129.3542,040121,,,,
$GPGGA,220852.43,3727.0380820,N,12216.7675820,W,1,0,0.0,137.3493,M,0.0000,M,0.0000,0
$GPRMC,220852.43,A,3727.0380820,N,12216.7675820,W,29.9559,129.5962,040121,,,,
$GPGGA,220853.43,3727.0277380,N,12216.7519160,W,1,0,0.0,137.1376,M,0.0000,M,0.0000,0
$GPRMC,220853.43,A,3727.0277380,N,12216.7519160,W,30.0244,129.4797,040121,,,,
$GPGGA,220854.43,3727.0174120,N,12216.7362020,W,1,0,0.0,136.8923,M,0.0000,M,0.0000,0
$GPRMC,220854.43,A,3727.0174120,N,12216.7362020,W,30.0446,129.3760,040121,,,,
$GPGGA,220855.43,3727.0070860,N,12216.7204640,W,1,0,0.0,136.5569,M,0.0000,M,0.0000,0
$GPRMC,220855.43,A,3727.0070860,N,12216.7204640,W,30.0658,129.4059,040121,,,,
$GPGGA,220856.43,3726.9967360,N,12216.7047440,W,1,0,0.0,136.1583,M,0.0000,M,0.0000,0
$GPRMC,220856.43,A,3726.9967360,N,12216.7047440,W,30.0560,129.6021,040121,,,,
$GPGGA,220857.43,3726.9863500,N,12216.6890720,W,1,0,0.0,135.7672,M,0.0000,M,0.0000,0
$GPRMC,220857.43,A,3726.9863500,N,12216.6890720,W,30.0671,129.6782,040121,,,,
$GPGGA,220858.43,3726.9759520,N,12216.6733640,W,1,0,0.0,135.2899,M,0.0000,M,0.0000,0
$GPRMC,220858.43,A,3726.9759520,N,12216.6733640,W,30.1627,129.5676,040121,,,,
$GPGGA,220859.43,3726.9655240,N,12216.6575960,W,1,0,0.0,134.7951,M,0.0000,M,0.0000,0
$GPRMC,220859.43,A,3726.9655240,N,12216.6575960,W,30.2770,129.6713,040121,,,,
$GPGGA,220900.43,3726.9550180,N,12216.6417740,W,1,0,0.0,134.2118,M,0.0000,M,0.0000,0
$GPRMC,220900.43,A,3726.9550180,N,12216.6417740,W,30.4566,129.7780,040121,,,,
$GPGGA,220901.43,3726.9443980,N,12216.6258980,W,1,0,0.0,133.5321,M,0.0000,M,0.0000,0
$GPRMC,220901.43,A,3726.9443980,N,12216.6258980,W,30.6645,130.0681,040121,,,,
$GPGGA,220902.43,3726.9336520,N,12216.6099860,W,1,0,0.0,132.7795,M,0.0000,M,0.0000,0
$GPRMC,220902.43,A,3726.9336520,N,12216.6099860,W,30.8315,130.3306,040121,,,,
$GPGGA,220903.43,3726.9227980,N,12216.5940620,W,1,0,0.0,131.9774,M,0.0000,M,0.0000,0
$GPRMC,220903.43,A,3726.9227980,N,12216.5940620,W,30.9663,130.6802,040121,,,,
$GPGGA,220904.43,3726.9118060,N,12216.5781620,W,1,0,0.0,131.0741,M,0.0000,M,0.0000,0
$GPRMC,220904.43,A,3726.9118060,N,12216.5781620,W,31.1068,131.0443,040121,,,,
$GPGGA,220905.43,3726.9006940,N,12216.5622800,W,1,0,0.0,130.1934,M,0.0000,M,0.0000,0
$GPRMC,220905.43,A,3726.9006940,N,12216.5622800,W,31.1948,131.2596,040121,,,,
$GPGGA,220906.43,3726.8895400,N,12216.5463680,W,1,0,0.0,129.3121,M,0.0000,M,0.0000,0
$GPRMC,220906.43,A,3726.8895400,N,12216.5463680,W,31.2958,131.2279,040121,,,,
$GPGGA,220907.43,3726.8783680,N,12216.5304020,W,1,0,0.0,128.3964,M,0.0000,M,0.0000,0
$GPRMC,220907.43,A,3726.8783680,N,12216.5304020,W,31.3615,131.0823,040121,,,,
$GPGGA,220908.43,3726.8672320,N,12216.5143820,W,1,0,0.0,127.4984,M,0.0000,M,0.0000,0
$GPRMC,220908.43,A,3726.8672320,N,12216.5143820,W,31.3347,131.0071,040121,,,,
$GPGGA,220909.43,3726.8561020,N,12216.4983800,W,1,0,0.0,126.5744,M,0.0000,M,0.0000,0
$GPRMC,220909.43,A,3726.8561020,N,12216.4983800,W,31.3064,131.1738,040121,,,,
$GPGGA,220910.43,3726.8449240,N,12216.4824500,W,1,0,0.0,125.6744,M,0.0000,M,0.0000,0
$GPRMC,220910.43,A,3726.8449240,N,12216.4824500,W,31.2813,131.3347,040121,,,,
$GPGGA,220911.43,3726.8337340,N,12216.4665560,W,1,0,0.0,124.7791,M,0.0000,M,0.0000,0
$GPRMC,220911.43,A,3726.8337340,N,12216.4665560,W,31.2594,131.4784,040121,,,,
$GPGGA,220912.43,3726.8225200,N,12216.4507040,W,1,0,0.0,123.9054,M,0.0000,M,0.0000,0
$GPRMC,220912.43,A,3726.8225200,N,12216.4507040,W,31.2559,131.4596,040121,,,,
$GPGGA,220913.43,3726.8113120,N,12216.4348400,W,1,0,0.0,123.1105,M,0.0000,M,0.0000,0
$GPRMC,220913.43,A,3726.8113120,N,12216.4348400,W,31.2359,131.3050,040121,,,,
$GPGGA,220914.43,3726.8001940,N,12216.4189400,W,1,0,0.0,122.4278,M,0.0000,M,0.0000,0
$GPRMC,220914.43,A,3726.8001940,N,12216.4189400,W,31.1682,131.1660,040121,,,,
$GPGGA,220915.43,3726.7891060,N,12216.4030640,W,1,0,0.0,121.8528,M,0.0000,M,0.0000,0
$GPRMC,220915.43,A,3726.7891060,N,12216.4030640,W,31.0909,131.1774,040121,,,,
$GPGGA,220916.43,3726.7780360,N,12216.3872480,W,1,0,0.0,121.4452,M,0.0000,M,0.0000,0
$GPRMC,220916.43,A,3726.7780360,N,12216.3872480,W,30.9673,131.1504,040121,,,,
$GPGGA,220917.43,3726.7670560,N,12216.3714680,W,1,0,0.0,121.1469,M,0.0000,M,0.0000,0
$GPRMC,220917.43,A,3726.7670560,N,12216.3714680,W,30.8098,131.1435,040121,,,,
$GPGGA,220918.43,3726.7561240,N,12216.3558080,W,1,0,0.0,120.9096,M,0.0000,M,0.0000,0
$GPRMC,220918.43,A,3726.7561240,N,12216.3558080,W,30.5783,131.1391,040121,,,,
$GPGGA,220919.43,3726.7454140,N,12216.3401240,W,1,0,0.0,120.7613,M,0.0000,M,0.0000,0
$GPRMC,220919.43,A,3726.7454140,N,12216.3401240,W,30.3369,129.7218,040121,,,,
$GPGGA,220920.43,3726.7351900,N,12216.3241580,W,1,0,0.0,120.6516,M,0.0000,M,0.0000,0
$GPRMC,220920.43,A,3726.7351900,N,12216.3241580,W,30.0791,127.8718,040121,,,,
$GPGGA,220921.43,3726.7254340,N,12216.3079460,W,1,0,0.0,120.5933,M,0.0000,M,0.0000,0
$GPRMC,220921.43,A,3726.7254340,N,12216.3079460,W,29.8402,126.2640,040121,,,,
$GPGGA,220922.43,3726.7160680,N,12216.2915540,W,1,0,0.0,120.6167,M,0.0000,M,0.0000,0
$GPRMC,220922.43,A,3726.7160680,N,12216.2915540,W,29.6316,124.8571,040121,,,,
$GPGGA,220923.43,3726.7071460,N,12216.2749100,W,1,0,0.0,120.7194,M,0.0000,M,0.0000,0
$GPRMC,220923.43,A,3726.7071460,N,12216.2749100,W,29.5312,122.9942,040121,,,,
$GPGGA,220924.43,3726.6986200,N,12216.2580080,W,1,0,0.0,120.9151,M,0.0000,M,0.0000,0
$GPRMC,220924.43,A,3726.6986200,N,12216.2580080,W,29.4702,121.7072,040121,,,,
$GPGGA,220925.43,3726.6904360,N,12216.2408900,W,1,0,0.0,121.2261,M,0.0000,M,0.0000,0
$GPRMC,220925.43,A,3726.6904360,N,12216.2408900,W,29.3965,120.1234,040121,,,,
$GPGGA,220926.43,3726.6826360,N,12216.2235440,W,1,0,0.0,121.5217,M,0.0000,M,0.0000,0
$GPRMC,220926.43,A,3726.6826360,N,12216.2235440,W,29.3268,118.6286,040121,,,,
$GPGGA,220927.43,3726.6752560,N,12216.2059760,W,1,0,0.0,121.8711,M,0.0000,M,0.0000,0
$GPRMC,220927.43,A,3726.6752560,N,12216.2059760,W,29.2656,117.0101,040121,,,,
$GPGGA,220928.43,3726.6682660,N,12216.1881920,W,1,0,0.0,122.2278,M,0.0000,M,0.0000,0
$GPRMC,220928.43,A,3726.6682660,N,12216.1881920,W,29.2086,115.4413,040121,,,,
$GPGGA,220929.43,3726.6616780,N,12216.1702040,W,1,0,0.0,122.4961,M,0.0000,M,0.0000,0
$GPRMC,220929.43,A,3726.6616780,N,12216.1702040,W,29.1602,113.8396,040121,,,,
$GPGGA,220930.43,3726.6554860,N,12216.1520420,W,1,0,0.0,122.8154,M,0.0000,M,0.0000,0
$GPRMC,220930.43,A,3726.6554860,N,12216.1520420,W,29.1046,112.4719,040121,,,,
$GPGGA,220931.43,3726.6496960,N,12216.1337300,W,1,0,0.0,123.2372,M,0.0000,M,0.0000,0
$GPRMC,220931.43,A,3726.6496960,N,12216.1337300,W,28.9891,110.6739,040121,,,,
$GPGGA,220932.43,3726.6443680,N,12216.1152560,W,1,0,0.0,123.5624,M,0.0000,M,0.0000,0
$GPRMC,220932.43,A,3726.6443680,N,12216.1152560,W,28.9422,109.0695,040121,,,,
$GPGGA,220933.43,3726.6394900,N,12216.0966260,W,1,0,0.0,123.8961,M,0.0000,M,0.0000,0
$GPRMC,220933.43,A,3726.6394900,N,12216.0966260,W,28.9145,107.1925,040121,,,,
$GPGGA,220934.43,3726.6350560,N,12216.0778280,W,1,0,0.0,124.2121,M,0.0000,M,0.0000,0
$GPRMC,220934.43,A,3726.6350560,N,12216.0778280,W,28.8925,105.7704,040121,,,,
$GPGGA,220935.43,3726.6309640,N,12216.0589220,W,1,0,0.0,124.5374,M,0.0000,M,0.0000,0
$GPRMC,220935.43,A,3726.6309640,N,12216.0589220,W,28.8840,104.5907,040121,,,,
$GPGGA,220936.43,3726.6272080,N,12216.0399200,W,1,0,0.0,124.8978,M,0.0000,M,0.0000,0
$GPRMC,220936.43,A,3726.6272080,N,12216.0399200,W,28.8734,103.2319,040121,,,,
$GPGGA,220937.43,3726.6238120,N,12216.0208160,W,1,0,0.0,125.2214,M,0.0000,M,0.0000,0
$GPRMC,220937.43,A,3726.6238120,N,12216.0208160,W,28.8569,101.7840,040121,,,,
$GPGGA,220938.43,3726.6208540,N,12216.0016160,W,1,0,0.0,125.5511,M,0.0000,M,0.0000,0
$GPRMC,220938.43,A,3726.6208540,N,12216.0016160,W,28.8417,100.0187,040121,,,,
$GPGGA,220939.43,3726.6183820,N,12215.9822900,W,1,0,0.0,125.8631,M,0.0000,M,0.0000,0
$GPRMC,220939.43,A,3726.6183820,N,12215.9822900,W,28.8809,98.1380,040121,,,,
$GPGGA,220940.43,3726.6163600,N,12215.9628560,W,1,0,0.0,126.1401,M,0.0000,M,0.0000,0
$GPRMC,220940.43,A,3726.6163600,N,12215.9628560,W,28.9288,96.7508,040121,,,,
$GPGGA,220941.43,3726.6146980,N,12215.9433200,W,1,0,0.0,126.3894,M,0.0000,M,0.0000,0
$GPRMC,220941.43,A,3726.6146980,N,12215.9433200,W,29.0775,95.3389,040121,,,,
$GPGGA,220942.43,3726.6134380,N,12215.9235860,W,1,0,0.0,126.5951,M,0.0000,M,0.0000,0
$GPRMC,220942.43,A,3726.6134380,N,12215.9235860,W,29.2984,93.7726,040121,,,,
$GPGGA,220943.43,3726.6126220,N,12215.9036600,W,1,0,0.0,126.7374,M,0.0000,M,0.0000,0
$GPRMC,220943.43,A,3726.6126220,N,12215.9036600,W,29.5444,92.0337,040121,,,,
$GPGGA,220944.43,3726.6122800,N,12215.8835600,W,1,0,0.0,126.8564,M,0.0000,M,0.0000,0
$GPRMC,220944.43,A,3726.6122800,N,12215.8835600,W,29.7700,90.4056,040121,,,,
$GPGGA,220945.43,3726.6123400,N,12215.8632800,W,1,0,0.0,126.8867,M,0.0000,M,0.0000,0
$GPRMC,220945.43,A,3726.6123400,N,12215.8632800,W,30.0478,89.2438,040121,,,,
$GPGGA,220946.43,3726.6127000,N,12215.8428020,W,1,0,0.0,126.8383,M,0.0000,M,0.0000,0
$GPRMC,220946.43,A,3726.6127000,N,12215.8428020,W,30.3579,87.9605,040121,,,,
$GPGGA,220947.43,3726.6135640,N,12215.8222160,W,1,0,0.0,126.8393,M,0.0000,M,0.0000,0
$GPRMC,220947.43,A,3726.6135640,N,12215.8222160,W,30.3830,85.8464,040121,,,,
$GPGGA,220948.43,3726.6150280,N,12215.8017320,W,1,0,0.0,126.7760,M,0.0000,M,0.0000,0
$GPRMC,220948.43,A,3726.6150280,N,12215.8017320,W,30.2900,83.9792,040121,,,,
$GPGGA,220949.43,3726.6168880,N,12215.7813380,W,1,0,0.0,126.6359,M,0.0000,M,0.0000,0
$GPRMC,220949.43,A,3726.6168880,N,12215.7813380,W,30.2787,82.8889,040121,,,,
$GPGGA,220950.43,3726.6190060,N,12215.7609560,W,1,0,0.0,126.3676,M,0.0000,M,0.0000,0
$GPRMC,220950.43,A,3726.6190060,N,12215.7609560,W,30.3757,82.1249,040121,,,,
$GPGGA,220951.43,3726.6213100,N,12215.7404900,W,1,0,0.0,126.0686,M,0.0000,M,0.0000,0
$GPRMC,220951.43,A,3726.6213100,N,12215.7404900,W,30.5806,81.7988,040121,,,,
$GPGGA,220952.43,3726.6236200,N,12215.7198860,W,1,0,0.0,125.7649,M,0.0000,M,0.0000,0
$GPRMC,220952.43,A,3726.6236200,N,12215.7198860,W,30.7960,82.0798,040121,,,,
$GPGGA,220953.43,3726.6258220,N,12215.6991200,W,1,0,0.0,125.5179,M,0.0000,M,0.0000,0
$GPRMC,220953.43,A,3726.6258220,N,12215.6991200,W,30.9686,82.5397,040121,,,,
$GPGGA,220954.43,3726.6280000,N,12215.6783060,W,1,0,0.0,125.3129,M,0.0000,M,0.0000,0
$GPRMC,220954.43,A,3726.6280000,N,12215.6783060,W,30.9509,82.2921,040121,,,,
$GPGGA,220955.43,3726.6302680,N,12215.6575220,W,1,0,0.0,125.1156,M,0.0000,M,0.0000,0
$GPRMC,220955.43,A,3726.6302680,N,12215.6575220,W,30.9142,81.9318,040121,,,,
$GPGGA,220956.43,3726.6325900,N,12215.6367980,W,1,0,0.0,124.9413,M,0.0000,M,0.0000,0
$GPRMC,220956.43,A,3726.6325900,N,12215.6367980,W,30.8018,81.8683,040121,,,,
$GPGGA,220957.43,3726.6349240,N,12215.6161760,W,1,0,0.0,124.7216,M,0.0000,M,0.0000,0
$GPRMC,220957.43,A,3726.6349240,N,12215.6161760,W,30.6443,81.9489,040121,,,,
$GPGGA,220958.43,3726.6371380,N,12215.5956260,W,1,0,0.0,124.4029,M,0.0000,M,0.0000,0
$GPRMC,220958.43,A,3726.6371380,N,12215.5956260,W,30.5363,82.5394,040121,,,,
$GPGGA,220959.43,3726.6391240,N,12215.5751000,W,1,0,0.0,124.0109,M,0.0000,M,0.0000,0
$GPRMC,220959.43,A,3726.6391240,N,12215.5751000,W,30.4701,83.6708,040121,,,,
$GPGGA,221000.43,3726.6406720,N,12215.5545140,W,1,0,0.0,123.5575,M,0.0000,M,0.0000,0
$GPRMC,221000.43,A,3726.6406720,N,12215.5545140,W,30.5378,85.4265,040121,,,,
$GPGGA,221001.43,3726.6416920,N,12215.5338080,W,1,0,0.0,123.0652,M,0.0000,M,0.0000,0
$GPRMC,221001.43,A,3726.6416920,N,12215.5338080,W,30.6860,87.4491,040121,,,,
$GPGGA,221002.43,3726.6420340,N,12215.5129700,W,1,0,0.0,122.4735,M,0.0000,M,0.0000,0
$GPRMC,221002.43,A,3726.6420340,N,12215.5129700,W,30.7985,89.9220,040121,,,,
$GPGGA,221003.43,3726.6417700,N,12215.4920600,W,1,0,0.0,121.7955,M,0.0000,M,0.0000,0
$GPRMC,221003.43,A,3726.6417700,N,12215.4920600,W,30.8928,91.8582,040121,,,,
$GPGGA,221004.43,3726.6409480,N,12215.4711260,W,1,0,0.0,121.0521,M,0.0000,M,0.0000,0
$GPRMC,221004.43,A,3726.6409480,N,12215.4711260,W,30.9359,93.5708,040121,,,,
$GPGGA,221005.43,3726.6396280,N,12215.4502340,W,1,0,0.0,120.2428,M,0.0000,M,0.0000,0
$GPRMC,221005.43,A,3726.6396280,N,12215.4502340,W,30.8817,95.4142,040121,,,,
$GPGGA,221006.43,3726.6377560,N,12215.4294680,W,1,0,0.0,119.3431,M,0.0000,M,0.0000,0
$GPRMC,221006.43,A,3726.6377560,N,12215.4294680,W,30.7525,97.5327,040121,,,,
$GPGGA,221007.43,3726.6352360,N,12215.4089180,W,1,0,0.0,118.4000,M,0.0000,M,0.0000,0
$GPRMC,221007.43,A,3726.6352360,N,12215.4089180,W,30.6083,99.7421,040121,,,,
$GPGGA,221008.43,3726.6321460,N,12215.3885840,W,1,0,0.0,117.3663,M,0.0000,M,0.0000,0
$GPRMC,221008.43,A,3726.6321460,N,12215.3885840,W,30.4762,101.6601,040121,,,,
$GPGGA,221009.43,3726.6285460,N,12215.3684600,W,1,0,0.0,116.2593,M,0.0000,M,0.0000,0
$GPRMC,221009.43,A,3726.6285460,N,12215.3684600,W,30.3711,103.3853,040121,,,,
$GPGGA,221010.43,3726.6244900,N,12215.3485400,W,1,0,0.0,115.1047,M,0.0000,M,0.0000,0
$GPRMC,221010.43,A,3726.6244900,N,12215.3485400,W,30.2918,105.1470,040121,,,,
$GPGGA,221011.43,3726.6199180,N,12215.3288360,W,1,0,0.0,113.8650,M,0.0000,M,0.0000,0
$GPRMC,221011.43,A,3726.6199180,N,12215.3288360,W,30.2808,107.1955,040121,,,,
$GPGGA,221012.43,3726.6147820,N,12215.3093180,W,1,0,0.0,112.6420,M,0.0000,M,0.0000,0
$GPRMC,221012.43,A,3726.6147820,N,12215.3093180,W,30.3462,109.1256,040121,,,,
$GPGGA,221013.43,3726.6091540,N,12215.2899800,W,1,0,0.0,111.4117,M,0.0000,M,0.0000,0
$GPRMC,221013.43,A,3726.6091540,N,12215.2899800,W,30.3816,110.7615,040121,,,,
$GPGGA,221014.43,3726.6030460,N,12215.2708400,W,1,0,0.0,110.1880,M,0.0000,M,0.0000,0
$GPRMC,221014.43,A,3726.6030460,N,12215.2708400,W,30.4294,112.7469,040121,,,,
$GPGGA,221015.43,3726.5963920,N,12215.2519640,W,1,0,0.0,108.9623,M,0.0000,M,0.0000,0
$GPRMC,221015.43,A,3726.5963920,N,12215.2519640,W,30.4876,114.7713,040121,,,,
$GPGGA,221016.43,3726.5891980,N,12215.2333460,W,1,0,0.0,107.7113,M,0.0000,M,0.0000,0
$GPRMC,221016.43,A,3726.5891980,N,12215.2333460,W,30.5479,116.8547,040121,,,,
$GPGGA,221017.43,3726.5814580,N,12215.2150340,W,1,0,0.0,106.4853,M,0.0000,M,0.0000,0
$GPRMC,221017.43,A,3726.5814580,N,12215.2150340,W,30.5981,118.8658,040121,,,,
$GPGGA,221018.43,3726.5731840,N,12215.1970580,W,1,0,0.0,105.2563,M,0.0000,M,0.0000,0
$GPRMC,221018.43,A,3726.5731840,N,12215.1970580,W,30.6489,120.9823,040121,,,,
$GPGGA,221019.43,3726.5643820,N,12215.1794360,W,1,0,0.0,104.0316,M,0.0000,M,0.0000,0
$GPRMC,221019.43,A,3726.5643820,N,12215.1794360,W,30.7100,123.0048,040121,,,,
$GPGGA,221020.43,3726.5550280,N,12215.1622400,W,1,0,0.0,102.7950,M,0.0000,M,0.0000,0
$GPRMC,221020.43,A,3726.5550280,N,12215.1622400,W,30.7048,125.5089,040121,,,,
$GPGGA,221021.43,3726.5450080,N,12215.1456620,W,1,0,0.0,101.5196,M,0.0000,M,0.0000,0
$GPRMC,221021.43,A,3726.5450080,N,12215.1456620,W,30.6663,128.5959,040121,,,,
$GPGGA,221022.43,3726.5344120,N,12215.1297020,W,1,0,0.0,100.3656,M,0.0000,M,0.0000,0
$GPRMC,221022.43,A,3726.5344120,N,12215.1297020,W,30.6184,130.7374,040121,,,,
$GPGGA,221023.43,3726.5233780,N,12215.1142280,W,1,0,0.0,99.0367,M,0.0000,M,0.0000,0
$GPRMC,221023.43,A,3726.5233780,N,12215.1142280,W,30.6828,132.4065,040121,,,,
$GPGGA,221024.43,3726.5120380,N,12215.0988560,W,1,0,0.0,97.6990,M,0.0000,M,0.0000,0
$GPRMC,221024.43,A,3726.5120380,N,12215.0988560,W,31.1236,132.9355,040121,,,,
$GPGGA,221025.43,3726.5004460,N,12215.0833400,W,1,0,0.0,96.6014,M,0.0000,M,0.0000,0
$GPRMC,221025.43,A,3726.5004460,N,12215.0833400,W,31.5858,133.2347,040121,,,,
$GPGGA,221026.43,3726.4886200,N,12215.0677520,W,1,0,0.0,95.4346,M,0.0000,M,0.0000,0
$GPRMC,221026.43,A,3726.4886200,N,12215.0677520,W,31.8546,133.7638,040121,,,,
$GPGGA,221027.43,3726.4766320,N,12215.0521700,W,1,0,0.0,94.1530,M,0.0000,M,0.0000,0
$GPRMC,221027.43,A,3726.4766320,N,12215.0521700,W,31.9935,133.9382,040121,,,,
$GPGGA,221028.43,3726.4646260,N,12215.0365580,W,1,0,0.0,92.8536,M,0.0000,M,0.0000,0
$GPRMC,221028.43,A,3726.4646260,N,12215.0365580,W,31.9459,133.8354,040121,,,,
$GPGGA,221029.43,3726.4526800,N,12215.0209700,W,1,0,0.0,91.6430,M,0.0000,M,0.0000,0
$GPRMC,221029.43,A,3726.4526800,N,12215.0209700,W,31.8328,133.7401,040121,,,,
$GPGGA,221030.43,3726.4407880,N,12215.0054120,W,1,0,0.0,90.3493,M,0.0000,M,0.0000,0
$GPRMC,221030.43,A,3726.4407880,N,12215.0054120,W,31.7346,133.7844,040121,,,,
$GPGGA,221031.43,3726.4289260,N,12214.9899440,W,1,0,0.0,89.1050,M,0.0000,M,0.0000,0
$GPRMC,221031.43,A,3726.4289260,N,12214.9899440,W,31.6042,133.7939,040121,,,,
$GPGGA,221032.43,3726.4170940,N,12214.9745300,W,1,0,0.0,87.8277,M,0.0000,M,0.0000,0
$GPRMC,221032.43,A,3726.4170940,N,12214.9745300,W,31.5152,133.9242,040121,,,,
$GPGGA,221033.43,3726.4052740,N,12214.9591760,W,1,0,0.0,86.5813,M,0.0000,M,0.0000,0
$GPRMC,221033.43,A,3726.4052740,N,12214.9591760,W,31.4299,133.8361,040121,,,,
$GPGGA,221034.43,3726.3934960,N,12214.9438640,W,1,0,0.0,85.3860,M,0.0000,M,0.0000,0
$GPRMC,221034.43,A,3726.3934960,N,12214.9438640,W,31.3408,133.7949,040121,,,,
$GPGGA,221035.43,3726.3817360,N,12214.9286120,W,1,0,0.0,84.1907,M,0.0000,M,0.0000,0
$GPRMC,221035.43,A,3726.3817360,N,12214.9286120,W,31.2510,133.9680,040121,,,,
$GPGGA,221036.43,3726.3699820,N,12214.9134260,W,1,0,0.0,82.8243,M,0.0000,M,0.0000,0
$GPRMC,221036.43,A,3726.3699820,N,12214.9134260,W,31.1752,134.2252,040121,,,,
$GPGGA,221037.43,3726.3581800,N,12214.8983660,W,1,0,0.0,81.5090,M,0.0000,M,0.0000,0
$GPRMC,221037.43,A,3726.3581800,N,12214.8983660,W,31.1196,134.6263,040121,,,,
$GPGGA,221038.43,3726.3463660,N,12214.8834260,W,1,0,0.0,80.2786,M,0.0000,M,0.0000,0
$GPRMC,221038.43,A,3726.3463660,N,12214.8834260,W,30.9022,134.7737,040121,,,,
$GPGGA,221039.43,3726.3346420,N,12214.8687500,W,1,0,0.0,79.0040,M,0.0000,M,0.0000,0
$GPRMC,221039.43,A,3726.3346420,N,12214.8687500,W,30.3063,135.1976,040121,,,,
$GPGGA,221040.43,3726.3231580,N,12214.8545180,W,1,0,0.0,77.8407,M,0.0000,M,0.0000,0
$GPRMC,221040.43,A,3726.3231580,N,12214.8545180,W,29.3450,135.2662,040121,,,,
$GPGGA,221041.43,3726.3121420,N,12214.8409160,W,1,0,0.0,76.6294,M,0.0000,M,0.0000,0
$GPRMC,221041.43,A,3726.3121420,N,12214.8409160,W,27.7607,135.6780,040121,,,,
$GPGGA,221042.43,3726.3016300,N,12214.8282920,W,1,0,0.0,75.6534,M,0.0000,M,0.0000,0
$GPRMC,221042.43,A,3726.3016300,N,12214.8282920,W,26.1111,136.9217,040121,,,,
$GPGGA,221043.43,3726.2913820,N,12214.8167180,W,1,0,0.0,74.6247,M,0.0000,M,0.0000,0
$GPRMC,221043.43,A,3726.2913820,N,12214.8167180,W,25.0494,138.6666,040121,,,,
$GPGGA,221044.43,3726.2812360,N,12214.8058340,W,1,0,0.0,73.5657,M,0.0000,M,0.0000,0
$GPRMC,221044.43,A,3726.2812360,N,12214.8058340,W,24.4011,139.9391,040121,,,,
$GPGGA,221045.43,3726.2710900,N,12214.7953460,W,1,0,0.0,72.5128,M,0.0000,M,0.0000,0
$GPRMC,221045.43,A,3726.2710900,N,12214.7953460,W,24.3184,140.8160,040121,,,,
$GPGGA,221046.43,3726.2609140,N,12214.7849240,W,1,0,0.0,71.5130,M,0.0000,M,0.0000,0
$GPRMC,221046.43,A,3726.2609140,N,12214.7849240,W,24.3007,140.5179,040121,,,,
$GPGGA,221047.43,3726.2507440,N,12214.7745020,W,1,0,0.0,70.5047,M,0.0000,M,0.0000,0
$GPRMC,221047.43,A,3726.2507440,N,12214.7745020,W,24.2961,140.9616,040121,,,,
$GPGGA,221048.43,3726.2405320,N,12214.7641520,W,1,0,0.0,69.5284,M,0.0000,M,0.0000,0
$GPRMC,221048.43,A,3726.2405320,N,12214.7641520,W,24.2664,140.9626,040121,,,,
$GPGGA,221049.43,3726.2303800,N,12214.7537420,W,1,0,0.0,68.5360,M,0.0000,M,0.0000,0
$GPRMC,221049.43,A,3726.2303800,N,12214.7537420,W,24.2469,140.6308,040121,,,,
$GPGGA,221050.43,3726.2202580,N,12214.7433140,W,1,0,0.0,67.5044,M,0.0000,M,0.0000,0
$GPRMC,221050.43,A,3726.2202580,N,12214.7433140,W,24.2389,140.7452,040121,,,,
$GPGGA,221051.43,3726.2101720,N,12214.7328140,W,1,0,0.0,66.4033,M,0.0000,M,0.0000,0
$GPRMC,221051.43,A,3726.2101720,N,12214.7328140,W,24.2556,139.9383,040121,,,,
$GPGGA,221052.43,3726.2002120,N,12214.7220860,W,1,0,0.0,65.1473,M,0.0000,M,0.0000,0
$GPRMC,221052.43,A,3726.2002120,N,12214.7220860,W,24.3270,138.7658,040121,,,,
$GPGGA,221053.43,3726.1903000,N,12214.7112080,W,1,0,0.0,63.8266,M,0.0000,M,0.0000,0
$GPRMC,221053.43,A,3726.1903000,N,12214.7112080,W,24.4017,138.7782,040121,,,,
$GPGGA,221054.43,3726.1804000,N,12214.7003180,W,1,0,0.0,62.5303,M,0.0000,M,0.0000,0
$GPRMC,221054.43,A,3726.1804000,N,12214.7003180,W,24.1941,138.6100,040121,,,,
$GPGGA,221055.43,3726.1707460,N,12214.6896560,W,1,0,0.0,61.2770,M,0.0000,M,0.0000,0
$GPRMC,221055.43,A,3726.1707460,N,12214.6896560,W,23.2237,138.5098,040121,,,,
$GPGGA,221056.43,3726.1616740,N,12214.6796180,W,1,0,0.0,60.1137,M,0.0000,M,0.0000,0
$GPRMC,221056.43,A,3726.1616740,N,12214.6796180,W,21.4489,138.5552,040121,,,,
$GPGGA,221057.43,3726.1533760,N,12214.6704440,W,1,0,0.0,59.1167,M,0.0000,M,0.0000,0
$GPRMC,221057.43,A,3726.1533760,N,12214.6704440,W,19.4016,138.5669,040121,,,,
$GPGGA,221058.43,3726.1460260,N,12214.6623260,W,1,0,0.0,58.3122,M,0.0000,M,0.0000,0
$GPRMC,221058.43,A,3726.1460260,N,12214.6623260,W,16.8389,138.7574,040121,,,,
$GPGGA,221059.43,3726.1397080,N,12214.6554020,W,1,0,0.0,57.8119,M,0.0000,M,0.0000,0
$GPRMC,221059.43,A,3726.1397080,N,12214.6554020,W,14.1691,138.7638,040121,,,,
$GPGGA,221100.43,3726.1344460,N,12214.6496300,W,1,0,0.0,57.4949,M,0.0000,M,0.0000,0
$GPRMC,221100.43,A,3726.1344460,N,12214.6496300,W,11.7568,138.7616,040121,,,,
$GPGGA,221101.43,3726.1301140,N,12214.6448600,W,1,0,0.0,57.3223,M,0.0000,M,0.0000,0
$GPRMC,221101.43,A,3726.1301140,N,12214.6448600,W,9.6673,138.8054,040121,,,,
$GPGGA,221102.43,3726.1265440,N,12214.6409600,W,1,0,0.0,57.2036,M,0.0000,M,0.0000,0
$GPRMC,221102.43,A,3726.1265440,N,12214.6409600,W,7.8674,138.8961,040121,,,,
$GPGGA,221103.43,3726.1236580,N,12214.6377380,W,1,0,0.0,57.1296,M,0.0000,M,0.0000,0
$GPRMC,221103.43,A,3726.1236580,N,12214.6377380,W,6.4799,138.1962,040121,,,,
$GPGGA,221104.43,3726.1213180,N,12214.6350740,W,1,0,0.0,57.0186,M,0.0000,M,0.0000,0
$GPRMC,221104.43,A,3726.1213180,N,12214.6350740,W,5.0877,137.9896,040121,,,,
$GPGGA,221105.43,3726.1195900,N,12214.6331120,W,1,0,0.0,56.9646,M,0.0000,M,0.0000,0
$GPRMC,221105.43,A,3726.1195900,N,12214.6331120,W,3.6527,137.8415,040121,,,,
$GPGGA,221106.43,3726.1183420,N,12214.6316660,W,1,0,0.0,56.9090,M,0.0000,M,0.0000,0
$GPRMC,221106.43,A,3726.1183420,N,12214.6316660,W,2.6684,137.6571,040121,,,,
$GPGGA,221107.43,3726.1174300,N,12214.6306220,W,1,0,0.0,56.8680,M,0.0000,M,0.0000,0
$GPRMC,221107.43,A,3726.1174300,N,12214.6306220,W,1.8481,137.5202,040121,,,,
$GPGGA,221108.43,3726.1168900,N,12214.6299980,W,1,0,0.0,56.8453,M,0.0000,M,0.0000,0
$GPRMC,221108.43,A,3726.1168900,N,12214.6299980,W,0.8136,137.4480,040121,,,,
$GPGGA,221109.43,3726.1167760,N,12214.6298660,W,1,0,0.0,56.8333,M,0.0000,M,0.0000,0
$GPRMC,221109.43,A,3726.1167760,N,12214.6298660,W,0.0083,137.4229,040121,,,,
$GPGGA,221110.43,3726.1167760,N,12214.6298660,W,1,0,0.0,56.8340,M,0.0000,M,0.0000,0
$GPRMC,221110.43,A,3726.1167760,N,12214.6298660,W,0.0017,137.4267,040121,,,,
$GPGGA,221111.43,3726.1167760,N,12214.6298660,W,1,0,0.0,56.8330,M,0.0000,M,0.0000,0
$GPRMC,221111.43,A,3726.1167760,N,12214.6298660,W,0.0011,137.4257,040121,,,,
$GPGGA,221112.43,3726.1167760,N,12214.6298660,W,1,0,0.0,56.8330,M,0.0000,M,0.0000,0
$GPRMC,221112.43,A,3726.1167760,N,12214.6298660,W,0.0010,137.4266,040121,,,,
$GPGGA,221113.43,3726.1167760,N,12214.6298660,W,1,0,0.0,56.8330,M,0.0000,M,0.0000,0
$GPRMC,221113.43,A,3726.1167760,N,12214.6298660,W,0.0003,137.4259,040121,,,,
$GPGGA,221114.43,3726.1167760,N,12214.6298660,W,1,0,0.0,56.8330,M,0.0000,M,0.0000,0
$GPRMC,221114.43,A,3726.1167760,N,12214.6298660,W,0.0010,137.4260,040121,,,,
$GPGGA,221115.43,3726.1167760,N,12214.6298660,W,1,0,0.0,56.8330,M,0.0000,M,0.0000,0
$GPRMC,221115.43,A,3726.1167760,N,12214.6298660,W,0.0010,137.4265,040121,,,,
$GPGGA,221116.43,3726.1167760,N,12214.6298660,W,1,0,0.0,56.8330,M,0.0000,M,0.0000,0
$GPRMC,221116.43,A,3726.1167760,N,12214.6298660,W,0.0000,137.4267,040121,,,,
$GPGGA,221117.43,3726.1167760,N,12214.6298660,W,1,0,0.0,56.8330,M,0.0000,M,0.0000,0
$GPRMC,221117.43,A,3726.1167760,N,12214.6298660,W,0.0000,137.4276,040121,,,,
$GPGGA,221118.43,3726.1167760,N,12214.6298660,W,1,0,0.0,56.8330,M,0.0000,M,0.0000,0
$GPRMC,221118.43,A,3726.1167760,N,12214.6298660,W,0.0000,137.4275,040121,,,,
$GPGGA,221119.43,3726.1167760,N,12214.6298660,W,1,0,0.0,56.8330,M,0.0000,M,0.0000,0
$GPRMC,221119.43,A,3726.1167760,N,12214.6298660,W,0.0000,137.4271,040121,,,,
$GPGGA,221120.43,3726.1167760,N,12214.6298660,W,1,0,0.0,56.8330,M,0.0000,M,0.0000,0
$GPRMC,221120.43,A,3726.1167760,N,12214.6298660,W,0.0013,137.4271,040121,,,,
$GPGGA,221121.43,3726.1167760,N,12214.6298660,W,1,0,0.0,56.8330,M,0.0000,M,0.0000,0
$GPRMC,221121.43,A,3726.1167760,N,12214.6298660,W,0.0018,137.4267,040121,,,,
$GPGGA,221122.43,3726.1167760,N,12214.6298660,W,1,0,0.0,56.8330,M,0.0000,M,0.0000,0
$GPRMC,221122.43,A,3726.1167760,N,12214.6298660,W,0.0000,137.4268,040121,,,,
$GPGGA,221123.43,3726.1167760,N,12214.6298660,W,1,0,0.0,56.8330,M,0.0000,M,0.0000,0
$GPRMC,221123.43,A,3726.1167760,N,12214.6298660,W,0.0010,137.4270,040121,,,,
$GPGGA,221124.43,3726.1167760,N,12214.6298660,W,1,0,0.0,56.8330,M,0.0000,M,0.0000,0
$GPRMC,221124.43,A,3726.1167760,N,12214.6298660,W,0.0010,137.4276,040121,,,,
$GPGGA,221125.43,3726.1167760,N,12214.6298660,W,1,0,0.0,56.8330,M,0.0000,M,0.0000,0
$GPRMC,221125.43,A,3726.1167760,N,12214.6298660,W,0.0010,137.4263,040121,,,,
$GPGGA,221126.43,3726.1167760,N,12214.6298660,W,1,0,0.0,56.8330,M,0.0000,M,0.0000,0
$GPRMC,221126.43,A,3726.1167760,N,12214.6298660,W,0.0010,137.4263,040121,,,,
$GPGGA,221127.43,3726.1167760,N,12214.6298660,W,1,0,0.0,56.8330,M,0.0000,M,0.0000,0
$GPRMC,221127.43,A,3726.1167760,N,12214.6298660,W,0.0010,137.4260,040121,,,,
$GPGGA,221128.43,3726.1167760,N,12214.6298660,W,1,0,0.0,56.8330,M,0.0000,M,0.0000,0
$GPRMC,221128.43,A,3726.1167760,N,12214.6298660,W,0.0010,137.4256,040121,,,,
$GPGGA,221129.43,3726.1167760,N,12214.6298660,W,1,0,0.0,56.8330,M,0.0000,M,0.0000,0
$GPRMC,221129.43,A,3726.1167760,N,12214.6298660,W,0.0007,137.4253,040121,,,,
$GPGGA,221130.43,3726.1167760,N,12214.6298660,W,1,0,0.0,56.8330,M,0.0000,M,0.0000,0
$GPRMC,221130.43,A,3726.1167760,N,12214.6298660,W,0.0000,137.4249,040121,,,,
$GPGGA,221131.43,3726.1167760,N,12214.6298720,W,1,0,0.0,56.8330,M,0.0000,M,0.0000,0
$GPRMC,221131.43,A,3726.1167760,N,12214.6298720,W,0.0000,137.4253,040121,,,,
$GPGGA,221132.43,3726.1167460,N,12214.6298420,W,1,0,0.0,56.8267,M,0.0000,M,0.0000,0
$GPRMC,221132.43,A,3726.1167460,N,12214.6298420,W,0.3051,137.4104,040121,,,,
$GPGGA,221133.43,3726.1164100,N,12214.6294400,W,1,0,0.0,56.8113,M,0.0000,M,0.0000,0
$GPRMC,221133.43,A,3726.1164100,N,12214.6294400,W,1.5027,137.0491,040121,,,,
$GPGGA,221134.43,3726.1155640,N,12214.6283720,W,1,0,0.0,56.7720,M,0.0000,M,0.0000,0
$GPRMC,221134.43,A,3726.1155640,N,12214.6283720,W,3.0047,135.3065,040121,,,,
$GPGGA,221135.43,3726.1141780,N,12214.6263440,W,1,0,0.0,56.6876,M,0.0000,M,0.0000,0
$GPRMC,221135.43,A,3726.1141780,N,12214.6263440,W,4.7869,130.2104,040121,,,,
$GPGGA,221136.43,3726.1125400,N,12214.6230500,W,1,0,0.0,56.5136,M,0.0000,M,0.0000,0
$GPRMC,221136.43,A,3726.1125400,N,12214.6230500,W,6.6098,120.3405,040121,,,,
$GPGGA,221137.43,3726.1112020,N,12214.6186100,W,1,0,0.0,56.4020,M,0.0000,M,0.0000,0
$GPRMC,221137.43,A,3726.1112020,N,12214.6186100,W,7.1418,107.5351,040121,,,,
$GPGGA,221138.43,3726.1109740,N,12214.6137800,W,1,0,0.0,56.2313,M,0.0000,M,0.0000,0
$GPRMC,221138.43,A,3726.1109740,N,12214.6137800,W,7.0713,86.6182,040121,,,,
$GPGGA,221139.43,3726.1125220,N,12214.6092980,W,1,0,0.0,56.0903,M,0.0000,M,0.0000,0
$GPRMC,221139.43,A,3726.1125220,N,12214.6092980,W,7.4206,62.2223,040121,,,,
$GPGGA,221140.43,3726.1147420,N,12214.6045880,W,1,0,0.0,55.8149,M,0.0000,M,0.0000,0
$GPRMC,221140.43,A,3726.1147420,N,12214.6045880,W,8.8407,59.5611,040121,,,,
$GPGGA,221141.43,3726.1173760,N,12214.5989420,W,1,0,0.0,55.5126,M,0.0000,M,0.0000,0
$GPRMC,221141.43,A,3726.1173760,N,12214.5989420,W,10.4656,59.5856,040121,,,,
$GPGGA,221142.43,3726.1203520,N,12214.5925340,W,1,0,0.0,55.1456,M,0.0000,M,0.0000,0
$GPRMC,221142.43,A,3726.1203520,N,12214.5925340,W,11.1525,59.8084,040121,,,,
$GPGGA,221143.43,3726.1234120,N,12214.5859460,W,1,0,0.0,54.7742,M,0.0000,M,0.0000,0
$GPRMC,221143.43,A,3726.1234120,N,12214.5859460,W,11.3019,59.6640,040121,,,,
$GPGGA,221144.43,3726.1264960,N,12214.5792920,W,1,0,0.0,54.3966,M,0.0000,M,0.0000,0
$GPRMC,221144.43,A,3726.1264960,N,12214.5792920,W,11.3900,59.6727,040121,,,,
$GPGGA,221145.43,3726.1295740,N,12214.5726980,W,1,0,0.0,54.0082,M,0.0000,M,0.0000,0
$GPRMC,221145.43,A,3726.1295740,N,12214.5726980,W,10.9448,59.5212,040121,,,,
$GPGGA,221146.43,3726.1324360,N,12214.5666680,W,1,0,0.0,53.6449,M,0.0000,M,0.0000,0
$GPRMC,221146.43,A,3726.1324360,N,12214.5666680,W,9.6742,59.2322,040121,,,,
$GPGGA,221147.43,3726.1348840,N,12214.5614900,W,1,0,0.0,53.3273,M,0.0000,M,0.0000,0
$GPRMC,221147.43,A,3726.1348840,N,12214.5614900,W,7.9967,59.3384,040121,,,,
$GPGGA,221148.43,3726.1368100,N,12214.5574040,W,1,0,0.0,53.0939,M,0.0000,M,0.0000,0
$GPRMC,221148.43,A,3726.1368100,N,12214.5574040,W,5.9746,59.4485,040121,,,,
$GPGGA,221149.43,3726.1381720,N,12214.5545480,W,1,0,0.0,52.9340,M,0.0000,M,0.0000,0
$GPRMC,221149.43,A,3726.1381720,N,12214.5545480,W,3.9583,58.9618,040121,,,,
$GPGGA,221150.43,3726.1391080,N,12214.5526700,W,1,0,0.0,52.8236,M,0.0000,M,0.0000,0
$GPRMC,221150.43,A,3726.1391080,N,12214.5526700,W,2.5505,58.3040,040121,,,,
$GPGGA,221151.43,3726.1396780,N,12214.5515480,W,1,0,0.0,52.7493,M,0.0000,M,0.0000,0
$GPRMC,221151.43,A,3726.1396780,N,12214.5515480,W,1.3939,57.9619,040121,,,,
$GPGGA,221152.43,3726.1398940,N,12214.5511160,W,1,0,0.0,52.7193,M,0.0000,M,0.0000,0
$GPRMC,221152.43,A,3726.1398940,N,12214.5511160,W,0.1621,57.8548,040121,,,,
$GPGGA,221153.43,3726.1398940,N,12214.5511100,W,1,0,0.0,52.7140,M,0.0000,M,0.0000,0
$GPRMC,221153.43,A,3726.1398940,N,12214.5511100,W,0.0026,57.8498,040121,,,,
$GPGGA,221154.43,3726.1398940,N,12214.5511100,W,1,0,0.0,52.7140,M,0.0000,M,0.0000,0
$GPRMC,221154.43,A,3726.1398940,N,12214.5511100,W,0.0009,57.8487,040121,,,,
$GPGGA,221155.43,3726.1398940,N,12214.5511100,W,1,0,0.0,52.7140,M,0.0000,M,0.0000,0
$GPRMC,221155.43,A,3726.1398940,N,12214.5511100,W,0.0010,57.8486,040121,,,,
$GPGGA,221156.43,3726.1398940,N,12214.5511100,W,1,0,0.0,52.7140,M,0.0000,M,0.0000,0
$GPRMC,221156.43,A,3726.1398940,N,12214.5511100,W,0.0010,57.8489,040121,,,,
$GPGGA,221157.43,3726.1398940,N,12214.5511100,W,1,0,0.0,52.7130,M,0.0000,M,0.0000,0
$GPRMC,221157.43,A,3726.1398940,N,12214.5511100,W,0.0010,57.8491,040121,,,,
$GPGGA,221158.43,3726.1398940,N,12214.5511100,W,1,0,0.0,52.7057,M,0.0000,M,0.0000,0
$GPRMC,221158.43,A,3726.1398940,N,12214.5511100,W,0.0010,57.8493,040121,,,,
$GPGGA,221159.43,3726.1398940,N,12214.5511100,W,1,0,0.0,52.7040,M,0.0000,M,0.0000,0
$GPRMC,221159.43,A,3726.1398940,N,12214.5511100,W,0.0013,57.8490,040121,,,,
$GPGGA,221200.43,3726.1398940,N,12214.5511100,W,1,0,0.0,52.7040,M,0.0000,M,0.0000,0
$GPRMC,221200.43,A,3726.1398940,N,12214.5511100,W,0.0010,57.8487,040121,,,,
$GPGGA,221201.43,3726.1398940,N,12214.5511100,W,1,0,0.0,52.7040,M,0.0000,M,0.0000,0
$GPRMC,221201.43,A,3726.1398940,N,12214.5511100,W,0.0010,57.8491,040121,,,,
$GPGGA,221202.43,3726.1398940,N,12214.5511100,W,1,0,0.0,52.7040,M,0.0000,M,0.0000,0
$GPRMC,221202.43,A,3726.1398940,N,12214.5511100,W,0.0010,57.8488,040121,,,,
$GPGGA,221203.43,3726.1398940,N,12214.5511100,W,1,0,0.0,52.7040,M,0.0000,M,0.0000,0
$GPRMC,221203.43,A,3726.1398940,N,12214.5511100,W,0.0007,57.8488,040121,,,,
$GPGGA,221204.43,3726.1398940,N,12214.5511100,W,1,0,0.0,52.7040,M,0.0000,M,0.0000,0
$GPRMC,221204.43,A,3726.1398940,N,12214.5511100,W,0.0007,57.8488,040121,,,,
$GPGGA,221205.43,3726.1398940,N,12214.5511100,W,1,0,0.0,52.7040,M,0.0000,M,0.0000,0
$GPRMC,221205.43,A,3726.1398940,N,12214.5511100,W,0.0010,57.8490,040121,,,,
$GPGGA,221206.43,3726.1398940,N,12214.5511100,W,1,0,0.0,52.7040,M,0.0000,M,0.0000,0
$GPRMC,221206.43,A,3726.1398940,N,12214.5511100,W,0.0010,57.8491,040121,,,,
$GPGGA,221207.43,3726.1398940,N,12214.5511100,W,1,0,0.0,52.7040,M,0.0000,M,0.0000,0
$GPRMC,221207.43,A,3726.1398940,N,12214.5511100,W,0.0000,57.8492,040121,,,,
$GPGGA,221208.43,3726.1398940,N,12214.5511100,W,1,0,0.0,52.7040,M,0.0000,M,0.0000,0
$GPRMC,221208.43,A,3726.1398940,N,12214.5511100,W,0.0007,57.8490,040121,,,,
$GPGGA,221209.43,3726.1398940,N,12214.5511100,W,1,0,0.0,52.7040,M,0.0000,M,0.0000,0
$GPRMC,221209.43,A,3726.1398940,N,12214.5511100,W,0.0003,57.8489,040121,,,,
$GPGGA,221210.43,3726.1398940,N,12214.5511100,W,1,0,0.0,52.7040,M,0.0000,M,0.0000,0
$GPRMC,221210.43,A,3726.1398940,N,12214.5511100,W,0.0007,57.8487,040121,,,,
$GPGGA,221211.43,3726.1398940,N,12214.5511100,W,1,0,0.0,52.7040,M,0.0000,M,0.0000,0
$GPRMC,221211.43,A,3726.1398940,N,12214.5511100,W,0.0007,57.8486,040121,,,,
$GPGGA,221212.43,3726.1398940,N,12214.5511100,W,1,0,0.0,52.7040,M,0.0000,M,0.0000,0
$GPRMC,221212.43,A,3726.1398940,N,12214.5511100,W,0.0000,57.8486,040121,,,,
$GPGGA,221213.43,3726.1398940,N,12214.5511100,W,1,0,0.0,52.7040,M,0.0000,M,0.0000,0
$GPRMC,221213.43,A,3726.1398940,N,12214.5511100,W,0.0000,57.8483,040121,,,,
$GPGGA,221214.43,3726.1398940,N,12214.5511100,W,1,0,0.0,52.7040,M,0.0000,M,0.0000,0
$GPRMC,221214.43,A,3726.1398940,N,12214.5511100,W,0.0007,57.8484,040121,,,,
$GPGGA,221215.43,3726.1398940,N,12214.5511100,W,1,0,0.0,52.7050,M,0.0000,M,0.0000,0
$GPRMC,221215.43,A,3726.1398940,N,12214.5511100,W,0.0000,57.8484,040121,,,,
$GPGGA,221216.43,3726.1398940,N,12214.5511100,W,1,0,0.0,52.7050,M,0.0000,M,0.0000,0
$GPRMC,221216.43,A,3726.1398940,N,12214.5511100,W,0.0010,57.8485,040121,,,,
$GPGGA,221217.43,3726.1398940,N,12214.5511100,W,1,0,0.0,52.7050,M,0.0000,M,0.0000,0
$GPRMC,221217.43,A,3726.1398940,N,12214.5511100,W,0.0013,57.8484,040121,,,,
$GPGGA,221218.43,3726.1398940,N,12214.5511100,W,1,0,0.0,52.7050,M,0.0000,M,0.0000,0
$GPRMC,221218.43,A,3726.1398940,N,12214.5511100,W,0.0011,57.8484,040121,,,,
$GPGGA,221219.43,3726.1398940,N,12214.5511100,W,1,0,0.0,52.7050,M,0.0000,M,0.0000,0
$GPRMC,221219.43,A,3726.1398940,N,12214.5511100,W,0.0010,57.8486,040121,,,,
$GPGGA,221220.43,3726.1398940,N,12214.5511100,W,1,0,0.0,52.7040,M,0.0000,M,0.0000,0
$GPRMC,221220.43,A,3726.1398940,N,12214.5511100,W,0.0013,57.8485,040121,,,,
$GPGGA,221221.43,3726.1398940,N,12214.5511100,W,1,0,0.0,52.7030,M,0.0000,M,0.0000,0
$GPRMC,221221.43,A,3726.1398940,N,12214.5511100,W,0.0011,57.8486,040121,,,,
$GPGGA,221222.43,3726.1398940,N,12214.5511100,W,1,0,0.0,52.7020,M,0.0000,M,0.0000,0
$GPRMC,221222.43,A,3726.1398940,N,12214.5511100,W,0.0020,57.8484,040121,,,,
$GPGGA,221223.43,3726.1399600,N,12214.5509960,W,1,0,0.0,52.6840,M,0.0000,M,0.0000,0
$GPRMC,221223.43,A,3726.1399600,N,12214.5509960,W,0.6361,57.7317,040121,,,,
$GPGGA,221224.43,3726.1404400,N,12214.5502520,W,1,0,0.0,52.6343,M,0.0000,M,0.0000,0
$GPRMC,221224.43,A,3726.1404400,N,12214.5502520,W,2.1489,54.0420,040121,,,,
$GPGGA,221225.43,3726.1416460,N,12214.5490820,W,1,0,0.0,52.5433,M,0.0000,M,0.0000,0
$GPRMC,221225.43,A,3726.1416460,N,12214.5490820,W,3.4057,40.0369,040121,,,,
$GPGGA,221226.43,3726.1438120,N,12214.5481580,W,1,0,0.0,52.4683,M,0.0000,M,0.0000,0
$GPRMC,221226.43,A,3726.1438120,N,12214.5481580,W,4.9090,18.3893,040121,,,,
$GPGGA,221227.43,3726.1469440,N,12214.5482420,W,1,0,0.0,52.3116,M,0.0000,M,0.0000,0
$GPRMC,221227.43,A,3726.1469440,N,12214.5482420,W,6.5283,355.6905,040121,,,,
$GPGGA,221228.43,3726.1506100,N,12214.5500120,W,1,0,0.0,52.1616,M,0.0000,M,0.0000,0
$GPRMC,221228.43,A,3726.1506100,N,12214.5500120,W,7.8788,333.3380,040121,,,,
$GPGGA,221229.43,3726.1539340,N,12214.5539180,W,1,0,0.0,52.0340,M,0.0000,M,0.0000,0
$GPRMC,221229.43,A,3726.1539340,N,12214.5539180,W,8.9192,310.5835,040121,,,,
$GPGGA,221230.43,3726.1565860,N,12214.5594920,W,1,0,0.0,52.2844,M,0.0000,M,0.0000,0
$GPRMC,221230.43,A,3726.1565860,N,12214.5594920,W,10.2875,298.3736,040121,,,,
$GPGGA,221231.43,3726.1592500,N,12214.5662480,W,1,0,0.0,52.6251,M,0.0000,M,0.0000,0
$GPRMC,221231.43,A,3726.1592500,N,12214.5662480,W,11.9540,295.7433,040121,,,,
$GPGGA,221232.43,3726.1622680,N,12214.5740720,W,1,0,0.0,53.1702,M,0.0000,M,0.0000,0
$GPRMC,221232.43,A,3726.1622680,N,12214.5740720,W,13.6772,295.6691,040121,,,,
$GPGGA,221233.43,3726.1657180,N,12214.5829040,W,1,0,0.0,53.8559,M,0.0000,M,0.0000,0
$GPRMC,221233.43,A,3726.1657180,N,12214.5829040,W,15.3425,296.1280,040121,,,,
$GPGGA,221234.43,3726.1696360,N,12214.5926720,W,1,0,0.0,54.7230,M,0.0000,M,0.0000,0
$GPRMC,221234.43,A,3726.1696360,N,12214.5926720,W,16.8704,296.9610,040121,,,,
$GPGGA,221235.43,3726.1740280,N,12214.6032560,W,1,0,0.0,55.7236,M,0.0000,M,0.0000,0
$GPRMC,221235.43,A,3726.1740280,N,12214.6032560,W,18.3256,297.5527,040121,,,,
$GPGGA,221236.43,3726.1788580,N,12214.6146440,W,1,0,0.0,56.7836,M,0.0000,M,0.0000,0
$GPRMC,221236.43,A,3726.1788580,N,12214.6146440,W,19.7630,298.1738,040121,,,,
$GPGGA,221237.43,3726.1842460,N,12214.6267520,W,1,0,0.0,57.9627,M,0.0000,M,0.0000,0
$GPRMC,221237.43,A,3726.1842460,N,12214.6267520,W,21.1043,299.9116,040121,,,,
$GPGGA,221238.43,3726.1903840,N,12214.6391480,W,1,0,0.0,59.2380,M,0.0000,M,0.0000,0
$GPRMC,221238.43,A,3726.1903840,N,12214.6391480,W,21.9961,303.3652,040121,,,,
$GPGGA,221239.43,3726.1974580,N,12214.6515380,W,1,0,0.0,60.5384,M,0.0000,M,0.0000,0
$GPRMC,221239.43,A,3726.1974580,N,12214.6515380,W,23.0024,307.4003,040121,,,,
$GPGGA,221240.43,3726.2055340,N,12214.6638140,W,1,0,0.0,61.9825,M,0.0000,M,0.0000,0
$GPRMC,221240.43,A,3726.2055340,N,12214.6638140,W,23.9552,311.0369,040121,,,,
$GPGGA,221241.43,3726.2143600,N,12214.6761260,W,1,0,0.0,63.5038,M,0.0000,M,0.0000,0
$GPRMC,221241.43,A,3726.2143600,N,12214.6761260,W,24.8753,312.3185,040121,,,,
$GPGGA,221242.43,3726.2236000,N,12214.6887980,W,1,0,0.0,64.9234,M,0.0000,M,0.0000,0
$GPRMC,221242.43,A,3726.2236000,N,12214.6887980,W,25.8277,312.4253,040121,,,,
$GPGGA,221243.43,3726.2332360,N,12214.7018900,W,1,0,0.0,66.1607,M,0.0000,M,0.0000,0
$GPRMC,221243.43,A,3726.2332360,N,12214.7018900,W,26.6995,312.7946,040121,,,,
$GPGGA,221244.43,3726.2432740,N,12214.7153480,W,1,0,0.0,67.3027,M,0.0000,M,0.0000,0
$GPRMC,221244.43,A,3726.2432740,N,12214.7153480,W,27.6701,313.1877,040121,,,,
$GPGGA,221245.43,3726.2537380,N,12214.7292020,W,1,0,0.0,68.4557,M,0.0000,M,0.0000,0
$GPRMC,221245.43,A,3726.2537380,N,12214.7292020,W,28.5791,313.5420,040121,,,,
$GPGGA,221246.43,3726.2645020,N,12214.7431520,W,1,0,0.0,69.6280,M,0.0000,M,0.0000,0
$GPRMC,221246.43,A,3726.2645020,N,12214.7431520,W,28.5190,314.2954,040121,,,,
$GPGGA,221247.43,3726.2752660,N,12214.7568380,W,1,0,0.0,70.8660,M,0.0000,M,0.0000,0
$GPRMC,221247.43,A,3726.2752660,N,12214.7568380,W,28.2271,314.6863,040121,,,,
$GPGGA,221248.43,3726.2859820,N,12214.7704220,W,1,0,0.0,72.0324,M,0.0000,M,0.0000,0
$GPRMC,221248.43,A,3726.2859820,N,12214.7704220,W,28.1323,314.5313,040121,,,,
$GPGGA,221249.43,3726.2965960,N,12214.7840900,W,1,0,0.0,73.1860,M,0.0000,M,0.0000,0
$GPRMC,221249.43,A,3726.2965960,N,12214.7840900,W,28.1699,313.9546,040121,,,,
$GPGGA,221250.43,3726.3071440,N,12214.7978240,W,1,0,0.0,74.3857,M,0.0000,M,0.0000,0
$GPRMC,221250.43,A,3726.3071440,N,12214.7978240,W,28.0740,313.7047,040121,,,,
$GPGGA,221251.43,3726.3176500,N,12214.8115520,W,1,0,0.0,75.5106,M,0.0000,M,0.0000,0
$GPRMC,221251.43,A,3726.3176500,N,12214.8115520,W,28.0593,313.6457,040121,,,,
$GPGGA,221252.43,3726.3280720,N,12214.8253640,W,1,0,0.0,76.6543,M,0.0000,M,0.0000,0
$GPRMC,221252.43,A,3726.3280720,N,12214.8253640,W,28.0462,312.9520,040121,,,,
$GPGGA,221253.43,3726.3383800,N,12214.8392780,W,1,0,0.0,77.8003,M,0.0000,M,0.0000,0
$GPRMC,221253.43,A,3726.3383800,N,12214.8392780,W,27.9979,312.8878,040121,,,,
$GPGGA,221254.43,3726.3487360,N,12214.8531080,W,1,0,0.0,78.9347,M,0.0000,M,0.0000,0
$GPRMC,221254.43,A,3726.3487360,N,12214.8531080,W,27.9568,313.3057,040121,,,,
$GPGGA,221255.43,3726.3591340,N,12214.8668720,W,1,0,0.0,80.0626,M,0.0000,M,0.0000,0
$GPRMC,221255.43,A,3726.3591340,N,12214.8668720,W,27.9628,313.3010,040121,,,,
$GPGGA,221256.43,3726.3694900,N,12214.8806900,W,1,0,0.0,81.1857,M,0.0000,M,0.0000,0
$GPRMC,221256.43,A,3726.3694900,N,12214.8806900,W,27.9952,312.8029,040121,,,,
$GPGGA,221257.43,3726.3797080,N,12214.8946880,W,1,0,0.0,82.3187,M,0.0000,M,0.0000,0
$GPRMC,221257.43,A,3726.3797080,N,12214.8946880,W,27.9908,312.1088,040121,,,,
$GPGGA,221258.43,3726.3898180,N,12214.9087940,W,1,0,0.0,83.4360,M,0.0000,M,0.0000,0
$GPRMC,221258.43,A,3726.3898180,N,12214.9087940,W,27.9517,311.6380,040121,,,,
$GPGGA,221259.43,3726.3998800,N,12214.9229000,W,1,0,0.0,84.6120,M,0.0000,M,0.0000,0
$GPRMC,221259.43,A,3726.3998800,N,12214.9229000,W,27.8904,312.1948,040121,,,,
$GPGGA,221300.43,3726.4101340,N,12214.9367420,W,1,0,0.0,85.7380,M,0.0000,M,0.0000,0
$GPRMC,221300.43,A,3726.4101340,N,12214.9367420,W,27.8415,313.4246,040121,,,,
$GPGGA,221301.43,3726.4205320,N,12214.9503860,W,1,0,0.0,86.8800,M,0.0000,M,0.0000,0
$GPRMC,221301.43,A,3726.4205320,N,12214.9503860,W,27.8293,313.7564,040121,,,,
$GPGGA,221302.43,3726.4309540,N,12214.9639760,W,1,0,0.0,87.9877,M,0.0000,M,0.0000,0
$GPRMC,221302.43,A,3726.4309540,N,12214.9639760,W,27.7937,313.8268,040121,,,,
$GPGGA,221303.43,3726.4413820,N,12214.9775420,W,1,0,0.0,89.0640,M,0.0000,M,0.0000,0
$GPRMC,221303.43,A,3726.4413820,N,12214.9775420,W,27.7738,313.8907,040121,,,,
$GPGGA,221304.43,3726.4517980,N,12214.9910660,W,1,0,0.0,90.1990,M,0.0000,M,0.0000,0
$GPRMC,221304.43,A,3726.4517980,N,12214.9910660,W,27.7210,313.9805,040121,,,,
$GPGGA,221305.43,3726.4622500,N,12215.0045240,W,1,0,0.0,91.2866,M,0.0000,M,0.0000,0
$GPRMC,221305.43,A,3726.4622500,N,12215.0045240,W,27.6836,314.1663,040121,,,,
$GPGGA,221306.43,3726.4726660,N,12215.0179760,W,1,0,0.0,92.3650,M,0.0000,M,0.0000,0
$GPRMC,221306.43,A,3726.4726660,N,12215.0179760,W,27.6436,313.9039,040121,,,,
$GPGGA,221307.43,3726.4830280,N,12215.0314640,W,1,0,0.0,93.4753,M,0.0000,M,0.0000,0
$GPRMC,221307.43,A,3726.4830280,N,12215.0314640,W,27.5925,313.8813,040121,,,,
$GPGGA,221308.43,3726.4933660,N,12215.0449160,W,1,0,0.0,94.6493,M,0.0000,M,0.0000,0
$GPRMC,221308.43,A,3726.4933660,N,12215.0449160,W,27.5171,313.8873,040121,,,,
$GPGGA,221309.43,3726.5036800,N,12215.0583260,W,1,0,0.0,95.8137,M,0.0000,M,0.0000,0
$GPRMC,221309.43,A,3726.5036800,N,12215.0583260,W,27.4470,313.9268,040121,,,,
$GPGGA,221310.43,3726.5139340,N,12215.0717540,W,1,0,0.0,96.9750,M,0.0000,M,0.0000,0
$GPRMC,221310.43,A,3726.5139340,N,12215.0717540,W,27.3911,313.4502,040121,,,,
$GPGGA,221311.43,3726.5240500,N,12215.0853020,W,1,0,0.0,98.1260,M,0.0000,M,0.0000,0
$GPRMC,221311.43,A,3726.5240500,N,12215.0853020,W,27.3339,312.5936,040121,,,,
$GPGGA,221312.43,3726.5338720,N,12215.0991080,W,1,0,0.0,99.2493,M,0.0000,M,0.0000,0
$GPRMC,221312.43,A,3726.5338720,N,12215.0991080,W,27.2581,310.8609,040121,,,,
$GPGGA,221313.43,3726.5433280,N,12215.1132560,W,1,0,0.0,100.3150,M,0.0000,M,0.0000,0
$GPRMC,221313.43,A,3726.5433280,N,12215.1132560,W,27.1905,309.0588,040121,,,,
$GPGGA,221314.43,3726.5524120,N,12215.1277220,W,1,0,0.0,101.3833,M,0.0000,M,0.0000,0
$GPRMC,221314.43,A,3726.5524120,N,12215.1277220,W,27.0946,307.3670,040121,,,,
$GPGGA,221315.43,3726.5610880,N,12215.1424520,W,1,0,0.0,102.4743,M,0.0000,M,0.0000,0
$GPRMC,221315.43,A,3726.5610880,N,12215.1424520,W,26.9353,305.6288,040121,,,,
$GPGGA,221316.43,3726.5693920,N,12215.1573860,W,1,0,0.0,103.5473,M,0.0000,M,0.0000,0
$GPRMC,221316.43,A,3726.5693920,N,12215.1573860,W,26.7804,304.1263,040121,,,,
$GPGGA,221317.43,3726.5773240,N,12215.1725540,W,1,0,0.0,104.5923,M,0.0000,M,0.0000,0
$GPRMC,221317.43,A,3726.5773240,N,12215.1725540,W,26.7159,302.3716,040121,,,,
$GPGGA,221318.43,3726.5848840,N,12215.1879740,W,1,0,0.0,105.6640,M,0.0000,M,0.0000,0
$GPRMC,221318.43,A,3726.5848840,N,12215.1879740,W,26.7103,300.6823,040121,,,,
$GPGGA,221319.43,3726.5921200,N,12215.2036640,W,1,0,0.0,106.7066,M,0.0000,M,0.0000,0
$GPRMC,221319.43,A,3726.5921200,N,12215.2036640,W,26.7545,299.4697,040121,,,,
$GPGGA,221320.43,3726.5990680,N,12215.2196000,W,1,0,0.0,107.7737,M,0.0000,M,0.0000,0
$GPRMC,221320.43,A,3726.5990680,N,12215.2196000,W,26.8219,297.7291,040121,,,,
$GPGGA,221321.43,3726.6056500,N,12215.2358540,W,1,0,0.0,108.8430,M,0.0000,M,0.0000,0
$GPRMC,221321.43,A,3726.6056500,N,12215.2358540,W,26.9287,296.0331,040121,,,,
$GPGGA,221322.43,3726.6118360,N,12215.2524140,W,1,0,0.0,109.9353,M,0.0000,M,0.0000,0
$GPRMC,221322.43,A,3726.6118360,N,12215.2524140,W,27.0060,294.1137,040121,,,,
$GPGGA,221323.43,3726.6175660,N,12215.2692800,W,1,0,0.0,111.0137,M,0.0000,M,0.0000,0
$GPRMC,221323.43,A,3726.6175660,N,12215.2692800,W,27.0842,292.1898,040121,,,,
$GPGGA,221324.43,3726.6229240,N,12215.2864040,W,1,0,0.0,112.0683,M,0.0000,M,0.0000,0
$GPRMC,221324.43,A,3726.6229240,N,12215.2864040,W,27.1525,290.6831,040121,,,,
$GPGGA,221325.43,3726.6279220,N,12215.3037260,W,1,0,0.0,113.1490,M,0.0000,M,0.0000,0
$GPRMC,221325.43,A,3726.6279220,N,12215.3037260,W,27.2038,289.1137,040121,,,,
$GPGGA,221326.43,3726.6325960,N,12215.3212400,W,1,0,0.0,114.2407,M,0.0000,M,0.0000,0
$GPRMC,221326.43,A,3726.6325960,N,12215.3212400,W,27.2551,287.7463,040121,,,,
$GPGGA,221327.43,3726.6368860,N,12215.3389340,W,1,0,0.0,115.3180,M,0.0000,M,0.0000,0
$GPRMC,221327.43,A,3726.6368860,N,12215.3389340,W,27.2946,286.0490,040121,,,,
$GPGGA,221328.43,3726.6407440,N,12215.3568200,W,1,0,0.0,116.4113,M,0.0000,M,0.0000,0
$GPRMC,221328.43,A,3726.6407440,N,12215.3568200,W,27.3473,284.1345,040121,,,,
$GPGGA,221329.43,3726.6441340,N,12215.3748860,W,1,0,0.0,117.4850,M,0.0000,M,0.0000,0
$GPRMC,221329.43,A,3726.6441340,N,12215.3748860,W,27.3932,282.4086,040121,,,,
$GPGGA,221330.43,3726.6471160,N,12215.3931020,W,1,0,0.0,118.5026,M,0.0000,M,0.0000,0
$GPRMC,221330.43,A,3726.6471160,N,12215.3931020,W,27.4607,280.8068,040121,,,,
$GPGGA,221331.43,3726.6496780,N,12215.4114560,W,1,0,0.0,119.4489,M,0.0000,M,0.0000,0
$GPRMC,221331.43,A,3726.6496780,N,12215.4114560,W,27.5122,279.0762,040121,,,,
$GPGGA,221332.43,3726.6518080,N,12215.4299540,W,1,0,0.0,120.3449,M,0.0000,M,0.0000,0
$GPRMC,221332.43,A,3726.6518080,N,12215.4299540,W,27.5924,277.3279,040121,,,,
$GPGGA,221333.43,3726.6535000,N,12215.4486200,W,1,0,0.0,121.1889,M,0.0000,M,0.0000,0
$GPRMC,221333.43,A,3726.6535000,N,12215.4486200,W,27.8650,275.5875,040121,,,,
$GPGGA,221334.43,3726.6547480,N,12215.4675740,W,1,0,0.0,122.0116,M,0.0000,M,0.0000,0
$GPRMC,221334.43,A,3726.6547480,N,12215.4675740,W,28.1392,273.7629,040121,,,,
$GPGGA,221335.43,3726.6555040,N,12215.4866060,W,1,0,0.0,122.7229,M,0.0000,M,0.0000,0
$GPRMC,221335.43,A,3726.6555040,N,12215.4866060,W,28.0453,271.9661,040121,,,,
$GPGGA,221336.43,3726.6557860,N,12215.5055960,W,1,0,0.0,123.3862,M,0.0000,M,0.0000,0
$GPRMC,221336.43,A,3726.6557860,N,12215.5055960,W,27.9983,270.0455,040121,,,,
$GPGGA,221337.43,3726.6555760,N,12215.5245860,W,1,0,0.0,124.0075,M,0.0000,M,0.0000,0
$GPRMC,221337.43,A,3726.6555760,N,12215.5245860,W,28.0278,268.3551,040121,,,,
$GPGGA,221338.43,3726.6549520,N,12215.5436000,W,1,0,0.0,124.5295,M,0.0000,M,0.0000,0
$GPRMC,221338.43,A,3726.6549520,N,12215.5436000,W,28.1031,266.7522,040121,,,,
$GPGGA,221339.43,3726.6538900,N,12215.5626500,W,1,0,0.0,124.9558,M,0.0000,M,0.0000,0
$GPRMC,221339.43,A,3726.6538900,N,12215.5626500,W,28.2059,265.4475,040121,,,,
$GPGGA,221340.43,3726.6525940,N,12215.5817240,W,1,0,0.0,125.3274,M,0.0000,M,0.0000,0
$GPRMC,221340.43,A,3726.6525940,N,12215.5817240,W,28.2617,264.6061,040121,,,,
$GPGGA,221341.43,3726.6510820,N,12215.6008160,W,1,0,0.0,125.6301,M,0.0000,M,0.0000,0
$GPRMC,221341.43,A,3726.6510820,N,12215.6008160,W,28.3713,263.9663,040121,,,,
$GPGGA,221342.43,3726.6495100,N,12215.6200040,W,1,0,0.0,125.8737,M,0.0000,M,0.0000,0
$GPRMC,221342.43,A,3726.6495100,N,12215.6200040,W,28.5291,264.2090,040121,,,,
$GPGGA,221343.43,3726.6480160,N,12215.6393300,W,1,0,0.0,126.0427,M,0.0000,M,0.0000,0
$GPRMC,221343.43,A,3726.6480160,N,12215.6393300,W,28.7118,264.4399,040121,,,,
$GPGGA,221344.43,3726.6465220,N,12215.6587580,W,1,0,0.0,126.1891,M,0.0000,M,0.0000,0
$GPRMC,221344.43,A,3726.6465220,N,12215.6587580,W,28.8754,264.2824,040121,,,,
$GPGGA,221345.43,3726.6449620,N,12215.6782580,W,1,0,0.0,126.3944,M,0.0000,M,0.0000,0
$GPRMC,221345.43,A,3726.6449620,N,12215.6782580,W,28.9122,264.1063,040121,,,,
$GPGGA,221346.43,3726.6433900,N,12215.6977400,W,1,0,0.0,126.6044,M,0.0000,M,0.0000,0
$GPRMC,221346.43,A,3726.6433900,N,12215.6977400,W,28.8293,264.1516,040121,,,,
$GPGGA,221347.43,3726.6418300,N,12215.7171680,W,1,0,0.0,126.7690,M,0.0000,M,0.0000,0
$GPRMC,221347.43,A,3726.6418300,N,12215.7171680,W,28.7888,264.2237,040121,,,,
$GPGGA,221348.43,3726.6403060,N,12215.7365840,W,1,0,0.0,126.9464,M,0.0000,M,0.0000,0
$GPRMC,221348.43,A,3726.6403060,N,12215.7365840,W,28.7244,264.2578,040121,,,,
$GPGGA,221349.43,3726.6387640,N,12215.7559160,W,1,0,0.0,127.1120,M,0.0000,M,0.0000,0
$GPRMC,221349.43,A,3726.6387640,N,12215.7559160,W,28.6054,264.1308,040121,,,,
$GPGGA,221350.43,3726.6372040,N,12215.7751700,W,1,0,0.0,127.2263,M,0.0000,M,0.0000,0
$GPRMC,221350.43,A,3726.6372040,N,12215.7751700,W,28.4790,264.0726,040121,,,,
$GPGGA,221351.43,3726.6356560,N,12215.7943280,W,1,0,0.0,127.3444,M,0.0000,M,0.0000,0
$GPRMC,221351.43,A,3726.6356560,N,12215.7943280,W,28.3367,264.2448,040121,,,,
$GPGGA,221352.43,3726.6341380,N,12215.8134320,W,1,0,0.0,127.4640,M,0.0000,M,0.0000,0
$GPRMC,221352.43,A,3726.6341380,N,12215.8134320,W,28.2828,264.2820,040121,,,,
$GPGGA,221353.43,3726.6327100,N,12215.8325060,W,1,0,0.0,127.6147,M,0.0000,M,0.0000,0
$GPRMC,221353.43,A,3726.6327100,N,12215.8325060,W,28.2253,265.0701,040121,,,,
$GPGGA,221354.43,3726.6316240,N,12215.8515800,W,1,0,0.0,127.7123,M,0.0000,M,0.0000,0
$GPRMC,221354.43,A,3726.6316240,N,12215.8515800,W,28.2033,266.6935,040121,,,,
$GPGGA,221355.43,3726.6310120,N,12215.8706780,W,1,0,0.0,127.7017,M,0.0000,M,0.0000,0
$GPRMC,221355.43,A,3726.6310120,N,12215.8706780,W,28.1887,268.3181,040121,,,,
$GPGGA,221356.43,3726.6308260,N,12215.8897760,W,1,0,0.0,127.6576,M,0.0000,M,0.0000,0
$GPRMC,221356.43,A,3726.6308260,N,12215.8897760,W,28.1850,269.9482,040121,,,,
$GPGGA,221357.43,3726.6310120,N,12215.9088920,W,1,0,0.0,127.5856,M,0.0000,M,0.0000,0
$GPRMC,221357.43,A,3726.6310120,N,12215.9088920,W,28.2277,271.1512,040121,,,,
$GPGGA,221358.43,3726.6315700,N,12215.9280380,W,1,0,0.0,127.4393,M,0.0000,M,0.0000,0
$GPRMC,221358.43,A,3726.6315700,N,12215.9280380,W,28.2879,272.8903,040121,,,,
$GPGGA,221359.43,3726.6326140,N,12215.9472020,W,1,0,0.0,127.2566,M,0.0000,M,0.0000,0
$GPRMC,221359.43,A,3726.6326140,N,12215.9472020,W,28.3784,274.7025,040121,,,,
$GPGGA,221400.43,3726.6341320,N,12215.9663720,W,1,0,0.0,126.9999,M,0.0000,M,0.0000,0
$GPRMC,221400.43,A,3726.6341320,N,12215.9663720,W,28.4574,276.3745,040121,,,,
$GPGGA,221401.43,3726.6360700,N,12215.9855480,W,1,0,0.0,126.6926,M,0.0000,M,0.0000,0
$GPRMC,221401.43,A,3726.6360700,N,12215.9855480,W,28.5718,277.7825,040121,,,,
$GPGGA,221402.43,3726.6384040,N,12216.0047420,W,1,0,0.0,126.3406,M,0.0000,M,0.0000,0
$GPRMC,221402.43,A,3726.6384040,N,12216.0047420,W,28.7080,279.2834,040121,,,,
$GPGGA,221403.43,3726.6411100,N,12216.0239540,W,1,0,0.0,125.9455,M,0.0000,M,0.0000,0
$GPRMC,221403.43,A,3726.6411100,N,12216.0239540,W,28.8539,280.5548,040121,,,,
$GPGGA,221404.43,3726.6442360,N,12216.0431660,W,1,0,0.0,125.5499,M,0.0000,M,0.0000,0
$GPRMC,221404.43,A,3726.6442360,N,12216.0431660,W,28.9961,282.2911,040121,,,,
$GPGGA,221405.43,3726.6478480,N,12216.0623120,W,1,0,0.0,125.1409,M,0.0000,M,0.0000,0
$GPRMC,221405.43,A,3726.6478480,N,12216.0623120,W,29.0242,284.2069,040121,,,,
$GPGGA,221406.43,3726.6519640,N,12216.0812900,W,1,0,0.0,124.7498,M,0.0000,M,0.0000,0
$GPRMC,221406.43,A,3726.6519640,N,12216.0812900,W,28.9998,286.0542,040121,,,,
$GPGGA,221407.43,3726.6565660,N,12216.1000880,W,1,0,0.0,124.3112,M,0.0000,M,0.0000,0
$GPRMC,221407.43,A,3726.6565660,N,12216.1000880,W,29.0157,287.8149,040121,,,,
$GPGGA,221408.43,3726.6616360,N,12216.1187060,W,1,0,0.0,123.8925,M,0.0000,M,0.0000,0
$GPRMC,221408.43,A,3726.6616360,N,12216.1187060,W,29.0507,289.6384,040121,,,,
$GPGGA,221409.43,3726.6671440,N,12216.1371620,W,1,0,0.0,123.4726,M,0.0000,M,0.0000,0
$GPRMC,221409.43,A,3726.6671440,N,12216.1371620,W,29.0903,291.0649,040121,,,,
$GPGGA,221410.43,3726.6729820,N,12216.1554800,W,1,0,0.0,122.9668,M,0.0000,M,0.0000,0
$GPRMC,221410.43,A,3726.6729820,N,12216.1554800,W,29.1096,292.5454,040121,,,,
$GPGGA,221411.43,3726.6792520,N,12216.1736240,W,1,0,0.0,122.5309,M,0.0000,M,0.0000,0
$GPRMC,221411.43,A,3726.6792520,N,12216.1736240,W,29.1983,294.0206,040121,,,,
$GPGGA,221412.43,3726.6858820,N,12216.1915940,W,1,0,0.0,122.1612,M,0.0000,M,0.0000,0
$GPRMC,221412.43,A,3726.6858820,N,12216.1915940,W,29.2296,295.4929,040121,,,,
$GPGGA,221413.43,3726.6929260,N,12216.2093420,W,1,0,0.0,121.7972,M,0.0000,M,0.0000,0
$GPRMC,221413.43,A,3726.6929260,N,12216.2093420,W,29.2838,297.3671,040121,,,,
$GPGGA,221414.43,3726.7004800,N,12216.2268260,W,1,0,0.0,121.4002,M,0.0000,M,0.0000,0
$GPRMC,221414.43,A,3726.7004800,N,12216.2268260,W,29.3840,299.2270,040121,,,,
$GPGGA,221415.43,3726.7084480,N,12216.2440940,W,1,0,0.0,121.0732,M,0.0000,M,0.0000,0
$GPRMC,221415.43,A,3726.7084480,N,12216.2440940,W,29.4604,300.6852,040121,,,,
$GPGGA,221416.43,3726.7167640,N,12216.2611460,W,1,0,0.0,120.8249,M,0.0000,M,0.0000,0
$GPRMC,221416.43,A,3726.7167640,N,12216.2611460,W,29.5169,302.1477,040121,,,,
$GPGGA,221417.43,3726.7254640,N,12216.2779340,W,1,0,0.0,120.6660,M,0.0000,M,0.0000,0
$GPRMC,221417.43,A,3726.7254640,N,12216.2779340,W,29.5349,303.7590,040121,,,,
$GPGGA,221418.43,3726.7345540,N,12216.2943920,W,1,0,0.0,120.5936,M,0.0000,M,0.0000,0
$GPRMC,221418.43,A,3726.7345540,N,12216.2943920,W,29.5260,305.6031,040121,,,,
$GPGGA,221419.43,3726.7441120,N,12216.3104360,W,1,0,0.0,120.5950,M,0.0000,M,0.0000,0
$GPRMC,221419.43,A,3726.7441120,N,12216.3104360,W,29.5459,307.7063,040121,,,,
$GPGGA,221420.43,3726.7540780,N,12216.3260900,W,1,0,0.0,120.7000,M,0.0000,M,0.0000,0
$GPRMC,221420.43,A,3726.7540780,N,12216.3260900,W,29.5698,309.3981,040121,,,,
$GPGGA,221421.43,3726.7644460,N,12216.3413480,W,1,0,0.0,120.8811,M,0.0000,M,0.0000,0
$GPRMC,221421.43,A,3726.7644460,N,12216.3413480,W,29.5679,311.0453,040121,,,,
$GPGGA,221422.43,3726.7749820,N,12216.3564200,W,1,0,0.0,121.1424,M,0.0000,M,0.0000,0
$GPRMC,221422.43,A,3726.7749820,N,12216.3564200,W,29.5604,311.0305,040121,,,,
$GPGGA,221423.43,3726.7854760,N,12216.3715400,W,1,0,0.0,121.4881,M,0.0000,M,0.0000,0
$GPRMC,221423.43,A,3726.7854760,N,12216.3715400,W,29.5368,310.8879,040121,,,,
$GPGGA,221424.43,3726.7959880,N,12216.3865940,W,1,0,0.0,121.8881,M,0.0000,M,0.0000,0
$GPRMC,221424.43,A,3726.7959880,N,12216.3865940,W,29.5168,311.2347,040121,,,,
$GPGGA,221425.43,3726.8065060,N,12216.4016180,W,1,0,0.0,122.3678,M,0.0000,M,0.0000,0
$GPRMC,221425.43,A,3726.8065060,N,12216.4016180,W,29.4549,311.1433,040121,,,,
$GPGGA,221426.43,3726.8170060,N,12216.4166060,W,1,0,0.0,122.8898,M,0.0000,M,0.0000,0
$GPRMC,221426.43,A,3726.8170060,N,12216.4166060,W,29.3830,311.1751,040121,,,,
$GPGGA,221427.43,3726.8274880,N,12216.4315460,W,1,0,0.0,123.4859,M,0.0000,M,0.0000,0
$GPRMC,221427.43,A,3726.8274880,N,12216.4315460,W,29.3487,311.3296,040121,,,,
$GPGGA,221428.43,3726.8380060,N,12216.4465160,W,1,0,0.0,124.1792,M,0.0000,M,0.0000,0
$GPRMC,221428.43,A,3726.8380060,N,12216.4465160,W,29.5241,311.2077,040121,,,,
$GPGGA,221429.43,3726.8485660,N,12216.4616120,W,1,0,0.0,124.9519,M,0.0000,M,0.0000,0
$GPRMC,221429.43,A,3726.8485660,N,12216.4616120,W,29.7165,311.1060,040121,,,,
$GPGGA,221430.43,3726.8591380,N,12216.4767860,W,1,0,0.0,125.7872,M,0.0000,M,0.0000,0
$GPRMC,221430.43,A,3726.8591380,N,12216.4767860,W,29.7190,311.0219,040121,,,,
$GPGGA,221431.43,3726.8697040,N,12216.4919600,W,1,0,0.0,126.6309,M,0.0000,M,0.0000,0
$GPRMC,221431.43,A,3726.8697040,N,12216.4919600,W,29.6924,311.0861,040121,,,,
$GPGGA,221432.43,3726.8802940,N,12216.5070800,W,1,0,0.0,127.4939,M,0.0000,M,0.0000,0
$GPRMC,221432.43,A,3726.8802940,N,12216.5070800,W,29.6494,311.4017,040121,,,,
$GPGGA,221433.43,3726.8909260,N,12216.5221100,W,1,0,0.0,128.3513,M,0.0000,M,0.0000,0
$GPRMC,221433.43,A,3726.8909260,N,12216.5221100,W,29.6166,311.5427,040121,,,,
$GPGGA,221434.43,3726.9015400,N,12216.5371100,W,1,0,0.0,129.2293,M,0.0000,M,0.0000,0
$GPRMC,221434.43,A,3726.9015400,N,12216.5371100,W,29.5114,311.5291,040121,,,,
$GPGGA,221435.43,3726.9120940,N,12216.5520260,W,1,0,0.0,130.0616,M,0.0000,M,0.0000,0
$GPRMC,221435.43,A,3726.9120940,N,12216.5520260,W,29.3014,311.3449,040121,,,,
$GPGGA,221436.43,3726.9225100,N,12216.5669000,W,1,0,0.0,130.8919,M,0.0000,M,0.0000,0
$GPRMC,221436.43,A,3726.9225100,N,12216.5669000,W,29.1026,310.9856,040121,,,,
$GPGGA,221437.43,3726.9328240,N,12216.5817380,W,1,0,0.0,131.7059,M,0.0000,M,0.0000,0
$GPRMC,221437.43,A,3726.9328240,N,12216.5817380,W,28.9322,310.8929,040121,,,,
$GPGGA,221438.43,3726.9430240,N,12216.5965400,W,1,0,0.0,132.5276,M,0.0000,M,0.0000,0
$GPRMC,221438.43,A,3726.9430240,N,12216.5965400,W,28.8157,310.5098,040121,,,,
$GPGGA,221439.43,3726.9531040,N,12216.6114140,W,1,0,0.0,133.3162,M,0.0000,M,0.0000,0
$GPRMC,221439.43,A,3726.9531040,N,12216.6114140,W,28.7630,309.9563,040121,,,,
$GPGGA,221440.43,3726.9630940,N,12216.6263480,W,1,0,0.0,134.0439,M,0.0000,M,0.0000,0
$GPRMC,221440.43,A,3726.9630940,N,12216.6263480,W,28.7420,309.8394,040121,,,,
$GPGGA,221441.43,3726.9730600,N,12216.6413180,W,1,0,0.0,134.7215,M,0.0000,M,0.0000,0
$GPRMC,221441.43,A,3726.9730600,N,12216.6413180,W,28.7704,309.6213,040121,,,,
$GPGGA,221442.43,3726.9829840,N,12216.6563540,W,1,0,0.0,135.2605,M,0.0000,M,0.0000,0
$GPRMC,221442.43,A,3726.9829840,N,12216.6563540,W,28.8156,309.4604,040121,,,,
$GPGGA,221443.43,3726.9929140,N,12216.6714380,W,1,0,0.0,135.7845,M,0.0000,M,0.0000,0
$GPRMC,221443.43,A,3726.9929140,N,12216.6714380,W,28.8886,309.4481,040121,,,,
$GPGGA,221444.43,3727.0028740,N,12216.6865700,W,1,0,0.0,136.2655,M,0.0000,M,0.0000,0
$GPRMC,221444.43,A,3727.0028740,N,12216.6865700,W,28.9857,309.4606,040121,,,,
$GPGGA,221445.43,3727.0128760,N,12216.7017260,W,1,0,0.0,136.6725,M,0.0000,M,0.0000,0
$GPRMC,221445.43,A,3727.0128760,N,12216.7017260,W,29.0261,309.6041,040121,,,,
$GPGGA,221446.43,3727.0229020,N,12216.7168640,W,1,0,0.0,137.1951,M,0.0000,M,0.0000,0
$GPRMC,221446.43,A,3727.0229020,N,12216.7168640,W,29.0347,309.6943,040121,,,,
$GPGGA,221447.43,3727.0329460,N,12216.7320020,W,1,0,0.0,137.5431,M,0.0000,M,0.0000,0
$GPRMC,221447.43,A,3727.0329460,N,12216.7320020,W,29.0360,309.5693,040121,,,,
$GPGGA,221448.43,3727.0429480,N,12216.7472000,W,1,0,0.0,137.7804,M,0.0000,M,0.0000,0
$GPRMC,221448.43,A,3727.0429480,N,12216.7472000,W,29.1411,309.5083,040121,,,,
$GPGGA,221449.43,3727.0530580,N,12216.7624220,W,1,0,0.0,137.9717,M,0.0000,M,0.0000,0
$GPRMC,221449.43,A,3727.0530580,N,12216.7624220,W,29.2904,309.6857,040121,,,,
$GPGGA,221450.43,3727.0631860,N,12216.7777580,W,1,0,0.0,138.0427,M,0.0000,M,0.0000,0
$GPRMC,221450.43,A,3727.0631860,N,12216.7777580,W,29.4703,309.4395,040121,,,,
$GPGGA,221451.43,3727.0733740,N,12216.7932200,W,1,0,0.0,138.0670,M,0.0000,M,0.0000,0
$GPRMC,221451.43,A,3727.0733740,N,12216.7932200,W,29.6394,309.5023,040121,,,,
$GPGGA,221452.43,3727.0835860,N,12216.8087120,W,1,0,0.0,138.1033,M,0.0000,M,0.0000,0
$GPRMC,221452.43,A,3727.0835860,N,12216.8087120,W,29.6646,309.3909,040121,,,,
$GPGGA,221453.43,3727.0937860,N,12216.8242640,W,1,0,0.0,138.0710,M,0.0000,M,0.0000,0
$GPRMC,221453.43,A,3727.0937860,N,12216.8242640,W,29.7350,309.2514,040121,,,,
$GPGGA,221454.43,3727.1040040,N,12216.8398880,W,1,0,0.0,137.9416,M,0.0000,M,0.0000,0
$GPRMC,221454.43,A,3727.1040040,N,12216.8398880,W,29.8482,309.2703,040121,,,,
$GPGGA,221455.43,3727.1142580,N,12216.8555240,W,1,0,0.0,137.8173,M,0.0000,M,0.0000,0
$GPRMC,221455.43,A,3727.1142580,N,12216.8555240,W,29.8775,309.4609,040121,,,,
$GPGGA,221456.43,3727.1245600,N,12216.8711360,W,1,0,0.0,137.5966,M,0.0000,M,0.0000,0
$GPRMC,221456.43,A,3727.1245600,N,12216.8711360,W,29.9013,309.4926,040121,,,,
$GPGGA,221457.43,3727.1348740,N,12216.8867900,W,1,0,0.0,137.2769,M,0.0000,M,0.0000,0
$GPRMC,221457.43,A,3727.1348740,N,12216.8867900,W,30.0144,309.4416,040121,,,,
$GPGGA,221458.43,3727.1452360,N,12216.9025340,W,1,0,0.0,136.9286,M,0.0000,M,0.0000,0
$GPRMC,221458.43,A,3727.1452360,N,12216.9025340,W,30.1961,309.3769,040121,,,,
$GPGGA,221459.43,3727.1556700,N,12216.9183620,W,1,0,0.0,136.5025,M,0.0000,M,0.0000,0
$GPRMC,221459.43,A,3727.1556700,N,12216.9183620,W,30.3926,309.5053,040121,,,,
$GPGGA,221500.43,3727.1661760,N,12216.9343160,W,1,0,0.0,136.0395,M,0.0000,M,0.0000,0
$GPRMC,221500.43,A,3727.1661760,N,12216.9343160,W,30.6511,309.3513,040121,,,,
$GPGGA,221501.43,3727.1767180,N,12216.9504740,W,1,0,0.0,135.5158,M,0.0000,M,0.0000,0
$GPRMC,221501.43,A,3727.1767180,N,12216.9504740,W,30.9388,309.0507,040121,,,,
$GPGGA,221502.43,3727.1873380,N,12216.9668240,W,1,0,0.0,134.9058,M,0.0000,M,0.0000,0
$GPRMC,221502.43,A,3727.1873380,N,12216.9668240,W,31.2709,309.0930,040121,,,,
$GPGGA,221503.43,3727.1981080,N,12216.9833600,W,1,0,0.0,134.2128,M,0.0000,M,0.0000,0
$GPRMC,221503.43,A,3727.1981080,N,12216.9833600,W,31.7123,309.3540,040121,,,,
$GPGGA,221504.43,3727.2090940,N,12217.0000580,W,1,0,0.0,133.5071,M,0.0000,M,0.0000,0
$GPRMC,221504.43,A,3727.2090940,N,12217.0000580,W,32.1267,309.4313,040121,,,,
$GPGGA,221505.43,3727.2201940,N,12217.0169240,W,1,0,0.0,132.7955,M,0.0000,M,0.0000,0
$GPRMC,221505.43,A,3727.2201940,N,12217.0169240,W,32.3349,309.4723,040121,,,,
$GPGGA,221506.43,3727.2313600,N,12217.0338620,W,1,0,0.0,132.0978,M,0.0000,M,0.0000,0
$GPRMC,221506.43,A,3727.2313600,N,12217.0338620,W,32.4930,309.3667,040121,,,,
$GPGGA,221507.43,3727.2425380,N,12217.0509440,W,1,0,0.0,131.3715,M,0.0000,M,0.0000,0
$GPRMC,221507.43,A,3727.2425380,N,12217.0509440,W,32.6767,309.2624,040121,,,,
$GPGGA,221508.43,3727.2537760,N,12217.0681040,W,1,0,0.0,130.6421,M,0.0000,M,0.0000,0
$GPRMC,221508.43,A,3727.2537760,N,12217.0681040,W,32.8241,309.3800,040121,,,,
$GPGGA,221509.43,3727.2650920,N,12217.0853000,W,1,0,0.0,129.9321,M,0.0000,M,0.0000,0
$GPRMC,221509.43,A,3727.2650920,N,12217.0853000,W,32.9273,309.3909,040121,,,,
$GPGGA,221510.43,3727.2764320,N,12217.1025620,W,1,0,0.0,129.2114,M,0.0000,M,0.0000,0
$GPRMC,221510.43,A,3727.2764320,N,12217.1025620,W,33.0591,309.4707,040121,,,,
$GPGGA,221511.43,3727.2878500,N,12217.1198780,W,1,0,0.0,128.4835,M,0.0000,M,0.0000,0
$GPRMC,221511.43,A,3727.2878500,N,12217.1198780,W,33.2197,309.3542,040121,,,,
$GPGGA,221512.43,3727.2992800,N,12217.1373260,W,1,0,0.0,127.7528,M,0.0000,M,0.0000,0
$GPRMC,221512.43,A,3727.2992800,N,12217.1373260,W,33.3854,309.3070,040121,,,,
$GPGGA,221513.43,3727.3107760,N,12217.1548520,W,1,0,0.0,126.9805,M,0.0000,M,0.0000,0
$GPRMC,221513.43,A,3727.3107760,N,12217.1548520,W,33.5207,309.4118,040121,,,,
$GPGGA,221514.43,3727.3222780,N,12217.1723300,W,1,0,0.0,126.2411,M,0.0000,M,0.0000,0
$GPRMC,221514.43,A,3727.3222780,N,12217.1723300,W,33.3036,309.4431,040121,,,,
$GPGGA,221515.43,3727.3336840,N,12217.1897000,W,1,0,0.0,125.4611,M,0.0000,M,0.0000,0
$GPRMC,221515.43,A,3727.3336840,N,12217.1897000,W,33.0388,309.2933,040121,,,,
$GPGGA,221516.43,3727.3450060,N,12217.2068960,W,1,0,0.0,124.6671,M,0.0000,M,0.0000,0
$GPRMC,221516.43,A,3727.3450060,N,12217.2068960,W,32.7491,309.6129,040121,,,,
$GPGGA,221517.43,3727.3563280,N,12217.2238400,W,1,0,0.0,123.8988,M,0.0000,M,0.0000,0
$GPRMC,221517.43,A,3727.3563280,N,12217.2238400,W,32.4391,310.2964,040121,,,,
$GPGGA,221518.43,3727.3678240,N,12217.2402800,W,1,0,0.0,123.2878,M,0.0000,M,0.0000,0
$GPRMC,221518.43,A,3727.3678240,N,12217.2402800,W,32.0717,312.2706,040121,,,,
$GPGGA,221519.43,3727.3796860,N,12217.2559460,W,1,0,0.0,122.8619,M,0.0000,M,0.0000,0
$GPRMC,221519.43,A,3727.3796860,N,12217.2559460,W,31.6723,314.5520,040121,,,,
$GPGGA,221520.43,3727.3918540,N,12217.2708560,W,1,0,0.0,122.5796,M,0.0000,M,0.0000,0
$GPRMC,221520.43,A,3727.3918540,N,12217.2708560,W,31.2405,316.5705,040121,,,,
$GPGGA,221521.43,3727.4042500,N,12217.2851060,W,1,0,0.0,122.4210,M,0.0000,M,0.0000,0
$GPRMC,221521.43,A,3727.4042500,N,12217.2851060,W,31.0445,318.2609,040121,,,,
$GPGGA,221522.43,3727.4169520,N,12217.2988400,W,1,0,0.0,122.3907,M,0.0000,M,0.0000,0
$GPRMC,221522.43,A,3727.4169520,N,12217.2988400,W,31.0173,320.1581,040121,,,,
$GPGGA,221523.43,3727.4300440,N,12217.3119440,W,1,0,0.0,122.4977,M,0.0000,M,0.0000,0
$GPRMC,221523.43,A,3727.4300440,N,12217.3119440,W,30.9538,322.4214,040121,,,,
$GPGGA,221524.43,3727.4434480,N,12217.3244420,W,1,0,0.0,122.7648,M,0.0000,M,0.0000,0
$GPRMC,221524.43,A,3727.4434480,N,12217.3244420,W,30.8126,324.1534,040121,,,,
$GPGGA,221525.43,3727.4570800,N,12217.3363340,W,1,0,0.0,123.1578,M,0.0000,M,0.0000,0
$GPRMC,221525.43,A,3727.4570800,N,12217.3363340,W,30.6275,326.2178,040121,,,,
$GPGGA,221526.43,3727.4709760,N,12217.3475180,W,1,0,0.0,123.6352,M,0.0000,M,0.0000,0
$GPRMC,221526.43,A,3727.4709760,N,12217.3475180,W,30.4580,328.1654,040121,,,,
$GPGGA,221527.43,3727.4850820,N,12217.3580600,W,1,0,0.0,124.2512,M,0.0000,M,0.0000,0
$GPRMC,221527.43,A,3727.4850820,N,12217.3580600,W,30.3113,330.2765,040121,,,,
$GPGGA,221528.43,3727.4994460,N,12217.3678880,W,1,0,0.0,124.8432,M,0.0000,M,0.0000,0
$GPRMC,221528.43,A,3727.4994460,N,12217.3678880,W,30.2474,332.1001,040121,,,,
$GPGGA,221529.43,3727.5140080,N,12217.3771400,W,1,0,0.0,125.4718,M,0.0000,M,0.0000,0
$GPRMC,221529.43,A,3727.5140080,N,12217.3771400,W,30.1624,334.0482,040121,,,,
$GPGGA,221530.43,3727.5288100,N,12217.3856900,W,1,0,0.0,126.1002,M,0.0000,M,0.0000,0
$GPRMC,221530.43,A,3727.5288100,N,12217.3856900,W,30.1748,336.1463,040121,,,,
$GPGGA,221531.43,3727.5438700,N,12217.3936280,W,1,0,0.0,126.7179,M,0.0000,M,0.0000,0
$GPRMC,221531.43,A,3727.5438700,N,12217.3936280,W,30.2618,337.9770,040121,,,,
$GPGGA,221532.43,3727.5591520,N,12217.4010140,W,1,0,0.0,127.3318,M,0.0000,M,0.0000,0
$GPRMC,221532.43,A,3727.5591520,N,12217.4010140,W,30.3640,339.8289,040121,,,,
$GPGGA,221533.43,3727.5746920,N,12217.4078000,W,1,0,0.0,127.8942,M,0.0000,M,0.0000,0
$GPRMC,221533.43,A,3727.5746920,N,12217.4078000,W,30.5104,341.5462,040121,,,,
$GPGGA,221534.43,3727.5904600,N,12217.4140340,W,1,0,0.0,128.5255,M,0.0000,M,0.0000,0
$GPRMC,221534.43,A,3727.5904600,N,12217.4140340,W,30.6686,343.1292,040121,,,,
$GPGGA,221535.43,3727.6064500,N,12217.4196860,W,1,0,0.0,129.1222,M,0.0000,M,0.0000,0
$GPRMC,221535.43,A,3727.6064500,N,12217.4196860,W,30.8343,345.0827,040121,,,,
$GPGGA,221536.43,3727.6226680,N,12217.4247020,W,1,0,0.0,129.8445,M,0.0000,M,0.0000,0
$GPRMC,221536.43,A,3727.6226680,N,12217.4247020,W,30.9939,347.2687,040121,,,,
$GPGGA,221537.43,3727.6391320,N,12217.4289080,W,1,0,0.0,130.4845,M,0.0000,M,0.0000,0
$GPRMC,221537.43,A,3727.6391320,N,12217.4289080,W,31.1759,349.6218,040121,,,,
$GPGGA,221538.43,3727.6558300,N,12217.4322440,W,1,0,0.0,131.1068,M,0.0000,M,0.0000,0
$GPRMC,221538.43,A,3727.6558300,N,12217.4322440,W,31.3926,351.8965,040121,,,,
$GPGGA,221539.43,3727.6726480,N,12217.4349080,W,1,0,0.0,131.7359,M,0.0000,M,0.0000,0
$GPRMC,221539.43,A,3727.6726480,N,12217.4349080,W,31.3031,353.7126,040121,,,,
$GPGGA,221540.43,3727.6894480,N,12217.4368460,W,1,0,0.0,132.3685,M,0.0000,M,0.0000,0
$GPRMC,221540.43,A,3727.6894480,N,12217.4368460,W,31.1166,355.7021,040121,,,,
$GPGGA,221541.43,3727.7061940,N,12217.4381240,W,1,0,0.0,133.0532,M,0.0000,M,0.0000,0
$GPRMC,221541.43,A,3727.7061940,N,12217.4381240,W,30.9854,357.1909,040121,,,,
$GPGGA,221542.43,3727.7229040,N,12217.4389700,W,1,0,0.0,133.8192,M,0.0000,M,0.0000,0
$GPRMC,221542.43,A,3727.7229040,N,12217.4389700,W,30.9172,358.0823,040121,,,,
$GPGGA,221543.43,3727.7395720,N,12217.4394500,W,1,0,0.0,134.4732,M,0.0000,M,0.0000,0
$GPRMC,221543.43,A,3727.7395720,N,12217.4394500,W,30.6583,359.6210,040121,,,,
$GPGGA,221544.43,3727.7559940,N,12217.4392940,W,1,0,0.0,135.0505,M,0.0000,M,0.0000,0
$GPRMC,221544.43,A,3727.7559940,N,12217.4392940,W,30.0892,0.8872,040121,,,,
$GPGGA,221545.43,3727.7720920,N,12217.4389820,W,1,0,0.0,135.6105,M,0.0000,M,0.0000,0
$GPRMC,221545.43,A,3727.7720920,N,12217.4389820,W,29.4739,0.7361,040121,,,,
$GPGGA,221546.43,3727.7878600,N,12217.4386340,W,1,0,0.0,136.1712,M,0.0000,M,0.0000,0
$GPRMC,221546.43,A,3727.7878600,N,12217.4386340,W,28.8590,1.3802,040121,,,,
$GPGGA,221547.43,3727.8032920,N,12217.4380460,W,1,0,0.0,136.7512,M,0.0000,M,0.0000,0
$GPRMC,221547.43,A,3727.8032920,N,12217.4380460,W,28.2424,1.4250,040121,,,,
$GPGGA,221548.43,3727.8183760,N,12217.4378540,W,1,0,0.0,137.4792,M,0.0000,M,0.0000,0
$GPRMC,221548.43,A,3727.8183760,N,12217.4378540,W,27.5768,0.0148,040121,,,,
$GPGGA,221549.43,3727.8331120,N,12217.4378480,W,1,0,0.0,138.2152,M,0.0000,M,0.0000,0
$GPRMC,221549.43,A,3727.8331120,N,12217.4378480,W,26.9336,0.1847,040121,,,,
$GPGGA,221550.43,3727.8475060,N,12217.4378120,W,1,0,0.0,138.8215,M,0.0000,M,0.0000,0
$GPRMC,221550.43,A,3727.8475060,N,12217.4378120,W,26.3449,359.7424,040121,,,,
$GPGGA,221551.43,3727.8616000,N,12217.4381180,W,1,0,0.0,139.2174,M,0.0000,M,0.0000,0
$GPRMC,221551.43,A,3727.8616000,N,12217.4381180,W,25.8371,358.0922,040121,,,,
$GPGGA,221552.43,3727.8754660,N,12217.4390480,W,1,0,0.0,139.5941,M,0.0000,M,0.0000,0
$GPRMC,221552.43,A,3727.8754660,N,12217.4390480,W,25.6026,355.6725,040121,,,,
$GPGGA,221553.43,3727.8892240,N,12217.4406260,W,1,0,0.0,139.9234,M,0.0000,M,0.0000,0
$GPRMC,221553.43,A,3727.8892240,N,12217.4406260,W,25.3955,353.8907,040121,,,,
$GPGGA,221554.43,3727.9027300,N,12217.4427740,W,1,0,0.0,140.2154,M,0.0000,M,0.0000,0
$GPRMC,221554.43,A,3727.9027300,N,12217.4427740,W,24.9456,351.9385,040121,,,,
$GPGGA,221555.43,3727.9159420,N,12217.4452820,W,1,0,0.0,140.4761,M,0.0000,M,0.0000,0
$GPRMC,221555.43,A,3727.9159420,N,12217.4452820,W,24.5207,350.7258,040121,,,,
$GPGGA,221556.43,3727.9289020,N,12217.4480720,W,1,0,0.0,140.7174,M,0.0000,M,0.0000,0
$GPRMC,221556.43,A,3727.9289020,N,12217.4480720,W,24.1120,349.9258,040121,,,,
$GPGGA,221557.43,3727.9416340,N,12217.4509520,W,1,0,0.0,140.9108,M,0.0000,M,0.0000,0
$GPRMC,221557.43,A,3727.9416340,N,12217.4509520,W,23.7252,349.7541,040121,,,,
$GPGGA,221558.43,3727.9541560,N,12217.4536820,W,1,0,0.0,141.1567,M,0.0000,M,0.0000,0
$GPRMC,221558.43,A,3727.9541560,N,12217.4536820,W,23.2975,350.5917,040121,,,,
$GPGGA,221559.43,3727.9664680,N,12217.4561840,W,1,0,0.0,141.4267,M,0.0000,M,0.0000,0
$GPRMC,221559.43,A,3727.9664680,N,12217.4561840,W,22.8660,350.7748,040121,,,,
$GPGGA,221600.43,3727.9785520,N,12217.4586920,W,1,0,0.0,141.7094,M,0.0000,M,0.0000,0
$GPRMC,221600.43,A,3727.9785520,N,12217.4586920,W,22.4529,350.3353,040121,,,,
$GPGGA,221601.43,3727.9903960,N,12217.4613440,W,1,0,0.0,141.9721,M,0.0000,M,0.0000,0
$GPRMC,221601.43,A,3727.9903960,N,12217.4613440,W,22.0302,349.4371,040121,,,,
$GPGGA,221602.43,3728.0019760,N,12217.4642120,W,1,0,0.0,142.2627,M,0.0000,M,0.0000,0
$GPRMC,221602.43,A,3728.0019760,N,12217.4642120,W,21.6480,348.2722,040121,,,,
$GPGGA,221603.43,3728.0133100,N,12217.4673860,W,1,0,0.0,142.3640,M,0.0000,M,0.0000,0
$GPRMC,221603.43,A,3728.0133100,N,12217.4673860,W,21.3433,346.7726,040121,,,,
$GPGGA,221604.43,3728.0244640,N,12217.4707820,W,1,0,0.0,142.2356,M,0.0000,M,0.0000,0
$GPRMC,221604.43,A,3728.0244640,N,12217.4707820,W,21.1349,346.1326,040121,,,,
$GPGGA,221605.43,3728.0354980,N,12217.4742860,W,1,0,0.0,141.9539,M,0.0000,M,0.0000,0
$GPRMC,221605.43,A,3728.0354980,N,12217.4742860,W,20.9329,345.5352,040121,,,,
$GPGGA,221606.43,3728.0462920,N,12217.4778980,W,1,0,0.0,141.4418,M,0.0000,M,0.0000,0
$GPRMC,221606.43,A,3728.0462920,N,12217.4778980,W,20.3645,344.6483,040121,,,,
$GPGGA,221607.43,3728.0567020,N,12217.4816360,W,1,0,0.0,140.9099,M,0.0000,M,0.0000,0
$GPRMC,221607.43,A,3728.0567020,N,12217.4816360,W,19.6594,343.2307,040121,,,,
$GPGGA,221608.43,3728.0666080,N,12217.4856800,W,1,0,0.0,140.2945,M,0.0000,M,0.0000,0
$GPRMC,221608.43,A,3728.0666080,N,12217.4856800,W,18.9193,341.1391,040121,,,,
$GPGGA,221609.43,3728.0760400,N,12217.4899220,W,1,0,0.0,139.5081,M,0.0000,M,0.0000,0
$GPRMC,221609.43,A,3728.0760400,N,12217.4899220,W,18.0596,339.7951,040121,,,,
$GPGGA,221610.43,3728.0848600,N,12217.4940440,W,1,0,0.0,138.6534,M,0.0000,M,0.0000,0
$GPRMC,221610.43,A,3728.0848600,N,12217.4940440,W,16.7047,339.5406,040121,,,,
$GPGGA,221611.43,3728.0929540,N,12217.4977640,W,1,0,0.0,137.8014,M,0.0000,M,0.0000,0
$GPRMC,221611.43,A,3728.0929540,N,12217.4977640,W,15.1898,340.3207,040121,,,,
$GPGGA,221612.43,3728.1003400,N,12217.5008540,W,1,0,0.0,136.9841,M,0.0000,M,0.0000,0
$GPRMC,221612.43,A,3728.1003400,N,12217.5008540,W,13.5315,342.0151,040121,,,,
$GPGGA,221613.43,3728.1068020,N,12217.5033800,W,1,0,0.0,136.3452,M,0.0000,M,0.0000,0
$GPRMC,221613.43,A,3728.1068020,N,12217.5033800,W,11.5055,342.9450,040121,,,,
$GPGGA,221614.43,3728.1122020,N,12217.5053900,W,1,0,0.0,135.9506,M,0.0000,M,0.0000,0
$GPRMC,221614.43,A,3728.1122020,N,12217.5053900,W,9.3045,343.4234,040121,,,,
$GPGGA,221615.43,3728.1163480,N,12217.5070400,W,1,0,0.0,135.7386,M,0.0000,M,0.0000,0
$GPRMC,221615.43,A,3728.1163480,N,12217.5070400,W,6.7949,341.4845,040121,,,,
$GPGGA,221616.43,3728.1191320,N,12217.5085040,W,1,0,0.0,135.6560,M,0.0000,M,0.0000,0
$GPRMC,221616.43,A,3728.1191320,N,12217.5085040,W,4.3284,335.9163,040121,,,,
$GPGGA,221617.43,3728.1206500,N,12217.5095600,W,1,0,0.0,135.6070,M,0.0000,M,0.0000,0
$GPRMC,221617.43,A,3728.1206500,N,12217.5095600,W,2.2392,331.8508,040121,,,,
$GPGGA,221618.43,3728.1213580,N,12217.5101120,W,1,0,0.0,135.5847,M,0.0000,M,0.0000,0
$GPRMC,221618.43,A,3728.1213580,N,12217.5101120,W,0.9010,329.8646,040121,,,,
$GPGGA,221619.43,3728.1216040,N,12217.5103100,W,1,0,0.0,135.5750,M,0.0000,M,0.0000,0
$GPRMC,221619.43,A,3728.1216040,N,12217.5103100,W,0.2562,329.1442,040121,,,,
$GPGGA,221620.43,3728.1216520,N,12217.5103460,W,1,0,0.0,135.5673,M,0.0000,M,0.0000,0
$GPRMC,221620.43,A,3728.1216520,N,12217.5103460,W,0.0927,328.9987,040121,,,,
$GPGGA,221621.43,3728.1217120,N,12217.5103940,W,1,0,0.0,135.5660,M,0.0000,M,0.0000,0
$GPRMC,221621.43,A,3728.1217120,N,12217.5103940,W,0.1186,328.8377,040121,,,,
$GPGGA,221622.43,3728.1218020,N,12217.5104780,W,1,0,0.0,135.5610,M,0.0000,M,0.0000,0
$GPRMC,221622.43,A,3728.1218020,N,12217.5104780,W,0.4799,328.5415,040121,,,,
$GPGGA,221623.43,3728.1222220,N,12217.5108380,W,1,0,0.0,135.5527,M,0.0000,M,0.0000,0
$GPRMC,221623.43,A,3728.1222220,N,12217.5108380,W,1.5711,327.4005,040121,,,,
$GPGGA,221624.43,3728.1232480,N,12217.5117680,W,1,0,0.0,135.5427,M,0.0000,M,0.0000,0
$GPRMC,221624.43,A,3728.1232480,N,12217.5117680,W,3.2357,324.9393,040121,,,,
$GPGGA,221625.43,3728.1250240,N,12217.5136400,W,1,0,0.0,135.5973,M,0.0000,M,0.0000,0
$GPRMC,221625.43,A,3728.1250240,N,12217.5136400,W,5.0031,319.0941,040121,,,,
$GPGGA,221626.43,3728.1267760,N,12217.5166760,W,1,0,0.0,135.7844,M,0.0000,M,0.0000,0
$GPRMC,221626.43,A,3728.1267760,N,12217.5166760,W,6.0335,302.1411,040121,,,,
$GPGGA,221627.43,3728.1275920,N,12217.5210380,W,1,0,0.0,135.9417,M,0.0000,M,0.0000,0
$GPRMC,221627.43,A,3728.1275920,N,12217.5210380,W,7.1320,277.9948,040121,,,,
$GPGGA,221628.43,3728.1269080,N,12217.5262760,W,1,0,0.0,136.0060,M,0.0000,M,0.0000,0
$GPRMC,221628.43,A,3728.1269080,N,12217.5262760,W,8.5132,254.7265,040121,,,,
$GPGGA,221629.43,3728.1243940,N,12217.5317480,W,1,0,0.0,135.9973,M,0.0000,M,0.0000,0
$GPRMC,221629.43,A,3728.1243940,N,12217.5317480,W,10.0194,234.0693,040121,,,,
$GPGGA,221630.43,3728.1204040,N,12217.5369800,W,1,0,0.0,136.0177,M,0.0000,M,0.0000,0
$GPRMC,221630.43,A,3728.1204040,N,12217.5369800,W,11.2927,224.1312,040121,,,,
$GPGGA,221631.43,3728.1157960,N,12217.5425180,W,1,0,0.0,135.9860,M,0.0000,M,0.0000,0
$GPRMC,221631.43,A,3728.1157960,N,12217.5425180,W,12.2276,223.5837,040121,,,,
$GPGGA,221632.43,3728.1109480,N,12217.5483680,W,1,0,0.0,135.8646,M,0.0000,M,0.0000,0
$GPRMC,221632.43,A,3728.1109480,N,12217.5483680,W,12.5539,223.8071,040121,,,,
$GPGGA,221633.43,3728.1061300,N,12217.5543380,W,1,0,0.0,135.6253,M,0.0000,M,0.0000,0
$GPRMC,221633.43,A,3728.1061300,N,12217.5543380,W,12.4662,225.4490,040121,,,,
$GPGGA,221634.43,3728.1015280,N,12217.5606200,W,1,0,0.0,135.3065,M,0.0000,M,0.0000,0
$GPRMC,221634.43,A,3728.1015280,N,12217.5606200,W,12.8710,228.4478,040121,,,,
$GPGGA,221635.43,3728.0968840,N,12217.5674540,W,1,0,0.0,134.8692,M,0.0000,M,0.0000,0
$GPRMC,221635.43,A,3728.0968840,N,12217.5674540,W,13.5218,229.4221,040121,,,,
$GPGGA,221636.43,3728.0919280,N,12217.5743360,W,1,0,0.0,134.3188,M,0.0000,M,0.0000,0
$GPRMC,221636.43,A,3728.0919280,N,12217.5743360,W,13.7542,226.6075,040121,,,,
$GPGGA,221637.43,3728.0867320,N,12217.5809480,W,1,0,0.0,133.6731,M,0.0000,M,0.0000,0
$GPRMC,221637.43,A,3728.0867320,N,12217.5809480,W,13.4921,224.7621,040121,,,,
$GPGGA,221638.43,3728.0818780,N,12217.5871940,W,1,0,0.0,132.9131,M,0.0000,M,0.0000,0
$GPRMC,221638.43,A,3728.0818780,N,12217.5871940,W,12.0818,227.5549,040121,,,,
$GPGGA,221639.43,3728.0784760,N,12217.5934220,W,1,0,0.0,132.1728,M,0.0000,M,0.0000,0
$GPRMC,221639.43,A,3728.0784760,N,12217.5934220,W,10.4134,241.1014,040121,,,,
$GPGGA,221640.43,3728.0772340,N,12217.5998240,W,1,0,0.0,131.2434,M,0.0000,M,0.0000,0
$GPRMC,221640.43,A,3728.0772340,N,12217.5998240,W,9.4270,265.0966,040121,,,,
$GPGGA,221641.43,3728.0785480,N,12217.6058960,W,1,0,0.0,130.7343,M,0.0000,M,0.0000,0
$GPRMC,221641.43,A,3728.0785480,N,12217.6058960,W,9.3918,294.4017,040121,,,,
$GPGGA,221642.43,3728.0817400,N,12217.6109420,W,1,0,0.0,130.6380,M,0.0000,M,0.0000,0
$GPRMC,221642.43,A,3728.0817400,N,12217.6109420,W,9.9316,312.7464,040121,,,,
$GPGGA,221643.43,3728.0858860,N,12217.6157960,W,1,0,0.0,130.6727,M,0.0000,M,0.0000,0
$GPRMC,221643.43,A,3728.0858860,N,12217.6157960,W,11.0728,318.2509,040121,,,,
$GPGGA,221644.43,3728.0905720,N,12217.6210040,W,1,0,0.0,130.7820,M,0.0000,M,0.0000,0
$GPRMC,221644.43,A,3728.0905720,N,12217.6210040,W,12.0845,318.0339,040121,,,,
$GPGGA,221645.43,3728.0956420,N,12217.6267160,W,1,0,0.0,130.8917,M,0.0000,M,0.0000,0
$GPRMC,221645.43,A,3728.0956420,N,12217.6267160,W,13.1237,317.8489,040121,,,,
$GPGGA,221646.43,3728.1011140,N,12217.6328600,W,1,0,0.0,131.2651,M,0.0000,M,0.0000,0
$GPRMC,221646.43,A,3728.1011140,N,12217.6328600,W,13.9900,318.2513,040121,,,,
$GPGGA,221647.43,3728.1069640,N,12217.6392980,W,1,0,0.0,131.7609,M,0.0000,M,0.0000,0
$GPRMC,221647.43,A,3728.1069640,N,12217.6392980,W,14.6963,318.5885,040121,,,,
$GPGGA,221648.43,3728.1129220,N,12217.6457120,W,1,0,0.0,132.3962,M,0.0000,M,0.0000,0
$GPRMC,221648.43,A,3728.1129220,N,12217.6457120,W,14.2439,319.8398,040121,,,,
$GPGGA,221649.43,3728.1188620,N,12217.6514420,W,1,0,0.0,133.0816,M,0.0000,M,0.0000,0
$GPRMC,221649.43,A,3728.1188620,N,12217.6514420,W,13.4539,324.9583,040121,,,,
$GPGGA,221650.43,3728.1250480,N,12217.6554980,W,1,0,0.0,133.8563,M,0.0000,M,0.0000,0
$GPRMC,221650.43,A,3728.1250480,N,12217.6554980,W,12.4835,337.7318,040121,,,,
$GPGGA,221651.43,3728.1313420,N,12217.6572500,W,1,0,0.0,134.6559,M,0.0000,M,0.0000,0
$GPRMC,221651.43,A,3728.1313420,N,12217.6572500,W,11.5903,353.3089,040121,,,,
$GPGGA,221652.43,3728.1374860,N,12217.6568900,W,1,0,0.0,135.4719,M,0.0000,M,0.0000,0
$GPRMC,221652.43,A,3728.1374860,N,12217.6568900,W,11.3851,7.5416,040121,,,,
$GPGGA,221653.43,3728.1433420,N,12217.6546760,W,1,0,0.0,136.2252,M,0.0000,M,0.0000,0
$GPRMC,221653.43,A,3728.1433420,N,12217.6546760,W,11.3986,21.7701,040121,,,,
$GPGGA,221654.43,3728.1486580,N,12217.6506200,W,1,0,0.0,136.9776,M,0.0000,M,0.0000,0
$GPRMC,221654.43,A,3728.1486580,N,12217.6506200,W,11.7778,36.3695,040121,,,,
$GPGGA,221655.43,3728.1531280,N,12217.6447940,W,1,0,0.0,137.7139,M,0.0000,M,0.0000,0
$GPRMC,221655.43,A,3728.1531280,N,12217.6447940,W,12.2324,51.5411,040121,,,,
$GPGGA,221656.43,3728.1563560,N,12217.6374140,W,1,0,0.0,138.4676,M,0.0000,M,0.0000,0
$GPRMC,221656.43,A,3728.1563560,N,12217.6374140,W,12.7074,66.8351,040121,,,,
$GPGGA,221657.43,3728.1579580,N,12217.6289840,W,1,0,0.0,139.2026,M,0.0000,M,0.0000,0
$GPRMC,221657.43,A,3728.1579580,N,12217.6289840,W,12.9744,82.3348,040121,,,,
$GPGGA,221658.43,3728.1576880,N,12217.6201760,W,1,0,0.0,140.0116,M,0.0000,M,0.0000,0
$GPRMC,221658.43,A,3728.1576880,N,12217.6201760,W,13.1688,98.4893,040121,,,,
$GPGGA,221659.43,3728.1553600,N,12217.6117280,W,1,0,0.0,140.7439,M,0.0000,M,0.0000,0
$GPRMC,221659.43,A,3728.1553600,N,12217.6117280,W,13.3931,115.6268,040121,,,,
$GPGGA,221700.43,3728.1510640,N,12217.6042880,W,1,0,0.0,141.3852,M,0.0000,M,0.0000,0
$GPRMC,221700.43,A,3728.1510640,N,12217.6042880,W,13.9869,131.9648,040121,,,,
$GPGGA,221701.43,3728.1453700,N,12217.5975020,W,1,0,0.0,141.8778,M,0.0000,M,0.0000,0
$GPRMC,221701.43,A,3728.1453700,N,12217.5975020,W,15.1399,138.0356,040121,,,,
$GPGGA,221702.43,3728.1388900,N,12217.5905540,W,1,0,0.0,142.3461,M,0.0000,M,0.0000,0
$GPRMC,221702.43,A,3728.1388900,N,12217.5905540,W,16.4043,139.7224,040121,,,,
$GPGGA,221703.43,3728.1318460,N,12217.5830600,W,1,0,0.0,142.7931,M,0.0000,M,0.0000,0
$GPRMC,221703.43,A,3728.1318460,N,12217.5830600,W,17.7747,139.8171,040121,,,,
$GPGGA,221704.43,3728.1240760,N,12217.5751700,W,1,0,0.0,143.1154,M,0.0000,M,0.0000,0
$GPRMC,221704.43,A,3728.1240760,N,12217.5751700,W,19.2064,142.1922,040121,,,,
$GPGGA,221705.43,3728.1154720,N,12217.5672260,W,1,0,0.0,143.0443,M,0.0000,M,0.0000,0
$GPRMC,221705.43,A,3728.1154720,N,12217.5672260,W,20.3676,144.6562,040121,,,,
$GPGGA,221706.43,3728.1061180,N,12217.5592340,W,1,0,0.0,142.8980,M,0.0000,M,0.0000,0
$GPRMC,221706.43,A,3728.1061180,N,12217.5592340,W,21.5271,146.6202,040121,,,,
$GPGGA,221707.43,3728.0959540,N,12217.5513200,W,1,0,0.0,142.7316,M,0.0000,M,0.0000,0
$GPRMC,221707.43,A,3728.0959540,N,12217.5513200,W,22.6844,149.2456,040121,,,,
$GPGGA,221708.43,3728.0849800,N,12217.5435680,W,1,0,0.0,142.5253,M,0.0000,M,0.0000,0
$GPRMC,221708.43,A,3728.0849800,N,12217.5435680,W,23.9892,151.7775,040121,,,,
$GPGGA,221709.43,3728.0730760,N,12217.5359720,W,1,0,0.0,142.2830,M,0.0000,M,0.0000,0
$GPRMC,221709.43,A,3728.0730760,N,12217.5359720,W,25.4365,153.7737,040121,,,,
$GPGGA,221710.43,3728.0602840,N,12217.5284360,W,1,0,0.0,142.0782,M,0.0000,M,0.0000,0
$GPRMC,221710.43,A,3728.0602840,N,12217.5284360,W,26.8336,155.7689,040121,,,,
$GPGGA,221711.43,3728.0466760,N,12217.5209240,W,1,0,0.0,141.8429,M,0.0000,M,0.0000,0
$GPRMC,221711.43,A,3728.0466760,N,12217.5209240,W,28.1546,156.6887,040121,,,,
$GPGGA,221712.43,3728.0324740,N,12217.5135320,W,1,0,0.0,141.5216,M,0.0000,M,0.0000,0
$GPRMC,221712.43,A,3728.0324740,N,12217.5135320,W,28.6337,158.1242,040121,,,,
$GPGGA,221713.43,3728.0179780,N,12217.5064820,W,1,0,0.0,141.3183,M,0.0000,M,0.0000,0
$GPRMC,221713.43,A,3728.0179780,N,12217.5064820,W,28.8852,159.3644,040121,,,,
$GPGGA,221714.43,3728.0032360,N,12217.4998220,W,1,0,0.0,141.0499,M,0.0000,M,0.0000,0
$GPRMC,221714.43,A,3728.0032360,N,12217.4998220,W,29.0323,160.7328,040121,,,,
$GPGGA,221715.43,3727.9884520,N,12217.4934680,W,1,0,0.0,140.7853,M,0.0000,M,0.0000,0
$GPRMC,221715.43,A,3727.9884520,N,12217.4934680,W,28.7482,161.1939,040121,,,,
$GPGGA,221716.43,3727.9737700,N,12217.4873840,W,1,0,0.0,140.5109,M,0.0000,M,0.0000,0
$GPRMC,221716.43,A,3727.9737700,N,12217.4873840,W,28.5139,162.6624,040121,,,,
$GPGGA,221717.43,3727.9589800,N,12217.4820860,W,1,0,0.0,140.2563,M,0.0000,M,0.0000,0
$GPRMC,221717.43,A,3727.9589800,N,12217.4820860,W,28.4103,165.2902,040121,,,,
$GPGGA,221718.43,3727.9440820,N,12217.4773220,W,1,0,0.0,139.9822,M,0.0000,M,0.0000,0
$GPRMC,221718.43,A,3727.9440820,N,12217.4773220,W,28.5462,165.8782,040121,,,,
$GPGGA,221719.43,3727.9289740,N,12217.4726780,W,1,0,0.0,139.7303,M,0.0000,M,0.0000,0
$GPRMC,221719.43,A,3727.9289740,N,12217.4726780,W,29.0227,166.5773,040121,,,,
$GPGGA,221720.43,3727.9135180,N,12217.4684120,W,1,0,0.0,139.4802,M,0.0000,M,0.0000,0
$GPRMC,221720.43,A,3727.9135180,N,12217.4684120,W,29.5735,168.6609,040121,,,,
$GPGGA,221721.43,3727.8975760,N,12217.4649140,W,1,0,0.0,139.1669,M,0.0000,M,0.0000,0
$GPRMC,221721.43,A,3727.8975760,N,12217.4649140,W,30.3140,171.3267,040121,,,,
$GPGGA,221722.43,3727.8811420,N,12217.4622080,W,1,0,0.0,138.8616,M,0.0000,M,0.0000,0
$GPRMC,221722.43,A,3727.8811420,N,12217.4622080,W,31.0249,173.7130,040121,,,,
$GPGGA,221723.43,3727.8642520,N,12217.4602760,W,1,0,0.0,138.4422,M,0.0000,M,0.0000,0
$GPRMC,221723.43,A,3727.8642520,N,12217.4602760,W,31.7275,175.5844,040121,,,,
$GPGGA,221724.43,3727.8469420,N,12217.4589080,W,1,0,0.0,137.9829,M,0.0000,M,0.0000,0
$GPRMC,221724.43,A,3727.8469420,N,12217.4589080,W,32.4450,176.9506,040121,,,,
$GPGGA,221725.43,3727.8292720,N,12217.4579120,W,1,0,0.0,137.5628,M,0.0000,M,0.0000,0
$GPRMC,221725.43,A,3727.8292720,N,12217.4579120,W,32.8696,177.9211,040121,,,,
$GPGGA,221726.43,3727.8115060,N,12217.4572040,W,1,0,0.0,137.1045,M,0.0000,M,0.0000,0
$GPRMC,221726.43,A,3727.8115060,N,12217.4572040,W,32.8614,178.1118,040121,,,,
$GPGGA,221727.43,3727.7937580,N,12217.4564960,W,1,0,0.0,136.5421,M,0.0000,M,0.0000,0
$GPRMC,221727.43,A,3727.7937580,N,12217.4564960,W,32.8428,178.2668,040121,,,,
$GPGGA,221728.43,3727.7760340,N,12217.4558480,W,1,0,0.0,135.9331,M,0.0000,M,0.0000,0
$GPRMC,221728.43,A,3727.7760340,N,12217.4558480,W,32.7007,178.3229,040121,,,,
$GPGGA,221729.43,3727.7584600,N,12217.4552540,W,1,0,0.0,135.2875,M,0.0000,M,0.0000,0
$GPRMC,221729.43,A,3727.7584600,N,12217.4552540,W,32.3210,178.4568,040121,,,,
$GPGGA,221730.43,3727.7411140,N,12217.4546300,W,1,0,0.0,134.7922,M,0.0000,M,0.0000,0
$GPRMC,221730.43,A,3727.7411140,N,12217.4546300,W,31.8860,178.2508,040121,,,,
$GPGGA,221731.43,3727.7239660,N,12217.4540300,W,1,0,0.0,134.3472,M,0.0000,M,0.0000,0
$GPRMC,221731.43,A,3727.7239660,N,12217.4540300,W,31.5865,178.5034,040121,,,,
$GPGGA,221732.43,3727.7069800,N,12217.4533460,W,1,0,0.0,133.9465,M,0.0000,M,0.0000,0
$GPRMC,221732.43,A,3727.7069800,N,12217.4533460,W,31.2914,177.6392,040121,,,,
$GPGGA,221733.43,3727.6901560,N,12217.4521040,W,1,0,0.0,133.4375,M,0.0000,M,0.0000,0
$GPRMC,221733.43,A,3727.6901560,N,12217.4521040,W,31.0619,175.6407,040121,,,,
$GPGGA,221734.43,3727.6734820,N,12217.4501540,W,1,0,0.0,132.7988,M,0.0000,M,0.0000,0
$GPRMC,221734.43,A,3727.6734820,N,12217.4501540,W,30.9069,173.5897,040121,,,,
$GPGGA,221735.43,3727.6569400,N,12217.4475380,W,1,0,0.0,132.1525,M,0.0000,M,0.0000,0
$GPRMC,221735.43,A,3727.6569400,N,12217.4475380,W,30.7899,171.8834,040121,,,,
$GPGGA,221736.43,3727.6405180,N,12217.4442560,W,1,0,0.0,131.5421,M,0.0000,M,0.0000,0
$GPRMC,221736.43,A,3727.6405180,N,12217.4442560,W,30.7170,169.9791,040121,,,,
$GPGGA,221737.43,3727.6242220,N,12217.4403500,W,1,0,0.0,130.9118,M,0.0000,M,0.0000,0
$GPRMC,221737.43,A,3727.6242220,N,12217.4403500,W,30.6591,168.2646,040121,,,,
$GPGGA,221738.43,3727.6080760,N,12217.4357300,W,1,0,0.0,130.3305,M,0.0000,M,0.0000,0
$GPRMC,221738.43,A,3727.6080760,N,12217.4357300,W,30.6075,166.0355,040121,,,,
$GPGGA,221739.43,3727.5920620,N,12217.4304440,W,1,0,0.0,129.6625,M,0.0000,M,0.0000,0
$GPRMC,221739.43,A,3727.5920620,N,12217.4304440,W,30.6671,164.2791,040121,,,,
$GPGGA,221740.43,3727.5761680,N,12217.4244680,W,1,0,0.0,129.0665,M,0.0000,M,0.0000,0
$GPRMC,221740.43,A,3727.5761680,N,12217.4244680,W,30.7084,162.4251,040121,,,,
$GPGGA,221741.43,3727.5604120,N,12217.4178380,W,1,0,0.0,128.4522,M,0.0000,M,0.0000,0
$GPRMC,221741.43,A,3727.5604120,N,12217.4178380,W,30.7561,160.4283,040121,,,,
$GPGGA,221742.43,3727.5448060,N,12217.4105600,W,1,0,0.0,127.8878,M,0.0000,M,0.0000,0
$GPRMC,221742.43,A,3727.5448060,N,12217.4105600,W,30.8926,158.6824,040121,,,,
$GPGGA,221743.43,3727.5292540,N,12217.4025980,W,1,0,0.0,127.2701,M,0.0000,M,0.0000,0
$GPRMC,221743.43,A,3727.5292540,N,12217.4025980,W,31.2393,156.8625,040121,,,,
$GPGGA,221744.43,3727.5137320,N,12217.3939220,W,1,0,0.0,126.6011,M,0.0000,M,0.0000,0
$GPRMC,221744.43,A,3727.5137320,N,12217.3939220,W,31.6514,155.0295,040121,,,,
$GPGGA,221745.43,3727.4982340,N,12217.3844420,W,1,0,0.0,125.9431,M,0.0000,M,0.0000,0
$GPRMC,221745.43,A,3727.4982340,N,12217.3844420,W,32.1169,152.8506,040121,,,,
$GPGGA,221746.43,3727.4828320,N,12217.3740800,W,1,0,0.0,125.3021,M,0.0000,M,0.0000,0
$GPRMC,221746.43,A,3727.4828320,N,12217.3740800,W,32.5476,150.7574,040121,,,,
$GPGGA,221747.43,3727.4675200,N,12217.3629080,W,1,0,0.0,124.6938,M,0.0000,M,0.0000,0
$GPRMC,221747.43,A,3727.4675200,N,12217.3629080,W,32.9841,148.6471,040121,,,,
$GPGGA,221748.43,3727.4523820,N,12217.3508120,W,1,0,0.0,124.1115,M,0.0000,M,0.0000,0
$GPRMC,221748.43,A,3727.4523820,N,12217.3508120,W,33.3709,146.3052,040121,,,,
$GPGGA,221749.43,3727.4374900,N,12217.3378400,W,1,0,0.0,123.6772,M,0.0000,M,0.0000,0
$GPRMC,221749.43,A,3727.4374900,N,12217.3378400,W,33.7121,144.2003,040121,,,,
$GPGGA,221750.43,3727.4227840,N,12217.3241300,W,1,0,0.0,123.4069,M,0.0000,M,0.0000,0
$GPRMC,221750.43,A,3727.4227840,N,12217.3241300,W,34.0355,142.2755,040121,,,,
$GPGGA,221751.43,3727.4083720,N,12217.3096580,W,1,0,0.0,123.2790,M,0.0000,M,0.0000,0
$GPRMC,221751.43,A,3727.4083720,N,12217.3096580,W,34.2242,140.2215,040121,,,,
$GPGGA,221752.43,3727.3943440,N,12217.2945080,W,1,0,0.0,123.2483,M,0.0000,M,0.0000,0
$GPRMC,221752.43,A,3727.3943440,N,12217.2945080,W,34.2154,138.1772,040121,,,,
$GPGGA,221753.43,3727.3807840,N,12217.2787820,W,1,0,0.0,123.4174,M,0.0000,M,0.0000,0
$GPRMC,221753.43,A,3727.3807840,N,12217.2787820,W,34.1216,136.0963,040121,,,,
$GPGGA,221754.43,3727.3677400,N,12217.2624740,W,1,0,0.0,123.7445,M,0.0000,M,0.0000,0
$GPRMC,221754.43,A,3727.3677400,N,12217.2624740,W,34.0075,134.1351,040121,,,,
$GPGGA,221755.43,3727.3551820,N,12217.2456860,W,1,0,0.0,124.2088,M,0.0000,M,0.0000,0
$GPRMC,221755.43,A,3727.3551820,N,12217.2456860,W,33.8540,132.0131,040121,,,,
$GPGGA,221756.43,3727.3431940,N,12217.2284060,W,1,0,0.0,124.7398,M,0.0000,M,0.0000,0
$GPRMC,221756.43,A,3727.3431940,N,12217.2284060,W,33.7051,130.0502,040121,,,,
$GPGGA,221757.43,3727.3315300,N,12217.2108980,W,1,0,0.0,125.2375,M,0.0000,M,0.0000,0
$GPRMC,221757.43,A,3727.3315300,N,12217.2108980,W,33.5750,129.5492,040121,,,,
$GPGGA,221758.43,3727.3199980,N,12217.1933480,W,1,0,0.0,125.7432,M,0.0000,M,0.0000,0
$GPRMC,221758.43,A,3727.3199980,N,12217.1933480,W,33.5082,129.2917,040121,,,,
$GPGGA,221759.43,3727.3084960,N,12217.1758100,W,1,0,0.0,126.4039,M,0.0000,M,0.0000,0
$GPRMC,221759.43,A,3727.3084960,N,12217.1758100,W,33.5126,129.3900,040121,,,,
$GPGGA,221800.43,3727.2969520,N,12217.1582720,W,1,0,0.0,127.1535,M,0.0000,M,0.0000,0
$GPRMC,221800.43,A,3727.2969520,N,12217.1582720,W,33.5544,129.5794,040121,,,,
$GPGGA,221801.43,3727.2854020,N,12217.1407040,W,1,0,0.0,127.8992,M,0.0000,M,0.0000,0
$GPRMC,221801.43,A,3727.2854020,N,12217.1407040,W,33.6092,129.2399,040121,,,,
$GPGGA,221802.43,3727.2738760,N,12217.1230700,W,1,0,0.0,128.6352,M,0.0000,M,0.0000,0
$GPRMC,221802.43,A,3727.2738760,N,12217.1230700,W,33.6205,129.2610,040121,,,,
$GPGGA,221803.43,3727.2623500,N,12217.1054420,W,1,0,0.0,129.3479,M,0.0000,M,0.0000,0
$GPRMC,221803.43,A,3727.2623500,N,12217.1054420,W,33.6365,129.2802,040121,,,,
$GPGGA,221804.43,3727.2507820,N,12217.0878320,W,1,0,0.0,130.0905,M,0.0000,M,0.0000,0
$GPRMC,221804.43,A,3727.2507820,N,12217.0878320,W,33.6895,129.4454,040121,,,,
$GPGGA,221805.43,3727.2391720,N,12217.0702100,W,1,0,0.0,130.8122,M,0.0000,M,0.0000,0
$GPRMC,221805.43,A,3727.2391720,N,12217.0702100,W,33.7285,129.4696,040121,,,,
$GPGGA,221806.43,3727.2275440,N,12217.0525820,W,1,0,0.0,131.5612,M,0.0000,M,0.0000,0
$GPRMC,221806.43,A,3727.2275440,N,12217.0525820,W,33.7431,129.5695,040121,,,,
$GPGGA,221807.43,3727.2159100,N,12217.0349660,W,1,0,0.0,132.3052,M,0.0000,M,0.0000,0
$GPRMC,221807.43,A,3727.2159100,N,12217.0349660,W,33.7446,129.4681,040121,,,,
$GPGGA,221808.43,3727.2043060,N,12217.0173140,W,1,0,0.0,133.0882,M,0.0000,M,0.0000,0
$GPRMC,221808.43,A,3727.2043060,N,12217.0173140,W,33.7202,129.2813,040121,,,,
$GPGGA,221809.43,3727.1927320,N,12216.9996380,W,1,0,0.0,133.7685,M,0.0000,M,0.0000,0
$GPRMC,221809.43,A,3727.1927320,N,12216.9996380,W,33.7434,129.2141,040121,,,,
$GPGGA,221810.43,3727.1811700,N,12216.9819320,W,1,0,0.0,134.4492,M,0.0000,M,0.0000,0
$GPRMC,221810.43,A,3727.1811700,N,12216.9819320,W,33.7677,129.3033,040121,,,,
$GPGGA,221811.43,3727.1695780,N,12216.9642500,W,1,0,0.0,135.0872,M,0.0000,M,0.0000,0
$GPRMC,221811.43,A,3727.1695780,N,12216.9642500,W,33.7813,129.3412,040121,,,,
$GPGGA,221812.43,3727.1579560,N,12216.9465620,W,1,0,0.0,135.6408,M,0.0000,M,0.0000,0
$GPRMC,221812.43,A,3727.1579560,N,12216.9465620,W,33.8156,129.4847,040121,,,,
$GPGGA,221813.43,3727.1463340,N,12216.9289100,W,1,0,0.0,136.1201,M,0.0000,M,0.0000,0
$GPRMC,221813.43,A,3727.1463340,N,12216.9289100,W,33.6947,129.4800,040121,,,,
$GPGGA,221814.43,3727.1347660,N,12216.9113000,W,1,0,0.0,136.5231,M,0.0000,M,0.0000,0
$GPRMC,221814.43,A,3727.1347660,N,12216.9113000,W,33.6092,129.3427,040121,,,,
$GPGGA,221815.43,3727.1232280,N,12216.8937200,W,1,0,0.0,136.8638,M,0.0000,M,0.0000,0
$GPRMC,221815.43,A,3727.1232280,N,12216.8937200,W,33.5490,129.3516,040121,,,,
$GPGGA,221816.43,3727.1117020,N,12216.8761640,W,1,0,0.0,137.1454,M,0.0000,M,0.0000,0
$GPRMC,221816.43,A,3727.1117020,N,12216.8761640,W,33.5308,129.3666,040121,,,,
$GPGGA,221817.43,3727.1001880,N,12216.8586080,W,1,0,0.0,137.3700,M,0.0000,M,0.0000,0
$GPRMC,221817.43,A,3727.1001880,N,12216.8586080,W,33.5361,129.3509,040121,,,,
$GPGGA,221818.43,3727.0886740,N,12216.8410340,W,1,0,0.0,137.5044,M,0.0000,M,0.0000,0
$GPRMC,221818.43,A,3727.0886740,N,12216.8410340,W,33.5508,129.3223,040121,,,,
$GPGGA,221819.43,3727.0771840,N,12216.8234300,W,1,0,0.0,137.5933,M,0.0000,M,0.0000,0
$GPRMC,221819.43,A,3727.0771840,N,12216.8234300,W,33.5553,129.2034,040121,,,,
$GPGGA,221820.43,3727.0656580,N,12216.8058440,W,1,0,0.0,137.5973,M,0.0000,M,0.0000,0
$GPRMC,221820.43,A,3727.0656580,N,12216.8058440,W,33.5894,129.3915,040121,,,,
$GPGGA,221821.43,3727.0540780,N,12216.7882640,W,1,0,0.0,137.5350,M,0.0000,M,0.0000,0
$GPRMC,221821.43,A,3727.0540780,N,12216.7882640,W,33.6748,129.5382,040121,,,,
$GPGGA,221822.43,3727.0424620,N,12216.7706480,W,1,0,0.0,137.4166,M,0.0000,M,0.0000,0
$GPRMC,221822.43,A,3727.0424620,N,12216.7706480,W,33.7588,129.3945,040121,,,,
$GPGGA,221823.43,3727.0308520,N,12216.7529780,W,1,0,0.0,137.2173,M,0.0000,M,0.0000,0
$GPRMC,221823.43,A,3727.0308520,N,12216.7529780,W,33.7682,129.4670,040121,,,,
$GPGGA,221824.43,3727.0192240,N,12216.7353440,W,1,0,0.0,136.9316,M,0.0000,M,0.0000,0
$GPRMC,221824.43,A,3727.0192240,N,12216.7353440,W,33.6966,129.4435,040121,,,,
$GPGGA,221825.43,3727.0076500,N,12216.7177400,W,1,0,0.0,136.5303,M,0.0000,M,0.0000,0
$GPRMC,221825.43,A,3727.0076500,N,12216.7177400,W,33.6296,129.4662,040121,,,,
$GPGGA,221826.43,3726.9961120,N,12216.7001360,W,1,0,0.0,136.0989,M,0.0000,M,0.0000,0
$GPRMC,221826.43,A,3726.9961120,N,12216.7001360,W,33.5702,129.2592,040121,,,,
$GPGGA,221827.43,3726.9845980,N,12216.6825500,W,1,0,0.0,135.6455,M,0.0000,M,0.0000,0
$GPRMC,221827.43,A,3726.9845980,N,12216.6825500,W,33.5605,129.4382,040121,,,,
$GPGGA,221828.43,3726.9730420,N,12216.6650000,W,1,0,0.0,135.0922,M,0.0000,M,0.0000,0
$GPRMC,221828.43,A,3726.9730420,N,12216.6650000,W,33.5719,129.5311,040121,,,,
$GPGGA,221829.43,3726.9614380,N,12216.6474920,W,1,0,0.0,134.5158,M,0.0000,M,0.0000,0
$GPRMC,221829.43,A,3726.9614380,N,12216.6474920,W,33.6143,129.8444,040121,,,,
$GPGGA,221830.43,3726.9497020,N,12216.6300260,W,1,0,0.0,133.8074,M,0.0000,M,0.0000,0
$GPRMC,221830.43,A,3726.9497020,N,12216.6300260,W,33.7459,130.1468,040121,,,,
$GPGGA,221831.43,3726.9378580,N,12216.6125720,W,1,0,0.0,133.0027,M,0.0000,M,0.0000,0
$GPRMC,221831.43,A,3726.9378580,N,12216.6125720,W,33.8656,130.4126,040121,,,,
$GPGGA,221832.43,3726.9259180,N,12216.5950880,W,1,0,0.0,132.1264,M,0.0000,M,0.0000,0
$GPRMC,221832.43,A,3726.9259180,N,12216.5950880,W,34.0507,130.6173,040121,,,,
$GPGGA,221833.43,3726.9138640,N,12216.5775440,W,1,0,0.0,131.1400,M,0.0000,M,0.0000,0
$GPRMC,221833.43,A,3726.9138640,N,12216.5775440,W,34.2726,130.7528,040121,,,,
$GPGGA,221834.43,3726.9016600,N,12216.5599580,W,1,0,0.0,130.1737,M,0.0000,M,0.0000,0
$GPRMC,221834.43,A,3726.9016600,N,12216.5599580,W,34.4923,131.1246,040121,,,,
$GPGGA,221835.43,3726.8893240,N,12216.5423600,W,1,0,0.0,129.2064,M,0.0000,M,0.0000,0
$GPRMC,221835.43,A,3726.8893240,N,12216.5423600,W,34.6096,131.3021,040121,,,,
$GPGGA,221836.43,3726.8769580,N,12216.5247200,W,1,0,0.0,128.1867,M,0.0000,M,0.0000,0
$GPRMC,221836.43,A,3726.8769580,N,12216.5247200,W,34.6872,131.1653,040121,,,,
$GPGGA,221837.43,3726.8645860,N,12216.5069900,W,1,0,0.0,127.1847,M,0.0000,M,0.0000,0
$GPRMC,221837.43,A,3726.8645860,N,12216.5069900,W,34.7941,131.1391,040121,,,,
$GPGGA,221838.43,3726.8521600,N,12216.4892300,W,1,0,0.0,126.1730,M,0.0000,M,0.0000,0
$GPRMC,221838.43,A,3726.8521600,N,12216.4892300,W,34.9069,131.1223,040121,,,,
$GPGGA,221839.43,3726.8396860,N,12216.4714220,W,1,0,0.0,125.1690,M,0.0000,M,0.0000,0
$GPRMC,221839.43,A,3726.8396860,N,12216.4714220,W,35.0110,131.3327,040121,,,,
$GPGGA,221840.43,3726.8271400,N,12216.4536080,W,1,0,0.0,124.1774,M,0.0000,M,0.0000,0
$GPRMC,221840.43,A,3726.8271400,N,12216.4536080,W,35.0933,131.2837,040121,,,,
$GPGGA,221841.43,3726.8145940,N,12216.4357160,W,1,0,0.0,123.2551,M,0.0000,M,0.0000,0
$GPRMC,221841.43,A,3726.8145940,N,12216.4357160,W,35.1725,131.2160,040121,,,,
$GPGGA,221842.43,3726.8020240,N,12216.4177940,W,1,0,0.0,122.4824,M,0.0000,M,0.0000,0
$GPRMC,221842.43,A,3726.8020240,N,12216.4177940,W,35.2305,131.3085,040121,,,,
$GPGGA,221843.43,3726.7894300,N,12216.3998480,W,1,0,0.0,121.8115,M,0.0000,M,0.0000,0
$GPRMC,221843.43,A,3726.7894300,N,12216.3998480,W,35.2792,131.2746,040121,,,,
$GPGGA,221844.43,3726.7768180,N,12216.3818780,W,1,0,0.0,121.3372,M,0.0000,M,0.0000,0
$GPRMC,221844.43,A,3726.7768180,N,12216.3818780,W,35.3198,131.2404,040121,,,,
$GPGGA,221845.43,3726.7642840,N,12216.3638480,W,1,0,0.0,120.9532,M,0.0000,M,0.0000,0
$GPRMC,221845.43,A,3726.7642840,N,12216.3638480,W,35.2411,130.9594,040121,,,,
$GPGGA,221846.43,3726.7518820,N,12216.3457700,W,1,0,0.0,120.7063,M,0.0000,M,0.0000,0
$GPRMC,221846.43,A,3726.7518820,N,12216.3457700,W,35.0934,130.3486,040121,,,,
$GPGGA,221847.43,3726.7398340,N,12216.3274760,W,1,0,0.0,120.5263,M,0.0000,M,0.0000,0
$GPRMC,221847.43,A,3726.7398340,N,12216.3274760,W,34.8954,128.5548,040121,,,,
$GPGGA,221848.43,3726.7283500,N,12216.3087860,W,1,0,0.0,120.4363,M,0.0000,M,0.0000,0
$GPRMC,221848.43,A,3726.7283500,N,12216.3087860,W,34.6842,126.3977,040121,,,,
$GPGGA,221849.43,3726.7174780,N,12216.2897060,W,1,0,0.0,120.4647,M,0.0000,M,0.0000,0
$GPRMC,221849.43,A,3726.7174780,N,12216.2897060,W,34.4840,124.5783,040121,,,,
$GPGGA,221850.43,3726.7071400,N,12216.2703380,W,1,0,0.0,120.5991,M,0.0000,M,0.0000,0
$GPRMC,221850.43,A,3726.7071400,N,12216.2703380,W,34.2615,123.0598,040121,,,,
$GPGGA,221851.43,3726.6972940,N,12216.2507540,W,1,0,0.0,120.8604,M,0.0000,M,0.0000,0
$GPRMC,221851.43,A,3726.6972940,N,12216.2507540,W,34.0123,121.1932,040121,,,,
$GPGGA,221852.43,3726.6880480,N,12216.2309240,W,1,0,0.0,121.2398,M,0.0000,M,0.0000,0
$GPRMC,221852.43,A,3726.6880480,N,12216.2309240,W,33.7695,119.2935,040121,,,,
$GPGGA,221853.43,3726.6794260,N,12216.2108240,W,1,0,0.0,121.6184,M,0.0000,M,0.0000,0
$GPRMC,221853.43,A,3726.6794260,N,12216.2108240,W,33.5543,117.2172,040121,,,,
$GPGGA,221854.43,3726.6713560,N,12216.1905140,W,1,0,0.0,121.9948,M,0.0000,M,0.0000,0
$GPRMC,221854.43,A,3726.6713560,N,12216.1905140,W,33.3791,115.5774,040121,,,,
$GPGGA,221855.43,3726.6638140,N,12216.1700060,W,1,0,0.0,122.3165,M,0.0000,M,0.0000,0
$GPRMC,221855.43,A,3726.6638140,N,12216.1700060,W,33.2217,113.8990,040121,,,,
$GPGGA,221856.43,3726.6568060,N,12216.1493300,W,1,0,0.0,122.7051,M,0.0000,M,0.0000,0
$GPRMC,221856.43,A,3726.6568060,N,12216.1493300,W,33.0565,112.1052,040121,,,,
$GPGGA,221857.43,3726.6503920,N,12216.1284740,W,1,0,0.0,123.1631,M,0.0000,M,0.0000,0
$GPRMC,221857.43,A,3726.6503920,N,12216.1284740,W,32.8910,110.1215,040121,,,,
$GPGGA,221858.43,3726.6444820,N,12216.1074740,W,1,0,0.0,123.5284,M,0.0000,M,0.0000,0
$GPRMC,221858.43,A,3726.6444820,N,12216.1074740,W,32.7807,108.5258,040121,,,,
$GPGGA,221859.43,3726.6391060,N,12216.0863300,W,1,0,0.0,123.9061,M,0.0000,M,0.0000,0
$GPRMC,221859.43,A,3726.6391060,N,12216.0863300,W,32.6767,106.7706,040121,,,,
$GPGGA,221900.43,3726.6342640,N,12216.0650720,W,1,0,0.0,124.2828,M,0.0000,M,0.0000,0
$GPRMC,221900.43,A,3726.6342640,N,12216.0650720,W,32.5544,105.1538,040121,,,,
$GPGGA,221901.43,3726.6299020,N,12216.0437180,W,1,0,0.0,124.6648,M,0.0000,M,0.0000,0
$GPRMC,221901.43,A,3726.6299020,N,12216.0437180,W,32.4641,103.5642,040121,,,,
$GPGGA,221902.43,3726.6260500,N,12216.0222680,W,1,0,0.0,125.0444,M,0.0000,M,0.0000,0
$GPRMC,221902.43,A,3726.6260500,N,12216.0222680,W,32.3852,101.6805,040121,,,,
$GPGGA,221903.43,3726.6228100,N,12216.0007160,W,1,0,0.0,125.4134,M,0.0000,M,0.0000,0
$GPRMC,221903.43,A,3726.6228100,N,12216.0007160,W,32.3067,99.5989,040121,,,,
$GPGGA,221904.43,3726.6201280,N,12215.9790980,W,1,0,0.0,125.7638,M,0.0000,M,0.0000,0
$GPRMC,221904.43,A,3726.6201280,N,12215.9790980,W,32.2421,98.0811,040121,,,,
$GPGGA,221905.43,3726.6178720,N,12215.9574380,W,1,0,0.0,126.0724,M,0.0000,M,0.0000,0
$GPRMC,221905.43,A,3726.6178720,N,12215.9574380,W,32.1823,96.6418,040121,,,,
$GPGGA,221906.43,3726.6161020,N,12215.9357480,W,1,0,0.0,126.3324,M,0.0000,M,0.0000,0
$GPRMC,221906.43,A,3726.6161020,N,12215.9357480,W,32.1132,95.0215,040121,,,,
$GPGGA,221907.43,3726.6148600,N,12215.9140520,W,1,0,0.0,126.5314,M,0.0000,M,0.0000,0
$GPRMC,221907.43,A,3726.6148600,N,12215.9140520,W,32.0584,93.0911,040121,,,,
$GPGGA,221908.43,3726.6142060,N,12215.8923380,W,1,0,0.0,126.6817,M,0.0000,M,0.0000,0
$GPRMC,221908.43,A,3726.6142060,N,12215.8923380,W,32.0273,91.1723,040121,,,,
$GPGGA,221909.43,3726.6141100,N,12215.8706360,W,1,0,0.0,126.7470,M,0.0000,M,0.0000,0
$GPRMC,221909.43,A,3726.6141100,N,12215.8706360,W,31.9954,89.3840,040121,,,,
$GPGGA,221910.43,3726.6144880,N,12215.8489460,W,1,0,0.0,126.7206,M,0.0000,M,0.0000,0
$GPRMC,221910.43,A,3726.6144880,N,12215.8489460,W,32.0015,87.8837,040121,,,,
$GPGGA,221911.43,3726.6153520,N,12215.8272860,W,1,0,0.0,126.7047,M,0.0000,M,0.0000,0
$GPRMC,221911.43,A,3726.6153520,N,12215.8272860,W,31.9735,86.2956,040121,,,,
$GPGGA,221912.43,3726.6167020,N,12215.8056560,W,1,0,0.0,126.6080,M,0.0000,M,0.0000,0
$GPRMC,221912.43,A,3726.6167020,N,12215.8056560,W,32.0047,84.5198,040121,,,,
$GPGGA,221913.43,3726.6186520,N,12215.7840860,W,1,0,0.0,126.5260,M,0.0000,M,0.0000,0
$GPRMC,221913.43,A,3726.6186520,N,12215.7840860,W,32.0467,82.6048,040121,,,,
$GPGGA,221914.43,3726.6209200,N,12215.7625220,W,1,0,0.0,126.3026,M,0.0000,M,0.0000,0
$GPRMC,221914.43,A,3726.6209200,N,12215.7625220,W,32.1211,82.3830,040121,,,,
$GPGGA,221915.43,3726.6232240,N,12215.7409040,W,1,0,0.0,126.0486,M,0.0000,M,0.0000,0
$GPRMC,221915.43,A,3726.6232240,N,12215.7409040,W,32.2106,82.1521,040121,,,,
$GPGGA,221916.43,3726.6256600,N,12215.7192620,W,1,0,0.0,125.7699,M,0.0000,M,0.0000,0
$GPRMC,221916.43,A,3726.6256600,N,12215.7192620,W,32.2637,81.8466,040121,,,,
$GPGGA,221917.43,3726.6280840,N,12215.6975660,W,1,0,0.0,125.5419,M,0.0000,M,0.0000,0
$GPRMC,221917.43,A,3726.6280840,N,12215.6975660,W,32.3563,82.2041,040121,,,,
$GPGGA,221918.43,3726.6304000,N,12215.6757920,W,1,0,0.0,125.3249,M,0.0000,M,0.0000,0
$GPRMC,221918.43,A,3726.6304000,N,12215.6757920,W,32.4438,82.2775,040121,,,,
$GPGGA,221919.43,3726.6327520,N,12215.6539640,W,1,0,0.0,125.1056,M,0.0000,M,0.0000,0
$GPRMC,221919.43,A,3726.6327520,N,12215.6539640,W,32.5114,82.1034,040121,,,,
$GPGGA,221920.43,3726.6352180,N,12215.6321480,W,1,0,0.0,124.9476,M,0.0000,M,0.0000,0
$GPRMC,221920.43,A,3726.6352180,N,12215.6321480,W,32.4551,81.6217,040121,,,,
$GPGGA,221921.43,3726.6376780,N,12215.6103980,W,1,0,0.0,124.6986,M,0.0000,M,0.0000,0
$GPRMC,221921.43,A,3726.6376780,N,12215.6103980,W,32.3481,82.2478,040121,,,,
$GPGGA,221922.43,3726.6398980,N,12215.5886780,W,1,0,0.0,124.3586,M,0.0000,M,0.0000,0
$GPRMC,221922.43,A,3726.6398980,N,12215.5886780,W,32.2531,82.9723,040121,,,,
$GPGGA,221923.43,3726.6418060,N,12215.5670240,W,1,0,0.0,123.9412,M,0.0000,M,0.0000,0
$GPRMC,221923.43,A,3726.6418060,N,12215.5670240,W,31.9977,84.4893,040121,,,,
$GPGGA,221924.43,3726.6431200,N,12215.5454840,W,1,0,0.0,123.4592,M,0.0000,M,0.0000,0
$GPRMC,221924.43,A,3726.6431200,N,12215.5454840,W,31.7614,86.7709,040121,,,,
$GPGGA,221925.43,3726.6437500,N,12215.5240400,W,1,0,0.0,122.9045,M,0.0000,M,0.0000,0
$GPRMC,221925.43,A,3726.6437500,N,12215.5240400,W,31.5406,88.8083,040121,,,,
$GPGGA,221926.43,3726.6438220,N,12215.5027340,W,1,0,0.0,122.2578,M,0.0000,M,0.0000,0
$GPRMC,221926.43,A,3726.6438220,N,12215.5027340,W,31.3389,90.5140,040121,,,,
$GPGGA,221927.43,3726.6433480,N,12215.4815600,W,1,0,0.0,121.5494,M,0.0000,M,0.0000,0
$GPRMC,221927.43,A,3726.6433480,N,12215.4815600,W,31.1613,92.6235,040121,,,,
$GPGGA,221928.43,3726.6422980,N,12215.4605300,W,1,0,0.0,120.7681,M,0.0000,M,0.0000,0
$GPRMC,221928.43,A,3726.6422980,N,12215.4605300,W,31.0117,94.4128,040121,,,,
$GPGGA,221929.43,3726.6407020,N,12215.4396560,W,1,0,0.0,119.9334,M,0.0000,M,0.0000,0
$GPRMC,221929.43,A,3726.6407020,N,12215.4396560,W,30.8354,96.3304,040121,,,,
$GPGGA,221930.43,3726.6385540,N,12215.4189800,W,1,0,0.0,119.0200,M,0.0000,M,0.0000,0
$GPRMC,221930.43,A,3726.6385540,N,12215.4189800,W,30.6968,98.3841,040121,,,,
$GPGGA,221931.43,3726.6358240,N,12215.3984960,W,1,0,0.0,118.0294,M,0.0000,M,0.0000,0
$GPRMC,221931.43,A,3726.6358240,N,12215.3984960,W,30.5933,100.5567,040121,,,,
$GPGGA,221932.43,3726.6324880,N,12215.3782100,W,1,0,0.0,116.9637,M,0.0000,M,0.0000,0
$GPRMC,221932.43,A,3726.6324880,N,12215.3782100,W,30.5201,102.5814,040121,,,,
$GPGGA,221933.43,3726.6286420,N,12215.3581160,W,1,0,0.0,115.8370,M,0.0000,M,0.0000,0
$GPRMC,221933.43,A,3726.6286420,N,12215.3581160,W,30.4521,104.1435,040121,,,,
$GPGGA,221934.43,3726.6243220,N,12215.3382080,W,1,0,0.0,114.6333,M,0.0000,M,0.0000,0
$GPRMC,221934.43,A,3726.6243220,N,12215.3382080,W,30.4216,106.2303,040121,,,,
$GPGGA,221935.43,3726.6193900,N,12215.3185220,W,1,0,0.0,113.3870,M,0.0000,M,0.0000,0
$GPRMC,221935.43,A,3726.6193900,N,12215.3185220,W,30.4895,108.3905,040121,,,,
$GPGGA,221936.43,3726.6139180,N,12215.2989920,W,1,0,0.0,112.1629,M,0.0000,M,0.0000,0
$GPRMC,221936.43,A,3726.6139180,N,12215.2989920,W,30.5726,110.0808,040121,,,,
$GPGGA,221937.43,3726.6080140,N,12215.2796120,W,1,0,0.0,110.9320,M,0.0000,M,0.0000,0
$GPRMC,221937.43,A,3726.6080140,N,12215.2796120,W,30.6351,111.6741,040121,,,,
$GPGGA,221938.43,3726.6015880,N,12215.2604780,W,1,0,0.0,109.7049,M,0.0000,M,0.0000,0
$GPRMC,221938.43,A,3726.6015880,N,12215.2604780,W,30.6125,114.0828,040121,,,,
$GPGGA,221939.43,3726.5945380,N,12215.2417160,W,1,0,0.0,108.4730,M,0.0000,M,0.0000,0
$GPRMC,221939.43,A,3726.5945380,N,12215.2417160,W,30.5870,116.1783,040121,,,,
$GPGGA,221940.43,3726.5869900,N,12215.2232720,W,1,0,0.0,107.2033,M,0.0000,M,0.0000,0
$GPRMC,221940.43,A,3726.5869900,N,12215.2232720,W,30.5703,117.9745,040121,,,,
$GPGGA,221941.43,3726.5789980,N,12215.2051520,W,1,0,0.0,105.9873,M,0.0000,M,0.0000,0
$GPRMC,221941.43,A,3726.5789980,N,12215.2051520,W,30.5298,119.6230,040121,,,,
$GPGGA,221942.43,3726.5705800,N,12215.1873800,W,1,0,0.0,104.8033,M,0.0000,M,0.0000,0
$GPRMC,221942.43,A,3726.5705800,N,12215.1873800,W,30.4560,121.9335,040121,,,,
$GPGGA,221943.43,3726.5615320,N,12215.1701780,W,1,0,0.0,103.5696,M,0.0000,M,0.0000,0
$GPRMC,221943.43,A,3726.5615320,N,12215.1701780,W,30.3655,124.8851,040121,,,,
$GPGGA,221944.43,3726.5517640,N,12215.1536600,W,1,0,0.0,102.3249,M,0.0000,M,0.0000,0
$GPRMC,221944.43,A,3726.5517640,N,12215.1536600,W,30.3152,127.8347,040121,,,,
$GPGGA,221945.43,3726.5415160,N,12215.1376400,W,1,0,0.0,101.0700,M,0.0000,M,0.0000,0
$GPRMC,221945.43,A,3726.5415160,N,12215.1376400,W,30.2738,129.3674,040121,,,,
$GPGGA,221946.43,3726.5309740,N,12215.1219740,W,1,0,0.0,99.8857,M,0.0000,M,0.0000,0
$GPRMC,221946.43,A,3726.5309740,N,12215.1219740,W,30.1901,130.9287,040121,,,,
$GPGGA,221947.43,3726.5200660,N,12215.1068000,W,1,0,0.0,98.5875,M,0.0000,M,0.0000,0
$GPRMC,221947.43,A,3726.5200660,N,12215.1068000,W,30.1230,133.2621,040121,,,,
$GPGGA,221948.43,3726.5087020,N,12215.0921780,W,1,0,0.0,97.3363,M,0.0000,M,0.0000,0
$GPRMC,221948.43,A,3726.5087020,N,12215.0921780,W,30.0879,134.7988,040121,,,,
$GPGGA,221949.43,3726.4972060,N,12215.0777900,W,1,0,0.0,96.2540,M,0.0000,M,0.0000,0
$GPRMC,221949.43,A,3726.4972060,N,12215.0777900,W,29.9934,135.1147,040121,,,,
$GPGGA,221950.43,3726.4857400,N,12215.0634380,W,1,0,0.0,95.0906,M,0.0000,M,0.0000,0
$GPRMC,221950.43,A,3726.4857400,N,12215.0634380,W,29.9326,134.7153,040121,,,,
$GPGGA,221951.43,3726.4743940,N,12215.0489900,W,1,0,0.0,93.8946,M,0.0000,M,0.0000,0
$GPRMC,221951.43,A,3726.4743940,N,12215.0489900,W,29.8984,134.0979,040121,,,,
$GPGGA,221952.43,3726.4631560,N,12215.0344460,W,1,0,0.0,92.6713,M,0.0000,M,0.0000,0
$GPRMC,221952.43,A,3726.4631560,N,12215.0344460,W,29.8655,133.9467,040121,,,,
$GPGGA,221953.43,3726.4519540,N,12215.0198900,W,1,0,0.0,91.5446,M,0.0000,M,0.0000,0
$GPRMC,221953.43,A,3726.4519540,N,12215.0198900,W,29.7807,133.8885,040121,,,,
$GPGGA,221954.43,3726.4407820,N,12215.0053700,W,1,0,0.0,90.3270,M,0.0000,M,0.0000,0
$GPRMC,221954.43,A,3726.4407820,N,12215.0053700,W,29.7394,133.8340,040121,,,,
$GPGGA,221955.43,3726.4296400,N,12214.9908620,W,1,0,0.0,89.1620,M,0.0000,M,0.0000,0
$GPRMC,221955.43,A,3726.4296400,N,12214.9908620,W,29.6854,133.9362,040121,,,,
$GPGGA,221956.43,3726.4185040,N,12214.9763900,W,1,0,0.0,87.9533,M,0.0000,M,0.0000,0
$GPRMC,221956.43,A,3726.4185040,N,12214.9763900,W,29.6404,133.8332,040121,,,,
$GPGGA,221957.43,3726.4073980,N,12214.9619300,W,1,0,0.0,86.7860,M,0.0000,M,0.0000,0
$GPRMC,221957.43,A,3726.4073980,N,12214.9619300,W,29.5860,133.7670,040121,,,,
$GPGGA,221958.43,3726.3963280,N,12214.9474880,W,1,0,0.0,85.6583,M,0.0000,M,0.0000,0
$GPRMC,221958.43,A,3726.3963280,N,12214.9474880,W,29.5072,133.8805,040121,,,,
$GPGGA,221959.43,3726.3852400,N,12214.9331360,W,1,0,0.0,84.5243,M,0.0000,M,0.0000,0
$GPRMC,221959.43,A,3726.3852400,N,12214.9331360,W,29.4384,134.0046,040121,,,,
$GPGGA,222000.43,3726.3741700,N,12214.9188080,W,1,0,0.0,83.2939,M,0.0000,M,0.0000,0
$GPRMC,222000.43,A,3726.3741700,N,12214.9188080,W,29.4236,134.1530,040121,,,,
$GPGGA,222001.43,3726.3630520,N,12214.9045460,W,1,0,0.0,82.0130,M,0.0000,M,0.0000,0
$GPRMC,222001.43,A,3726.3630520,N,12214.9045460,W,29.4179,134.3383,040121,,,,
$GPGGA,222002.43,3726.3519100,N,12214.8903320,W,1,0,0.0,80.8500,M,0.0000,M,0.0000,0
$GPRMC,222002.43,A,3726.3519100,N,12214.8903320,W,29.3726,134.5581,040121,,,,
$GPGGA,222003.43,3726.3407140,N,12214.8762500,W,1,0,0.0,79.6576,M,0.0000,M,0.0000,0
$GPRMC,222003.43,A,3726.3407140,N,12214.8762500,W,29.2325,135.0551,040121,,,,
$GPGGA,222004.43,3726.3296620,N,12214.8625280,W,1,0,0.0,78.5093,M,0.0000,M,0.0000,0
$GPRMC,222004.43,A,3726.3296620,N,12214.8625280,W,28.1610,135.4052,040121,,,,
$GPGGA,222005.43,3726.3190660,N,12214.8494840,W,1,0,0.0,77.3800,M,0.0000,M,0.0000,0
$GPRMC,222005.43,A,3726.3190660,N,12214.8494840,W,26.7625,135.4653,040121,,,,
$GPGGA,222006.43,3726.3089860,N,12214.8371780,W,1,0,0.0,76.3961,M,0.0000,M,0.0000,0
$GPRMC,222006.43,A,3726.3089860,N,12214.8371780,W,25.2988,135.8609,040121,,,,
$GPGGA,222007.43,3726.2993560,N,12214.8256640,W,1,0,0.0,75.4137,M,0.0000,M,0.0000,0
$GPRMC,222007.43,A,3726.2993560,N,12214.8256640,W,24.0404,136.9733,040121,,,,
$GPGGA,222008.43,3726.2898100,N,12214.8148460,W,1,0,0.0,74.4567,M,0.0000,M,0.0000,0
$GPRMC,222008.43,A,3726.2898100,N,12214.8148460,W,23.7169,138.4971,040121,,,,
$GPGGA,222009.43,3726.2800900,N,12214.8043760,W,1,0,0.0,73.4407,M,0.0000,M,0.0000,0
$GPRMC,222009.43,A,3726.2800900,N,12214.8043760,W,23.7165,139.8293,040121,,,,
$GPGGA,222010.43,3726.2702320,N,12214.7940980,W,1,0,0.0,72.4384,M,0.0000,M,0.0000,0
$GPRMC,222010.43,A,3726.2702320,N,12214.7940980,W,23.7423,140.4617,040121,,,,
$GPGGA,222011.43,3726.2603140,N,12214.7839100,W,1,0,0.0,71.4447,M,0.0000,M,0.0000,0
$GPRMC,222011.43,A,3726.2603140,N,12214.7839100,W,23.7095,140.8241,040121,,,,
$GPGGA,222012.43,3726.2503240,N,12214.7738360,W,1,0,0.0,70.4504,M,0.0000,M,0.0000,0
$GPRMC,222012.43,A,3726.2503240,N,12214.7738360,W,23.7155,141.3766,040121,,,,
$GPGGA,222013.43,3726.2403100,N,12214.7637920,W,1,0,0.0,69.4951,M,0.0000,M,0.0000,0
$GPRMC,222013.43,A,3726.2403100,N,12214.7637920,W,23.7063,141.1234,040121,,,,
$GPGGA,222014.43,3726.2303800,N,12214.7536460,W,1,0,0.0,68.5163,M,0.0000,M,0.0000,0
$GPRMC,222014.43,A,3726.2303800,N,12214.7536460,W,23.7055,140.7039,040121,,,,
$GPGGA,222015.43,3726.2204920,N,12214.7434100,W,1,0,0.0,67.5047,M,0.0000,M,0.0000,0
$GPRMC,222015.43,A,3726.2204920,N,12214.7434100,W,23.6965,140.4693,040121,,,,
$GPGGA,222016.43,3726.2106400,N,12214.7331620,W,1,0,0.0,66.4336,M,0.0000,M,0.0000,0
$GPRMC,222016.43,A,3726.2106400,N,12214.7331620,W,23.6906,140.3609,040121,,,,
$GPGGA,222017.43,3726.2008480,N,12214.7227880,W,1,0,0.0,65.2143,M,0.0000,M,0.0000,0
$GPRMC,222017.43,A,3726.2008480,N,12214.7227880,W,23.7388,139.2198,040121,,,,
$GPGGA,222018.43,3726.1911520,N,12214.7122040,W,1,0,0.0,63.9362,M,0.0000,M,0.0000,0
$GPRMC,222018.43,A,3726.1911520,N,12214.7122040,W,23.8034,138.6636,040121,,,,
$GPGGA,222019.43,3726.1814860,N,12214.7015000,W,1,0,0.0,62.6476,M,0.0000,M,0.0000,0
$GPRMC,222019.43,A,3726.1814860,N,12214.7015000,W,23.8947,138.3979,040121,,,,
$GPGGA,222020.43,3726.1717960,N,12214.6907480,W,1,0,0.0,61.3853,M,0.0000,M,0.0000,0
$GPRMC,222020.43,A,3726.1717960,N,12214.6907480,W,23.9474,138.4858,040121,,,,
$GPGGA,222021.43,3726.1621540,N,12214.6800680,W,1,0,0.0,60.1570,M,0.0000,M,0.0000,0
$GPRMC,222021.43,A,3726.1621540,N,12214.6800680,W,23.4511,138.5132,040121,,,,
$GPGGA,222022.43,3726.1530220,N,12214.6699820,W,1,0,0.0,59.0640,M,0.0000,M,0.0000,0
$GPRMC,222022.43,A,3726.1530220,N,12214.6699820,W,21.3892,138.6077,040121,,,,
$GPGGA,222023.43,3726.1448560,N,12214.6609820,W,1,0,0.0,58.1951,M,0.0000,M,0.0000,0
$GPRMC,222023.43,A,3726.1448560,N,12214.6609820,W,18.8485,138.7500,040121,,,,
$GPGGA,222024.43,3726.1377700,N,12214.6532180,W,1,0,0.0,57.6849,M,0.0000,M,0.0000,0
$GPRMC,222024.43,A,3726.1377700,N,12214.6532180,W,15.8618,138.8351,040121,,,,
$GPGGA,222025.43,3726.1319500,N,12214.6468400,W,1,0,0.0,57.3873,M,0.0000,M,0.0000,0
$GPRMC,222025.43,A,3726.1319500,N,12214.6468400,W,12.8089,138.6372,040121,,,,
$GPGGA,222026.43,3726.1273180,N,12214.6417160,W,1,0,0.0,57.2206,M,0.0000,M,0.0000,0
$GPRMC,222026.43,A,3726.1273180,N,12214.6417160,W,10.0508,138.5596,040121,,,,
$GPGGA,222027.43,3726.1238020,N,12214.6377920,W,1,0,0.0,57.1350,M,0.0000,M,0.0000,0
$GPRMC,222027.43,A,3726.1238020,N,12214.6377920,W,7.4076,138.4113,040121,,,,
$GPGGA,222028.43,3726.1212340,N,12214.6349240,W,1,0,0.0,57.0106,M,0.0000,M,0.0000,0
$GPRMC,222028.43,A,3726.1212340,N,12214.6349240,W,5.3741,138.3130,040121,,,,
$GPGGA,222029.43,3726.1194040,N,12214.6328600,W,1,0,0.0,56.9546,M,0.0000,M,0.0000,0
$GPRMC,222029.43,A,3726.1194040,N,12214.6328600,W,3.8430,138.1944,040121,,,,
$GPGGA,222030.43,3726.1180840,N,12214.6313660,W,1,0,0.0,56.8997,M,0.0000,M,0.0000,0
$GPRMC,222030.43,A,3726.1180840,N,12214.6313660,W,2.7503,138.0194,040121,,,,
$GPGGA,222031.43,3726.1172440,N,12214.6304060,W,1,0,0.0,56.8623,M,0.0000,M,0.0000,0
$GPRMC,222031.43,A,3726.1172440,N,12214.6304060,W,1.4679,137.9261,040121,,,,
$GPGGA,222032.43,3726.1169020,N,12214.6300220,W,1,0,0.0,56.8477,M,0.0000,M,0.0000,0
$GPRMC,222032.43,A,3726.1169020,N,12214.6300220,W,0.2301,137.8910,040121,,,,
$GPGGA,222033.43,3726.1168960,N,12214.6300160,W,1,0,0.0,56.8400,M,0.0000,M,0.0000,0
$GPRMC,222033.43,A,3726.1168960,N,12214.6300160,W,0.0022,137.8854,040121,,,,
$GPGGA,222034.43,3726.1168960,N,12214.6300160,W,1,0,0.0,56.8390,M,0.0000,M,0.0000,0
$GPRMC,222034.43,A,3726.1168960,N,12214.6300160,W,0.0028,137.8842,040121,,,,
$GPGGA,222035.43,3726.1168960,N,12214.6300160,W,1,0,0.0,56.8390,M,0.0000,M,0.0000,0
$GPRMC,222035.43,A,3726.1168960,N,12214.6300160,W,0.0013,137.8850,040121,,,,
$GPGGA,222036.43,3726.1168960,N,12214.6300160,W,1,0,0.0,56.8390,M,0.0000,M,0.0000,0
$GPRMC,222036.43,A,3726.1168960,N,12214.6300160,W,0.0013,137.8849,040121,,,,
$GPGGA,222037.43,3726.1168960,N,12214.6300160,W,1,0,0.0,56.8390,M,0.0000,M,0.0000,0
$GPRMC,222037.43,A,3726.1168960,N,12214.6300160,W,0.0010,137.8850,040121,,,,
$GPGGA,222038.43,3726.1168960,N,12214.6300160,W,1,0,0.0,56.8390,M,0.0000,M,0.0000,0
$GPRMC,222038.43,A,3726.1168960,N,12214.6300160,W,0.0011,137.8851,040121,,,,
$GPGGA,222039.43,3726.1168960,N,12214.6300160,W,1,0,0.0,56.8390,M,0.0000,M,0.0000,0
$GPRMC,222039.43,A,3726.1168960,N,12214.6300160,W,0.0003,137.8848,040121,,,,
$GPGGA,222040.43,3726.1168960,N,12214.6300160,W,1,0,0.0,56.8390,M,0.0000,M,0.0000,0
$GPRMC,222040.43,A,3726.1168960,N,12214.6300160,W,0.0010,137.8848,040121,,,,
$GPGGA,222041.43,3726.1168960,N,12214.6300160,W,1,0,0.0,56.8390,M,0.0000,M,0.0000,0
$GPRMC,222041.43,A,3726.1168960,N,12214.6300160,W,0.0010,137.8852,040121,,,,
$GPGGA,222042.43,3726.1168960,N,12214.6300160,W,1,0,0.0,56.8390,M,0.0000,M,0.0000,0
$GPRMC,222042.43,A,3726.1168960,N,12214.6300160,W,0.0010,137.8850,040121,,,,
$GPGGA,222043.43,3726.1168960,N,12214.6300160,W,1,0,0.0,56.8390,M,0.0000,M,0.0000,0
$GPRMC,222043.43,A,3726.1168960,N,12214.6300160,W,0.0010,137.8844,040121,,,,
$GPGGA,222044.43,3726.1168960,N,12214.6300160,W,1,0,0.0,56.8390,M,0.0000,M,0.0000,0
$GPRMC,222044.43,A,3726.1168960,N,12214.6300160,W,0.0008,137.8849,040121,,,,
$GPGGA,222045.43,3726.1168960,N,12214.6300160,W,1,0,0.0,56.8390,M,0.0000,M,0.0000,0
$GPRMC,222045.43,A,3726.1168960,N,12214.6300160,W,0.0009,137.8851,040121,,,,
$GPGGA,222046.43,3726.1168960,N,12214.6300160,W,1,0,0.0,56.8390,M,0.0000,M,0.0000,0
$GPRMC,222046.43,A,3726.1168960,N,12214.6300160,W,0.0013,137.8849,040121,,,,
$GPGGA,222047.43,3726.1168960,N,12214.6300160,W,1,0,0.0,56.8390,M,0.0000,M,0.0000,0
$GPRMC,222047.43,A,3726.1168960,N,12214.6300160,W,0.0014,137.8850,040121,,,,
$GPGGA,222048.43,3726.1168960,N,12214.6300160,W,1,0,0.0,56.8390,M,0.0000,M,0.0000,0
$GPRMC,222048.43,A,3726.1168960,N,12214.6300160,W,0.0010,137.8851,040121,,,,
$GPGGA,222049.43,3726.1168960,N,12214.6300160,W,1,0,0.0,56.8390,M,0.0000,M,0.0000,0
$GPRMC,222049.43,A,3726.1168960,N,12214.6300160,W,0.0009,137.8851,040121,,,,
$GPGGA,222050.43,3726.1168960,N,12214.6300160,W,1,0,0.0,56.8390,M,0.0000,M,0.0000,0
$GPRMC,222050.43,A,3726.1168960,N,12214.6300160,W,0.0010,137.8852,040121,,,,
$GPGGA,222051.43,3726.1168960,N,12214.6300160,W,1,0,0.0,56.8390,M,0.0000,M,0.0000,0
$GPRMC,222051.43,A,3726.1168960,N,12214.6300160,W,0.0000,137.8849,040121,,,,
$GPGGA,222052.43,3726.1168960,N,12214.6300160,W,1,0,0.0,56.8390,M,0.0000,M,0.0000,0
$GPRMC,222052.43,A,3726.1168960,N,12214.6300160,W,0.0000,137.8849,040121,,,,
$GPGGA,222053.43,3726.1168960,N,12214.6300160,W,1,0,0.0,56.8390,M,0.0000,M,0.0000,0
$GPRMC,222053.43,A,3726.1168960,N,12214.6300160,W,0.0007,137.8851,040121,,,,
$GPGGA,222054.43,3726.1168960,N,12214.6300160,W,1,0,0.0,56.8390,M,0.0000,M,0.0000,0
$GPRMC,222054.43,A,3726.1168960,N,12214.6300160,W,0.0000,137.8849,040121,,,,
$GPGGA,222055.43,3726.1168960,N,12214.6300160,W,1,0,0.0,56.8390,M,0.0000,M,0.0000,0
$GPRMC,222055.43,A,3726.1168960,N,12214.6300160,W,0.0009,137.8853,040121,,,,
$GPGGA,222056.43,3726.1168960,N,12214.6300160,W,1,0,0.0,56.8390,M,0.0000,M,0.0000,0
$GPRMC,222056.43,A,3726.1168960,N,12214.6300160,W,0.0010,137.8848,040121,,,,
$GPGGA,222057.43,3726.1168960,N,12214.6300160,W,1,0,0.0,56.8390,M,0.0000,M,0.0000,0
$GPRMC,222057.43,A,3726.1168960,N,12214.6300160,W,0.0003,137.8850,040121,,,,
$GPGGA,222058.43,3726.1168960,N,12214.6300160,W,1,0,0.0,56.8390,M,0.0000,M,0.0000,0
$GPRMC,222058.43,A,3726.1168960,N,12214.6300160,W,0.0007,137.8850,040121,,,,
$GPGGA,222059.43,3726.1168960,N,12214.6300160,W,1,0,0.0,56.8390,M,0.0000,M,0.0000,0
$GPRMC,222059.43,A,3726.1168960,N,12214.6300160,W,0.0010,137.8850,040121,,,,
$GPGGA,222100.43,3726.1168960,N,12214.6300160,W,1,0,0.0,56.8390,M,0.0000,M,0.0000,0
$GPRMC,222100.43,A,3726.1168960,N,12214.6300160,W,0.0010,137.8849,040121,,,,
$GPGGA,222101.43,3726.1168960,N,12214.6300160,W,1,0,0.0,56.8390,M,0.0000,M,0.0000,0
$GPRMC,222101.43,A,3726.1168960,N,12214.6300160,W,0.0010,137.8849,040121,,,,
$GPGGA,222102.43,3726.1168960,N,12214.6300160,W,1,0,0.0,56.8390,M,0.0000,M,0.0000,0
$GPRMC,222102.43,A,3726.1168960,N,12214.6300160,W,0.0000,137.8849,040121,,,,
$GPGGA,222103.43,3726.1168960,N,12214.6300160,W,1,0,0.0,56.8390,M,0.0000,M,0.0000,0
$GPRMC,222103.43,A,3726.1168960,N,12214.6300160,W,0.0007,137.8845,040121,,,,
$GPGGA,222104.43,3726.1168960,N,12214.6300160,W,1,0,0.0,56.8390,M,0.0000,M,0.0000,0
$GPRMC,222104.43,A,3726.1168960,N,12214.6300160,W,0.0000,137.8842,040121,,,,
$GPGGA,222105.43,3726.1168960,N,12214.6300160,W,1,0,0.0,56.8390,M,0.0000,M,0.0000,0
$GPRMC,222105.43,A,3726.1168960,N,12214.6300160,W,0.0007,137.8843,040121,,,,
$GPGGA,222106.43,3726.1168960,N,12214.6300160,W,1,0,0.0,56.8390,M,0.0000,M,0.0000,0
$GPRMC,222106.43,A,3726.1168960,N,12214.6300160,W,0.0003,137.8840,040121,,,,
$GPGGA,222107.43,3726.1168960,N,12214.6300160,W,1,0,0.0,56.8390,M,0.0000,M,0.0000,0
$GPRMC,222107.43,A,3726.1168960,N,12214.6300160,W,0.0010,137.8842,040121,,,,
$GPGGA,222108.43,3726.1168960,N,12214.6300160,W,1,0,0.0,56.8390,M,0.0000,M,0.0000,0
$GPRMC,222108.43,A,3726.1168960,N,12214.6300160,W,0.0017,137.8845,040121,,,,
$GPGGA,222109.43,3726.1168960,N,12214.6300160,W,1,0,0.0,56.8390,M,0.0000,M,0.0000,0
$GPRMC,222109.43,A,3726.1168960,N,12214.6300160,W,0.0010,137.8849,040121,,,,
$GPGGA,222110.43,3726.1168960,N,12214.6300160,W,1,0,0.0,56.8390,M,0.0000,M,0.0000,0
$GPRMC,222110.43,A,3726.1168960,N,12214.6300160,W,0.0010,137.8848,040121,,,,
$GPGGA,222111.43,3726.1168960,N,12214.6300160,W,1,0,0.0,56.8390,M,0.0000,M,0.0000,0
$GPRMC,222111.43,A,3726.1168960,N,12214.6300160,W,0.0009,137.8850,040121,,,,
$GPGGA,222112.43,3726.1168960,N,12214.6300160,W,1,0,0.0,56.8390,M,0.0000,M,0.0000,0
$GPRMC,222112.43,A,3726.1168960,N,12214.6300160,W,0.0003,137.8847,040121,,,,
$GPGGA,222113.43,3726.1168960,N,12214.6300160,W,1,0,0.0,56.8390,M,0.0000,M,0.0000,0
$GPRMC,222113.43,A,3726.1168960,N,12214.6300160,W,0.0007,137.8846,040121,,,,
$GPGGA,222114.43,3726.1168960,N,12214.6300160,W,1,0,0.0,56.8390,M,0.0000,M,0.0000,0
$GPRMC,222114.43,A,3726.1168960,N,12214.6300160,W,0.0010,137.8847,040121,,,,
$GPGGA,222115.43,3726.1168960,N,12214.6300160,W,1,0,0.0,56.8390,M,0.0000,M,0.0000,0
$GPRMC,222115.43,A,3726.1168960,N,12214.6300160,W,0.0010,137.8846,040121,,,,
$GPGGA,222116.43,3726.1168960,N,12214.6300160,W,1,0,0.0,56.8390,M,0.0000,M,0.0000,0
$GPRMC,222116.43,A,3726.1168960,N,12214.6300160,W,0.0010,137.8845,040121,,,,
$GPGGA,222117.43,3726.1168960,N,12214.6300160,W,1,0,0.0,56.8390,M,0.0000,M,0.0000,0
$GPRMC,222117.43,A,3726.1168960,N,12214.6300160,W,0.0010,137.8847,040121,,,,
$GPGGA,222118.43,3726.1168960,N,12214.6300160,W,1,0,0.0,56.8390,M,0.0000,M,0.0000,0
$GPRMC,222118.43,A,3726.1168960,N,12214.6300160,W,0.0000,137.8847,040121,,,,
$GPGGA,222119.43,3726.1168960,N,12214.6300160,W,1,0,0.0,56.8390,M,0.0000,M,0.0000,0
$GPRMC,222119.43,A,3726.1168960,N,12214.6300160,W,0.0010,137.8846,040121,,,,
$GPGGA,222120.43,3726.1168960,N,12214.6300160,W,1,0,0.0,56.8390,M,0.0000,M,0.0000,0
$GPRMC,222120.43,A,3726.1168960,N,12214.6300160,W,0.0013,137.8846,040121,,,,
$GPGGA,222121.43,3726.1168960,N,12214.6300160,W,1,0,0.0,56.8390,M,0.0000,M,0.0000,0
$GPRMC,222121.43,A,3726.1168960,N,12214.6300160,W,0.0003,137.8847,040121,,,,
$GPGGA,222122.43,3726.1168960,N,12214.6300160,W,1,0,0.0,56.8390,M,0.0000,M,0.0000,0
$GPRMC,222122.43,A,3726.1168960,N,12214.6300160,W,0.0010,137.8846,040121,,,,
$GPGGA,222123.43,3726.1168960,N,12214.6300160,W,1,0,0.0,56.8390,M,0.0000,M,0.0000,0
$GPRMC,222123.43,A,3726.1168960,N,12214.6300160,W,0.0010,137.8845,040121,,,,
$GPGGA,222124.43,3726.1168960,N,12214.6300160,W,1,0,0.0,56.8390,M,0.0000,M,0.0000,0
$GPRMC,222124.43,A,3726.1168960,N,12214.6300160,W,0.0000,137.8848,040121,,,,
$GPGGA,222125.43,3726.1168960,N,12214.6300160,W,1,0,0.0,56.8390,M,0.0000,M,0.0000,0
$GPRMC,222125.43,A,3726.1168960,N,12214.6300160,W,0.0013,137.8851,040121,,,,
$GPGGA,222126.43,3726.1168960,N,12214.6300160,W,1,0,0.0,56.8390,M,0.0000,M,0.0000,0
$GPRMC,222126.43,A,3726.1168960,N,12214.6300160,W,0.0000,137.8847,040121,,,,
$GPGGA,222127.43,3726.1168960,N,12214.6300160,W,1,0,0.0,56.8390,M,0.0000,M,0.0000,0
$GPRMC,222127.43,A,3726.1168960,N,12214.6300160,W,0.0003,137.8845,040121,,,,
$GPGGA,222128.43,3726.1168960,N,12214.6300160,W,1,0,0.0,56.8390,M,0.0000,M,0.0000,0
$GPRMC,222128.43,A,3726.1168960,N,12214.6300160,W,0.0003,137.8845,040121,,,,
$GPGGA,222129.43,3726.1168960,N,12214.6300160,W,1,0,0.0,56.8390,M,0.0000,M,0.0000,0
$GPRMC,222129.43,A,3726.1168960,N,12214.6300160,W,0.0007,137.8843,040121,,,,
$GPGGA,222130.43,3726.1168960,N,12214.6300160,W,1,0,0.0,56.8390,M,0.0000,M,0.0000,0
$GPRMC,222130.43,A,3726.1168960,N,12214.6300160,W,0.0010,137.8845,040121,,,,
$GPGGA,222131.43,3726.1168960,N,12214.6300160,W,1,0,0.0,56.8390,M,0.0000,M,0.0000,0
$GPRMC,222131.43,A,3726.1168960,N,12214.6300160,W,0.0013,137.8845,040121,,,,
$GPGGA,222132.43,3726.1168960,N,12214.6300160,W,1,0,0.0,56.8390,M,0.0000,M,0.0000,0
$GPRMC,222132.43,A,3726.1168960,N,12214.6300160,W,0.0014,137.8845,040121,,,,
$GPGGA,222133.43,3726.1168960,N,12214.6300160,W,1,0,0.0,56.8390,M,0.0000,M,0.0000,0
$GPRMC,222133.43,A,3726.1168960,N,12214.6300160,W,0.0022,137.8845,040121,,,,
$GPGGA,222134.43,3726.1168660,N,12214.6299800,W,1,0,0.0,56.8320,M,0.0000,M,0.0000,0
$GPRMC,222134.43,A,3726.1168660,N,12214.6299800,W,0.3499,137.8683,040121,,,,
$GPGGA,222135.43,3726.1164760,N,12214.6295300,W,1,0,0.0,56.8100,M,0.0000,M,0.0000,0
$GPRMC,222135.43,A,3726.1164760,N,12214.6295300,W,1.7990,137.3556,040121,,,,
$GPGGA,222136.43,3726.1154500,N,12214.6281860,W,1,0,0.0,56.7603,M,0.0000,M,0.0000,0
$GPRMC,222136.43,A,3726.1154500,N,12214.6281860,W,3.7648,134.5785,040121,,,,
$GPGGA,222137.43,3726.1138180,N,12214.6256420,W,1,0,0.0,56.6356,M,0.0000,M,0.0000,0
$GPRMC,222137.43,A,3726.1138180,N,12214.6256420,W,5.8424,127.8862,040121,,,,
$GPGGA,222138.43,3726.1119820,N,12214.6215680,W,1,0,0.0,56.4886,M,0.0000,M,0.0000,0
$GPRMC,222138.43,A,3726.1119820,N,12214.6215680,W,7.5397,116.6057,040121,,,,
$GPGGA,222139.43,3726.1109920,N,12214.6164980,W,1,0,0.0,56.3236,M,0.0000,M,0.0000,0
$GPRMC,222139.43,A,3726.1109920,N,12214.6164980,W,7.7982,98.7091,040121,,,,
$GPGGA,222140.43,3726.1115860,N,12214.6112540,W,1,0,0.0,56.1923,M,0.0000,M,0.0000,0
$GPRMC,222140.43,A,3726.1115860,N,12214.6112540,W,7.7650,74.9222,040121,,,,
$GPGGA,222141.43,3726.1135540,N,12214.6065260,W,1,0,0.0,55.9316,M,0.0000,M,0.0000,0
$GPRMC,222141.43,A,3726.1135540,N,12214.6065260,W,7.9164,60.4844,040121,,,,
$GPGGA,222142.43,3726.1157380,N,12214.6018520,W,1,0,0.0,55.6689,M,0.0000,M,0.0000,0
$GPRMC,222142.43,A,3726.1157380,N,12214.6018520,W,8.0629,59.4090,040121,,,,
$GPGGA,222143.43,3726.1178800,N,12214.5970460,W,1,0,0.0,55.4143,M,0.0000,M,0.0000,0
$GPRMC,222143.43,A,3726.1178800,N,12214.5970460,W,8.2028,61.6148,040121,,,,
$GPGGA,222144.43,3726.1198660,N,12214.5919220,W,1,0,0.0,55.1069,M,0.0000,M,0.0000,0
$GPRMC,222144.43,A,3726.1198660,N,12214.5919220,W,8.8352,64.9050,040121,,,,
$GPGGA,222145.43,3726.1219960,N,12214.5860060,W,1,0,0.0,54.7579,M,0.0000,M,0.0000,0
$GPRMC,222145.43,A,3726.1219960,N,12214.5860060,W,10.3563,65.3150,040121,,,,
$GPGGA,222146.43,3726.1246660,N,12214.5790940,W,1,0,0.0,54.3582,M,0.0000,M,0.0000,0
$GPRMC,222146.43,A,3726.1246660,N,12214.5790940,W,12.2521,63.2438,040121,,,,
$GPGGA,222147.43,3726.1279960,N,12214.5712280,W,1,0,0.0,53.9142,M,0.0000,M,0.0000,0
$GPRMC,222147.43,A,3726.1279960,N,12214.5712280,W,13.9929,61.5977,040121,,,,
$GPGGA,222148.43,3726.1318720,N,12214.5624860,W,1,0,0.0,53.4592,M,0.0000,M,0.0000,0
$GPRMC,222148.43,A,3726.1318720,N,12214.5624860,W,15.4778,60.3496,040121,,,,
$GPGGA,222149.43,3726.1362880,N,12214.5530360,W,1,0,0.0,52.9372,M,0.0000,M,0.0000,0
$GPRMC,222149.43,A,3726.1362880,N,12214.5530360,W,16.7418,59.2391,040121,,,,
$GPGGA,222150.43,3726.1411180,N,12214.5430580,W,1,0,0.0,52.4922,M,0.0000,M,0.0000,0
$GPRMC,222150.43,A,3726.1411180,N,12214.5430580,W,17.4510,58.2741,040121,,,,
$GPGGA,222151.43,3726.1461400,N,12214.5330380,W,1,0,0.0,51.9032,M,0.0000,M,0.0000,0
$GPRMC,222151.43,A,3726.1461400,N,12214.5330380,W,17.5077,57.6127,040121,,,,
$GPGGA,222152.43,3726.1513420,N,12214.5230360,W,1,0,0.0,51.2718,M,0.0000,M,0.0000,0
$GPRMC,222152.43,A,3726.1513420,N,12214.5230360,W,17.7791,56.1060,040121,,,,
$GPGGA,222153.43,3726.1570060,N,12214.5130940,W,1,0,0.0,50.7391,M,0.0000,M,0.0000,0
$GPRMC,222153.43,A,3726.1570060,N,12214.5130940,W,18.2777,53.0639,040121,,,,
$GPGGA,222154.43,3726.1632520,N,12214.5032360,W,1,0,0.0,50.0874,M,0.0000,M,0.0000,0
$GPRMC,222154.43,A,3726.1632520,N,12214.5032360,W,18.8585,50.2612,040121,,,,
$GPGGA,222155.43,3726.1701280,N,12214.4935400,W,1,0,0.0,49.4215,M,0.0000,M,0.0000,0
$GPRMC,222155.43,A,3726.1701280,N,12214.4935400,W,19.4375,46.7040,040121,,,,
$GPGGA,222156.43,3726.1776940,N,12214.4841020,W,1,0,0.0,48.7951,M,0.0000,M,0.0000,0
$GPRMC,222156.43,A,3726.1776940,N,12214.4841020,W,20.0191,43.6320,040121,,,,
$GPGGA,222157.43,3726.1858360,N,12214.4750420,W,1,0,0.0,48.1614,M,0.0000,M,0.0000,0
$GPRMC,222157.43,A,3726.1858360,N,12214.4750420,W,20.1793,39.7179,040121,,,,
$GPGGA,222158.43,3726.1945300,N,12214.4666480,W,1,0,0.0,47.3588,M,0.0000,M,0.0000,0
$GPRMC,222158.43,A,3726.1945300,N,12214.4666480,W,20.4429,36.0941,040121,,,,
$GPGGA,222159.43,3726.2037880,N,12214.4588960,W,1,0,0.0,46.6058,M,0.0000,M,0.0000,0
$GPRMC,222159.43,A,3726.2037880,N,12214.4588960,W,20.6824,31.8478,040121,,,,
$GPGGA,222200.43,3726.2135200,N,12214.4519660,W,1,0,0.0,45.8698,M,0.0000,M,0.0000,0
$GPRMC,222200.43,A,3726.2135200,N,12214.4519660,W,20.7045,27.7935,040121,,,,
$GPGGA,222201.43,3726.2235760,N,12214.4458520,W,1,0,0.0,45.2402,M,0.0000,M,0.0000,0
$GPRMC,222201.43,A,3726.2235760,N,12214.4458520,W,20.6201,24.3710,040121,,,,
$GPGGA,222202.43,3726.2338000,N,12214.4403140,W,1,0,0.0,44.5722,M,0.0000,M,0.0000,0
$GPRMC,222202.43,A,3726.2338000,N,12214.4403140,W,20.6258,22.4569,040121,,,,
$GPGGA,222203.43,3726.2441980,N,12214.4351660,W,1,0,0.0,44.0439,M,0.0000,M,0.0000,0
$GPRMC,222203.43,A,3726.2441980,N,12214.4351660,W,20.7339,20.7186,040121,,,,
$GPGGA,222204.43,3726.2547640,N,12214.4302160,W,1,0,0.0,43.6487,M,0.0000,M,0.0000,0
$GPRMC,222204.43,A,3726.2547640,N,12214.4302160,W,20.9846,20.2640,040121,,,,
$GPGGA,222205.43,3726.2653360,N,12214.4250920,W,1,0,0.0,43.3269,M,0.0000,M,0.0000,0
$GPRMC,222205.43,A,3726.2653360,N,12214.4250920,W,20.9248,21.8349,040121,,,,
$GPGGA,222206.43,3726.2757280,N,12214.4196500,W,1,0,0.0,43.0296,M,0.0000,M,0.0000,0
$GPRMC,222206.43,A,3726.2757280,N,12214.4196500,W,20.7381,23.5603,040121,,,,
$GPGGA,222207.43,3726.2858740,N,12214.4138300,W,1,0,0.0,42.6695,M,0.0000,M,0.0000,0
$GPRMC,222207.43,A,3726.2858740,N,12214.4138300,W,20.5796,25.1720,040121,,,,
$GPGGA,222208.43,3726.2959360,N,12214.4077460,W,1,0,0.0,42.3452,M,0.0000,M,0.0000,0
$GPRMC,222208.43,A,3726.2959360,N,12214.4077460,W,20.7657,25.9063,040121,,,,
$GPGGA,222209.43,3726.3060400,N,12214.4014760,W,1,0,0.0,41.9675,M,0.0000,M,0.0000,0
$GPRMC,222209.43,A,3726.3060400,N,12214.4014760,W,20.8845,26.7080,040121,,,,
$GPGGA,222210.43,3726.3160240,N,12214.3949000,W,1,0,0.0,41.4191,M,0.0000,M,0.0000,0
$GPRMC,222210.43,A,3726.3160240,N,12214.3949000,W,20.8428,28.5862,040121,,,,
$GPGGA,222211.43,3726.3257860,N,12214.3878860,W,1,0,0.0,40.7264,M,0.0000,M,0.0000,0
$GPRMC,222211.43,A,3726.3257860,N,12214.3878860,W,20.8342,30.7196,040121,,,,
$GPGGA,222212.43,3726.3353200,N,12214.3803620,W,1,0,0.0,39.8898,M,0.0000,M,0.0000,0
$GPRMC,222212.43,A,3726.3353200,N,12214.3803620,W,20.8772,33.2472,040121,,,,
$GPGGA,222213.43,3726.3446440,N,12214.3723520,W,1,0,0.0,38.9174,M,0.0000,M,0.0000,0
$GPRMC,222213.43,A,3726.3446440,N,12214.3723520,W,20.9692,35.2743,040121,,,,
$GPGGA,222214.43,3726.3537820,N,12214.3638740,W,1,0,0.0,37.8707,M,0.0000,M,0.0000,0
$GPRMC,222214.43,A,3726.3537820,N,12214.3638740,W,21.1069,37.1730,040121,,,,
$GPGGA,222215.43,3726.3627640,N,12214.3549820,W,1,0,0.0,36.7060,M,0.0000,M,0.0000,0
$GPRMC,222215.43,A,3726.3627640,N,12214.3549820,W,21.2404,39.1739,040121,,,,
$GPGGA,222216.43,3726.3715480,N,12214.3456400,W,1,0,0.0,35.6730,M,0.0000,M,0.0000,0
$GPRMC,222216.43,A,3726.3715480,N,12214.3456400,W,21.3605,41.3073,040121,,,,
$GPGGA,222217.43,3726.3800680,N,12214.3358240,W,1,0,0.0,34.5490,M,0.0000,M,0.0000,0
$GPRMC,222217.43,A,3726.3800680,N,12214.3358240,W,21.4830,43.4158,040121,,,,
$GPGGA,222218.43,3726.3883780,N,12214.3255760,W,1,0,0.0,33.4469,M,0.0000,M,0.0000,0
$GPRMC,222218.43,A,3726.3883780,N,12214.3255760,W,21.6033,45.5338,040121,,,,
$GPGGA,222219.43,3726.3963700,N,12214.3148360,W,1,0,0.0,32.3143,M,0.0000,M,0.0000,0
$GPRMC,222219.43,A,3726.3963700,N,12214.3148360,W,21.7487,48.1870,040121,,,,
$GPGGA,222220.43,3726.4039900,N,12214.3035860,W,1,0,0.0,31.2043,M,0.0000,M,0.0000,0
$GPRMC,222220.43,A,3726.4039900,N,12214.3035860,W,21.7569,50.7796,040121,,,,
$GPGGA,222221.43,3726.4111960,N,12214.2919220,W,1,0,0.0,30.0823,M,0.0000,M,0.0000,0
$GPRMC,222221.43,A,3726.4111960,N,12214.2919220,W,21.6956,53.2803,040121,,,,
$GPGGA,222222.43,3726.4179160,N,12214.2801620,W,1,0,0.0,28.9700,M,0.0000,M,0.0000,0
$GPRMC,222222.43,A,3726.4179160,N,12214.2801620,W,20.8579,54.9728,040121,,,,
$GPGGA,222223.43,3726.4241320,N,12214.2686480,W,1,0,0.0,28.0324,M,0.0000,M,0.0000,0
$GPRMC,222223.43,A,3726.4241320,N,12214.2686480,W,20.3162,56.7057,040121,,,,
$GPGGA,222224.43,3726.4300300,N,12214.2570620,W,1,0,0.0,27.2438,M,0.0000,M,0.0000,0
$GPRMC,222224.43,A,3726.4300300,N,12214.2570620,W,20.2764,57.9652,040121,,,,
$GPGGA,222225.43,3726.4359160,N,12214.2454580,W,1,0,0.0,26.4698,M,0.0000,M,0.0000,0
$GPRMC,222225.43,A,3726.4359160,N,12214.2454580,W,20.2788,57.0376,040121,,,,
$GPGGA,222226.43,3726.4421500,N,12214.2341480,W,1,0,0.0,25.6471,M,0.0000,M,0.0000,0
$GPRMC,222226.43,A,3726.4421500,N,12214.2341480,W,20.2981,53.5602,040121,,,,
$GPGGA,222227.43,3726.4491280,N,12214.2234920,W,1,0,0.0,24.7263,M,0.0000,M,0.0000,0
$GPRMC,222227.43,A,3726.4491280,N,12214.2234920,W,20.3644,48.7920,040121,,,,
$GPGGA,222228.43,3726.4566760,N,12214.2133820,W,1,0,0.0,23.6713,M,0.0000,M,0.0000,0
$GPRMC,222228.43,A,3726.4566760,N,12214.2133820,W,20.4926,45.5510,040121,,,,
$GPGGA,222229.43,3726.4646980,N,12214.2037640,W,1,0,0.0,22.6704,M,0.0000,M,0.0000,0
$GPRMC,222229.43,A,3726.4646980,N,12214.2037640,W,20.5744,42.1924,040121,,,,
$GPGGA,222230.43,3726.4732600,N,12214.1948120,W,1,0,0.0,21.6394,M,0.0000,M,0.0000,0
$GPRMC,222230.43,A,3726.4732600,N,12214.1948120,W,20.6613,38.3239,040121,,,,
$GPGGA,222231.43,3726.4823500,N,12214.1866220,W,1,0,0.0,20.5887,M,0.0000,M,0.0000,0
$GPRMC,222231.43,A,3726.4823500,N,12214.1866220,W,20.7659,33.5709,040121,,,,
$GPGGA,222232.43,3726.4919620,N,12214.1792240,W,1,0,0.0,19.3837,M,0.0000,M,0.0000,0
$GPRMC,222232.43,A,3726.4919620,N,12214.1792240,W,20.9506,30.2420,040121,,,,
$GPGGA,222233.43,3726.5018920,N,12214.1722760,W,1,0,0.0,18.1283,M,0.0000,M,0.0000,0
$GPRMC,222233.43,A,3726.5018920,N,12214.1722760,W,21.1184,28.4320,040121,,,,
$GPGGA,222234.43,3726.5120140,N,12214.1654900,W,1,0,0.0,16.8396,M,0.0000,M,0.0000,0
$GPRMC,222234.43,A,3726.5120140,N,12214.1654900,W,21.3039,27.7979,040121,,,,
$GPGGA,222235.43,3726.5222440,N,12214.1587160,W,1,0,0.0,15.5420,M,0.0000,M,0.0000,0
$GPRMC,222235.43,A,3726.5222440,N,12214.1587160,W,21.4895,27.7379,040121,,,,
$GPGGA,222236.43,3726.5325460,N,12214.1519360,W,1,0,0.0,14.3423,M,0.0000,M,0.0000,0
$GPRMC,222236.43,A,3726.5325460,N,12214.1519360,W,21.6027,27.4634,040121,,,,
$GPGGA,222237.43,3726.5429440,N,12214.1451560,W,1,0,0.0,13.0590,M,0.0000,M,0.0000,0
$GPRMC,222237.43,A,3726.5429440,N,12214.1451560,W,21.7401,27.3919,040121,,,,
$GPGGA,222238.43,3726.5533900,N,12214.1383460,W,1,0,0.0,12.0484,M,0.0000,M,0.0000,0
$GPRMC,222238.43,A,3726.5533900,N,12214.1383460,W,21.7767,27.5727,040121,,,,
$GPGGA,222239.43,3726.5637940,N,12214.1314820,W,1,0,0.0,11.3764,M,0.0000,M,0.0000,0
$GPRMC,222239.43,A,3726.5637940,N,12214.1314820,W,21.6827,27.7725,040121,,,,
$GPGGA,222240.43,3726.5741440,N,12214.1246360,W,1,0,0.0,10.6749,M,0.0000,M,0.0000,0
$GPRMC,222240.43,A,3726.5741440,N,12214.1246360,W,21.5731,27.7840,040121,,,,
$GPGGA,222241.43,3726.5843920,N,12214.1178080,W,1,0,0.0,10.3296,M,0.0000,M,0.0000,0
$GPRMC,222241.43,A,3726.5843920,N,12214.1178080,W,21.3399,28.0479,040121,,,,
$GPGGA,222242.43,3726.5944540,N,12214.1109140,W,1,0,0.0,10.0689,M,0.0000,M,0.0000,0
$GPRMC,222242.43,A,3726.5944540,N,12214.1109140,W,21.0658,29.0641,040121,,,,
$GPGGA,222243.43,3726.6042580,N,12214.1038880,W,1,0,0.0,9.8909,M,0.0000,M,0.0000,0
$GPRMC,222243.43,A,3726.6042580,N,12214.1038880,W,20.6199,30.0977,040121,,,,
$GPGGA,222244.43,3726.6136900,N,12214.0969700,W,1,0,0.0,9.6526,M,0.0000,M,0.0000,0
$GPRMC,222244.43,A,3726.6136900,N,12214.0969700,W,19.7999,30.1910,040121,,,,
$GPGGA,222245.43,3726.6227200,N,12214.0903940,W,1,0,0.0,9.3195,M,0.0000,M,0.0000,0
$GPRMC,222245.43,A,3726.6227200,N,12214.0903940,W,18.7344,29.5270,040121,,,,
$GPGGA,222246.43,3726.6311800,N,12214.0844780,W,1,0,0.0,8.9075,M,0.0000,M,0.0000,0
$GPRMC,222246.43,A,3726.6311800,N,12214.0844780,W,16.9742,28.6465,040121,,,,
$GPGGA,222247.43,3726.6387580,N,12214.0793540,W,1,0,0.0,8.4401,M,0.0000,M,0.0000,0
$GPRMC,222247.43,A,3726.6387580,N,12214.0793540,W,14.7706,27.6409,040121,,,,
$GPGGA,222248.43,3726.6452200,N,12214.0751300,W,1,0,0.0,8.0636,M,0.0000,M,0.0000,0
$GPRMC,222248.43,A,3726.6452200,N,12214.0751300,W,12.1657,27.4028,040121,,,,
$GPGGA,222249.43,3726.6504040,N,12214.0716620,W,1,0,0.0,7.6776,M,0.0000,M,0.0000,0
$GPRMC,222249.43,A,3726.6504040,N,12214.0716620,W,9.5916,28.1673,040121,,,,
$GPGGA,222250.43,3726.6544780,N,12214.0688120,W,1,0,0.0,7.4576,M,0.0000,M,0.0000,0
$GPRMC,222250.43,A,3726.6544780,N,12214.0688120,W,7.7294,29.5807,040121,,,,
$GPGGA,222251.43,3726.6575260,N,12214.0662980,W,1,0,0.0,7.3697,M,0.0000,M,0.0000,0
$GPRMC,222251.43,A,3726.6575260,N,12214.0662980,W,5.8053,35.0862,040121,,,,
$GPGGA,222252.43,3726.6593800,N,12214.0637960,W,1,0,0.0,7.2940,M,0.0000,M,0.0000,0
$GPRMC,222252.43,A,3726.6593800,N,12214.0637960,W,4.7590,49.9401,040121,,,,
$GPGGA,222253.43,3726.6603400,N,12214.0608320,W,1,0,0.0,7.1720,M,0.0000,M,0.0000,0
$GPRMC,222253.43,A,3726.6603400,N,12214.0608320,W,4.8425,69.3177,040121,,,,
$GPGGA,222254.43,3726.6605020,N,12214.0573520,W,1,0,0.0,7.0964,M,0.0000,M,0.0000,0
$GPRMC,222254.43,A,3726.6605020,N,12214.0573520,W,5.4844,89.1697,040121,,,,
$GPGGA,222255.43,3726.6596200,N,12214.0535900,W,1,0,0.0,7.2224,M,0.0000,M,0.0000,0
$GPRMC,222255.43,A,3726.6596200,N,12214.0535900,W,6.1971,108.8074,040121,,,,
$GPGGA,222256.43,3726.6579520,N,12214.0495460,W,1,0,0.0,7.3180,M,0.0000,M,0.0000,0
$GPRMC,222256.43,A,3726.6579520,N,12214.0495460,W,7.2571,117.8807,040121,,,,
$GPGGA,222257.43,3726.6558460,N,12214.0450280,W,1,0,0.0,7.4591,M,0.0000,M,0.0000,0
$GPRMC,222257.43,A,3726.6558460,N,12214.0450280,W,8.1159,120.7009,040121,,,,
$GPGGA,222258.43,3726.6534100,N,12214.0400960,W,1,0,0.0,7.6044,M,0.0000,M,0.0000,0
$GPRMC,222258.43,A,3726.6534100,N,12214.0400960,W,8.9967,121.9189,040121,,,,
$GPGGA,222259.43,3726.6506620,N,12214.0347440,W,1,0,0.0,7.7848,M,0.0000,M,0.0000,0
$GPRMC,222259.43,A,3726.6506620,N,12214.0347440,W,9.7488,122.9324,040121,,,,
$GPGGA,222300.43,3726.6477400,N,12214.0292000,W,1,0,0.0,7.9567,M,0.0000,M,0.0000,0
$GPRMC,222300.43,A,3726.6477400,N,12214.0292000,W,9.6526,123.5198,040121,,,,
$GPGGA,222301.43,3726.6448840,N,12214.0238540,W,1,0,0.0,8.1090,M,0.0000,M,0.0000,0
$GPRMC,222301.43,A,3726.6448840,N,12214.0238540,W,9.2782,123.4193,040121,,,,
$GPGGA,222302.43,3726.6422320,N,12214.0187720,W,1,0,0.0,8.2210,M,0.0000,M,0.0000,0
$GPRMC,222302.43,A,3726.6422320,N,12214.0187720,W,8.4926,122.7722,040121,,,,
$GPGGA,222303.43,3726.6399700,N,12214.0142000,W,1,0,0.0,8.4091,M,0.0000,M,0.0000,0
$GPRMC,222303.43,A,3726.6399700,N,12214.0142000,W,7.3429,120.8723,040121,,,,
$GPGGA,222304.43,3726.6383320,N,12214.0099820,W,1,0,0.0,8.6054,M,0.0000,M,0.0000,0
$GPRMC,222304.43,A,3726.6383320,N,12214.0099820,W,6.5000,113.2926,040121,,,,
$GPGGA,222305.43,3726.6376600,N,12214.0059320,W,1,0,0.0,8.7931,M,0.0000,M,0.0000,0
$GPRMC,222305.43,A,3726.6376600,N,12214.0059320,W,5.6827,98.8447,040121,,,,
$GPGGA,222306.43,3726.6377560,N,12214.0022360,W,1,0,0.0,8.9504,M,0.0000,M,0.0000,0
$GPRMC,222306.43,A,3726.6377560,N,12214.0022360,W,5.1339,86.7083,040121,,,,
$GPGGA,222307.43,3726.6382660,N,12213.9989120,W,1,0,0.0,9.0444,M,0.0000,M,0.0000,0
$GPRMC,222307.43,A,3726.6382660,N,12213.9989120,W,4.8999,78.4880,040121,,,,
$GPGGA,222308.43,3726.6390280,N,12213.9957140,W,1,0,0.0,9.2557,M,0.0000,M,0.0000,0
$GPRMC,222308.43,A,3726.6390280,N,12213.9957140,W,4.9408,72.8152,040121,,,,
$GPGGA,222309.43,3726.6401920,N,12213.9926060,W,1,0,0.0,9.5418,M,0.0000,M,0.0000,0
$GPRMC,222309.43,A,3726.6401920,N,12213.9926060,W,5.2001,63.4966,040121,,,,
$GPGGA,222310.43,3726.6418180,N,12213.9895340,W,1,0,0.0,9.7460,M,0.0000,M,0.0000,0
$GPRMC,222310.43,A,3726.6418180,N,12213.9895340,W,5.6605,55.3508,040121,,,,
$GPGGA,222311.43,3726.6440380,N,12213.9866000,W,1,0,0.0,9.9207,M,0.0000,M,0.0000,0
$GPRMC,222311.43,A,3726.6440380,N,12213.9866000,W,6.2059,44.6525,040121,,,,
$GPGGA,222312.43,3726.6468580,N,12213.9839420,W,1,0,0.0,10.0617,M,0.0000,M,0.0000,0
$GPRMC,222312.43,A,3726.6468580,N,12213.9839420,W,6.7920,35.3093,040121,,,,
$GPGGA,222313.43,3726.6500140,N,12213.9816020,W,1,0,0.0,10.2054,M,0.0000,M,0.0000,0
$GPRMC,222313.43,A,3726.6500140,N,12213.9816020,W,6.6428,30.1355,040121,,,,
$GPGGA,222314.43,3726.6530440,N,12213.9794900,W,1,0,0.0,10.3607,M,0.0000,M,0.0000,0
$GPRMC,222314.43,A,3726.6530440,N,12213.9794900,W,6.1483,29.2316,040121,,,,
$GPGGA,222315.43,3726.6557740,N,12213.9774680,W,1,0,0.0,10.5727,M,0.0000,M,0.0000,0
$GPRMC,222315.43,A,3726.6557740,N,12213.9774680,W,5.5905,31.1484,040121,,,,
$GPGGA,222316.43,3726.6580960,N,12213.9754040,W,1,0,0.0,10.8181,M,0.0000,M,0.0000,0
$GPRMC,222316.43,A,3726.6580960,N,12213.9754040,W,4.9667,35.9427,040121,,,,
$GPGGA,222317.43,3726.6600220,N,12213.9733520,W,1,0,0.0,11.0307,M,0.0000,M,0.0000,0
$GPRMC,222317.43,A,3726.6600220,N,12213.9733520,W,4.3831,40.9696,040121,,,,
$GPGGA,222318.43,3726.6614740,N,12213.9712760,W,1,0,0.0,11.2140,M,0.0000,M,0.0000,0
$GPRMC,222318.43,A,3726.6614740,N,12213.9712760,W,3.8247,49.6263,040121,,,,
$GPGGA,222319.43,3726.6623500,N,12213.9691280,W,1,0,0.0,11.3414,M,0.0000,M,0.0000,0
$GPRMC,222319.43,A,3726.6623500,N,12213.9691280,W,3.3379,62.3177,040121,,,,
$GPGGA,222320.43,3726.6626980,N,12213.9670700,W,1,0,0.0,11.4407,M,0.0000,M,0.0000,0
$GPRMC,222320.43,A,3726.6626980,N,12213.9670700,W,2.9036,76.1664,040121,,,,
$GPGGA,222321.43,3726.6626860,N,12213.9651800,W,1,0,0.0,11.5494,M,0.0000,M,0.0000,0
$GPRMC,222321.43,A,3726.6626860,N,12213.9651800,W,2.7741,87.3406,040121,,,,
$GPGGA,222322.43,3726.6626140,N,12213.9632360,W,1,0,0.0,11.5983,M,0.0000,M,0.0000,0
$GPRMC,222322.43,A,3726.6626140,N,12213.9632360,W,2.9844,90.6819,040121,,,,
$GPGGA,222323.43,3726.6627760,N,12213.9611420,W,1,0,0.0,11.6010,M,0.0000,M,0.0000,0
$GPRMC,222323.43,A,3726.6627760,N,12213.9611420,W,3.0593,84.2567,040121,,,,
$GPGGA,222324.43,3726.6633280,N,12213.9591560,W,1,0,0.0,11.6297,M,0.0000,M,0.0000,0
$GPRMC,222324.43,A,3726.6633280,N,12213.9591560,W,3.0331,72.5328,040121,,,,
$GPGGA,222325.43,3726.6640240,N,12213.9574040,W,1,0,0.0,11.6367,M,0.0000,M,0.0000,0
$GPRMC,222325.43,A,3726.6640240,N,12213.9574040,W,2.5481,66.0435,040121,,,,
$GPGGA,222326.43,3726.6644560,N,12213.9561440,W,1,0,0.0,11.6130,M,0.0000,M,0.0000,0
$GPRMC,222326.43,A,3726.6644560,N,12213.9561440,W,1.4615,66.4496,040121,,,,
$GPGGA,222327.43,3726.6646420,N,12213.9555740,W,1,0,0.0,11.5937,M,0.0000,M,0.0000,0
$GPRMC,222327.43,A,3726.6646420,N,12213.9555740,W,0.3233,66.7574,040121,,,,
$GPGGA,222328.43,3726.6646540,N,12213.9555440,W,1,0,0.0,11.5873,M,0.0000,M,0.0000,0
$GPRMC,222328.43,A,3726.6646540,N,12213.9555440,W,0.0032,66.7764,040121,,,,
$GPGGA,222329.43,3726.6646540,N,12213.9555440,W,1,0,0.0,11.5890,M,0.0000,M,0.0000,0
$GPRMC,222329.43,A,3726.6646540,N,12213.9555440,W,0.0018,66.7771,040121,,,,
$GPGGA,222330.43,3726.6646540,N,12213.9555440,W,1,0,0.0,11.5887,M,0.0000,M,0.0000,0
$GPRMC,222330.43,A,3726.6646540,N,12213.9555440,W,0.0397,66.7782,040121,,,,
$GPGGA,222331.43,3726.6646600,N,12213.9555200,W,1,0,0.0,11.5910,M,0.0000,M,0.0000,0
$GPRMC,222331.43,A,3726.6646600,N,12213.9555200,W,0.0269,66.7864,040121,,,,
$GPGGA,222332.43,3726.6646600,N,12213.9555200,W,1,0,0.0,11.5910,M,0.0000,M,0.0000,0
$GPRMC,222332.43,A,3726.6646600,N,12213.9555200,W,0.0005,66.7863,040121,,,,
$GPGGA,222333.43,3726.6646600,N,12213.9555200,W,1,0,0.0,11.5910,M,0.0000,M,0.0000,0
$GPRMC,222333.43,A,3726.6646600,N,12213.9555200,W,0.0014,66.7868,040121,,,,
$GPGGA,222334.43,3726.6646600,N,12213.9555200,W,1,0,0.0,11.5910,M,0.0000,M,0.0000,0
$GPRMC,222334.43,A,3726.6646600,N,12213.9555200,W,0.0000,66.7868,040121,,,,
$GPGGA,222335.43,3726.6646600,N,12213.9555200,W,1,0,0.0,11.5910,M,0.0000,M,0.0000,0
$GPRMC,222335.43,A,3726.6646600,N,12213.9555200,W,0.0000,66.7867,040121,,,,

