$GPGGA,215013.44,3726.6636700,N,12213.9619400,W,1,0,0.0,11.6900,M,0.0000,M,0.0000,0
$GPRMC,215013.44,A,3726.6636700,N,12213.9619400,W,0.0010,300.7312,040121,,,,
$GPGGA,215014.44,3726.6636700,N,12213.9619400,W,1,0,0.0,11.6900,M,0.0000,M,0.0000,0
$GPRMC,215014.44,A,3726.6636700,N,12213.9619400,W,0.0012,300.7308,040121,,,,
$GPGGA,215015.44,3726.6636700,N,12213.9619400,W,1,0,0.0,11.6900,M,0.0000,M,0.0000,0
$GPRMC,215015.44,A,3726.6636700,N,12213.9619400,W,0.0010,300.7305,040121,,,,
$GPGGA,215016.44,3726.6636700,N,12213.9619400,W,1,0,0.0,11.6900,M,0.0000,M,0.0000,0
$GPRMC,215016.44,A,3726.6636700,N,12213.9619400,W,0.0018,300.7310,040121,,,,
$GPGGA,215017.44,3726.6636700,N,12213.9619400,W,1,0,0.0,11.6900,M,0.0000,M,0.0000,0
$GPRMC,215017.44,A,3726.6636700,N,12213.9619400,W,0.0014,300.7318,040121,,,,
$GPGGA,215018.44,3726.6636700,N,12213.9619400,W,1,0,0.0,11.6900,M,0.0000,M,0.0000,0
$GPRMC,215018.44,A,3726.6636700,N,12213.9619400,W,0.0000,300.7317,040121,,,,
$GPGGA,215019.44,3726.6636700,N,12213.9619400,W,1,0,0.0,11.6900,M,0.0000,M,0.0000,0
$GPRMC,215019.44,A,3726.6636700,N,12213.9619400,W,0.0012,300.7312,040121,,,,
$GPGGA,215020.44,3726.6636700,N,12213.9619400,W,1,0,0.0,11.6900,M,0.0000,M,0.0000,0
$GPRMC,215020.44,A,3726.6636700,N,12213.9619400,W,0.0013,300.7303,040121,,,,
$GPGGA,215021.44,3726.6636700,N,12213.9619400,W,1,0,0.0,11.6900,M,0.0000,M,0.0000,0
$GPRMC,215021.44,A,3726.6636700,N,12213.9619400,W,0.0013,300.7318,040121,,,,
$GPGGA,215022.44,3726.6636700,N,12213.9619400,W,1,0,0.0,11.6900,M,0.0000,M,0.0000,0
$GPRMC,215022.44,A,3726.6636700,N,12213.9619400,W,0.0013,300.7321,040121,,,,
$GPGGA,215023.44,3726.6636700,N,12213.9619400,W,1,0,0.0,11.6900,M,0.0000,M,0.0000,0
$GPRMC,215023.44,A,3726.6636700,N,12213.9619400,W,0.0014,300.7318,040121,,,,
$GPGGA,215024.44,3726.6636700,N,12213.9619400,W,1,0,0.0,11.6900,M,0.0000,M,0.0000,0
$GPRMC,215024.44,A,3726.6636700,N,12213.9619400,W,0.0014,300.7314,040121,,,,
$GPGGA,215025.44,3726.6636700,N,12213.9619400,W,1,0,0.0,11.6900,M,0.0000,M,0.0000,0
$GPRMC,215025.44,A,3726.6636700,N,12213.9619400,W,0.0021,300.7313,040121,,,,
$GPGGA,215026.44,3726.6636700,N,12213.9619400,W,1,0,0.0,11.6900,M,0.0000,M,0.0000,0
$GPRMC,215026.44,A,3726.6636700,N,12213.9619400,W,0.0012,300.7313,040121,,,,
$GPGGA,215027.44,3726.6636700,N,12213.9619400,W,1,0,0.0,11.6900,M,0.0000,M,0.0000,0
$GPRMC,215027.44,A,3726.6636700,N,12213.9619400,W,0.0019,300.7313,040121,,,,
$GPGGA,215028.44,3726.6636700,N,12213.9619400,W,1,0,0.0,11.6900,M,0.0000,M,0.0000,0
$GPRMC,215028.44,A,3726.6636700,N,12213.9619400,W,0.0022,300.7313,040121,,,,
$GPGGA,215029.44,3726.6636700,N,12213.9619400,W,1,0,0.0,11.6900,M,0.0000,M,0.0000,0
$GPRMC,215029.44,A,3726.6636700,N,12213.9619400,W,0.0019,300.7314,040121,,,,
$GPGGA,215030.44,3726.6636700,N,12213.9619400,W,1,0,0.0,11.6900,M,0.0000,M,0.0000,0
$GPRMC,215030.44,A,3726.6636700,N,12213.9619400,W,0.0017,300.7315,040121,,,,
$GPGGA,215031.44,3726.6636700,N,12213.9619400,W,1,0,0.0,11.6900,M,0.0000,M,0.0000,0
$GPRMC,215031.44,A,3726.6636700,N,12213.9619400,W,0.0014,300.7312,040121,,,,
$GPGGA,215032.44,3726.6636700,N,12213.9619400,W,1,0,0.0,11.6900,M,0.0000,M,0.0000,0
$GPRMC,215032.44,A,3726.6636700,N,12213.9619400,W,0.0014,300.7313,040121,,,,
$GPGGA,215033.44,3726.6636700,N,12213.9619400,W,1,0,0.0,11.6900,M,0.0000,M,0.0000,0
$GPRMC,215033.44,A,3726.6636700,N,12213.9619400,W,0.0014,300.7312,040121,,,,
$GPGGA,215034.44,3726.6636700,N,12213.9619400,W,1,0,0.0,11.6900,M,0.0000,M,0.0000,0
$GPRMC,215034.44,A,3726.6636700,N,12213.9619400,W,0.0019,300.7312,040121,,,,
$GPGGA,215035.44,3726.6636700,N,12213.9619400,W,1,0,0.0,11.6900,M,0.0000,M,0.0000,0
$GPRMC,215035.44,A,3726.6636700,N,12213.9619400,W,0.0010,300.7313,040121,,,,
$GPGGA,215036.44,3726.6636700,N,12213.9619400,W,1,0,0.0,11.6900,M,0.0000,M,0.0000,0
$GPRMC,215036.44,A,3726.6636700,N,12213.9619400,W,0.0013,300.7314,040121,,,,
$GPGGA,215037.44,3726.6636700,N,12213.9619400,W,1,0,0.0,11.6900,M,0.0000,M,0.0000,0
$GPRMC,215037.44,A,3726.6636700,N,12213.9619400,W,0.0010,300.7313,040121,,,,
$GPGGA,215038.44,3726.6636700,N,12213.9619400,W,1,0,0.0,11.6890,M,0.0000,M,0.0000,0
$GPRMC,215038.44,A,3726.6636700,N,12213.9619400,W,0.0012,300.7310,040121,,,,
$GPGGA,215039.44,3726.6636700,N,12213.9619400,W,1,0,0.0,11.6890,M,0.0000,M,0.0000,0
$GPRMC,215039.44,A,3726.6636700,N,12213.9619400,W,0.0012,300.7310,040121,,,,
$GPGGA,215040.44,3726.6636700,N,12213.9619400,W,1,0,0.0,11.6890,M,0.0000,M,0.0000,0
$GPRMC,215040.44,A,3726.6636700,N,12213.9619400,W,0.0014,300.7308,040121,,,,
$GPGGA,215041.44,3726.6636700,N,12213.9619400,W,1,0,0.0,11.6890,M,0.0000,M,0.0000,0
$GPRMC,215041.44,A,3726.6636700,N,12213.9619400,W,0.0026,300.7307,040121,,,,
$GPGGA,215042.44,3726.6636700,N,12213.9619400,W,1,0,0.0,11.6890,M,0.0000,M,0.0000,0
$GPRMC,215042.44,A,3726.6636700,N,12213.9619400,W,0.0014,300.7310,040121,,,,
$GPGGA,215043.44,3726.6636700,N,12213.9619400,W,1,0,0.0,11.6880,M,0.0000,M,0.0000,0
$GPRMC,215043.44,A,3726.6636700,N,12213.9619400,W,0.0028,300.7308,040121,,,,
$GPGGA,215044.44,3726.6636700,N,12213.9619400,W,1,0,0.0,11.6866,M,0.0000,M,0.0000,0
$GPRMC,215044.44,A,3726.6636700,N,12213.9619400,W,0.0112,300.7325,040121,,,,
$GPGGA,215045.44,3726.6637540,N,12213.9621320,W,1,0,0.0,11.6790,M,0.0000,M,0.0000,0
$GPRMC,215045.44,A,3726.6637540,N,12213.9621320,W,0.6678,300.7708,040121,,,,
$GPGGA,215046.44,3726.6640240,N,12213.9627140,W,1,0,0.0,11.6821,M,0.0000,M,0.0000,0
$GPRMC,215046.44,A,3726.6640240,N,12213.9627140,W,1.3392,300.6616,040121,,,,
$GPGGA,215047.44,3726.6644140,N,12213.9637880,W,1,0,0.0,11.6946,M,0.0000,M,0.0000,0
$GPRMC,215047.44,A,3726.6644140,N,12213.9637880,W,2.0930,296.7383,040121,,,,
$GPGGA,215048.44,3726.6646240,N,12213.9654140,W,1,0,0.0,11.6815,M,0.0000,M,0.0000,0
$GPRMC,215048.44,A,3726.6646240,N,12213.9654140,W,2.7720,283.3356,040121,,,,
$GPGGA,215049.44,3726.6643720,N,12213.9675800,W,1,0,0.0,11.6750,M,0.0000,M,0.0000,0
$GPRMC,215049.44,A,3726.6643720,N,12213.9675800,W,3.5976,264.0314,040121,,,,
$GPGGA,215050.44,3726.6633580,N,12213.9700760,W,1,0,0.0,11.5228,M,0.0000,M,0.0000,0
$GPRMC,215050.44,A,3726.6633580,N,12213.9700760,W,4.6129,243.4524,040121,,,,
$GPGGA,215051.44,3726.6616960,N,12213.9728900,W,1,0,0.0,11.3690,M,0.0000,M,0.0000,0
$GPRMC,215051.44,A,3726.6616960,N,12213.9728900,W,5.6347,232.1880,040121,,,,
$GPGGA,215052.44,3726.6592000,N,12213.9756140,W,1,0,0.0,11.1135,M,0.0000,M,0.0000,0
$GPRMC,215052.44,A,3726.6592000,N,12213.9756140,W,6.5910,218.8532,040121,,,,
$GPGGA,215053.44,3726.6560500,N,12213.9781520,W,1,0,0.0,10.8191,M,0.0000,M,0.0000,0
$GPRMC,215053.44,A,3726.6560500,N,12213.9781520,W,7.1229,211.4580,040121,,,,
$GPGGA,215054.44,3726.6526960,N,12213.9806540,W,1,0,0.0,10.4789,M,0.0000,M,0.0000,0
$GPRMC,215054.44,A,3726.6526960,N,12213.9806540,W,7.3343,210.6181,040121,,,,
$GPGGA,215055.44,3726.6493420,N,12213.9834140,W,1,0,0.0,10.1978,M,0.0000,M,0.0000,0
$GPRMC,215055.44,A,3726.6493420,N,12213.9834140,W,7.4441,214.2812,040121,,,,
$GPGGA,215056.44,3726.6463360,N,12213.9866480,W,1,0,0.0,10.0073,M,0.0000,M,0.0000,0
$GPRMC,215056.44,A,3726.6463360,N,12213.9866480,W,7.1699,223.1865,040121,,,,
$GPGGA,215057.44,3726.6440020,N,12213.9903500,W,1,0,0.0,9.8449,M,0.0000,M,0.0000,0
$GPRMC,215057.44,A,3726.6440020,N,12213.9903500,W,6.7670,234.1787,040121,,,,
$GPGGA,215058.44,3726.6423640,N,12213.9942860,W,1,0,0.0,9.6471,M,0.0000,M,0.0000,0
$GPRMC,215058.44,A,3726.6423640,N,12213.9942860,W,6.3820,244.7147,040121,,,,
$GPGGA,215059.44,3726.6413500,N,12213.9983300,W,1,0,0.0,9.3999,M,0.0000,M,0.0000,0
$GPRMC,215059.44,A,3726.6413500,N,12213.9983300,W,6.1862,254.0639,040121,,,,
$GPGGA,215100.44,3726.6408520,N,12214.0025360,W,1,0,0.0,9.0358,M,0.0000,M,0.0000,0
$GPRMC,215100.44,A,3726.6408520,N,12214.0025360,W,6.3078,263.4288,040121,,,,
$GPGGA,215101.44,3726.6410380,N,12214.0068020,W,1,0,0.0,8.7584,M,0.0000,M,0.0000,0
$GPRMC,215101.44,A,3726.6410380,N,12214.0068020,W,6.3591,275.7240,040121,,,,
$GPGGA,215102.44,3726.6420400,N,12214.0111400,W,1,0,0.0,8.6200,M,0.0000,M,0.0000,0
$GPRMC,215102.44,A,3726.6420400,N,12214.0111400,W,7.0400,288.5256,040121,,,,
$GPGGA,215103.44,3726.6438040,N,12214.0157120,W,1,0,0.0,8.4045,M,0.0000,M,0.0000,0
$GPRMC,215103.44,A,3726.6438040,N,12214.0157120,W,7.9546,296.8593,040121,,,,
$GPGGA,215104.44,3726.6459940,N,12214.0207580,W,1,0,0.0,8.2601,M,0.0000,M,0.0000,0
$GPRMC,215104.44,A,3726.6459940,N,12214.0207580,W,8.9811,299.2422,040121,,,,
$GPGGA,215105.44,3726.6486280,N,12214.0262720,W,1,0,0.0,8.0786,M,0.0000,M,0.0000,0
$GPRMC,215105.44,A,3726.6486280,N,12214.0262720,W,9.9746,301.4453,040121,,,,
$GPGGA,215106.44,3726.6515080,N,12214.0320560,W,1,0,0.0,7.8825,M,0.0000,M,0.0000,0
$GPRMC,215106.44,A,3726.6515080,N,12214.0320560,W,10.0622,302.1113,040121,,,,
$GPGGA,215107.44,3726.6544000,N,12214.0378100,W,1,0,0.0,7.6813,M,0.0000,M,0.0000,0
$GPRMC,215107.44,A,3726.6544000,N,12214.0378100,W,9.9341,302.1750,040121,,,,
$GPGGA,215108.44,3726.6571840,N,12214.0433000,W,1,0,0.0,7.5158,M,0.0000,M,0.0000,0
$GPRMC,215108.44,A,3726.6571840,N,12214.0433000,W,9.0584,302.4330,040121,,,,
$GPGGA,215109.44,3726.6595720,N,12214.0479800,W,1,0,0.0,7.3509,M,0.0000,M,0.0000,0
$GPRMC,215109.44,A,3726.6595720,N,12214.0479800,W,7.2625,302.6707,040121,,,,
$GPGGA,215110.44,3726.6614020,N,12214.0515800,W,1,0,0.0,7.2213,M,0.0000,M,0.0000,0
$GPRMC,215110.44,A,3726.6614020,N,12214.0515800,W,5.2920,302.3522,040121,,,,
$GPGGA,215111.44,3726.6626320,N,12214.0540100,W,1,0,0.0,7.1240,M,0.0000,M,0.0000,0
$GPRMC,215111.44,A,3726.6626320,N,12214.0540100,W,3.2442,302.3676,040121,,,,
$GPGGA,215112.44,3726.6633400,N,12214.0553900,W,1,0,0.0,7.0713,M,0.0000,M,0.0000,0
$GPRMC,215112.44,A,3726.6633400,N,12214.0553900,W,1.7313,302.3999,040121,,,,
$GPGGA,215113.44,3726.6636760,N,12214.0560380,W,1,0,0.0,7.0496,M,0.0000,M,0.0000,0
$GPRMC,215113.44,A,3726.6636760,N,12214.0560380,W,0.5479,302.4106,040121,,,,
$GPGGA,215114.44,3726.6637120,N,12214.0561160,W,1,0,0.0,7.0430,M,0.0000,M,0.0000,0
$GPRMC,215114.44,A,3726.6637120,N,12214.0561160,W,0.0038,302.4133,040121,,,,
$GPGGA,215115.44,3726.6637060,N,12214.0561160,W,1,0,0.0,7.0534,M,0.0000,M,0.0000,0
$GPRMC,215115.44,A,3726.6637060,N,12214.0561160,W,0.0019,302.4127,040121,,,,
$GPGGA,215116.44,3726.6637000,N,12214.0561160,W,1,0,0.0,7.0580,M,0.0000,M,0.0000,0
$GPRMC,215116.44,A,3726.6637000,N,12214.0561160,W,0.0016,302.4117,040121,,,,
$GPGGA,215117.44,3726.6637000,N,12214.0561160,W,1,0,0.0,7.0580,M,0.0000,M,0.0000,0
$GPRMC,215117.44,A,3726.6637000,N,12214.0561160,W,0.0006,302.4118,040121,,,,
$GPGGA,215118.44,3726.6637000,N,12214.0561160,W,1,0,0.0,7.0590,M,0.0000,M,0.0000,0
$GPRMC,215118.44,A,3726.6637000,N,12214.0561160,W,0.0006,302.4119,040121,,,,
$GPGGA,215119.44,3726.6637000,N,12214.0561160,W,1,0,0.0,7.0590,M,0.0000,M,0.0000,0
$GPRMC,215119.44,A,3726.6637000,N,12214.0561160,W,0.0010,302.4119,040121,,,,
$GPGGA,215120.44,3726.6637000,N,12214.0561160,W,1,0,0.0,7.0590,M,0.0000,M,0.0000,0
$GPRMC,215120.44,A,3726.6637000,N,12214.0561160,W,0.0018,302.4118,040121,,,,
$GPGGA,215121.44,3726.6637000,N,12214.0561160,W,1,0,0.0,7.0590,M,0.0000,M,0.0000,0
$GPRMC,215121.44,A,3726.6637000,N,12214.0561160,W,0.0018,302.4115,040121,,,,
$GPGGA,215122.44,3726.6637000,N,12214.0561160,W,1,0,0.0,7.0590,M,0.0000,M,0.0000,0
$GPRMC,215122.44,A,3726.6637000,N,12214.0561160,W,0.0010,302.4112,040121,,,,
$GPGGA,215123.44,3726.6637000,N,12214.0561160,W,1,0,0.0,7.0590,M,0.0000,M,0.0000,0
$GPRMC,215123.44,A,3726.6637000,N,12214.0561160,W,0.0012,302.4110,040121,,,,
$GPGGA,215124.44,3726.6637000,N,12214.0561160,W,1,0,0.0,7.0590,M,0.0000,M,0.0000,0
$GPRMC,215124.44,A,3726.6637000,N,12214.0561160,W,0.0005,302.4115,040121,,,,
$GPGGA,215125.44,3726.6637000,N,12214.0561160,W,1,0,0.0,7.0590,M,0.0000,M,0.0000,0
$GPRMC,215125.44,A,3726.6637000,N,12214.0561160,W,0.0000,302.4119,040121,,,,
$GPGGA,215126.44,3726.6637000,N,12214.0561160,W,1,0,0.0,7.0590,M,0.0000,M,0.0000,0
$GPRMC,215126.44,A,3726.6637000,N,12214.0561160,W,0.0004,302.4119,040121,,,,
$GPGGA,215127.44,3726.6637000,N,12214.0561160,W,1,0,0.0,7.0580,M,0.0000,M,0.0000,0
$GPRMC,215127.44,A,3726.6637000,N,12214.0561160,W,0.0005,302.4116,040121,,,,
$GPGGA,215128.44,3726.6637480,N,12214.0562120,W,1,0,0.0,7.0476,M,0.0000,M,0.0000,0
$GPRMC,215128.44,A,3726.6637480,N,12214.0562120,W,0.5568,302.4313,040121,,,,
$GPGGA,215129.44,3726.6641200,N,12214.0569380,W,1,0,0.0,7.0235,M,0.0000,M,0.0000,0
$GPRMC,215129.44,A,3726.6641200,N,12214.0569380,W,2.0261,302.5013,040121,,,,
$GPGGA,215130.44,3726.6649120,N,12214.0584980,W,1,0,0.0,6.9329,M,0.0000,M,0.0000,0
$GPRMC,215130.44,A,3726.6649120,N,12214.0584980,W,3.5166,302.4740,040121,,,,
$GPGGA,215131.44,3726.6660340,N,12214.0610240,W,1,0,0.0,6.9487,M,0.0000,M,0.0000,0
$GPRMC,215131.44,A,3726.6660340,N,12214.0610240,W,4.9138,298.3156,040121,,,,
$GPGGA,215132.44,3726.6669400,N,12214.0646060,W,1,0,0.0,7.0051,M,0.0000,M,0.0000,0
$GPRMC,215132.44,A,3726.6669400,N,12214.0646060,W,6.0854,284.5916,040121,,,,
$GPGGA,215133.44,3726.6667900,N,12214.0689380,W,1,0,0.0,7.1260,M,0.0000,M,0.0000,0
$GPRMC,215133.44,A,3726.6667900,N,12214.0689380,W,6.7003,262.8882,040121,,,,
$GPGGA,215134.44,3726.6652120,N,12214.0732340,W,1,0,0.0,7.1595,M,0.0000,M,0.0000,0
$GPRMC,215134.44,A,3726.6652120,N,12214.0732340,W,7.2846,239.6916,040121,,,,
$GPGGA,215135.44,3726.6623020,N,12214.0768400,W,1,0,0.0,7.2166,M,0.0000,M,0.0000,0
$GPRMC,215135.44,A,3726.6623020,N,12214.0768400,W,7.9559,220.3756,040121,,,,
$GPGGA,215136.44,3726.6584380,N,12214.0800260,W,1,0,0.0,7.3419,M,0.0000,M,0.0000,0
$GPRMC,215136.44,A,3726.6584380,N,12214.0800260,W,9.2786,211.4018,040121,,,,
$GPGGA,215137.44,3726.6536680,N,12214.0832540,W,1,0,0.0,7.5667,M,0.0000,M,0.0000,0
$GPRMC,215137.44,A,3726.6536680,N,12214.0832540,W,10.7256,207.8782,040121,,,,
$GPGGA,215138.44,3726.6482260,N,12214.0868720,W,1,0,0.0,7.8610,M,0.0000,M,0.0000,0
$GPRMC,215138.44,A,3726.6482260,N,12214.0868720,W,12.0594,207.8285,040121,,,,
$GPGGA,215139.44,3726.6421660,N,12214.0909280,W,1,0,0.0,8.2141,M,0.0000,M,0.0000,0
$GPRMC,215139.44,A,3726.6421660,N,12214.0909280,W,13.3357,208.0523,040121,,,,
$GPGGA,215140.44,3726.6355300,N,12214.0953620,W,1,0,0.0,8.7048,M,0.0000,M,0.0000,0
$GPRMC,215140.44,A,3726.6355300,N,12214.0953620,W,14.5084,207.7943,040121,,,,
$GPGGA,215141.44,3726.6282940,N,12214.1001140,W,1,0,0.0,9.0764,M,0.0000,M,0.0000,0
$GPRMC,215141.44,A,3726.6282940,N,12214.1001140,W,15.6262,207.6371,040121,,,,
$GPGGA,215142.44,3726.6205660,N,12214.1052920,W,1,0,0.0,9.3775,M,0.0000,M,0.0000,0
$GPRMC,215142.44,A,3726.6205660,N,12214.1052920,W,16.7945,208.2389,040121,,,,
$GPGGA,215143.44,3726.6123820,N,12214.1108480,W,1,0,0.0,9.5066,M,0.0000,M,0.0000,0
$GPRMC,215143.44,A,3726.6123820,N,12214.1108480,W,17.5594,208.3670,040121,,,,
$GPGGA,215144.44,3726.6038980,N,12214.1166380,W,1,0,0.0,9.6154,M,0.0000,M,0.0000,0
$GPRMC,215144.44,A,3726.6038980,N,12214.1166380,W,18.0217,208.5142,040121,,,,
$GPGGA,215145.44,3726.5953960,N,12214.1224400,W,1,0,0.0,9.7869,M,0.0000,M,0.0000,0
$GPRMC,215145.44,A,3726.5953960,N,12214.1224400,W,17.8268,208.2508,040121,,,,
$GPGGA,215146.44,3726.5868820,N,12214.1281760,W,1,0,0.0,9.9634,M,0.0000,M,0.0000,0
$GPRMC,215146.44,A,3726.5868820,N,12214.1281760,W,17.9369,208.0329,040121,,,,
$GPGGA,215147.44,3726.5782960,N,12214.1339120,W,1,0,0.0,10.2065,M,0.0000,M,0.0000,0
$GPRMC,215147.44,A,3726.5782960,N,12214.1339120,W,18.0906,207.7866,040121,,,,
$GPGGA,215148.44,3726.5696020,N,12214.1396660,W,1,0,0.0,10.5333,M,0.0000,M,0.0000,0
$GPRMC,215148.44,A,3726.5696020,N,12214.1396660,W,18.2682,207.6420,040121,,,,
$GPGGA,215149.44,3726.5608360,N,12214.1454380,W,1,0,0.0,11.1456,M,0.0000,M,0.0000,0
$GPRMC,215149.44,A,3726.5608360,N,12214.1454380,W,18.3480,207.5173,040121,,,,
$GPGGA,215150.44,3726.5520340,N,12214.1511860,W,1,0,0.0,11.8421,M,0.0000,M,0.0000,0
$GPRMC,215150.44,A,3726.5520340,N,12214.1511860,W,18.3830,207.1924,040121,,,,
$GPGGA,215151.44,3726.5431900,N,12214.1568620,W,1,0,0.0,12.8825,M,0.0000,M,0.0000,0
$GPRMC,215151.44,A,3726.5431900,N,12214.1568620,W,18.3593,207.0539,040121,,,,
$GPGGA,215152.44,3726.5343760,N,12214.1625440,W,1,0,0.0,14.0122,M,0.0000,M,0.0000,0
$GPRMC,215152.44,A,3726.5343760,N,12214.1625440,W,18.2491,207.2172,040121,,,,
$GPGGA,215153.44,3726.5257360,N,12214.1682500,W,1,0,0.0,15.0118,M,0.0000,M,0.0000,0
$GPRMC,215153.44,A,3726.5257360,N,12214.1682500,W,17.8611,208.0637,040121,,,,
$GPGGA,215154.44,3726.5173360,N,12214.1739320,W,1,0,0.0,15.8727,M,0.0000,M,0.0000,0
$GPRMC,215154.44,A,3726.5173360,N,12214.1739320,W,17.4465,208.3173,040121,,,,
$GPGGA,215155.44,3726.5091220,N,12214.1795420,W,1,0,0.0,16.7047,M,0.0000,M,0.0000,0
$GPRMC,215155.44,A,3726.5091220,N,12214.1795420,W,17.2459,208.4881,040121,,,,
$GPGGA,215156.44,3726.5009260,N,12214.1852360,W,1,0,0.0,17.4496,M,0.0000,M,0.0000,0
$GPRMC,215156.44,A,3726.5009260,N,12214.1852360,W,17.4217,209.1617,040121,,,,
$GPGGA,215157.44,3726.4927420,N,12214.1912000,W,1,0,0.0,18.2468,M,0.0000,M,0.0000,0
$GPRMC,215157.44,A,3726.4927420,N,12214.1912000,W,17.6171,210.7665,040121,,,,
$GPGGA,215158.44,3726.4846600,N,12214.1976440,W,1,0,0.0,19.0643,M,0.0000,M,0.0000,0
$GPRMC,215158.44,A,3726.4846600,N,12214.1976440,W,17.8015,213.5006,040121,,,,
$GPGGA,215159.44,3726.4768240,N,12214.2047300,W,1,0,0.0,20.0066,M,0.0000,M,0.0000,0
$GPRMC,215159.44,A,3726.4768240,N,12214.2047300,W,17.9250,217.5878,040121,,,,
$GPGGA,215200.44,3726.4693960,N,12214.2126080,W,1,0,0.0,20.9071,M,0.0000,M,0.0000,0
$GPRMC,215200.44,A,3726.4693960,N,12214.2126080,W,18.0768,221.9579,040121,,,,
$GPGGA,215201.44,3726.4623640,N,12214.2211520,W,1,0,0.0,21.8545,M,0.0000,M,0.0000,0
$GPRMC,215201.44,A,3726.4623640,N,12214.2211520,W,18.1375,225.2688,040121,,,,
$GPGGA,215202.44,3726.4557280,N,12214.2302300,W,1,0,0.0,22.8893,M,0.0000,M,0.0000,0
$GPRMC,215202.44,A,3726.4557280,N,12214.2302300,W,18.2011,229.0870,040121,,,,
$GPGGA,215203.44,3726.4495900,N,12214.2399020,W,1,0,0.0,23.9218,M,0.0000,M,0.0000,0
$GPRMC,215203.44,A,3726.4495900,N,12214.2399020,W,18.2717,233.0361,040121,,,,
$GPGGA,215204.44,3726.4438480,N,12214.2500000,W,1,0,0.0,24.9688,M,0.0000,M,0.0000,0
$GPRMC,215204.44,A,3726.4438480,N,12214.2500000,W,18.3419,235.2818,040121,,,,
$GPGGA,215205.44,3726.4383580,N,12214.2603200,W,1,0,0.0,26.0908,M,0.0000,M,0.0000,0
$GPRMC,215205.44,A,3726.4383580,N,12214.2603200,W,18.1959,236.7408,040121,,,,
$GPGGA,215206.44,3726.4329820,N,12214.2705200,W,1,0,0.0,27.1032,M,0.0000,M,0.0000,0
$GPRMC,215206.44,A,3726.4329820,N,12214.2705200,W,17.8305,236.0880,040121,,,,
$GPGGA,215207.44,3726.4275520,N,12214.2802940,W,1,0,0.0,28.2222,M,0.0000,M,0.0000,0
$GPRMC,215207.44,A,3726.4275520,N,12214.2802940,W,17.2018,234.3341,040121,,,,
$GPGGA,215208.44,3726.4220740,N,12214.2893840,W,1,0,0.0,29.2277,M,0.0000,M,0.0000,0
$GPRMC,215208.44,A,3726.4220740,N,12214.2893840,W,16.4599,231.9429,040121,,,,
$GPGGA,215209.44,3726.4165660,N,12214.2979100,W,1,0,0.0,30.0826,M,0.0000,M,0.0000,0
$GPRMC,215209.44,A,3726.4165660,N,12214.2979100,W,15.9379,230.5179,040121,,,,
$GPGGA,215210.44,3726.4110520,N,12214.3061660,W,1,0,0.0,30.9151,M,0.0000,M,0.0000,0
$GPRMC,215210.44,A,3726.4110520,N,12214.3061660,W,15.8807,229.7787,040121,,,,
$GPGGA,215211.44,3726.4054900,N,12214.3143620,W,1,0,0.0,31.7092,M,0.0000,M,0.0000,0
$GPRMC,215211.44,A,3726.4054900,N,12214.3143620,W,15.8727,229.3494,040121,,,,
$GPGGA,215212.44,3726.3998320,N,12214.3224440,W,1,0,0.0,32.5052,M,0.0000,M,0.0000,0
$GPRMC,215212.44,A,3726.3998320,N,12214.3224440,W,15.8471,228.2103,040121,,,,
$GPGGA,215213.44,3726.3940540,N,12214.3303580,W,1,0,0.0,33.3324,M,0.0000,M,0.0000,0
$GPRMC,215213.44,A,3726.3940540,N,12214.3303580,W,15.8126,227.0258,040121,,,,
$GPGGA,215214.44,3726.3881380,N,12214.3381040,W,1,0,0.0,34.0669,M,0.0000,M,0.0000,0
$GPRMC,215214.44,A,3726.3881380,N,12214.3381040,W,15.8433,225.4572,040121,,,,
$GPGGA,215215.44,3726.3820420,N,12214.3456640,W,1,0,0.0,34.7954,M,0.0000,M,0.0000,0
$GPRMC,215215.44,A,3726.3820420,N,12214.3456640,W,15.8318,223.8690,040121,,,,
$GPGGA,215216.44,3726.3757900,N,12214.3529360,W,1,0,0.0,35.5463,M,0.0000,M,0.0000,0
$GPRMC,215216.44,A,3726.3757900,N,12214.3529360,W,15.6803,221.9117,040121,,,,
$GPGGA,215217.44,3726.3694000,N,12214.3598240,W,1,0,0.0,36.4539,M,0.0000,M,0.0000,0
$GPRMC,215217.44,A,3726.3694000,N,12214.3598240,W,15.4826,219.9564,040121,,,,
$GPGGA,215218.44,3726.3629740,N,12214.3663640,W,1,0,0.0,37.3771,M,0.0000,M,0.0000,0
$GPRMC,215218.44,A,3726.3629740,N,12214.3663640,W,15.1141,218.5268,040121,,,,
$GPGGA,215219.44,3726.3566560,N,12214.3725320,W,1,0,0.0,38.1641,M,0.0000,M,0.0000,0
$GPRMC,215219.44,A,3726.3566560,N,12214.3725320,W,14.4451,217.4013,040121,,,,
$GPGGA,215220.44,3726.3505780,N,12214.3782260,W,1,0,0.0,38.8650,M,0.0000,M,0.0000,0
$GPRMC,215220.44,A,3726.3505780,N,12214.3782260,W,13.6352,216.1632,040121,,,,
$GPGGA,215221.44,3726.3447160,N,12214.3834460,W,1,0,0.0,39.4902,M,0.0000,M,0.0000,0
$GPRMC,215221.44,A,3726.3447160,N,12214.3834460,W,13.0569,215.0078,040121,,,,
$GPGGA,215222.44,3726.3388900,N,12214.3884380,W,1,0,0.0,40.0537,M,0.0000,M,0.0000,0
$GPRMC,215222.44,A,3726.3388900,N,12214.3884380,W,13.1329,213.7927,040121,,,,
$GPGGA,215223.44,3726.3327580,N,12214.3933760,W,1,0,0.0,40.6765,M,0.0000,M,0.0000,0
$GPRMC,215223.44,A,3726.3327580,N,12214.3933760,W,13.9332,212.0854,040121,,,,
$GPGGA,215224.44,3726.3261340,N,12214.3984460,W,1,0,0.0,41.2623,M,0.0000,M,0.0000,0
$GPRMC,215224.44,A,3726.3261340,N,12214.3984460,W,14.7880,210.9048,040121,,,,
$GPGGA,215225.44,3726.3189880,N,12214.4036240,W,1,0,0.0,41.7202,M,0.0000,M,0.0000,0
$GPRMC,215225.44,A,3726.3189880,N,12214.4036240,W,15.8225,209.3778,040121,,,,
$GPGGA,215226.44,3726.3111880,N,12214.4088860,W,1,0,0.0,42.1156,M,0.0000,M,0.0000,0
$GPRMC,215226.44,A,3726.3111880,N,12214.4088860,W,16.8865,207.4443,040121,,,,
$GPGGA,215227.44,3726.3028000,N,12214.4142140,W,1,0,0.0,42.4955,M,0.0000,M,0.0000,0
$GPRMC,215227.44,A,3726.3028000,N,12214.4142140,W,17.8584,206.3302,040121,,,,
$GPGGA,215228.44,3726.2939620,N,12214.4195360,W,1,0,0.0,42.8017,M,0.0000,M,0.0000,0
$GPRMC,215228.44,A,3726.2939620,N,12214.4195360,W,18.3459,205.0497,040121,,,,
$GPGGA,215229.44,3726.2848540,N,12214.4246300,W,1,0,0.0,43.0192,M,0.0000,M,0.0000,0
$GPRMC,215229.44,A,3726.2848540,N,12214.4246300,W,18.5256,203.1137,040121,,,,
$GPGGA,215230.44,3726.2756740,N,12214.4294000,W,1,0,0.0,43.1800,M,0.0000,M,0.0000,0
$GPRMC,215230.44,A,3726.2756740,N,12214.4294000,W,18.1835,202.0185,040121,,,,
$GPGGA,215231.44,3726.2666320,N,12214.4338160,W,1,0,0.0,43.3141,M,0.0000,M,0.0000,0
$GPRMC,215231.44,A,3726.2666320,N,12214.4338160,W,17.7025,200.5415,040121,,,,
$GPGGA,215232.44,3726.2577760,N,12214.4379380,W,1,0,0.0,43.3880,M,0.0000,M,0.0000,0
$GPRMC,215232.44,A,3726.2577760,N,12214.4379380,W,17.2852,200.1190,040121,,,,
$GPGGA,215233.44,3726.2491420,N,12214.4420060,W,1,0,0.0,43.5066,M,0.0000,M,0.0000,0
$GPRMC,215233.44,A,3726.2491420,N,12214.4420060,W,16.8225,200.7404,040121,,,,
$GPGGA,215234.44,3726.2407600,N,12214.4460740,W,1,0,0.0,43.7229,M,0.0000,M,0.0000,0
$GPRMC,215234.44,A,3726.2407600,N,12214.4460740,W,16.5072,201.3093,040121,,,,
$GPGGA,215235.44,3726.2324380,N,12214.4502980,W,1,0,0.0,44.0115,M,0.0000,M,0.0000,0
$GPRMC,215235.44,A,3726.2324380,N,12214.4502980,W,16.7865,202.4245,040121,,,,
$GPGGA,215236.44,3726.2239000,N,12214.4550020,W,1,0,0.0,44.4121,M,0.0000,M,0.0000,0
$GPRMC,215236.44,A,3726.2239000,N,12214.4550020,W,17.6688,204.5434,040121,,,,
$GPGGA,215237.44,3726.2152540,N,12214.4603900,W,1,0,0.0,44.8782,M,0.0000,M,0.0000,0
$GPRMC,215237.44,A,3726.2152540,N,12214.4603900,W,18.0246,207.4376,040121,,,,
$GPGGA,215238.44,3726.2068480,N,12214.4663600,W,1,0,0.0,45.5011,M,0.0000,M,0.0000,0
$GPRMC,215238.44,A,3726.2068480,N,12214.4663600,W,17.6052,211.1228,040121,,,,
$GPGGA,215239.44,3726.1991680,N,12214.4730080,W,1,0,0.0,46.1795,M,0.0000,M,0.0000,0
$GPRMC,215239.44,A,3726.1991680,N,12214.4730080,W,16.9019,217.1302,040121,,,,
$GPGGA,215240.44,3726.1923880,N,12214.4803100,W,1,0,0.0,46.8695,M,0.0000,M,0.0000,0
$GPRMC,215240.44,A,3726.1923880,N,12214.4803100,W,16.2126,223.0724,040121,,,,
$GPGGA,215241.44,3726.1864240,N,12214.4880500,W,1,0,0.0,47.4027,M,0.0000,M,0.0000,0
$GPRMC,215241.44,A,3726.1864240,N,12214.4880500,W,15.5098,227.5681,040121,,,,
$GPGGA,215242.44,3726.1811620,N,12214.4959040,W,1,0,0.0,47.8846,M,0.0000,M,0.0000,0
$GPRMC,215242.44,A,3726.1811620,N,12214.4959040,W,14.7748,230.6350,040121,,,,
$GPGGA,215243.44,3726.1762660,N,12214.5034940,W,1,0,0.0,48.4543,M,0.0000,M,0.0000,0
$GPRMC,215243.44,A,3726.1762660,N,12214.5034940,W,14.0193,231.2307,040121,,,,
$GPGGA,215244.44,3726.1717540,N,12214.5108140,W,1,0,0.0,49.0582,M,0.0000,M,0.0000,0
$GPRMC,215244.44,A,3726.1717540,N,12214.5108140,W,13.2613,232.7006,040121,,,,
$GPGGA,215245.44,3726.1676860,N,12214.5178940,W,1,0,0.0,49.5946,M,0.0000,M,0.0000,0
$GPRMC,215245.44,A,3726.1676860,N,12214.5178940,W,12.3677,235.1348,040121,,,,
$GPGGA,215246.44,3726.1643200,N,12214.5244520,W,1,0,0.0,50.0960,M,0.0000,M,0.0000,0
$GPRMC,215246.44,A,3726.1643200,N,12214.5244520,W,10.5807,238.3620,040121,,,,
$GPGGA,215247.44,3726.1618780,N,12214.5301880,W,1,0,0.0,50.4776,M,0.0000,M,0.0000,0
$GPRMC,215247.44,A,3726.1618780,N,12214.5301880,W,8.5397,243.5560,040121,,,,
$GPGGA,215248.44,3726.1603780,N,12214.5348260,W,1,0,0.0,50.7392,M,0.0000,M,0.0000,0
$GPRMC,215248.44,A,3726.1603780,N,12214.5348260,W,6.2463,249.3542,040121,,,,
$GPGGA,215249.44,3726.1595620,N,12214.5384200,W,1,0,0.0,50.9304,M,0.0000,M,0.0000,0
$GPRMC,215249.44,A,3726.1595620,N,12214.5384200,W,5.0518,254.6323,040121,,,,
$GPGGA,215250.44,3726.1590220,N,12214.5416240,W,1,0,0.0,51.1070,M,0.0000,M,0.0000,0
$GPRMC,215250.44,A,3726.1590220,N,12214.5416240,W,4.8480,258.5360,040121,,,,
$GPGGA,215251.44,3726.1586800,N,12214.5451820,W,1,0,0.0,51.2744,M,0.0000,M,0.0000,0
$GPRMC,215251.44,A,3726.1586800,N,12214.5451820,W,5.8274,263.8929,040121,,,,
$GPGGA,215252.44,3726.1586440,N,12214.5496400,W,1,0,0.0,51.4387,M,0.0000,M,0.0000,0
$GPRMC,215252.44,A,3726.1586440,N,12214.5496400,W,7.4788,270.8257,040121,,,,
$GPGGA,215253.44,3726.1591480,N,12214.5552860,W,1,0,0.0,51.7069,M,0.0000,M,0.0000,0
$GPRMC,215253.44,A,3726.1591480,N,12214.5552860,W,9.2509,278.0700,040121,,,,
$GPGGA,215254.44,3726.1604080,N,12214.5619880,W,1,0,0.0,52.2343,M,0.0000,M,0.0000,0
$GPRMC,215254.44,A,3726.1604080,N,12214.5619880,W,11.0576,285.8455,040121,,,,
$GPGGA,215255.44,3726.1626340,N,12214.5694940,W,1,0,0.0,52.6971,M,0.0000,M,0.0000,0
$GPRMC,215255.44,A,3726.1626340,N,12214.5694940,W,12.5553,291.9564,040121,,,,
$GPGGA,215256.44,3726.1655800,N,12214.5777860,W,1,0,0.0,53.3511,M,0.0000,M,0.0000,0
$GPRMC,215256.44,A,3726.1655800,N,12214.5777860,W,14.1901,294.7165,040121,,,,
$GPGGA,215257.44,3726.1690300,N,12214.5869660,W,1,0,0.0,54.1221,M,0.0000,M,0.0000,0
$GPRMC,215257.44,A,3726.1690300,N,12214.5869660,W,15.7380,295.1772,040121,,,,
$GPGGA,215258.44,3726.1728460,N,12214.5970340,W,1,0,0.0,55.0654,M,0.0000,M,0.0000,0
$GPRMC,215258.44,A,3726.1728460,N,12214.5970340,W,17.0923,295.2838,040121,,,,
$GPGGA,215259.44,3726.1769920,N,12214.6077920,W,1,0,0.0,56.1158,M,0.0000,M,0.0000,0
$GPRMC,215259.44,A,3726.1769920,N,12214.6077920,W,17.9313,295.8488,040121,,,,
$GPGGA,215300.44,3726.1812100,N,12214.6186100,W,1,0,0.0,57.1420,M,0.0000,M,0.0000,0
$GPRMC,215300.44,A,3726.1812100,N,12214.6186100,W,17.5873,296.1917,040121,,,,
$GPGGA,215301.44,3726.1855660,N,12214.6292060,W,1,0,0.0,58.2039,M,0.0000,M,0.0000,0
$GPRMC,215301.44,A,3726.1855660,N,12214.6292060,W,17.6859,298.3928,040121,,,,
$GPGGA,215302.44,3726.1905220,N,12214.6396340,W,1,0,0.0,59.2894,M,0.0000,M,0.0000,0
$GPRMC,215302.44,A,3726.1905220,N,12214.6396340,W,18.1667,302.3606,040121,,,,
$GPGGA,215303.44,3726.1962220,N,12214.6498460,W,1,0,0.0,60.3539,M,0.0000,M,0.0000,0
$GPRMC,215303.44,A,3726.1962220,N,12214.6498460,W,18.6220,306.9497,040121,,,,
$GPGGA,215304.44,3726.2026540,N,12214.6597580,W,1,0,0.0,61.4906,M,0.0000,M,0.0000,0
$GPRMC,215304.44,A,3726.2026540,N,12214.6597580,W,19.1048,310.3724,040121,,,,
$GPGGA,215305.44,3726.2095600,N,12214.6696040,W,1,0,0.0,62.7043,M,0.0000,M,0.0000,0
$GPRMC,215305.44,A,3726.2095600,N,12214.6696040,W,19.5727,311.6372,040121,,,,
$GPGGA,215306.44,3726.2167480,N,12214.6795340,W,1,0,0.0,63.9176,M,0.0000,M,0.0000,0
$GPRMC,215306.44,A,3726.2167480,N,12214.6795340,W,20.0212,312.5020,040121,,,,
$GPGGA,215307.44,3726.2241700,N,12214.6896260,W,1,0,0.0,65.0222,M,0.0000,M,0.0000,0
$GPRMC,215307.44,A,3726.2241700,N,12214.6896260,W,20.4535,312.4340,040121,,,,
$GPGGA,215308.44,3726.2317000,N,12214.6999700,W,1,0,0.0,65.9857,M,0.0000,M,0.0000,0
$GPRMC,215308.44,A,3726.2317000,N,12214.6999700,W,20.8600,312.2458,040121,,,,
$GPGGA,215309.44,3726.2394220,N,12214.7105720,W,1,0,0.0,66.9141,M,0.0000,M,0.0000,0
$GPRMC,215309.44,A,3726.2394220,N,12214.7105720,W,21.5884,312.4646,040121,,,,
$GPGGA,215310.44,3726.2475160,N,12214.7215280,W,1,0,0.0,67.8153,M,0.0000,M,0.0000,0
$GPRMC,215310.44,A,3726.2475160,N,12214.7215280,W,22.4739,313.0327,040121,,,,
$GPGGA,215311.44,3726.2560420,N,12214.7327960,W,1,0,0.0,68.7589,M,0.0000,M,0.0000,0
$GPRMC,215311.44,A,3726.2560420,N,12214.7327960,W,23.3436,313.7523,040121,,,,
$GPGGA,215312.44,3726.2650000,N,12214.7443040,W,1,0,0.0,69.7296,M,0.0000,M,0.0000,0
$GPRMC,215312.44,A,3726.2650000,N,12214.7443040,W,24.0150,314.5584,040121,,,,
$GPGGA,215313.44,3726.2742220,N,12214.7559740,W,1,0,0.0,70.7888,M,0.0000,M,0.0000,0
$GPRMC,215313.44,A,3726.2742220,N,12214.7559740,W,24.4495,314.6535,040121,,,,
$GPGGA,215314.44,3726.2835760,N,12214.7678120,W,1,0,0.0,71.7848,M,0.0000,M,0.0000,0
$GPRMC,215314.44,A,3726.2835760,N,12214.7678120,W,24.6718,314.8544,040121,,,,
$GPGGA,215315.44,3726.2930560,N,12214.7796920,W,1,0,0.0,72.8333,M,0.0000,M,0.0000,0
$GPRMC,215315.44,A,3726.2930560,N,12214.7796920,W,24.9095,314.8599,040121,,,,
$GPGGA,215316.44,3726.3026200,N,12214.7916860,W,1,0,0.0,73.8708,M,0.0000,M,0.0000,0
$GPRMC,215316.44,A,3726.3026200,N,12214.7916860,W,25.1332,314.7665,040121,,,,
$GPGGA,215317.44,3726.3122440,N,12214.8038480,W,1,0,0.0,74.9129,M,0.0000,M,0.0000,0
$GPRMC,215317.44,A,3726.3122440,N,12214.8038480,W,25.4196,314.6148,040121,,,,
$GPGGA,215318.44,3726.3219760,N,12214.8161660,W,1,0,0.0,75.9176,M,0.0000,M,0.0000,0
$GPRMC,215318.44,A,3726.3219760,N,12214.8161660,W,25.7018,314.4927,040121,,,,
$GPGGA,215319.44,3726.3317920,N,12214.8286700,W,1,0,0.0,76.9709,M,0.0000,M,0.0000,0
$GPRMC,215319.44,A,3726.3317920,N,12214.8286700,W,26.0841,314.3968,040121,,,,
$GPGGA,215320.44,3726.3417460,N,12214.8413840,W,1,0,0.0,78.0299,M,0.0000,M,0.0000,0
$GPRMC,215320.44,A,3726.3417460,N,12214.8413840,W,26.4670,314.2797,040121,,,,
$GPGGA,215321.44,3726.3517960,N,12214.8543380,W,1,0,0.0,79.1177,M,0.0000,M,0.0000,0
$GPRMC,215321.44,A,3726.3517960,N,12214.8543380,W,26.8553,314.1246,040121,,,,
$GPGGA,215322.44,3726.3619780,N,12214.8674840,W,1,0,0.0,80.1944,M,0.0000,M,0.0000,0
$GPRMC,215322.44,A,3726.3619780,N,12214.8674840,W,27.2114,314.1103,040121,,,,
$GPGGA,215323.44,3726.3723040,N,12214.8808040,W,1,0,0.0,81.2889,M,0.0000,M,0.0000,0
$GPRMC,215323.44,A,3726.3723040,N,12214.8808040,W,27.5602,313.8501,040121,,,,
$GPGGA,215324.44,3726.3826660,N,12214.8943820,W,1,0,0.0,82.3999,M,0.0000,M,0.0000,0
$GPRMC,215324.44,A,3726.3826660,N,12214.8943820,W,27.8818,313.5987,040121,,,,
$GPGGA,215325.44,3726.3931540,N,12214.9080860,W,1,0,0.0,83.5139,M,0.0000,M,0.0000,0
$GPRMC,215325.44,A,3726.3931540,N,12214.9080860,W,28.1759,313.9391,040121,,,,
$GPGGA,215326.44,3726.4037980,N,12214.9219100,W,1,0,0.0,84.6754,M,0.0000,M,0.0000,0
$GPRMC,215326.44,A,3726.4037980,N,12214.9219100,W,28.4942,313.7813,040121,,,,
$GPGGA,215327.44,3726.4145200,N,12214.9359080,W,1,0,0.0,85.8512,M,0.0000,M,0.0000,0
$GPRMC,215327.44,A,3726.4145200,N,12214.9359080,W,28.7566,313.6354,040121,,,,
$GPGGA,215328.44,3726.4253380,N,12214.9500320,W,1,0,0.0,87.0131,M,0.0000,M,0.0000,0
$GPRMC,215328.44,A,3726.4253380,N,12214.9500320,W,29.0038,313.8762,040121,,,,
$GPGGA,215329.44,3726.4362280,N,12214.9642280,W,1,0,0.0,88.1923,M,0.0000,M,0.0000,0
$GPRMC,215329.44,A,3726.4362280,N,12214.9642280,W,29.0483,313.7959,040121,,,,
$GPGGA,215330.44,3726.4471300,N,12214.9783880,W,1,0,0.0,89.3274,M,0.0000,M,0.0000,0
$GPRMC,215330.44,A,3726.4471300,N,12214.9783880,W,29.0372,314.0085,040121,,,,
$GPGGA,215331.44,3726.4580620,N,12214.9925120,W,1,0,0.0,90.4688,M,0.0000,M,0.0000,0
$GPRMC,215331.44,A,3726.4580620,N,12214.9925120,W,29.0274,314.1020,040121,,,,
$GPGGA,215332.44,3726.4690000,N,12215.0066240,W,1,0,0.0,91.6121,M,0.0000,M,0.0000,0
$GPRMC,215332.44,A,3726.4690000,N,12215.0066240,W,29.0351,314.0456,040121,,,,
$GPGGA,215333.44,3726.4798960,N,12215.0207780,W,1,0,0.0,92.7592,M,0.0000,M,0.0000,0
$GPRMC,215333.44,A,3726.4798960,N,12215.0207780,W,28.9927,313.7776,040121,,,,
$GPGGA,215334.44,3726.4907380,N,12215.0349380,W,1,0,0.0,94.0225,M,0.0000,M,0.0000,0
$GPRMC,215334.44,A,3726.4907380,N,12215.0349380,W,28.9027,313.8389,040121,,,,
$GPGGA,215335.44,3726.5015920,N,12215.0489960,W,1,0,0.0,95.3343,M,0.0000,M,0.0000,0
$GPRMC,215335.44,A,3726.5015920,N,12215.0489960,W,28.8188,314.0533,040121,,,,
$GPGGA,215336.44,3726.5123680,N,12215.0630780,W,1,0,0.0,96.6429,M,0.0000,M,0.0000,0
$GPRMC,215336.44,A,3726.5123680,N,12215.0630780,W,28.7472,313.5920,040121,,,,
$GPGGA,215337.44,3726.5230120,N,12215.0772320,W,1,0,0.0,97.9493,M,0.0000,M,0.0000,0
$GPRMC,215337.44,A,3726.5230120,N,12215.0772320,W,28.6531,312.9548,040121,,,,
$GPGGA,215338.44,3726.5333980,N,12215.0915540,W,1,0,0.0,99.1753,M,0.0000,M,0.0000,0
$GPRMC,215338.44,A,3726.5333980,N,12215.0915540,W,28.4705,311.5378,040121,,,,
$GPGGA,215339.44,3726.5434480,N,12215.1061400,W,1,0,0.0,100.3001,M,0.0000,M,0.0000,0
$GPRMC,215339.44,A,3726.5434480,N,12215.1061400,W,28.3981,309.9442,040121,,,,
$GPGGA,215340.44,3726.5530660,N,12215.1211040,W,1,0,0.0,101.4506,M,0.0000,M,0.0000,0
$GPRMC,215340.44,A,3726.5530660,N,12215.1211040,W,28.3109,307.9235,040121,,,,
$GPGGA,215341.44,3726.5622580,N,12215.1363980,W,1,0,0.0,102.5647,M,0.0000,M,0.0000,0
$GPRMC,215341.44,A,3726.5622580,N,12215.1363980,W,28.1923,306.0691,040121,,,,
$GPGGA,215342.44,3726.5710240,N,12215.1519920,W,1,0,0.0,103.6676,M,0.0000,M,0.0000,0
$GPRMC,215342.44,A,3726.5710240,N,12215.1519920,W,28.0869,304.3271,040121,,,,
$GPGGA,215343.44,3726.5794120,N,12215.1678260,W,1,0,0.0,104.7658,M,0.0000,M,0.0000,0
$GPRMC,215343.44,A,3726.5794120,N,12215.1678260,W,28.0000,302.8142,040121,,,,
$GPGGA,215344.44,3726.5874220,N,12215.1839120,W,1,0,0.0,105.8754,M,0.0000,M,0.0000,0
$GPRMC,215344.44,A,3726.5874220,N,12215.1839120,W,27.9408,301.0861,040121,,,,
$GPGGA,215345.44,3726.5950240,N,12215.2002620,W,1,0,0.0,106.9657,M,0.0000,M,0.0000,0
$GPRMC,215345.44,A,3726.5950240,N,12215.2002620,W,27.8909,299.3823,040121,,,,
$GPGGA,215346.44,3726.6022420,N,12215.2168400,W,1,0,0.0,108.0561,M,0.0000,M,0.0000,0
$GPRMC,215346.44,A,3726.6022420,N,12215.2168400,W,27.8118,297.7603,040121,,,,
$GPGGA,215347.44,3726.6090220,N,12215.2336160,W,1,0,0.0,109.1619,M,0.0000,M,0.0000,0
$GPRMC,215347.44,A,3726.6090220,N,12215.2336160,W,27.6988,295.9794,040121,,,,
$GPGGA,215348.44,3726.6153520,N,12215.2506020,W,1,0,0.0,110.2662,M,0.0000,M,0.0000,0
$GPRMC,215348.44,A,3726.6153520,N,12215.2506020,W,27.5989,294.1411,040121,,,,
$GPGGA,215349.44,3726.6212500,N,12215.2677500,W,1,0,0.0,111.3588,M,0.0000,M,0.0000,0
$GPRMC,215349.44,A,3726.6212500,N,12215.2677500,W,27.4988,292.3495,040121,,,,
$GPGGA,215350.44,3726.6266740,N,12215.2850900,W,1,0,0.0,112.4314,M,0.0000,M,0.0000,0
$GPRMC,215350.44,A,3726.6266740,N,12215.2850900,W,27.4373,290.5194,040121,,,,
$GPGGA,215351.44,3726.6316780,N,12215.3025740,W,1,0,0.0,113.4987,M,0.0000,M,0.0000,0
$GPRMC,215351.44,A,3726.6316780,N,12215.3025740,W,27.3696,289.0885,040121,,,,
$GPGGA,215352.44,3726.6363640,N,12215.3201540,W,1,0,0.0,114.5916,M,0.0000,M,0.0000,0
$GPRMC,215352.44,A,3726.6363640,N,12215.3201540,W,27.3041,287.7950,040121,,,,
$GPGGA,215353.44,3726.6406660,N,12215.3378420,W,1,0,0.0,115.6604,M,0.0000,M,0.0000,0
$GPRMC,215353.44,A,3726.6406660,N,12215.3378420,W,27.2435,286.0600,040121,,,,
$GPGGA,215354.44,3726.6444820,N,12215.3556380,W,1,0,0.0,116.7379,M,0.0000,M,0.0000,0
$GPRMC,215354.44,A,3726.6444820,N,12215.3556380,W,27.1135,283.9904,040121,,,,
$GPGGA,215355.44,3726.6477820,N,12215.3735120,W,1,0,0.0,117.7798,M,0.0000,M,0.0000,0
$GPRMC,215355.44,A,3726.6477820,N,12215.3735120,W,26.9975,282.1913,040121,,,,
$GPGGA,215356.44,3726.6506980,N,12215.3914100,W,1,0,0.0,118.7837,M,0.0000,M,0.0000,0
$GPRMC,215356.44,A,3726.6506980,N,12215.3914100,W,26.8964,280.9509,040121,,,,
$GPGGA,215357.44,3726.6532720,N,12215.4093260,W,1,0,0.0,119.6993,M,0.0000,M,0.0000,0
$GPRMC,215357.44,A,3726.6532720,N,12215.4093260,W,26.8234,279.5483,040121,,,,
$GPGGA,215358.44,3726.6554680,N,12215.4272960,W,1,0,0.0,120.5647,M,0.0000,M,0.0000,0
$GPRMC,215358.44,A,3726.6554680,N,12215.4272960,W,26.8093,277.8360,040121,,,,
$GPGGA,215359.44,3726.6572320,N,12215.4453320,W,1,0,0.0,121.3838,M,0.0000,M,0.0000,0
$GPRMC,215359.44,A,3726.6572320,N,12215.4453320,W,26.7862,276.0577,040121,,,,
$GPGGA,215400.44,3726.6585160,N,12215.4634220,W,1,0,0.0,122.1645,M,0.0000,M,0.0000,0
$GPRMC,215400.44,A,3726.6585160,N,12215.4634220,W,26.7969,274.1936,040121,,,,
$GPGGA,215401.44,3726.6593740,N,12215.4815600,W,1,0,0.0,122.8537,M,0.0000,M,0.0000,0
$GPRMC,215401.44,A,3726.6593740,N,12215.4815600,W,26.8012,272.5514,040121,,,,
$GPGGA,215402.44,3726.6598060,N,12215.4997040,W,1,0,0.0,123.5052,M,0.0000,M,0.0000,0
$GPRMC,215402.44,A,3726.6598060,N,12215.4997040,W,26.7591,270.8865,040121,,,,
$GPGGA,215403.44,3726.6598060,N,12215.5178480,W,1,0,0.0,124.0933,M,0.0000,M,0.0000,0
$GPRMC,215403.44,A,3726.6598060,N,12215.5178480,W,26.7710,269.0284,040121,,,,
$GPGGA,215404.44,3726.6593080,N,12215.5360160,W,1,0,0.0,124.5933,M,0.0000,M,0.0000,0
$GPRMC,215404.44,A,3726.6593080,N,12215.5360160,W,26.8697,267.0609,040121,,,,
$GPGGA,215405.44,3726.6583960,N,12215.5542500,W,1,0,0.0,124.9921,M,0.0000,M,0.0000,0
$GPRMC,215405.44,A,3726.6583960,N,12215.5542500,W,27.0175,265.7241,040121,,,,
$GPGGA,215406.44,3726.6571840,N,12215.5725500,W,1,0,0.0,125.3012,M,0.0000,M,0.0000,0
$GPRMC,215406.44,A,3726.6571840,N,12215.5725500,W,27.1420,264.7474,040121,,,,
$GPGGA,215407.44,3726.6557620,N,12215.5909160,W,1,0,0.0,125.5579,M,0.0000,M,0.0000,0
$GPRMC,215407.44,A,3726.6557620,N,12215.5909160,W,27.2886,264.1182,040121,,,,
$GPGGA,215408.44,3726.6542440,N,12215.6094020,W,1,0,0.0,125.7422,M,0.0000,M,0.0000,0
$GPRMC,215408.44,A,3726.6542440,N,12215.6094020,W,27.5824,263.9822,040121,,,,
$GPGGA,215409.44,3726.6527200,N,12215.6281100,W,1,0,0.0,125.8792,M,0.0000,M,0.0000,0
$GPRMC,215409.44,A,3726.6527200,N,12215.6281100,W,27.8992,264.1917,040121,,,,
$GPGGA,215410.44,3726.6512380,N,12215.6470520,W,1,0,0.0,125.9839,M,0.0000,M,0.0000,0
$GPRMC,215410.44,A,3726.6512380,N,12215.6470520,W,28.2471,264.4230,040121,,,,
$GPGGA,215411.44,3726.6497500,N,12215.6662040,W,1,0,0.0,126.1455,M,0.0000,M,0.0000,0
$GPRMC,215411.44,A,3726.6497500,N,12215.6662040,W,28.4661,264.1603,040121,,,,
$GPGGA,215412.44,3726.6481900,N,12215.6854340,W,1,0,0.0,126.3616,M,0.0000,M,0.0000,0
$GPRMC,215412.44,A,3726.6481900,N,12215.6854340,W,28.5659,264.1836,040121,,,,
$GPGGA,215413.44,3726.6466660,N,12215.7047540,W,1,0,0.0,126.5734,M,0.0000,M,0.0000,0
$GPRMC,215413.44,A,3726.6466660,N,12215.7047540,W,28.6945,264.3253,040121,,,,
$GPGGA,215414.44,3726.6451720,N,12215.7241760,W,1,0,0.0,126.7201,M,0.0000,M,0.0000,0
$GPRMC,215414.44,A,3726.6451720,N,12215.7241760,W,28.8640,264.4116,040121,,,,
$GPGGA,215415.44,3726.6436720,N,12215.7437000,W,1,0,0.0,126.8901,M,0.0000,M,0.0000,0
$GPRMC,215415.44,A,3726.6436720,N,12215.7437000,W,29.0070,264.2972,040121,,,,
$GPGGA,215416.44,3726.6421060,N,12215.7633380,W,1,0,0.0,127.0300,M,0.0000,M,0.0000,0
$GPRMC,215416.44,A,3726.6421060,N,12215.7633380,W,29.2049,264.2266,040121,,,,
$GPGGA,215417.44,3726.6405640,N,12215.7831140,W,1,0,0.0,127.1102,M,0.0000,M,0.0000,0
$GPRMC,215417.44,A,3726.6405640,N,12215.7831140,W,29.4067,264.3360,040121,,,,
$GPGGA,215418.44,3726.6389740,N,12215.8030160,W,1,0,0.0,127.2669,M,0.0000,M,0.0000,0
$GPRMC,215418.44,A,3726.6389740,N,12215.8030160,W,29.6008,264.0078,040121,,,,
$GPGGA,215419.44,3726.6373480,N,12215.8230380,W,1,0,0.0,127.3659,M,0.0000,M,0.0000,0
$GPRMC,215419.44,A,3726.6373480,N,12215.8230380,W,29.7443,264.2467,040121,,,,
$GPGGA,215420.44,3726.6359020,N,12215.8431320,W,1,0,0.0,127.4607,M,0.0000,M,0.0000,0
$GPRMC,215420.44,A,3726.6359020,N,12215.8431320,W,29.7600,265.3433,040121,,,,
$GPGGA,215421.44,3726.6349540,N,12215.8633100,W,1,0,0.0,127.4559,M,0.0000,M,0.0000,0
$GPRMC,215421.44,A,3726.6349540,N,12215.8633100,W,29.8912,267.6784,040121,,,,
$GPGGA,215422.44,3726.6345640,N,12215.8836320,W,1,0,0.0,127.4100,M,0.0000,M,0.0000,0
$GPRMC,215422.44,A,3726.6345640,N,12215.8836320,W,30.0958,269.3644,040121,,,,
$GPGGA,215423.44,3726.6346060,N,12215.9041040,W,1,0,0.0,127.3285,M,0.0000,M,0.0000,0
$GPRMC,215423.44,A,3726.6346060,N,12215.9041040,W,30.2652,270.8142,040121,,,,
$GPGGA,215424.44,3726.6351340,N,12215.9246420,W,1,0,0.0,127.1883,M,0.0000,M,0.0000,0
$GPRMC,215424.44,A,3726.6351340,N,12215.9246420,W,30.3478,272.7776,040121,,,,
$GPGGA,215425.44,3726.6362200,N,12215.9452400,W,1,0,0.0,126.9955,M,0.0000,M,0.0000,0
$GPRMC,215425.44,A,3726.6362200,N,12215.9452400,W,30.5587,274.6251,040121,,,,
$GPGGA,215426.44,3726.6378640,N,12215.9658920,W,1,0,0.0,126.7230,M,0.0000,M,0.0000,0
$GPRMC,215426.44,A,3726.6378640,N,12215.9658920,W,30.6352,276.4608,040121,,,,
$GPGGA,215427.44,3726.6399940,N,12215.9864960,W,1,0,0.0,126.3807,M,0.0000,M,0.0000,0
$GPRMC,215427.44,A,3726.6399940,N,12215.9864960,W,30.6653,278.0054,040121,,,,
$GPGGA,215428.44,3726.6425020,N,12216.0070640,W,1,0,0.0,125.9983,M,0.0000,M,0.0000,0
$GPRMC,215428.44,A,3726.6425020,N,12216.0070640,W,30.7108,279.2858,040121,,,,
$GPGGA,215429.44,3726.6454480,N,12216.0275720,W,1,0,0.0,125.5749,M,0.0000,M,0.0000,0
$GPRMC,215429.44,A,3726.6454480,N,12216.0275720,W,30.7317,281.1416,040121,,,,
$GPGGA,215430.44,3726.6489580,N,12216.0479480,W,1,0,0.0,125.1335,M,0.0000,M,0.0000,0
$GPRMC,215430.44,A,3726.6489580,N,12216.0479480,W,30.7661,283.0438,040121,,,,
$GPGGA,215431.44,3726.6530020,N,12216.0681920,W,1,0,0.0,124.6984,M,0.0000,M,0.0000,0
$GPRMC,215431.44,A,3726.6530020,N,12216.0681920,W,30.7964,284.9945,040121,,,,
$GPGGA,215432.44,3726.6575980,N,12216.0882740,W,1,0,0.0,124.2613,M,0.0000,M,0.0000,0
$GPRMC,215432.44,A,3726.6575980,N,12216.0882740,W,30.8505,286.9196,040121,,,,
$GPGGA,215433.44,3726.6627100,N,12216.1082120,W,1,0,0.0,123.8115,M,0.0000,M,0.0000,0
$GPRMC,215433.44,A,3726.6627100,N,12216.1082120,W,30.9042,288.5362,040121,,,,
$GPGGA,215434.44,3726.6683020,N,12216.1279580,W,1,0,0.0,123.3609,M,0.0000,M,0.0000,0
$GPRMC,215434.44,A,3726.6683020,N,12216.1279580,W,30.9270,290.3925,040121,,,,
$GPGGA,215435.44,3726.6744100,N,12216.1474640,W,1,0,0.0,122.9100,M,0.0000,M,0.0000,0
$GPRMC,215435.44,A,3726.6744100,N,12216.1474640,W,30.8750,292.3347,040121,,,,
$GPGGA,215436.44,3726.6809920,N,12216.1666820,W,1,0,0.0,122.3730,M,0.0000,M,0.0000,0
$GPRMC,215436.44,A,3726.6809920,N,12216.1666820,W,30.8362,293.9796,040121,,,,
$GPGGA,215437.44,3726.6879640,N,12216.1856720,W,1,0,0.0,121.9578,M,0.0000,M,0.0000,0
$GPRMC,215437.44,A,3726.6879640,N,12216.1856720,W,30.8524,295.3947,040121,,,,
$GPGGA,215438.44,3726.6953680,N,12216.2044400,W,1,0,0.0,121.5453,M,0.0000,M,0.0000,0
$GPRMC,215438.44,A,3726.6953680,N,12216.2044400,W,30.9391,297.0817,040121,,,,
$GPGGA,215439.44,3726.7032400,N,12216.2230040,W,1,0,0.0,121.1478,M,0.0000,M,0.0000,0
$GPRMC,215439.44,A,3726.7032400,N,12216.2230040,W,31.0735,298.7932,040121,,,,
$GPGGA,215440.44,3726.7116160,N,12216.2413160,W,1,0,0.0,120.7889,M,0.0000,M,0.0000,0
$GPRMC,215440.44,A,3726.7116160,N,12216.2413160,W,31.1881,300.7813,040121,,,,
$GPGGA,215441.44,3726.7204900,N,12216.2593340,W,1,0,0.0,120.5426,M,0.0000,M,0.0000,0
$GPRMC,215441.44,A,3726.7204900,N,12216.2593340,W,31.2623,302.4223,040121,,,,
$GPGGA,215442.44,3726.7297780,N,12216.2770100,W,1,0,0.0,120.3985,M,0.0000,M,0.0000,0
$GPRMC,215442.44,A,3726.7297780,N,12216.2770100,W,31.1801,304.3283,040121,,,,
$GPGGA,215443.44,3726.7394800,N,12216.2942420,W,1,0,0.0,120.3006,M,0.0000,M,0.0000,0
$GPRMC,215443.44,A,3726.7394800,N,12216.2942420,W,31.0445,305.9388,040121,,,,
$GPGGA,215444.44,3726.7495540,N,12216.3110240,W,1,0,0.0,120.3387,M,0.0000,M,0.0000,0
$GPRMC,215444.44,A,3726.7495540,N,12216.3110240,W,30.9145,307.7888,040121,,,,
$GPGGA,215445.44,3726.7599580,N,12216.3273860,W,1,0,0.0,120.5286,M,0.0000,M,0.0000,0
$GPRMC,215445.44,A,3726.7599580,N,12216.3273860,W,30.8025,309.1987,040121,,,,
$GPGGA,215446.44,3726.7706620,N,12216.3433220,W,1,0,0.0,120.7989,M,0.0000,M,0.0000,0
$GPRMC,215446.44,A,3726.7706620,N,12216.3433220,W,30.6676,310.7693,040121,,,,
$GPGGA,215447.44,3726.7815760,N,12216.3588980,W,1,0,0.0,121.1426,M,0.0000,M,0.0000,0
$GPRMC,215447.44,A,3726.7815760,N,12216.3588980,W,30.4613,311.3145,040121,,,,
$GPGGA,215448.44,3726.7924000,N,12216.3743480,W,1,0,0.0,121.5541,M,0.0000,M,0.0000,0
$GPRMC,215448.44,A,3726.7924000,N,12216.3743480,W,30.2347,311.0923,040121,,,,
$GPGGA,215449.44,3726.8031040,N,12216.3897140,W,1,0,0.0,121.9741,M,0.0000,M,0.0000,0
$GPRMC,215449.44,A,3726.8031040,N,12216.3897140,W,29.9236,311.0306,040121,,,,
$GPGGA,215450.44,3726.8137060,N,12216.4048580,W,1,0,0.0,122.4850,M,0.0000,M,0.0000,0
$GPRMC,215450.44,A,3726.8137060,N,12216.4048580,W,29.4432,311.1941,040121,,,,
$GPGGA,215451.44,3726.8240500,N,12216.4197200,W,1,0,0.0,123.0542,M,0.0000,M,0.0000,0
$GPRMC,215451.44,A,3726.8240500,N,12216.4197200,W,28.7472,311.0428,040121,,,,
$GPGGA,215452.44,3726.8341900,N,12216.4341980,W,1,0,0.0,123.6643,M,0.0000,M,0.0000,0
$GPRMC,215452.44,A,3726.8341900,N,12216.4341980,W,28.0923,311.3160,040121,,,,
$GPGGA,215453.44,3726.8441140,N,12216.4483220,W,1,0,0.0,124.3477,M,0.0000,M,0.0000,0
$GPRMC,215453.44,A,3726.8441140,N,12216.4483220,W,27.4477,311.2219,040121,,,,
$GPGGA,215454.44,3726.8538100,N,12216.4621220,W,1,0,0.0,125.0741,M,0.0000,M,0.0000,0
$GPRMC,215454.44,A,3726.8538100,N,12216.4621220,W,26.7812,311.3213,040121,,,,
$GPGGA,215455.44,3726.8632360,N,12216.4755800,W,1,0,0.0,125.8233,M,0.0000,M,0.0000,0
$GPRMC,215455.44,A,3726.8632360,N,12216.4755800,W,26.0601,311.2556,040121,,,,
$GPGGA,215456.44,3726.8724460,N,12216.4886780,W,1,0,0.0,126.5343,M,0.0000,M,0.0000,0
$GPRMC,215456.44,A,3726.8724460,N,12216.4886780,W,25.4788,311.3107,040121,,,,
$GPGGA,215457.44,3726.8814640,N,12216.5015420,W,1,0,0.0,127.2651,M,0.0000,M,0.0000,0
$GPRMC,215457.44,A,3726.8814640,N,12216.5015420,W,25.0682,311.2348,040121,,,,
$GPGGA,215458.44,3726.8903740,N,12216.5142380,W,1,0,0.0,127.9762,M,0.0000,M,0.0000,0
$GPRMC,215458.44,A,3726.8903740,N,12216.5142380,W,24.8575,311.4467,040121,,,,
$GPGGA,215459.44,3726.8992900,N,12216.5268200,W,1,0,0.0,128.7202,M,0.0000,M,0.0000,0
$GPRMC,215459.44,A,3726.8992900,N,12216.5268200,W,24.8163,311.6063,040121,,,,
$GPGGA,215500.44,3726.9082120,N,12216.5393960,W,1,0,0.0,129.4218,M,0.0000,M,0.0000,0
$GPRMC,215500.44,A,3726.9082120,N,12216.5393960,W,24.8343,311.3365,040121,,,,
$GPGGA,215501.44,3726.9170620,N,12216.5520500,W,1,0,0.0,130.1196,M,0.0000,M,0.0000,0
$GPRMC,215501.44,A,3726.9170620,N,12216.5520500,W,24.8412,311.0416,040121,,,,
$GPGGA,215502.44,3726.9258940,N,12216.5648180,W,1,0,0.0,130.8323,M,0.0000,M,0.0000,0
$GPRMC,215502.44,A,3726.9258940,N,12216.5648180,W,25.0628,310.8223,040121,,,,
$GPGGA,215503.44,3726.9348100,N,12216.5777240,W,1,0,0.0,131.5587,M,0.0000,M,0.0000,0
$GPRMC,215503.44,A,3726.9348100,N,12216.5777240,W,25.3077,310.7847,040121,,,,
$GPGGA,215504.44,3726.9437740,N,12216.5908040,W,1,0,0.0,132.2880,M,0.0000,M,0.0000,0
$GPRMC,215504.44,A,3726.9437740,N,12216.5908040,W,25.5742,310.4258,040121,,,,
$GPGGA,215505.44,3726.9527800,N,12216.6040640,W,1,0,0.0,132.9902,M,0.0000,M,0.0000,0
$GPRMC,215505.44,A,3726.9527800,N,12216.6040640,W,25.7857,310.2352,040121,,,,
$GPGGA,215506.44,3726.9618520,N,12216.6174560,W,1,0,0.0,133.6642,M,0.0000,M,0.0000,0
$GPRMC,215506.44,A,3726.9618520,N,12216.6174560,W,26.0718,310.3045,040121,,,,
$GPGGA,215507.44,3726.9710140,N,12216.6309920,W,1,0,0.0,134.3100,M,0.0000,M,0.0000,0
$GPRMC,215507.44,A,3726.9710140,N,12216.6309920,W,26.2296,310.2207,040121,,,,
$GPGGA,215508.44,3726.9801460,N,12216.6445880,W,1,0,0.0,134.8840,M,0.0000,M,0.0000,0
$GPRMC,215508.44,A,3726.9801460,N,12216.6445880,W,26.2468,309.8262,040121,,,,
$GPGGA,215509.44,3726.9892600,N,12216.6583340,W,1,0,0.0,135.3345,M,0.0000,M,0.0000,0
$GPRMC,215509.44,A,3726.9892600,N,12216.6583340,W,26.4906,309.5691,040121,,,,
$GPGGA,215510.44,3726.9984340,N,12216.6722300,W,1,0,0.0,135.8264,M,0.0000,M,0.0000,0
$GPRMC,215510.44,A,3726.9984340,N,12216.6722300,W,26.7191,309.5016,040121,,,,
$GPGGA,215511.44,3727.0076500,N,12216.6862220,W,1,0,0.0,136.2532,M,0.0000,M,0.0000,0
$GPRMC,215511.44,A,3727.0076500,N,12216.6862220,W,26.7658,309.4072,040121,,,,
$GPGGA,215512.44,3727.0168360,N,12216.7002200,W,1,0,0.0,136.6543,M,0.0000,M,0.0000,0
$GPRMC,215512.44,A,3727.0168360,N,12216.7002200,W,26.6982,309.4772,040121,,,,
$GPGGA,215513.44,3727.0260220,N,12216.7141640,W,1,0,0.0,137.1239,M,0.0000,M,0.0000,0
$GPRMC,215513.44,A,3727.0260220,N,12216.7141640,W,26.6550,309.5538,040121,,,,
$GPGGA,215514.44,3727.0352440,N,12216.7280720,W,1,0,0.0,137.4210,M,0.0000,M,0.0000,0
$GPRMC,215514.44,A,3727.0352440,N,12216.7280720,W,26.7029,309.6308,040121,,,,
$GPGGA,215515.44,3727.0444660,N,12216.7419980,W,1,0,0.0,137.6495,M,0.0000,M,0.0000,0
$GPRMC,215515.44,A,3727.0444660,N,12216.7419980,W,26.7109,309.5341,040121,,,,
$GPGGA,215516.44,3727.0536880,N,12216.7559600,W,1,0,0.0,137.8097,M,0.0000,M,0.0000,0
$GPRMC,215516.44,A,3727.0536880,N,12216.7559600,W,26.7838,309.5146,040121,,,,
$GPGGA,215517.44,3727.0629400,N,12216.7699880,W,1,0,0.0,137.8938,M,0.0000,M,0.0000,0
$GPRMC,215517.44,A,3727.0629400,N,12216.7699880,W,26.9010,309.4501,040121,,,,
$GPGGA,215518.44,3727.0721980,N,12216.7840940,W,1,0,0.0,137.9155,M,0.0000,M,0.0000,0
$GPRMC,215518.44,A,3727.0721980,N,12216.7840940,W,26.9879,309.3884,040121,,,,
$GPGGA,215519.44,3727.0814860,N,12216.7982480,W,1,0,0.0,137.9433,M,0.0000,M,0.0000,0
$GPRMC,215519.44,A,3727.0814860,N,12216.7982480,W,27.0880,309.2672,040121,,,,
$GPGGA,215520.44,3727.0908040,N,12216.8124680,W,1,0,0.0,137.9429,M,0.0000,M,0.0000,0
$GPRMC,215520.44,A,3727.0908040,N,12216.8124680,W,27.2145,309.2933,040121,,,,
$GPGGA,215521.44,3727.1001820,N,12216.8267660,W,1,0,0.0,137.9011,M,0.0000,M,0.0000,0
$GPRMC,215521.44,A,3727.1001820,N,12216.8267660,W,27.3832,309.3563,040121,,,,
$GPGGA,215522.44,3727.1096500,N,12216.8411660,W,1,0,0.0,137.7643,M,0.0000,M,0.0000,0
$GPRMC,215522.44,A,3727.1096500,N,12216.8411660,W,27.6819,309.4827,040121,,,,
$GPGGA,215523.44,3727.1192380,N,12216.8557160,W,1,0,0.0,137.6246,M,0.0000,M,0.0000,0
$GPRMC,215523.44,A,3727.1192380,N,12216.8557160,W,28.0146,309.4073,040121,,,,
$GPGGA,215524.44,3727.1289100,N,12216.8704700,W,1,0,0.0,137.3956,M,0.0000,M,0.0000,0
$GPRMC,215524.44,A,3727.1289100,N,12216.8704700,W,28.2483,309.2539,040121,,,,
$GPGGA,215525.44,3727.1386060,N,12216.8852960,W,1,0,0.0,137.1116,M,0.0000,M,0.0000,0
$GPRMC,215525.44,A,3727.1386060,N,12216.8852960,W,28.2919,309.2484,040121,,,,
$GPGGA,215526.44,3727.1483080,N,12216.9000920,W,1,0,0.0,136.7603,M,0.0000,M,0.0000,0
$GPRMC,215526.44,A,3727.1483080,N,12216.9000920,W,28.1954,309.4210,040121,,,,
$GPGGA,215527.44,3727.1579920,N,12216.9148340,W,1,0,0.0,136.3721,M,0.0000,M,0.0000,0
$GPRMC,215527.44,A,3727.1579920,N,12216.9148340,W,28.1562,309.2903,040121,,,,
$GPGGA,215528.44,3727.1676460,N,12216.9295880,W,1,0,0.0,135.9440,M,0.0000,M,0.0000,0
$GPRMC,215528.44,A,3727.1676460,N,12216.9295880,W,28.1302,309.2711,040121,,,,
$GPGGA,215529.44,3727.1772700,N,12216.9442760,W,1,0,0.0,135.4665,M,0.0000,M,0.0000,0
$GPRMC,215529.44,A,3727.1772700,N,12216.9442760,W,27.9569,309.3374,040121,,,,
$GPGGA,215530.44,3727.1868580,N,12216.9588980,W,1,0,0.0,134.9225,M,0.0000,M,0.0000,0
$GPRMC,215530.44,A,3727.1868580,N,12216.9588980,W,27.9149,309.3315,040121,,,,
$GPGGA,215531.44,3727.1964580,N,12216.9735080,W,1,0,0.0,134.3335,M,0.0000,M,0.0000,0
$GPRMC,215531.44,A,3727.1964580,N,12216.9735080,W,27.9293,309.5406,040121,,,,
$GPGGA,215532.44,3727.2061360,N,12216.9880760,W,1,0,0.0,133.7069,M,0.0000,M,0.0000,0
$GPRMC,215532.44,A,3727.2061360,N,12216.9880760,W,28.0177,309.7548,040121,,,,
$GPGGA,215533.44,3727.2158560,N,12217.0027160,W,1,0,0.0,133.0958,M,0.0000,M,0.0000,0
$GPRMC,215533.44,A,3727.2158560,N,12217.0027160,W,28.1655,309.6414,040121,,,,
$GPGGA,215534.44,3727.2256060,N,12217.0174700,W,1,0,0.0,132.4760,M,0.0000,M,0.0000,0
$GPRMC,215534.44,A,3727.2256060,N,12217.0174700,W,28.3566,309.3574,040121,,,,
$GPGGA,215535.44,3727.2353800,N,12217.0323620,W,1,0,0.0,131.8497,M,0.0000,M,0.0000,0
$GPRMC,215535.44,A,3727.2353800,N,12217.0323620,W,28.5480,309.3184,040121,,,,
$GPGGA,215536.44,3727.2452020,N,12217.0473920,W,1,0,0.0,131.2315,M,0.0000,M,0.0000,0
$GPRMC,215536.44,A,3727.2452020,N,12217.0473920,W,28.7795,309.2062,040121,,,,
$GPGGA,215537.44,3727.2550900,N,12217.0625540,W,1,0,0.0,130.5700,M,0.0000,M,0.0000,0
$GPRMC,215537.44,A,3727.2550900,N,12217.0625540,W,28.9786,309.2085,040121,,,,
$GPGGA,215538.44,3727.2650080,N,12217.0777940,W,1,0,0.0,129.9584,M,0.0000,M,0.0000,0
$GPRMC,215538.44,A,3727.2650080,N,12217.0777940,W,29.0005,309.1221,040121,,,,
$GPGGA,215539.44,3727.2749440,N,12217.0929980,W,1,0,0.0,129.3117,M,0.0000,M,0.0000,0
$GPRMC,215539.44,A,3727.2749440,N,12217.0929980,W,29.0022,309.3808,040121,,,,
$GPGGA,215540.44,3727.2849100,N,12217.1081960,W,1,0,0.0,128.6823,M,0.0000,M,0.0000,0
$GPRMC,215540.44,A,3727.2849100,N,12217.1081960,W,29.0297,309.3470,040121,,,,
$GPGGA,215541.44,3727.2949000,N,12217.1233640,W,1,0,0.0,128.0485,M,0.0000,M,0.0000,0
$GPRMC,215541.44,A,3727.2949000,N,12217.1233640,W,28.9965,309.6274,040121,,,,
$GPGGA,215542.44,3727.3049140,N,12217.1384900,W,1,0,0.0,127.3954,M,0.0000,M,0.0000,0
$GPRMC,215542.44,A,3727.3049140,N,12217.1384900,W,29.0049,309.5155,040121,,,,
$GPGGA,215543.44,3727.3149220,N,12217.1536520,W,1,0,0.0,126.7069,M,0.0000,M,0.0000,0
$GPRMC,215543.44,A,3727.3149220,N,12217.1536520,W,29.0388,309.5645,040121,,,,
$GPGGA,215544.44,3727.3249060,N,12217.1688500,W,1,0,0.0,126.0602,M,0.0000,M,0.0000,0
$GPRMC,215544.44,A,3727.3249060,N,12217.1688500,W,29.0648,309.2223,040121,,,,
$GPGGA,215545.44,3727.3348660,N,12217.1840840,W,1,0,0.0,125.3709,M,0.0000,M,0.0000,0
$GPRMC,215545.44,A,3727.3348660,N,12217.1840840,W,28.9897,309.2333,040121,,,,
$GPGGA,215546.44,3727.3448200,N,12217.1991980,W,1,0,0.0,124.6158,M,0.0000,M,0.0000,0
$GPRMC,215546.44,A,3727.3448200,N,12217.1991980,W,28.8242,309.6976,040121,,,,
$GPGGA,215547.44,3727.3548160,N,12217.2141620,W,1,0,0.0,123.8847,M,0.0000,M,0.0000,0
$GPRMC,215547.44,A,3727.3548160,N,12217.2141620,W,28.7783,309.8396,040121,,,,
$GPGGA,215548.44,3727.3648780,N,12217.2290480,W,1,0,0.0,123.2493,M,0.0000,M,0.0000,0
$GPRMC,215548.44,A,3727.3648780,N,12217.2290480,W,28.7877,310.8171,040121,,,,
$GPGGA,215549.44,3727.3753120,N,12217.2435320,W,1,0,0.0,122.7990,M,0.0000,M,0.0000,0
$GPRMC,215549.44,A,3727.3753120,N,12217.2435320,W,28.7827,313.2220,040121,,,,
$GPGGA,215550.44,3727.3861720,N,12217.2575120,W,1,0,0.0,122.4340,M,0.0000,M,0.0000,0
$GPRMC,215550.44,A,3727.3861720,N,12217.2575120,W,28.7976,315.0428,040121,,,,
$GPGGA,215551.44,3727.3974040,N,12217.2710360,W,1,0,0.0,122.2085,M,0.0000,M,0.0000,0
$GPRMC,215551.44,A,3727.3974040,N,12217.2710360,W,28.7840,317.0707,040121,,,,
$GPGGA,215552.44,3727.4089840,N,12217.2840560,W,1,0,0.0,122.0843,M,0.0000,M,0.0000,0
$GPRMC,215552.44,A,3727.4089840,N,12217.2840560,W,28.7548,318.9747,040121,,,,
$GPGGA,215553.44,3727.4208820,N,12217.2965720,W,1,0,0.0,122.0631,M,0.0000,M,0.0000,0
$GPRMC,215553.44,A,3727.4208820,N,12217.2965720,W,28.6832,320.8774,040121,,,,
$GPGGA,215554.44,3727.4330380,N,12217.3085960,W,1,0,0.0,122.1856,M,0.0000,M,0.0000,0
$GPRMC,215554.44,A,3727.4330380,N,12217.3085960,W,28.5909,322.3524,040121,,,,
$GPGGA,215555.44,3727.4453860,N,12217.3201880,W,1,0,0.0,122.4275,M,0.0000,M,0.0000,0
$GPRMC,215555.44,A,3727.4453860,N,12217.3201880,W,28.4622,323.9681,040121,,,,
$GPGGA,215556.44,3727.4579800,N,12217.3312100,W,1,0,0.0,122.8060,M,0.0000,M,0.0000,0
$GPRMC,215556.44,A,3727.4579800,N,12217.3312100,W,28.3501,326.1144,040121,,,,
$GPGGA,215557.44,3727.4708680,N,12217.3415960,W,1,0,0.0,123.2711,M,0.0000,M,0.0000,0
$GPRMC,215557.44,A,3727.4708680,N,12217.3415960,W,28.3354,328.1394,040121,,,,
$GPGGA,215558.44,3727.4839960,N,12217.3515020,W,1,0,0.0,123.8117,M,0.0000,M,0.0000,0
$GPRMC,215558.44,A,3727.4839960,N,12217.3515020,W,28.3567,329.6359,040121,,,,
$GPGGA,215559.44,3727.4973640,N,12217.3609160,W,1,0,0.0,124.3838,M,0.0000,M,0.0000,0
$GPRMC,215559.44,A,3727.4973640,N,12217.3609160,W,28.3606,331.5741,040121,,,,
$GPGGA,215600.44,3727.5109780,N,12217.3697840,W,1,0,0.0,124.9565,M,0.0000,M,0.0000,0
$GPRMC,215600.44,A,3727.5109780,N,12217.3697840,W,28.3932,333.1920,040121,,,,
$GPGGA,215601.44,3727.5248140,N,12217.3781060,W,1,0,0.0,125.5648,M,0.0000,M,0.0000,0
$GPRMC,215601.44,A,3727.5248140,N,12217.3781060,W,28.3381,335.3068,040121,,,,
$GPGGA,215602.44,3727.5387940,N,12217.3858460,W,1,0,0.0,126.1633,M,0.0000,M,0.0000,0
$GPRMC,215602.44,A,3727.5387940,N,12217.3858460,W,28.2370,336.9045,040121,,,,
$GPGGA,215603.44,3727.5529480,N,12217.3930400,W,1,0,0.0,126.7496,M,0.0000,M,0.0000,0
$GPRMC,215603.44,A,3727.5529480,N,12217.3930400,W,28.2613,338.7938,040121,,,,
$GPGGA,215604.44,3727.5673000,N,12217.3996820,W,1,0,0.0,127.2600,M,0.0000,M,0.0000,0
$GPRMC,215604.44,A,3727.5673000,N,12217.3996820,W,28.3361,340.4743,040121,,,,
$GPGGA,215605.44,3727.5818380,N,12217.4058320,W,1,0,0.0,127.8458,M,0.0000,M,0.0000,0
$GPRMC,215605.44,A,3727.5818380,N,12217.4058320,W,28.4367,342.0280,040121,,,,
$GPGGA,215606.44,3727.5965620,N,12217.4114960,W,1,0,0.0,128.3900,M,0.0000,M,0.0000,0
$GPRMC,215606.44,A,3727.5965620,N,12217.4114960,W,28.5286,343.8608,040121,,,,
$GPGGA,215607.44,3727.6114660,N,12217.4165600,W,1,0,0.0,128.9797,M,0.0000,M,0.0000,0
$GPRMC,215607.44,A,3727.6114660,N,12217.4165600,W,28.6170,345.9170,040121,,,,
$GPGGA,215608.44,3727.6265680,N,12217.4207780,W,1,0,0.0,129.6678,M,0.0000,M,0.0000,0
$GPRMC,215608.44,A,3727.6265680,N,12217.4207780,W,28.6362,348.3578,040121,,,,
$GPGGA,215609.44,3727.6417840,N,12217.4243720,W,1,0,0.0,130.2690,M,0.0000,M,0.0000,0
$GPRMC,215609.44,A,3727.6417840,N,12217.4243720,W,28.5923,350.1337,040121,,,,
$GPGGA,215610.44,3727.6569760,N,12217.4272940,W,1,0,0.0,130.8145,M,0.0000,M,0.0000,0
$GPRMC,215610.44,A,3727.6569760,N,12217.4272940,W,28.2770,352.2894,040121,,,,
$GPGGA,215611.44,3727.6720720,N,12217.4295500,W,1,0,0.0,131.3631,M,0.0000,M,0.0000,0
$GPRMC,215611.44,A,3727.6720720,N,12217.4295500,W,27.9777,354.1523,040121,,,,
$GPGGA,215612.44,3727.6871260,N,12217.4310320,W,1,0,0.0,131.9231,M,0.0000,M,0.0000,0
$GPRMC,215612.44,A,3727.6871260,N,12217.4310320,W,27.9592,356.7714,040121,,,,
$GPGGA,215613.44,3727.7022340,N,12217.4317040,W,1,0,0.0,132.5621,M,0.0000,M,0.0000,0
$GPRMC,215613.44,A,3727.7022340,N,12217.4317040,W,27.9576,358.6873,040121,,,,
$GPGGA,215614.44,3727.7173120,N,12217.4320280,W,1,0,0.0,133.2885,M,0.0000,M,0.0000,0
$GPRMC,215614.44,A,3727.7173120,N,12217.4320280,W,27.8226,359.0410,040121,,,,
$GPGGA,215615.44,3727.7323300,N,12217.4324060,W,1,0,0.0,133.9363,M,0.0000,M,0.0000,0
$GPRMC,215615.44,A,3727.7323300,N,12217.4324060,W,27.7436,358.6196,040121,,,,
$GPGGA,215616.44,3727.7472940,N,12217.4327960,W,1,0,0.0,134.5170,M,0.0000,M,0.0000,0
$GPRMC,215616.44,A,3727.7472940,N,12217.4327960,W,27.6424,358.8235,040121,,,,
$GPGGA,215617.44,3727.7622160,N,12217.4331680,W,1,0,0.0,135.0412,M,0.0000,M,0.0000,0
$GPRMC,215617.44,A,3727.7622160,N,12217.4331680,W,27.5912,358.7107,040121,,,,
$GPGGA,215618.44,3727.7771200,N,12217.4335520,W,1,0,0.0,135.5925,M,0.0000,M,0.0000,0
$GPRMC,215618.44,A,3727.7771200,N,12217.4335520,W,27.5528,358.6821,040121,,,,
$GPGGA,215619.44,3727.7919820,N,12217.4339780,W,1,0,0.0,136.2026,M,0.0000,M,0.0000,0
$GPRMC,215619.44,A,3727.7919820,N,12217.4339780,W,27.4410,358.4727,040121,,,,
$GPGGA,215620.44,3727.8067480,N,12217.4345180,W,1,0,0.0,136.8560,M,0.0000,M,0.0000,0
$GPRMC,215620.44,A,3727.8067480,N,12217.4345180,W,27.1266,358.0851,040121,,,,
$GPGGA,215621.44,3727.8212320,N,12217.4351720,W,1,0,0.0,137.6439,M,0.0000,M,0.0000,0
$GPRMC,215621.44,A,3727.8212320,N,12217.4351720,W,26.4953,357.7478,040121,,,,
$GPGGA,215622.44,3727.8354160,N,12217.4359040,W,1,0,0.0,138.3998,M,0.0000,M,0.0000,0
$GPRMC,215622.44,A,3727.8354160,N,12217.4359040,W,26.0644,357.6153,040121,,,,
$GPGGA,215623.44,3727.8494200,N,12217.4366900,W,1,0,0.0,138.9320,M,0.0000,M,0.0000,0
$GPRMC,215623.44,A,3727.8494200,N,12217.4366900,W,25.8166,357.1699,040121,,,,
$GPGGA,215624.44,3727.8632980,N,12217.4377520,W,1,0,0.0,139.2868,M,0.0000,M,0.0000,0
$GPRMC,215624.44,A,3727.8632980,N,12217.4377520,W,25.6797,355.8189,040121,,,,
$GPGGA,215625.44,3727.8771280,N,12217.4392280,W,1,0,0.0,139.6356,M,0.0000,M,0.0000,0
$GPRMC,215625.44,A,3727.8771280,N,12217.4392280,W,25.6841,354.4293,040121,,,,
$GPGGA,215626.44,3727.8909340,N,12217.4411060,W,1,0,0.0,139.9626,M,0.0000,M,0.0000,0
$GPRMC,215626.44,A,3727.8909340,N,12217.4411060,W,25.6534,353.0601,040121,,,,
$GPGGA,215627.44,3727.9046440,N,12217.4434040,W,1,0,0.0,140.2461,M,0.0000,M,0.0000,0
$GPRMC,215627.44,A,3727.9046440,N,12217.4434040,W,25.4921,351.7008,040121,,,,
$GPGGA,215628.44,3727.9182040,N,12217.4460320,W,1,0,0.0,140.5087,M,0.0000,M,0.0000,0
$GPRMC,215628.44,A,3727.9182040,N,12217.4460320,W,25.2819,350.7169,040121,,,,
$GPGGA,215629.44,3727.9315900,N,12217.4488880,W,1,0,0.0,140.7605,M,0.0000,M,0.0000,0
$GPRMC,215629.44,A,3727.9315900,N,12217.4488880,W,24.9235,350.1925,040121,,,,
$GPGGA,215630.44,3727.9447360,N,12217.4517380,W,1,0,0.0,140.9816,M,0.0000,M,0.0000,0
$GPRMC,215630.44,A,3727.9447360,N,12217.4517380,W,24.4380,350.2983,040121,,,,
$GPGGA,215631.44,3727.9576420,N,12217.4544260,W,1,0,0.0,141.2223,M,0.0000,M,0.0000,0
$GPRMC,215631.44,A,3727.9576420,N,12217.4544260,W,23.9417,350.8109,040121,,,,
$GPGGA,215632.44,3727.9702900,N,12217.4569580,W,1,0,0.0,141.5151,M,0.0000,M,0.0000,0
$GPRMC,215632.44,A,3727.9702900,N,12217.4569580,W,23.4612,350.9265,040121,,,,
$GPGGA,215633.44,3727.9826860,N,12217.4594660,W,1,0,0.0,141.8202,M,0.0000,M,0.0000,0
$GPRMC,215633.44,A,3727.9826860,N,12217.4594660,W,22.9709,350.3594,040121,,,,
$GPGGA,215634.44,3727.9947760,N,12217.4622080,W,1,0,0.0,142.1464,M,0.0000,M,0.0000,0
$GPRMC,215634.44,A,3727.9947760,N,12217.4622080,W,22.4730,349.0295,040121,,,,
$GPGGA,215635.44,3728.0065600,N,12217.4652560,W,1,0,0.0,142.3610,M,0.0000,M,0.0000,0
$GPRMC,215635.44,A,3728.0065600,N,12217.4652560,W,22.0513,347.6225,040121,,,,
$GPGGA,215636.44,3728.0180620,N,12217.4686460,W,1,0,0.0,142.3644,M,0.0000,M,0.0000,0
$GPRMC,215636.44,A,3728.0180620,N,12217.4686460,W,21.7080,346.0928,040121,,,,
$GPGGA,215637.44,3728.0293660,N,12217.4722760,W,1,0,0.0,142.1284,M,0.0000,M,0.0000,0
$GPRMC,215637.44,A,3728.0293660,N,12217.4722760,W,21.4644,345.2132,040121,,,,
$GPGGA,215638.44,3728.0405140,N,12217.4760860,W,1,0,0.0,141.7770,M,0.0000,M,0.0000,0
$GPRMC,215638.44,A,3728.0405140,N,12217.4760860,W,21.3130,344.4190,040121,,,,
$GPGGA,215639.44,3728.0515420,N,12217.4799920,W,1,0,0.0,141.1494,M,0.0000,M,0.0000,0
$GPRMC,215639.44,A,3728.0515420,N,12217.4799920,W,20.9445,344.0822,040121,,,,
$GPGGA,215640.44,3728.0621920,N,12217.4839580,W,1,0,0.0,140.6414,M,0.0000,M,0.0000,0
$GPRMC,215640.44,A,3728.0621920,N,12217.4839580,W,20.1113,342.7629,040121,,,,
$GPGGA,215641.44,3728.0722300,N,12217.4881760,W,1,0,0.0,139.8801,M,0.0000,M,0.0000,0
$GPRMC,215641.44,A,3728.0722300,N,12217.4881760,W,18.9640,340.4030,040121,,,,
$GPGGA,215642.44,3728.0815060,N,12217.4924360,W,1,0,0.0,139.0079,M,0.0000,M,0.0000,0
$GPRMC,215642.44,A,3728.0815060,N,12217.4924360,W,17.4921,339.5311,040121,,,,
$GPGGA,215643.44,3728.0899600,N,12217.4962880,W,1,0,0.0,138.1408,M,0.0000,M,0.0000,0
$GPRMC,215643.44,A,3728.0899600,N,12217.4962880,W,15.8211,340.2836,040121,,,,
$GPGGA,215644.44,3728.0976220,N,12217.4996300,W,1,0,0.0,137.2931,M,0.0000,M,0.0000,0
$GPRMC,215644.44,A,3728.0976220,N,12217.4996300,W,14.0999,341.1246,040121,,,,
$GPGGA,215645.44,3728.1042940,N,12217.5023960,W,1,0,0.0,136.5788,M,0.0000,M,0.0000,0
$GPRMC,215645.44,A,3728.1042940,N,12217.5023960,W,11.8489,341.9036,040121,,,,
$GPGGA,215646.44,3728.1097840,N,12217.5045800,W,1,0,0.0,136.1315,M,0.0000,M,0.0000,0
$GPRMC,215646.44,A,3728.1097840,N,12217.5045800,W,9.4537,342.4983,040121,,,,
$GPGGA,215647.44,3728.1139900,N,12217.5063140,W,1,0,0.0,135.8529,M,0.0000,M,0.0000,0
$GPRMC,215647.44,A,3728.1139900,N,12217.5063140,W,6.8942,341.2129,040121,,,,
$GPGGA,215648.44,3728.1168700,N,12217.5076280,W,1,0,0.0,135.7223,M,0.0000,M,0.0000,0
$GPRMC,215648.44,A,3728.1168700,N,12217.5076280,W,4.4934,339.7265,040121,,,,
$GPGGA,215649.44,3728.1186820,N,12217.5085940,W,1,0,0.0,135.6703,M,0.0000,M,0.0000,0
$GPRMC,215649.44,A,3728.1186820,N,12217.5085940,W,2.8584,337.0597,040121,,,,
$GPGGA,215650.44,3728.1197200,N,12217.5092120,W,1,0,0.0,135.6371,M,0.0000,M,0.0000,0
$GPRMC,215650.44,A,3728.1197200,N,12217.5092120,W,1.5376,335.5287,040121,,,,
$GPGGA,215651.44,3728.1203200,N,12217.5095840,W,1,0,0.0,135.6086,M,0.0000,M,0.0000,0
$GPRMC,215651.44,A,3728.1203200,N,12217.5095840,W,0.9299,334.5432,040121,,,,
$GPGGA,215652.44,3728.1205900,N,12217.5097640,W,1,0,0.0,135.5976,M,0.0000,M,0.0000,0
$GPRMC,215652.44,A,3728.1205900,N,12217.5097640,W,0.1629,334.0779,040121,,,,
$GPGGA,215653.44,3728.1205960,N,12217.5097700,W,1,0,0.0,135.5900,M,0.0000,M,0.0000,0
$GPRMC,215653.44,A,3728.1205960,N,12217.5097700,W,0.0022,334.0689,040121,,,,
$GPGGA,215654.44,3728.1205960,N,12217.5097700,W,1,0,0.0,135.5880,M,0.0000,M,0.0000,0
$GPRMC,215654.44,A,3728.1205960,N,12217.5097700,W,0.0016,334.0661,040121,,,,
$GPGGA,215655.44,3728.1205960,N,12217.5097700,W,1,0,0.0,135.5870,M,0.0000,M,0.0000,0
$GPRMC,215655.44,A,3728.1205960,N,12217.5097700,W,0.0010,334.0655,040121,,,,
$GPGGA,215656.44,3728.1205960,N,12217.5097640,W,1,0,0.0,135.5870,M,0.0000,M,0.0000,0
$GPRMC,215656.44,A,3728.1205960,N,12217.5097640,W,0.0009,334.0644,040121,,,,
$GPGGA,215657.44,3728.1205960,N,12217.5097640,W,1,0,0.0,135.5880,M,0.0000,M,0.0000,0
$GPRMC,215657.44,A,3728.1205960,N,12217.5097640,W,0.0006,334.0643,040121,,,,
$GPGGA,215658.44,3728.1205960,N,12217.5097640,W,1,0,0.0,135.5890,M,0.0000,M,0.0000,0
$GPRMC,215658.44,A,3728.1205960,N,12217.5097640,W,0.0000,334.0647,040121,,,,
$GPGGA,215659.44,3728.1205960,N,12217.5097640,W,1,0,0.0,135.5870,M,0.0000,M,0.0000,0
$GPRMC,215659.44,A,3728.1205960,N,12217.5097640,W,0.0006,334.0651,040121,,,,
$GPGGA,215700.44,3728.1205960,N,12217.5097640,W,1,0,0.0,135.5870,M,0.0000,M,0.0000,0
$GPRMC,215700.44,A,3728.1205960,N,12217.5097640,W,0.0000,334.0648,040121,,,,
$GPGGA,215701.44,3728.1206020,N,12217.5097640,W,1,0,0.0,135.5860,M,0.0000,M,0.0000,0
$GPRMC,215701.44,A,3728.1206020,N,12217.5097640,W,0.0004,334.0647,040121,,,,
$GPGGA,215702.44,3728.1206020,N,12217.5097640,W,1,0,0.0,135.5840,M,0.0000,M,0.0000,0
$GPRMC,215702.44,A,3728.1206020,N,12217.5097640,W,0.0004,334.0649,040121,,,,
$GPGGA,215703.44,3728.1206020,N,12217.5097640,W,1,0,0.0,135.5840,M,0.0000,M,0.0000,0
$GPRMC,215703.44,A,3728.1206020,N,12217.5097640,W,0.0010,334.0648,040121,,,,
$GPGGA,215704.44,3728.1206020,N,12217.5097640,W,1,0,0.0,135.5830,M,0.0000,M,0.0000,0
$GPRMC,215704.44,A,3728.1206020,N,12217.5097640,W,0.0004,334.0651,040121,,,,
$GPGGA,215705.44,3728.1206020,N,12217.5097640,W,1,0,0.0,135.5820,M,0.0000,M,0.0000,0
$GPRMC,215705.44,A,3728.1206020,N,12217.5097640,W,0.0010,334.0650,040121,,,,
$GPGGA,215706.44,3728.1206020,N,12217.5097640,W,1,0,0.0,135.5820,M,0.0000,M,0.0000,0
$GPRMC,215706.44,A,3728.1206020,N,12217.5097640,W,0.0010,334.0650,040121,,,,
$GPGGA,215707.44,3728.1206020,N,12217.5097640,W,1,0,0.0,135.5810,M,0.0000,M,0.0000,0
$GPRMC,215707.44,A,3728.1206020,N,12217.5097640,W,0.0015,334.0647,040121,,,,
$GPGGA,215708.44,3728.1206020,N,12217.5097640,W,1,0,0.0,135.5800,M,0.0000,M,0.0000,0
$GPRMC,215708.44,A,3728.1206020,N,12217.5097640,W,0.0055,334.0612,040121,,,,
$GPGGA,215709.44,3728.1207640,N,12217.5098660,W,1,0,0.0,135.5656,M,0.0000,M,0.0000,0
$GPRMC,215709.44,A,3728.1207640,N,12217.5098660,W,0.8420,333.7858,040121,,,,
$GPGGA,215710.44,3728.1214240,N,12217.5103220,W,1,0,0.0,135.5499,M,0.0000,M,0.0000,0
$GPRMC,215710.44,A,3728.1214240,N,12217.5103220,W,1.9702,332.5035,040121,,,,
$GPGGA,215711.44,3728.1226960,N,12217.5112880,W,1,0,0.0,135.5350,M,0.0000,M,0.0000,0
$GPRMC,215711.44,A,3728.1226960,N,12217.5112880,W,3.5890,329.3670,040121,,,,
$GPGGA,215712.44,3728.1245680,N,12217.5130640,W,1,0,0.0,135.5747,M,0.0000,M,0.0000,0
$GPRMC,215712.44,A,3728.1245680,N,12217.5130640,W,4.9560,322.1378,040121,,,,
$GPGGA,215713.44,3728.1265000,N,12217.5158960,W,1,0,0.0,135.7585,M,0.0000,M,0.0000,0
$GPRMC,215713.44,A,3728.1265000,N,12217.5158960,W,5.8886,307.3801,040121,,,,
$GPGGA,215714.44,3728.1275320,N,12217.5198560,W,1,0,0.0,135.9176,M,0.0000,M,0.0000,0
$GPRMC,215714.44,A,3728.1275320,N,12217.5198560,W,6.3711,283.1258,040121,,,,
$GPGGA,215715.44,3728.1271420,N,12217.5243740,W,1,0,0.0,135.9855,M,0.0000,M,0.0000,0
$GPRMC,215715.44,A,3728.1271420,N,12217.5243740,W,7.1982,258.7377,040121,,,,
$GPGGA,215716.44,3728.1253540,N,12217.5291320,W,1,0,0.0,136.0105,M,0.0000,M,0.0000,0
$GPRMC,215716.44,A,3728.1253540,N,12217.5291320,W,8.2686,239.8942,040121,,,,
$GPGGA,215717.44,3728.1223300,N,12217.5337580,W,1,0,0.0,136.0413,M,0.0000,M,0.0000,0
$GPRMC,215717.44,A,3728.1223300,N,12217.5337580,W,9.4129,228.4720,040121,,,,
$GPGGA,215718.44,3728.1185140,N,12217.5386300,W,1,0,0.0,136.0381,M,0.0000,M,0.0000,0
$GPRMC,215718.44,A,3728.1185140,N,12217.5386300,W,10.7642,224.4164,040121,,,,
$GPGGA,215719.44,3728.1141820,N,12217.5439160,W,1,0,0.0,136.0004,M,0.0000,M,0.0000,0
$GPRMC,215719.44,A,3728.1141820,N,12217.5439160,W,11.3313,224.1375,040121,,,,
$GPGGA,215720.44,3728.1098140,N,12217.5492560,W,1,0,0.0,135.8659,M,0.0000,M,0.0000,0
$GPRMC,215720.44,A,3728.1098140,N,12217.5492560,W,11.2313,224.2237,040121,,,,
$GPGGA,215721.44,3728.1055240,N,12217.5545840,W,1,0,0.0,135.6379,M,0.0000,M,0.0000,0
$GPRMC,215721.44,A,3728.1055240,N,12217.5545840,W,11.1017,225.3850,040121,,,,
$GPGGA,215722.44,3728.1015040,N,12217.5601520,W,1,0,0.0,135.3686,M,0.0000,M,0.0000,0
$GPRMC,215722.44,A,3728.1015040,N,12217.5601520,W,11.0440,228.9694,040121,,,,
$GPGGA,215723.44,3728.0976880,N,12217.5659240,W,1,0,0.0,135.0178,M,0.0000,M,0.0000,0
$GPRMC,215723.44,A,3728.0976880,N,12217.5659240,W,11.0678,230.4484,040121,,,,
$GPGGA,215724.44,3728.0937880,N,12217.5716660,W,1,0,0.0,134.5960,M,0.0000,M,0.0000,0
$GPRMC,215724.44,A,3728.0937880,N,12217.5716660,W,11.1608,228.3233,040121,,,,
$GPGGA,215725.44,3728.0895700,N,12217.5771440,W,1,0,0.0,134.0892,M,0.0000,M,0.0000,0
$GPRMC,215725.44,A,3728.0895700,N,12217.5771440,W,11.2961,224.7893,040121,,,,
$GPGGA,215726.44,3728.0851600,N,12217.5824240,W,1,0,0.0,133.4988,M,0.0000,M,0.0000,0
$GPRMC,215726.44,A,3728.0851600,N,12217.5824240,W,10.9897,223.5855,040121,,,,
$GPGGA,215727.44,3728.0813020,N,12217.5875360,W,1,0,0.0,132.9057,M,0.0000,M,0.0000,0
$GPRMC,215727.44,A,3728.0813020,N,12217.5875360,W,9.7862,229.0760,040121,,,,
$GPGGA,215728.44,3728.0785900,N,12217.5928100,W,1,0,0.0,132.2727,M,0.0000,M,0.0000,0
$GPRMC,215728.44,A,3728.0785900,N,12217.5928100,W,8.8869,241.4299,040121,,,,
$GPGGA,215729.44,3728.0772520,N,12217.5986240,W,1,0,0.0,131.4561,M,0.0000,M,0.0000,0
$GPRMC,215729.44,A,3728.0772520,N,12217.5986240,W,9.1715,260.2954,040121,,,,
$GPGGA,215730.44,3728.0780680,N,12217.6048040,W,1,0,0.0,130.8165,M,0.0000,M,0.0000,0
$GPRMC,215730.44,A,3728.0780680,N,12217.6048040,W,9.3470,288.3347,040121,,,,
$GPGGA,215731.44,3728.0809780,N,12217.6100540,W,1,0,0.0,130.6581,M,0.0000,M,0.0000,0
$GPRMC,215731.44,A,3728.0809780,N,12217.6100540,W,9.8051,309.9483,040121,,,,
$GPGGA,215732.44,3728.0850160,N,12217.6151660,W,1,0,0.0,130.6957,M,0.0000,M,0.0000,0
$GPRMC,215732.44,A,3728.0850160,N,12217.6151660,W,11.4194,315.9455,040121,,,,
$GPGGA,215733.44,3728.0898580,N,12217.6207340,W,1,0,0.0,130.8047,M,0.0000,M,0.0000,0
$GPRMC,215733.44,A,3728.0898580,N,12217.6207340,W,12.9047,317.6339,040121,,,,
$GPGGA,215734.44,3728.0953540,N,12217.6268840,W,1,0,0.0,130.9131,M,0.0000,M,0.0000,0
$GPRMC,215734.44,A,3728.0953540,N,12217.6268840,W,14.2950,318.2603,040121,,,,
$GPGGA,215735.44,3728.1013480,N,12217.6334540,W,1,0,0.0,131.3187,M,0.0000,M,0.0000,0
$GPRMC,215735.44,A,3728.1013480,N,12217.6334540,W,14.9414,318.8912,040121,,,,
$GPGGA,215736.44,3728.1074860,N,12217.6400480,W,1,0,0.0,131.8432,M,0.0000,M,0.0000,0
$GPRMC,215736.44,A,3728.1074860,N,12217.6400480,W,14.8929,319.6224,040121,,,,
$GPGGA,215737.44,3728.1136180,N,12217.6463600,W,1,0,0.0,132.4711,M,0.0000,M,0.0000,0
$GPRMC,215737.44,A,3728.1136180,N,12217.6463600,W,14.3747,321.1482,040121,,,,
$GPGGA,215738.44,3728.1196720,N,12217.6520300,W,1,0,0.0,133.1718,M,0.0000,M,0.0000,0
$GPRMC,215738.44,A,3728.1196720,N,12217.6520300,W,13.5652,325.6716,040121,,,,
$GPGGA,215739.44,3728.1259840,N,12217.6560080,W,1,0,0.0,133.9935,M,0.0000,M,0.0000,0
$GPRMC,215739.44,A,3728.1259840,N,12217.6560080,W,12.6011,339.0900,040121,,,,
$GPGGA,215740.44,3728.1323920,N,12217.6575260,W,1,0,0.0,134.8370,M,0.0000,M,0.0000,0
$GPRMC,215740.44,A,3728.1323920,N,12217.6575260,W,11.6303,355.1484,040121,,,,
$GPGGA,215741.44,3728.1384700,N,12217.6569020,W,1,0,0.0,135.6337,M,0.0000,M,0.0000,0
$GPRMC,215741.44,A,3728.1384700,N,12217.6569020,W,11.1707,9.4728,040121,,,,
$GPGGA,215742.44,3728.1441700,N,12217.6544480,W,1,0,0.0,136.3660,M,0.0000,M,0.0000,0
$GPRMC,215742.44,A,3728.1441700,N,12217.6544480,W,11.1775,23.9454,040121,,,,
$GPGGA,215743.44,3728.1492280,N,12217.6503140,W,1,0,0.0,137.0881,M,0.0000,M,0.0000,0
$GPRMC,215743.44,A,3728.1492280,N,12217.6503140,W,11.2189,37.8580,040121,,,,
$GPGGA,215744.44,3728.1533560,N,12217.6447040,W,1,0,0.0,137.7737,M,0.0000,M,0.0000,0
$GPRMC,215744.44,A,3728.1533560,N,12217.6447040,W,11.3823,52.1671,040121,,,,
$GPGGA,215745.44,3728.1562960,N,12217.6378520,W,1,0,0.0,138.4516,M,0.0000,M,0.0000,0
$GPRMC,215745.44,A,3728.1562960,N,12217.6378520,W,11.5871,66.9465,040121,,,,
$GPGGA,215746.44,3728.1578560,N,12217.6301600,W,1,0,0.0,139.1010,M,0.0000,M,0.0000,0
$GPRMC,215746.44,A,3728.1578560,N,12217.6301600,W,11.8567,80.6118,040121,,,,
$GPGGA,215747.44,3728.1578680,N,12217.6220660,W,1,0,0.0,139.8225,M,0.0000,M,0.0000,0
$GPRMC,215747.44,A,3728.1578680,N,12217.6220660,W,12.0774,94.8535,040121,,,,
$GPGGA,215748.44,3728.1562300,N,12217.6140440,W,1,0,0.0,140.5391,M,0.0000,M,0.0000,0
$GPRMC,215748.44,A,3728.1562300,N,12217.6140440,W,12.4495,110.0219,040121,,,,
$GPGGA,215749.44,3728.1528100,N,12217.6065980,W,1,0,0.0,141.2001,M,0.0000,M,0.0000,0
$GPRMC,215749.44,A,3728.1528100,N,12217.6065980,W,13.0155,125.7653,040121,,,,
$GPGGA,215750.44,3728.1478000,N,12217.5999440,W,1,0,0.0,141.7286,M,0.0000,M,0.0000,0
$GPRMC,215750.44,A,3728.1478000,N,12217.5999440,W,14.0612,136.1736,040121,,,,
$GPGGA,215751.44,3728.1418780,N,12217.5933320,W,1,0,0.0,142.2013,M,0.0000,M,0.0000,0
$GPRMC,215751.44,A,3728.1418780,N,12217.5933320,W,15.2684,139.0667,040121,,,,
$GPGGA,215752.44,3728.1353080,N,12217.5863660,W,1,0,0.0,142.6286,M,0.0000,M,0.0000,0
$GPRMC,215752.44,A,3728.1353080,N,12217.5863660,W,16.5910,140.1120,040121,,,,
$GPGGA,215753.44,3728.1280960,N,12217.5789500,W,1,0,0.0,143.0250,M,0.0000,M,0.0000,0
$GPRMC,215753.44,A,3728.1280960,N,12217.5789500,W,17.8969,141.2256,040121,,,,
$GPGGA,215754.44,3728.1201280,N,12217.5712580,W,1,0,0.0,143.1163,M,0.0000,M,0.0000,0
$GPRMC,215754.44,A,3728.1201280,N,12217.5712580,W,19.3305,143.3391,040121,,,,
$GPGGA,215755.44,3728.1112840,N,12217.5633800,W,1,0,0.0,142.9930,M,0.0000,M,0.0000,0
$GPRMC,215755.44,A,3728.1112840,N,12217.5633800,W,20.7771,145.5128,040121,,,,
$GPGGA,215756.44,3728.1016000,N,12217.5554120,W,1,0,0.0,142.8333,M,0.0000,M,0.0000,0
$GPRMC,215756.44,A,3728.1016000,N,12217.5554120,W,21.9402,147.8475,040121,,,,
$GPGGA,215757.44,3728.0911360,N,12217.5476720,W,1,0,0.0,142.6341,M,0.0000,M,0.0000,0
$GPRMC,215757.44,A,3728.0911360,N,12217.5476720,W,23.0283,150.8184,040121,,,,
$GPGGA,215758.44,3728.0798740,N,12217.5402080,W,1,0,0.0,142.4254,M,0.0000,M,0.0000,0
$GPRMC,215758.44,A,3728.0798740,N,12217.5402080,W,24.1487,152.9916,040121,,,,
$GPGGA,215759.44,3728.0678440,N,12217.5328700,W,1,0,0.0,142.2013,M,0.0000,M,0.0000,0
$GPRMC,215759.44,A,3728.0678440,N,12217.5328700,W,25.3163,154.6737,040121,,,,
$GPGGA,215800.44,3728.0551540,N,12217.5256100,W,1,0,0.0,142.0096,M,0.0000,M,0.0000,0
$GPRMC,215800.44,A,3728.0551540,N,12217.5256100,W,26.2404,156.0029,040121,,,,
$GPGGA,215801.44,3728.0419420,N,12217.5186080,W,1,0,0.0,141.7310,M,0.0000,M,0.0000,0
$GPRMC,215801.44,A,3728.0419420,N,12217.5186080,W,26.8098,158.0156,040121,,,,
$GPGGA,215802.44,3728.0282860,N,12217.5120620,W,1,0,0.0,141.4204,M,0.0000,M,0.0000,0
$GPRMC,215802.44,A,3728.0282860,N,12217.5120620,W,27.2372,159.8345,040121,,,,
$GPGGA,215803.44,3728.0143480,N,12217.5058220,W,1,0,0.0,141.2184,M,0.0000,M,0.0000,0
$GPRMC,215803.44,A,3728.0143480,N,12217.5058220,W,27.4916,160.6398,040121,,,,
$GPGGA,215804.44,3728.0002480,N,12217.4997440,W,1,0,0.0,140.9166,M,0.0000,M,0.0000,0
$GPRMC,215804.44,A,3728.0002480,N,12217.4997440,W,27.6578,161.2833,040121,,,,
$GPGGA,215805.44,3727.9860160,N,12217.4938820,W,1,0,0.0,140.6806,M,0.0000,M,0.0000,0
$GPRMC,215805.44,A,3727.9860160,N,12217.4938820,W,27.7469,162.3461,040121,,,,
$GPGGA,215806.44,3727.9716280,N,12217.4884520,W,1,0,0.0,140.3793,M,0.0000,M,0.0000,0
$GPRMC,215806.44,A,3727.9716280,N,12217.4884520,W,27.8429,164.0322,040121,,,,
$GPGGA,215807.44,3727.9570720,N,12217.4835740,W,1,0,0.0,140.1108,M,0.0000,M,0.0000,0
$GPRMC,215807.44,A,3727.9570720,N,12217.4835740,W,27.8937,165.7328,040121,,,,
$GPGGA,215808.44,3727.9423840,N,12217.4792540,W,1,0,0.0,139.8469,M,0.0000,M,0.0000,0
$GPRMC,215808.44,A,3727.9423840,N,12217.4792540,W,27.9216,167.9063,040121,,,,
$GPGGA,215809.44,3727.9275700,N,12217.4756000,W,1,0,0.0,139.5794,M,0.0000,M,0.0000,0
$GPRMC,215809.44,A,3727.9275700,N,12217.4756000,W,27.9593,169.7614,040121,,,,
$GPGGA,215810.44,3727.9126120,N,12217.4724740,W,1,0,0.0,139.2876,M,0.0000,M,0.0000,0
$GPRMC,215810.44,A,3727.9126120,N,12217.4724740,W,28.1517,171.0118,040121,,,,
$GPGGA,215811.44,3727.8975040,N,12217.4696480,W,1,0,0.0,138.9651,M,0.0000,M,0.0000,0
$GPRMC,215811.44,A,3727.8975040,N,12217.4696480,W,28.3348,171.8756,040121,,,,
$GPGGA,215812.44,3727.8822760,N,12217.4672360,W,1,0,0.0,138.6613,M,0.0000,M,0.0000,0
$GPRMC,215812.44,A,3727.8822760,N,12217.4672360,W,28.4615,173.7723,040121,,,,
$GPGGA,215813.44,3727.8669340,N,12217.4653940,W,1,0,0.0,138.2934,M,0.0000,M,0.0000,0
$GPRMC,215813.44,A,3727.8669340,N,12217.4653940,W,28.5549,175.2574,040121,,,,
$GPGGA,215814.44,3727.8515080,N,12217.4640500,W,1,0,0.0,137.8939,M,0.0000,M,0.0000,0
$GPRMC,215814.44,A,3727.8515080,N,12217.4640500,W,28.6474,176.6302,040121,,,,
$GPGGA,215815.44,3727.8360280,N,12217.4630600,W,1,0,0.0,137.5293,M,0.0000,M,0.0000,0
$GPRMC,215815.44,A,3727.8360280,N,12217.4630600,W,28.6824,177.5134,040121,,,,
$GPGGA,215816.44,3727.8205240,N,12217.4623580,W,1,0,0.0,137.1873,M,0.0000,M,0.0000,0
$GPRMC,215816.44,A,3727.8205240,N,12217.4623580,W,28.7211,178.1358,040121,,,,
$GPGGA,215817.44,3727.8049840,N,12217.4617700,W,1,0,0.0,136.7419,M,0.0000,M,0.0000,0
$GPRMC,215817.44,A,3727.8049840,N,12217.4617700,W,28.8027,178.2993,040121,,,,
$GPGGA,215818.44,3727.7894080,N,12217.4611940,W,1,0,0.0,136.2104,M,0.0000,M,0.0000,0
$GPRMC,215818.44,A,3727.7894080,N,12217.4611940,W,28.8442,178.2108,040121,,,,
$GPGGA,215819.44,3727.7738260,N,12217.4606060,W,1,0,0.0,135.6840,M,0.0000,M,0.0000,0
$GPRMC,215819.44,A,3727.7738260,N,12217.4606060,W,28.8109,178.2950,040121,,,,
$GPGGA,215820.44,3727.7582860,N,12217.4600960,W,1,0,0.0,135.1318,M,0.0000,M,0.0000,0
$GPRMC,215820.44,A,3727.7582860,N,12217.4600960,W,28.6807,178.7177,040121,,,,
$GPGGA,215821.44,3727.7428360,N,12217.4596820,W,1,0,0.0,134.7725,M,0.0000,M,0.0000,0
$GPRMC,215821.44,A,3727.7428360,N,12217.4596820,W,28.4955,178.7064,040121,,,,
$GPGGA,215822.44,3727.7274880,N,12217.4592020,W,1,0,0.0,134.4914,M,0.0000,M,0.0000,0
$GPRMC,215822.44,A,3727.7274880,N,12217.4592020,W,28.3138,178.3990,040121,,,,
$GPGGA,215823.44,3727.7122360,N,12217.4585600,W,1,0,0.0,134.2608,M,0.0000,M,0.0000,0
$GPRMC,215823.44,A,3727.7122360,N,12217.4585600,W,28.1342,177.7852,040121,,,,
$GPGGA,215824.44,3727.6970860,N,12217.4576720,W,1,0,0.0,133.9243,M,0.0000,M,0.0000,0
$GPRMC,215824.44,A,3727.6970860,N,12217.4576720,W,27.9920,176.6790,040121,,,,
$GPGGA,215825.44,3727.6820200,N,12217.4562740,W,1,0,0.0,133.4380,M,0.0000,M,0.0000,0
$GPRMC,215825.44,A,3727.6820200,N,12217.4562740,W,27.9167,174.8640,040121,,,,
$GPGGA,215826.44,3727.6670200,N,12217.4542820,W,1,0,0.0,132.8700,M,0.0000,M,0.0000,0
$GPRMC,215826.44,A,3727.6670200,N,12217.4542820,W,27.8818,173.1194,040121,,,,
$GPGGA,215827.44,3727.6520860,N,12217.4517140,W,1,0,0.0,132.2924,M,0.0000,M,0.0000,0
$GPRMC,215827.44,A,3727.6520860,N,12217.4517140,W,27.9181,171.3471,040121,,,,
$GPGGA,215828.44,3727.6371700,N,12217.4485820,W,1,0,0.0,131.7188,M,0.0000,M,0.0000,0
$GPRMC,215828.44,A,3727.6371700,N,12217.4485820,W,28.0410,169.7195,040121,,,,
$GPGGA,215829.44,3727.6222480,N,12217.4449220,W,1,0,0.0,131.1404,M,0.0000,M,0.0000,0
$GPRMC,215829.44,A,3727.6222480,N,12217.4449220,W,28.2040,168.0313,040121,,,,
$GPGGA,215830.44,3727.6073440,N,12217.4406320,W,1,0,0.0,130.6254,M,0.0000,M,0.0000,0
$GPRMC,215830.44,A,3727.6073440,N,12217.4406320,W,28.3764,166.1450,040121,,,,
$GPGGA,215831.44,3727.5924580,N,12217.4357120,W,1,0,0.0,130.0047,M,0.0000,M,0.0000,0
$GPRMC,215831.44,A,3727.5924580,N,12217.4357120,W,28.5778,164.3998,040121,,,,
$GPGGA,215832.44,3727.5775960,N,12217.4301980,W,1,0,0.0,129.4302,M,0.0000,M,0.0000,0
$GPRMC,215832.44,A,3727.5775960,N,12217.4301980,W,28.7810,162.6096,040121,,,,
$GPGGA,215833.44,3727.5627640,N,12217.4240780,W,1,0,0.0,128.8469,M,0.0000,M,0.0000,0
$GPRMC,215833.44,A,3727.5627640,N,12217.4240780,W,28.9800,160.9387,040121,,,,
$GPGGA,215834.44,3727.5479980,N,12217.4173400,W,1,0,0.0,128.3270,M,0.0000,M,0.0000,0
$GPRMC,215834.44,A,3727.5479980,N,12217.4173400,W,29.1330,159.0225,040121,,,,
$GPGGA,215835.44,3727.5333580,N,12217.4099420,W,1,0,0.0,127.7573,M,0.0000,M,0.0000,0
$GPRMC,215835.44,A,3727.5333580,N,12217.4099420,W,29.2452,157.2830,040121,,,,
$GPGGA,215836.44,3727.5188320,N,12217.4020280,W,1,0,0.0,127.1715,M,0.0000,M,0.0000,0
$GPRMC,215836.44,A,3727.5188320,N,12217.4020280,W,29.3580,155.7848,040121,,,,
$GPGGA,215837.44,3727.5044560,N,12217.3935320,W,1,0,0.0,126.5302,M,0.0000,M,0.0000,0
$GPRMC,215837.44,A,3727.5044560,N,12217.3935320,W,29.4280,153.7686,040121,,,,
$GPGGA,215838.44,3727.4902780,N,12217.3844420,W,1,0,0.0,125.9434,M,0.0000,M,0.0000,0
$GPRMC,215838.44,A,3727.4902780,N,12217.3844420,W,29.4740,152.1718,040121,,,,
$GPGGA,215839.44,3727.4763040,N,12217.3748180,W,1,0,0.0,125.3753,M,0.0000,M,0.0000,0
$GPRMC,215839.44,A,3727.4763040,N,12217.3748180,W,29.5110,150.2609,040121,,,,
$GPGGA,215840.44,3727.4625640,N,12217.3646240,W,1,0,0.0,124.8392,M,0.0000,M,0.0000,0
$GPRMC,215840.44,A,3727.4625640,N,12217.3646240,W,29.5520,148.5548,040121,,,,
$GPGGA,215841.44,3727.4490700,N,12217.3538780,W,1,0,0.0,124.3700,M,0.0000,M,0.0000,0
$GPRMC,215841.44,A,3727.4490700,N,12217.3538780,W,29.5721,146.6056,040121,,,,
$GPGGA,215842.44,3727.4358940,N,12217.3425260,W,1,0,0.0,123.9981,M,0.0000,M,0.0000,0
$GPRMC,215842.44,A,3727.4358940,N,12217.3425260,W,29.5572,144.4957,040121,,,,
$GPGGA,215843.44,3727.4230600,N,12217.3306100,W,1,0,0.0,123.7580,M,0.0000,M,0.0000,0
$GPRMC,215843.44,A,3727.4230600,N,12217.3306100,W,29.5102,142.5761,040121,,,,
$GPGGA,215844.44,3727.4105260,N,12217.3182620,W,1,0,0.0,123.5806,M,0.0000,M,0.0000,0
$GPRMC,215844.44,A,3727.4105260,N,12217.3182620,W,29.4466,141.0004,040121,,,,
$GPGGA,215845.44,3727.3983520,N,12217.3054580,W,1,0,0.0,123.5086,M,0.0000,M,0.0000,0
$GPRMC,215845.44,A,3727.3983520,N,12217.3054580,W,29.3389,138.9130,040121,,,,
$GPGGA,215846.44,3727.3865620,N,12217.2922280,W,1,0,0.0,123.5651,M,0.0000,M,0.0000,0
$GPRMC,215846.44,A,3727.3865620,N,12217.2922280,W,29.1761,137.4095,040121,,,,
$GPGGA,215847.44,3727.3751740,N,12217.2786380,W,1,0,0.0,123.7621,M,0.0000,M,0.0000,0
$GPRMC,215847.44,A,3727.3751740,N,12217.2786380,W,28.9741,135.5834,040121,,,,
$GPGGA,215848.44,3727.3641820,N,12217.2647360,W,1,0,0.0,124.0666,M,0.0000,M,0.0000,0
$GPRMC,215848.44,A,3727.3641820,N,12217.2647360,W,28.7814,134.1498,040121,,,,
$GPGGA,215849.44,3727.3535440,N,12217.2505940,W,1,0,0.0,124.4533,M,0.0000,M,0.0000,0
$GPRMC,215849.44,A,3727.3535440,N,12217.2505940,W,28.5679,132.3593,040121,,,,
$GPGGA,215850.44,3727.3433800,N,12217.2360920,W,1,0,0.0,124.8669,M,0.0000,M,0.0000,0
$GPRMC,215850.44,A,3727.3433800,N,12217.2360920,W,28.3872,130.2654,040121,,,,
$GPGGA,215851.44,3727.3335820,N,12217.2213140,W,1,0,0.0,125.1539,M,0.0000,M,0.0000,0
$GPRMC,215851.44,A,3727.3335820,N,12217.2213140,W,28.3251,129.3217,040121,,,,
$GPGGA,215852.44,3727.3238680,N,12217.2064400,W,1,0,0.0,125.4109,M,0.0000,M,0.0000,0
$GPRMC,215852.44,A,3727.3238680,N,12217.2064400,W,28.4021,129.3344,040121,,,,
$GPGGA,215853.44,3727.3140940,N,12217.1915720,W,1,0,0.0,125.7888,M,0.0000,M,0.0000,0
$GPRMC,215853.44,A,3727.3140940,N,12217.1915720,W,28.4485,129.5026,040121,,,,
$GPGGA,215854.44,3727.3042840,N,12217.1766980,W,1,0,0.0,126.3245,M,0.0000,M,0.0000,0
$GPRMC,215854.44,A,3727.3042840,N,12217.1766980,W,28.4530,129.4471,040121,,,,
$GPGGA,215855.44,3727.2945160,N,12217.1618120,W,1,0,0.0,126.9658,M,0.0000,M,0.0000,0
$GPRMC,215855.44,A,3727.2945160,N,12217.1618120,W,28.4155,129.3314,040121,,,,
$GPGGA,215856.44,3727.2847600,N,12217.1469500,W,1,0,0.0,127.5965,M,0.0000,M,0.0000,0
$GPRMC,215856.44,A,3727.2847600,N,12217.1469500,W,28.3535,129.4011,040121,,,,
$GPGGA,215857.44,3727.2750280,N,12217.1321180,W,1,0,0.0,128.2115,M,0.0000,M,0.0000,0
$GPRMC,215857.44,A,3727.2750280,N,12217.1321180,W,28.3086,129.3479,040121,,,,
$GPGGA,215858.44,3727.2653260,N,12217.1172980,W,1,0,0.0,128.8462,M,0.0000,M,0.0000,0
$GPRMC,215858.44,A,3727.2653260,N,12217.1172980,W,28.2520,129.3217,040121,,,,
$GPGGA,215859.44,3727.2556300,N,12217.1025080,W,1,0,0.0,129.4460,M,0.0000,M,0.0000,0
$GPRMC,215859.44,A,3727.2556300,N,12217.1025080,W,28.2054,129.5465,040121,,,,
$GPGGA,215900.44,3727.2459160,N,12217.0878080,W,1,0,0.0,130.0622,M,0.0000,M,0.0000,0
$GPRMC,215900.44,A,3727.2459160,N,12217.0878080,W,28.1092,129.5350,040121,,,,
$GPGGA,215901.44,3727.2362440,N,12217.0731320,W,1,0,0.0,130.6556,M,0.0000,M,0.0000,0
$GPRMC,215901.44,A,3727.2362440,N,12217.0731320,W,28.0489,129.4739,040121,,,,
$GPGGA,215902.44,3727.2265960,N,12217.0584920,W,1,0,0.0,131.2681,M,0.0000,M,0.0000,0
$GPRMC,215902.44,A,3727.2265960,N,12217.0584920,W,27.9920,129.4638,040121,,,,
$GPGGA,215903.44,3727.2169780,N,12217.0438640,W,1,0,0.0,131.8950,M,0.0000,M,0.0000,0
$GPRMC,215903.44,A,3727.2169780,N,12217.0438640,W,27.9319,129.4071,040121,,,,
$GPGGA,215904.44,3727.2073960,N,12217.0292420,W,1,0,0.0,132.5300,M,0.0000,M,0.0000,0
$GPRMC,215904.44,A,3727.2073960,N,12217.0292420,W,27.8815,129.2437,040121,,,,
$GPGGA,215905.44,3727.1978500,N,12217.0146320,W,1,0,0.0,133.1556,M,0.0000,M,0.0000,0
$GPRMC,215905.44,A,3727.1978500,N,12217.0146320,W,27.8352,129.2954,040121,,,,
$GPGGA,215906.44,3727.1883160,N,12217.0000520,W,1,0,0.0,133.7348,M,0.0000,M,0.0000,0
$GPRMC,215906.44,A,3727.1883160,N,12217.0000520,W,27.7765,129.3170,040121,,,,
$GPGGA,215907.44,3727.1787820,N,12216.9855200,W,1,0,0.0,134.2822,M,0.0000,M,0.0000,0
$GPRMC,215907.44,A,3727.1787820,N,12216.9855200,W,27.7451,129.4832,040121,,,,
$GPGGA,215908.44,3727.1692180,N,12216.9710180,W,1,0,0.0,134.7751,M,0.0000,M,0.0000,0
$GPRMC,215908.44,A,3727.1692180,N,12216.9710180,W,27.7813,129.5285,040121,,,,
$GPGGA,215909.44,3727.1596300,N,12216.9564980,W,1,0,0.0,135.2357,M,0.0000,M,0.0000,0
$GPRMC,215909.44,A,3727.1596300,N,12216.9564980,W,27.8147,129.4639,040121,,,,
$GPGGA,215910.44,3727.1500480,N,12216.9419480,W,1,0,0.0,135.6638,M,0.0000,M,0.0000,0
$GPRMC,215910.44,A,3727.1500480,N,12216.9419480,W,27.8594,129.4750,040121,,,,
$GPGGA,215911.44,3727.1404480,N,12216.9273620,W,1,0,0.0,136.0570,M,0.0000,M,0.0000,0
$GPRMC,215911.44,A,3727.1404480,N,12216.9273620,W,27.9475,129.4659,040121,,,,
$GPGGA,215912.44,3727.1308300,N,12216.9126980,W,1,0,0.0,136.3735,M,0.0000,M,0.0000,0
$GPRMC,215912.44,A,3727.1308300,N,12216.9126980,W,28.0382,129.2427,040121,,,,
$GPGGA,215913.44,3727.1212180,N,12216.8979740,W,1,0,0.0,136.6777,M,0.0000,M,0.0000,0
$GPRMC,215913.44,A,3727.1212180,N,12216.8979740,W,28.1156,129.2704,040121,,,,
$GPGGA,215914.44,3727.1115400,N,12216.8832200,W,1,0,0.0,136.8936,M,0.0000,M,0.0000,0
$GPRMC,215914.44,A,3727.1115400,N,12216.8832200,W,28.2233,129.4287,040121,,,,
$GPGGA,215915.44,3727.1018080,N,12216.8684240,W,1,0,0.0,137.0942,M,0.0000,M,0.0000,0
$GPRMC,215915.44,A,3727.1018080,N,12216.8684240,W,28.3524,129.3948,040121,,,,
$GPGGA,215916.44,3727.0920400,N,12216.8535500,W,1,0,0.0,137.2535,M,0.0000,M,0.0000,0
$GPRMC,215916.44,A,3727.0920400,N,12216.8535500,W,28.4921,129.4304,040121,,,,
$GPGGA,215917.44,3727.0822360,N,12216.8386160,W,1,0,0.0,137.3665,M,0.0000,M,0.0000,0
$GPRMC,215917.44,A,3727.0822360,N,12216.8386160,W,28.5305,129.3777,040121,,,,
$GPGGA,215918.44,3727.0724500,N,12216.8236820,W,1,0,0.0,137.4257,M,0.0000,M,0.0000,0
$GPRMC,215918.44,A,3727.0724500,N,12216.8236820,W,28.4779,129.3720,040121,,,,
$GPGGA,215919.44,3727.0626820,N,12216.8087720,W,1,0,0.0,137.4279,M,0.0000,M,0.0000,0
$GPRMC,215919.44,A,3727.0626820,N,12216.8087720,W,28.4493,129.3347,040121,,,,
$GPGGA,215920.44,3727.0529080,N,12216.7938740,W,1,0,0.0,137.3728,M,0.0000,M,0.0000,0
$GPRMC,215920.44,A,3727.0529080,N,12216.7938740,W,28.4711,129.4191,040121,,,,
$GPGGA,215921.44,3727.0431100,N,12216.7789700,W,1,0,0.0,137.2784,M,0.0000,M,0.0000,0
$GPRMC,215921.44,A,3727.0431100,N,12216.7789700,W,28.5165,129.5201,040121,,,,
$GPGGA,215922.44,3727.0332520,N,12216.7640720,W,1,0,0.0,137.1198,M,0.0000,M,0.0000,0
$GPRMC,215922.44,A,3727.0332520,N,12216.7640720,W,28.5743,129.6141,040121,,,,
$GPGGA,215923.44,3727.0234000,N,12216.7491140,W,1,0,0.0,136.8981,M,0.0000,M,0.0000,0
$GPRMC,215923.44,A,3727.0234000,N,12216.7491140,W,28.6552,129.4546,040121,,,,
$GPGGA,215924.44,3727.0135360,N,12216.7341020,W,1,0,0.0,136.6911,M,0.0000,M,0.0000,0
$GPRMC,215924.44,A,3727.0135360,N,12216.7341020,W,28.7304,129.3344,040121,,,,
$GPGGA,215925.44,3727.0036600,N,12216.7190180,W,1,0,0.0,136.3834,M,0.0000,M,0.0000,0
$GPRMC,215925.44,A,3727.0036600,N,12216.7190180,W,28.8445,129.2939,040121,,,,
$GPGGA,215926.44,3726.9937720,N,12216.7038620,W,1,0,0.0,135.9808,M,0.0000,M,0.0000,0
$GPRMC,215926.44,A,3726.9937720,N,12216.7038620,W,28.8760,129.2760,040121,,,,
$GPGGA,215927.44,3726.9838660,N,12216.6887660,W,1,0,0.0,135.6111,M,0.0000,M,0.0000,0
$GPRMC,215927.44,A,3726.9838660,N,12216.6887660,W,28.7978,129.5410,040121,,,,
$GPGGA,215928.44,3726.9739420,N,12216.6737420,W,1,0,0.0,135.1392,M,0.0000,M,0.0000,0
$GPRMC,215928.44,A,3726.9739420,N,12216.6737420,W,28.7571,129.6437,040121,,,,
$GPGGA,215929.44,3726.9639940,N,12216.6587720,W,1,0,0.0,134.6655,M,0.0000,M,0.0000,0
$GPRMC,215929.44,A,3726.9639940,N,12216.6587720,W,28.7301,129.8688,040121,,,,
$GPGGA,215930.44,3726.9540100,N,12216.6438500,W,1,0,0.0,134.1198,M,0.0000,M,0.0000,0
$GPRMC,215930.44,A,3726.9540100,N,12216.6438500,W,28.7384,129.9232,040121,,,,
$GPGGA,215931.44,3726.9440200,N,12216.6289160,W,1,0,0.0,133.4889,M,0.0000,M,0.0000,0
$GPRMC,215931.44,A,3726.9440200,N,12216.6289160,W,28.7682,129.9211,040121,,,,
$GPGGA,215932.44,3726.9339820,N,12216.6140060,W,1,0,0.0,132.8117,M,0.0000,M,0.0000,0
$GPRMC,215932.44,A,3726.9339820,N,12216.6140060,W,28.7801,130.2878,040121,,,,
$GPGGA,215933.44,3726.9238900,N,12216.5991620,W,1,0,0.0,132.0633,M,0.0000,M,0.0000,0
$GPRMC,215933.44,A,3726.9238900,N,12216.5991620,W,28.7995,130.5162,040121,,,,
$GPGGA,215934.44,3726.9137200,N,12216.5843480,W,1,0,0.0,131.2352,M,0.0000,M,0.0000,0
$GPRMC,215934.44,A,3726.9137200,N,12216.5843480,W,28.8545,130.8004,040121,,,,
$GPGGA,215935.44,3726.9034780,N,12216.5695760,W,1,0,0.0,130.4197,M,0.0000,M,0.0000,0
$GPRMC,215935.44,A,3726.9034780,N,12216.5695760,W,28.8745,131.1464,040121,,,,
$GPGGA,215936.44,3726.8931580,N,12216.5548880,W,1,0,0.0,129.6027,M,0.0000,M,0.0000,0
$GPRMC,215936.44,A,3726.8931580,N,12216.5548880,W,28.8533,131.3346,040121,,,,
$GPGGA,215937.44,3726.8828380,N,12216.5402300,W,1,0,0.0,128.7795,M,0.0000,M,0.0000,0
$GPRMC,215937.44,A,3726.8828380,N,12216.5402300,W,28.8379,131.4337,040121,,,,
$GPGGA,215938.44,3726.8725300,N,12216.5255600,W,1,0,0.0,127.9298,M,0.0000,M,0.0000,0
$GPRMC,215938.44,A,3726.8725300,N,12216.5255600,W,28.8315,131.1587,040121,,,,
$GPGGA,215939.44,3726.8622640,N,12216.5108540,W,1,0,0.0,127.1097,M,0.0000,M,0.0000,0
$GPRMC,215939.44,A,3726.8622640,N,12216.5108540,W,28.8151,131.0943,040121,,,,
$GPGGA,215940.44,3726.8520160,N,12216.4961480,W,1,0,0.0,126.2741,M,0.0000,M,0.0000,0
$GPRMC,215940.44,A,3726.8520160,N,12216.4961480,W,28.8106,131.0841,040121,,,,
$GPGGA,215941.44,3726.8417560,N,12216.4814420,W,1,0,0.0,125.4460,M,0.0000,M,0.0000,0
$GPRMC,215941.44,A,3726.8417560,N,12216.4814420,W,28.8024,131.2524,040121,,,,
$GPGGA,215942.44,3726.8314540,N,12216.4668020,W,1,0,0.0,124.6197,M,0.0000,M,0.0000,0
$GPRMC,215942.44,A,3726.8314540,N,12216.4668020,W,28.8213,131.3846,040121,,,,
$GPGGA,215943.44,3726.8211520,N,12216.4521140,W,1,0,0.0,123.8162,M,0.0000,M,0.0000,0
$GPRMC,215943.44,A,3726.8211520,N,12216.4521140,W,28.8591,131.2041,040121,,,,
$GPGGA,215944.44,3726.8108380,N,12216.4374200,W,1,0,0.0,123.0863,M,0.0000,M,0.0000,0
$GPRMC,215944.44,A,3726.8108380,N,12216.4374200,W,28.8849,131.3377,040121,,,,
$GPGGA,215945.44,3726.8005060,N,12216.4227320,W,1,0,0.0,122.4355,M,0.0000,M,0.0000,0
$GPRMC,215945.44,A,3726.8005060,N,12216.4227320,W,28.8917,131.4057,040121,,,,
$GPGGA,215946.44,3726.7901680,N,12216.4080560,W,1,0,0.0,121.8964,M,0.0000,M,0.0000,0
$GPRMC,215946.44,A,3726.7901680,N,12216.4080560,W,28.8538,131.3116,040121,,,,
$GPGGA,215947.44,3726.7798840,N,12216.3933980,W,1,0,0.0,121.5078,M,0.0000,M,0.0000,0
$GPRMC,215947.44,A,3726.7798840,N,12216.3933980,W,28.7392,131.2720,040121,,,,
$GPGGA,215948.44,3726.7696780,N,12216.3787700,W,1,0,0.0,121.2680,M,0.0000,M,0.0000,0
$GPRMC,215948.44,A,3726.7696780,N,12216.3787700,W,28.6026,131.0464,040121,,,,
$GPGGA,215949.44,3726.7595320,N,12216.3642080,W,1,0,0.0,121.0558,M,0.0000,M,0.0000,0
$GPRMC,215949.44,A,3726.7595320,N,12216.3642080,W,28.4500,131.2492,040121,,,,
$GPGGA,215950.44,3726.7494820,N,12216.3497060,W,1,0,0.0,120.9286,M,0.0000,M,0.0000,0
$GPRMC,215950.44,A,3726.7494820,N,12216.3497060,W,28.2243,130.4426,040121,,,,
$GPGGA,215951.44,3726.7397380,N,12216.3350420,W,1,0,0.0,120.8184,M,0.0000,M,0.0000,0
$GPRMC,215951.44,A,3726.7397380,N,12216.3350420,W,28.0994,129.0723,040121,,,,
$GPGGA,215952.44,3726.7303600,N,12216.3200780,W,1,0,0.0,120.7530,M,0.0000,M,0.0000,0
$GPRMC,215952.44,A,3726.7303600,N,12216.3200780,W,28.0591,127.2045,040121,,,,
$GPGGA,215953.44,3726.7213540,N,12216.3047660,W,1,0,0.0,120.7121,M,0.0000,M,0.0000,0
$GPRMC,215953.44,A,3726.7213540,N,12216.3047660,W,28.0840,125.7311,040121,,,,
$GPGGA,215954.44,3726.7126120,N,12216.2891540,W,1,0,0.0,120.7599,M,0.0000,M,0.0000,0
$GPRMC,215954.44,A,3726.7126120,N,12216.2891540,W,28.1708,124.4498,040121,,,,
$GPGGA,215955.44,3726.7041640,N,12216.2732780,W,1,0,0.0,120.8730,M,0.0000,M,0.0000,0
$GPRMC,215955.44,A,3726.7041640,N,12216.2732780,W,28.1236,122.8818,040121,,,,
$GPGGA,215956.44,3726.6961120,N,12216.2571500,W,1,0,0.0,121.0729,M,0.0000,M,0.0000,0
$GPRMC,215956.44,A,3726.6961120,N,12216.2571500,W,28.0201,121.4938,040121,,,,
$GPGGA,215957.44,3726.6883660,N,12216.2408600,W,1,0,0.0,121.3651,M,0.0000,M,0.0000,0
$GPRMC,215957.44,A,3726.6883660,N,12216.2408600,W,27.9366,120.0101,040121,,,,
$GPGGA,215958.44,3726.6809500,N,12216.2243840,W,1,0,0.0,121.6471,M,0.0000,M,0.0000,0
$GPRMC,215958.44,A,3726.6809500,N,12216.2243840,W,27.8521,118.7694,040121,,,,
$GPGGA,215959.44,3726.6739060,N,12216.2077460,W,1,0,0.0,121.9837,M,0.0000,M,0.0000,0
$GPRMC,215959.44,A,3726.6739060,N,12216.2077460,W,27.7236,117.1683,040121,,,,
$GPGGA,220000.44,3726.6672520,N,12216.1909460,W,1,0,0.0,122.3189,M,0.0000,M,0.0000,0
$GPRMC,220000.44,A,3726.6672520,N,12216.1909460,W,27.5920,115.5815,040121,,,,
$GPGGA,220001.44,3726.6610180,N,12216.1739960,W,1,0,0.0,122.5966,M,0.0000,M,0.0000,0
$GPRMC,220001.44,A,3726.6610180,N,12216.1739960,W,27.4953,114.0376,040121,,,,
$GPGGA,220002.44,3726.6551320,N,12216.1569080,W,1,0,0.0,122.8579,M,0.0000,M,0.0000,0
$GPRMC,220002.44,A,3726.6551320,N,12216.1569080,W,27.3891,112.7199,040121,,,,
$GPGGA,220003.44,3726.6496240,N,12216.1397300,W,1,0,0.0,123.2155,M,0.0000,M,0.0000,0
$GPRMC,220003.44,A,3726.6496240,N,12216.1397300,W,27.2253,111.1052,040121,,,,
$GPGGA,220004.44,3726.6445180,N,12216.1224680,W,1,0,0.0,123.5869,M,0.0000,M,0.0000,0
$GPRMC,220004.44,A,3726.6445180,N,12216.1224680,W,27.0929,109.5801,040121,,,,
$GPGGA,220005.44,3726.6397780,N,12216.1051160,W,1,0,0.0,123.8710,M,0.0000,M,0.0000,0
$GPRMC,220005.44,A,3726.6397780,N,12216.1051160,W,27.0096,108.2879,040121,,,,
$GPGGA,220006.44,3726.6353920,N,12216.0876740,W,1,0,0.0,124.1942,M,0.0000,M,0.0000,0
$GPRMC,220006.44,A,3726.6353920,N,12216.0876740,W,26.9360,106.6681,040121,,,,
$GPGGA,220007.44,3726.6313960,N,12216.0701300,W,1,0,0.0,124.5039,M,0.0000,M,0.0000,0
$GPRMC,220007.44,A,3726.6313960,N,12216.0701300,W,26.8747,105.2282,040121,,,,
$GPGGA,220008.44,3726.6277420,N,12216.0525260,W,1,0,0.0,124.8136,M,0.0000,M,0.0000,0
$GPRMC,220008.44,A,3726.6277420,N,12216.0525260,W,26.8179,103.9457,040121,,,,
$GPGGA,220009.44,3726.6244180,N,12216.0348500,W,1,0,0.0,125.1279,M,0.0000,M,0.0000,0
$GPRMC,220009.44,A,3726.6244180,N,12216.0348500,W,26.7633,102.6088,040121,,,,
$GPGGA,220010.44,3726.6214480,N,12216.0170960,W,1,0,0.0,125.4292,M,0.0000,M,0.0000,0
$GPRMC,220010.44,A,3726.6214480,N,12216.0170960,W,26.7213,101.1273,040121,,,,
$GPGGA,220011.44,3726.6188140,N,12215.9993000,W,1,0,0.0,125.7306,M,0.0000,M,0.0000,0
$GPRMC,220011.44,A,3726.6188140,N,12215.9993000,W,26.6692,99.8727,040121,,,,
$GPGGA,220012.44,3726.6165220,N,12215.9814740,W,1,0,0.0,126.0247,M,0.0000,M,0.0000,0
$GPRMC,220012.44,A,3726.6165220,N,12215.9814740,W,26.6082,98.4092,040121,,,,
$GPGGA,220013.44,3726.6146080,N,12215.9636060,W,1,0,0.0,126.2867,M,0.0000,M,0.0000,0
$GPRMC,220013.44,A,3726.6146080,N,12215.9636060,W,26.5726,96.9774,040121,,,,
$GPGGA,220014.44,3726.6130360,N,12215.9457020,W,1,0,0.0,126.5427,M,0.0000,M,0.0000,0
$GPRMC,220014.44,A,3726.6130360,N,12215.9457020,W,26.5511,95.5386,040121,,,,
$GPGGA,220015.44,3726.6118540,N,12215.9277620,W,1,0,0.0,126.7152,M,0.0000,M,0.0000,0
$GPRMC,220015.44,A,3726.6118540,N,12215.9277620,W,26.5544,93.9597,040121,,,,
$GPGGA,220016.44,3726.6110140,N,12215.9097500,W,1,0,0.0,126.8666,M,0.0000,M,0.0000,0
$GPRMC,220016.44,A,3726.6110140,N,12215.9097500,W,26.6903,92.7202,040121,,,,
$GPGGA,220017.44,3726.6104980,N,12215.8915880,W,1,0,0.0,126.9796,M,0.0000,M,0.0000,0
$GPRMC,220017.44,A,3726.6104980,N,12215.8915880,W,26.9148,91.3706,040121,,,,
$GPGGA,220018.44,3726.6103120,N,12215.8732640,W,1,0,0.0,127.0452,M,0.0000,M,0.0000,0
$GPRMC,220018.44,A,3726.6103120,N,12215.8732640,W,27.1543,90.0915,040121,,,,
$GPGGA,220019.44,3726.6104680,N,12215.8547600,W,1,0,0.0,127.0270,M,0.0000,M,0.0000,0
$GPRMC,220019.44,A,3726.6104680,N,12215.8547600,W,27.4361,88.5962,040121,,,,
$GPGGA,220020.44,3726.6110140,N,12215.8360760,W,1,0,0.0,127.0131,M,0.0000,M,0.0000,0
$GPRMC,220020.44,A,3726.6110140,N,12215.8360760,W,27.6856,87.1171,040121,,,,
$GPGGA,220021.44,3726.6119920,N,12215.8172600,W,1,0,0.0,126.9785,M,0.0000,M,0.0000,0
$GPRMC,220021.44,A,3726.6119920,N,12215.8172600,W,27.9203,85.5418,040121,,,,
$GPGGA,220022.44,3726.6134140,N,12215.7983360,W,1,0,0.0,126.9460,M,0.0000,M,0.0000,0
$GPRMC,220022.44,A,3726.6134140,N,12215.7983360,W,28.1687,83.5283,040121,,,,
$GPGGA,220023.44,3726.6153280,N,12215.7792980,W,1,0,0.0,126.7220,M,0.0000,M,0.0000,0
$GPRMC,220023.44,A,3726.6153280,N,12215.7792980,W,28.4737,82.3651,040121,,,,
$GPGGA,220024.44,3726.6174280,N,12215.7600800,W,1,0,0.0,126.4204,M,0.0000,M,0.0000,0
$GPRMC,220024.44,A,3726.6174280,N,12215.7600800,W,28.7242,82.0527,040121,,,,
$GPGGA,220025.44,3726.6195760,N,12215.7407480,W,1,0,0.0,126.0885,M,0.0000,M,0.0000,0
$GPRMC,220025.44,A,3726.6195760,N,12215.7407480,W,28.8516,82.1049,040121,,,,
$GPGGA,220026.44,3726.6216520,N,12215.7213080,W,1,0,0.0,125.7519,M,0.0000,M,0.0000,0
$GPRMC,220026.44,A,3726.6216520,N,12215.7213080,W,29.0072,82.2927,040121,,,,
$GPGGA,220027.44,3726.6237400,N,12215.7017660,W,1,0,0.0,125.4808,M,0.0000,M,0.0000,0
$GPRMC,220027.44,A,3726.6237400,N,12215.7017660,W,29.1538,82.2994,040121,,,,
$GPGGA,220028.44,3726.6258280,N,12215.6821400,W,1,0,0.0,125.2776,M,0.0000,M,0.0000,0
$GPRMC,220028.44,A,3726.6258280,N,12215.6821400,W,29.2534,82.3314,040121,,,,
$GPGGA,220029.44,3726.6279400,N,12215.6624600,W,1,0,0.0,125.0870,M,0.0000,M,0.0000,0
$GPRMC,220029.44,A,3726.6279400,N,12215.6624600,W,29.3047,82.2028,040121,,,,
$GPGGA,220030.44,3726.6301180,N,12215.6427740,W,1,0,0.0,124.9276,M,0.0000,M,0.0000,0
$GPRMC,220030.44,A,3726.6301180,N,12215.6427740,W,29.3145,81.7889,040121,,,,
$GPGGA,220031.44,3726.6323560,N,12215.6230940,W,1,0,0.0,124.7238,M,0.0000,M,0.0000,0
$GPRMC,220031.44,A,3726.6323560,N,12215.6230940,W,29.2968,81.8948,040121,,,,
$GPGGA,220032.44,3726.6345100,N,12215.6034380,W,1,0,0.0,124.4418,M,0.0000,M,0.0000,0
$GPRMC,220032.44,A,3726.6345100,N,12215.6034380,W,29.1920,82.3304,040121,,,,
$GPGGA,220033.44,3726.6364780,N,12215.5838900,W,1,0,0.0,124.0679,M,0.0000,M,0.0000,0
$GPRMC,220033.44,A,3726.6364780,N,12215.5838900,W,28.9060,83.3402,040121,,,,
$GPGGA,220034.44,3726.6380860,N,12215.5644920,W,1,0,0.0,123.6472,M,0.0000,M,0.0000,0
$GPRMC,220034.44,A,3726.6380860,N,12215.5644920,W,28.6402,84.7269,040121,,,,
$GPGGA,220035.44,3726.6392500,N,12215.5452080,W,1,0,0.0,123.1885,M,0.0000,M,0.0000,0
$GPRMC,220035.44,A,3726.6392500,N,12215.5452080,W,28.4078,86.4657,040121,,,,
$GPGGA,220036.44,3726.6399340,N,12215.5260440,W,1,0,0.0,122.6944,M,0.0000,M,0.0000,0
$GPRMC,220036.44,A,3726.6399340,N,12215.5260440,W,28.2124,88.2573,040121,,,,
$GPGGA,220037.44,3726.6401560,N,12215.5069040,W,1,0,0.0,122.1340,M,0.0000,M,0.0000,0
$GPRMC,220037.44,A,3726.6401560,N,12215.5069040,W,28.2804,89.9188,040121,,,,
$GPGGA,220038.44,3726.6398800,N,12215.4876860,W,1,0,0.0,121.4987,M,0.0000,M,0.0000,0
$GPRMC,220038.44,A,3726.6398800,N,12215.4876860,W,28.4222,91.9128,040121,,,,
$GPGGA,220039.44,3726.6390340,N,12215.4683780,W,1,0,0.0,120.7955,M,0.0000,M,0.0000,0
$GPRMC,220039.44,A,3726.6390340,N,12215.4683780,W,28.5865,94.1145,040121,,,,
$GPGGA,220040.44,3726.6376960,N,12215.4490400,W,1,0,0.0,120.0380,M,0.0000,M,0.0000,0
$GPRMC,220040.44,A,3726.6376960,N,12215.4490400,W,28.6867,95.5089,040121,,,,
$GPGGA,220041.44,3726.6359680,N,12215.4296720,W,1,0,0.0,119.2078,M,0.0000,M,0.0000,0
$GPRMC,220041.44,A,3726.6359680,N,12215.4296720,W,28.8019,97.2701,040121,,,,
$GPGGA,220042.44,3726.6336760,N,12215.4103100,W,1,0,0.0,118.3162,M,0.0000,M,0.0000,0
$GPRMC,220042.44,A,3726.6336760,N,12215.4103100,W,28.9458,99.4854,040121,,,,
$GPGGA,220043.44,3726.6308320,N,12215.3909660,W,1,0,0.0,117.3429,M,0.0000,M,0.0000,0
$GPRMC,220043.44,A,3726.6308320,N,12215.3909660,W,29.0822,101.1581,040121,,,,
$GPGGA,220044.44,3726.6274960,N,12215.3716580,W,1,0,0.0,116.2867,M,0.0000,M,0.0000,0
$GPRMC,220044.44,A,3726.6274960,N,12215.3716580,W,29.2115,103.3177,040121,,,,
$GPGGA,220045.44,3726.6235840,N,12215.3524160,W,1,0,0.0,115.1791,M,0.0000,M,0.0000,0
$GPRMC,220045.44,A,3726.6235840,N,12215.3524160,W,29.3657,105.0940,040121,,,,
$GPGGA,220046.44,3726.6191620,N,12215.3332400,W,1,0,0.0,113.9723,M,0.0000,M,0.0000,0
$GPRMC,220046.44,A,3726.6191620,N,12215.3332400,W,29.5320,107.0718,040121,,,,
$GPGGA,220047.44,3726.6142060,N,12215.3141420,W,1,0,0.0,112.7586,M,0.0000,M,0.0000,0
$GPRMC,220047.44,A,3726.6142060,N,12215.3141420,W,29.7112,108.6859,040121,,,,
$GPGGA,220048.44,3726.6087940,N,12215.2951040,W,1,0,0.0,111.5506,M,0.0000,M,0.0000,0
$GPRMC,220048.44,A,3726.6087940,N,12215.2951040,W,29.8984,110.5138,040121,,,,
$GPGGA,220049.44,3726.6028360,N,12215.2762100,W,1,0,0.0,110.3391,M,0.0000,M,0.0000,0
$GPRMC,220049.44,A,3726.6028360,N,12215.2762100,W,30.0170,112.5032,040121,,,,
$GPGGA,220050.44,3726.5963740,N,12215.2575260,W,1,0,0.0,109.1213,M,0.0000,M,0.0000,0
$GPRMC,220050.44,A,3726.5963740,N,12215.2575260,W,30.0577,114.2947,040121,,,,
$GPGGA,220051.44,3726.5894200,N,12215.2391000,W,1,0,0.0,107.8979,M,0.0000,M,0.0000,0
$GPRMC,220051.44,A,3726.5894200,N,12215.2391000,W,30.0769,116.3178,040121,,,,
$GPGGA,220052.44,3726.5819560,N,12215.2209920,W,1,0,0.0,106.6693,M,0.0000,M,0.0000,0
$GPRMC,220052.44,A,3726.5819560,N,12215.2209920,W,30.0545,118.2563,040121,,,,
$GPGGA,220053.44,3726.5740180,N,12215.2032200,W,1,0,0.0,105.4543,M,0.0000,M,0.0000,0
$GPRMC,220053.44,A,3726.5740180,N,12215.2032200,W,30.0281,120.1376,040121,,,,
$GPGGA,220054.44,3726.5656060,N,12215.1858260,W,1,0,0.0,104.2686,M,0.0000,M,0.0000,0
$GPRMC,220054.44,A,3726.5656060,N,12215.1858260,W,29.9995,122.1264,040121,,,,
$GPGGA,220055.44,3726.5567260,N,12215.1688160,W,1,0,0.0,103.0598,M,0.0000,M,0.0000,0
$GPRMC,220055.44,A,3726.5567260,N,12215.1688160,W,29.9790,124.1904,040121,,,,
$GPGGA,220056.44,3726.5473540,N,12215.1522440,W,1,0,0.0,101.8429,M,0.0000,M,0.0000,0
$GPRMC,220056.44,A,3726.5473540,N,12215.1522440,W,29.9613,126.3324,040121,,,,
$GPGGA,220057.44,3726.5375980,N,12215.1360500,W,1,0,0.0,100.7112,M,0.0000,M,0.0000,0
$GPRMC,220057.44,A,3726.5375980,N,12215.1360500,W,29.9058,127.6375,040121,,,,
$GPGGA,220058.44,3726.5274700,N,12215.1202400,W,1,0,0.0,99.5068,M,0.0000,M,0.0000,0
$GPRMC,220058.44,A,3726.5274700,N,12215.1202400,W,29.9881,129.6730,040121,,,,
$GPGGA,220059.44,3726.5167900,N,12215.1048080,W,1,0,0.0,98.2101,M,0.0000,M,0.0000,0
$GPRMC,220059.44,A,3726.5167900,N,12215.1048080,W,30.3310,132.1054,040121,,,,
$GPGGA,220100.44,3726.5055520,N,12215.0896400,W,1,0,0.0,97.0708,M,0.0000,M,0.0000,0
$GPRMC,220100.44,A,3726.5055520,N,12215.0896400,W,30.7457,133.3806,040121,,,,
$GPGGA,220101.44,3726.4940020,N,12215.0744780,W,1,0,0.0,95.9773,M,0.0000,M,0.0000,0
$GPRMC,220101.44,A,3726.4940020,N,12215.0744780,W,31.1177,133.8120,040121,,,,
$GPGGA,220102.44,3726.4822660,N,12215.0591840,W,1,0,0.0,94.7386,M,0.0000,M,0.0000,0
$GPRMC,220102.44,A,3726.4822660,N,12215.0591840,W,31.4996,133.7676,040121,,,,
$GPGGA,220103.44,3726.4704040,N,12215.0437040,W,1,0,0.0,93.4696,M,0.0000,M,0.0000,0
$GPRMC,220103.44,A,3726.4704040,N,12215.0437040,W,31.7968,133.8254,040121,,,,
$GPGGA,220104.44,3726.4584460,N,12215.0281100,W,1,0,0.0,92.2171,M,0.0000,M,0.0000,0
$GPRMC,220104.44,A,3726.4584460,N,12215.0281100,W,31.9940,133.8325,040121,,,,
$GPGGA,220105.44,3726.4464280,N,12215.0124800,W,1,0,0.0,90.9522,M,0.0000,M,0.0000,0
$GPRMC,220105.44,A,3726.4464280,N,12215.0124800,W,32.0794,133.9268,040121,,,,
$GPGGA,220106.44,3726.4343740,N,12214.9968080,W,1,0,0.0,89.6913,M,0.0000,M,0.0000,0
$GPRMC,220106.44,A,3726.4343740,N,12214.9968080,W,32.1141,133.8489,040121,,,,
$GPGGA,220107.44,3726.4223440,N,12214.9811420,W,1,0,0.0,88.3835,M,0.0000,M,0.0000,0
$GPRMC,220107.44,A,3726.4223440,N,12214.9811420,W,32.0513,133.8105,040121,,,,
$GPGGA,220108.44,3726.4103560,N,12214.9654700,W,1,0,0.0,87.1230,M,0.0000,M,0.0000,0
$GPRMC,220108.44,A,3726.4103560,N,12214.9654700,W,32.0191,133.6325,040121,,,,
$GPGGA,220109.44,3726.3983920,N,12214.9498040,W,1,0,0.0,85.8848,M,0.0000,M,0.0000,0
$GPRMC,220109.44,A,3726.3983920,N,12214.9498040,W,31.9528,133.7056,040121,,,,
$GPGGA,220110.44,3726.3864280,N,12214.9342100,W,1,0,0.0,84.6711,M,0.0000,M,0.0000,0
$GPRMC,220110.44,A,3726.3864280,N,12214.9342100,W,31.8968,133.9333,040121,,,,
$GPGGA,220111.44,3726.3744400,N,12214.9186820,W,1,0,0.0,83.3397,M,0.0000,M,0.0000,0
$GPRMC,220111.44,A,3726.3744400,N,12214.9186820,W,31.8664,134.1862,040121,,,,
$GPGGA,220112.44,3726.3623860,N,12214.9032620,W,1,0,0.0,81.9601,M,0.0000,M,0.0000,0
$GPRMC,220112.44,A,3726.3623860,N,12214.9032620,W,31.8276,134.5391,040121,,,,
$GPGGA,220113.44,3726.3502660,N,12214.8879920,W,1,0,0.0,80.6947,M,0.0000,M,0.0000,0
$GPRMC,220113.44,A,3726.3502660,N,12214.8879920,W,31.7340,135.0379,040121,,,,
$GPGGA,220114.44,3726.3381160,N,12214.8728360,W,1,0,0.0,79.3805,M,0.0000,M,0.0000,0
$GPRMC,220114.44,A,3726.3381160,N,12214.8728360,W,31.6650,135.0795,040121,,,,
$GPGGA,220115.44,3726.3260380,N,12214.8578120,W,1,0,0.0,78.1516,M,0.0000,M,0.0000,0
$GPRMC,220115.44,A,3726.3260380,N,12214.8578120,W,31.1365,135.1332,040121,,,,
$GPGGA,220116.44,3726.3142360,N,12214.8431900,W,1,0,0.0,76.8392,M,0.0000,M,0.0000,0
$GPRMC,220116.44,A,3726.3142360,N,12214.8431900,W,30.1334,135.5405,040121,,,,
$GPGGA,220117.44,3726.3028060,N,12214.8294620,W,1,0,0.0,75.7983,M,0.0000,M,0.0000,0
$GPRMC,220117.44,A,3726.3028060,N,12214.8294620,W,28.4053,137.2924,040121,,,,
$GPGGA,220118.44,3726.2916220,N,12214.8170840,W,1,0,0.0,74.6512,M,0.0000,M,0.0000,0
$GPRMC,220118.44,A,3726.2916220,N,12214.8170840,W,26.9545,139.4334,040121,,,,
$GPGGA,220119.44,3726.2806060,N,12214.8055940,W,1,0,0.0,73.4992,M,0.0000,M,0.0000,0
$GPRMC,220119.44,A,3726.2806060,N,12214.8055940,W,26.0591,140.6006,040121,,,,
$GPGGA,220120.44,3726.2698540,N,12214.7946080,W,1,0,0.0,72.4206,M,0.0000,M,0.0000,0
$GPRMC,220120.44,A,3726.2698540,N,12214.7946080,W,25.2904,140.6352,040121,,,,
$GPGGA,220121.44,3726.2593840,N,12214.7838200,W,1,0,0.0,71.3443,M,0.0000,M,0.0000,0
$GPRMC,220121.44,A,3726.2593840,N,12214.7838200,W,24.9526,140.2927,040121,,,,
$GPGGA,220122.44,3726.2490280,N,12214.7730800,W,1,0,0.0,70.3198,M,0.0000,M,0.0000,0
$GPRMC,220122.44,A,3726.2490280,N,12214.7730800,W,24.7801,140.4691,040121,,,,
$GPGGA,220123.44,3726.2387260,N,12214.7624420,W,1,0,0.0,69.3599,M,0.0000,M,0.0000,0
$GPRMC,220123.44,A,3726.2387260,N,12214.7624420,W,24.6211,140.5996,040121,,,,
$GPGGA,220124.44,3726.2284780,N,12214.7518460,W,1,0,0.0,68.3316,M,0.0000,M,0.0000,0
$GPRMC,220124.44,A,3726.2284780,N,12214.7518460,W,24.4871,140.5783,040121,,,,
$GPGGA,220125.44,3726.2184100,N,12214.7413940,W,1,0,0.0,67.3201,M,0.0000,M,0.0000,0
$GPRMC,220125.44,A,3726.2184100,N,12214.7413940,W,23.7711,140.2485,040121,,,,
$GPGGA,220126.44,3726.2087560,N,12214.7312420,W,1,0,0.0,66.2029,M,0.0000,M,0.0000,0
$GPRMC,220126.44,A,3726.2087560,N,12214.7312420,W,22.8188,140.1300,040121,,,,
$GPGGA,220127.44,3726.1995460,N,12214.7214260,W,1,0,0.0,65.0472,M,0.0000,M,0.0000,0
$GPRMC,220127.44,A,3726.1995460,N,12214.7214260,W,21.8342,139.1504,040121,,,,
$GPGGA,220128.44,3726.1909120,N,12214.7119220,W,1,0,0.0,63.8937,M,0.0000,M,0.0000,0
$GPRMC,220128.44,A,3726.1909120,N,12214.7119220,W,20.5597,138.3628,040121,,,,
$GPGGA,220129.44,3726.1829740,N,12214.7030420,W,1,0,0.0,62.8237,M,0.0000,M,0.0000,0
$GPRMC,220129.44,A,3726.1829740,N,12214.7030420,W,18.7187,138.2488,040121,,,,
$GPGGA,220130.44,3726.1758220,N,12214.6950980,W,1,0,0.0,61.8828,M,0.0000,M,0.0000,0
$GPRMC,220130.44,A,3726.1758220,N,12214.6950980,W,16.6487,138.4198,040121,,,,
$GPGGA,220131.44,3726.1695280,N,12214.6880660,W,1,0,0.0,61.0784,M,0.0000,M,0.0000,0
$GPRMC,220131.44,A,3726.1695280,N,12214.6880660,W,14.5467,138.1861,040121,,,,
$GPGGA,220132.44,3726.1639900,N,12214.6818860,W,1,0,0.0,60.3568,M,0.0000,M,0.0000,0
$GPRMC,220132.44,A,3726.1639900,N,12214.6818860,W,12.9006,138.3140,040121,,,,
$GPGGA,220133.44,3726.1591180,N,12214.6764140,W,1,0,0.0,59.7329,M,0.0000,M,0.0000,0
$GPRMC,220133.44,A,3726.1591180,N,12214.6764140,W,11.3604,138.1313,040121,,,,
$GPGGA,220134.44,3726.1547560,N,12214.6715180,W,1,0,0.0,59.2077,M,0.0000,M,0.0000,0
$GPRMC,220134.44,A,3726.1547560,N,12214.6715180,W,10.3518,138.1443,040121,,,,
$GPGGA,220135.44,3726.1506280,N,12214.6669040,W,1,0,0.0,58.7301,M,0.0000,M,0.0000,0
$GPRMC,220135.44,A,3726.1506280,N,12214.6669040,W,10.0627,138.3759,040121,,,,
$GPGGA,220136.44,3726.1466320,N,12214.6624880,W,1,0,0.0,58.2945,M,0.0000,M,0.0000,0
$GPRMC,220136.44,A,3726.1466320,N,12214.6624880,W,9.7670,138.6459,040121,,,,
$GPGGA,220137.44,3726.1426540,N,12214.6581200,W,1,0,0.0,57.9500,M,0.0000,M,0.0000,0
$GPRMC,220137.44,A,3726.1426540,N,12214.6581200,W,9.7825,138.8350,040121,,,,
$GPGGA,220138.44,3726.1387000,N,12214.6538120,W,1,0,0.0,57.6786,M,0.0000,M,0.0000,0
$GPRMC,220138.44,A,3726.1387000,N,12214.6538120,W,9.4971,138.9797,040121,,,,
$GPGGA,220139.44,3726.1348600,N,12214.6496480,W,1,0,0.0,57.4489,M,0.0000,M,0.0000,0
$GPRMC,220139.44,A,3726.1348600,N,12214.6496480,W,9.3369,139.3063,040121,,,,
$GPGGA,220140.44,3726.1310380,N,12214.6455560,W,1,0,0.0,57.2935,M,0.0000,M,0.0000,0
$GPRMC,220140.44,A,3726.1310380,N,12214.6455560,W,9.2581,139.4995,040121,,,,
$GPGGA,220141.44,3726.1272520,N,12214.6414940,W,1,0,0.0,57.1596,M,0.0000,M,0.0000,0
$GPRMC,220141.44,A,3726.1272520,N,12214.6414940,W,9.1706,139.3852,040121,,,,
$GPGGA,220142.44,3726.1235320,N,12214.6374380,W,1,0,0.0,57.0719,M,0.0000,M,0.0000,0
$GPRMC,220142.44,A,3726.1235320,N,12214.6374380,W,9.0606,138.8705,040121,,,,
$GPGGA,220143.44,3726.1199020,N,12214.6334360,W,1,0,0.0,56.9381,M,0.0000,M,0.0000,0
$GPRMC,220143.44,A,3726.1199020,N,12214.6334360,W,8.7428,138.7382,040121,,,,
$GPGGA,220144.44,3726.1165300,N,12214.6296260,W,1,0,0.0,56.8080,M,0.0000,M,0.0000,0
$GPRMC,220144.44,A,3726.1165300,N,12214.6296260,W,8.0336,137.4460,040121,,,,
$GPGGA,220145.44,3726.1137400,N,12214.6257920,W,1,0,0.0,56.6345,M,0.0000,M,0.0000,0
$GPRMC,220145.44,A,3726.1137400,N,12214.6257920,W,7.3707,129.8401,040121,,,,
$GPGGA,220146.44,3726.1117780,N,12214.6215680,W,1,0,0.0,56.4799,M,0.0000,M,0.0000,0
$GPRMC,220146.44,A,3726.1117780,N,12214.6215680,W,7.0966,116.6973,040121,,,,
$GPGGA,220147.44,3726.1108540,N,12214.6169240,W,1,0,0.0,56.3213,M,0.0000,M,0.0000,0
$GPRMC,220147.44,A,3726.1108540,N,12214.6169240,W,7.0675,99.2620,040121,,,,
$GPGGA,220148.44,3726.1113820,N,12214.6121900,W,1,0,0.0,56.1616,M,0.0000,M,0.0000,0
$GPRMC,220148.44,A,3726.1113820,N,12214.6121900,W,7.1350,76.2086,040121,,,,
$GPGGA,220149.44,3726.1131640,N,12214.6077020,W,1,0,0.0,55.9519,M,0.0000,M,0.0000,0
$GPRMC,220149.44,A,3726.1131640,N,12214.6077020,W,7.7557,61.3157,040121,,,,
$GPGGA,220150.44,3726.1154140,N,12214.6029200,W,1,0,0.0,55.6816,M,0.0000,M,0.0000,0
$GPRMC,220150.44,A,3726.1154140,N,12214.6029200,W,8.6321,59.0184,040121,,,,
$GPGGA,220151.44,3726.1179460,N,12214.5976340,W,1,0,0.0,55.3914,M,0.0000,M,0.0000,0
$GPRMC,220151.44,A,3726.1179460,N,12214.5976340,W,9.5438,59.2220,040121,,,,
$GPGGA,220152.44,3726.1206400,N,12214.5918140,W,1,0,0.0,55.0556,M,0.0000,M,0.0000,0
$GPRMC,220152.44,A,3726.1206400,N,12214.5918140,W,10.1857,59.8848,040121,,,,
$GPGGA,220153.44,3726.1234000,N,12214.5857840,W,1,0,0.0,54.7149,M,0.0000,M,0.0000,0
$GPRMC,220153.44,A,3726.1234000,N,12214.5857840,W,10.2930,60.0479,040121,,,,
$GPGGA,220154.44,3726.1262140,N,12214.5797360,W,1,0,0.0,54.3639,M,0.0000,M,0.0000,0
$GPRMC,220154.44,A,3726.1262140,N,12214.5797360,W,10.3850,59.4009,040121,,,,
$GPGGA,220155.44,3726.1290940,N,12214.5736220,W,1,0,0.0,54.0108,M,0.0000,M,0.0000,0
$GPRMC,220155.44,A,3726.1290940,N,12214.5736220,W,10.5125,59.1946,040121,,,,
$GPGGA,220156.44,3726.1319260,N,12214.5677060,W,1,0,0.0,53.6628,M,0.0000,M,0.0000,0
$GPRMC,220156.44,A,3726.1319260,N,12214.5677060,W,9.7035,59.2185,040121,,,,
$GPGGA,220157.44,3726.1343980,N,12214.5624560,W,1,0,0.0,53.3265,M,0.0000,M,0.0000,0
$GPRMC,220157.44,A,3726.1343980,N,12214.5624560,W,8.2188,59.4415,040121,,,,
$GPGGA,220158.44,3726.1364260,N,12214.5581300,W,1,0,0.0,53.0896,M,0.0000,M,0.0000,0
$GPRMC,220158.44,A,3726.1364260,N,12214.5581300,W,6.4820,59.5612,040121,,,,
$GPGGA,220159.44,3726.1379500,N,12214.5549200,W,1,0,0.0,52.9100,M,0.0000,M,0.0000,0
$GPRMC,220159.44,A,3726.1379500,N,12214.5549200,W,4.6055,59.2256,040121,,,,
$GPGGA,220200.44,3726.1390060,N,12214.5527300,W,1,0,0.0,52.7799,M,0.0000,M,0.0000,0
$GPRMC,220200.44,A,3726.1390060,N,12214.5527300,W,2.9088,58.8054,040121,,,,
$GPGGA,220201.44,3726.1396120,N,12214.5515180,W,1,0,0.0,52.7008,M,0.0000,M,0.0000,0
$GPRMC,220201.44,A,3726.1396120,N,12214.5515180,W,1.4366,58.5227,040121,,,,
$GPGGA,220202.44,3726.1398340,N,12214.5510560,W,1,0,0.0,52.6710,M,0.0000,M,0.0000,0
$GPRMC,220202.44,A,3726.1398340,N,12214.5510560,W,0.1639,58.4092,040121,,,,
$GPGGA,220203.44,3726.1398400,N,12214.5510560,W,1,0,0.0,52.6660,M,0.0000,M,0.0000,0
$GPRMC,220203.44,A,3726.1398400,N,12214.5510560,W,0.0008,58.4052,040121,,,,
$GPGGA,220204.44,3726.1398400,N,12214.5510560,W,1,0,0.0,52.6660,M,0.0000,M,0.0000,0
$GPRMC,220204.44,A,3726.1398400,N,12214.5510560,W,0.0013,58.4033,040121,,,,
$GPGGA,220205.44,3726.1398400,N,12214.5510560,W,1,0,0.0,52.6660,M,0.0000,M,0.0000,0
$GPRMC,220205.44,A,3726.1398400,N,12214.5510560,W,0.0006,58.4043,040121,,,,
$GPGGA,220206.44,3726.1398400,N,12214.5510500,W,1,0,0.0,52.6656,M,0.0000,M,0.0000,0
$GPRMC,220206.44,A,3726.1398400,N,12214.5510500,W,0.0004,58.4042,040121,,,,
$GPGGA,220207.44,3726.1398400,N,12214.5510500,W,1,0,0.0,52.6650,M,0.0000,M,0.0000,0
$GPRMC,220207.44,A,3726.1398400,N,12214.5510500,W,0.0004,58.4039,040121,,,,
$GPGGA,220208.44,3726.1398400,N,12214.5510500,W,1,0,0.0,52.6654,M,0.0000,M,0.0000,0
$GPRMC,220208.44,A,3726.1398400,N,12214.5510500,W,0.0012,58.4043,040121,,,,
$GPGGA,220209.44,3726.1398400,N,12214.5510560,W,1,0,0.0,52.6670,M,0.0000,M,0.0000,0
$GPRMC,220209.44,A,3726.1398400,N,12214.5510560,W,0.0005,58.4043,040121,,,,
$GPGGA,220210.44,3726.1398400,N,12214.5510560,W,1,0,0.0,52.6670,M,0.0000,M,0.0000,0
$GPRMC,220210.44,A,3726.1398400,N,12214.5510560,W,0.0013,58.4042,040121,,,,
$GPGGA,220211.44,3726.1398400,N,12214.5510560,W,1,0,0.0,52.6670,M,0.0000,M,0.0000,0
$GPRMC,220211.44,A,3726.1398400,N,12214.5510560,W,0.0000,58.4042,040121,,,,
$GPGGA,220212.44,3726.1398400,N,12214.5510560,W,1,0,0.0,52.6670,M,0.0000,M,0.0000,0
$GPRMC,220212.44,A,3726.1398400,N,12214.5510560,W,0.0010,58.4045,040121,,,,
$GPGGA,220213.44,3726.1398400,N,12214.5510560,W,1,0,0.0,52.6670,M,0.0000,M,0.0000,0
$GPRMC,220213.44,A,3726.1398400,N,12214.5510560,W,0.0018,58.4047,040121,,,,
$GPGGA,220214.44,3726.1398400,N,12214.5510560,W,1,0,0.0,52.6670,M,0.0000,M,0.0000,0
$GPRMC,220214.44,A,3726.1398400,N,12214.5510560,W,0.0020,58.4048,040121,,,,
$GPGGA,220215.44,3726.1398400,N,12214.5510560,W,1,0,0.0,52.6670,M,0.0000,M,0.0000,0
$GPRMC,220215.44,A,3726.1398400,N,12214.5510560,W,0.0014,58.4048,040121,,,,
$GPGGA,220216.44,3726.1398400,N,12214.5510560,W,1,0,0.0,52.6670,M,0.0000,M,0.0000,0
$GPRMC,220216.44,A,3726.1398400,N,12214.5510560,W,0.0022,58.4048,040121,,,,
$GPGGA,220217.44,3726.1398400,N,12214.5510500,W,1,0,0.0,52.6656,M,0.0000,M,0.0000,0
$GPRMC,220217.44,A,3726.1398400,N,12214.5510500,W,0.0021,58.4047,040121,,,,
$GPGGA,220218.44,3726.1398400,N,12214.5510500,W,1,0,0.0,52.6660,M,0.0000,M,0.0000,0
$GPRMC,220218.44,A,3726.1398400,N,12214.5510500,W,0.0021,58.4048,040121,,,,
$GPGGA,220219.44,3726.1398400,N,12214.5510500,W,1,0,0.0,52.6670,M,0.0000,M,0.0000,0
$GPRMC,220219.44,A,3726.1398400,N,12214.5510500,W,0.0016,58.4047,040121,,,,
$GPGGA,220220.44,3726.1398760,N,12214.5509960,W,1,0,0.0,52.6576,M,0.0000,M,0.0000,0
$GPRMC,220220.44,A,3726.1398760,N,12214.5509960,W,0.4388,58.3720,040121,,,,
$GPGGA,220221.44,3726.1402180,N,12214.5503660,W,1,0,0.0,52.6204,M,0.0000,M,0.0000,0
$GPRMC,220221.44,A,3726.1402180,N,12214.5503660,W,1.9147,56.8719,040121,,,,
$GPGGA,220222.44,3726.1412560,N,12214.5491600,W,1,0,0.0,52.5425,M,0.0000,M,0.0000,0
$GPRMC,220222.44,A,3726.1412560,N,12214.5491600,W,3.2822,45.0700,040121,,,,
$GPGGA,220223.44,3726.1432600,N,12214.5480920,W,1,0,0.0,52.4680,M,0.0000,M,0.0000,0
$GPRMC,220223.44,A,3726.1432600,N,12214.5480920,W,4.6739,23.1580,040121,,,,
$GPGGA,220224.44,3726.1462240,N,12214.5480140,W,1,0,0.0,52.3210,M,0.0000,M,0.0000,0
$GPRMC,220224.44,A,3726.1462240,N,12214.5480140,W,6.2661,358.3722,040121,,,,
$GPGGA,220225.44,3726.1498120,N,12214.5494720,W,1,0,0.0,52.1860,M,0.0000,M,0.0000,0
$GPRMC,220225.44,A,3726.1498120,N,12214.5494720,W,7.6496,337.2714,040121,,,,
$GPGGA,220226.44,3726.1532200,N,12214.5529460,W,1,0,0.0,52.0137,M,0.0000,M,0.0000,0
$GPRMC,220226.44,A,3726.1532200,N,12214.5529460,W,8.6603,314.4670,040121,,,,
$GPGGA,220227.44,3726.1557640,N,12214.5581960,W,1,0,0.0,52.2212,M,0.0000,M,0.0000,0
$GPRMC,220227.44,A,3726.1557640,N,12214.5581960,W,9.5267,298.0844,040121,,,,
$GPGGA,220228.44,3726.1582600,N,12214.5644060,W,1,0,0.0,52.5376,M,0.0000,M,0.0000,0
$GPRMC,220228.44,A,3726.1582600,N,12214.5644060,W,11.0088,296.3140,040121,,,,
$GPGGA,220229.44,3726.1610860,N,12214.5714860,W,1,0,0.0,52.9859,M,0.0000,M,0.0000,0
$GPRMC,220229.44,A,3726.1610860,N,12214.5714860,W,12.3679,296.4659,040121,,,,
$GPGGA,220230.44,3726.1642360,N,12214.5793880,W,1,0,0.0,53.5915,M,0.0000,M,0.0000,0
$GPRMC,220230.44,A,3726.1642360,N,12214.5793880,W,13.6597,296.5416,040121,,,,
$GPGGA,220231.44,3726.1677220,N,12214.5879800,W,1,0,0.0,54.2776,M,0.0000,M,0.0000,0
$GPRMC,220231.44,A,3726.1677220,N,12214.5879800,W,14.6364,296.9312,040121,,,,
$GPGGA,220232.44,3726.1714240,N,12214.5969500,W,1,0,0.0,55.1301,M,0.0000,M,0.0000,0
$GPRMC,220232.44,A,3726.1714240,N,12214.5969500,W,15.1853,297.3757,040121,,,,
$GPGGA,220233.44,3726.1752880,N,12214.6062440,W,1,0,0.0,56.0183,M,0.0000,M,0.0000,0
$GPRMC,220233.44,A,3726.1752880,N,12214.6062440,W,15.7352,297.4139,040121,,,,
$GPGGA,220234.44,3726.1792960,N,12214.6158500,W,1,0,0.0,56.8967,M,0.0000,M,0.0000,0
$GPRMC,220234.44,A,3726.1792960,N,12214.6158500,W,16.2405,297.6486,040121,,,,
$GPGGA,220235.44,3726.1835320,N,12214.6256660,W,1,0,0.0,57.8687,M,0.0000,M,0.0000,0
$GPRMC,220235.44,A,3726.1835320,N,12214.6256660,W,16.7144,299.0044,040121,,,,
$GPGGA,220236.44,3726.1882240,N,12214.6355360,W,1,0,0.0,58.8849,M,0.0000,M,0.0000,0
$GPRMC,220236.44,A,3726.1882240,N,12214.6355360,W,17.1650,301.9328,040121,,,,
$GPGGA,220237.44,3726.1934740,N,12214.6453160,W,1,0,0.0,59.8811,M,0.0000,M,0.0000,0
$GPRMC,220237.44,A,3726.1934740,N,12214.6453160,W,17.6161,305.3728,040121,,,,
$GPGGA,220238.44,3726.1993180,N,12214.6548980,W,1,0,0.0,60.9481,M,0.0000,M,0.0000,0
$GPRMC,220238.44,A,3726.1993180,N,12214.6548980,W,17.9604,308.7253,040121,,,,
$GPGGA,220239.44,3726.2056660,N,12214.6642580,W,1,0,0.0,62.0598,M,0.0000,M,0.0000,0
$GPRMC,220239.44,A,3726.2056660,N,12214.6642580,W,18.2648,311.2813,040121,,,,
$GPGGA,220240.44,3726.2123380,N,12214.6735100,W,1,0,0.0,63.2036,M,0.0000,M,0.0000,0
$GPRMC,220240.44,A,3726.2123380,N,12214.6735100,W,18.5320,312.4413,040121,,,,
$GPGGA,220241.44,3726.2191720,N,12214.6828340,W,1,0,0.0,64.3066,M,0.0000,M,0.0000,0
$GPRMC,220241.44,A,3726.2191720,N,12214.6828340,W,18.9046,312.3931,040121,,,,
$GPGGA,220242.44,3726.2261980,N,12214.6924460,W,1,0,0.0,65.3332,M,0.0000,M,0.0000,0
$GPRMC,220242.44,A,3726.2261980,N,12214.6924460,W,19.5892,312.3134,040121,,,,
$GPGGA,220243.44,3726.2334640,N,12214.7024360,W,1,0,0.0,66.2416,M,0.0000,M,0.0000,0
$GPRMC,220243.44,A,3726.2334640,N,12214.7024360,W,20.2650,312.3300,040121,,,,
$GPGGA,220244.44,3726.2410480,N,12214.7127440,W,1,0,0.0,67.1131,M,0.0000,M,0.0000,0
$GPRMC,220244.44,A,3726.2410480,N,12214.7127440,W,21.1697,312.9921,040121,,,,
$GPGGA,220245.44,3726.2491240,N,12214.7234300,W,1,0,0.0,68.0068,M,0.0000,M,0.0000,0
$GPRMC,220245.44,A,3726.2491240,N,12214.7234300,W,22.2530,313.5424,040121,,,,
$GPGGA,220246.44,3726.2576380,N,12214.7345660,W,1,0,0.0,68.9396,M,0.0000,M,0.0000,0
$GPRMC,220246.44,A,3726.2576380,N,12214.7345660,W,23.2061,313.9327,040121,,,,
$GPGGA,220247.44,3726.2665180,N,12214.7459480,W,1,0,0.0,69.9096,M,0.0000,M,0.0000,0
$GPRMC,220247.44,A,3726.2665180,N,12214.7459480,W,23.7668,314.5172,040121,,,,
$GPGGA,220248.44,3726.2756560,N,12214.7575220,W,1,0,0.0,70.9614,M,0.0000,M,0.0000,0
$GPRMC,220248.44,A,3726.2756560,N,12214.7575220,W,24.3433,314.6356,040121,,,,
$GPGGA,220249.44,3726.2850520,N,12214.7694800,W,1,0,0.0,71.9767,M,0.0000,M,0.0000,0
$GPRMC,220249.44,A,3726.2850520,N,12214.7694800,W,25.1962,314.2641,040121,,,,
$GPGGA,220250.44,3726.2946520,N,12214.7819060,W,1,0,0.0,73.0483,M,0.0000,M,0.0000,0
$GPRMC,220250.44,A,3726.2946520,N,12214.7819060,W,25.7864,314.0924,040121,,,,
$GPGGA,220251.44,3726.3044260,N,12214.7945540,W,1,0,0.0,74.1459,M,0.0000,M,0.0000,0
$GPRMC,220251.44,A,3726.3044260,N,12214.7945540,W,26.1984,313.7701,040121,,,,
$GPGGA,220252.44,3726.3143380,N,12214.8074420,W,1,0,0.0,75.2349,M,0.0000,M,0.0000,0
$GPRMC,220252.44,A,3726.3143380,N,12214.8074420,W,26.6753,313.9190,040121,,,,
$GPGGA,220253.44,3726.3244480,N,12214.8205220,W,1,0,0.0,76.3074,M,0.0000,M,0.0000,0
$GPRMC,220253.44,A,3726.3244480,N,12214.8205220,W,26.9302,314.0930,040121,,,,
$GPGGA,220254.44,3726.3345760,N,12214.8336500,W,1,0,0.0,77.4007,M,0.0000,M,0.0000,0
$GPRMC,220254.44,A,3726.3345760,N,12214.8336500,W,26.9743,313.6588,040121,,,,
$GPGGA,220255.44,3726.3446500,N,12214.8470180,W,1,0,0.0,78.4942,M,0.0000,M,0.0000,0
$GPRMC,220255.44,A,3726.3446500,N,12214.8470180,W,27.3435,312.9009,040121,,,,
$GPGGA,220256.44,3726.3547780,N,12214.8607700,W,1,0,0.0,79.6067,M,0.0000,M,0.0000,0
$GPRMC,220256.44,A,3726.3547780,N,12214.8607700,W,27.8587,312.4931,040121,,,,
$GPGGA,220257.44,3726.3651220,N,12214.8747260,W,1,0,0.0,80.7497,M,0.0000,M,0.0000,0
$GPRMC,220257.44,A,3726.3651220,N,12214.8747260,W,28.3387,313.2200,040121,,,,
$GPGGA,220258.44,3726.3757900,N,12214.8886820,W,1,0,0.0,81.8904,M,0.0000,M,0.0000,0
$GPRMC,220258.44,A,3726.3757900,N,12214.8886820,W,28.6932,313.9529,040121,,,,
$GPGGA,220259.44,3726.3866260,N,12214.9027460,W,1,0,0.0,83.0422,M,0.0000,M,0.0000,0
$GPRMC,220259.44,A,3726.3866260,N,12214.9027460,W,28.9907,313.7676,040121,,,,
$GPGGA,220300.44,3726.3975400,N,12214.9169900,W,1,0,0.0,84.2117,M,0.0000,M,0.0000,0
$GPRMC,220300.44,A,3726.3975400,N,12214.9169900,W,29.2732,313.7628,040121,,,,
$GPGGA,220301.44,3726.4085320,N,12214.9313420,W,1,0,0.0,85.4211,M,0.0000,M,0.0000,0
$GPRMC,220301.44,A,3726.4085320,N,12214.9313420,W,29.3544,313.7615,040121,,,,
$GPGGA,220302.44,3726.4195180,N,12214.9456820,W,1,0,0.0,86.6312,M,0.0000,M,0.0000,0
$GPRMC,220302.44,A,3726.4195180,N,12214.9456820,W,29.3267,313.7986,040121,,,,
$GPGGA,220303.44,3726.4305160,N,12214.9600160,W,1,0,0.0,87.7971,M,0.0000,M,0.0000,0
$GPRMC,220303.44,A,3726.4305160,N,12214.9600160,W,29.3470,313.8419,040121,,,,
$GPGGA,220304.44,3726.4415320,N,12214.9743440,W,1,0,0.0,88.9488,M,0.0000,M,0.0000,0
$GPRMC,220304.44,A,3726.4415320,N,12214.9743440,W,29.3598,313.8183,040121,,,,
$GPGGA,220305.44,3726.4525240,N,12214.9887020,W,1,0,0.0,90.1359,M,0.0000,M,0.0000,0
$GPRMC,220305.44,A,3726.4525240,N,12214.9887020,W,29.3734,313.6547,040121,,,,
$GPGGA,220306.44,3726.4635160,N,12215.0030720,W,1,0,0.0,91.2901,M,0.0000,M,0.0000,0
$GPRMC,220306.44,A,3726.4635160,N,12215.0030720,W,29.3837,313.7857,040121,,,,
$GPGGA,220307.44,3726.4745380,N,12215.0174240,W,1,0,0.0,92.4469,M,0.0000,M,0.0000,0
$GPRMC,220307.44,A,3726.4745380,N,12215.0174240,W,29.3907,313.9037,040121,,,,
$GPGGA,220308.44,3726.4855960,N,12215.0317280,W,1,0,0.0,93.6504,M,0.0000,M,0.0000,0
$GPRMC,220308.44,A,3726.4855960,N,12215.0317280,W,29.3488,313.9906,040121,,,,
$GPGGA,220309.44,3726.4965700,N,12215.0460020,W,1,0,0.0,94.9318,M,0.0000,M,0.0000,0
$GPRMC,220309.44,A,3726.4965700,N,12215.0460020,W,29.1309,313.7816,040121,,,,
$GPGGA,220310.44,3726.5074120,N,12215.0602280,W,1,0,0.0,96.2079,M,0.0000,M,0.0000,0
$GPRMC,220310.44,A,3726.5074120,N,12215.0602280,W,28.9169,313.7977,040121,,,,
$GPGGA,220311.44,3726.5182000,N,12215.0743220,W,1,0,0.0,97.4872,M,0.0000,M,0.0000,0
$GPRMC,220311.44,A,3726.5182000,N,12215.0743220,W,28.7092,313.6430,040121,,,,
$GPGGA,220312.44,3726.5287540,N,12215.0885120,W,1,0,0.0,98.6942,M,0.0000,M,0.0000,0
$GPRMC,220312.44,A,3726.5287540,N,12215.0885120,W,28.5485,312.1331,040121,,,,
$GPGGA,220313.44,3726.5389120,N,12215.1030440,W,1,0,0.0,99.8462,M,0.0000,M,0.0000,0
$GPRMC,220313.44,A,3726.5389120,N,12215.1030440,W,28.4714,310.3151,040121,,,,
$GPGGA,220314.44,3726.5486680,N,12215.1179480,W,1,0,0.0,100.9737,M,0.0000,M,0.0000,0
$GPRMC,220314.44,A,3726.5486680,N,12215.1179480,W,28.4201,308.5051,040121,,,,
$GPGGA,220315.44,3726.5580220,N,12215.1331640,W,1,0,0.0,102.1057,M,0.0000,M,0.0000,0
$GPRMC,220315.44,A,3726.5580220,N,12215.1331640,W,28.2401,306.7479,040121,,,,
$GPGGA,220316.44,3726.5669440,N,12215.1486080,W,1,0,0.0,103.2302,M,0.0000,M,0.0000,0
$GPRMC,220316.44,A,3726.5669440,N,12215.1486080,W,28.0196,305.0049,040121,,,,
$GPGGA,220317.44,3726.5754340,N,12215.1642740,W,1,0,0.0,104.3232,M,0.0000,M,0.0000,0
$GPRMC,220317.44,A,3726.5754340,N,12215.1642740,W,27.8751,303.2541,040121,,,,
$GPGGA,220318.44,3726.5834620,N,12215.1802280,W,1,0,0.0,105.4152,M,0.0000,M,0.0000,0
$GPRMC,220318.44,A,3726.5834620,N,12215.1802280,W,27.7442,301.2847,040121,,,,
$GPGGA,220319.44,3726.5910700,N,12215.1963800,W,1,0,0.0,106.5131,M,0.0000,M,0.0000,0
$GPRMC,220319.44,A,3726.5910700,N,12215.1963800,W,27.6368,299.8222,040121,,,,
$GPGGA,220320.44,3726.5983000,N,12215.2127600,W,1,0,0.0,107.5836,M,0.0000,M,0.0000,0
$GPRMC,220320.44,A,3726.5983000,N,12215.2127600,W,27.5864,298.0883,040121,,,,
$GPGGA,220321.44,3726.6051340,N,12215.2293680,W,1,0,0.0,108.6788,M,0.0000,M,0.0000,0
$GPRMC,220321.44,A,3726.6051340,N,12215.2293680,W,27.5401,296.4822,040121,,,,
$GPGGA,220322.44,3726.6115540,N,12215.2462100,W,1,0,0.0,109.7851,M,0.0000,M,0.0000,0
$GPRMC,220322.44,A,3726.6115540,N,12215.2462100,W,27.5356,294.7282,040121,,,,
$GPGGA,220323.44,3726.6175840,N,12215.2632740,W,1,0,0.0,110.8757,M,0.0000,M,0.0000,0
$GPRMC,220323.44,A,3726.6175840,N,12215.2632740,W,27.5395,293.0759,040121,,,,
$GPGGA,220324.44,3726.6232180,N,12215.2805540,W,1,0,0.0,111.9701,M,0.0000,M,0.0000,0
$GPRMC,220324.44,A,3726.6232180,N,12215.2805540,W,27.5462,291.4556,040121,,,,
$GPGGA,220325.44,3726.6284740,N,12215.2980500,W,1,0,0.0,113.0546,M,0.0000,M,0.0000,0
$GPRMC,220325.44,A,3726.6284740,N,12215.2980500,W,27.5764,289.7611,040121,,,,
$GPGGA,220326.44,3726.6333040,N,12215.3157500,W,1,0,0.0,114.1578,M,0.0000,M,0.0000,0
$GPRMC,220326.44,A,3726.6333040,N,12215.3157500,W,27.6117,287.9686,040121,,,,
$GPGGA,220327.44,3726.6377020,N,12215.3336360,W,1,0,0.0,115.2513,M,0.0000,M,0.0000,0
$GPRMC,220327.44,A,3726.6377020,N,12215.3336360,W,27.6366,286.3902,040121,,,,
$GPGGA,220328.44,3726.6416920,N,12215.3517080,W,1,0,0.0,116.3466,M,0.0000,M,0.0000,0
$GPRMC,220328.44,A,3726.6416920,N,12215.3517080,W,27.6554,284.4851,040121,,,,
$GPGGA,220329.44,3726.6452140,N,12215.3699300,W,1,0,0.0,117.4348,M,0.0000,M,0.0000,0
$GPRMC,220329.44,A,3726.6452140,N,12215.3699300,W,27.6608,282.6754,040121,,,,
$GPGGA,220330.44,3726.6482620,N,12215.3882900,W,1,0,0.0,118.4727,M,0.0000,M,0.0000,0
$GPRMC,220330.44,A,3726.6482620,N,12215.3882900,W,27.6730,281.0973,040121,,,,
$GPGGA,220331.44,3726.6509620,N,12215.4067340,W,1,0,0.0,119.4298,M,0.0000,M,0.0000,0
$GPRMC,220331.44,A,3726.6509620,N,12215.4067340,W,27.6214,279.6275,040121,,,,
$GPGGA,220332.44,3726.6532300,N,12215.4252020,W,1,0,0.0,120.3372,M,0.0000,M,0.0000,0
$GPRMC,220332.44,A,3726.6532300,N,12215.4252020,W,27.5347,277.9665,040121,,,,
$GPGGA,220333.44,3726.6550480,N,12215.4437240,W,1,0,0.0,121.1877,M,0.0000,M,0.0000,0
$GPRMC,220333.44,A,3726.6550480,N,12215.4437240,W,27.4884,276.1014,040121,,,,
$GPGGA,220334.44,3726.6564100,N,12215.4622700,W,1,0,0.0,121.9882,M,0.0000,M,0.0000,0
$GPRMC,220334.44,A,3726.6564100,N,12215.4622700,W,27.4778,274.4359,040121,,,,
$GPGGA,220335.44,3726.6573160,N,12215.4808760,W,1,0,0.0,122.7058,M,0.0000,M,0.0000,0
$GPRMC,220335.44,A,3726.6573160,N,12215.4808760,W,27.5101,272.5588,040121,,,,
$GPGGA,220336.44,3726.6577360,N,12215.4995300,W,1,0,0.0,123.3741,M,0.0000,M,0.0000,0
$GPRMC,220336.44,A,3726.6577360,N,12215.4995300,W,27.5571,270.6384,040121,,,,
$GPGGA,220337.44,3726.6576760,N,12215.5182320,W,1,0,0.0,123.9928,M,0.0000,M,0.0000,0
$GPRMC,220337.44,A,3726.6576760,N,12215.5182320,W,27.5862,268.8297,040121,,,,
$GPGGA,220338.44,3726.6571780,N,12215.5369280,W,1,0,0.0,124.5173,M,0.0000,M,0.0000,0
$GPRMC,220338.44,A,3726.6571780,N,12215.5369280,W,27.6161,267.2631,040121,,,,
$GPGGA,220339.44,3726.6562660,N,12215.5556960,W,1,0,0.0,124.9442,M,0.0000,M,0.0000,0
$GPRMC,220339.44,A,3726.6562660,N,12215.5556960,W,27.8506,265.8072,040121,,,,
$GPGGA,220340.44,3726.6550420,N,12215.5745960,W,1,0,0.0,125.2924,M,0.0000,M,0.0000,0
$GPRMC,220340.44,A,3726.6550420,N,12215.5745960,W,28.0970,264.8498,040121,,,,
$GPGGA,220341.44,3726.6536140,N,12215.5935920,W,1,0,0.0,125.5851,M,0.0000,M,0.0000,0
$GPRMC,220341.44,A,3726.6536140,N,12215.5935920,W,28.1509,264.2587,040121,,,,
$GPGGA,220342.44,3726.6521080,N,12215.6125640,W,1,0,0.0,125.7952,M,0.0000,M,0.0000,0
$GPRMC,220342.44,A,3726.6521080,N,12215.6125640,W,28.0735,264.2073,040121,,,,
$GPGGA,220343.44,3726.6506080,N,12215.6314820,W,1,0,0.0,125.9514,M,0.0000,M,0.0000,0
$GPRMC,220343.44,A,3726.6506080,N,12215.6314820,W,27.9939,264.2082,040121,,,,
$GPGGA,220344.44,3726.6491200,N,12215.6503460,W,1,0,0.0,126.0782,M,0.0000,M,0.0000,0
$GPRMC,220344.44,A,3726.6491200,N,12215.6503460,W,27.9276,264.1849,040121,,,,
$GPGGA,220345.44,3726.6475960,N,12215.6692400,W,1,0,0.0,126.2481,M,0.0000,M,0.0000,0
$GPRMC,220345.44,A,3726.6475960,N,12215.6692400,W,28.1239,264.0440,040121,,,,
$GPGGA,220346.44,3726.6460000,N,12215.6882360,W,1,0,0.0,126.4605,M,0.0000,M,0.0000,0
$GPRMC,220346.44,A,3726.6460000,N,12215.6882360,W,28.1916,263.8537,040121,,,,
$GPGGA,220347.44,3726.6444340,N,12215.7072560,W,1,0,0.0,126.6605,M,0.0000,M,0.0000,0
$GPRMC,220347.44,A,3726.6444340,N,12215.7072560,W,28.2169,264.2346,040121,,,,
$GPGGA,220348.44,3726.6429700,N,12215.7262940,W,1,0,0.0,126.8247,M,0.0000,M,0.0000,0
$GPRMC,220348.44,A,3726.6429700,N,12215.7262940,W,28.1724,264.5001,040121,,,,
$GPGGA,220349.44,3726.6415480,N,12215.7452720,W,1,0,0.0,126.9834,M,0.0000,M,0.0000,0
$GPRMC,220349.44,A,3726.6415480,N,12215.7452720,W,28.0863,264.4402,040121,,,,
$GPGGA,220350.44,3726.6400660,N,12215.7642080,W,1,0,0.0,127.1183,M,0.0000,M,0.0000,0
$GPRMC,220350.44,A,3726.6400660,N,12215.7642080,W,28.0260,264.0684,040121,,,,
$GPGGA,220351.44,3726.6385120,N,12215.7830060,W,1,0,0.0,127.2261,M,0.0000,M,0.0000,0
$GPRMC,220351.44,A,3726.6385120,N,12215.7830060,W,27.6910,264.0723,040121,,,,
$GPGGA,220352.44,3726.6370660,N,12215.8015520,W,1,0,0.0,127.3613,M,0.0000,M,0.0000,0
$GPRMC,220352.44,A,3726.6370660,N,12215.8015520,W,27.2645,264.4554,040121,,,,
$GPGGA,220353.44,3726.6356560,N,12215.8198100,W,1,0,0.0,127.4629,M,0.0000,M,0.0000,0
$GPRMC,220353.44,A,3726.6356560,N,12215.8198100,W,26.8544,264.2719,040121,,,,
$GPGGA,220354.44,3726.6343420,N,12215.8378100,W,1,0,0.0,127.5797,M,0.0000,M,0.0000,0
$GPRMC,220354.44,A,3726.6343420,N,12215.8378100,W,26.5293,265.2280,040121,,,,
$GPGGA,220355.44,3726.6332980,N,12215.8557500,W,1,0,0.0,127.6117,M,0.0000,M,0.0000,0
$GPRMC,220355.44,A,3726.6332980,N,12215.8557500,W,26.5814,266.3583,040121,,,,
$GPGGA,220356.44,3726.6326740,N,12215.8738220,W,1,0,0.0,127.5899,M,0.0000,M,0.0000,0
$GPRMC,220356.44,A,3726.6326740,N,12215.8738220,W,26.7849,268.4998,040121,,,,
$GPGGA,220357.44,3726.6325240,N,12215.8920500,W,1,0,0.0,127.5480,M,0.0000,M,0.0000,0
$GPRMC,220357.44,A,3726.6325240,N,12215.8920500,W,26.9684,270.0040,040121,,,,
$GPGGA,220358.44,3726.6327340,N,12215.9103500,W,1,0,0.0,127.4770,M,0.0000,M,0.0000,0
$GPRMC,220358.44,A,3726.6327340,N,12215.9103500,W,27.0013,271.4329,040121,,,,
$GPGGA,220359.44,3726.6333340,N,12215.9286260,W,1,0,0.0,127.3328,M,0.0000,M,0.0000,0
$GPRMC,220359.44,A,3726.6333340,N,12215.9286260,W,26.9357,273.1091,040121,,,,
$GPGGA,220400.44,3726.6343720,N,12215.9468180,W,1,0,0.0,127.1525,M,0.0000,M,0.0000,0
$GPRMC,220400.44,A,3726.6343720,N,12215.9468180,W,26.8707,274.8328,040121,,,,
$GPGGA,220401.44,3726.6358180,N,12215.9649080,W,1,0,0.0,126.9121,M,0.0000,M,0.0000,0
$GPRMC,220401.44,A,3726.6358180,N,12215.9649080,W,26.7506,276.3680,040121,,,,
$GPGGA,220402.44,3726.6376240,N,12215.9828660,W,1,0,0.0,126.6265,M,0.0000,M,0.0000,0
$GPRMC,220402.44,A,3726.6376240,N,12215.9828660,W,26.6455,277.7205,040121,,,,
$GPGGA,220403.44,3726.6397360,N,12216.0007100,W,1,0,0.0,126.3036,M,0.0000,M,0.0000,0
$GPRMC,220403.44,A,3726.6397360,N,12216.0007100,W,26.5772,278.9067,040121,,,,
$GPGGA,220404.44,3726.6421300,N,12216.0184460,W,1,0,0.0,125.9429,M,0.0000,M,0.0000,0
$GPRMC,220404.44,A,3726.6421300,N,12216.0184460,W,26.4818,280.1087,040121,,,,
$GPGGA,220405.44,3726.6448660,N,12216.0360140,W,1,0,0.0,125.5798,M,0.0000,M,0.0000,0
$GPRMC,220405.44,A,3726.6448660,N,12216.0360140,W,26.3082,281.8685,040121,,,,
$GPGGA,220406.44,3726.6480220,N,12216.0533480,W,1,0,0.0,125.1854,M,0.0000,M,0.0000,0
$GPRMC,220406.44,A,3726.6480220,N,12216.0533480,W,26.1397,283.4547,040121,,,,
$GPGGA,220407.44,3726.6514780,N,12216.0704720,W,1,0,0.0,124.8289,M,0.0000,M,0.0000,0
$GPRMC,220407.44,A,3726.6514780,N,12216.0704720,W,25.9824,284.7394,040121,,,,
$GPGGA,220408.44,3726.6552640,N,12216.0873740,W,1,0,0.0,124.4679,M,0.0000,M,0.0000,0
$GPRMC,220408.44,A,3726.6552640,N,12216.0873740,W,25.8084,286.5357,040121,,,,
$GPGGA,220409.44,3726.6594700,N,12216.1040000,W,1,0,0.0,124.0869,M,0.0000,M,0.0000,0
$GPRMC,220409.44,A,3726.6594700,N,12216.1040000,W,25.6406,288.3683,040121,,,,
$GPGGA,220410.44,3726.6640480,N,12216.1203500,W,1,0,0.0,123.7134,M,0.0000,M,0.0000,0
$GPRMC,220410.44,A,3726.6640480,N,12216.1203500,W,25.4898,289.8512,040121,,,,
$GPGGA,220411.44,3726.6688720,N,12216.1364840,W,1,0,0.0,123.3419,M,0.0000,M,0.0000,0
$GPRMC,220411.44,A,3726.6688720,N,12216.1364840,W,25.3416,290.9918,040121,,,,
$GPGGA,220412.44,3726.6739360,N,12216.1524080,W,1,0,0.0,122.9420,M,0.0000,M,0.0000,0
$GPRMC,220412.44,A,3726.6739360,N,12216.1524080,W,25.2256,292.2133,040121,,,,
$GPGGA,220413.44,3726.6792640,N,12216.1681160,W,1,0,0.0,122.5158,M,0.0000,M,0.0000,0
$GPRMC,220413.44,A,3726.6792640,N,12216.1681160,W,25.1531,293.7032,040121,,,,
$GPGGA,220414.44,3726.6849280,N,12216.1836020,W,1,0,0.0,122.1861,M,0.0000,M,0.0000,0
$GPRMC,220414.44,A,3726.6849280,N,12216.1836020,W,25.1125,295.2162,040121,,,,
$GPGGA,220415.44,3726.6909100,N,12216.1988780,W,1,0,0.0,121.8723,M,0.0000,M,0.0000,0
$GPRMC,220415.44,A,3726.6909100,N,12216.1988780,W,25.1230,296.7077,040121,,,,
$GPGGA,220416.44,3726.6972160,N,12216.2139980,W,1,0,0.0,121.5209,M,0.0000,M,0.0000,0
$GPRMC,220416.44,A,3726.6972160,N,12216.2139980,W,25.2283,298.1520,040121,,,,
$GPGGA,220417.44,3726.7038280,N,12216.2290280,W,1,0,0.0,121.1733,M,0.0000,M,0.0000,0
$GPRMC,220417.44,A,3726.7038280,N,12216.2290280,W,25.3830,299.3236,040121,,,,
$GPGGA,220418.44,3726.7107580,N,12216.2439320,W,1,0,0.0,120.9014,M,0.0000,M,0.0000,0
$GPRMC,220418.44,A,3726.7107580,N,12216.2439320,W,25.5371,300.8276,040121,,,,
$GPGGA,220419.44,3726.7179880,N,12216.2587460,W,1,0,0.0,120.6959,M,0.0000,M,0.0000,0
$GPRMC,220419.44,A,3726.7179880,N,12216.2587460,W,25.6829,301.8891,040121,,,,
$GPGGA,220420.44,3726.7254940,N,12216.2734340,W,1,0,0.0,120.5589,M,0.0000,M,0.0000,0
$GPRMC,220420.44,A,3726.7254940,N,12216.2734340,W,25.7986,303.2313,040121,,,,
$GPGGA,220421.44,3726.7333660,N,12216.2879240,W,1,0,0.0,120.4665,M,0.0000,M,0.0000,0
$GPRMC,220421.44,A,3726.7333660,N,12216.2879240,W,25.9078,305.1002,040121,,,,
$GPGGA,220422.44,3726.7416460,N,12216.3021320,W,1,0,0.0,120.4366,M,0.0000,M,0.0000,0
$GPRMC,220422.44,A,3726.7416460,N,12216.3021320,W,25.9974,306.8641,040121,,,,
$GPGGA,220423.44,3726.7502500,N,12216.3161000,W,1,0,0.0,120.4794,M,0.0000,M,0.0000,0
$GPRMC,220423.44,A,3726.7502500,N,12216.3161000,W,26.0599,308.2866,040121,,,,
$GPGGA,220424.44,3726.7591540,N,12216.3298040,W,1,0,0.0,120.6321,M,0.0000,M,0.0000,0
$GPRMC,220424.44,A,3726.7591540,N,12216.3298040,W,26.0601,309.7701,040121,,,,
$GPGGA,220425.44,3726.7682500,N,12216.3432440,W,1,0,0.0,120.8455,M,0.0000,M,0.0000,0
$GPRMC,220425.44,A,3726.7682500,N,12216.3432440,W,25.9298,310.6083,040121,,,,
$GPGGA,220426.44,3726.7774180,N,12216.3564680,W,1,0,0.0,121.1010,M,0.0000,M,0.0000,0
$GPRMC,220426.44,A,3726.7774180,N,12216.3564680,W,25.7688,311.0658,040121,,,,
$GPGGA,220427.44,3726.7865800,N,12216.3695600,W,1,0,0.0,121.4271,M,0.0000,M,0.0000,0
$GPRMC,220427.44,A,3726.7865800,N,12216.3695600,W,25.5988,311.2266,040121,,,,
$GPGGA,220428.44,3726.7956940,N,12216.3825560,W,1,0,0.0,121.7757,M,0.0000,M,0.0000,0
$GPRMC,220428.44,A,3726.7956940,N,12216.3825560,W,25.4576,311.1855,040121,,,,
$GPGGA,220429.44,3726.8047120,N,12216.3955280,W,1,0,0.0,122.1619,M,0.0000,M,0.0000,0
$GPRMC,220429.44,A,3726.8047120,N,12216.3955280,W,25.2971,310.8462,040121,,,,
$GPGGA,220430.44,3726.8136340,N,12216.4084520,W,1,0,0.0,122.6084,M,0.0000,M,0.0000,0
$GPRMC,220430.44,A,3726.8136340,N,12216.4084520,W,25.1430,310.7495,040121,,,,
$GPGGA,220431.44,3726.8225260,N,12216.4212680,W,1,0,0.0,123.0832,M,0.0000,M,0.0000,0
$GPRMC,220431.44,A,3726.8225260,N,12216.4212680,W,24.9800,311.0952,040121,,,,
$GPGGA,220432.44,3726.8314000,N,12216.4339460,W,1,0,0.0,123.6191,M,0.0000,M,0.0000,0
$GPRMC,220432.44,A,3726.8314000,N,12216.4339460,W,24.7864,311.3025,040121,,,,
$GPGGA,220433.44,3726.8402380,N,12216.4465100,W,1,0,0.0,124.2192,M,0.0000,M,0.0000,0
$GPRMC,220433.44,A,3726.8402380,N,12216.4465100,W,24.6136,311.3550,040121,,,,
$GPGGA,220434.44,3726.8489920,N,12216.4589780,W,1,0,0.0,124.8571,M,0.0000,M,0.0000,0
$GPRMC,220434.44,A,3726.8489920,N,12216.4589780,W,24.4170,311.1681,040121,,,,
$GPGGA,220435.44,3726.8576620,N,12216.4714280,W,1,0,0.0,125.5415,M,0.0000,M,0.0000,0
$GPRMC,220435.44,A,3726.8576620,N,12216.4714280,W,24.3437,311.0036,040121,,,,
$GPGGA,220436.44,3726.8663260,N,12216.4838540,W,1,0,0.0,126.2301,M,0.0000,M,0.0000,0
$GPRMC,220436.44,A,3726.8663260,N,12216.4838540,W,24.3857,311.1190,040121,,,,
$GPGGA,220437.44,3726.8750200,N,12216.4962980,W,1,0,0.0,126.9277,M,0.0000,M,0.0000,0
$GPRMC,220437.44,A,3726.8750200,N,12216.4962980,W,24.3644,311.0827,040121,,,,
$GPGGA,220438.44,3726.8836600,N,12216.5086820,W,1,0,0.0,127.6425,M,0.0000,M,0.0000,0
$GPRMC,220438.44,A,3726.8836600,N,12216.5086820,W,24.1875,311.1298,040121,,,,
$GPGGA,220439.44,3726.8922940,N,12216.5209820,W,1,0,0.0,128.3435,M,0.0000,M,0.0000,0
$GPRMC,220439.44,A,3726.8922940,N,12216.5209820,W,24.1657,311.4449,040121,,,,
$GPGGA,220440.44,3726.9009580,N,12216.5332580,W,1,0,0.0,129.0542,M,0.0000,M,0.0000,0
$GPRMC,220440.44,A,3726.9009580,N,12216.5332580,W,24.1851,311.4305,040121,,,,
$GPGGA,220441.44,3726.9096400,N,12216.5455580,W,1,0,0.0,129.7433,M,0.0000,M,0.0000,0
$GPRMC,220441.44,A,3726.9096400,N,12216.5455580,W,24.3278,311.4132,040121,,,,
$GPGGA,220442.44,3726.9183940,N,12216.5579660,W,1,0,0.0,130.4398,M,0.0000,M,0.0000,0
$GPRMC,220442.44,A,3726.9183940,N,12216.5579660,W,24.5441,311.3755,040121,,,,
$GPGGA,220443.44,3726.9272020,N,12216.5705480,W,1,0,0.0,131.1431,M,0.0000,M,0.0000,0
$GPRMC,220443.44,A,3726.9272020,N,12216.5705480,W,24.8361,311.0315,040121,,,,
$GPGGA,220444.44,3726.9360280,N,12216.5833520,W,1,0,0.0,131.8505,M,0.0000,M,0.0000,0
$GPRMC,220444.44,A,3726.9360280,N,12216.5833520,W,25.1120,310.5280,040121,,,,
$GPGGA,220445.44,3726.9448780,N,12216.5963840,W,1,0,0.0,132.5738,M,0.0000,M,0.0000,0
$GPRMC,220445.44,A,3726.9448780,N,12216.5963840,W,25.3055,310.2674,040121,,,,
$GPGGA,220446.44,3726.9537280,N,12216.6094340,W,1,0,0.0,133.2638,M,0.0000,M,0.0000,0
$GPRMC,220446.44,A,3726.9537280,N,12216.6094340,W,25.2322,310.3288,040121,,,,
$GPGGA,220447.44,3726.9625420,N,12216.6224420,W,1,0,0.0,133.9060,M,0.0000,M,0.0000,0
$GPRMC,220447.44,A,3726.9625420,N,12216.6224420,W,25.1266,310.2238,040121,,,,
$GPGGA,220448.44,3726.9712840,N,12216.6354320,W,1,0,0.0,134.5167,M,0.0000,M,0.0000,0
$GPRMC,220448.44,A,3726.9712840,N,12216.6354320,W,24.9943,310.0489,040121,,,,
$GPGGA,220449.44,3726.9799360,N,12216.6483740,W,1,0,0.0,135.0437,M,0.0000,M,0.0000,0
$GPRMC,220449.44,A,3726.9799360,N,12216.6483740,W,24.8114,309.8484,040121,,,,
$GPGGA,220450.44,3726.9885160,N,12216.6612320,W,1,0,0.0,135.4649,M,0.0000,M,0.0000,0
$GPRMC,220450.44,A,3726.9885160,N,12216.6612320,W,24.6790,309.7625,040121,,,,
$GPGGA,220451.44,3726.9970480,N,12216.6741080,W,1,0,0.0,135.9140,M,0.0000,M,0.0000,0
$GPRMC,220451.44,A,3726.9970480,N,12216.6741080,W,24.7142,309.5343,040121,,,,
$GPGGA,220452.44,3727.0055560,N,12216.6870200,W,1,0,0.0,136.3082,M,0.0000,M,0.0000,0
$GPRMC,220452.44,A,3727.0055560,N,12216.6870200,W,24.6696,309.4233,040121,,,,
$GPGGA,220453.44,3727.0140340,N,12216.6998840,W,1,0,0.0,136.6585,M,0.0000,M,0.0000,0
$GPRMC,220453.44,A,3727.0140340,N,12216.6998840,W,24.5569,309.5798,040121,,,,
$GPGGA,220454.44,3727.0224940,N,12216.7126520,W,1,0,0.0,137.1482,M,0.0000,M,0.0000,0
$GPRMC,220454.44,A,3727.0224940,N,12216.7126520,W,24.4203,309.6914,040121,,,,
$GPGGA,220455.44,3727.0309360,N,12216.7253660,W,1,0,0.0,137.4122,M,0.0000,M,0.0000,0
$GPRMC,220455.44,A,3727.0309360,N,12216.7253660,W,24.3966,309.7244,040121,,,,
$GPGGA,220456.44,3727.0393900,N,12216.7380860,W,1,0,0.0,137.6762,M,0.0000,M,0.0000,0
$GPRMC,220456.44,A,3727.0393900,N,12216.7380860,W,24.4711,309.6072,040121,,,,
$GPGGA,220457.44,3727.0478440,N,12216.7509320,W,1,0,0.0,137.8386,M,0.0000,M,0.0000,0
$GPRMC,220457.44,A,3727.0478440,N,12216.7509320,W,24.6632,309.3700,040121,,,,
$GPGGA,220458.44,3727.0563520,N,12216.7639040,W,1,0,0.0,137.9724,M,0.0000,M,0.0000,0
$GPRMC,220458.44,A,3727.0563520,N,12216.7639040,W,24.8855,309.3411,040121,,,,
$GPGGA,220459.44,3727.0649200,N,12216.7769540,W,1,0,0.0,138.0164,M,0.0000,M,0.0000,0
$GPRMC,220459.44,A,3727.0649200,N,12216.7769540,W,24.9309,309.4806,040121,,,,
$GPGGA,220500.44,3727.0735000,N,12216.7899740,W,1,0,0.0,138.0366,M,0.0000,M,0.0000,0
$GPRMC,220500.44,A,3727.0735000,N,12216.7899740,W,24.9145,309.4298,040121,,,,
$GPGGA,220501.44,3727.0820740,N,12216.8030240,W,1,0,0.0,138.0633,M,0.0000,M,0.0000,0
$GPRMC,220501.44,A,3727.0820740,N,12216.8030240,W,24.9674,309.3971,040121,,,,
$GPGGA,220502.44,3727.0906900,N,12216.8161280,W,1,0,0.0,138.0487,M,0.0000,M,0.0000,0
$GPRMC,220502.44,A,3727.0906900,N,12216.8161280,W,25.1643,309.5005,040121,,,,
$GPGGA,220503.44,3727.0994020,N,12216.8292680,W,1,0,0.0,137.9979,M,0.0000,M,0.0000,0
$GPRMC,220503.44,A,3727.0994020,N,12216.8292680,W,25.2186,309.6412,040121,,,,
$GPGGA,220504.44,3727.1081320,N,12216.8424500,W,1,0,0.0,137.8554,M,0.0000,M,0.0000,0
$GPRMC,220504.44,A,3727.1081320,N,12216.8424500,W,25.3622,309.4495,040121,,,,
$GPGGA,220505.44,3727.1168800,N,12216.8557940,W,1,0,0.0,137.7345,M,0.0000,M,0.0000,0
$GPRMC,220505.44,A,3727.1168800,N,12216.8557940,W,25.5932,309.2404,040121,,,,
$GPGGA,220506.44,3727.1257120,N,12216.8692520,W,1,0,0.0,137.5374,M,0.0000,M,0.0000,0
$GPRMC,220506.44,A,3727.1257120,N,12216.8692520,W,25.8246,309.4498,040121,,,,
$GPGGA,220507.44,3727.1346580,N,12216.8828000,W,1,0,0.0,137.2643,M,0.0000,M,0.0000,0
$GPRMC,220507.44,A,3727.1346580,N,12216.8828000,W,26.0584,309.4702,040121,,,,
$GPGGA,220508.44,3727.1436760,N,12216.8964980,W,1,0,0.0,136.9783,M,0.0000,M,0.0000,0
$GPRMC,220508.44,A,3727.1436760,N,12216.8964980,W,26.3347,309.4852,040121,,,,
$GPGGA,220509.44,3727.1528020,N,12216.9103340,W,1,0,0.0,136.6140,M,0.0000,M,0.0000,0
$GPRMC,220509.44,A,3727.1528020,N,12216.9103340,W,26.6339,309.4801,040121,,,,
$GPGGA,220510.44,3727.1620060,N,12216.9243560,W,1,0,0.0,136.2270,M,0.0000,M,0.0000,0
$GPRMC,220510.44,A,3727.1620060,N,12216.9243560,W,26.9454,309.2791,040121,,,,
$GPGGA,220511.44,3727.1713000,N,12216.9385340,W,1,0,0.0,135.7927,M,0.0000,M,0.0000,0
$GPRMC,220511.44,A,3727.1713000,N,12216.9385340,W,27.1726,309.3557,040121,,,,
$GPGGA,220512.44,3727.1806720,N,12216.9527840,W,1,0,0.0,135.2989,M,0.0000,M,0.0000,0
$GPRMC,220512.44,A,3727.1806720,N,12216.9527840,W,27.3119,309.3467,040121,,,,
$GPGGA,220513.44,3727.1900680,N,12216.9671360,W,1,0,0.0,134.7539,M,0.0000,M,0.0000,0
$GPRMC,220513.44,A,3727.1900680,N,12216.9671360,W,27.4469,309.1873,040121,,,,
$GPGGA,220514.44,3727.1994820,N,12216.9815780,W,1,0,0.0,134.1475,M,0.0000,M,0.0000,0
$GPRMC,220514.44,A,3727.1994820,N,12216.9815780,W,27.5711,309.1271,040121,,,,
$GPGGA,220515.44,3727.2089200,N,12216.9960620,W,1,0,0.0,133.5529,M,0.0000,M,0.0000,0
$GPRMC,220515.44,A,3727.2089200,N,12216.9960620,W,27.5978,309.1915,040121,,,,
$GPGGA,220516.44,3727.2183760,N,12217.0105400,W,1,0,0.0,132.9468,M,0.0000,M,0.0000,0
$GPRMC,220516.44,A,3727.2183760,N,12217.0105400,W,27.6085,309.2962,040121,,,,
$GPGGA,220517.44,3727.2278620,N,12217.0249940,W,1,0,0.0,132.3472,M,0.0000,M,0.0000,0
$GPRMC,220517.44,A,3727.2278620,N,12217.0249940,W,27.5875,309.4159,040121,,,,
$GPGGA,220518.44,3727.2373420,N,12217.0393820,W,1,0,0.0,131.7393,M,0.0000,M,0.0000,0
$GPRMC,220518.44,A,3727.2373420,N,12217.0393820,W,27.4516,309.5179,040121,,,,
$GPGGA,220519.44,3727.2467740,N,12217.0536800,W,1,0,0.0,131.1257,M,0.0000,M,0.0000,0
$GPRMC,220519.44,A,3727.2467740,N,12217.0536800,W,27.2870,309.4965,040121,,,,
$GPGGA,220520.44,3727.2561400,N,12217.0679060,W,1,0,0.0,130.5108,M,0.0000,M,0.0000,0
$GPRMC,220520.44,A,3727.2561400,N,12217.0679060,W,27.1119,309.3001,040121,,,,
$GPGGA,220521.44,3727.2653920,N,12217.0820900,W,1,0,0.0,129.9313,M,0.0000,M,0.0000,0
$GPRMC,220521.44,A,3727.2653920,N,12217.0820900,W,26.9439,309.1912,040121,,,,
$GPGGA,220522.44,3727.2745900,N,12217.0961780,W,1,0,0.0,129.3425,M,0.0000,M,0.0000,0
$GPRMC,220522.44,A,3727.2745900,N,12217.0961780,W,26.7671,309.2464,040121,,,,
$GPGGA,220523.44,3727.2837580,N,12217.1101460,W,1,0,0.0,128.7528,M,0.0000,M,0.0000,0
$GPRMC,220523.44,A,3727.2837580,N,12217.1101460,W,26.6320,309.4202,040121,,,,
$GPGGA,220524.44,3727.2929440,N,12217.1240720,W,1,0,0.0,128.1748,M,0.0000,M,0.0000,0
$GPRMC,220524.44,A,3727.2929440,N,12217.1240720,W,26.6775,309.6284,040121,,,,
$GPGGA,220525.44,3727.3021900,N,12217.1379920,W,1,0,0.0,127.5748,M,0.0000,M,0.0000,0
$GPRMC,220525.44,A,3727.3021900,N,12217.1379920,W,26.7688,309.6882,040121,,,,
$GPGGA,220526.44,3727.3114480,N,12217.1519840,W,1,0,0.0,126.9584,M,0.0000,M,0.0000,0
$GPRMC,220526.44,A,3727.3114480,N,12217.1519840,W,26.8465,309.4295,040121,,,,
$GPGGA,220527.44,3727.3206700,N,12217.1660660,W,1,0,0.0,126.3560,M,0.0000,M,0.0000,0
$GPRMC,220527.44,A,3727.3206700,N,12217.1660660,W,26.9148,309.1807,040121,,,,
$GPGGA,220528.44,3727.3298740,N,12217.1801900,W,1,0,0.0,125.7548,M,0.0000,M,0.0000,0
$GPRMC,220528.44,A,3727.3298740,N,12217.1801900,W,26.8667,309.0768,040121,,,,
$GPGGA,220529.44,3727.3390540,N,12217.1942660,W,1,0,0.0,125.0895,M,0.0000,M,0.0000,0
$GPRMC,220529.44,A,3727.3390540,N,12217.1942660,W,26.7543,309.4027,040121,,,,
$GPGGA,220530.44,3727.3482640,N,12217.2081980,W,1,0,0.0,124.4049,M,0.0000,M,0.0000,0
$GPRMC,220530.44,A,3727.3482640,N,12217.2081980,W,26.6316,309.6451,040121,,,,
$GPGGA,220531.44,3727.3574920,N,12217.2220040,W,1,0,0.0,123.7682,M,0.0000,M,0.0000,0
$GPRMC,220531.44,A,3727.3574920,N,12217.2220040,W,26.4918,310.2295,040121,,,,
$GPGGA,220532.44,3727.3668820,N,12217.2354920,W,1,0,0.0,123.2581,M,0.0000,M,0.0000,0
$GPRMC,220532.44,A,3727.3668820,N,12217.2354920,W,26.3293,311.8501,040121,,,,
$GPGGA,220533.44,3727.3765300,N,12217.2485960,W,1,0,0.0,122.8723,M,0.0000,M,0.0000,0
$GPRMC,220533.44,A,3727.3765300,N,12217.2485960,W,26.3083,313.3608,040121,,,,
$GPGGA,220534.44,3727.3864720,N,12217.2613460,W,1,0,0.0,122.5744,M,0.0000,M,0.0000,0
$GPRMC,220534.44,A,3727.3864720,N,12217.2613460,W,26.2715,315.0363,040121,,,,
$GPGGA,220535.44,3727.3967020,N,12217.2736940,W,1,0,0.0,122.4133,M,0.0000,M,0.0000,0
$GPRMC,220535.44,A,3727.3967020,N,12217.2736940,W,26.2568,317.0554,040121,,,,
$GPGGA,220536.44,3727.4073100,N,12217.2855380,W,1,0,0.0,122.2821,M,0.0000,M,0.0000,0
$GPRMC,220536.44,A,3727.4073100,N,12217.2855380,W,26.2914,319.2939,040121,,,,
$GPGGA,220537.44,3727.4182240,N,12217.2969380,W,1,0,0.0,122.2501,M,0.0000,M,0.0000,0
$GPRMC,220537.44,A,3727.4182240,N,12217.2969380,W,26.2009,320.8137,040121,,,,
$GPGGA,220538.44,3727.4292820,N,12217.3078880,W,1,0,0.0,122.3311,M,0.0000,M,0.0000,0
$GPRMC,220538.44,A,3727.4292820,N,12217.3078880,W,25.9001,322.1986,040121,,,,
$GPGGA,220539.44,3727.4403700,N,12217.3183940,W,1,0,0.0,122.5137,M,0.0000,M,0.0000,0
$GPRMC,220539.44,A,3727.4403700,N,12217.3183940,W,25.4912,323.4369,040121,,,,
$GPGGA,220540.44,3727.4514880,N,12217.3283960,W,1,0,0.0,122.7959,M,0.0000,M,0.0000,0
$GPRMC,220540.44,A,3727.4514880,N,12217.3283960,W,25.1568,325.0172,040121,,,,
$GPGGA,220541.44,3727.4626840,N,12217.3378940,W,1,0,0.0,123.1890,M,0.0000,M,0.0000,0
$GPRMC,220541.44,A,3727.4626840,N,12217.3378940,W,24.8483,326.6049,040121,,,,
$GPGGA,220542.44,3727.4739820,N,12217.3468880,W,1,0,0.0,123.5950,M,0.0000,M,0.0000,0
$GPRMC,220542.44,A,3727.4739820,N,12217.3468880,W,24.6861,328.3271,040121,,,,
$GPGGA,220543.44,3727.4854300,N,12217.3554200,W,1,0,0.0,124.0985,M,0.0000,M,0.0000,0
$GPRMC,220543.44,A,3727.4854300,N,12217.3554200,W,24.5864,329.9366,040121,,,,
$GPGGA,220544.44,3727.4970100,N,12217.3635200,W,1,0,0.0,124.5893,M,0.0000,M,0.0000,0
$GPRMC,220544.44,A,3727.4970100,N,12217.3635200,W,24.5008,331.4819,040121,,,,
$GPGGA,220545.44,3727.5087640,N,12217.3712480,W,1,0,0.0,125.0817,M,0.0000,M,0.0000,0
$GPRMC,220545.44,A,3727.5087640,N,12217.3712480,W,24.5862,332.9627,040121,,,,
$GPGGA,220546.44,3727.5207160,N,12217.3785440,W,1,0,0.0,125.6055,M,0.0000,M,0.0000,0
$GPRMC,220546.44,A,3727.5207160,N,12217.3785440,W,24.5263,334.8137,040121,,,,
$GPGGA,220547.44,3727.5327760,N,12217.3853600,W,1,0,0.0,126.1207,M,0.0000,M,0.0000,0
$GPRMC,220547.44,A,3727.5327760,N,12217.3853600,W,24.4625,336.4607,040121,,,,
$GPGGA,220548.44,3727.5449800,N,12217.3917320,W,1,0,0.0,126.6246,M,0.0000,M,0.0000,0
$GPRMC,220548.44,A,3727.5449800,N,12217.3917320,W,24.4304,338.0676,040121,,,,
$GPGGA,220549.44,3727.5573220,N,12217.3976720,W,1,0,0.0,127.1242,M,0.0000,M,0.0000,0
$GPRMC,220549.44,A,3727.5573220,N,12217.3976720,W,24.4898,339.5269,040121,,,,
$GPGGA,220550.44,3727.5698320,N,12217.4032580,W,1,0,0.0,127.5587,M,0.0000,M,0.0000,0
$GPRMC,220550.44,A,3727.5698320,N,12217.4032580,W,24.6335,340.8945,040121,,,,
$GPGGA,220551.44,3727.5825220,N,12217.4085260,W,1,0,0.0,128.0882,M,0.0000,M,0.0000,0
$GPRMC,220551.44,A,3727.5825220,N,12217.4085260,W,24.8491,342.2242,040121,,,,
$GPGGA,220552.44,3727.5954340,N,12217.4134700,W,1,0,0.0,128.5532,M,0.0000,M,0.0000,0
$GPRMC,220552.44,A,3727.5954340,N,12217.4134700,W,25.0821,343.6610,040121,,,,
$GPGGA,220553.44,3727.6085680,N,12217.4180240,W,1,0,0.0,129.0992,M,0.0000,M,0.0000,0
$GPRMC,220553.44,A,3727.6085680,N,12217.4180240,W,25.3443,345.2628,040121,,,,
$GPGGA,220554.44,3727.6219300,N,12217.4221280,W,1,0,0.0,129.6637,M,0.0000,M,0.0000,0
$GPRMC,220554.44,A,3727.6219300,N,12217.4221280,W,25.5964,347.0705,040121,,,,
$GPGGA,220555.44,3727.6355620,N,12217.4257220,W,1,0,0.0,130.2342,M,0.0000,M,0.0000,0
$GPRMC,220555.44,A,3727.6355620,N,12217.4257220,W,25.8995,349.0132,040121,,,,
$GPGGA,220556.44,3727.6494340,N,12217.4287160,W,1,0,0.0,130.7500,M,0.0000,M,0.0000,0
$GPRMC,220556.44,A,3727.6494340,N,12217.4287160,W,26.1916,351.2187,040121,,,,
$GPGGA,220557.44,3727.6635520,N,12217.4311280,W,1,0,0.0,131.2762,M,0.0000,M,0.0000,0
$GPRMC,220557.44,A,3727.6635520,N,12217.4311280,W,26.5583,352.8248,040121,,,,
$GPGGA,220558.44,3727.6779340,N,12217.4331020,W,1,0,0.0,131.8023,M,0.0000,M,0.0000,0
$GPRMC,220558.44,A,3727.6779340,N,12217.4331020,W,26.9315,354.4285,040121,,,,
$GPGGA,220559.44,3727.6925320,N,12217.4345540,W,1,0,0.0,132.3495,M,0.0000,M,0.0000,0
$GPRMC,220559.44,A,3727.6925320,N,12217.4345540,W,27.2725,356.2538,040121,,,,
$GPGGA,220600.44,3727.7073520,N,12217.4354420,W,1,0,0.0,132.9922,M,0.0000,M,0.0000,0
$GPRMC,220600.44,A,3727.7073520,N,12217.4354420,W,27.5978,357.9779,040121,,,,
$GPGGA,220601.44,3727.7222500,N,12217.4358680,W,1,0,0.0,133.7031,M,0.0000,M,0.0000,0
$GPRMC,220601.44,A,3727.7222500,N,12217.4358680,W,27.3648,359.2812,040121,,,,
$GPGGA,220602.44,3727.7369320,N,12217.4359040,W,1,0,0.0,134.2675,M,0.0000,M,0.0000,0
$GPRMC,220602.44,A,3727.7369320,N,12217.4359040,W,27.0407,0.2436,040121,,,,
$GPGGA,220603.44,3727.7515360,N,12217.4357480,W,1,0,0.0,134.7933,M,0.0000,M,0.0000,0
$GPRMC,220603.44,A,3727.7515360,N,12217.4357480,W,26.9970,0.4533,040121,,,,
$GPGGA,220604.44,3727.7661220,N,12217.4356640,W,1,0,0.0,135.3107,M,0.0000,M,0.0000,0
$GPRMC,220604.44,A,3727.7661220,N,12217.4356640,W,26.9703,0.0827,040121,,,,
$GPGGA,220605.44,3727.7806840,N,12217.4355740,W,1,0,0.0,135.8373,M,0.0000,M,0.0000,0
$GPRMC,220605.44,A,3727.7806840,N,12217.4355740,W,26.8401,0.2602,040121,,,,
$GPGGA,220606.44,3727.7951140,N,12217.4354180,W,1,0,0.0,136.4003,M,0.0000,M,0.0000,0
$GPRMC,220606.44,A,3727.7951140,N,12217.4354180,W,26.5653,0.5183,040121,,,,
$GPGGA,220607.44,3727.8093520,N,12217.4352680,W,1,0,0.0,137.0281,M,0.0000,M,0.0000,0
$GPRMC,220607.44,A,3727.8093520,N,12217.4352680,W,26.0630,0.0923,040121,,,,
$GPGGA,220608.44,3727.8232660,N,12217.4353940,W,1,0,0.0,137.7938,M,0.0000,M,0.0000,0
$GPRMC,220608.44,A,3727.8232660,N,12217.4353940,W,25.4200,358.9815,040121,,,,
$GPGGA,220609.44,3727.8368380,N,12217.4358800,W,1,0,0.0,138.5083,M,0.0000,M,0.0000,0
$GPRMC,220609.44,A,3727.8368380,N,12217.4358800,W,24.8596,357.8447,040121,,,,
$GPGGA,220610.44,3727.8501820,N,12217.4366180,W,1,0,0.0,138.9915,M,0.0000,M,0.0000,0
$GPRMC,220610.44,A,3727.8501820,N,12217.4366180,W,24.5746,357.1629,040121,,,,
$GPGGA,220611.44,3727.8633820,N,12217.4375780,W,1,0,0.0,139.3261,M,0.0000,M,0.0000,0
$GPRMC,220611.44,A,3727.8633820,N,12217.4375780,W,24.3681,356.1163,040121,,,,
$GPGGA,220612.44,3727.8764620,N,12217.4389100,W,1,0,0.0,139.6581,M,0.0000,M,0.0000,0
$GPRMC,220612.44,A,3727.8764620,N,12217.4389100,W,24.1740,354.6017,040121,,,,
$GPGGA,220613.44,3727.8894040,N,12217.4406620,W,1,0,0.0,139.9521,M,0.0000,M,0.0000,0
$GPRMC,220613.44,A,3727.8894040,N,12217.4406620,W,23.9787,353.1237,040121,,,,
$GPGGA,220614.44,3727.9022080,N,12217.4427620,W,1,0,0.0,140.2211,M,0.0000,M,0.0000,0
$GPRMC,220614.44,A,3727.9022080,N,12217.4427620,W,23.8142,351.9202,040121,,,,
$GPGGA,220615.44,3727.9148980,N,12217.4452340,W,1,0,0.0,140.4685,M,0.0000,M,0.0000,0
$GPRMC,220615.44,A,3727.9148980,N,12217.4452340,W,23.6899,350.5550,040121,,,,
$GPGGA,220616.44,3727.9274740,N,12217.4479340,W,1,0,0.0,140.7027,M,0.0000,M,0.0000,0
$GPRMC,220616.44,A,3727.9274740,N,12217.4479340,W,23.4560,350.1339,040121,,,,
$GPGGA,220617.44,3727.9398580,N,12217.4506820,W,1,0,0.0,140.8709,M,0.0000,M,0.0000,0
$GPRMC,220617.44,A,3727.9398580,N,12217.4506820,W,23.0564,349.8231,040121,,,,
$GPGGA,220618.44,3727.9520080,N,12217.4534180,W,1,0,0.0,141.1301,M,0.0000,M,0.0000,0
$GPRMC,220618.44,A,3727.9520080,N,12217.4534180,W,22.6672,350.0300,040121,,,,
$GPGGA,220619.44,3727.9640680,N,12217.4559560,W,1,0,0.0,141.3727,M,0.0000,M,0.0000,0
$GPRMC,220619.44,A,3727.9640680,N,12217.4559560,W,22.6140,350.5896,040121,,,,
$GPGGA,220620.44,3727.9761220,N,12217.4584220,W,1,0,0.0,141.6616,M,0.0000,M,0.0000,0
$GPRMC,220620.44,A,3727.9761220,N,12217.4584220,W,22.5332,350.7168,040121,,,,
$GPGGA,220621.44,3727.9880740,N,12217.4609600,W,1,0,0.0,141.9277,M,0.0000,M,0.0000,0
$GPRMC,220621.44,A,3727.9880740,N,12217.4609600,W,22.2575,349.8034,040121,,,,
$GPGGA,220622.44,3727.9997740,N,12217.4637680,W,1,0,0.0,142.2237,M,0.0000,M,0.0000,0
$GPRMC,220622.44,A,3727.9997740,N,12217.4637680,W,21.8380,348.6187,040121,,,,
$GPGGA,220623.44,3728.0112220,N,12217.4668460,W,1,0,0.0,142.3670,M,0.0000,M,0.0000,0
$GPRMC,220623.44,A,3728.0112220,N,12217.4668460,W,21.4786,347.2418,040121,,,,
$GPGGA,220624.44,3728.0224360,N,12217.4701760,W,1,0,0.0,142.2911,M,0.0000,M,0.0000,0
$GPRMC,220624.44,A,3728.0224360,N,12217.4701760,W,21.1950,346.2226,040121,,,,
$GPGGA,220625.44,3728.0334940,N,12217.4737040,W,1,0,0.0,142.0033,M,0.0000,M,0.0000,0
$GPRMC,220625.44,A,3728.0334940,N,12217.4737040,W,21.0047,345.3280,040121,,,,
$GPGGA,220626.44,3728.0444140,N,12217.4774180,W,1,0,0.0,141.5483,M,0.0000,M,0.0000,0
$GPRMC,220626.44,A,3728.0444140,N,12217.4774180,W,20.8313,344.3690,040121,,,,
$GPGGA,220627.44,3728.0551120,N,12217.4812700,W,1,0,0.0,140.9581,M,0.0000,M,0.0000,0
$GPRMC,220627.44,A,3728.0551120,N,12217.4812700,W,20.2427,343.5930,040121,,,,
$GPGGA,220628.44,3728.0653300,N,12217.4852420,W,1,0,0.0,140.3678,M,0.0000,M,0.0000,0
$GPRMC,220628.44,A,3728.0653300,N,12217.4852420,W,19.2942,341.9100,040121,,,,
$GPGGA,220629.44,3728.0748940,N,12217.4894780,W,1,0,0.0,139.6033,M,0.0000,M,0.0000,0
$GPRMC,220629.44,A,3728.0748940,N,12217.4894780,W,18.2387,339.7018,040121,,,,
$GPGGA,220630.44,3728.0837800,N,12217.4935760,W,1,0,0.0,138.7539,M,0.0000,M,0.0000,0
$GPRMC,220630.44,A,3728.0837800,N,12217.4935760,W,16.6440,340.0274,040121,,,,
$GPGGA,220631.44,3728.0918560,N,12217.4971160,W,1,0,0.0,137.9067,M,0.0000,M,0.0000,0
$GPRMC,220631.44,A,3728.0918560,N,12217.4971160,W,15.1373,340.9904,040121,,,,
$GPGGA,220632.44,3728.0992780,N,12217.5002300,W,1,0,0.0,137.0819,M,0.0000,M,0.0000,0
$GPRMC,220632.44,A,3728.0992780,N,12217.5002300,W,13.7536,341.6772,040121,,,,
$GPGGA,220633.44,3728.1059140,N,12217.5029060,W,1,0,0.0,136.4084,M,0.0000,M,0.0000,0
$GPRMC,220633.44,A,3728.1059140,N,12217.5029060,W,11.9638,342.3558,040121,,,,
$GPGGA,220634.44,3728.1115240,N,12217.5050900,W,1,0,0.0,135.9865,M,0.0000,M,0.0000,0
$GPRMC,220634.44,A,3728.1115240,N,12217.5050900,W,9.7467,342.6508,040121,,,,
$GPGGA,220635.44,3728.1159040,N,12217.5068660,W,1,0,0.0,135.7498,M,0.0000,M,0.0000,0
$GPRMC,220635.44,A,3728.1159040,N,12217.5068660,W,7.2348,341.2617,040121,,,,
$GPGGA,220636.44,3728.1188620,N,12217.5084560,W,1,0,0.0,135.6549,M,0.0000,M,0.0000,0
$GPRMC,220636.44,A,3728.1188620,N,12217.5084560,W,4.6836,335.2132,040121,,,,
$GPGGA,220637.44,3728.1205300,N,12217.5096980,W,1,0,0.0,135.6075,M,0.0000,M,0.0000,0
$GPRMC,220637.44,A,3728.1205300,N,12217.5096980,W,2.5664,329.8680,040121,,,,
$GPGGA,220638.44,3728.1212920,N,12217.5103340,W,1,0,0.0,135.5836,M,0.0000,M,0.0000,0
$GPRMC,220638.44,A,3728.1212920,N,12217.5103340,W,0.9446,328.0021,040121,,,,
$GPGGA,220639.44,3728.1215260,N,12217.5105260,W,1,0,0.0,135.5760,M,0.0000,M,0.0000,0
$GPRMC,220639.44,A,3728.1215260,N,12217.5105260,W,0.1314,327.7508,040121,,,,
$GPGGA,220640.44,3728.1215860,N,12217.5105800,W,1,0,0.0,135.5680,M,0.0000,M,0.0000,0
$GPRMC,220640.44,A,3728.1215860,N,12217.5105800,W,0.4110,327.6737,040121,,,,
$GPGGA,220641.44,3728.1219820,N,12217.5109100,W,1,0,0.0,135.5580,M,0.0000,M,0.0000,0
$GPRMC,220641.44,A,3728.1219820,N,12217.5109100,W,1.4950,327.3054,040121,,,,
$GPGGA,220642.44,3728.1229840,N,12217.5117440,W,1,0,0.0,135.5520,M,0.0000,M,0.0000,0
$GPRMC,220642.44,A,3728.1229840,N,12217.5117440,W,2.9912,326.5251,040121,,,,
$GPGGA,220643.44,3728.1246100,N,12217.5132560,W,1,0,0.0,135.6000,M,0.0000,M,0.0000,0
$GPRMC,220643.44,A,3728.1246100,N,12217.5132560,W,4.3575,323.0886,040121,,,,
$GPGGA,220644.44,3728.1263920,N,12217.5155780,W,1,0,0.0,135.7607,M,0.0000,M,0.0000,0
$GPRMC,220644.44,A,3728.1263920,N,12217.5155780,W,5.1357,311.6797,040121,,,,
$GPGGA,220645.44,3728.1276160,N,12217.5190040,W,1,0,0.0,135.8919,M,0.0000,M,0.0000,0
$GPRMC,220645.44,A,3728.1276160,N,12217.5190040,W,5.8828,290.9478,040121,,,,
$GPGGA,220646.44,3728.1277540,N,12217.5232520,W,1,0,0.0,136.0119,M,0.0000,M,0.0000,0
$GPRMC,220646.44,A,3728.1277540,N,12217.5232520,W,6.7718,267.3578,040121,,,,
$GPGGA,220647.44,3728.1263380,N,12217.5279380,W,1,0,0.0,136.0141,M,0.0000,M,0.0000,0
$GPRMC,220647.44,A,3728.1263380,N,12217.5279380,W,8.0452,243.7668,040121,,,,
$GPGGA,220648.44,3728.1234580,N,12217.5325640,W,1,0,0.0,136.0316,M,0.0000,M,0.0000,0
$GPRMC,220648.44,A,3728.1234580,N,12217.5325640,W,9.3641,229.5885,040121,,,,
$GPGGA,220649.44,3728.1196120,N,12217.5375320,W,1,0,0.0,136.0484,M,0.0000,M,0.0000,0
$GPRMC,220649.44,A,3728.1196120,N,12217.5375320,W,10.9820,224.9298,040121,,,,
$GPGGA,220650.44,3728.1152380,N,12217.5429560,W,1,0,0.0,136.0151,M,0.0000,M,0.0000,0
$GPRMC,220650.44,A,3728.1152380,N,12217.5429560,W,11.5248,224.2042,040121,,,,
$GPGGA,220651.44,3728.1107620,N,12217.5483620,W,1,0,0.0,135.8934,M,0.0000,M,0.0000,0
$GPRMC,220651.44,A,3728.1107620,N,12217.5483620,W,11.4169,223.8077,040121,,,,
$GPGGA,220652.44,3728.1063760,N,12217.5537320,W,1,0,0.0,135.6838,M,0.0000,M,0.0000,0
$GPRMC,220652.44,A,3728.1063760,N,12217.5537320,W,11.2782,224.6771,040121,,,,
$GPGGA,220653.44,3728.1021700,N,12217.5592340,W,1,0,0.0,135.4229,M,0.0000,M,0.0000,0
$GPRMC,220653.44,A,3728.1021700,N,12217.5592340,W,11.2055,226.9709,040121,,,,
$GPGGA,220654.44,3728.0981740,N,12217.5649460,W,1,0,0.0,135.0789,M,0.0000,M,0.0000,0
$GPRMC,220654.44,A,3728.0981740,N,12217.5649460,W,11.2135,229.6223,040121,,,,
$GPGGA,220655.44,3728.0942680,N,12217.5707840,W,1,0,0.0,134.6540,M,0.0000,M,0.0000,0
$GPRMC,220655.44,A,3728.0942680,N,12217.5707840,W,11.2696,229.3136,040121,,,,
$GPGGA,220656.44,3728.0901700,N,12217.5763700,W,1,0,0.0,134.1673,M,0.0000,M,0.0000,0
$GPRMC,220656.44,A,3728.0901700,N,12217.5763700,W,10.9637,226.0136,040121,,,,
$GPGGA,220657.44,3728.0860600,N,12217.5814160,W,1,0,0.0,133.6304,M,0.0000,M,0.0000,0
$GPRMC,220657.44,A,3728.0860600,N,12217.5814160,W,10.3605,223.8389,040121,,,,
$GPGGA,220658.44,3728.0822020,N,12217.5861860,W,1,0,0.0,133.0329,M,0.0000,M,0.0000,0
$GPRMC,220658.44,A,3728.0822020,N,12217.5861860,W,9.5967,225.7025,040121,,,,
$GPGGA,220659.44,3728.0791600,N,12217.5911000,W,1,0,0.0,132.4537,M,0.0000,M,0.0000,0
$GPRMC,220659.44,A,3728.0791600,N,12217.5911000,W,8.8340,235.7961,040121,,,,
$GPGGA,220700.44,3728.0773000,N,12217.5966500,W,1,0,0.0,131.7468,M,0.0000,M,0.0000,0
$GPRMC,220700.44,A,3728.0773000,N,12217.5966500,W,9.0929,253.2763,040121,,,,
$GPGGA,220701.44,3728.0774440,N,12217.6029140,W,1,0,0.0,130.9645,M,0.0000,M,0.0000,0
$GPRMC,220701.44,A,3728.0774440,N,12217.6029140,W,9.4288,280.0414,040121,,,,
$GPGGA,220702.44,3728.0798680,N,12217.6085660,W,1,0,0.0,130.6649,M,0.0000,M,0.0000,0
$GPRMC,220702.44,A,3728.0798680,N,12217.6085660,W,9.7877,305.4107,040121,,,,
$GPGGA,220703.44,3728.0836060,N,12217.6137500,W,1,0,0.0,130.6989,M,0.0000,M,0.0000,0
$GPRMC,220703.44,A,3728.0836060,N,12217.6137500,W,10.8588,313.9553,040121,,,,
$GPGGA,220704.44,3728.0881780,N,12217.6189760,W,1,0,0.0,130.7700,M,0.0000,M,0.0000,0
$GPRMC,220704.44,A,3728.0881780,N,12217.6189760,W,12.0200,318.4414,040121,,,,
$GPGGA,220705.44,3728.0933440,N,12217.6246220,W,1,0,0.0,130.8589,M,0.0000,M,0.0000,0
$GPRMC,220705.44,A,3728.0933440,N,12217.6246220,W,13.3596,318.7726,040121,,,,
$GPGGA,220706.44,3728.0990200,N,12217.6308740,W,1,0,0.0,131.1546,M,0.0000,M,0.0000,0
$GPRMC,220706.44,A,3728.0990200,N,12217.6308740,W,14.4858,318.3683,040121,,,,
$GPGGA,220707.44,3728.1050440,N,12217.6375700,W,1,0,0.0,131.6417,M,0.0000,M,0.0000,0
$GPRMC,220707.44,A,3728.1050440,N,12217.6375700,W,15.1997,318.2717,040121,,,,
$GPGGA,220708.44,3728.1111940,N,12217.6442480,W,1,0,0.0,132.2798,M,0.0000,M,0.0000,0
$GPRMC,220708.44,A,3728.1111940,N,12217.6442480,W,14.7992,319.5675,040121,,,,
$GPGGA,220709.44,3728.1173620,N,12217.6502900,W,1,0,0.0,132.9555,M,0.0000,M,0.0000,0
$GPRMC,220709.44,A,3728.1173620,N,12217.6502900,W,14.1348,323.9810,040121,,,,
$GPGGA,220710.44,3728.1237880,N,12217.6549340,W,1,0,0.0,133.7266,M,0.0000,M,0.0000,0
$GPRMC,220710.44,A,3728.1237880,N,12217.6549340,W,13.3049,334.9571,040121,,,,
$GPGGA,220711.44,3728.1304480,N,12217.6572620,W,1,0,0.0,134.5761,M,0.0000,M,0.0000,0
$GPRMC,220711.44,A,3728.1304480,N,12217.6572620,W,12.3693,350.3120,040121,,,,
$GPGGA,220712.44,3728.1369640,N,12217.6572440,W,1,0,0.0,135.4665,M,0.0000,M,0.0000,0
$GPRMC,220712.44,A,3728.1369640,N,12217.6572440,W,11.8726,5.6501,040121,,,,
$GPGGA,220713.44,3728.1430840,N,12217.6551380,W,1,0,0.0,136.2580,M,0.0000,M,0.0000,0
$GPRMC,220713.44,A,3728.1430840,N,12217.6551380,W,11.7212,20.5685,040121,,,,
$GPGGA,220714.44,3728.1485020,N,12217.6511180,W,1,0,0.0,137.0146,M,0.0000,M,0.0000,0
$GPRMC,220714.44,A,3728.1485020,N,12217.6511180,W,11.6588,36.1229,040121,,,,
$GPGGA,220715.44,3728.1529000,N,12217.6454480,W,1,0,0.0,137.7100,M,0.0000,M,0.0000,0
$GPRMC,220715.44,A,3728.1529000,N,12217.6454480,W,11.7817,50.6130,040121,,,,
$GPGGA,220716.44,3728.1561940,N,12217.6385060,W,1,0,0.0,138.4143,M,0.0000,M,0.0000,0
$GPRMC,220716.44,A,3728.1561940,N,12217.6385060,W,12.0596,64.0360,040121,,,,
$GPGGA,220717.44,3728.1581200,N,12217.6306040,W,1,0,0.0,139.1358,M,0.0000,M,0.0000,0
$GPRMC,220717.44,A,3728.1581200,N,12217.6306040,W,12.3878,78.1956,040121,,,,
$GPGGA,220718.44,3728.1584140,N,12217.6220660,W,1,0,0.0,139.9318,M,0.0000,M,0.0000,0
$GPRMC,220718.44,A,3728.1584140,N,12217.6220660,W,12.8500,93.3235,040121,,,,
$GPGGA,220719.44,3728.1566440,N,12217.6135760,W,1,0,0.0,140.6825,M,0.0000,M,0.0000,0
$GPRMC,220719.44,A,3728.1566440,N,12217.6135760,W,13.1378,111.5710,040121,,,,
$GPGGA,220720.44,3728.1527620,N,12217.6059140,W,1,0,0.0,141.3176,M,0.0000,M,0.0000,0
$GPRMC,220720.44,A,3728.1527620,N,12217.6059140,W,13.8393,128.6094,040121,,,,
$GPGGA,220721.44,3728.1473140,N,12217.5989540,W,1,0,0.0,141.8331,M,0.0000,M,0.0000,0
$GPRMC,220721.44,A,3728.1473140,N,12217.5989540,W,14.9654,137.1958,040121,,,,
$GPGGA,220722.44,3728.1409180,N,12217.5920600,W,1,0,0.0,142.3016,M,0.0000,M,0.0000,0
$GPRMC,220722.44,A,3728.1409180,N,12217.5920600,W,16.2637,139.8442,040121,,,,
$GPGGA,220723.44,3728.1338500,N,12217.5847160,W,1,0,0.0,142.7271,M,0.0000,M,0.0000,0
$GPRMC,220723.44,A,3728.1338500,N,12217.5847160,W,17.6844,140.6751,040121,,,,
$GPGGA,220724.44,3728.1260560,N,12217.5769580,W,1,0,0.0,143.0901,M,0.0000,M,0.0000,0
$GPRMC,220724.44,A,3728.1260560,N,12217.5769580,W,19.1336,142.2240,040121,,,,
$GPGGA,220725.44,3728.1174460,N,12217.5689420,W,1,0,0.0,143.0950,M,0.0000,M,0.0000,0
$GPRMC,220725.44,A,3728.1174460,N,12217.5689420,W,20.5136,144.2737,040121,,,,
$GPGGA,220726.44,3728.1080320,N,12217.5607400,W,1,0,0.0,142.9468,M,0.0000,M,0.0000,0
$GPRMC,220726.44,A,3728.1080320,N,12217.5607400,W,21.8597,145.9592,040121,,,,
$GPGGA,220727.44,3728.0979700,N,12217.5526220,W,1,0,0.0,142.7909,M,0.0000,M,0.0000,0
$GPRMC,220727.44,A,3728.0979700,N,12217.5526220,W,22.3894,148.4398,040121,,,,
$GPGGA,220728.44,3728.0873800,N,12217.5449840,W,1,0,0.0,142.5829,M,0.0000,M,0.0000,0
$GPRMC,220728.44,A,3728.0873800,N,12217.5449840,W,22.8184,151.3513,040121,,,,
$GPGGA,220729.44,3728.0763040,N,12217.5378140,W,1,0,0.0,142.3556,M,0.0000,M,0.0000,0
$GPRMC,220729.44,A,3728.0763040,N,12217.5378140,W,23.2649,153.6483,040121,,,,
$GPGGA,220730.44,3728.0648500,N,12217.5309500,W,1,0,0.0,142.1953,M,0.0000,M,0.0000,0
$GPRMC,220730.44,A,3728.0648500,N,12217.5309500,W,23.7082,155.0757,040121,,,,
$GPGGA,220731.44,3728.0530480,N,12217.5243140,W,1,0,0.0,141.9874,M,0.0000,M,0.0000,0
$GPRMC,220731.44,A,3728.0530480,N,12217.5243140,W,24.1391,156.4259,040121,,,,
$GPGGA,220732.44,3728.0409100,N,12217.5178940,W,1,0,0.0,141.7258,M,0.0000,M,0.0000,0
$GPRMC,220732.44,A,3728.0409100,N,12217.5178940,W,24.5832,157.4180,040121,,,,
$GPGGA,220733.44,3728.0284780,N,12217.5116120,W,1,0,0.0,141.4615,M,0.0000,M,0.0000,0
$GPRMC,220733.44,A,3728.0284780,N,12217.5116120,W,25.0025,158.6459,040121,,,,
$GPGGA,220734.44,3728.0157160,N,12217.5056180,W,1,0,0.0,141.2845,M,0.0000,M,0.0000,0
$GPRMC,220734.44,A,3728.0157160,N,12217.5056180,W,25.3982,159.9512,040121,,,,
$GPGGA,220735.44,3728.0027320,N,12217.4999240,W,1,0,0.0,141.0358,M,0.0000,M,0.0000,0
$GPRMC,220735.44,A,3728.0027320,N,12217.4999240,W,25.3890,161.3593,040121,,,,
$GPGGA,220736.44,3727.9897420,N,12217.4946620,W,1,0,0.0,140.7911,M,0.0000,M,0.0000,0
$GPRMC,220736.44,A,3727.9897420,N,12217.4946620,W,25.1143,162.6310,040121,,,,
$GPGGA,220737.44,3727.9767940,N,12217.4898620,W,1,0,0.0,140.5199,M,0.0000,M,0.0000,0
$GPRMC,220737.44,A,3727.9767940,N,12217.4898620,W,24.8283,164.1711,040121,,,,
$GPGGA,220738.44,3727.9639360,N,12217.4854220,W,1,0,0.0,140.2665,M,0.0000,M,0.0000,0
$GPRMC,220738.44,A,3727.9639360,N,12217.4854220,W,24.4993,164.5259,040121,,,,
$GPGGA,220739.44,3727.9511860,N,12217.4809880,W,1,0,0.0,140.0543,M,0.0000,M,0.0000,0
$GPRMC,220739.44,A,3727.9511860,N,12217.4809880,W,24.5507,164.5316,040121,,,,
$GPGGA,220740.44,3727.9383100,N,12217.4767220,W,1,0,0.0,139.8526,M,0.0000,M,0.0000,0
$GPRMC,220740.44,A,3727.9383100,N,12217.4767220,W,24.6903,165.9874,040121,,,,
$GPGGA,220741.44,3727.9252960,N,12217.4730320,W,1,0,0.0,139.6524,M,0.0000,M,0.0000,0
$GPRMC,220741.44,A,3727.9252960,N,12217.4730320,W,24.6699,168.3154,040121,,,,
$GPGGA,220742.44,3727.9121800,N,12217.4700860,W,1,0,0.0,139.3794,M,0.0000,M,0.0000,0
$GPRMC,220742.44,A,3727.9121800,N,12217.4700860,W,24.6568,170.9261,040121,,,,
$GPGGA,220743.44,3727.8989680,N,12217.4676140,W,1,0,0.0,139.0943,M,0.0000,M,0.0000,0
$GPRMC,220743.44,A,3727.8989680,N,12217.4676140,W,24.7753,171.7881,040121,,,,
$GPGGA,220744.44,3727.8855520,N,12217.4653760,W,1,0,0.0,138.8461,M,0.0000,M,0.0000,0
$GPRMC,220744.44,A,3727.8855520,N,12217.4653760,W,25.4126,173.0329,040121,,,,
$GPGGA,220745.44,3727.8716920,N,12217.4635040,W,1,0,0.0,138.5140,M,0.0000,M,0.0000,0
$GPRMC,220745.44,A,3727.8716920,N,12217.4635040,W,26.0794,174.4337,040121,,,,
$GPGGA,220746.44,3727.8574900,N,12217.4620400,W,1,0,0.0,138.1591,M,0.0000,M,0.0000,0
$GPRMC,220746.44,A,3727.8574900,N,12217.4620400,W,26.6621,175.9466,040121,,,,
$GPGGA,220747.44,3727.8429520,N,12217.4609720,W,1,0,0.0,137.7981,M,0.0000,M,0.0000,0
$GPRMC,220747.44,A,3727.8429520,N,12217.4609720,W,27.1917,177.1163,040121,,,,
$GPGGA,220748.44,3727.8281140,N,12217.4601800,W,1,0,0.0,137.4553,M,0.0000,M,0.0000,0
$GPRMC,220748.44,A,3727.8281140,N,12217.4601800,W,27.7311,177.6733,040121,,,,
$GPGGA,220749.44,3727.8130600,N,12217.4594660,W,1,0,0.0,137.0770,M,0.0000,M,0.0000,0
$GPRMC,220749.44,A,3727.8130600,N,12217.4594660,W,27.9940,177.9639,040121,,,,
$GPGGA,220750.44,3727.7978740,N,12217.4589020,W,1,0,0.0,136.6028,M,0.0000,M,0.0000,0
$GPRMC,220750.44,A,3727.7978740,N,12217.4589020,W,28.1893,178.3857,040121,,,,
$GPGGA,220751.44,3727.7825920,N,12217.4583680,W,1,0,0.0,136.0859,M,0.0000,M,0.0000,0
$GPRMC,220751.44,A,3727.7825920,N,12217.4583680,W,28.3824,178.2369,040121,,,,
$GPGGA,220752.44,3727.7671960,N,12217.4578640,W,1,0,0.0,135.5440,M,0.0000,M,0.0000,0
$GPRMC,220752.44,A,3727.7671960,N,12217.4578640,W,28.5991,178.5962,040121,,,,
$GPGGA,220753.44,3727.7516860,N,12217.4573840,W,1,0,0.0,135.0266,M,0.0000,M,0.0000,0
$GPRMC,220753.44,A,3727.7516860,N,12217.4573840,W,28.7556,178.4867,040121,,,,
$GPGGA,220754.44,3727.7362060,N,12217.4568920,W,1,0,0.0,134.6656,M,0.0000,M,0.0000,0
$GPRMC,220754.44,A,3727.7362060,N,12217.4568920,W,28.5261,178.5446,040121,,,,
$GPGGA,220755.44,3727.7208280,N,12217.4563760,W,1,0,0.0,134.3450,M,0.0000,M,0.0000,0
$GPRMC,220755.44,A,3727.7208280,N,12217.4563760,W,28.3797,178.2831,040121,,,,
$GPGGA,220756.44,3727.7055280,N,12217.4556620,W,1,0,0.0,134.0369,M,0.0000,M,0.0000,0
$GPRMC,220756.44,A,3727.7055280,N,12217.4556620,W,28.2664,177.4250,040121,,,,
$GPGGA,220757.44,3727.6902940,N,12217.4545820,W,1,0,0.0,133.6033,M,0.0000,M,0.0000,0
$GPRMC,220757.44,A,3727.6902940,N,12217.4545820,W,28.1940,175.9507,040121,,,,
$GPGGA,220758.44,3727.6751440,N,12217.4528900,W,1,0,0.0,133.0458,M,0.0000,M,0.0000,0
$GPRMC,220758.44,A,3727.6751440,N,12217.4528900,W,28.0865,173.9496,040121,,,,
$GPGGA,220759.44,3727.6600960,N,12217.4505740,W,1,0,0.0,132.4672,M,0.0000,M,0.0000,0
$GPRMC,220759.44,A,3727.6600960,N,12217.4505740,W,27.9931,172.2928,040121,,,,
$GPGGA,220800.44,3727.6451560,N,12217.4477360,W,1,0,0.0,131.8925,M,0.0000,M,0.0000,0
$GPRMC,220800.44,A,3727.6451560,N,12217.4477360,W,27.9181,170.4526,040121,,,,
$GPGGA,220801.44,3727.6303300,N,12217.4443040,W,1,0,0.0,131.3273,M,0.0000,M,0.0000,0
$GPRMC,220801.44,A,3727.6303300,N,12217.4443040,W,27.8610,168.7388,040121,,,,
$GPGGA,220802.44,3727.6156300,N,12217.4403500,W,1,0,0.0,130.7649,M,0.0000,M,0.0000,0
$GPRMC,220802.44,A,3727.6156300,N,12217.4403500,W,27.7566,167.1849,040121,,,,
$GPGGA,220803.44,3727.6010860,N,12217.4358500,W,1,0,0.0,130.2548,M,0.0000,M,0.0000,0
$GPRMC,220803.44,A,3727.6010860,N,12217.4358500,W,27.6829,165.2614,040121,,,,
$GPGGA,220804.44,3727.5866560,N,12217.4308340,W,1,0,0.0,129.6215,M,0.0000,M,0.0000,0
$GPRMC,220804.44,A,3727.5866560,N,12217.4308340,W,27.7142,163.7798,040121,,,,
$GPGGA,220805.44,3727.5723160,N,12217.4253380,W,1,0,0.0,129.0930,M,0.0000,M,0.0000,0
$GPRMC,220805.44,A,3727.5723160,N,12217.4253380,W,27.7691,162.2712,040121,,,,
$GPGGA,220806.44,3727.5580600,N,12217.4193620,W,1,0,0.0,128.5524,M,0.0000,M,0.0000,0
$GPRMC,220806.44,A,3727.5580600,N,12217.4193620,W,27.8587,160.6284,040121,,,,
$GPGGA,220807.44,3727.5439180,N,12217.4127620,W,1,0,0.0,128.0627,M,0.0000,M,0.0000,0
$GPRMC,220807.44,A,3727.5439180,N,12217.4127620,W,27.9759,158.5045,040121,,,,
$GPGGA,220808.44,3727.5298840,N,12217.4054900,W,1,0,0.0,127.4944,M,0.0000,M,0.0000,0
$GPRMC,220808.44,A,3727.5298840,N,12217.4054900,W,28.2276,156.7925,040121,,,,
$GPGGA,220809.44,3727.5158560,N,12217.3976480,W,1,0,0.0,126.9010,M,0.0000,M,0.0000,0
$GPRMC,220809.44,A,3727.5158560,N,12217.3976480,W,28.5970,155.1852,040121,,,,
$GPGGA,220810.44,3727.5018280,N,12217.3891820,W,1,0,0.0,126.2749,M,0.0000,M,0.0000,0
$GPRMC,220810.44,A,3727.5018280,N,12217.3891820,W,28.9971,153.3049,040121,,,,
$GPGGA,220811.44,3727.4878180,N,12217.3800200,W,1,0,0.0,125.6963,M,0.0000,M,0.0000,0
$GPRMC,220811.44,A,3727.4878180,N,12217.3800200,W,29.4428,151.5651,040121,,,,
$GPGGA,220812.44,3727.4738380,N,12217.3701860,W,1,0,0.0,125.1484,M,0.0000,M,0.0000,0
$GPRMC,220812.44,A,3727.4738380,N,12217.3701860,W,29.8669,149.7650,040121,,,,
$GPGGA,220813.44,3727.4599240,N,12217.3596260,W,1,0,0.0,124.6023,M,0.0000,M,0.0000,0
$GPRMC,220813.44,A,3727.4599240,N,12217.3596260,W,30.2866,147.8216,040121,,,,
$GPGGA,220814.44,3727.4461300,N,12217.3483340,W,1,0,0.0,124.1205,M,0.0000,M,0.0000,0
$GPRMC,220814.44,A,3727.4461300,N,12217.3483340,W,30.6382,145.9019,040121,,,,
$GPGGA,220815.44,3727.4325040,N,12217.3363280,W,1,0,0.0,123.7900,M,0.0000,M,0.0000,0
$GPRMC,220815.44,A,3727.4325040,N,12217.3363280,W,30.9512,144.0137,040121,,,,
$GPGGA,220816.44,3727.4190520,N,12217.3236740,W,1,0,0.0,123.5713,M,0.0000,M,0.0000,0
$GPRMC,220816.44,A,3727.4190520,N,12217.3236740,W,31.2507,142.2188,040121,,,,
$GPGGA,220817.44,3727.4058160,N,12217.3103780,W,1,0,0.0,123.4720,M,0.0000,M,0.0000,0
$GPRMC,220817.44,A,3727.4058160,N,12217.3103780,W,31.4812,140.2843,040121,,,,
$GPGGA,220818.44,3727.3928740,N,12217.2964160,W,1,0,0.0,123.4357,M,0.0000,M,0.0000,0
$GPRMC,220818.44,A,3727.3928740,N,12217.2964160,W,31.6916,138.2537,040121,,,,
$GPGGA,220819.44,3727.3802740,N,12217.2817640,W,1,0,0.0,123.6084,M,0.0000,M,0.0000,0
$GPRMC,220819.44,A,3727.3802740,N,12217.2817640,W,31.8822,136.1852,040121,,,,
$GPGGA,220820.44,3727.3679860,N,12217.2665120,W,1,0,0.0,123.8886,M,0.0000,M,0.0000,0
$GPRMC,220820.44,A,3727.3679860,N,12217.2665120,W,32.0274,134.2358,040121,,,,
$GPGGA,220821.44,3727.3562080,N,12217.2507440,W,1,0,0.0,124.2927,M,0.0000,M,0.0000,0
$GPRMC,220821.44,A,3727.3562080,N,12217.2507440,W,31.6510,131.7383,040121,,,,
$GPGGA,220822.44,3727.3450600,N,12217.2346220,W,1,0,0.0,124.7650,M,0.0000,M,0.0000,0
$GPRMC,220822.44,A,3727.3450600,N,12217.2346220,W,31.3262,130.3369,040121,,,,
$GPGGA,220823.44,3727.3342120,N,12217.2184100,W,1,0,0.0,125.1557,M,0.0000,M,0.0000,0
$GPRMC,220823.44,A,3727.3342120,N,12217.2184100,W,31.1270,129.6445,040121,,,,
$GPGGA,220824.44,3727.3234840,N,12217.2022100,W,1,0,0.0,125.5335,M,0.0000,M,0.0000,0
$GPRMC,220824.44,A,3727.3234840,N,12217.2022100,W,30.9789,129.6677,040121,,,,
$GPGGA,220825.44,3727.3128460,N,12217.1860700,W,1,0,0.0,126.0450,M,0.0000,M,0.0000,0
$GPRMC,220825.44,A,3727.3128460,N,12217.1860700,W,30.7734,129.2225,040121,,,,
$GPGGA,220826.44,3727.3023700,N,12217.1699780,W,1,0,0.0,126.6720,M,0.0000,M,0.0000,0
$GPRMC,220826.44,A,3727.3023700,N,12217.1699780,W,30.5024,129.2518,040121,,,,
$GPGGA,220827.44,3727.2919120,N,12217.1540780,W,1,0,0.0,127.3737,M,0.0000,M,0.0000,0
$GPRMC,220827.44,A,3727.2919120,N,12217.1540780,W,30.2985,129.5520,040121,,,,
$GPGGA,220828.44,3727.2815080,N,12217.1382920,W,1,0,0.0,128.0215,M,0.0000,M,0.0000,0
$GPRMC,220828.44,A,3727.2815080,N,12217.1382920,W,30.1271,129.3635,040121,,,,
$GPGGA,220829.44,3727.2711820,N,12217.1225480,W,1,0,0.0,128.6801,M,0.0000,M,0.0000,0
$GPRMC,220829.44,A,3727.2711820,N,12217.1225480,W,30.0020,129.3363,040121,,,,
$GPGGA,220830.44,3727.2609100,N,12217.1068520,W,1,0,0.0,129.3227,M,0.0000,M,0.0000,0
$GPRMC,220830.44,A,3727.2609100,N,12217.1068520,W,29.8871,129.2562,040121,,,,
$GPGGA,220831.44,3727.2506740,N,12217.0912220,W,1,0,0.0,129.9895,M,0.0000,M,0.0000,0
$GPRMC,220831.44,A,3727.2506740,N,12217.0912220,W,29.7771,129.3011,040121,,,,
$GPGGA,220832.44,3727.2404740,N,12217.0756520,W,1,0,0.0,130.6227,M,0.0000,M,0.0000,0
$GPRMC,220832.44,A,3727.2404740,N,12217.0756520,W,29.6775,129.5789,040121,,,,
$GPGGA,220833.44,3727.2302320,N,12217.0602140,W,1,0,0.0,131.2631,M,0.0000,M,0.0000,0
$GPRMC,220833.44,A,3727.2302320,N,12217.0602140,W,29.5349,129.6289,040121,,,,
$GPGGA,220834.44,3727.2200860,N,12217.0448240,W,1,0,0.0,131.9158,M,0.0000,M,0.0000,0
$GPRMC,220834.44,A,3727.2200860,N,12217.0448240,W,29.3937,129.4036,040121,,,,
$GPGGA,220835.44,3727.2099940,N,12217.0294400,W,1,0,0.0,132.5947,M,0.0000,M,0.0000,0
$GPRMC,220835.44,A,3727.2099940,N,12217.0294400,W,29.3685,129.2955,040121,,,,
$GPGGA,220836.44,3727.1999320,N,12217.0140380,W,1,0,0.0,133.2502,M,0.0000,M,0.0000,0
$GPRMC,220836.44,A,3727.1999320,N,12217.0140380,W,29.3556,129.1816,040121,,,,
$GPGGA,220837.44,3727.1898820,N,12216.9986360,W,1,0,0.0,133.8322,M,0.0000,M,0.0000,0
$GPRMC,220837.44,A,3727.1898820,N,12216.9986360,W,29.3387,129.2363,040121,,,,
$GPGGA,220838.44,3727.1798320,N,12216.9832640,W,1,0,0.0,134.4275,M,0.0000,M,0.0000,0
$GPRMC,220838.44,A,3727.1798320,N,12216.9832640,W,29.2953,129.5135,040121,,,,
$GPGGA,220839.44,3727.1697100,N,12216.9679760,W,1,0,0.0,134.9702,M,0.0000,M,0.0000,0
$GPRMC,220839.44,A,3727.1697100,N,12216.9679760,W,29.3383,129.6380,040121,,,,
$GPGGA,220840.44,3727.1596060,N,12216.9526400,W,1,0,0.0,135.4545,M,0.0000,M,0.0000,0
$GPRMC,220840.44,A,3727.1596060,N,12216.9526400,W,29.3187,129.3865,040121,,,,
$GPGGA,220841.44,3727.1495440,N,12216.9373160,W,1,0,0.0,135.9132,M,0.0000,M,0.0000,0
$GPRMC,220841.44,A,3727.1495440,N,12216.9373160,W,29.2346,129.4510,040121,,,,
$GPGGA,220842.44,3727.1394940,N,12216.9220460,W,1,0,0.0,136.2884,M,0.0000,M,0.0000,0
$GPRMC,220842.44,A,3727.1394940,N,12216.9220460,W,29.1824,129.4928,040121,,,,
$GPGGA,220843.44,3727.1294440,N,12216.9068060,W,1,0,0.0,136.6082,M,0.0000,M,0.0000,0
$GPRMC,220843.44,A,3727.1294440,N,12216.9068060,W,29.1441,129.5035,040121,,,,
$GPGGA,220844.44,3727.1194120,N,12216.8915480,W,1,0,0.0,136.9012,M,0.0000,M,0.0000,0
$GPRMC,220844.44,A,3727.1194120,N,12216.8915480,W,29.2013,129.3470,040121,,,,
$GPGGA,220845.44,3727.1093740,N,12216.8762240,W,1,0,0.0,137.1292,M,0.0000,M,0.0000,0
$GPRMC,220845.44,A,3727.1093740,N,12216.8762240,W,29.3137,129.3550,040121,,,,
$GPGGA,220846.44,3727.0992760,N,12216.8608460,W,1,0,0.0,137.3322,M,0.0000,M,0.0000,0
$GPRMC,220846.44,A,3727.0992760,N,12216.8608460,W,29.4556,129.4692,040121,,,,
$GPGGA,220847.44,3727.0891180,N,12216.8454080,W,1,0,0.0,137.4547,M,0.0000,M,0.0000,0
$GPRMC,220847.44,A,3727.0891180,N,12216.8454080,W,29.5811,129.3670,040121,,,,
$GPGGA,220848.44,3727.0789660,N,12216.8298740,W,1,0,0.0,137.5431,M,0.0000,M,0.0000,0
$GPRMC,220848.44,A,3727.0789660,N,12216.8298740,W,29.6598,129.2794,040121,,,,
$GPGGA,220849.44,3727.0687960,N,12216.8143100,W,1,0,0.0,137.5711,M,0.0000,M,0.0000,0
$GPRMC,220849.44,A,3727.0687960,N,12216.8143100,W,29.6976,129.1514,040121,,,,
$GPGGA,220850.44,3727.0586320,N,12216.7987040,W,1,0,0.0,137.5609,M,0.0000,M,0.0000,0
$GPRMC,220850.44,A,3727.0586320,N,12216.7987040,W,29.7422,129.4730,040121,,,,
$GPGGA,220851.44,3727.0483780,N,12216.7831100,W,1,0,0.0,137.4543,M,0.0000,M,0.0000,0
$GPRMC,220851.44,A,3727.0483780,N,12216.7831100,W,29.8726,129.3534,040121,,,,
$GPGGA,220852.44,3727.0380940,N,12216.7674560,W,1,0,0.0,137.3485,M,0.0000,M,0.0000,0
$GPRMC,220852.44,A,3727.0380940,N,12216.7674560,W,29.9563,129.5965,040121,,,,
$GPGGA,220853.44,3727.0277560,N,12216.7517900,W,1,0,0.0,137.1365,M,0.0000,M,0.0000,0
$GPRMC,220853.44,A,3727.0277560,N,12216.7517900,W,30.0243,129.4796,040121,,,,
$GPGGA,220854.44,3727.0174240,N,12216.7360760,W,1,0,0.0,136.8913,M,0.0000,M,0.0000,0
$GPRMC,220854.44,A,3727.0174240,N,12216.7360760,W,30.0446,129.3761,040121,,,,
$GPGGA,220855.44,3727.0071040,N,12216.7203380,W,1,0,0.0,136.5559,M,0.0000,M,0.0000,0
$GPRMC,220855.44,A,3727.0071040,N,12216.7203380,W,30.0659,129.4055,040121,,,,
$GPGGA,220856.44,3726.9967480,N,12216.7046180,W,1,0,0.0,136.1573,M,0.0000,M,0.0000,0
$GPRMC,220856.44,A,3726.9967480,N,12216.7046180,W,30.0560,129.6035,040121,,,,
$GPGGA,220857.44,3726.9863620,N,12216.6889460,W,1,0,0.0,135.7656,M,0.0000,M,0.0000,0
$GPRMC,220857.44,A,3726.9863620,N,12216.6889460,W,30.0677,129.6776,040121,,,,
$GPGGA,220858.44,3726.9759700,N,12216.6732380,W,1,0,0.0,135.2879,M,0.0000,M,0.0000,0
$GPRMC,220858.44,A,3726.9759700,N,12216.6732380,W,30.1632,129.5672,040121,,,,
$GPGGA,220859.44,3726.9655360,N,12216.6574700,W,1,0,0.0,134.7925,M,0.0000,M,0.0000,0
$GPRMC,220859.44,A,3726.9655360,N,12216.6574700,W,30.2780,129.6723,040121,,,,
$GPGGA,220900.44,3726.9550300,N,12216.6416480,W,1,0,0.0,134.2094,M,0.0000,M,0.0000,0
$GPRMC,220900.44,A,3726.9550300,N,12216.6416480,W,30.4575,129.7782,040121,,,,
$GPGGA,220901.44,3726.9444100,N,12216.6257720,W,1,0,0.0,133.5295,M,0.0000,M,0.0000,0
$GPRMC,220901.44,A,3726.9444100,N,12216.6257720,W,30.6653,130.0692,040121,,,,
$GPGGA,220902.44,3726.9336700,N,12216.6098540,W,1,0,0.0,132.7767,M,0.0000,M,0.0000,0
$GPRMC,220902.44,A,3726.9336700,N,12216.6098540,W,30.8323,130.3309,040121,,,,
$GPGGA,220903.44,3726.9228100,N,12216.5939300,W,1,0,0.0,131.9739,M,0.0000,M,0.0000,0
$GPRMC,220903.44,A,3726.9228100,N,12216.5939300,W,30.9670,130.6821,040121,,,,
$GPGGA,220904.44,3726.9118180,N,12216.5780300,W,1,0,0.0,131.0708,M,0.0000,M,0.0000,0
$GPRMC,220904.44,A,3726.9118180,N,12216.5780300,W,31.1073,131.0455,040121,,,,
$GPGGA,220905.44,3726.9007060,N,12216.5621540,W,1,0,0.0,130.1899,M,0.0000,M,0.0000,0
$GPRMC,220905.44,A,3726.9007060,N,12216.5621540,W,31.1951,131.2598,040121,,,,
$GPGGA,220906.44,3726.8895520,N,12216.5462420,W,1,0,0.0,129.3088,M,0.0000,M,0.0000,0
$GPRMC,220906.44,A,3726.8895520,N,12216.5462420,W,31.2961,131.2276,040121,,,,
$GPGGA,220907.44,3726.8783800,N,12216.5302760,W,1,0,0.0,128.3928,M,0.0000,M,0.0000,0
$GPRMC,220907.44,A,3726.8783800,N,12216.5302760,W,31.3616,131.0815,040121,,,,
$GPGGA,220908.44,3726.8672440,N,12216.5142500,W,1,0,0.0,127.4949,M,0.0000,M,0.0000,0
$GPRMC,220908.44,A,3726.8672440,N,12216.5142500,W,31.3346,131.0067,040121,,,,
$GPGGA,220909.44,3726.8561140,N,12216.4982480,W,1,0,0.0,126.5709,M,0.0000,M,0.0000,0
$GPRMC,220909.44,A,3726.8561140,N,12216.4982480,W,31.3061,131.1758,040121,,,,
$GPGGA,220910.44,3726.8449360,N,12216.4823180,W,1,0,0.0,125.6710,M,0.0000,M,0.0000,0
$GPRMC,220910.44,A,3726.8449360,N,12216.4823180,W,31.2813,131.3345,040121,,,,
$GPGGA,220911.44,3726.8337460,N,12216.4664300,W,1,0,0.0,124.7755,M,0.0000,M,0.0000,0
$GPRMC,220911.44,A,3726.8337460,N,12216.4664300,W,31.2596,131.4789,040121,,,,
$GPGGA,220912.44,3726.8225320,N,12216.4505780,W,1,0,0.0,123.9023,M,0.0000,M,0.0000,0
$GPRMC,220912.44,A,3726.8225320,N,12216.4505780,W,31.2557,131.4596,040121,,,,
$GPGGA,220913.44,3726.8113240,N,12216.4347080,W,1,0,0.0,123.1079,M,0.0000,M,0.0000,0
$GPRMC,220913.44,A,3726.8113240,N,12216.4347080,W,31.2356,131.3021,040121,,,,
$GPGGA,220914.44,3726.8002060,N,12216.4188140,W,1,0,0.0,122.4255,M,0.0000,M,0.0000,0
$GPRMC,220914.44,A,3726.8002060,N,12216.4188140,W,31.1680,131.1663,040121,,,,
$GPGGA,220915.44,3726.7891180,N,12216.4029380,W,1,0,0.0,121.8508,M,0.0000,M,0.0000,0
$GPRMC,220915.44,A,3726.7891180,N,12216.4029380,W,31.0909,131.1774,040121,,,,
$GPGGA,220916.44,3726.7780480,N,12216.3871160,W,1,0,0.0,121.4441,M,0.0000,M,0.0000,0
$GPRMC,220916.44,A,3726.7780480,N,12216.3871160,W,30.9668,131.1487,040121,,,,
$GPGGA,220917.44,3726.7670680,N,12216.3713360,W,1,0,0.0,121.1458,M,0.0000,M,0.0000,0
$GPRMC,220917.44,A,3726.7670680,N,12216.3713360,W,30.8090,131.1438,040121,,,,
$GPGGA,220918.44,3726.7561360,N,12216.3556820,W,1,0,0.0,120.9090,M,0.0000,M,0.0000,0
$GPRMC,220918.44,A,3726.7561360,N,12216.3556820,W,30.5772,131.1370,040121,,,,
$GPGGA,220919.44,3726.7454260,N,12216.3399920,W,1,0,0.0,120.7610,M,0.0000,M,0.0000,0
$GPRMC,220919.44,A,3726.7454260,N,12216.3399920,W,30.3360,129.7133,040121,,,,
$GPGGA,220920.44,3726.7352020,N,12216.3240320,W,1,0,0.0,120.6513,M,0.0000,M,0.0000,0
$GPRMC,220920.44,A,3726.7352020,N,12216.3240320,W,30.0782,127.8662,040121,,,,
$GPGGA,220921.44,3726.7254460,N,12216.3078200,W,1,0,0.0,120.5934,M,0.0000,M,0.0000,0
$GPRMC,220921.44,A,3726.7254460,N,12216.3078200,W,29.8393,126.2593,040121,,,,
$GPGGA,220922.44,3726.7160920,N,12216.2914280,W,1,0,0.0,120.6170,M,0.0000,M,0.0000,0
$GPRMC,220922.44,A,3726.7160920,N,12216.2914280,W,29.6307,124.8498,040121,,,,
$GPGGA,220923.44,3726.7071760,N,12216.2747900,W,1,0,0.0,120.7199,M,0.0000,M,0.0000,0
$GPRMC,220923.44,A,3726.7071760,N,12216.2747900,W,29.5309,122.9889,040121,,,,
$GPGGA,220924.44,3726.6986500,N,12216.2578820,W,1,0,0.0,120.9161,M,0.0000,M,0.0000,0
$GPRMC,220924.44,A,3726.6986500,N,12216.2578820,W,29.4699,121.7023,040121,,,,
$GPGGA,220925.44,3726.6904720,N,12216.2407700,W,1,0,0.0,121.2272,M,0.0000,M,0.0000,0
$GPRMC,220925.44,A,3726.6904720,N,12216.2407700,W,29.3964,120.1182,040121,,,,
$GPGGA,220926.44,3726.6826720,N,12216.2234240,W,1,0,0.0,121.5229,M,0.0000,M,0.0000,0
$GPRMC,220926.44,A,3726.6826720,N,12216.2234240,W,29.3264,118.6222,040121,,,,
$GPGGA,220927.44,3726.6752980,N,12216.2058560,W,1,0,0.0,121.8726,M,0.0000,M,0.0000,0
$GPRMC,220927.44,A,3726.6752980,N,12216.2058560,W,29.2655,117.0041,040121,,,,
$GPGGA,220928.44,3726.6683020,N,12216.1880780,W,1,0,0.0,122.2292,M,0.0000,M,0.0000,0
$GPRMC,220928.44,A,3726.6683020,N,12216.1880780,W,29.2082,115.4352,040121,,,,
$GPGGA,220929.44,3726.6617260,N,12216.1700840,W,1,0,0.0,122.4979,M,0.0000,M,0.0000,0
$GPRMC,220929.44,A,3726.6617260,N,12216.1700840,W,29.1604,113.8346,040121,,,,
$GPGGA,220930.44,3726.6555280,N,12216.1519340,W,1,0,0.0,122.8170,M,0.0000,M,0.0000,0
$GPRMC,220930.44,A,3726.6555280,N,12216.1519340,W,29.1040,112.4661,040121,,,,
$GPGGA,220931.44,3726.6497440,N,12216.1336160,W,1,0,0.0,123.2392,M,0.0000,M,0.0000,0
$GPRMC,220931.44,A,3726.6497440,N,12216.1336160,W,28.9890,110.6686,040121,,,,
$GPGGA,220932.44,3726.6444220,N,12216.1151480,W,1,0,0.0,123.5637,M,0.0000,M,0.0000,0
$GPRMC,220932.44,A,3726.6444220,N,12216.1151480,W,28.9421,109.0626,040121,,,,
$GPGGA,220933.44,3726.6395380,N,12216.0965180,W,1,0,0.0,123.8974,M,0.0000,M,0.0000,0
$GPRMC,220933.44,A,3726.6395380,N,12216.0965180,W,28.9143,107.1845,040121,,,,
$GPGGA,220934.44,3726.6351100,N,12216.0777260,W,1,0,0.0,124.2132,M,0.0000,M,0.0000,0
$GPRMC,220934.44,A,3726.6351100,N,12216.0777260,W,28.8923,105.7661,040121,,,,
$GPGGA,220935.44,3726.6310180,N,12216.0588200,W,1,0,0.0,124.5389,M,0.0000,M,0.0000,0
$GPRMC,220935.44,A,3726.6310180,N,12216.0588200,W,28.8839,104.5855,040121,,,,
$GPGGA,220936.44,3726.6272680,N,12216.0398240,W,1,0,0.0,124.8989,M,0.0000,M,0.0000,0
$GPRMC,220936.44,A,3726.6272680,N,12216.0398240,W,28.8734,103.2267,040121,,,,
$GPGGA,220937.44,3726.6238720,N,12216.0207200,W,1,0,0.0,125.2229,M,0.0000,M,0.0000,0
$GPRMC,220937.44,A,3726.6238720,N,12216.0207200,W,28.8567,101.7777,040121,,,,
$GPGGA,220938.44,3726.6209140,N,12216.0015200,W,1,0,0.0,125.5524,M,0.0000,M,0.0000,0
$GPRMC,220938.44,A,3726.6209140,N,12216.0015200,W,28.8415,100.0124,040121,,,,
$GPGGA,220939.44,3726.6184480,N,12215.9822000,W,1,0,0.0,125.8644,M,0.0000,M,0.0000,0
$GPRMC,220939.44,A,3726.6184480,N,12215.9822000,W,28.8810,98.1310,040121,,,,
$GPGGA,220940.44,3726.6164260,N,12215.9627660,W,1,0,0.0,126.1411,M,0.0000,M,0.0000,0
$GPRMC,220940.44,A,3726.6164260,N,12215.9627660,W,28.9289,96.7456,040121,,,,
$GPGGA,220941.44,3726.6147640,N,12215.9432300,W,1,0,0.0,126.3901,M,0.0000,M,0.0000,0
$GPRMC,220941.44,A,3726.6147640,N,12215.9432300,W,29.0784,95.3323,040121,,,,
$GPGGA,220942.44,3726.6135100,N,12215.9234960,W,1,0,0.0,126.5957,M,0.0000,M,0.0000,0
$GPRMC,220942.44,A,3726.6135100,N,12215.9234960,W,29.2995,93.7651,040121,,,,
$GPGGA,220943.44,3726.6126940,N,12215.9035760,W,1,0,0.0,126.7380,M,0.0000,M,0.0000,0
$GPRMC,220943.44,A,3726.6126940,N,12215.9035760,W,29.5453,92.0274,040121,,,,
$GPGGA,220944.44,3726.6123580,N,12215.8834760,W,1,0,0.0,126.8567,M,0.0000,M,0.0000,0
$GPRMC,220944.44,A,3726.6123580,N,12215.8834760,W,29.7710,90.4003,040121,,,,
$GPGGA,220945.44,3726.6124180,N,12215.8632020,W,1,0,0.0,126.8867,M,0.0000,M,0.0000,0
$GPRMC,220945.44,A,3726.6124180,N,12215.8632020,W,30.0489,89.2408,040121,,,,
$GPGGA,220946.44,3726.6127780,N,12215.8427240,W,1,0,0.0,126.8383,M,0.0000,M,0.0000,0
$GPRMC,220946.44,A,3726.6127780,N,12215.8427240,W,30.3587,87.9539,040121,,,,
$GPGGA,220947.44,3726.6136480,N,12215.8221380,W,1,0,0.0,126.8388,M,0.0000,M,0.0000,0
$GPRMC,220947.44,A,3726.6136480,N,12215.8221380,W,30.3828,85.8403,040121,,,,
$GPGGA,220948.44,3726.6151060,N,12215.8016540,W,1,0,0.0,126.7757,M,0.0000,M,0.0000,0
$GPRMC,220948.44,A,3726.6151060,N,12215.8016540,W,30.2893,83.9738,040121,,,,
$GPGGA,220949.44,3726.6169720,N,12215.7812660,W,1,0,0.0,126.6351,M,0.0000,M,0.0000,0
$GPRMC,220949.44,A,3726.6169720,N,12215.7812660,W,30.2788,82.8858,040121,,,,
$GPGGA,220950.44,3726.6190900,N,12215.7608840,W,1,0,0.0,126.3666,M,0.0000,M,0.0000,0
$GPRMC,220950.44,A,3726.6190900,N,12215.7608840,W,30.3765,82.1216,040121,,,,
$GPGGA,220951.44,3726.6213940,N,12215.7404180,W,1,0,0.0,126.0673,M,0.0000,M,0.0000,0
$GPRMC,220951.44,A,3726.6213940,N,12215.7404180,W,30.5814,81.7985,040121,,,,
$GPGGA,220952.44,3726.6237040,N,12215.7198140,W,1,0,0.0,125.7638,M,0.0000,M,0.0000,0
$GPRMC,220952.44,A,3726.6237040,N,12215.7198140,W,30.7968,82.0812,040121,,,,
$GPGGA,220953.44,3726.6259060,N,12215.6990480,W,1,0,0.0,125.5171,M,0.0000,M,0.0000,0
$GPRMC,220953.44,A,3726.6259060,N,12215.6990480,W,30.9688,82.5400,040121,,,,
$GPGGA,220954.44,3726.6280840,N,12215.6782280,W,1,0,0.0,125.3120,M,0.0000,M,0.0000,0
$GPRMC,220954.44,A,3726.6280840,N,12215.6782280,W,30.9509,82.2904,040121,,,,
$GPGGA,220955.44,3726.6303580,N,12215.6574500,W,1,0,0.0,125.1148,M,0.0000,M,0.0000,0
$GPRMC,220955.44,A,3726.6303580,N,12215.6574500,W,30.9140,81.9312,040121,,,,
$GPGGA,220956.44,3726.6326800,N,12215.6367260,W,1,0,0.0,124.9406,M,0.0000,M,0.0000,0
$GPRMC,220956.44,A,3726.6326800,N,12215.6367260,W,30.8013,81.8673,040121,,,,
$GPGGA,220957.44,3726.6350080,N,12215.6161040,W,1,0,0.0,124.7206,M,0.0000,M,0.0000,0
$GPRMC,220957.44,A,3726.6350080,N,12215.6161040,W,30.6439,81.9500,040121,,,,
$GPGGA,220958.44,3726.6372220,N,12215.5955540,W,1,0,0.0,124.4016,M,0.0000,M,0.0000,0
$GPRMC,220958.44,A,3726.6372220,N,12215.5955540,W,30.5361,82.5416,040121,,,,
$GPGGA,220959.44,3726.6392080,N,12215.5750220,W,1,0,0.0,124.0091,M,0.0000,M,0.0000,0
$GPRMC,220959.44,A,3726.6392080,N,12215.5750220,W,30.4703,83.6771,040121,,,,
$GPGGA,221000.44,3726.6407500,N,12215.5544360,W,1,0,0.0,123.5558,M,0.0000,M,0.0000,0
$GPRMC,221000.44,A,3726.6407500,N,12215.5544360,W,30.5383,85.4326,040121,,,,
$GPGGA,221001.44,3726.6417760,N,12215.5337240,W,1,0,0.0,123.0630,M,0.0000,M,0.0000,0
$GPRMC,221001.44,A,3726.6417760,N,12215.5337240,W,30.6868,87.4584,040121,,,,
$GPGGA,221002.44,3726.6421120,N,12215.5128860,W,1,0,0.0,122.4711,M,0.0000,M,0.0000,0
$GPRMC,221002.44,A,3726.6421120,N,12215.5128860,W,30.7991,89.9278,040121,,,,
$GPGGA,221003.44,3726.6418480,N,12215.4919700,W,1,0,0.0,121.7927,M,0.0000,M,0.0000,0
$GPRMC,221003.44,A,3726.6418480,N,12215.4919700,W,30.8933,91.8648,040121,,,,
$GPGGA,221004.44,3726.6410260,N,12215.4710300,W,1,0,0.0,121.0489,M,0.0000,M,0.0000,0
$GPRMC,221004.44,A,3726.6410260,N,12215.4710300,W,30.9359,93.5772,040121,,,,
$GPGGA,221005.44,3726.6396940,N,12215.4501380,W,1,0,0.0,120.2395,M,0.0000,M,0.0000,0
$GPRMC,221005.44,A,3726.6396940,N,12215.4501380,W,30.8813,95.4208,040121,,,,
$GPGGA,221006.44,3726.6378220,N,12215.4293720,W,1,0,0.0,119.3397,M,0.0000,M,0.0000,0
$GPRMC,221006.44,A,3726.6378220,N,12215.4293720,W,30.7519,97.5405,040121,,,,
$GPGGA,221007.44,3726.6352960,N,12215.4088160,W,1,0,0.0,118.3962,M,0.0000,M,0.0000,0
$GPRMC,221007.44,A,3726.6352960,N,12215.4088160,W,30.6078,99.7495,040121,,,,
$GPGGA,221008.44,3726.6322000,N,12215.3884820,W,1,0,0.0,117.3621,M,0.0000,M,0.0000,0
$GPRMC,221008.44,A,3726.6322000,N,12215.3884820,W,30.4757,101.6674,040121,,,,
$GPGGA,221009.44,3726.6286120,N,12215.3683520,W,1,0,0.0,116.2549,M,0.0000,M,0.0000,0
$GPRMC,221009.44,A,3726.6286120,N,12215.3683520,W,30.3708,103.3921,040121,,,,
$GPGGA,221010.44,3726.6245380,N,12215.3484320,W,1,0,0.0,115.1001,M,0.0000,M,0.0000,0
$GPRMC,221010.44,A,3726.6245380,N,12215.3484320,W,30.2917,105.1541,040121,,,,
$GPGGA,221011.44,3726.6199660,N,12215.3287280,W,1,0,0.0,113.8601,M,0.0000,M,0.0000,0
$GPRMC,221011.44,A,3726.6199660,N,12215.3287280,W,30.2811,107.2033,040121,,,,
$GPGGA,221012.44,3726.6148300,N,12215.3092040,W,1,0,0.0,112.6374,M,0.0000,M,0.0000,0
$GPRMC,221012.44,A,3726.6148300,N,12215.3092040,W,30.3464,109.1320,040121,,,,
$GPGGA,221013.44,3726.6092020,N,12215.2898660,W,1,0,0.0,111.4069,M,0.0000,M,0.0000,0
$GPRMC,221013.44,A,3726.6092020,N,12215.2898660,W,30.3818,110.7683,040121,,,,
$GPGGA,221014.44,3726.6030940,N,12215.2707260,W,1,0,0.0,110.1833,M,0.0000,M,0.0000,0
$GPRMC,221014.44,A,3726.6030940,N,12215.2707260,W,30.4296,112.7554,040121,,,,
$GPGGA,221015.44,3726.5964340,N,12215.2518440,W,1,0,0.0,108.9576,M,0.0000,M,0.0000,0
$GPRMC,221015.44,A,3726.5964340,N,12215.2518440,W,30.4877,114.7789,040121,,,,
$GPGGA,221016.44,3726.5892340,N,12215.2332320,W,1,0,0.0,107.7066,M,0.0000,M,0.0000,0
$GPRMC,221016.44,A,3726.5892340,N,12215.2332320,W,30.5483,116.8618,040121,,,,
$GPGGA,221017.44,3726.5814940,N,12215.2149140,W,1,0,0.0,106.4804,M,0.0000,M,0.0000,0
$GPRMC,221017.44,A,3726.5814940,N,12215.2149140,W,30.5982,118.8740,040121,,,,
$GPGGA,221018.44,3726.5732140,N,12215.1969380,W,1,0,0.0,105.2517,M,0.0000,M,0.0000,0
$GPRMC,221018.44,A,3726.5732140,N,12215.1969380,W,30.6490,120.9900,040121,,,,
$GPGGA,221019.44,3726.5644060,N,12215.1793100,W,1,0,0.0,104.0269,M,0.0000,M,0.0000,0
$GPRMC,221019.44,A,3726.5644060,N,12215.1793100,W,30.7103,123.0131,040121,,,,
$GPGGA,221020.44,3726.5550460,N,12215.1621140,W,1,0,0.0,102.7899,M,0.0000,M,0.0000,0
$GPRMC,221020.44,A,3726.5550460,N,12215.1621140,W,30.7047,125.5219,040121,,,,
$GPGGA,221021.44,3726.5450320,N,12215.1455300,W,1,0,0.0,101.5148,M,0.0000,M,0.0000,0
$GPRMC,221021.44,A,3726.5450320,N,12215.1455300,W,30.6664,128.6049,040121,,,,
$GPGGA,221022.44,3726.5344240,N,12215.1295700,W,1,0,0.0,100.3606,M,0.0000,M,0.0000,0
$GPRMC,221022.44,A,3726.5344240,N,12215.1295700,W,30.6182,130.7458,040121,,,,
$GPGGA,221023.44,3726.5233900,N,12215.1140960,W,1,0,0.0,99.0321,M,0.0000,M,0.0000,0
$GPRMC,221023.44,A,3726.5233900,N,12215.1140960,W,30.6844,132.4095,040121,,,,
$GPGGA,221024.44,3726.5120440,N,12215.0987240,W,1,0,0.0,97.6944,M,0.0000,M,0.0000,0
$GPRMC,221024.44,A,3726.5120440,N,12215.0987240,W,31.1257,132.9369,040121,,,,
$GPGGA,221025.44,3726.5004520,N,12215.0832080,W,1,0,0.0,96.5972,M,0.0000,M,0.0000,0
$GPRMC,221025.44,A,3726.5004520,N,12215.0832080,W,31.5875,133.2363,040121,,,,
$GPGGA,221026.44,3726.4886260,N,12215.0676200,W,1,0,0.0,95.4296,M,0.0000,M,0.0000,0
$GPRMC,221026.44,A,3726.4886260,N,12215.0676200,W,31.8555,133.7653,040121,,,,
$GPGGA,221027.44,3726.4766320,N,12215.0520380,W,1,0,0.0,94.1482,M,0.0000,M,0.0000,0
$GPRMC,221027.44,A,3726.4766320,N,12215.0520380,W,31.9936,133.9380,040121,,,,
$GPGGA,221028.44,3726.4646260,N,12215.0364260,W,1,0,0.0,92.8486,M,0.0000,M,0.0000,0
$GPRMC,221028.44,A,3726.4646260,N,12215.0364260,W,31.9456,133.8348,040121,,,,
$GPGGA,221029.44,3726.4526920,N,12215.0208380,W,1,0,0.0,91.6383,M,0.0000,M,0.0000,0
$GPRMC,221029.44,A,3726.4526920,N,12215.0208380,W,31.8324,133.7399,040121,,,,
$GPGGA,221030.44,3726.4408000,N,12215.0052800,W,1,0,0.0,90.3446,M,0.0000,M,0.0000,0
$GPRMC,221030.44,A,3726.4408000,N,12215.0052800,W,31.7341,133.7854,040121,,,,
$GPGGA,221031.44,3726.4289320,N,12214.9898120,W,1,0,0.0,89.0999,M,0.0000,M,0.0000,0
$GPRMC,221031.44,A,3726.4289320,N,12214.9898120,W,31.6038,133.7939,040121,,,,
$GPGGA,221032.44,3726.4170940,N,12214.9744040,W,1,0,0.0,87.8231,M,0.0000,M,0.0000,0
$GPRMC,221032.44,A,3726.4170940,N,12214.9744040,W,31.5148,133.9253,040121,,,,
$GPGGA,221033.44,3726.4052800,N,12214.9590440,W,1,0,0.0,86.5764,M,0.0000,M,0.0000,0
$GPRMC,221033.44,A,3726.4052800,N,12214.9590440,W,31.4294,133.8365,040121,,,,
$GPGGA,221034.44,3726.3935080,N,12214.9437320,W,1,0,0.0,85.3813,M,0.0000,M,0.0000,0
$GPRMC,221034.44,A,3726.3935080,N,12214.9437320,W,31.3405,133.7946,040121,,,,
$GPGGA,221035.44,3726.3817420,N,12214.9284800,W,1,0,0.0,84.1862,M,0.0000,M,0.0000,0
$GPRMC,221035.44,A,3726.3817420,N,12214.9284800,W,31.2505,133.9664,040121,,,,
$GPGGA,221036.44,3726.3699880,N,12214.9133000,W,1,0,0.0,82.8188,M,0.0000,M,0.0000,0
$GPRMC,221036.44,A,3726.3699880,N,12214.9133000,W,31.1749,134.2271,040121,,,,
$GPGGA,221037.44,3726.3581800,N,12214.8982340,W,1,0,0.0,81.5043,M,0.0000,M,0.0000,0
$GPRMC,221037.44,A,3726.3581800,N,12214.8982340,W,31.1194,134.6278,040121,,,,
$GPGGA,221038.44,3726.3463720,N,12214.8832940,W,1,0,0.0,80.2739,M,0.0000,M,0.0000,0
$GPRMC,221038.44,A,3726.3463720,N,12214.8832940,W,30.9005,134.7748,040121,,,,
$GPGGA,221039.44,3726.3346420,N,12214.8686240,W,1,0,0.0,78.9996,M,0.0000,M,0.0000,0
$GPRMC,221039.44,A,3726.3346420,N,12214.8686240,W,30.3034,135.1989,040121,,,,
$GPGGA,221040.44,3726.3231640,N,12214.8543920,W,1,0,0.0,77.8361,M,0.0000,M,0.0000,0
$GPRMC,221040.44,A,3726.3231640,N,12214.8543920,W,29.3399,135.2673,040121,,,,
$GPGGA,221041.44,3726.3121480,N,12214.8407960,W,1,0,0.0,76.6263,M,0.0000,M,0.0000,0
$GPRMC,221041.44,A,3726.3121480,N,12214.8407960,W,27.7545,135.6812,040121,,,,
$GPGGA,221042.44,3726.3016300,N,12214.8281720,W,1,0,0.0,75.6492,M,0.0000,M,0.0000,0
$GPRMC,221042.44,A,3726.3016300,N,12214.8281720,W,26.1050,136.9297,040121,,,,
$GPGGA,221043.44,3726.2913880,N,12214.8166040,W,1,0,0.0,74.6209,M,0.0000,M,0.0000,0
$GPRMC,221043.44,A,3726.2913880,N,12214.8166040,W,25.0462,138.6734,040121,,,,
$GPGGA,221044.44,3726.2812360,N,12214.8057260,W,1,0,0.0,73.5617,M,0.0000,M,0.0000,0
$GPRMC,221044.44,A,3726.2812360,N,12214.8057260,W,24.3995,139.9430,040121,,,,
$GPGGA,221045.44,3726.2710900,N,12214.7952260,W,1,0,0.0,72.5097,M,0.0000,M,0.0000,0
$GPRMC,221045.44,A,3726.2710900,N,12214.7952260,W,24.3193,140.8154,040121,,,,
$GPGGA,221046.44,3726.2609260,N,12214.7848040,W,1,0,0.0,71.5090,M,0.0000,M,0.0000,0
$GPRMC,221046.44,A,3726.2609260,N,12214.7848040,W,24.3008,140.5179,040121,,,,
$GPGGA,221047.44,3726.2507500,N,12214.7743820,W,1,0,0.0,70.5007,M,0.0000,M,0.0000,0
$GPRMC,221047.44,A,3726.2507500,N,12214.7743820,W,24.2961,140.9628,040121,,,,
$GPGGA,221048.44,3726.2405440,N,12214.7640320,W,1,0,0.0,69.5249,M,0.0000,M,0.0000,0
$GPRMC,221048.44,A,3726.2405440,N,12214.7640320,W,24.2665,140.9623,040121,,,,
$GPGGA,221049.44,3726.2303860,N,12214.7536220,W,1,0,0.0,68.5318,M,0.0000,M,0.0000,0
$GPRMC,221049.44,A,3726.2303860,N,12214.7536220,W,24.2470,140.6304,040121,,,,
$GPGGA,221050.44,3726.2202640,N,12214.7431940,W,1,0,0.0,67.5008,M,0.0000,M,0.0000,0
$GPRMC,221050.44,A,3726.2202640,N,12214.7431940,W,24.2386,140.7427,040121,,,,
$GPGGA,221051.44,3726.2101720,N,12214.7327000,W,1,0,0.0,66.3984,M,0.0000,M,0.0000,0
$GPRMC,221051.44,A,3726.2101720,N,12214.7327000,W,24.2558,139.9348,040121,,,,
$GPGGA,221052.44,3726.2002120,N,12214.7219660,W,1,0,0.0,65.1424,M,0.0000,M,0.0000,0
$GPRMC,221052.44,A,3726.2002120,N,12214.7219660,W,24.3271,138.7646,040121,,,,
$GPGGA,221053.44,3726.1903000,N,12214.7110880,W,1,0,0.0,63.8213,M,0.0000,M,0.0000,0
$GPRMC,221053.44,A,3726.1903000,N,12214.7110880,W,24.4024,138.7783,040121,,,,
$GPGGA,221054.44,3726.1804120,N,12214.7001980,W,1,0,0.0,62.5256,M,0.0000,M,0.0000,0
$GPRMC,221054.44,A,3726.1804120,N,12214.7001980,W,24.1922,138.6101,040121,,,,
$GPGGA,221055.44,3726.1707580,N,12214.6895360,W,1,0,0.0,61.2723,M,0.0000,M,0.0000,0
$GPRMC,221055.44,A,3726.1707580,N,12214.6895360,W,23.2181,138.5087,040121,,,,
$GPGGA,221056.44,3726.1616920,N,12214.6795040,W,1,0,0.0,60.1093,M,0.0000,M,0.0000,0
$GPRMC,221056.44,A,3726.1616920,N,12214.6795040,W,21.4415,138.5551,040121,,,,
$GPGGA,221057.44,3726.1533940,N,12214.6703360,W,1,0,0.0,59.1133,M,0.0000,M,0.0000,0
$GPRMC,221057.44,A,3726.1533940,N,12214.6703360,W,19.3926,138.5673,040121,,,,
$GPGGA,221058.44,3726.1460380,N,12214.6622180,W,1,0,0.0,58.3098,M,0.0000,M,0.0000,0
$GPRMC,221058.44,A,3726.1460380,N,12214.6622180,W,16.8293,138.7578,040121,,,,
$GPGGA,221059.44,3726.1397260,N,12214.6553000,W,1,0,0.0,57.8105,M,0.0000,M,0.0000,0
$GPRMC,221059.44,A,3726.1397260,N,12214.6553000,W,14.1584,138.7639,040121,,,,
$GPGGA,221100.44,3726.1344700,N,12214.6495340,W,1,0,0.0,57.4940,M,0.0000,M,0.0000,0
$GPRMC,221100.44,A,3726.1344700,N,12214.6495340,W,11.7483,138.7611,040121,,,,
$GPGGA,221101.44,3726.1301440,N,12214.6447640,W,1,0,0.0,57.3218,M,0.0000,M,0.0000,0
$GPRMC,221101.44,A,3726.1301440,N,12214.6447640,W,9.6602,138.8074,040121,,,,
$GPGGA,221102.44,3726.1265800,N,12214.6408640,W,1,0,0.0,57.2034,M,0.0000,M,0.0000,0
$GPRMC,221102.44,A,3726.1265800,N,12214.6408640,W,7.8613,138.8944,040121,,,,
$GPGGA,221103.44,3726.1236940,N,12214.6376540,W,1,0,0.0,57.1293,M,0.0000,M,0.0000,0
$GPRMC,221103.44,A,3726.1236940,N,12214.6376540,W,6.4754,138.1928,040121,,,,
$GPGGA,221104.44,3726.1213540,N,12214.6349960,W,1,0,0.0,57.0183,M,0.0000,M,0.0000,0
$GPRMC,221104.44,A,3726.1213540,N,12214.6349960,W,5.0808,137.9891,040121,,,,
$GPGGA,221105.44,3726.1196320,N,12214.6330280,W,1,0,0.0,56.9644,M,0.0000,M,0.0000,0
$GPRMC,221105.44,A,3726.1196320,N,12214.6330280,W,3.6484,137.8409,040121,,,,
$GPGGA,221106.44,3726.1183780,N,12214.6315940,W,1,0,0.0,56.9088,M,0.0000,M,0.0000,0
$GPRMC,221106.44,A,3726.1183780,N,12214.6315940,W,2.6654,137.6563,040121,,,,
$GPGGA,221107.44,3726.1174780,N,12214.6305440,W,1,0,0.0,56.8679,M,0.0000,M,0.0000,0
$GPRMC,221107.44,A,3726.1174780,N,12214.6305440,W,1.8443,137.5196,040121,,,,
$GPGGA,221108.44,3726.1169380,N,12214.6299260,W,1,0,0.0,56.8453,M,0.0000,M,0.0000,0
$GPRMC,221108.44,A,3726.1169380,N,12214.6299260,W,0.8094,137.4476,040121,,,,
$GPGGA,221109.44,3726.1168240,N,12214.6297940,W,1,0,0.0,56.8332,M,0.0000,M,0.0000,0
$GPRMC,221109.44,A,3726.1168240,N,12214.6297940,W,0.0091,137.4228,040121,,,,
$GPGGA,221110.44,3726.1168240,N,12214.6297940,W,1,0,0.0,56.8340,M,0.0000,M,0.0000,0
$GPRMC,221110.44,A,3726.1168240,N,12214.6297940,W,0.0017,137.4266,040121,,,,
$GPGGA,221111.44,3726.1168240,N,12214.6297940,W,1,0,0.0,56.8330,M,0.0000,M,0.0000,0
$GPRMC,221111.44,A,3726.1168240,N,12214.6297940,W,0.0012,137.4257,040121,,,,
$GPGGA,221112.44,3726.1168240,N,12214.6297940,W,1,0,0.0,56.8330,M,0.0000,M,0.0000,0
$GPRMC,221112.44,A,3726.1168240,N,12214.6297940,W,0.0010,137.4266,040121,,,,
$GPGGA,221113.44,3726.1168240,N,12214.6297940,W,1,0,0.0,56.8330,M,0.0000,M,0.0000,0
$GPRMC,221113.44,A,3726.1168240,N,12214.6297940,W,0.0004,137.4259,040121,,,,
$GPGGA,221114.44,3726.1168240,N,12214.6297940,W,1,0,0.0,56.8330,M,0.0000,M,0.0000,0
$GPRMC,221114.44,A,3726.1168240,N,12214.6297940,W,0.0010,137.4260,040121,,,,
$GPGGA,221115.44,3726.1168240,N,12214.6297940,W,1,0,0.0,56.8330,M,0.0000,M,0.0000,0
$GPRMC,221115.44,A,3726.1168240,N,12214.6297940,W,0.0010,137.4265,040121,,,,
$GPGGA,221116.44,3726.1168240,N,12214.6297940,W,1,0,0.0,56.8330,M,0.0000,M,0.0000,0
$GPRMC,221116.44,A,3726.1168240,N,12214.6297940,W,0.0000,137.4267,040121,,,,
$GPGGA,221117.44,3726.1168240,N,12214.6297940,W,1,0,0.0,56.8330,M,0.0000,M,0.0000,0
$GPRMC,221117.44,A,3726.1168240,N,12214.6297940,W,0.0000,137.4276,040121,,,,
$GPGGA,221118.44,3726.1168240,N,12214.6297940,W,1,0,0.0,56.8330,M,0.0000,M,0.0000,0
$GPRMC,221118.44,A,3726.1168240,N,12214.6297940,W,0.0000,137.4275,040121,,,,
$GPGGA,221119.44,3726.1168240,N,12214.6297940,W,1,0,0.0,56.8330,M,0.0000,M,0.0000,0
$GPRMC,221119.44,A,3726.1168240,N,12214.6297940,W,0.0000,137.4271,040121,,,,
$GPGGA,221120.44,3726.1168240,N,12214.6297940,W,1,0,0.0,56.8330,M,0.0000,M,0.0000,0
$GPRMC,221120.44,A,3726.1168240,N,12214.6297940,W,0.0013,137.4271,040121,,,,
$GPGGA,221121.44,3726.1168240,N,12214.6297940,W,1,0,0.0,56.8330,M,0.0000,M,0.0000,0
$GPRMC,221121.44,A,3726.1168240,N,12214.6297940,W,0.0018,137.4268,040121,,,,
$GPGGA,221122.44,3726.1168240,N,12214.6297940,W,1,0,0.0,56.8330,M,0.0000,M,0.0000,0
$GPRMC,221122.44,A,3726.1168240,N,12214.6297940,W,0.0000,137.4268,040121,,,,
$GPGGA,221123.44,3726.1168240,N,12214.6297940,W,1,0,0.0,56.8330,M,0.0000,M,0.0000,0
$GPRMC,221123.44,A,3726.1168240,N,12214.6297940,W,0.0010,137.4270,040121,,,,
$GPGGA,221124.44,3726.1168240,N,12214.6297940,W,1,0,0.0,56.8330,M,0.0000,M,0.0000,0
$GPRMC,221124.44,A,3726.1168240,N,12214.6297940,W,0.0010,137.4276,040121,,,,
$GPGGA,221125.44,3726.1168240,N,12214.6297940,W,1,0,0.0,56.8330,M,0.0000,M,0.0000,0
$GPRMC,221125.44,A,3726.1168240,N,12214.6297940,W,0.0010,137.4263,040121,,,,
$GPGGA,221126.44,3726.1168240,N,12214.6297940,W,1,0,0.0,56.8330,M,0.0000,M,0.0000,0
$GPRMC,221126.44,A,3726.1168240,N,12214.6297940,W,0.0010,137.4263,040121,,,,
$GPGGA,221127.44,3726.1168240,N,12214.6297940,W,1,0,0.0,56.8330,M,0.0000,M,0.0000,0
$GPRMC,221127.44,A,3726.1168240,N,12214.6297940,W,0.0010,137.4261,040121,,,,
$GPGGA,221128.44,3726.1168240,N,12214.6297940,W,1,0,0.0,56.8330,M,0.0000,M,0.0000,0
$GPRMC,221128.44,A,3726.1168240,N,12214.6297940,W,0.0010,137.4256,040121,,,,
$GPGGA,221129.44,3726.1168240,N,12214.6297940,W,1,0,0.0,56.8330,M,0.0000,M,0.0000,0
$GPRMC,221129.44,A,3726.1168240,N,12214.6297940,W,0.0006,137.4253,040121,,,,
$GPGGA,221130.44,3726.1168240,N,12214.6297940,W,1,0,0.0,56.8330,M,0.0000,M,0.0000,0
$GPRMC,221130.44,A,3726.1168240,N,12214.6297940,W,0.0000,137.4249,040121,,,,
$GPGGA,221131.44,3726.1168240,N,12214.6298000,W,1,0,0.0,56.8330,M,0.0000,M,0.0000,0
$GPRMC,221131.44,A,3726.1168240,N,12214.6298000,W,0.0000,137.4253,040121,,,,
$GPGGA,221132.44,3726.1167940,N,12214.6297700,W,1,0,0.0,56.8266,M,0.0000,M,0.0000,0
$GPRMC,221132.44,A,3726.1167940,N,12214.6297700,W,0.3086,137.4103,040121,,,,
$GPGGA,221133.44,3726.1164580,N,12214.6293620,W,1,0,0.0,56.8112,M,0.0000,M,0.0000,0
$GPRMC,221133.44,A,3726.1164580,N,12214.6293620,W,1.5080,137.0453,040121,,,,
$GPGGA,221134.44,3726.1156120,N,12214.6282940,W,1,0,0.0,56.7718,M,0.0000,M,0.0000,0
$GPRMC,221134.44,A,3726.1156120,N,12214.6282940,W,3.0118,135.2948,040121,,,,
$GPGGA,221135.44,3726.1142320,N,12214.6262660,W,1,0,0.0,56.6871,M,0.0000,M,0.0000,0
$GPRMC,221135.44,A,3726.1142320,N,12214.6262660,W,4.7930,130.1805,040121,,,,
$GPGGA,221136.44,3726.1126000,N,12214.6229780,W,1,0,0.0,56.5133,M,0.0000,M,0.0000,0
$GPRMC,221136.44,A,3726.1126000,N,12214.6229780,W,6.6156,120.2950,040121,,,,
$GPGGA,221137.44,3726.1112680,N,12214.6185620,W,1,0,0.0,56.4015,M,0.0000,M,0.0000,0
$GPRMC,221137.44,A,3726.1112680,N,12214.6185620,W,7.1419,107.4823,040121,,,,
$GPGGA,221138.44,3726.1110520,N,12214.6137620,W,1,0,0.0,56.2312,M,0.0000,M,0.0000,0
$GPRMC,221138.44,A,3726.1110520,N,12214.6137620,W,7.0715,86.5031,040121,,,,
$GPGGA,221139.44,3726.1126060,N,12214.6093220,W,1,0,0.0,56.0893,M,0.0000,M,0.0000,0
$GPRMC,221139.44,A,3726.1126060,N,12214.6093220,W,7.4242,62.1817,040121,,,,
$GPGGA,221140.44,3726.1148200,N,12214.6046120,W,1,0,0.0,55.8139,M,0.0000,M,0.0000,0
$GPRMC,221140.44,A,3726.1148200,N,12214.6046120,W,8.8471,59.5619,040121,,,,
$GPGGA,221141.44,3726.1174540,N,12214.5989600,W,1,0,0.0,55.5113,M,0.0000,M,0.0000,0
$GPRMC,221141.44,A,3726.1174540,N,12214.5989600,W,10.4714,59.5858,040121,,,,
$GPGGA,221142.44,3726.1204360,N,12214.5925520,W,1,0,0.0,55.1441,M,0.0000,M,0.0000,0
$GPRMC,221142.44,A,3726.1204360,N,12214.5925520,W,11.1535,59.8089,040121,,,,
$GPGGA,221143.44,3726.1234900,N,12214.5859640,W,1,0,0.0,54.7728,M,0.0000,M,0.0000,0
$GPRMC,221143.44,A,3726.1234900,N,12214.5859640,W,11.3022,59.6648,040121,,,,
$GPGGA,221144.44,3726.1265740,N,12214.5793040,W,1,0,0.0,54.3955,M,0.0000,M,0.0000,0
$GPRMC,221144.44,A,3726.1265740,N,12214.5793040,W,11.3901,59.6716,040121,,,,
$GPGGA,221145.44,3726.1296580,N,12214.5727160,W,1,0,0.0,54.0065,M,0.0000,M,0.0000,0
$GPRMC,221145.44,A,3726.1296580,N,12214.5727160,W,10.9409,59.5212,040121,,,,
$GPGGA,221146.44,3726.1325200,N,12214.5666860,W,1,0,0.0,53.6435,M,0.0000,M,0.0000,0
$GPRMC,221146.44,A,3726.1325200,N,12214.5666860,W,9.6684,59.2324,040121,,,,
$GPGGA,221147.44,3726.1349560,N,12214.5615140,W,1,0,0.0,53.3266,M,0.0000,M,0.0000,0
$GPRMC,221147.44,A,3726.1349560,N,12214.5615140,W,7.9889,59.3382,040121,,,,
$GPGGA,221148.44,3726.1368820,N,12214.5574400,W,1,0,0.0,53.0933,M,0.0000,M,0.0000,0
$GPRMC,221148.44,A,3726.1368820,N,12214.5574400,W,5.9666,59.4473,040121,,,,
$GPGGA,221149.44,3726.1382500,N,12214.5545840,W,1,0,0.0,52.9334,M,0.0000,M,0.0000,0
$GPRMC,221149.44,A,3726.1382500,N,12214.5545840,W,3.9529,58.9569,040121,,,,
$GPGGA,221150.44,3726.1391740,N,12214.5527120,W,1,0,0.0,52.8231,M,0.0000,M,0.0000,0
$GPRMC,221150.44,A,3726.1391740,N,12214.5527120,W,2.5455,58.3015,040121,,,,
$GPGGA,221151.44,3726.1397500,N,12214.5515900,W,1,0,0.0,52.7491,M,0.0000,M,0.0000,0
$GPRMC,221151.44,A,3726.1397500,N,12214.5515900,W,1.3894,57.9611,040121,,,,
$GPGGA,221152.44,3726.1399660,N,12214.5511640,W,1,0,0.0,52.7193,M,0.0000,M,0.0000,0
$GPRMC,221152.44,A,3726.1399660,N,12214.5511640,W,0.1589,57.8546,040121,,,,
$GPGGA,221153.44,3726.1399660,N,12214.5511580,W,1,0,0.0,52.7140,M,0.0000,M,0.0000,0
$GPRMC,221153.44,A,3726.1399660,N,12214.5511580,W,0.0026,57.8499,040121,,,,
$GPGGA,221154.44,3726.1399660,N,12214.5511580,W,1,0,0.0,52.7140,M,0.0000,M,0.0000,0
$GPRMC,221154.44,A,3726.1399660,N,12214.5511580,W,0.0009,57.8487,040121,,,,
$GPGGA,221155.44,3726.1399660,N,12214.5511580,W,1,0,0.0,52.7140,M,0.0000,M,0.0000,0
$GPRMC,221155.44,A,3726.1399660,N,12214.5511580,W,0.0010,57.8486,040121,,,,
$GPGGA,221156.44,3726.1399660,N,12214.5511580,W,1,0,0.0,52.7140,M,0.0000,M,0.0000,0
$GPRMC,221156.44,A,3726.1399660,N,12214.5511580,W,0.0010,57.8489,040121,,,,
$GPGGA,221157.44,3726.1399660,N,12214.5511580,W,1,0,0.0,52.7130,M,0.0000,M,0.0000,0
$GPRMC,221157.44,A,3726.1399660,N,12214.5511580,W,0.0010,57.8491,040121,,,,
$GPGGA,221158.44,3726.1399660,N,12214.5511580,W,1,0,0.0,52.7056,M,0.0000,M,0.0000,0
$GPRMC,221158.44,A,3726.1399660,N,12214.5511580,W,0.0010,57.8493,040121,,,,
$GPGGA,221159.44,3726.1399660,N,12214.5511580,W,1,0,0.0,52.7040,M,0.0000,M,0.0000,0
$GPRMC,221159.44,A,3726.1399660,N,12214.5511580,W,0.0013,57.8490,040121,,,,
$GPGGA,221200.44,3726.1399660,N,12214.5511580,W,1,0,0.0,52.7040,M,0.0000,M,0.0000,0
$GPRMC,221200.44,A,3726.1399660,N,12214.5511580,W,0.0010,57.8487,040121,,,,
$GPGGA,221201.44,3726.1399660,N,12214.5511580,W,1,0,0.0,52.7040,M,0.0000,M,0.0000,0
$GPRMC,221201.44,A,3726.1399660,N,12214.5511580,W,0.0010,57.8491,040121,,,,
$GPGGA,221202.44,3726.1399660,N,12214.5511580,W,1,0,0.0,52.7040,M,0.0000,M,0.0000,0
$GPRMC,221202.44,A,3726.1399660,N,12214.5511580,W,0.0010,57.8488,040121,,,,
$GPGGA,221203.44,3726.1399660,N,12214.5511580,W,1,0,0.0,52.7040,M,0.0000,M,0.0000,0
$GPRMC,221203.44,A,3726.1399660,N,12214.5511580,W,0.0006,57.8488,040121,,,,
$GPGGA,221204.44,3726.1399660,N,12214.5511580,W,1,0,0.0,52.7040,M,0.0000,M,0.0000,0
$GPRMC,221204.44,A,3726.1399660,N,12214.5511580,W,0.0006,57.8488,040121,,,,
$GPGGA,221205.44,3726.1399660,N,12214.5511580,W,1,0,0.0,52.7040,M,0.0000,M,0.0000,0
$GPRMC,221205.44,A,3726.1399660,N,12214.5511580,W,0.0010,57.8490,040121,,,,
$GPGGA,221206.44,3726.1399660,N,12214.5511580,W,1,0,0.0,52.7040,M,0.0000,M,0.0000,0
$GPRMC,221206.44,A,3726.1399660,N,12214.5511580,W,0.0010,57.8491,040121,,,,
$GPGGA,221207.44,3726.1399660,N,12214.5511580,W,1,0,0.0,52.7040,M,0.0000,M,0.0000,0
$GPRMC,221207.44,A,3726.1399660,N,12214.5511580,W,0.0000,57.8492,040121,,,,
$GPGGA,221208.44,3726.1399660,N,12214.5511580,W,1,0,0.0,52.7040,M,0.0000,M,0.0000,0
$GPRMC,221208.44,A,3726.1399660,N,12214.5511580,W,0.0006,57.8490,040121,,,,
$GPGGA,221209.44,3726.1399660,N,12214.5511580,W,1,0,0.0,52.7040,M,0.0000,M,0.0000,0
$GPRMC,221209.44,A,3726.1399660,N,12214.5511580,W,0.0004,57.8489,040121,,,,
$GPGGA,221210.44,3726.1399660,N,12214.5511580,W,1,0,0.0,52.7040,M,0.0000,M,0.0000,0
$GPRMC,221210.44,A,3726.1399660,N,12214.5511580,W,0.0006,57.8487,040121,,,,
$GPGGA,221211.44,3726.1399660,N,12214.5511580,W,1,0,0.0,52.7040,M,0.0000,M,0.0000,0
$GPRMC,221211.44,A,3726.1399660,N,12214.5511580,W,0.0006,57.8486,040121,,,,
$GPGGA,221212.44,3726.1399660,N,12214.5511580,W,1,0,0.0,52.7040,M,0.0000,M,0.0000,0
$GPRMC,221212.44,A,3726.1399660,N,12214.5511580,W,0.0000,57.8486,040121,,,,
$GPGGA,221213.44,3726.1399660,N,12214.5511580,W,1,0,0.0,52.7040,M,0.0000,M,0.0000,0
$GPRMC,221213.44,A,3726.1399660,N,12214.5511580,W,0.0000,57.8483,040121,,,,
$GPGGA,221214.44,3726.1399660,N,12214.5511580,W,1,0,0.0,52.7040,M,0.0000,M,0.0000,0
$GPRMC,221214.44,A,3726.1399660,N,12214.5511580,W,0.0006,57.8484,040121,,,,
$GPGGA,221215.44,3726.1399660,N,12214.5511580,W,1,0,0.0,52.7050,M,0.0000,M,0.0000,0
$GPRMC,221215.44,A,3726.1399660,N,12214.5511580,W,0.0000,57.8484,040121,,,,
$GPGGA,221216.44,3726.1399660,N,12214.5511580,W,1,0,0.0,52.7050,M,0.0000,M,0.0000,0
$GPRMC,221216.44,A,3726.1399660,N,12214.5511580,W,0.0010,57.8485,040121,,,,
$GPGGA,221217.44,3726.1399660,N,12214.5511580,W,1,0,0.0,52.7050,M,0.0000,M,0.0000,0
$GPRMC,221217.44,A,3726.1399660,N,12214.5511580,W,0.0013,57.8484,040121,,,,
$GPGGA,221218.44,3726.1399660,N,12214.5511580,W,1,0,0.0,52.7050,M,0.0000,M,0.0000,0
$GPRMC,221218.44,A,3726.1399660,N,12214.5511580,W,0.0012,57.8484,040121,,,,
$GPGGA,221219.44,3726.1399660,N,12214.5511580,W,1,0,0.0,52.7050,M,0.0000,M,0.0000,0
$GPRMC,221219.44,A,3726.1399660,N,12214.5511580,W,0.0010,57.8486,040121,,,,
$GPGGA,221220.44,3726.1399660,N,12214.5511580,W,1,0,0.0,52.7040,M,0.0000,M,0.0000,0
$GPRMC,221220.44,A,3726.1399660,N,12214.5511580,W,0.0013,57.8485,040121,,,,
$GPGGA,221221.44,3726.1399660,N,12214.5511580,W,1,0,0.0,52.7030,M,0.0000,M,0.0000,0
$GPRMC,221221.44,A,3726.1399660,N,12214.5511580,W,0.0012,57.8486,040121,,,,
$GPGGA,221222.44,3726.1399660,N,12214.5511580,W,1,0,0.0,52.7020,M,0.0000,M,0.0000,0
$GPRMC,221222.44,A,3726.1399660,N,12214.5511580,W,0.0020,57.8484,040121,,,,
$GPGGA,221223.44,3726.1400260,N,12214.5510380,W,1,0,0.0,52.6839,M,0.0000,M,0.0000,0
$GPRMC,221223.44,A,3726.1400260,N,12214.5510380,W,0.6406,57.7291,040121,,,,
$GPGGA,221224.44,3726.1405060,N,12214.5503000,W,1,0,0.0,52.6341,M,0.0000,M,0.0000,0
$GPRMC,221224.44,A,3726.1405060,N,12214.5503000,W,2.1539,54.0101,040121,,,,
$GPGGA,221225.44,3726.1417060,N,12214.5491480,W,1,0,0.0,52.5429,M,0.0000,M,0.0000,0
$GPRMC,221225.44,A,3726.1417060,N,12214.5491480,W,3.4111,39.9630,040121,,,,
$GPGGA,221226.44,3726.1438540,N,12214.5482540,W,1,0,0.0,52.4676,M,0.0000,M,0.0000,0
$GPRMC,221226.44,A,3726.1438540,N,12214.5482540,W,4.9155,18.3000,040121,,,,
$GPGGA,221227.44,3726.1469560,N,12214.5483380,W,1,0,0.0,52.3109,M,0.0000,M,0.0000,0
$GPRMC,221227.44,A,3726.1469560,N,12214.5483380,W,6.5335,355.6115,040121,,,,
$GPGGA,221228.44,3726.1505920,N,12214.5501200,W,1,0,0.0,52.1605,M,0.0000,M,0.0000,0
$GPRMC,221228.44,A,3726.1505920,N,12214.5501200,W,7.8828,333.2496,040121,,,,
$GPGGA,221229.44,3726.1538920,N,12214.5540020,W,1,0,0.0,52.0340,M,0.0000,M,0.0000,0
$GPRMC,221229.44,A,3726.1538920,N,12214.5540020,W,8.9233,310.5085,040121,,,,
$GPGGA,221230.44,3726.1565260,N,12214.5595640,W,1,0,0.0,52.2855,M,0.0000,M,0.0000,0
$GPRMC,221230.44,A,3726.1565260,N,12214.5595640,W,10.2936,298.3566,040121,,,,
$GPGGA,221231.44,3726.1591960,N,12214.5663200,W,1,0,0.0,52.6266,M,0.0000,M,0.0000,0
$GPRMC,221231.44,A,3726.1591960,N,12214.5663200,W,11.9601,295.7416,040121,,,,
$GPGGA,221232.44,3726.1622140,N,12214.5741500,W,1,0,0.0,53.1725,M,0.0000,M,0.0000,0
$GPRMC,221232.44,A,3726.1622140,N,12214.5741500,W,13.6837,295.6705,040121,,,,
$GPGGA,221233.44,3726.1656640,N,12214.5829880,W,1,0,0.0,53.8587,M,0.0000,M,0.0000,0
$GPRMC,221233.44,A,3726.1656640,N,12214.5829880,W,15.3487,296.1298,040121,,,,
$GPGGA,221234.44,3726.1695880,N,12214.5927680,W,1,0,0.0,54.7268,M,0.0000,M,0.0000,0
$GPRMC,221234.44,A,3726.1695880,N,12214.5927680,W,16.8758,296.9638,040121,,,,
$GPGGA,221235.44,3726.1739800,N,12214.6033460,W,1,0,0.0,55.7276,M,0.0000,M,0.0000,0
$GPRMC,221235.44,A,3726.1739800,N,12214.6033460,W,18.3309,297.5542,040121,,,,
$GPGGA,221236.44,3726.1788100,N,12214.6147460,W,1,0,0.0,56.7875,M,0.0000,M,0.0000,0
$GPRMC,221236.44,A,3726.1788100,N,12214.6147460,W,19.7685,298.1781,040121,,,,
$GPGGA,221237.44,3726.1842040,N,12214.6268540,W,1,0,0.0,57.9673,M,0.0000,M,0.0000,0
$GPRMC,221237.44,A,3726.1842040,N,12214.6268540,W,21.1087,299.9213,040121,,,,
$GPGGA,221238.44,3726.1903480,N,12214.6392560,W,1,0,0.0,59.2429,M,0.0000,M,0.0000,0
$GPRMC,221238.44,A,3726.1903480,N,12214.6392560,W,22.0000,303.3800,040121,,,,
$GPGGA,221239.44,3726.1974280,N,12214.6516520,W,1,0,0.0,60.5439,M,0.0000,M,0.0000,0
$GPRMC,221239.44,A,3726.1974280,N,12214.6516520,W,23.0061,307.4152,040121,,,,
$GPGGA,221240.44,3726.2055100,N,12214.6639280,W,1,0,0.0,61.9886,M,0.0000,M,0.0000,0
$GPRMC,221240.44,A,3726.2055100,N,12214.6639280,W,23.9591,311.0470,040121,,,,
$GPGGA,221241.44,3726.2143420,N,12214.6762400,W,1,0,0.0,63.5096,M,0.0000,M,0.0000,0
$GPRMC,221241.44,A,3726.2143420,N,12214.6762400,W,24.8788,312.3177,040121,,,,
$GPGGA,221242.44,3726.2235820,N,12214.6889240,W,1,0,0.0,64.9288,M,0.0000,M,0.0000,0
$GPRMC,221242.44,A,3726.2235820,N,12214.6889240,W,25.8316,312.4269,040121,,,,
$GPGGA,221243.44,3726.2332180,N,12214.7020100,W,1,0,0.0,66.1656,M,0.0000,M,0.0000,0
$GPRMC,221243.44,A,3726.2332180,N,12214.7020100,W,26.7032,312.7952,040121,,,,
$GPGGA,221244.44,3726.2432680,N,12214.7154680,W,1,0,0.0,67.3074,M,0.0000,M,0.0000,0
$GPRMC,221244.44,A,3726.2432680,N,12214.7154680,W,27.6743,313.1888,040121,,,,
$GPGGA,221245.44,3726.2537320,N,12214.7293280,W,1,0,0.0,68.4600,M,0.0000,M,0.0000,0
$GPRMC,221245.44,A,3726.2537320,N,12214.7293280,W,28.5823,313.5443,040121,,,,
$GPGGA,221246.44,3726.2644900,N,12214.7432780,W,1,0,0.0,69.6322,M,0.0000,M,0.0000,0
$GPRMC,221246.44,A,3726.2644900,N,12214.7432780,W,28.5178,314.2983,040121,,,,
$GPGGA,221247.44,3726.2752600,N,12214.7569640,W,1,0,0.0,70.8708,M,0.0000,M,0.0000,0
$GPRMC,221247.44,A,3726.2752600,N,12214.7569640,W,28.2266,314.6866,040121,,,,
$GPGGA,221248.44,3726.2859760,N,12214.7705480,W,1,0,0.0,72.0372,M,0.0000,M,0.0000,0
$GPRMC,221248.44,A,3726.2859760,N,12214.7705480,W,28.1324,314.5281,040121,,,,
$GPGGA,221249.44,3726.2965840,N,12214.7842160,W,1,0,0.0,73.1902,M,0.0000,M,0.0000,0
$GPRMC,221249.44,A,3726.2965840,N,12214.7842160,W,28.1698,313.9542,040121,,,,
$GPGGA,221250.44,3726.3071320,N,12214.7979500,W,1,0,0.0,74.3902,M,0.0000,M,0.0000,0
$GPRMC,221250.44,A,3726.3071320,N,12214.7979500,W,28.0738,313.7040,040121,,,,
$GPGGA,221251.44,3726.3176380,N,12214.8116720,W,1,0,0.0,75.5147,M,0.0000,M,0.0000,0
$GPRMC,221251.44,A,3726.3176380,N,12214.8116720,W,28.0594,313.6446,040121,,,,
$GPGGA,221252.44,3726.3280600,N,12214.8254900,W,1,0,0.0,76.6588,M,0.0000,M,0.0000,0
$GPRMC,221252.44,A,3726.3280600,N,12214.8254900,W,28.0462,312.9489,040121,,,,
$GPGGA,221253.44,3726.3383740,N,12214.8394040,W,1,0,0.0,77.8046,M,0.0000,M,0.0000,0
$GPRMC,221253.44,A,3726.3383740,N,12214.8394040,W,27.9976,312.8902,040121,,,,
$GPGGA,221254.44,3726.3487240,N,12214.8532340,W,1,0,0.0,78.9391,M,0.0000,M,0.0000,0
$GPRMC,221254.44,A,3726.3487240,N,12214.8532340,W,27.9568,313.3069,040121,,,,
$GPGGA,221255.44,3726.3591160,N,12214.8669980,W,1,0,0.0,80.0668,M,0.0000,M,0.0000,0
$GPRMC,221255.44,A,3726.3591160,N,12214.8669980,W,27.9628,313.3014,040121,,,,
$GPGGA,221256.44,3726.3694720,N,12214.8808100,W,1,0,0.0,81.1901,M,0.0000,M,0.0000,0
$GPRMC,221256.44,A,3726.3694720,N,12214.8808100,W,27.9954,312.7979,040121,,,,
$GPGGA,221257.44,3726.3796960,N,12214.8948140,W,1,0,0.0,82.3230,M,0.0000,M,0.0000,0
$GPRMC,221257.44,A,3726.3796960,N,12214.8948140,W,27.9907,312.1070,040121,,,,
$GPGGA,221258.44,3726.3898060,N,12214.9089200,W,1,0,0.0,83.4405,M,0.0000,M,0.0000,0
$GPRMC,221258.44,A,3726.3898060,N,12214.9089200,W,27.9515,311.6364,040121,,,,
$GPGGA,221259.44,3726.3998680,N,12214.9230260,W,1,0,0.0,84.6166,M,0.0000,M,0.0000,0
$GPRMC,221259.44,A,3726.3998680,N,12214.9230260,W,27.8904,312.1989,040121,,,,
$GPGGA,221300.44,3726.4101220,N,12214.9368680,W,1,0,0.0,85.7426,M,0.0000,M,0.0000,0
$GPRMC,221300.44,A,3726.4101220,N,12214.9368680,W,27.8414,313.4285,040121,,,,
$GPGGA,221301.44,3726.4205200,N,12214.9505120,W,1,0,0.0,86.8842,M,0.0000,M,0.0000,0
$GPRMC,221301.44,A,3726.4205200,N,12214.9505120,W,27.8291,313.7574,040121,,,,
$GPGGA,221302.44,3726.4309480,N,12214.9641020,W,1,0,0.0,87.9920,M,0.0000,M,0.0000,0
$GPRMC,221302.44,A,3726.4309480,N,12214.9641020,W,27.7935,313.8278,040121,,,,
$GPGGA,221303.44,3726.4413700,N,12214.9776620,W,1,0,0.0,89.0682,M,0.0000,M,0.0000,0
$GPRMC,221303.44,A,3726.4413700,N,12214.9776620,W,27.7737,313.8904,040121,,,,
$GPGGA,221304.44,3726.4517860,N,12214.9911860,W,1,0,0.0,90.2031,M,0.0000,M,0.0000,0
$GPRMC,221304.44,A,3726.4517860,N,12214.9911860,W,27.7211,313.9816,040121,,,,
$GPGGA,221305.44,3726.4622380,N,12215.0046500,W,1,0,0.0,91.2907,M,0.0000,M,0.0000,0
$GPRMC,221305.44,A,3726.4622380,N,12215.0046500,W,27.6834,314.1659,040121,,,,
$GPGGA,221306.44,3726.4726600,N,12215.0180960,W,1,0,0.0,92.3692,M,0.0000,M,0.0000,0
$GPRMC,221306.44,A,3726.4726600,N,12215.0180960,W,27.6435,313.9020,040121,,,,
$GPGGA,221307.44,3726.4830160,N,12215.0315900,W,1,0,0.0,93.4797,M,0.0000,M,0.0000,0
$GPRMC,221307.44,A,3726.4830160,N,12215.0315900,W,27.5920,313.8819,040121,,,,
$GPGGA,221308.44,3726.4933540,N,12215.0450420,W,1,0,0.0,94.6538,M,0.0000,M,0.0000,0
$GPRMC,221308.44,A,3726.4933540,N,12215.0450420,W,27.5168,313.8875,040121,,,,
$GPGGA,221309.44,3726.5036680,N,12215.0584460,W,1,0,0.0,95.8183,M,0.0000,M,0.0000,0
$GPRMC,221309.44,A,3726.5036680,N,12215.0584460,W,27.4469,313.9269,040121,,,,
$GPGGA,221310.44,3726.5139220,N,12215.0718800,W,1,0,0.0,96.9797,M,0.0000,M,0.0000,0
$GPRMC,221310.44,A,3726.5139220,N,12215.0718800,W,27.3907,313.4476,040121,,,,
$GPGGA,221311.44,3726.5240380,N,12215.0854220,W,1,0,0.0,98.1305,M,0.0000,M,0.0000,0
$GPRMC,221311.44,A,3726.5240380,N,12215.0854220,W,27.3335,312.5873,040121,,,,
$GPGGA,221312.44,3726.5338540,N,12215.0992280,W,1,0,0.0,99.2535,M,0.0000,M,0.0000,0
$GPRMC,221312.44,A,3726.5338540,N,12215.0992280,W,27.2579,310.8546,040121,,,,
$GPGGA,221313.44,3726.5433100,N,12215.1133760,W,1,0,0.0,100.3192,M,0.0000,M,0.0000,0
$GPRMC,221313.44,A,3726.5433100,N,12215.1133760,W,27.1901,309.0517,040121,,,,
$GPGGA,221314.44,3726.5523820,N,12215.1278420,W,1,0,0.0,101.3873,M,0.0000,M,0.0000,0
$GPRMC,221314.44,A,3726.5523820,N,12215.1278420,W,27.0941,307.3595,040121,,,,
$GPGGA,221315.44,3726.5610700,N,12215.1425720,W,1,0,0.0,102.4783,M,0.0000,M,0.0000,0
$GPRMC,221315.44,A,3726.5610700,N,12215.1425720,W,26.9346,305.6241,040121,,,,
$GPGGA,221316.44,3726.5693620,N,12215.1575060,W,1,0,0.0,103.5512,M,0.0000,M,0.0000,0
$GPRMC,221316.44,A,3726.5693620,N,12215.1575060,W,26.7801,304.1208,040121,,,,
$GPGGA,221317.44,3726.5772880,N,12215.1726740,W,1,0,0.0,104.5963,M,0.0000,M,0.0000,0
$GPRMC,221317.44,A,3726.5772880,N,12215.1726740,W,26.7154,302.3661,040121,,,,
$GPGGA,221318.44,3726.5848420,N,12215.1880880,W,1,0,0.0,105.6683,M,0.0000,M,0.0000,0
$GPRMC,221318.44,A,3726.5848420,N,12215.1880880,W,26.7106,300.6754,040121,,,,
$GPGGA,221319.44,3726.5920840,N,12215.2037720,W,1,0,0.0,106.7107,M,0.0000,M,0.0000,0
$GPRMC,221319.44,A,3726.5920840,N,12215.2037720,W,26.7548,299.4645,040121,,,,
$GPGGA,221320.44,3726.5990260,N,12215.2197140,W,1,0,0.0,107.7778,M,0.0000,M,0.0000,0
$GPRMC,221320.44,A,3726.5990260,N,12215.2197140,W,26.8224,297.7228,040121,,,,
$GPGGA,221321.44,3726.6056080,N,12215.2359620,W,1,0,0.0,108.8471,M,0.0000,M,0.0000,0
$GPRMC,221321.44,A,3726.6056080,N,12215.2359620,W,26.9291,296.0256,040121,,,,
$GPGGA,221322.44,3726.6117820,N,12215.2525220,W,1,0,0.0,109.9395,M,0.0000,M,0.0000,0
$GPRMC,221322.44,A,3726.6117820,N,12215.2525220,W,27.0064,294.1056,040121,,,,
$GPGGA,221323.44,3726.6175180,N,12215.2693880,W,1,0,0.0,111.0178,M,0.0000,M,0.0000,0
$GPRMC,221323.44,A,3726.6175180,N,12215.2693880,W,27.0846,292.1842,040121,,,,
$GPGGA,221324.44,3726.6228760,N,12215.2865120,W,1,0,0.0,112.0723,M,0.0000,M,0.0000,0
$GPRMC,221324.44,A,3726.6228760,N,12215.2865120,W,27.1528,290.6767,040121,,,,
$GPGGA,221325.44,3726.6278680,N,12215.3038340,W,1,0,0.0,113.1532,M,0.0000,M,0.0000,0
$GPRMC,221325.44,A,3726.6278680,N,12215.3038340,W,27.2041,289.1083,040121,,,,
$GPGGA,221326.44,3726.6325360,N,12215.3213420,W,1,0,0.0,114.2448,M,0.0000,M,0.0000,0
$GPRMC,221326.44,A,3726.6325360,N,12215.3213420,W,27.2555,287.7401,040121,,,,
$GPGGA,221327.44,3726.6368320,N,12215.3390360,W,1,0,0.0,115.3223,M,0.0000,M,0.0000,0
$GPRMC,221327.44,A,3726.6368320,N,12215.3390360,W,27.2949,286.0415,040121,,,,
$GPGGA,221328.44,3726.6406780,N,12215.3569160,W,1,0,0.0,116.4156,M,0.0000,M,0.0000,0
$GPRMC,221328.44,A,3726.6406780,N,12215.3569160,W,27.3476,284.1280,040121,,,,
$GPGGA,221329.44,3726.6440680,N,12215.3749760,W,1,0,0.0,117.4891,M,0.0000,M,0.0000,0
$GPRMC,221329.44,A,3726.6440680,N,12215.3749760,W,27.3936,282.4016,040121,,,,
$GPGGA,221330.44,3726.6470560,N,12215.3931920,W,1,0,0.0,118.5062,M,0.0000,M,0.0000,0
$GPRMC,221330.44,A,3726.6470560,N,12215.3931920,W,27.4610,280.8003,040121,,,,
$GPGGA,221331.44,3726.6496180,N,12215.4115520,W,1,0,0.0,119.4526,M,0.0000,M,0.0000,0
$GPRMC,221331.44,A,3726.6496180,N,12215.4115520,W,27.5124,279.0691,040121,,,,
$GPGGA,221332.44,3726.6517420,N,12215.4300440,W,1,0,0.0,120.3482,M,0.0000,M,0.0000,0
$GPRMC,221332.44,A,3726.6517420,N,12215.4300440,W,27.5927,277.3203,040121,,,,
$GPGGA,221333.44,3726.6534340,N,12215.4487100,W,1,0,0.0,121.1922,M,0.0000,M,0.0000,0
$GPRMC,221333.44,A,3726.6534340,N,12215.4487100,W,27.8664,275.5798,040121,,,,
$GPGGA,221334.44,3726.6546760,N,12215.4676580,W,1,0,0.0,122.0146,M,0.0000,M,0.0000,0
$GPRMC,221334.44,A,3726.6546760,N,12215.4676580,W,28.1392,273.7558,040121,,,,
$GPGGA,221335.44,3726.6554320,N,12215.4866840,W,1,0,0.0,122.7256,M,0.0000,M,0.0000,0
$GPRMC,221335.44,A,3726.6554320,N,12215.4866840,W,28.0451,271.9602,040121,,,,
$GPGGA,221336.44,3726.6557140,N,12215.5056740,W,1,0,0.0,123.3885,M,0.0000,M,0.0000,0
$GPRMC,221336.44,A,3726.6557140,N,12215.5056740,W,27.9983,270.0377,040121,,,,
$GPGGA,221337.44,3726.6554980,N,12215.5246580,W,1,0,0.0,124.0097,M,0.0000,M,0.0000,0
$GPRMC,221337.44,A,3726.6554980,N,12215.5246580,W,28.0280,268.3488,040121,,,,
$GPGGA,221338.44,3726.6548680,N,12215.5436720,W,1,0,0.0,124.5314,M,0.0000,M,0.0000,0
$GPRMC,221338.44,A,3726.6548680,N,12215.5436720,W,28.1036,266.7452,040121,,,,
$GPGGA,221339.44,3726.6538180,N,12215.5627220,W,1,0,0.0,124.9572,M,0.0000,M,0.0000,0
$GPRMC,221339.44,A,3726.6538180,N,12215.5627220,W,28.2062,265.4445,040121,,,,
$GPGGA,221340.44,3726.6525100,N,12215.5817900,W,1,0,0.0,125.3287,M,0.0000,M,0.0000,0
$GPRMC,221340.44,A,3726.6525100,N,12215.5817900,W,28.2621,264.6026,040121,,,,
$GPGGA,221341.44,3726.6510040,N,12215.6008880,W,1,0,0.0,125.6310,M,0.0000,M,0.0000,0
$GPRMC,221341.44,A,3726.6510040,N,12215.6008880,W,28.3717,263.9657,040121,,,,
$GPGGA,221342.44,3726.6494320,N,12215.6200760,W,1,0,0.0,125.8746,M,0.0000,M,0.0000,0
$GPRMC,221342.44,A,3726.6494320,N,12215.6200760,W,28.5299,264.2102,040121,,,,
$GPGGA,221343.44,3726.6479380,N,12215.6393960,W,1,0,0.0,126.0432,M,0.0000,M,0.0000,0
$GPRMC,221343.44,A,3726.6479380,N,12215.6393960,W,28.7124,264.4399,040121,,,,
$GPGGA,221344.44,3726.6464380,N,12215.6588300,W,1,0,0.0,126.1897,M,0.0000,M,0.0000,0
$GPRMC,221344.44,A,3726.6464380,N,12215.6588300,W,28.8760,264.2815,040121,,,,
$GPGGA,221345.44,3726.6448780,N,12215.6783360,W,1,0,0.0,126.3952,M,0.0000,M,0.0000,0
$GPRMC,221345.44,A,3726.6448780,N,12215.6783360,W,28.9116,264.1065,040121,,,,
$GPGGA,221346.44,3726.6433060,N,12215.6978120,W,1,0,0.0,126.6052,M,0.0000,M,0.0000,0
$GPRMC,221346.44,A,3726.6433060,N,12215.6978120,W,28.8290,264.1519,040121,,,,
$GPGGA,221347.44,3726.6417520,N,12215.7172400,W,1,0,0.0,126.7696,M,0.0000,M,0.0000,0
$GPRMC,221347.44,A,3726.6417520,N,12215.7172400,W,28.7889,264.2240,040121,,,,
$GPGGA,221348.44,3726.6402220,N,12215.7366500,W,1,0,0.0,126.9470,M,0.0000,M,0.0000,0
$GPRMC,221348.44,A,3726.6402220,N,12215.7366500,W,28.7239,264.2571,040121,,,,
$GPGGA,221349.44,3726.6386800,N,12215.7559940,W,1,0,0.0,127.1126,M,0.0000,M,0.0000,0
$GPRMC,221349.44,A,3726.6386800,N,12215.7559940,W,28.6050,264.1299,040121,,,,
$GPGGA,221350.44,3726.6371200,N,12215.7752420,W,1,0,0.0,127.2264,M,0.0000,M,0.0000,0
$GPRMC,221350.44,A,3726.6371200,N,12215.7752420,W,28.4779,264.0712,040121,,,,
$GPGGA,221351.44,3726.6355720,N,12215.7944000,W,1,0,0.0,127.3451,M,0.0000,M,0.0000,0
$GPRMC,221351.44,A,3726.6355720,N,12215.7944000,W,28.3361,264.2445,040121,,,,
$GPGGA,221352.44,3726.6340540,N,12215.8134980,W,1,0,0.0,127.4645,M,0.0000,M,0.0000,0
$GPRMC,221352.44,A,3726.6340540,N,12215.8134980,W,28.2826,264.2836,040121,,,,
$GPGGA,221353.44,3726.6326260,N,12215.8325720,W,1,0,0.0,127.6155,M,0.0000,M,0.0000,0
$GPRMC,221353.44,A,3726.6326260,N,12215.8325720,W,28.2249,265.0758,040121,,,,
$GPGGA,221354.44,3726.6315400,N,12215.8516520,W,1,0,0.0,127.7125,M,0.0000,M,0.0000,0
$GPRMC,221354.44,A,3726.6315400,N,12215.8516520,W,28.2031,266.7017,040121,,,,
$GPGGA,221355.44,3726.6309340,N,12215.8707500,W,1,0,0.0,127.7016,M,0.0000,M,0.0000,0
$GPRMC,221355.44,A,3726.6309340,N,12215.8707500,W,28.1887,268.3238,040121,,,,
$GPGGA,221356.44,3726.6307480,N,12215.8898540,W,1,0,0.0,127.6574,M,0.0000,M,0.0000,0
$GPRMC,221356.44,A,3726.6307480,N,12215.8898540,W,28.1850,269.9536,040121,,,,
$GPGGA,221357.44,3726.6309340,N,12215.9089700,W,1,0,0.0,127.5853,M,0.0000,M,0.0000,0
$GPRMC,221357.44,A,3726.6309340,N,12215.9089700,W,28.2279,271.1566,040121,,,,
$GPGGA,221358.44,3726.6315040,N,12215.9281220,W,1,0,0.0,127.4388,M,0.0000,M,0.0000,0
$GPRMC,221358.44,A,3726.6315040,N,12215.9281220,W,28.2881,272.8973,040121,,,,
$GPGGA,221359.44,3726.6325420,N,12215.9472860,W,1,0,0.0,127.2558,M,0.0000,M,0.0000,0
$GPRMC,221359.44,A,3726.6325420,N,12215.9472860,W,28.3786,274.7096,040121,,,,
$GPGGA,221400.44,3726.6340660,N,12215.9664620,W,1,0,0.0,126.9989,M,0.0000,M,0.0000,0
$GPRMC,221400.44,A,3726.6340660,N,12215.9664620,W,28.4577,276.3801,040121,,,,
$GPGGA,221401.44,3726.6360040,N,12215.9856440,W,1,0,0.0,126.6914,M,0.0000,M,0.0000,0
$GPRMC,221401.44,A,3726.6360040,N,12215.9856440,W,28.5725,277.7873,040121,,,,
$GPGGA,221402.44,3726.6383440,N,12216.0048320,W,1,0,0.0,126.3393,M,0.0000,M,0.0000,0
$GPRMC,221402.44,A,3726.6383440,N,12216.0048320,W,28.7086,279.2874,040121,,,,
$GPGGA,221403.44,3726.6410500,N,12216.0240500,W,1,0,0.0,125.9440,M,0.0000,M,0.0000,0
$GPRMC,221403.44,A,3726.6410500,N,12216.0240500,W,28.8544,280.5617,040121,,,,
$GPGGA,221404.44,3726.6441760,N,12216.0432620,W,1,0,0.0,125.5481,M,0.0000,M,0.0000,0
$GPRMC,221404.44,A,3726.6441760,N,12216.0432620,W,28.9966,282.2977,040121,,,,
$GPGGA,221405.44,3726.6477880,N,12216.0624140,W,1,0,0.0,125.1394,M,0.0000,M,0.0000,0
$GPRMC,221405.44,A,3726.6477880,N,12216.0624140,W,29.0241,284.2137,040121,,,,
$GPGGA,221406.44,3726.6519100,N,12216.0813980,W,1,0,0.0,124.7477,M,0.0000,M,0.0000,0
$GPRMC,221406.44,A,3726.6519100,N,12216.0813980,W,28.9995,286.0604,040121,,,,
$GPGGA,221407.44,3726.6565120,N,12216.1001960,W,1,0,0.0,124.3096,M,0.0000,M,0.0000,0
$GPRMC,221407.44,A,3726.6565120,N,12216.1001960,W,29.0158,287.8209,040121,,,,
$GPGGA,221408.44,3726.6615820,N,12216.1188200,W,1,0,0.0,123.8909,M,0.0000,M,0.0000,0
$GPRMC,221408.44,A,3726.6615820,N,12216.1188200,W,29.0507,289.6454,040121,,,,
$GPGGA,221409.44,3726.6670960,N,12216.1372760,W,1,0,0.0,123.4710,M,0.0000,M,0.0000,0
$GPRMC,221409.44,A,3726.6670960,N,12216.1372760,W,29.0905,291.0689,040121,,,,
$GPGGA,221410.44,3726.6729280,N,12216.1555940,W,1,0,0.0,122.9644,M,0.0000,M,0.0000,0
$GPRMC,221410.44,A,3726.6729280,N,12216.1555940,W,29.1098,292.5517,040121,,,,
$GPGGA,221411.44,3726.6792100,N,12216.1737320,W,1,0,0.0,122.5295,M,0.0000,M,0.0000,0
$GPRMC,221411.44,A,3726.6792100,N,12216.1737320,W,29.1986,294.0255,040121,,,,
$GPGGA,221412.44,3726.6858400,N,12216.1917140,W,1,0,0.0,122.1593,M,0.0000,M,0.0000,0
$GPRMC,221412.44,A,3726.6858400,N,12216.1917140,W,29.2298,295.5009,040121,,,,
$GPGGA,221413.44,3726.6928900,N,12216.2094620,W,1,0,0.0,121.7958,M,0.0000,M,0.0000,0
$GPRMC,221413.44,A,3726.6928900,N,12216.2094620,W,29.2841,297.3752,040121,,,,
$GPGGA,221414.44,3726.7004440,N,12216.2269460,W,1,0,0.0,121.3989,M,0.0000,M,0.0000,0
$GPRMC,221414.44,A,3726.7004440,N,12216.2269460,W,29.3844,299.2328,040121,,,,
$GPGGA,221415.44,3726.7084180,N,12216.2442140,W,1,0,0.0,121.0720,M,0.0000,M,0.0000,0
$GPRMC,221415.44,A,3726.7084180,N,12216.2442140,W,29.4604,300.6906,040121,,,,
$GPGGA,221416.44,3726.7167400,N,12216.2612660,W,1,0,0.0,120.8241,M,0.0000,M,0.0000,0
$GPRMC,221416.44,A,3726.7167400,N,12216.2612660,W,29.5172,302.1540,040121,,,,
$GPGGA,221417.44,3726.7254400,N,12216.2780600,W,1,0,0.0,120.6655,M,0.0000,M,0.0000,0
$GPRMC,221417.44,A,3726.7254400,N,12216.2780600,W,29.5349,303.7650,040121,,,,
$GPGGA,221418.44,3726.7345300,N,12216.2945180,W,1,0,0.0,120.5934,M,0.0000,M,0.0000,0
$GPRMC,221418.44,A,3726.7345300,N,12216.2945180,W,29.5260,305.6120,040121,,,,
$GPGGA,221419.44,3726.7440880,N,12216.3105620,W,1,0,0.0,120.5955,M,0.0000,M,0.0000,0
$GPRMC,221419.44,A,3726.7440880,N,12216.3105620,W,29.5459,307.7118,040121,,,,
$GPGGA,221420.44,3726.7540600,N,12216.3262160,W,1,0,0.0,120.7005,M,0.0000,M,0.0000,0
$GPRMC,221420.44,A,3726.7540600,N,12216.3262160,W,29.5699,309.4070,040121,,,,
$GPGGA,221421.44,3726.7644340,N,12216.3414740,W,1,0,0.0,120.8821,M,0.0000,M,0.0000,0
$GPRMC,221421.44,A,3726.7644340,N,12216.3414740,W,29.5679,311.0473,040121,,,,
$GPGGA,221422.44,3726.7749700,N,12216.3565520,W,1,0,0.0,121.1435,M,0.0000,M,0.0000,0
$GPRMC,221422.44,A,3726.7749700,N,12216.3565520,W,29.5603,311.0300,040121,,,,
$GPGGA,221423.44,3726.7854580,N,12216.3716600,W,1,0,0.0,121.4897,M,0.0000,M,0.0000,0
$GPRMC,221423.44,A,3726.7854580,N,12216.3716600,W,29.5369,310.8891,040121,,,,
$GPGGA,221424.44,3726.7959760,N,12216.3867200,W,1,0,0.0,121.8899,M,0.0000,M,0.0000,0
$GPRMC,221424.44,A,3726.7959760,N,12216.3867200,W,29.5167,311.2334,040121,,,,
$GPGGA,221425.44,3726.8064940,N,12216.4017440,W,1,0,0.0,122.3700,M,0.0000,M,0.0000,0
$GPRMC,221425.44,A,3726.8064940,N,12216.4017440,W,29.4546,311.1440,040121,,,,
$GPGGA,221426.44,3726.8169940,N,12216.4167320,W,1,0,0.0,122.8920,M,0.0000,M,0.0000,0
$GPRMC,221426.44,A,3726.8169940,N,12216.4167320,W,29.3828,311.1751,040121,,,,
$GPGGA,221427.44,3726.8274760,N,12216.4316720,W,1,0,0.0,123.4886,M,0.0000,M,0.0000,0
$GPRMC,221427.44,A,3726.8274760,N,12216.4316720,W,29.3495,311.3314,040121,,,,
$GPGGA,221428.44,3726.8380000,N,12216.4466420,W,1,0,0.0,124.1822,M,0.0000,M,0.0000,0
$GPRMC,221428.44,A,3726.8380000,N,12216.4466420,W,29.5248,311.2070,040121,,,,
$GPGGA,221429.44,3726.8485540,N,12216.4617380,W,1,0,0.0,124.9551,M,0.0000,M,0.0000,0
$GPRMC,221429.44,A,3726.8485540,N,12216.4617380,W,29.7173,311.1052,040121,,,,
$GPGGA,221430.44,3726.8591260,N,12216.4769180,W,1,0,0.0,125.7905,M,0.0000,M,0.0000,0
$GPRMC,221430.44,A,3726.8591260,N,12216.4769180,W,29.7189,311.0218,040121,,,,
$GPGGA,221431.44,3726.8696920,N,12216.4920860,W,1,0,0.0,126.6343,M,0.0000,M,0.0000,0
$GPRMC,221431.44,A,3726.8696920,N,12216.4920860,W,29.6923,311.0859,040121,,,,
$GPGGA,221432.44,3726.8802760,N,12216.5072000,W,1,0,0.0,127.4973,M,0.0000,M,0.0000,0
$GPRMC,221432.44,A,3726.8802760,N,12216.5072000,W,29.6493,311.4032,040121,,,,
$GPGGA,221433.44,3726.8909140,N,12216.5222420,W,1,0,0.0,128.3547,M,0.0000,M,0.0000,0
$GPRMC,221433.44,A,3726.8909140,N,12216.5222420,W,29.6164,311.5431,040121,,,,
$GPGGA,221434.44,3726.9015340,N,12216.5372360,W,1,0,0.0,129.2326,M,0.0000,M,0.0000,0
$GPRMC,221434.44,A,3726.9015340,N,12216.5372360,W,29.5108,311.5295,040121,,,,
$GPGGA,221435.44,3726.9120820,N,12216.5521580,W,1,0,0.0,130.0650,M,0.0000,M,0.0000,0
$GPRMC,221435.44,A,3726.9120820,N,12216.5521580,W,29.3006,311.3436,040121,,,,
$GPGGA,221436.44,3726.9224920,N,12216.5670320,W,1,0,0.0,130.8952,M,0.0000,M,0.0000,0
$GPRMC,221436.44,A,3726.9224920,N,12216.5670320,W,29.1019,310.9858,040121,,,,
$GPGGA,221437.44,3726.9328060,N,12216.5818580,W,1,0,0.0,131.7091,M,0.0000,M,0.0000,0
$GPRMC,221437.44,A,3726.9328060,N,12216.5818580,W,28.9317,310.8919,040121,,,,
$GPGGA,221438.44,3726.9430060,N,12216.5966660,W,1,0,0.0,132.5307,M,0.0000,M,0.0000,0
$GPRMC,221438.44,A,3726.9430060,N,12216.5966660,W,28.8156,310.5080,040121,,,,
$GPGGA,221439.44,3726.9530920,N,12216.6115400,W,1,0,0.0,133.3191,M,0.0000,M,0.0000,0
$GPRMC,221439.44,A,3726.9530920,N,12216.6115400,W,28.7629,309.9546,040121,,,,
$GPGGA,221440.44,3726.9630760,N,12216.6264680,W,1,0,0.0,134.0467,M,0.0000,M,0.0000,0
$GPRMC,221440.44,A,3726.9630760,N,12216.6264680,W,28.7423,309.8383,040121,,,,
$GPGGA,221441.44,3726.9730420,N,12216.6414440,W,1,0,0.0,134.7240,M,0.0000,M,0.0000,0
$GPRMC,221441.44,A,3726.9730420,N,12216.6414440,W,28.7705,309.6207,040121,,,,
$GPGGA,221442.44,3726.9829660,N,12216.6564800,W,1,0,0.0,135.2621,M,0.0000,M,0.0000,0
$GPRMC,221442.44,A,3726.9829660,N,12216.6564800,W,28.8155,309.4596,040121,,,,
$GPGGA,221443.44,3726.9928960,N,12216.6715580,W,1,0,0.0,135.7865,M,0.0000,M,0.0000,0
$GPRMC,221443.44,A,3726.9928960,N,12216.6715580,W,28.8891,309.4487,040121,,,,
$GPGGA,221444.44,3727.0028560,N,12216.6866960,W,1,0,0.0,136.2671,M,0.0000,M,0.0000,0
$GPRMC,221444.44,A,3727.0028560,N,12216.6866960,W,28.9861,309.4610,040121,,,,
$GPGGA,221445.44,3727.0128640,N,12216.7018520,W,1,0,0.0,136.6742,M,0.0000,M,0.0000,0
$GPRMC,221445.44,A,3727.0128640,N,12216.7018520,W,29.0258,309.6056,040121,,,,
$GPGGA,221446.44,3727.0228900,N,12216.7169840,W,1,0,0.0,137.1961,M,0.0000,M,0.0000,0
$GPRMC,221446.44,A,3727.0228900,N,12216.7169840,W,29.0347,309.6934,040121,,,,
$GPGGA,221447.44,3727.0329280,N,12216.7321220,W,1,0,0.0,137.5446,M,0.0000,M,0.0000,0
$GPRMC,221447.44,A,3727.0329280,N,12216.7321220,W,29.0363,309.5680,040121,,,,
$GPGGA,221448.44,3727.0429360,N,12216.7473260,W,1,0,0.0,137.7811,M,0.0000,M,0.0000,0
$GPRMC,221448.44,A,3727.0429360,N,12216.7473260,W,29.1417,309.5100,040121,,,,
$GPGGA,221449.44,3727.0530400,N,12216.7625480,W,1,0,0.0,137.9724,M,0.0000,M,0.0000,0
$GPRMC,221449.44,A,3727.0530400,N,12216.7625480,W,29.2909,309.6846,040121,,,,
$GPGGA,221450.44,3727.0631680,N,12216.7778840,W,1,0,0.0,138.0426,M,0.0000,M,0.0000,0
$GPRMC,221450.44,A,3727.0631680,N,12216.7778840,W,29.4713,309.4408,040121,,,,
$GPGGA,221451.44,3727.0733620,N,12216.7933460,W,1,0,0.0,138.0671,M,0.0000,M,0.0000,0
$GPRMC,221451.44,A,3727.0733620,N,12216.7933460,W,29.6396,309.5025,040121,,,,
$GPGGA,221452.44,3727.0835740,N,12216.8088380,W,1,0,0.0,138.1033,M,0.0000,M,0.0000,0
$GPRMC,221452.44,A,3727.0835740,N,12216.8088380,W,29.6647,309.3907,040121,,,,
$GPGGA,221453.44,3727.0937680,N,12216.8243900,W,1,0,0.0,138.0706,M,0.0000,M,0.0000,0
$GPRMC,221453.44,A,3727.0937680,N,12216.8243900,W,29.7354,309.2510,040121,,,,
$GPGGA,221454.44,3727.1039800,N,12216.8400140,W,1,0,0.0,137.9411,M,0.0000,M,0.0000,0
$GPRMC,221454.44,A,3727.1039800,N,12216.8400140,W,29.8484,309.2700,040121,,,,
$GPGGA,221455.44,3727.1142400,N,12216.8556500,W,1,0,0.0,137.8166,M,0.0000,M,0.0000,0
$GPRMC,221455.44,A,3727.1142400,N,12216.8556500,W,29.8775,309.4622,040121,,,,
$GPGGA,221456.44,3727.1245420,N,12216.8712620,W,1,0,0.0,137.5956,M,0.0000,M,0.0000,0
$GPRMC,221456.44,A,3727.1245420,N,12216.8712620,W,29.9015,309.4921,040121,,,,
$GPGGA,221457.44,3727.1348620,N,12216.8869160,W,1,0,0.0,137.2759,M,0.0000,M,0.0000,0
$GPRMC,221457.44,A,3727.1348620,N,12216.8869160,W,30.0149,309.4413,040121,,,,
$GPGGA,221458.44,3727.1452240,N,12216.9026600,W,1,0,0.0,136.9271,M,0.0000,M,0.0000,0
$GPRMC,221458.44,A,3727.1452240,N,12216.9026600,W,30.1966,309.3778,040121,,,,
$GPGGA,221459.44,3727.1556580,N,12216.9184880,W,1,0,0.0,136.5009,M,0.0000,M,0.0000,0
$GPRMC,221459.44,A,3727.1556580,N,12216.9184880,W,30.3935,309.5045,040121,,,,
$GPGGA,221500.44,3727.1661640,N,12216.9344420,W,1,0,0.0,136.0375,M,0.0000,M,0.0000,0
$GPRMC,221500.44,A,3727.1661640,N,12216.9344420,W,30.6522,309.3501,040121,,,,
$GPGGA,221501.44,3727.1767060,N,12216.9506060,W,1,0,0.0,135.5136,M,0.0000,M,0.0000,0
$GPRMC,221501.44,A,3727.1767060,N,12216.9506060,W,30.9399,309.0503,040121,,,,
$GPGGA,221502.44,3727.1873260,N,12216.9669560,W,1,0,0.0,134.9031,M,0.0000,M,0.0000,0
$GPRMC,221502.44,A,3727.1873260,N,12216.9669560,W,31.2725,309.0932,040121,,,,
$GPGGA,221503.44,3727.1980960,N,12216.9834920,W,1,0,0.0,134.2102,M,0.0000,M,0.0000,0
$GPRMC,221503.44,A,3727.1980960,N,12216.9834920,W,31.7141,309.3561,040121,,,,
$GPGGA,221504.44,3727.2090820,N,12217.0001900,W,1,0,0.0,133.5042,M,0.0000,M,0.0000,0
$GPRMC,221504.44,A,3727.2090820,N,12217.0001900,W,32.1279,309.4308,040121,,,,
$GPGGA,221505.44,3727.2201820,N,12217.0170560,W,1,0,0.0,132.7929,M,0.0000,M,0.0000,0
$GPRMC,221505.44,A,3727.2201820,N,12217.0170560,W,32.3356,309.4724,040121,,,,
$GPGGA,221506.44,3727.2313480,N,12217.0339940,W,1,0,0.0,132.0950,M,0.0000,M,0.0000,0
$GPRMC,221506.44,A,3727.2313480,N,12217.0339940,W,32.4937,309.3658,040121,,,,
$GPGGA,221507.44,3727.2425200,N,12217.0510760,W,1,0,0.0,131.3687,M,0.0000,M,0.0000,0
$GPRMC,221507.44,A,3727.2425200,N,12217.0510760,W,32.6775,309.2633,040121,,,,
$GPGGA,221508.44,3727.2537640,N,12217.0682360,W,1,0,0.0,130.6395,M,0.0000,M,0.0000,0
$GPRMC,221508.44,A,3727.2537640,N,12217.0682360,W,32.8246,309.3801,040121,,,,
$GPGGA,221509.44,3727.2650800,N,12217.0854320,W,1,0,0.0,129.9296,M,0.0000,M,0.0000,0
$GPRMC,221509.44,A,3727.2650800,N,12217.0854320,W,32.9277,309.3904,040121,,,,
$GPGGA,221510.44,3727.2764200,N,12217.1026940,W,1,0,0.0,129.2085,M,0.0000,M,0.0000,0
$GPRMC,221510.44,A,3727.2764200,N,12217.1026940,W,33.0595,309.4717,040121,,,,
$GPGGA,221511.44,3727.2878380,N,12217.1200100,W,1,0,0.0,128.4807,M,0.0000,M,0.0000,0
$GPRMC,221511.44,A,3727.2878380,N,12217.1200100,W,33.2203,309.3531,040121,,,,
$GPGGA,221512.44,3727.2992740,N,12217.1374520,W,1,0,0.0,127.7502,M,0.0000,M,0.0000,0
$GPRMC,221512.44,A,3727.2992740,N,12217.1374520,W,33.3860,309.3069,040121,,,,
$GPGGA,221513.44,3727.3107640,N,12217.1549840,W,1,0,0.0,126.9778,M,0.0000,M,0.0000,0
$GPRMC,221513.44,A,3727.3107640,N,12217.1549840,W,33.5205,309.4130,040121,,,,
$GPGGA,221514.44,3727.3222720,N,12217.1724620,W,1,0,0.0,126.2383,M,0.0000,M,0.0000,0
$GPRMC,221514.44,A,3727.3222720,N,12217.1724620,W,33.3028,309.4426,040121,,,,
$GPGGA,221515.44,3727.3336720,N,12217.1898320,W,1,0,0.0,125.4582,M,0.0000,M,0.0000,0
$GPRMC,221515.44,A,3727.3336720,N,12217.1898320,W,33.0378,309.2939,040121,,,,
$GPGGA,221516.44,3727.3449940,N,12217.2070280,W,1,0,0.0,124.6639,M,0.0000,M,0.0000,0
$GPRMC,221516.44,A,3727.3449940,N,12217.2070280,W,32.7481,309.6145,040121,,,,
$GPGGA,221517.44,3727.3563160,N,12217.2239720,W,1,0,0.0,123.8960,M,0.0000,M,0.0000,0
$GPRMC,221517.44,A,3727.3563160,N,12217.2239720,W,32.4377,310.3026,040121,,,,
$GPGGA,221518.44,3727.3678180,N,12217.2404060,W,1,0,0.0,123.2859,M,0.0000,M,0.0000,0
$GPRMC,221518.44,A,3727.3678180,N,12217.2404060,W,32.0700,312.2799,040121,,,,
$GPGGA,221519.44,3727.3796860,N,12217.2560780,W,1,0,0.0,122.8606,M,0.0000,M,0.0000,0
$GPRMC,221519.44,A,3727.3796860,N,12217.2560780,W,31.6706,314.5601,040121,,,,
$GPGGA,221520.44,3727.3918480,N,12217.2709880,W,1,0,0.0,122.5789,M,0.0000,M,0.0000,0
$GPRMC,221520.44,A,3727.3918480,N,12217.2709880,W,31.2389,316.5774,040121,,,,
$GPGGA,221521.44,3727.4042500,N,12217.2852320,W,1,0,0.0,122.4204,M,0.0000,M,0.0000,0
$GPRMC,221521.44,A,3727.4042500,N,12217.2852320,W,31.0442,318.2668,040121,,,,
$GPGGA,221522.44,3727.4169580,N,12217.2989660,W,1,0,0.0,122.3910,M,0.0000,M,0.0000,0
$GPRMC,221522.44,A,3727.4169580,N,12217.2989660,W,31.0172,320.1667,040121,,,,
$GPGGA,221523.44,3727.4300500,N,12217.3120700,W,1,0,0.0,122.4982,M,0.0000,M,0.0000,0
$GPRMC,221523.44,A,3727.4300500,N,12217.3120700,W,30.9535,322.4297,040121,,,,
$GPGGA,221524.44,3727.4434540,N,12217.3245620,W,1,0,0.0,122.7664,M,0.0000,M,0.0000,0
$GPRMC,221524.44,A,3727.4434540,N,12217.3245620,W,30.8122,324.1607,040121,,,,
$GPGGA,221525.44,3727.4570920,N,12217.3364660,W,1,0,0.0,123.1597,M,0.0000,M,0.0000,0
$GPRMC,221525.44,A,3727.4570920,N,12217.3364660,W,30.6266,326.2278,040121,,,,
$GPGGA,221526.44,3727.4709940,N,12217.3476440,W,1,0,0.0,123.6371,M,0.0000,M,0.0000,0
$GPRMC,221526.44,A,3727.4709940,N,12217.3476440,W,30.4573,328.1716,040121,,,,
$GPGGA,221527.44,3727.4851000,N,12217.3581860,W,1,0,0.0,124.2538,M,0.0000,M,0.0000,0
$GPRMC,221527.44,A,3727.4851000,N,12217.3581860,W,30.3108,330.2857,040121,,,,
$GPGGA,221528.44,3727.4994700,N,12217.3680140,W,1,0,0.0,124.8452,M,0.0000,M,0.0000,0
$GPRMC,221528.44,A,3727.4994700,N,12217.3680140,W,30.2473,332.1075,040121,,,,
$GPGGA,221529.44,3727.5140320,N,12217.3772660,W,1,0,0.0,125.4740,M,0.0000,M,0.0000,0
$GPRMC,221529.44,A,3727.5140320,N,12217.3772660,W,30.1622,334.0572,040121,,,,
$GPGGA,221530.44,3727.5288400,N,12217.3858160,W,1,0,0.0,126.1025,M,0.0000,M,0.0000,0
$GPRMC,221530.44,A,3727.5288400,N,12217.3858160,W,30.1751,336.1534,040121,,,,
$GPGGA,221531.44,3727.5439000,N,12217.3937480,W,1,0,0.0,126.7205,M,0.0000,M,0.0000,0
$GPRMC,221531.44,A,3727.5439000,N,12217.3937480,W,30.2621,337.9822,040121,,,,
$GPGGA,221532.44,3727.5591940,N,12217.4011340,W,1,0,0.0,127.3340,M,0.0000,M,0.0000,0
$GPRMC,221532.44,A,3727.5591940,N,12217.4011340,W,30.3645,339.8361,040121,,,,
$GPGGA,221533.44,3727.5747340,N,12217.4079200,W,1,0,0.0,127.8969,M,0.0000,M,0.0000,0
$GPRMC,221533.44,A,3727.5747340,N,12217.4079200,W,30.5105,341.5532,040121,,,,
$GPGGA,221534.44,3727.5905020,N,12217.4141540,W,1,0,0.0,128.5278,M,0.0000,M,0.0000,0
$GPRMC,221534.44,A,3727.5905020,N,12217.4141540,W,30.6696,343.1361,040121,,,,
$GPGGA,221535.44,3727.6064980,N,12217.4198060,W,1,0,0.0,129.1247,M,0.0000,M,0.0000,0
$GPRMC,221535.44,A,3727.6064980,N,12217.4198060,W,30.8349,345.0893,040121,,,,
$GPGGA,221536.44,3727.6227220,N,12217.4248160,W,1,0,0.0,129.8460,M,0.0000,M,0.0000,0
$GPRMC,221536.44,A,3727.6227220,N,12217.4248160,W,30.9946,347.2827,040121,,,,
$GPGGA,221537.44,3727.6391860,N,12217.4290160,W,1,0,0.0,130.4870,M,0.0000,M,0.0000,0
$GPRMC,221537.44,A,3727.6391860,N,12217.4290160,W,31.1765,349.6313,040121,,,,
$GPGGA,221538.44,3727.6558900,N,12217.4323520,W,1,0,0.0,131.1091,M,0.0000,M,0.0000,0
$GPRMC,221538.44,A,3727.6558900,N,12217.4323520,W,31.3933,351.9022,040121,,,,
$GPGGA,221539.44,3727.6727140,N,12217.4350160,W,1,0,0.0,131.7382,M,0.0000,M,0.0000,0
$GPRMC,221539.44,A,3727.6727140,N,12217.4350160,W,31.3023,353.7206,040121,,,,
$GPGGA,221540.44,3727.6895140,N,12217.4369480,W,1,0,0.0,132.3707,M,0.0000,M,0.0000,0
$GPRMC,221540.44,A,3727.6895140,N,12217.4369480,W,31.1157,355.7085,040121,,,,
$GPGGA,221541.44,3727.7062660,N,12217.4382260,W,1,0,0.0,133.0558,M,0.0000,M,0.0000,0
$GPRMC,221541.44,A,3727.7062660,N,12217.4382260,W,30.9849,357.1956,040121,,,,
$GPGGA,221542.44,3727.7229760,N,12217.4390660,W,1,0,0.0,133.8218,M,0.0000,M,0.0000,0
$GPRMC,221542.44,A,3727.7229760,N,12217.4390660,W,30.9170,358.0854,040121,,,,
$GPGGA,221543.44,3727.7396380,N,12217.4395460,W,1,0,0.0,134.4755,M,0.0000,M,0.0000,0
$GPRMC,221543.44,A,3727.7396380,N,12217.4395460,W,30.6563,359.6288,040121,,,,
$GPGGA,221544.44,3727.7560660,N,12217.4393900,W,1,0,0.0,135.0524,M,0.0000,M,0.0000,0
$GPRMC,221544.44,A,3727.7560660,N,12217.4393900,W,30.0868,0.8890,040121,,,,
$GPGGA,221545.44,3727.7721640,N,12217.4390780,W,1,0,0.0,135.6126,M,0.0000,M,0.0000,0
$GPRMC,221545.44,A,3727.7721640,N,12217.4390780,W,29.4715,0.7367,040121,,,,
$GPGGA,221546.44,3727.7879260,N,12217.4387300,W,1,0,0.0,136.1734,M,0.0000,M,0.0000,0
$GPRMC,221546.44,A,3727.7879260,N,12217.4387300,W,28.8567,1.3845,040121,,,,
$GPGGA,221547.44,3727.8033580,N,12217.4381420,W,1,0,0.0,136.7535,M,0.0000,M,0.0000,0
$GPRMC,221547.44,A,3727.8033580,N,12217.4381420,W,28.2399,1.4180,040121,,,,
$GPGGA,221548.44,3727.8184420,N,12217.4379500,W,1,0,0.0,137.4822,M,0.0000,M,0.0000,0
$GPRMC,221548.44,A,3727.8184420,N,12217.4379500,W,27.5740,0.0153,040121,,,,
$GPGGA,221549.44,3727.8331720,N,12217.4379440,W,1,0,0.0,138.2180,M,0.0000,M,0.0000,0
$GPRMC,221549.44,A,3727.8331720,N,12217.4379440,W,26.9311,0.1860,040121,,,,
$GPGGA,221550.44,3727.8475660,N,12217.4379080,W,1,0,0.0,138.8231,M,0.0000,M,0.0000,0
$GPRMC,221550.44,A,3727.8475660,N,12217.4379080,W,26.3427,359.7384,040121,,,,
$GPGGA,221551.44,3727.8616600,N,12217.4382140,W,1,0,0.0,139.2187,M,0.0000,M,0.0000,0
$GPRMC,221551.44,A,3727.8616600,N,12217.4382140,W,25.8357,358.0843,040121,,,,
$GPGGA,221552.44,3727.8755200,N,12217.4391500,W,1,0,0.0,139.5954,M,0.0000,M,0.0000,0
$GPRMC,221552.44,A,3727.8755200,N,12217.4391500,W,25.6025,355.6620,040121,,,,
$GPGGA,221553.44,3727.8892780,N,12217.4407280,W,1,0,0.0,139.9249,M,0.0000,M,0.0000,0
$GPRMC,221553.44,A,3727.8892780,N,12217.4407280,W,25.3935,353.8813,040121,,,,
$GPGGA,221554.44,3727.9027720,N,12217.4428820,W,1,0,0.0,140.2165,M,0.0000,M,0.0000,0
$GPRMC,221554.44,A,3727.9027720,N,12217.4428820,W,24.9439,351.9351,040121,,,,
$GPGGA,221555.44,3727.9159900,N,12217.4453840,W,1,0,0.0,140.4769,M,0.0000,M,0.0000,0
$GPRMC,221555.44,A,3727.9159900,N,12217.4453840,W,24.5190,350.7208,040121,,,,
$GPGGA,221556.44,3727.9289380,N,12217.4481740,W,1,0,0.0,140.7180,M,0.0000,M,0.0000,0
$GPRMC,221556.44,A,3727.9289380,N,12217.4481740,W,24.1105,349.9238,040121,,,,
$GPGGA,221557.44,3727.9416700,N,12217.4510600,W,1,0,0.0,140.9121,M,0.0000,M,0.0000,0
$GPRMC,221557.44,A,3727.9416700,N,12217.4510600,W,23.7238,349.7559,040121,,,,
$GPGGA,221558.44,3727.9541980,N,12217.4537840,W,1,0,0.0,141.1571,M,0.0000,M,0.0000,0
$GPRMC,221558.44,A,3727.9541980,N,12217.4537840,W,23.2960,350.5971,040121,,,,
$GPGGA,221559.44,3727.9665100,N,12217.4562860,W,1,0,0.0,141.4275,M,0.0000,M,0.0000,0
$GPRMC,221559.44,A,3727.9665100,N,12217.4562860,W,22.8644,350.7740,040121,,,,
$GPGGA,221600.44,3727.9785940,N,12217.4588000,W,1,0,0.0,141.7105,M,0.0000,M,0.0000,0
$GPRMC,221600.44,A,3727.9785940,N,12217.4588000,W,22.4514,350.3300,040121,,,,
$GPGGA,221601.44,3727.9904320,N,12217.4614520,W,1,0,0.0,141.9732,M,0.0000,M,0.0000,0
$GPRMC,221601.44,A,3727.9904320,N,12217.4614520,W,22.0284,349.4322,040121,,,,
$GPGGA,221602.44,3728.0020120,N,12217.4643200,W,1,0,0.0,142.2635,M,0.0000,M,0.0000,0
$GPRMC,221602.44,A,3728.0020120,N,12217.4643200,W,21.6466,348.2668,040121,,,,
$GPGGA,221603.44,3728.0133400,N,12217.4675000,W,1,0,0.0,142.3639,M,0.0000,M,0.0000,0
$GPRMC,221603.44,A,3728.0133400,N,12217.4675000,W,21.3423,346.7685,040121,,,,
$GPGGA,221604.44,3728.0244940,N,12217.4708900,W,1,0,0.0,142.2346,M,0.0000,M,0.0000,0
$GPRMC,221604.44,A,3728.0244940,N,12217.4708900,W,21.1344,346.1309,040121,,,,
$GPGGA,221605.44,3728.0355280,N,12217.4743940,W,1,0,0.0,141.9529,M,0.0000,M,0.0000,0
$GPRMC,221605.44,A,3728.0355280,N,12217.4743940,W,20.9308,345.5317,040121,,,,
$GPGGA,221606.44,3728.0463160,N,12217.4780000,W,1,0,0.0,141.4393,M,0.0000,M,0.0000,0
$GPRMC,221606.44,A,3728.0463160,N,12217.4780000,W,20.3619,344.6456,040121,,,,
$GPGGA,221607.44,3728.0567200,N,12217.4817440,W,1,0,0.0,140.9083,M,0.0000,M,0.0000,0
$GPRMC,221607.44,A,3728.0567200,N,12217.4817440,W,19.6561,343.2202,040121,,,,
$GPGGA,221608.44,3728.0666260,N,12217.4857880,W,1,0,0.0,140.2922,M,0.0000,M,0.0000,0
$GPRMC,221608.44,A,3728.0666260,N,12217.4857880,W,18.9168,341.1307,040121,,,,
$GPGGA,221609.44,3728.0760580,N,12217.4900240,W,1,0,0.0,139.5048,M,0.0000,M,0.0000,0
$GPRMC,221609.44,A,3728.0760580,N,12217.4900240,W,18.0553,339.7919,040121,,,,
$GPGGA,221610.44,3728.0848720,N,12217.4941580,W,1,0,0.0,138.6502,M,0.0000,M,0.0000,0
$GPRMC,221610.44,A,3728.0848720,N,12217.4941580,W,16.6982,339.5406,040121,,,,
$GPGGA,221611.44,3728.0929600,N,12217.4978720,W,1,0,0.0,137.7982,M,0.0000,M,0.0000,0
$GPRMC,221611.44,A,3728.0929600,N,12217.4978720,W,15.1839,340.3279,040121,,,,
$GPGGA,221612.44,3728.1003460,N,12217.5009560,W,1,0,0.0,136.9813,M,0.0000,M,0.0000,0
$GPRMC,221612.44,A,3728.1003460,N,12217.5009560,W,13.5239,342.0199,040121,,,,
$GPGGA,221613.44,3728.1068080,N,12217.5034820,W,1,0,0.0,136.3434,M,0.0000,M,0.0000,0
$GPRMC,221613.44,A,3728.1068080,N,12217.5034820,W,11.4973,342.9485,040121,,,,
$GPGGA,221614.44,3728.1122020,N,12217.5054860,W,1,0,0.0,135.9494,M,0.0000,M,0.0000,0
$GPRMC,221614.44,A,3728.1122020,N,12217.5054860,W,9.2950,343.4202,040121,,,,
$GPGGA,221615.44,3728.1163420,N,12217.5071360,W,1,0,0.0,135.7379,M,0.0000,M,0.0000,0
$GPRMC,221615.44,A,3728.1163420,N,12217.5071360,W,6.7860,341.4704,040121,,,,
$GPGGA,221616.44,3728.1191140,N,12217.5086000,W,1,0,0.0,135.6559,M,0.0000,M,0.0000,0
$GPRMC,221616.44,A,3728.1191140,N,12217.5086000,W,4.3189,335.8959,040121,,,,
$GPGGA,221617.44,3728.1206260,N,12217.5096440,W,1,0,0.0,135.6069,M,0.0000,M,0.0000,0
$GPRMC,221617.44,A,3728.1206260,N,12217.5096440,W,2.2332,331.8402,040121,,,,
$GPGGA,221618.44,3728.1213280,N,12217.5101960,W,1,0,0.0,135.5846,M,0.0000,M,0.0000,0
$GPRMC,221618.44,A,3728.1213280,N,12217.5101960,W,0.8969,329.8603,040121,,,,
$GPGGA,221619.44,3728.1215740,N,12217.5103940,W,1,0,0.0,135.5750,M,0.0000,M,0.0000,0
$GPRMC,221619.44,A,3728.1215740,N,12217.5103940,W,0.2544,329.1430,040121,,,,
$GPGGA,221620.44,3728.1216160,N,12217.5104300,W,1,0,0.0,135.5674,M,0.0000,M,0.0000,0
$GPRMC,221620.44,A,3728.1216160,N,12217.5104300,W,0.0931,328.9984,040121,,,,
$GPGGA,221621.44,3728.1216760,N,12217.5104780,W,1,0,0.0,135.5660,M,0.0000,M,0.0000,0
$GPRMC,221621.44,A,3728.1216760,N,12217.5104780,W,0.1186,328.8371,040121,,,,
$GPGGA,221622.44,3728.1217660,N,12217.5105620,W,1,0,0.0,135.5610,M,0.0000,M,0.0000,0
$GPRMC,221622.44,A,3728.1217660,N,12217.5105620,W,0.4824,328.5389,040121,,,,
$GPGGA,221623.44,3728.1221860,N,12217.5109220,W,1,0,0.0,135.5526,M,0.0000,M,0.0000,0
$GPRMC,221623.44,A,3728.1221860,N,12217.5109220,W,1.5765,327.3936,040121,,,,
$GPGGA,221624.44,3728.1232120,N,12217.5118580,W,1,0,0.0,135.5426,M,0.0000,M,0.0000,0
$GPRMC,221624.44,A,3728.1232120,N,12217.5118580,W,3.2444,324.9265,040121,,,,
$GPGGA,221625.44,3728.1249820,N,12217.5137240,W,1,0,0.0,135.5974,M,0.0000,M,0.0000,0
$GPRMC,221625.44,A,3728.1249820,N,12217.5137240,W,5.0067,319.0551,040121,,,,
$GPGGA,221626.44,3728.1267220,N,12217.5167480,W,1,0,0.0,135.7849,M,0.0000,M,0.0000,0
$GPRMC,221626.44,A,3728.1267220,N,12217.5167480,W,6.0369,302.0529,040121,,,,
$GPGGA,221627.44,3728.1275140,N,12217.5210800,W,1,0,0.0,135.9421,M,0.0000,M,0.0000,0
$GPRMC,221627.44,A,3728.1275140,N,12217.5210800,W,7.1370,277.8995,040121,,,,
$GPGGA,221628.44,3728.1268240,N,12217.5262760,W,1,0,0.0,136.0059,M,0.0000,M,0.0000,0
$GPRMC,221628.44,A,3728.1268240,N,12217.5262760,W,8.5196,254.6427,040121,,,,
$GPGGA,221629.44,3728.1243160,N,12217.5317120,W,1,0,0.0,135.9975,M,0.0000,M,0.0000,0
$GPRMC,221629.44,A,3728.1243160,N,12217.5317120,W,10.0241,234.0050,040121,,,,
$GPGGA,221630.44,3728.1203320,N,12217.5369320,W,1,0,0.0,136.0176,M,0.0000,M,0.0000,0
$GPRMC,221630.44,A,3728.1203320,N,12217.5369320,W,11.2972,224.1248,040121,,,,
$GPGGA,221631.44,3728.1157240,N,12217.5424760,W,1,0,0.0,135.9858,M,0.0000,M,0.0000,0
$GPRMC,221631.44,A,3728.1157240,N,12217.5424760,W,12.2301,223.5844,040121,,,,
$GPGGA,221632.44,3728.1108700,N,12217.5483260,W,1,0,0.0,135.8636,M,0.0000,M,0.0000,0
$GPRMC,221632.44,A,3728.1108700,N,12217.5483260,W,12.5535,223.8099,040121,,,,
$GPGGA,221633.44,3728.1060520,N,12217.5542900,W,1,0,0.0,135.6243,M,0.0000,M,0.0000,0
$GPRMC,221633.44,A,3728.1060520,N,12217.5542900,W,12.4664,225.4602,040121,,,,
$GPGGA,221634.44,3728.1014500,N,12217.5605840,W,1,0,0.0,135.3050,M,0.0000,M,0.0000,0
$GPRMC,221634.44,A,3728.1014500,N,12217.5605840,W,12.8740,228.4591,040121,,,,
$GPGGA,221635.44,3728.0968000,N,12217.5674240,W,1,0,0.0,134.8674,M,0.0000,M,0.0000,0
$GPRMC,221635.44,A,3728.0968000,N,12217.5674240,W,13.5233,229.4168,040121,,,,
$GPGGA,221636.44,3728.0918560,N,12217.5742940,W,1,0,0.0,134.3164,M,0.0000,M,0.0000,0
$GPRMC,221636.44,A,3728.0918560,N,12217.5742940,W,13.7549,226.5978,040121,,,,
$GPGGA,221637.44,3728.0866540,N,12217.5809120,W,1,0,0.0,133.6704,M,0.0000,M,0.0000,0
$GPRMC,221637.44,A,3728.0866540,N,12217.5809120,W,13.4891,224.7589,040121,,,,
$GPGGA,221638.44,3728.0818060,N,12217.5871520,W,1,0,0.0,132.9108,M,0.0000,M,0.0000,0
$GPRMC,221638.44,A,3728.0818060,N,12217.5871520,W,12.0750,227.5912,040121,,,,
$GPGGA,221639.44,3728.0783920,N,12217.5934100,W,1,0,0.0,132.1698,M,0.0000,M,0.0000,0
$GPRMC,221639.44,A,3728.0783920,N,12217.5934100,W,10.4086,241.1699,040121,,,,
$GPGGA,221640.44,3728.0771620,N,12217.5998480,W,1,0,0.0,131.2395,M,0.0000,M,0.0000,0
$GPRMC,221640.44,A,3728.0771620,N,12217.5998480,W,9.4272,265.2095,040121,,,,
$GPGGA,221641.44,3728.0784880,N,12217.6059620,W,1,0,0.0,130.7336,M,0.0000,M,0.0000,0
$GPRMC,221641.44,A,3728.0784880,N,12217.6059620,W,9.3914,294.5061,040121,,,,
$GPGGA,221642.44,3728.0816980,N,12217.6110320,W,1,0,0.0,130.6381,M,0.0000,M,0.0000,0
$GPRMC,221642.44,A,3728.0816980,N,12217.6110320,W,9.9359,312.7859,040121,,,,
$GPGGA,221643.44,3728.0858560,N,12217.6158860,W,1,0,0.0,130.6730,M,0.0000,M,0.0000,0
$GPRMC,221643.44,A,3728.0858560,N,12217.6158860,W,11.0773,318.2582,040121,,,,
$GPGGA,221644.44,3728.0905480,N,12217.6211000,W,1,0,0.0,130.7825,M,0.0000,M,0.0000,0
$GPRMC,221644.44,A,3728.0905480,N,12217.6211000,W,12.0884,318.0323,040121,,,,
$GPGGA,221645.44,3728.0956120,N,12217.6268180,W,1,0,0.0,130.8926,M,0.0000,M,0.0000,0
$GPRMC,221645.44,A,3728.0956120,N,12217.6268180,W,13.1279,317.8486,040121,,,,
$GPGGA,221646.44,3728.1010900,N,12217.6329560,W,1,0,0.0,131.2670,M,0.0000,M,0.0000,0
$GPRMC,221646.44,A,3728.1010900,N,12217.6329560,W,13.9932,318.2542,040121,,,,
$GPGGA,221647.44,3728.1069340,N,12217.6394000,W,1,0,0.0,131.7632,M,0.0000,M,0.0000,0
$GPRMC,221647.44,A,3728.1069340,N,12217.6394000,W,14.6962,318.5891,040121,,,,
$GPGGA,221648.44,3728.1129040,N,12217.6458140,W,1,0,0.0,132.3987,M,0.0000,M,0.0000,0
$GPRMC,221648.44,A,3728.1129040,N,12217.6458140,W,14.2414,319.8481,040121,,,,
$GPGGA,221649.44,3728.1188440,N,12217.6515440,W,1,0,0.0,133.0846,M,0.0000,M,0.0000,0
$GPRMC,221649.44,A,3728.1188440,N,12217.6515440,W,13.4504,324.9936,040121,,,,
$GPGGA,221650.44,3728.1250540,N,12217.6556060,W,1,0,0.0,133.8595,M,0.0000,M,0.0000,0
$GPRMC,221650.44,A,3728.1250540,N,12217.6556060,W,12.4797,337.7881,040121,,,,
$GPGGA,221651.44,3728.1313600,N,12217.6573460,W,1,0,0.0,134.6592,M,0.0000,M,0.0000,0
$GPRMC,221651.44,A,3728.1313600,N,12217.6573460,W,11.5881,353.3668,040121,,,,
$GPGGA,221652.44,3728.1375280,N,12217.6569800,W,1,0,0.0,135.4748,M,0.0000,M,0.0000,0
$GPRMC,221652.44,A,3728.1375280,N,12217.6569800,W,11.3849,7.5960,040121,,,,
$GPGGA,221653.44,3728.1434020,N,12217.6547480,W,1,0,0.0,136.2279,M,0.0000,M,0.0000,0
$GPRMC,221653.44,A,3728.1434020,N,12217.6547480,W,11.3993,21.8256,040121,,,,
$GPGGA,221654.44,3728.1487300,N,12217.6506740,W,1,0,0.0,136.9803,M,0.0000,M,0.0000,0
$GPRMC,221654.44,A,3728.1487300,N,12217.6506740,W,11.7795,36.4268,040121,,,,
$GPGGA,221655.44,3728.1532060,N,12217.6448240,W,1,0,0.0,137.7167,M,0.0000,M,0.0000,0
$GPRMC,221655.44,A,3728.1532060,N,12217.6448240,W,12.2346,51.5996,040121,,,,
$GPGGA,221656.44,3728.1564340,N,12217.6374140,W,1,0,0.0,138.4706,M,0.0000,M,0.0000,0
$GPRMC,221656.44,A,3728.1564340,N,12217.6374140,W,12.7087,66.8931,040121,,,,
$GPGGA,221657.44,3728.1580360,N,12217.6289600,W,1,0,0.0,139.2056,M,0.0000,M,0.0000,0
$GPRMC,221657.44,A,3728.1580360,N,12217.6289600,W,12.9753,82.3943,040121,,,,
$GPGGA,221658.44,3728.1577540,N,12217.6201280,W,1,0,0.0,140.0146,M,0.0000,M,0.0000,0
$GPRMC,221658.44,A,3728.1577540,N,12217.6201280,W,13.1697,98.5547,040121,,,,
$GPGGA,221659.44,3728.1554140,N,12217.6116440,W,1,0,0.0,140.7465,M,0.0000,M,0.0000,0
$GPRMC,221659.44,A,3728.1554140,N,12217.6116440,W,13.3941,115.6931,040121,,,,
$GPGGA,221700.44,3728.1511000,N,12217.6041920,W,1,0,0.0,141.3874,M,0.0000,M,0.0000,0
$GPRMC,221700.44,A,3728.1511000,N,12217.6041920,W,13.9907,132.0139,040121,,,,
$GPGGA,221701.44,3728.1453880,N,12217.5974000,W,1,0,0.0,141.8799,M,0.0000,M,0.0000,0
$GPRMC,221701.44,A,3728.1453880,N,12217.5974000,W,15.1446,138.0492,040121,,,,
$GPGGA,221702.44,3728.1389140,N,12217.5904520,W,1,0,0.0,142.3479,M,0.0000,M,0.0000,0
$GPRMC,221702.44,A,3728.1389140,N,12217.5904520,W,16.4094,139.7226,040121,,,,
$GPGGA,221703.44,3728.1318640,N,12217.5829520,W,1,0,0.0,142.7946,M,0.0000,M,0.0000,0
$GPRMC,221703.44,A,3728.1318640,N,12217.5829520,W,17.7800,139.8218,040121,,,,
$GPGGA,221704.44,3728.1240880,N,12217.5750620,W,1,0,0.0,143.1157,M,0.0000,M,0.0000,0
$GPRMC,221704.44,A,3728.1240880,N,12217.5750620,W,19.2112,142.2044,040121,,,,
$GPGGA,221705.44,3728.1154720,N,12217.5671120,W,1,0,0.0,143.0436,M,0.0000,M,0.0000,0
$GPRMC,221705.44,A,3728.1154720,N,12217.5671120,W,20.3722,144.6636,040121,,,,
$GPGGA,221706.44,3728.1061120,N,12217.5591200,W,1,0,0.0,142.8973,M,0.0000,M,0.0000,0
$GPRMC,221706.44,A,3728.1061120,N,12217.5591200,W,21.5320,146.6298,040121,,,,
$GPGGA,221707.44,3728.0959480,N,12217.5512060,W,1,0,0.0,142.7306,M,0.0000,M,0.0000,0
$GPRMC,221707.44,A,3728.0959480,N,12217.5512060,W,22.6884,149.2534,040121,,,,
$GPGGA,221708.44,3728.0849620,N,12217.5434540,W,1,0,0.0,142.5246,M,0.0000,M,0.0000,0
$GPRMC,221708.44,A,3728.0849620,N,12217.5434540,W,23.9945,151.7860,040121,,,,
$GPGGA,221709.44,3728.0730580,N,12217.5358520,W,1,0,0.0,142.2824,M,0.0000,M,0.0000,0
$GPRMC,221709.44,A,3728.0730580,N,12217.5358520,W,25.4423,153.7796,040121,,,,
$GPGGA,221710.44,3728.0602660,N,12217.5283220,W,1,0,0.0,142.0769,M,0.0000,M,0.0000,0
$GPRMC,221710.44,A,3728.0602660,N,12217.5283220,W,26.8389,155.7731,040121,,,,
$GPGGA,221711.44,3728.0466460,N,12217.5208040,W,1,0,0.0,141.8416,M,0.0000,M,0.0000,0
$GPRMC,221711.44,A,3728.0466460,N,12217.5208040,W,28.1577,156.6932,040121,,,,
$GPGGA,221712.44,3728.0324380,N,12217.5134180,W,1,0,0.0,141.5205,M,0.0000,M,0.0000,0
$GPRMC,221712.44,A,3728.0324380,N,12217.5134180,W,28.6347,158.1293,040121,,,,
$GPGGA,221713.44,3728.0179480,N,12217.5063680,W,1,0,0.0,141.3175,M,0.0000,M,0.0000,0
$GPRMC,221713.44,A,3728.0179480,N,12217.5063680,W,28.8863,159.3706,040121,,,,
$GPGGA,221714.44,3728.0031940,N,12217.4997020,W,1,0,0.0,141.0486,M,0.0000,M,0.0000,0
$GPRMC,221714.44,A,3728.0031940,N,12217.4997020,W,29.0317,160.7355,040121,,,,
$GPGGA,221715.44,3727.9884160,N,12217.4933540,W,1,0,0.0,140.7844,M,0.0000,M,0.0000,0
$GPRMC,221715.44,A,3727.9884160,N,12217.4933540,W,28.7469,161.1951,040121,,,,
$GPGGA,221716.44,3727.9737280,N,12217.4872760,W,1,0,0.0,140.5100,M,0.0000,M,0.0000,0
$GPRMC,221716.44,A,3727.9737280,N,12217.4872760,W,28.5135,162.6728,040121,,,,
$GPGGA,221717.44,3727.9589380,N,12217.4819720,W,1,0,0.0,140.2553,M,0.0000,M,0.0000,0
$GPRMC,221717.44,A,3727.9589380,N,12217.4819720,W,28.4100,165.2973,040121,,,,
$GPGGA,221718.44,3727.9440400,N,12217.4772080,W,1,0,0.0,139.9810,M,0.0000,M,0.0000,0
$GPRMC,221718.44,A,3727.9440400,N,12217.4772080,W,28.5477,165.8799,040121,,,,
$GPGGA,221719.44,3727.9289260,N,12217.4725640,W,1,0,0.0,139.7298,M,0.0000,M,0.0000,0
$GPRMC,221719.44,A,3727.9289260,N,12217.4725640,W,29.0257,166.5826,040121,,,,
$GPGGA,221720.44,3727.9134700,N,12217.4682980,W,1,0,0.0,139.4790,M,0.0000,M,0.0000,0
$GPRMC,221720.44,A,3727.9134700,N,12217.4682980,W,29.5765,168.6697,040121,,,,
$GPGGA,221721.44,3727.8975220,N,12217.4648060,W,1,0,0.0,139.1661,M,0.0000,M,0.0000,0
$GPRMC,221721.44,A,3727.8975220,N,12217.4648060,W,30.3169,171.3351,040121,,,,
$GPGGA,221722.44,3727.8810760,N,12217.4621000,W,1,0,0.0,138.8601,M,0.0000,M,0.0000,0
$GPRMC,221722.44,A,3727.8810760,N,12217.4621000,W,31.0277,173.7222,040121,,,,
$GPGGA,221723.44,3727.8641860,N,12217.4601740,W,1,0,0.0,138.4405,M,0.0000,M,0.0000,0
$GPRMC,221723.44,A,3727.8641860,N,12217.4601740,W,31.7302,175.5913,040121,,,,
$GPGGA,221724.44,3727.8468700,N,12217.4588120,W,1,0,0.0,137.9810,M,0.0000,M,0.0000,0
$GPRMC,221724.44,A,3727.8468700,N,12217.4588120,W,32.4477,176.9537,040121,,,,
$GPGGA,221725.44,3727.8292000,N,12217.4578100,W,1,0,0.0,137.5609,M,0.0000,M,0.0000,0
$GPRMC,221725.44,A,3727.8292000,N,12217.4578100,W,32.8700,177.9247,040121,,,,
$GPGGA,221726.44,3727.8114340,N,12217.4571080,W,1,0,0.0,137.1024,M,0.0000,M,0.0000,0
$GPRMC,221726.44,A,3727.8114340,N,12217.4571080,W,32.8615,178.1101,040121,,,,
$GPGGA,221727.44,3727.7936860,N,12217.4564000,W,1,0,0.0,136.5396,M,0.0000,M,0.0000,0
$GPRMC,221727.44,A,3727.7936860,N,12217.4564000,W,32.8429,178.2679,040121,,,,
$GPGGA,221728.44,3727.7759560,N,12217.4557520,W,1,0,0.0,135.9308,M,0.0000,M,0.0000,0
$GPRMC,221728.44,A,3727.7759560,N,12217.4557520,W,32.6994,178.3231,040121,,,,
$GPGGA,221729.44,3727.7583880,N,12217.4551580,W,1,0,0.0,135.2851,M,0.0000,M,0.0000,0
$GPRMC,221729.44,A,3727.7583880,N,12217.4551580,W,32.3192,178.4569,040121,,,,
$GPGGA,221730.44,3727.7410420,N,12217.4545340,W,1,0,0.0,134.7909,M,0.0000,M,0.0000,0
$GPRMC,221730.44,A,3727.7410420,N,12217.4545340,W,31.8847,178.2504,040121,,,,
$GPGGA,221731.44,3727.7239000,N,12217.4539340,W,1,0,0.0,134.3458,M,0.0000,M,0.0000,0
$GPRMC,221731.44,A,3727.7239000,N,12217.4539340,W,31.5853,178.5018,040121,,,,
$GPGGA,221732.44,3727.7069080,N,12217.4532500,W,1,0,0.0,133.9448,M,0.0000,M,0.0000,0
$GPRMC,221732.44,A,3727.7069080,N,12217.4532500,W,31.2905,177.6324,040121,,,,
$GPGGA,221733.44,3727.6900900,N,12217.4520020,W,1,0,0.0,133.4353,M,0.0000,M,0.0000,0
$GPRMC,221733.44,A,3727.6900900,N,12217.4520020,W,31.0613,175.6345,040121,,,,
$GPGGA,221734.44,3727.6734160,N,12217.4500460,W,1,0,0.0,132.7964,M,0.0000,M,0.0000,0
$GPRMC,221734.44,A,3727.6734160,N,12217.4500460,W,30.9063,173.5822,040121,,,,
$GPGGA,221735.44,3727.6568800,N,12217.4474300,W,1,0,0.0,132.1500,M,0.0000,M,0.0000,0
$GPRMC,221735.44,A,3727.6568800,N,12217.4474300,W,30.7894,171.8745,040121,,,,
$GPGGA,221736.44,3727.6404700,N,12217.4441480,W,1,0,0.0,131.5398,M,0.0000,M,0.0000,0
$GPRMC,221736.44,A,3727.6404700,N,12217.4441480,W,30.7165,169.9710,040121,,,,
$GPGGA,221737.44,3727.6241680,N,12217.4402360,W,1,0,0.0,130.9094,M,0.0000,M,0.0000,0
$GPRMC,221737.44,A,3727.6241680,N,12217.4402360,W,30.6587,168.2560,040121,,,,
$GPGGA,221738.44,3727.6080280,N,12217.4356220,W,1,0,0.0,130.3284,M,0.0000,M,0.0000,0
$GPRMC,221738.44,A,3727.6080280,N,12217.4356220,W,30.6072,166.0276,040121,,,,
$GPGGA,221739.44,3727.5920140,N,12217.4303240,W,1,0,0.0,129.6609,M,0.0000,M,0.0000,0
$GPRMC,221739.44,A,3727.5920140,N,12217.4303240,W,30.6672,164.2679,040121,,,,
$GPGGA,221740.44,3727.5761260,N,12217.4243540,W,1,0,0.0,129.0640,M,0.0000,M,0.0000,0
$GPRMC,221740.44,A,3727.5761260,N,12217.4243540,W,30.7086,162.4168,040121,,,,
$GPGGA,221741.44,3727.5603760,N,12217.4177240,W,1,0,0.0,128.4499,M,0.0000,M,0.0000,0
$GPRMC,221741.44,A,3727.5603760,N,12217.4177240,W,30.7561,160.4212,040121,,,,
$GPGGA,221742.44,3727.5447700,N,12217.4104400,W,1,0,0.0,127.8854,M,0.0000,M,0.0000,0
$GPRMC,221742.44,A,3727.5447700,N,12217.4104400,W,30.8936,158.6746,040121,,,,
$GPGGA,221743.44,3727.5292180,N,12217.4024660,W,1,0,0.0,127.2678,M,0.0000,M,0.0000,0
$GPRMC,221743.44,A,3727.5292180,N,12217.4024660,W,31.2408,156.8561,040121,,,,
$GPGGA,221744.44,3727.5137020,N,12217.3937960,W,1,0,0.0,126.5988,M,0.0000,M,0.0000,0
$GPRMC,221744.44,A,3727.5137020,N,12217.3937960,W,31.6531,155.0215,040121,,,,
$GPGGA,221745.44,3727.4982040,N,12217.3843160,W,1,0,0.0,125.9406,M,0.0000,M,0.0000,0
$GPRMC,221745.44,A,3727.4982040,N,12217.3843160,W,32.1185,152.8402,040121,,,,
$GPGGA,221746.44,3727.4828020,N,12217.3739540,W,1,0,0.0,125.2998,M,0.0000,M,0.0000,0
$GPRMC,221746.44,A,3727.4828020,N,12217.3739540,W,32.5494,150.7504,040121,,,,
$GPGGA,221747.44,3727.4674900,N,12217.3627760,W,1,0,0.0,124.6913,M,0.0000,M,0.0000,0
$GPRMC,221747.44,A,3727.4674900,N,12217.3627760,W,32.9858,148.6380,040121,,,,
$GPGGA,221748.44,3727.4523640,N,12217.3506800,W,1,0,0.0,124.1095,M,0.0000,M,0.0000,0
$GPRMC,221748.44,A,3727.4523640,N,12217.3506800,W,33.3724,146.2957,040121,,,,
$GPGGA,221749.44,3727.4374660,N,12217.3377080,W,1,0,0.0,123.6759,M,0.0000,M,0.0000,0
$GPRMC,221749.44,A,3727.4374660,N,12217.3377080,W,33.7134,144.1949,040121,,,,
$GPGGA,221750.44,3727.4227720,N,12217.3239980,W,1,0,0.0,123.4061,M,0.0000,M,0.0000,0
$GPRMC,221750.44,A,3727.4227720,N,12217.3239980,W,34.0366,142.2672,040121,,,,
$GPGGA,221751.44,3727.4083660,N,12217.3095200,W,1,0,0.0,123.2785,M,0.0000,M,0.0000,0
$GPRMC,221751.44,A,3727.4083660,N,12217.3095200,W,34.2247,140.2141,040121,,,,
$GPGGA,221752.44,3727.3943380,N,12217.2943760,W,1,0,0.0,123.2485,M,0.0000,M,0.0000,0
$GPRMC,221752.44,A,3727.3943380,N,12217.2943760,W,34.2148,138.1697,040121,,,,
$GPGGA,221753.44,3727.3807840,N,12217.2786500,W,1,0,0.0,123.4180,M,0.0000,M,0.0000,0
$GPRMC,221753.44,A,3727.3807840,N,12217.2786500,W,34.1213,136.0876,040121,,,,
$GPGGA,221754.44,3727.3677460,N,12217.2623360,W,1,0,0.0,123.7460,M,0.0000,M,0.0000,0
$GPRMC,221754.44,A,3727.3677460,N,12217.2623360,W,34.0069,134.1259,040121,,,,
$GPGGA,221755.44,3727.3551880,N,12217.2455540,W,1,0,0.0,124.2110,M,0.0000,M,0.0000,0
$GPRMC,221755.44,A,3727.3551880,N,12217.2455540,W,33.8533,132.0043,040121,,,,
$GPGGA,221756.44,3727.3432060,N,12217.2282740,W,1,0,0.0,124.7419,M,0.0000,M,0.0000,0
$GPRMC,221756.44,A,3727.3432060,N,12217.2282740,W,33.7047,130.0474,040121,,,,
$GPGGA,221757.44,3727.3315480,N,12217.2107660,W,1,0,0.0,125.2395,M,0.0000,M,0.0000,0
$GPRMC,221757.44,A,3727.3315480,N,12217.2107660,W,33.5744,129.5479,040121,,,,
$GPGGA,221758.44,3727.3200100,N,12217.1932160,W,1,0,0.0,125.7455,M,0.0000,M,0.0000,0
$GPRMC,221758.44,A,3727.3200100,N,12217.1932160,W,33.5077,129.2918,040121,,,,
$GPGGA,221759.44,3727.3085080,N,12217.1756780,W,1,0,0.0,126.4067,M,0.0000,M,0.0000,0
$GPRMC,221759.44,A,3727.3085080,N,12217.1756780,W,33.5129,129.3903,040121,,,,
$GPGGA,221800.44,3727.2969700,N,12217.1581400,W,1,0,0.0,127.1564,M,0.0000,M,0.0000,0
$GPRMC,221800.44,A,3727.2969700,N,12217.1581400,W,33.5548,129.5779,040121,,,,
$GPGGA,221801.44,3727.2854200,N,12217.1405720,W,1,0,0.0,127.9014,M,0.0000,M,0.0000,0
$GPRMC,221801.44,A,3727.2854200,N,12217.1405720,W,33.6095,129.2415,040121,,,,
$GPGGA,221802.44,3727.2738940,N,12217.1229380,W,1,0,0.0,128.6381,M,0.0000,M,0.0000,0
$GPRMC,221802.44,A,3727.2738940,N,12217.1229380,W,33.6205,129.2617,040121,,,,
$GPGGA,221803.44,3727.2623680,N,12217.1053100,W,1,0,0.0,129.3508,M,0.0000,M,0.0000,0
$GPRMC,221803.44,A,3727.2623680,N,12217.1053100,W,33.6363,129.2809,040121,,,,
$GPGGA,221804.44,3727.2507940,N,12217.0877000,W,1,0,0.0,130.0931,M,0.0000,M,0.0000,0
$GPRMC,221804.44,A,3727.2507940,N,12217.0877000,W,33.6898,129.4453,040121,,,,
$GPGGA,221805.44,3727.2391780,N,12217.0700780,W,1,0,0.0,130.8153,M,0.0000,M,0.0000,0
$GPRMC,221805.44,A,3727.2391780,N,12217.0700780,W,33.7285,129.4697,040121,,,,
$GPGGA,221806.44,3727.2275560,N,12217.0524500,W,1,0,0.0,131.5641,M,0.0000,M,0.0000,0
$GPRMC,221806.44,A,3727.2275560,N,12217.0524500,W,33.7429,129.5706,040121,,,,
$GPGGA,221807.44,3727.2159160,N,12217.0348340,W,1,0,0.0,132.3082,M,0.0000,M,0.0000,0
$GPRMC,221807.44,A,3727.2159160,N,12217.0348340,W,33.7448,129.4675,040121,,,,
$GPGGA,221808.44,3727.2043180,N,12217.0171760,W,1,0,0.0,133.0911,M,0.0000,M,0.0000,0
$GPRMC,221808.44,A,3727.2043180,N,12217.0171760,W,33.7203,129.2820,040121,,,,
$GPGGA,221809.44,3727.1927500,N,12216.9995000,W,1,0,0.0,133.7709,M,0.0000,M,0.0000,0
$GPRMC,221809.44,A,3727.1927500,N,12216.9995000,W,33.7432,129.2139,040121,,,,
$GPGGA,221810.44,3727.1811820,N,12216.9818000,W,1,0,0.0,134.4516,M,0.0000,M,0.0000,0
$GPRMC,221810.44,A,3727.1811820,N,12216.9818000,W,33.7679,129.3042,040121,,,,
$GPGGA,221811.44,3727.1695840,N,12216.9641120,W,1,0,0.0,135.0896,M,0.0000,M,0.0000,0
$GPRMC,221811.44,A,3727.1695840,N,12216.9641120,W,33.7815,129.3413,040121,,,,
$GPGGA,221812.44,3727.1579620,N,12216.9464240,W,1,0,0.0,135.6427,M,0.0000,M,0.0000,0
$GPRMC,221812.44,A,3727.1579620,N,12216.9464240,W,33.8152,129.4848,040121,,,,
$GPGGA,221813.44,3727.1463460,N,12216.9287780,W,1,0,0.0,136.1216,M,0.0000,M,0.0000,0
$GPRMC,221813.44,A,3727.1463460,N,12216.9287780,W,33.6944,129.4799,040121,,,,
$GPGGA,221814.44,3727.1347780,N,12216.9111680,W,1,0,0.0,136.5247,M,0.0000,M,0.0000,0
$GPRMC,221814.44,A,3727.1347780,N,12216.9111680,W,33.6091,129.3430,040121,,,,
$GPGGA,221815.44,3727.1232400,N,12216.8935880,W,1,0,0.0,136.8651,M,0.0000,M,0.0000,0
$GPRMC,221815.44,A,3727.1232400,N,12216.8935880,W,33.5490,129.3520,040121,,,,
$GPGGA,221816.44,3727.1117140,N,12216.8760320,W,1,0,0.0,137.1466,M,0.0000,M,0.0000,0
$GPRMC,221816.44,A,3727.1117140,N,12216.8760320,W,33.5308,129.3658,040121,,,,
$GPGGA,221817.44,3727.1002000,N,12216.8584760,W,1,0,0.0,137.3706,M,0.0000,M,0.0000,0
$GPRMC,221817.44,A,3727.1002000,N,12216.8584760,W,33.5362,129.3498,040121,,,,
$GPGGA,221818.44,3727.0886860,N,12216.8409020,W,1,0,0.0,137.5046,M,0.0000,M,0.0000,0
$GPRMC,221818.44,A,3727.0886860,N,12216.8409020,W,33.5508,129.3217,040121,,,,
$GPGGA,221819.44,3727.0771900,N,12216.8232980,W,1,0,0.0,137.5935,M,0.0000,M,0.0000,0
$GPRMC,221819.44,A,3727.0771900,N,12216.8232980,W,33.5556,129.2042,040121,,,,
$GPGGA,221820.44,3727.0656700,N,12216.8057120,W,1,0,0.0,137.5973,M,0.0000,M,0.0000,0
$GPRMC,221820.44,A,3727.0656700,N,12216.8057120,W,33.5895,129.3918,040121,,,,
$GPGGA,221821.44,3727.0540960,N,12216.7881320,W,1,0,0.0,137.5345,M,0.0000,M,0.0000,0
$GPRMC,221821.44,A,3727.0540960,N,12216.7881320,W,33.6750,129.5385,040121,,,,
$GPGGA,221822.44,3727.0424680,N,12216.7705160,W,1,0,0.0,137.4164,M,0.0000,M,0.0000,0
$GPRMC,221822.44,A,3727.0424680,N,12216.7705160,W,33.7590,129.3935,040121,,,,
$GPGGA,221823.44,3727.0308580,N,12216.7528460,W,1,0,0.0,137.2164,M,0.0000,M,0.0000,0
$GPRMC,221823.44,A,3727.0308580,N,12216.7528460,W,33.7682,129.4681,040121,,,,
$GPGGA,221824.44,3727.0192360,N,12216.7352120,W,1,0,0.0,136.9304,M,0.0000,M,0.0000,0
$GPRMC,221824.44,A,3727.0192360,N,12216.7352120,W,33.6961,129.4431,040121,,,,
$GPGGA,221825.44,3727.0076620,N,12216.7176080,W,1,0,0.0,136.5293,M,0.0000,M,0.0000,0
$GPRMC,221825.44,A,3727.0076620,N,12216.7176080,W,33.6294,129.4655,040121,,,,
$GPGGA,221826.44,3726.9961300,N,12216.7000040,W,1,0,0.0,136.0973,M,0.0000,M,0.0000,0
$GPRMC,221826.44,A,3726.9961300,N,12216.7000040,W,33.5700,129.2586,040121,,,,
$GPGGA,221827.44,3726.9846100,N,12216.6824180,W,1,0,0.0,135.6435,M,0.0000,M,0.0000,0
$GPRMC,221827.44,A,3726.9846100,N,12216.6824180,W,33.5606,129.4381,040121,,,,
$GPGGA,221828.44,3726.9730540,N,12216.6648680,W,1,0,0.0,135.0899,M,0.0000,M,0.0000,0
$GPRMC,221828.44,A,3726.9730540,N,12216.6648680,W,33.5712,129.5316,040121,,,,
$GPGGA,221829.44,3726.9614440,N,12216.6473600,W,1,0,0.0,134.5132,M,0.0000,M,0.0000,0
$GPRMC,221829.44,A,3726.9614440,N,12216.6473600,W,33.6144,129.8456,040121,,,,
$GPGGA,221830.44,3726.9497140,N,12216.6298940,W,1,0,0.0,133.8045,M,0.0000,M,0.0000,0
$GPRMC,221830.44,A,3726.9497140,N,12216.6298940,W,33.7463,130.1467,040121,,,,
$GPGGA,221831.44,3726.9378700,N,12216.6124400,W,1,0,0.0,132.9994,M,0.0000,M,0.0000,0
$GPRMC,221831.44,A,3726.9378700,N,12216.6124400,W,33.8662,130.4128,040121,,,,
$GPGGA,221832.44,3726.9259240,N,12216.5949560,W,1,0,0.0,132.1228,M,0.0000,M,0.0000,0
$GPRMC,221832.44,A,3726.9259240,N,12216.5949560,W,34.0512,130.6176,040121,,,,
$GPGGA,221833.44,3726.9138700,N,12216.5774060,W,1,0,0.0,131.1364,M,0.0000,M,0.0000,0
$GPRMC,221833.44,A,3726.9138700,N,12216.5774060,W,34.2738,130.7538,040121,,,,
$GPGGA,221834.44,3726.9016660,N,12216.5598260,W,1,0,0.0,130.1700,M,0.0000,M,0.0000,0
$GPRMC,221834.44,A,3726.9016660,N,12216.5598260,W,34.4927,131.1251,040121,,,,
$GPGGA,221835.44,3726.8893300,N,12216.5422220,W,1,0,0.0,129.2024,M,0.0000,M,0.0000,0
$GPRMC,221835.44,A,3726.8893300,N,12216.5422220,W,34.6098,131.3029,040121,,,,
$GPGGA,221836.44,3726.8769640,N,12216.5245820,W,1,0,0.0,128.1830,M,0.0000,M,0.0000,0
$GPRMC,221836.44,A,3726.8769640,N,12216.5245820,W,34.6878,131.1639,040121,,,,
$GPGGA,221837.44,3726.8645920,N,12216.5068580,W,1,0,0.0,127.1807,M,0.0000,M,0.0000,0
$GPRMC,221837.44,A,3726.8645920,N,12216.5068580,W,34.7943,131.1402,040121,,,,
$GPGGA,221838.44,3726.8521660,N,12216.4890980,W,1,0,0.0,126.1690,M,0.0000,M,0.0000,0
$GPRMC,221838.44,A,3726.8521660,N,12216.4890980,W,34.9072,131.1223,040121,,,,
$GPGGA,221839.44,3726.8396920,N,12216.4712840,W,1,0,0.0,125.1652,M,0.0000,M,0.0000,0
$GPRMC,221839.44,A,3726.8396920,N,12216.4712840,W,35.0113,131.3333,040121,,,,
$GPGGA,221840.44,3726.8271460,N,12216.4534640,W,1,0,0.0,124.1737,M,0.0000,M,0.0000,0
$GPRMC,221840.44,A,3726.8271460,N,12216.4534640,W,35.0937,131.2842,040121,,,,
$GPGGA,221841.44,3726.8146000,N,12216.4355780,W,1,0,0.0,123.2519,M,0.0000,M,0.0000,0
$GPRMC,221841.44,A,3726.8146000,N,12216.4355780,W,35.1731,131.2155,040121,,,,
$GPGGA,221842.44,3726.8020300,N,12216.4176560,W,1,0,0.0,122.4794,M,0.0000,M,0.0000,0
$GPRMC,221842.44,A,3726.8020300,N,12216.4176560,W,35.2306,131.3086,040121,,,,
$GPGGA,221843.44,3726.7894360,N,12216.3997100,W,1,0,0.0,121.8091,M,0.0000,M,0.0000,0
$GPRMC,221843.44,A,3726.7894360,N,12216.3997100,W,35.2795,131.2753,040121,,,,
$GPGGA,221844.44,3726.7768240,N,12216.3817460,W,1,0,0.0,121.3355,M,0.0000,M,0.0000,0
$GPRMC,221844.44,A,3726.7768240,N,12216.3817460,W,35.3198,131.2389,040121,,,,
$GPGGA,221845.44,3726.7642900,N,12216.3637160,W,1,0,0.0,120.9519,M,0.0000,M,0.0000,0
$GPRMC,221845.44,A,3726.7642900,N,12216.3637160,W,35.2406,130.9572,040121,,,,
$GPGGA,221846.44,3726.7518880,N,12216.3456380,W,1,0,0.0,120.7056,M,0.0000,M,0.0000,0
$GPRMC,221846.44,A,3726.7518880,N,12216.3456380,W,35.0926,130.3442,040121,,,,
$GPGGA,221847.44,3726.7398460,N,12216.3273380,W,1,0,0.0,120.5261,M,0.0000,M,0.0000,0
$GPRMC,221847.44,A,3726.7398460,N,12216.3273380,W,34.8945,128.5469,040121,,,,
$GPGGA,221848.44,3726.7283680,N,12216.3086480,W,1,0,0.0,120.4363,M,0.0000,M,0.0000,0
$GPRMC,221848.44,A,3726.7283680,N,12216.3086480,W,34.6833,126.3897,040121,,,,
$GPGGA,221849.44,3726.7175020,N,12216.2895740,W,1,0,0.0,120.4649,M,0.0000,M,0.0000,0
$GPRMC,221849.44,A,3726.7175020,N,12216.2895740,W,34.4832,124.5707,040121,,,,
$GPGGA,221850.44,3726.7071640,N,12216.2702060,W,1,0,0.0,120.5999,M,0.0000,M,0.0000,0
$GPRMC,221850.44,A,3726.7071640,N,12216.2702060,W,34.2605,123.0538,040121,,,,
$GPGGA,221851.44,3726.6973240,N,12216.2506220,W,1,0,0.0,120.8619,M,0.0000,M,0.0000,0
$GPRMC,221851.44,A,3726.6973240,N,12216.2506220,W,34.0112,121.1841,040121,,,,
$GPGGA,221852.44,3726.6880780,N,12216.2307980,W,1,0,0.0,121.2414,M,0.0000,M,0.0000,0
$GPRMC,221852.44,A,3726.6880780,N,12216.2307980,W,33.7685,119.2847,040121,,,,
$GPGGA,221853.44,3726.6794620,N,12216.2106980,W,1,0,0.0,121.6196,M,0.0000,M,0.0000,0
$GPRMC,221853.44,A,3726.6794620,N,12216.2106980,W,33.5536,117.2111,040121,,,,
$GPGGA,221854.44,3726.6713920,N,12216.1903880,W,1,0,0.0,121.9964,M,0.0000,M,0.0000,0
$GPRMC,221854.44,A,3726.6713920,N,12216.1903880,W,33.3783,115.5693,040121,,,,
$GPGGA,221855.44,3726.6638500,N,12216.1698800,W,1,0,0.0,122.3181,M,0.0000,M,0.0000,0
$GPRMC,221855.44,A,3726.6638500,N,12216.1698800,W,33.2210,113.8922,040121,,,,
$GPGGA,221856.44,3726.6568480,N,12216.1492040,W,1,0,0.0,122.7069,M,0.0000,M,0.0000,0
$GPRMC,221856.44,A,3726.6568480,N,12216.1492040,W,33.0557,112.0979,040121,,,,
$GPGGA,221857.44,3726.6504400,N,12216.1283540,W,1,0,0.0,123.1641,M,0.0000,M,0.0000,0
$GPRMC,221857.44,A,3726.6504400,N,12216.1283540,W,32.8904,110.1161,040121,,,,
$GPGGA,221858.44,3726.6445300,N,12216.1073600,W,1,0,0.0,123.5297,M,0.0000,M,0.0000,0
$GPRMC,221858.44,A,3726.6445300,N,12216.1073600,W,32.7803,108.5186,040121,,,,
$GPGGA,221859.44,3726.6391600,N,12216.0862160,W,1,0,0.0,123.9075,M,0.0000,M,0.0000,0
$GPRMC,221859.44,A,3726.6391600,N,12216.0862160,W,32.6762,106.7632,040121,,,,
$GPGGA,221900.44,3726.6343180,N,12216.0649580,W,1,0,0.0,124.2842,M,0.0000,M,0.0000,0
$GPRMC,221900.44,A,3726.6343180,N,12216.0649580,W,32.5542,105.1480,040121,,,,
$GPGGA,221901.44,3726.6299560,N,12216.0436100,W,1,0,0.0,124.6664,M,0.0000,M,0.0000,0
$GPRMC,221901.44,A,3726.6299560,N,12216.0436100,W,32.4638,103.5579,040121,,,,
$GPGGA,221902.44,3726.6261100,N,12216.0221600,W,1,0,0.0,125.0460,M,0.0000,M,0.0000,0
$GPRMC,221902.44,A,3726.6261100,N,12216.0221600,W,32.3848,101.6733,040121,,,,
$GPGGA,221903.44,3726.6228700,N,12216.0006080,W,1,0,0.0,125.4149,M,0.0000,M,0.0000,0
$GPRMC,221903.44,A,3726.6228700,N,12216.0006080,W,32.3064,99.5927,040121,,,,
$GPGGA,221904.44,3726.6201940,N,12215.9789960,W,1,0,0.0,125.7650,M,0.0000,M,0.0000,0
$GPRMC,221904.44,A,3726.6201940,N,12215.9789960,W,32.2421,98.0769,040121,,,,
$GPGGA,221905.44,3726.6179380,N,12215.9573360,W,1,0,0.0,126.0736,M,0.0000,M,0.0000,0
$GPRMC,221905.44,A,3726.6179380,N,12215.9573360,W,32.1818,96.6354,040121,,,,
$GPGGA,221906.44,3726.6161740,N,12215.9356520,W,1,0,0.0,126.3334,M,0.0000,M,0.0000,0
$GPRMC,221906.44,A,3726.6161740,N,12215.9356520,W,32.1130,95.0134,040121,,,,
$GPGGA,221907.44,3726.6149320,N,12215.9139560,W,1,0,0.0,126.5321,M,0.0000,M,0.0000,0
$GPRMC,221907.44,A,3726.6149320,N,12215.9139560,W,32.0583,93.0841,040121,,,,
$GPGGA,221908.44,3726.6142780,N,12215.8922480,W,1,0,0.0,126.6820,M,0.0000,M,0.0000,0
$GPRMC,221908.44,A,3726.6142780,N,12215.8922480,W,32.0271,91.1660,040121,,,,
$GPGGA,221909.44,3726.6141880,N,12215.8705460,W,1,0,0.0,126.7472,M,0.0000,M,0.0000,0
$GPRMC,221909.44,A,3726.6141880,N,12215.8705460,W,31.9954,89.3781,040121,,,,
$GPGGA,221910.44,3726.6145720,N,12215.8488620,W,1,0,0.0,126.7204,M,0.0000,M,0.0000,0
$GPRMC,221910.44,A,3726.6145720,N,12215.8488620,W,32.0013,87.8755,040121,,,,
$GPGGA,221911.44,3726.6154360,N,12215.8272020,W,1,0,0.0,126.7049,M,0.0000,M,0.0000,0
$GPRMC,221911.44,A,3726.6154360,N,12215.8272020,W,31.9737,86.2876,040121,,,,
$GPGGA,221912.44,3726.6167860,N,12215.8055780,W,1,0,0.0,126.6078,M,0.0000,M,0.0000,0
$GPRMC,221912.44,A,3726.6167860,N,12215.8055780,W,32.0047,84.5107,040121,,,,
$GPGGA,221913.44,3726.6187420,N,12215.7840080,W,1,0,0.0,126.5255,M,0.0000,M,0.0000,0
$GPRMC,221913.44,A,3726.6187420,N,12215.7840080,W,32.0471,82.6009,040121,,,,
$GPGGA,221914.44,3726.6210040,N,12215.7624440,W,1,0,0.0,126.3016,M,0.0000,M,0.0000,0
$GPRMC,221914.44,A,3726.6210040,N,12215.7624440,W,32.1217,82.3823,040121,,,,
$GPGGA,221915.44,3726.6233140,N,12215.7408260,W,1,0,0.0,126.0476,M,0.0000,M,0.0000,0
$GPRMC,221915.44,A,3726.6233140,N,12215.7408260,W,32.2107,82.1494,040121,,,,
$GPGGA,221916.44,3726.6257440,N,12215.7191840,W,1,0,0.0,125.7690,M,0.0000,M,0.0000,0
$GPRMC,221916.44,A,3726.6257440,N,12215.7191840,W,32.2641,81.8475,040121,,,,
$GPGGA,221917.44,3726.6281740,N,12215.6974880,W,1,0,0.0,125.5413,M,0.0000,M,0.0000,0
$GPRMC,221917.44,A,3726.6281740,N,12215.6974880,W,32.3566,82.2071,040121,,,,
$GPGGA,221918.44,3726.6304780,N,12215.6757140,W,1,0,0.0,125.3240,M,0.0000,M,0.0000,0
$GPRMC,221918.44,A,3726.6304780,N,12215.6757140,W,32.4440,82.2768,040121,,,,
$GPGGA,221919.44,3726.6328420,N,12215.6538860,W,1,0,0.0,125.1048,M,0.0000,M,0.0000,0
$GPRMC,221919.44,A,3726.6328420,N,12215.6538860,W,32.5116,82.1017,040121,,,,
$GPGGA,221920.44,3726.6353080,N,12215.6320760,W,1,0,0.0,124.9468,M,0.0000,M,0.0000,0
$GPRMC,221920.44,A,3726.6353080,N,12215.6320760,W,32.4549,81.6228,040121,,,,
$GPGGA,221921.44,3726.6377620,N,12215.6103200,W,1,0,0.0,124.6975,M,0.0000,M,0.0000,0
$GPRMC,221921.44,A,3726.6377620,N,12215.6103200,W,32.3478,82.2509,040121,,,,
$GPGGA,221922.44,3726.6399760,N,12215.5886000,W,1,0,0.0,124.3571,M,0.0000,M,0.0000,0
$GPRMC,221922.44,A,3726.6399760,N,12215.5886000,W,32.2523,82.9751,040121,,,,
$GPGGA,221923.44,3726.6418900,N,12215.5669460,W,1,0,0.0,123.9394,M,0.0000,M,0.0000,0
$GPRMC,221923.44,A,3726.6418900,N,12215.5669460,W,31.9969,84.4979,040121,,,,
$GPGGA,221924.44,3726.6431980,N,12215.5454000,W,1,0,0.0,123.4574,M,0.0000,M,0.0000,0
$GPRMC,221924.44,A,3726.6431980,N,12215.5454000,W,31.7604,86.7796,040121,,,,
$GPGGA,221925.44,3726.6438220,N,12215.5239620,W,1,0,0.0,122.9024,M,0.0000,M,0.0000,0
$GPRMC,221925.44,A,3726.6438220,N,12215.5239620,W,31.5399,88.8156,040121,,,,
$GPGGA,221926.44,3726.6438940,N,12215.5026440,W,1,0,0.0,122.2551,M,0.0000,M,0.0000,0
$GPRMC,221926.44,A,3726.6438940,N,12215.5026440,W,31.3381,90.5217,040121,,,,
$GPGGA,221927.44,3726.6434200,N,12215.4814640,W,1,0,0.0,121.5466,M,0.0000,M,0.0000,0
$GPRMC,221927.44,A,3726.6434200,N,12215.4814640,W,31.1605,92.6316,040121,,,,
$GPGGA,221928.44,3726.6423640,N,12215.4604340,W,1,0,0.0,120.7649,M,0.0000,M,0.0000,0
$GPRMC,221928.44,A,3726.6423640,N,12215.4604340,W,31.0112,94.4210,040121,,,,
$GPGGA,221929.44,3726.6407680,N,12215.4395600,W,1,0,0.0,119.9301,M,0.0000,M,0.0000,0
$GPRMC,221929.44,A,3726.6407680,N,12215.4395600,W,30.8349,96.3374,040121,,,,
$GPGGA,221930.44,3726.6386200,N,12215.4188780,W,1,0,0.0,119.0164,M,0.0000,M,0.0000,0
$GPRMC,221930.44,A,3726.6386200,N,12215.4188780,W,30.6965,98.3924,040121,,,,
$GPGGA,221931.44,3726.6358840,N,12215.3983940,W,1,0,0.0,118.0254,M,0.0000,M,0.0000,0
$GPRMC,221931.44,A,3726.6358840,N,12215.3983940,W,30.5930,100.5655,040121,,,,
$GPGGA,221932.44,3726.6325480,N,12215.3781080,W,1,0,0.0,116.9595,M,0.0000,M,0.0000,0
$GPRMC,221932.44,A,3726.6325480,N,12215.3781080,W,30.5199,102.5881,040121,,,,
$GPGGA,221933.44,3726.6287020,N,12215.3580080,W,1,0,0.0,115.8328,M,0.0000,M,0.0000,0
$GPRMC,221933.44,A,3726.6287020,N,12215.3580080,W,30.4519,104.1495,040121,,,,
$GPGGA,221934.44,3726.6243760,N,12215.3381000,W,1,0,0.0,114.6284,M,0.0000,M,0.0000,0
$GPRMC,221934.44,A,3726.6243760,N,12215.3381000,W,30.4216,106.2393,040121,,,,
$GPGGA,221935.44,3726.6194440,N,12215.3184080,W,1,0,0.0,113.3824,M,0.0000,M,0.0000,0
$GPRMC,221935.44,A,3726.6194440,N,12215.3184080,W,30.4899,108.3980,040121,,,,
$GPGGA,221936.44,3726.6139720,N,12215.2988780,W,1,0,0.0,112.1580,M,0.0000,M,0.0000,0
$GPRMC,221936.44,A,3726.6139720,N,12215.2988780,W,30.5729,110.0868,040121,,,,
$GPGGA,221937.44,3726.6080620,N,12215.2794920,W,1,0,0.0,110.9274,M,0.0000,M,0.0000,0
$GPRMC,221937.44,A,3726.6080620,N,12215.2794920,W,30.6351,111.6821,040121,,,,
$GPGGA,221938.44,3726.6016300,N,12215.2603640,W,1,0,0.0,109.7000,M,0.0000,M,0.0000,0
$GPRMC,221938.44,A,3726.6016300,N,12215.2603640,W,30.6124,114.0914,040121,,,,
$GPGGA,221939.44,3726.5945800,N,12215.2415960,W,1,0,0.0,108.4684,M,0.0000,M,0.0000,0
$GPRMC,221939.44,A,3726.5945800,N,12215.2415960,W,30.5868,116.1863,040121,,,,
$GPGGA,221940.44,3726.5870200,N,12215.2231580,W,1,0,0.0,107.1985,M,0.0000,M,0.0000,0
$GPRMC,221940.44,A,3726.5870200,N,12215.2231580,W,30.5702,117.9812,040121,,,,
$GPGGA,221941.44,3726.5790280,N,12215.2050320,W,1,0,0.0,105.9827,M,0.0000,M,0.0000,0
$GPRMC,221941.44,A,3726.5790280,N,12215.2050320,W,30.5293,119.6285,040121,,,,
$GPGGA,221942.44,3726.5706100,N,12215.1872540,W,1,0,0.0,104.7988,M,0.0000,M,0.0000,0
$GPRMC,221942.44,A,3726.5706100,N,12215.1872540,W,30.4556,121.9447,040121,,,,
$GPGGA,221943.44,3726.5615560,N,12215.1700520,W,1,0,0.0,103.5649,M,0.0000,M,0.0000,0
$GPRMC,221943.44,A,3726.5615560,N,12215.1700520,W,30.3652,124.8978,040121,,,,
$GPGGA,221944.44,3726.5517820,N,12215.1535340,W,1,0,0.0,102.3199,M,0.0000,M,0.0000,0
$GPRMC,221944.44,A,3726.5517820,N,12215.1535340,W,30.3151,127.8429,040121,,,,
$GPGGA,221945.44,3726.5415280,N,12215.1375140,W,1,0,0.0,101.0657,M,0.0000,M,0.0000,0
$GPRMC,221945.44,A,3726.5415280,N,12215.1375140,W,30.2738,129.3730,040121,,,,
$GPGGA,221946.44,3726.5309860,N,12215.1218480,W,1,0,0.0,99.8813,M,0.0000,M,0.0000,0
$GPRMC,221946.44,A,3726.5309860,N,12215.1218480,W,30.1899,130.9351,040121,,,,
$GPGGA,221947.44,3726.5200720,N,12215.1066680,W,1,0,0.0,98.5813,M,0.0000,M,0.0000,0
$GPRMC,221947.44,A,3726.5200720,N,12215.1066680,W,30.1230,133.2708,040121,,,,
$GPGGA,221948.44,3726.5087080,N,12215.0920520,W,1,0,0.0,97.3322,M,0.0000,M,0.0000,0
$GPRMC,221948.44,A,3726.5087080,N,12215.0920520,W,30.0876,134.8002,040121,,,,
$GPGGA,221949.44,3726.4972180,N,12215.0776580,W,1,0,0.0,96.2497,M,0.0000,M,0.0000,0
$GPRMC,221949.44,A,3726.4972180,N,12215.0776580,W,29.9932,135.1151,040121,,,,
$GPGGA,221950.44,3726.4857520,N,12215.0633120,W,1,0,0.0,95.0859,M,0.0000,M,0.0000,0
$GPRMC,221950.44,A,3726.4857520,N,12215.0633120,W,29.9324,134.7134,040121,,,,
$GPGGA,221951.44,3726.4744060,N,12215.0488580,W,1,0,0.0,93.8899,M,0.0000,M,0.0000,0
$GPRMC,221951.44,A,3726.4744060,N,12215.0488580,W,29.8982,134.0968,040121,,,,
$GPGGA,221952.44,3726.4631620,N,12215.0343140,W,1,0,0.0,92.6669,M,0.0000,M,0.0000,0
$GPRMC,221952.44,A,3726.4631620,N,12215.0343140,W,29.8653,133.9456,040121,,,,
$GPGGA,221953.44,3726.4519600,N,12215.0197580,W,1,0,0.0,91.5402,M,0.0000,M,0.0000,0
$GPRMC,221953.44,A,3726.4519600,N,12215.0197580,W,29.7805,133.8880,040121,,,,
$GPGGA,221954.44,3726.4407880,N,12215.0052380,W,1,0,0.0,90.3225,M,0.0000,M,0.0000,0
$GPRMC,221954.44,A,3726.4407880,N,12215.0052380,W,29.7392,133.8332,040121,,,,
$GPGGA,221955.44,3726.4296460,N,12214.9907360,W,1,0,0.0,89.1573,M,0.0000,M,0.0000,0
$GPRMC,221955.44,A,3726.4296460,N,12214.9907360,W,29.6852,133.9363,040121,,,,
$GPGGA,221956.44,3726.4185100,N,12214.9762640,W,1,0,0.0,87.9489,M,0.0000,M,0.0000,0
$GPRMC,221956.44,A,3726.4185100,N,12214.9762640,W,29.6401,133.8339,040121,,,,
$GPGGA,221957.44,3726.4074100,N,12214.9618040,W,1,0,0.0,86.7815,M,0.0000,M,0.0000,0
$GPRMC,221957.44,A,3726.4074100,N,12214.9618040,W,29.5858,133.7662,040121,,,,
$GPGGA,221958.44,3726.3963340,N,12214.9473620,W,1,0,0.0,85.6540,M,0.0000,M,0.0000,0
$GPRMC,221958.44,A,3726.3963340,N,12214.9473620,W,29.5068,133.8813,040121,,,,
$GPGGA,221959.44,3726.3852520,N,12214.9330040,W,1,0,0.0,84.5198,M,0.0000,M,0.0000,0
$GPRMC,221959.44,A,3726.3852520,N,12214.9330040,W,29.4382,134.0051,040121,,,,
$GPGGA,222000.44,3726.3741760,N,12214.9186760,W,1,0,0.0,83.2890,M,0.0000,M,0.0000,0
$GPRMC,222000.44,A,3726.3741760,N,12214.9186760,W,29.4236,134.1544,040121,,,,
$GPGGA,222001.44,3726.3630580,N,12214.9044200,W,1,0,0.0,82.0084,M,0.0000,M,0.0000,0
$GPRMC,222001.44,A,3726.3630580,N,12214.9044200,W,29.4179,134.3384,040121,,,,
$GPGGA,222002.44,3726.3519160,N,12214.8902060,W,1,0,0.0,80.8454,M,0.0000,M,0.0000,0
$GPRMC,222002.44,A,3726.3519160,N,12214.8902060,W,29.3725,134.5602,040121,,,,
$GPGGA,222003.44,3726.3407200,N,12214.8761240,W,1,0,0.0,79.6527,M,0.0000,M,0.0000,0
$GPRMC,222003.44,A,3726.3407200,N,12214.8761240,W,29.2306,135.0564,040121,,,,
$GPGGA,222004.44,3726.3296680,N,12214.8624020,W,1,0,0.0,78.5050,M,0.0000,M,0.0000,0
$GPRMC,222004.44,A,3726.3296680,N,12214.8624020,W,28.1554,135.4050,040121,,,,
$GPGGA,222005.44,3726.3190840,N,12214.8493640,W,1,0,0.0,77.3752,M,0.0000,M,0.0000,0
$GPRMC,222005.44,A,3726.3190840,N,12214.8493640,W,26.7571,135.4661,040121,,,,
$GPGGA,222006.44,3726.3090040,N,12214.8370580,W,1,0,0.0,76.3925,M,0.0000,M,0.0000,0
$GPRMC,222006.44,A,3726.3090040,N,12214.8370580,W,25.2931,135.8635,040121,,,,
$GPGGA,222007.44,3726.2993680,N,12214.8255500,W,1,0,0.0,75.4100,M,0.0000,M,0.0000,0
$GPRMC,222007.44,A,3726.2993680,N,12214.8255500,W,24.0373,136.9796,040121,,,,
$GPGGA,222008.44,3726.2898220,N,12214.8147320,W,1,0,0.0,74.4528,M,0.0000,M,0.0000,0
$GPRMC,222008.44,A,3726.2898220,N,12214.8147320,W,23.7169,138.5024,040121,,,,
$GPGGA,222009.44,3726.2801020,N,12214.8042560,W,1,0,0.0,73.4368,M,0.0000,M,0.0000,0
$GPRMC,222009.44,A,3726.2801020,N,12214.8042560,W,23.7164,139.8322,040121,,,,
$GPGGA,222010.44,3726.2702320,N,12214.7939780,W,1,0,0.0,72.4354,M,0.0000,M,0.0000,0
$GPRMC,222010.44,A,3726.2702320,N,12214.7939780,W,23.7417,140.4606,040121,,,,
$GPGGA,222011.44,3726.2603200,N,12214.7837960,W,1,0,0.0,71.4408,M,0.0000,M,0.0000,0
$GPRMC,222011.44,A,3726.2603200,N,12214.7837960,W,23.7093,140.8263,040121,,,,
$GPGGA,222012.44,3726.2503240,N,12214.7737160,W,1,0,0.0,70.4464,M,0.0000,M,0.0000,0
$GPRMC,222012.44,A,3726.2503240,N,12214.7737160,W,23.7155,141.3766,040121,,,,
$GPGGA,222013.44,3726.2403160,N,12214.7636780,W,1,0,0.0,69.4917,M,0.0000,M,0.0000,0
$GPRMC,222013.44,A,3726.2403160,N,12214.7636780,W,23.7063,141.1220,040121,,,,
$GPGGA,222014.44,3726.2303800,N,12214.7535260,W,1,0,0.0,68.5123,M,0.0000,M,0.0000,0
$GPRMC,222014.44,A,3726.2303800,N,12214.7535260,W,23.7056,140.7023,040121,,,,
$GPGGA,222015.44,3726.2205040,N,12214.7432960,W,1,0,0.0,67.5012,M,0.0000,M,0.0000,0
$GPRMC,222015.44,A,3726.2205040,N,12214.7432960,W,23.6962,140.4678,040121,,,,
$GPGGA,222016.44,3726.2106460,N,12214.7330480,W,1,0,0.0,66.4289,M,0.0000,M,0.0000,0
$GPRMC,222016.44,A,3726.2106460,N,12214.7330480,W,23.6906,140.3601,040121,,,,
$GPGGA,222017.44,3726.2008480,N,12214.7226740,W,1,0,0.0,65.2097,M,0.0000,M,0.0000,0
$GPRMC,222017.44,A,3726.2008480,N,12214.7226740,W,23.7389,139.2169,040121,,,,
$GPGGA,222018.44,3726.1911640,N,12214.7120900,W,1,0,0.0,63.9308,M,0.0000,M,0.0000,0
$GPRMC,222018.44,A,3726.1911640,N,12214.7120900,W,23.8039,138.6620,040121,,,,
$GPGGA,222019.44,3726.1814920,N,12214.7013800,W,1,0,0.0,62.6429,M,0.0000,M,0.0000,0
$GPRMC,222019.44,A,3726.1814920,N,12214.7013800,W,23.8951,138.3973,040121,,,,
$GPGGA,222020.44,3726.1718080,N,12214.6906340,W,1,0,0.0,61.3805,M,0.0000,M,0.0000,0
$GPRMC,222020.44,A,3726.1718080,N,12214.6906340,W,23.9470,138.4857,040121,,,,
$GPGGA,222021.44,3726.1621660,N,12214.6799480,W,1,0,0.0,60.1523,M,0.0000,M,0.0000,0
$GPRMC,222021.44,A,3726.1621660,N,12214.6799480,W,23.4458,138.5141,040121,,,,
$GPGGA,222022.44,3726.1530400,N,12214.6698680,W,1,0,0.0,59.0603,M,0.0000,M,0.0000,0
$GPRMC,222022.44,A,3726.1530400,N,12214.6698680,W,21.3797,138.6082,040121,,,,
$GPGGA,222023.44,3726.1448680,N,12214.6608740,W,1,0,0.0,58.1926,M,0.0000,M,0.0000,0
$GPRMC,222023.44,A,3726.1448680,N,12214.6608740,W,18.8384,138.7507,040121,,,,
$GPGGA,222024.44,3726.1377880,N,12214.6531100,W,1,0,0.0,57.6834,M,0.0000,M,0.0000,0
$GPRMC,222024.44,A,3726.1377880,N,12214.6531100,W,15.8496,138.8360,040121,,,,
$GPGGA,222025.44,3726.1319800,N,12214.6467380,W,1,0,0.0,57.3866,M,0.0000,M,0.0000,0
$GPRMC,222025.44,A,3726.1319800,N,12214.6467380,W,12.7984,138.6349,040121,,,,
$GPGGA,222026.44,3726.1273540,N,12214.6416200,W,1,0,0.0,57.2203,M,0.0000,M,0.0000,0
$GPRMC,222026.44,A,3726.1273540,N,12214.6416200,W,10.0407,138.5571,040121,,,,
$GPGGA,222027.44,3726.1238320,N,12214.6377020,W,1,0,0.0,57.1346,M,0.0000,M,0.0000,0
$GPRMC,222027.44,A,3726.1238320,N,12214.6377020,W,7.3986,138.4110,040121,,,,
$GPGGA,222028.44,3726.1212760,N,12214.6348340,W,1,0,0.0,57.0103,M,0.0000,M,0.0000,0
$GPRMC,222028.44,A,3726.1212760,N,12214.6348340,W,5.3669,138.3126,040121,,,,
$GPGGA,222029.44,3726.1194460,N,12214.6327820,W,1,0,0.0,56.9544,M,0.0000,M,0.0000,0
$GPRMC,222029.44,A,3726.1194460,N,12214.6327820,W,3.8386,138.1942,040121,,,,
$GPGGA,222030.44,3726.1181200,N,12214.6312820,W,1,0,0.0,56.8995,M,0.0000,M,0.0000,0
$GPRMC,222030.44,A,3726.1181200,N,12214.6312820,W,2.7451,138.0189,040121,,,,
$GPGGA,222031.44,3726.1172860,N,12214.6303340,W,1,0,0.0,56.8623,M,0.0000,M,0.0000,0
$GPRMC,222031.44,A,3726.1172860,N,12214.6303340,W,1.4631,137.9258,040121,,,,
$GPGGA,222032.44,3726.1169500,N,12214.6299440,W,1,0,0.0,56.8476,M,0.0000,M,0.0000,0
$GPRMC,222032.44,A,3726.1169500,N,12214.6299440,W,0.2256,137.8910,040121,,,,
$GPGGA,222033.44,3726.1169440,N,12214.6299380,W,1,0,0.0,56.8400,M,0.0000,M,0.0000,0
$GPRMC,222033.44,A,3726.1169440,N,12214.6299380,W,0.0022,137.8853,040121,,,,
$GPGGA,222034.44,3726.1169440,N,12214.6299380,W,1,0,0.0,56.8390,M,0.0000,M,0.0000,0
$GPRMC,222034.44,A,3726.1169440,N,12214.6299380,W,0.0027,137.8842,040121,,,,
$GPGGA,222035.44,3726.1169440,N,12214.6299380,W,1,0,0.0,56.8390,M,0.0000,M,0.0000,0
$GPRMC,222035.44,A,3726.1169440,N,12214.6299380,W,0.0014,137.8850,040121,,,,
$GPGGA,222036.44,3726.1169440,N,12214.6299380,W,1,0,0.0,56.8390,M,0.0000,M,0.0000,0
$GPRMC,222036.44,A,3726.1169440,N,12214.6299380,W,0.0013,137.8849,040121,,,,
$GPGGA,222037.44,3726.1169440,N,12214.6299380,W,1,0,0.0,56.8390,M,0.0000,M,0.0000,0
$GPRMC,222037.44,A,3726.1169440,N,12214.6299380,W,0.0010,137.8850,040121,,,,
$GPGGA,222038.44,3726.1169440,N,12214.6299380,W,1,0,0.0,56.8390,M,0.0000,M,0.0000,0
$GPRMC,222038.44,A,3726.1169440,N,12214.6299380,W,0.0012,137.8851,040121,,,,
$GPGGA,222039.44,3726.1169440,N,12214.6299380,W,1,0,0.0,56.8390,M,0.0000,M,0.0000,0
$GPRMC,222039.44,A,3726.1169440,N,12214.6299380,W,0.0004,137.8849,040121,,,,
$GPGGA,222040.44,3726.1169440,N,12214.6299380,W,1,0,0.0,56.8390,M,0.0000,M,0.0000,0
$GPRMC,222040.44,A,3726.1169440,N,12214.6299380,W,0.0010,137.8848,040121,,,,
$GPGGA,222041.44,3726.1169440,N,12214.6299380,W,1,0,0.0,56.8390,M,0.0000,M,0.0000,0
$GPRMC,222041.44,A,3726.1169440,N,12214.6299380,W,0.0010,137.8852,040121,,,,
$GPGGA,222042.44,3726.1169440,N,12214.6299380,W,1,0,0.0,56.8390,M,0.0000,M,0.0000,0
$GPRMC,222042.44,A,3726.1169440,N,12214.6299380,W,0.0010,137.8850,040121,,,,
$GPGGA,222043.44,3726.1169440,N,12214.6299380,W,1,0,0.0,56.8390,M,0.0000,M,0.0000,0
$GPRMC,222043.44,A,3726.1169440,N,12214.6299380,W,0.0010,137.8844,040121,,,,
$GPGGA,222044.44,3726.1169440,N,12214.6299380,W,1,0,0.0,56.8390,M,0.0000,M,0.0000,0
$GPRMC,222044.44,A,3726.1169440,N,12214.6299380,W,0.0008,137.8849,040121,,,,
$GPGGA,222045.44,3726.1169440,N,12214.6299380,W,1,0,0.0,56.8390,M,0.0000,M,0.0000,0
$GPRMC,222045.44,A,3726.1169440,N,12214.6299380,W,0.0009,137.8851,040121,,,,
$GPGGA,222046.44,3726.1169440,N,12214.6299380,W,1,0,0.0,56.8390,M,0.0000,M,0.0000,0
$GPRMC,222046.44,A,3726.1169440,N,12214.6299380,W,0.0013,137.8849,040121,,,,
$GPGGA,222047.44,3726.1169440,N,12214.6299380,W,1,0,0.0,56.8390,M,0.0000,M,0.0000,0
$GPRMC,222047.44,A,3726.1169440,N,12214.6299380,W,0.0014,137.8850,040121,,,,
$GPGGA,222048.44,3726.1169440,N,12214.6299380,W,1,0,0.0,56.8390,M,0.0000,M,0.0000,0
$GPRMC,222048.44,A,3726.1169440,N,12214.6299380,W,0.0010,137.8851,040121,,,,
$GPGGA,222049.44,3726.1169440,N,12214.6299380,W,1,0,0.0,56.8390,M,0.0000,M,0.0000,0
$GPRMC,222049.44,A,3726.1169440,N,12214.6299380,W,0.0009,137.8851,040121,,,,
$GPGGA,222050.44,3726.1169440,N,12214.6299380,W,1,0,0.0,56.8390,M,0.0000,M,0.0000,0
$GPRMC,222050.44,A,3726.1169440,N,12214.6299380,W,0.0010,137.8852,040121,,,,
$GPGGA,222051.44,3726.1169440,N,12214.6299380,W,1,0,0.0,56.8390,M,0.0000,M,0.0000,0
$GPRMC,222051.44,A,3726.1169440,N,12214.6299380,W,0.0000,137.8849,040121,,,,
$GPGGA,222052.44,3726.1169440,N,12214.6299380,W,1,0,0.0,56.8390,M,0.0000,M,0.0000,0
$GPRMC,222052.44,A,3726.1169440,N,12214.6299380,W,0.0000,137.8849,040121,,,,
$GPGGA,222053.44,3726.1169440,N,12214.6299380,W,1,0,0.0,56.8390,M,0.0000,M,0.0000,0
$GPRMC,222053.44,A,3726.1169440,N,12214.6299380,W,0.0006,137.8851,040121,,,,
$GPGGA,222054.44,3726.1169440,N,12214.6299380,W,1,0,0.0,56.8390,M,0.0000,M,0.0000,0
$GPRMC,222054.44,A,3726.1169440,N,12214.6299380,W,0.0000,137.8849,040121,,,,
$GPGGA,222055.44,3726.1169440,N,12214.6299380,W,1,0,0.0,56.8390,M,0.0000,M,0.0000,0
$GPRMC,222055.44,A,3726.1169440,N,12214.6299380,W,0.0009,137.8853,040121,,,,
$GPGGA,222056.44,3726.1169440,N,12214.6299380,W,1,0,0.0,56.8390,M,0.0000,M,0.0000,0
$GPRMC,222056.44,A,3726.1169440,N,12214.6299380,W,0.0010,137.8848,040121,,,,
$GPGGA,222057.44,3726.1169440,N,12214.6299380,W,1,0,0.0,56.8390,M,0.0000,M,0.0000,0
$GPRMC,222057.44,A,3726.1169440,N,12214.6299380,W,0.0004,137.8850,040121,,,,
$GPGGA,222058.44,3726.1169440,N,12214.6299380,W,1,0,0.0,56.8390,M,0.0000,M,0.0000,0
$GPRMC,222058.44,A,3726.1169440,N,12214.6299380,W,0.0006,137.8850,040121,,,,
$GPGGA,222059.44,3726.1169440,N,12214.6299380,W,1,0,0.0,56.8390,M,0.0000,M,0.0000,0
$GPRMC,222059.44,A,3726.1169440,N,12214.6299380,W,0.0010,137.8850,040121,,,,
$GPGGA,222100.44,3726.1169440,N,12214.6299380,W,1,0,0.0,56.8390,M,0.0000,M,0.0000,0
$GPRMC,222100.44,A,3726.1169440,N,12214.6299380,W,0.0010,137.8849,040121,,,,
$GPGGA,222101.44,3726.1169440,N,12214.6299380,W,1,0,0.0,56.8390,M,0.0000,M,0.0000,0
$GPRMC,222101.44,A,3726.1169440,N,12214.6299380,W,0.0010,137.8849,040121,,,,
$GPGGA,222102.44,3726.1169440,N,12214.6299380,W,1,0,0.0,56.8390,M,0.0000,M,0.0000,0
$GPRMC,222102.44,A,3726.1169440,N,12214.6299380,W,0.0000,137.8849,040121,,,,
$GPGGA,222103.44,3726.1169440,N,12214.6299380,W,1,0,0.0,56.8390,M,0.0000,M,0.0000,0
$GPRMC,222103.44,A,3726.1169440,N,12214.6299380,W,0.0006,137.8846,040121,,,,
$GPGGA,222104.44,3726.1169440,N,12214.6299380,W,1,0,0.0,56.8390,M,0.0000,M,0.0000,0
$GPRMC,222104.44,A,3726.1169440,N,12214.6299380,W,0.0000,137.8842,040121,,,,
$GPGGA,222105.44,3726.1169440,N,12214.6299380,W,1,0,0.0,56.8390,M,0.0000,M,0.0000,0
$GPRMC,222105.44,A,3726.1169440,N,12214.6299380,W,0.0006,137.8843,040121,,,,
$GPGGA,222106.44,3726.1169440,N,12214.6299380,W,1,0,0.0,56.8390,M,0.0000,M,0.0000,0
$GPRMC,222106.44,A,3726.1169440,N,12214.6299380,W,0.0004,137.8840,040121,,,,
$GPGGA,222107.44,3726.1169440,N,12214.6299380,W,1,0,0.0,56.8390,M,0.0000,M,0.0000,0
$GPRMC,222107.44,A,3726.1169440,N,12214.6299380,W,0.0010,137.8841,040121,,,,
$GPGGA,222108.44,3726.1169440,N,12214.6299380,W,1,0,0.0,56.8390,M,0.0000,M,0.0000,0
$GPRMC,222108.44,A,3726.1169440,N,12214.6299380,W,0.0016,137.8845,040121,,,,
$GPGGA,222109.44,3726.1169440,N,12214.6299380,W,1,0,0.0,56.8390,M,0.0000,M,0.0000,0
$GPRMC,222109.44,A,3726.1169440,N,12214.6299380,W,0.0010,137.8849,040121,,,,
$GPGGA,222110.44,3726.1169440,N,12214.6299380,W,1,0,0.0,56.8390,M,0.0000,M,0.0000,0
$GPRMC,222110.44,A,3726.1169440,N,12214.6299380,W,0.0010,137.8848,040121,,,,
$GPGGA,222111.44,3726.1169440,N,12214.6299380,W,1,0,0.0,56.8390,M,0.0000,M,0.0000,0
$GPRMC,222111.44,A,3726.1169440,N,12214.6299380,W,0.0009,137.8850,040121,,,,
$GPGGA,222112.44,3726.1169440,N,12214.6299380,W,1,0,0.0,56.8390,M,0.0000,M,0.0000,0
$GPRMC,222112.44,A,3726.1169440,N,12214.6299380,W,0.0004,137.8847,040121,,,,
$GPGGA,222113.44,3726.1169440,N,12214.6299380,W,1,0,0.0,56.8390,M,0.0000,M,0.0000,0
$GPRMC,222113.44,A,3726.1169440,N,12214.6299380,W,0.0006,137.8846,040121,,,,
$GPGGA,222114.44,3726.1169440,N,12214.6299380,W,1,0,0.0,56.8390,M,0.0000,M,0.0000,0
$GPRMC,222114.44,A,3726.1169440,N,12214.6299380,W,0.0010,137.8847,040121,,,,
$GPGGA,222115.44,3726.1169440,N,12214.6299380,W,1,0,0.0,56.8390,M,0.0000,M,0.0000,0
$GPRMC,222115.44,A,3726.1169440,N,12214.6299380,W,0.0010,137.8846,040121,,,,
$GPGGA,222116.44,3726.1169440,N,12214.6299380,W,1,0,0.0,56.8390,M,0.0000,M,0.0000,0
$GPRMC,222116.44,A,3726.1169440,N,12214.6299380,W,0.0010,137.8845,040121,,,,
$GPGGA,222117.44,3726.1169440,N,12214.6299380,W,1,0,0.0,56.8390,M,0.0000,M,0.0000,0
$GPRMC,222117.44,A,3726.1169440,N,12214.6299380,W,0.0010,137.8847,040121,,,,
$GPGGA,222118.44,3726.1169440,N,12214.6299380,W,1,0,0.0,56.8390,M,0.0000,M,0.0000,0
$GPRMC,222118.44,A,3726.1169440,N,12214.6299380,W,0.0000,137.8847,040121,,,,
$GPGGA,222119.44,3726.1169440,N,12214.6299380,W,1,0,0.0,56.8390,M,0.0000,M,0.0000,0
$GPRMC,222119.44,A,3726.1169440,N,12214.6299380,W,0.0010,137.8846,040121,,,,
$GPGGA,222120.44,3726.1169440,N,12214.6299380,W,1,0,0.0,56.8390,M,0.0000,M,0.0000,0
$GPRMC,222120.44,A,3726.1169440,N,12214.6299380,W,0.0013,137.8846,040121,,,,
$GPGGA,222121.44,3726.1169440,N,12214.6299380,W,1,0,0.0,56.8390,M,0.0000,M,0.0000,0
$GPRMC,222121.44,A,3726.1169440,N,12214.6299380,W,0.0004,137.8847,040121,,,,
$GPGGA,222122.44,3726.1169440,N,12214.6299380,W,1,0,0.0,56.8390,M,0.0000,M,0.0000,0
$GPRMC,222122.44,A,3726.1169440,N,12214.6299380,W,0.0010,137.8846,040121,,,,
$GPGGA,222123.44,3726.1169440,N,12214.6299380,W,1,0,0.0,56.8390,M,0.0000,M,0.0000,0
$GPRMC,222123.44,A,3726.1169440,N,12214.6299380,W,0.0010,137.8845,040121,,,,
$GPGGA,222124.44,3726.1169440,N,12214.6299380,W,1,0,0.0,56.8390,M,0.0000,M,0.0000,0
$GPRMC,222124.44,A,3726.1169440,N,12214.6299380,W,0.0000,137.8848,040121,,,,
$GPGGA,222125.44,3726.1169440,N,12214.6299380,W,1,0,0.0,56.8390,M,0.0000,M,0.0000,0
$GPRMC,222125.44,A,3726.1169440,N,12214.6299380,W,0.0014,137.8850,040121,,,,
$GPGGA,222126.44,3726.1169440,N,12214.6299380,W,1,0,0.0,56.8390,M,0.0000,M,0.0000,0
$GPRMC,222126.44,A,3726.1169440,N,12214.6299380,W,0.0000,137.8846,040121,,,,
$GPGGA,222127.44,3726.1169440,N,12214.6299380,W,1,0,0.0,56.8390,M,0.0000,M,0.0000,0
$GPRMC,222127.44,A,3726.1169440,N,12214.6299380,W,0.0004,137.8845,040121,,,,
$GPGGA,222128.44,3726.1169440,N,12214.6299380,W,1,0,0.0,56.8390,M,0.0000,M,0.0000,0
$GPRMC,222128.44,A,3726.1169440,N,12214.6299380,W,0.0004,137.8845,040121,,,,
$GPGGA,222129.44,3726.1169440,N,12214.6299380,W,1,0,0.0,56.8390,M,0.0000,M,0.0000,0
$GPRMC,222129.44,A,3726.1169440,N,12214.6299380,W,0.0006,137.8843,040121,,,,
$GPGGA,222130.44,3726.1169440,N,12214.6299380,W,1,0,0.0,56.8390,M,0.0000,M,0.0000,0
$GPRMC,222130.44,A,3726.1169440,N,12214.6299380,W,0.0010,137.8845,040121,,,,
$GPGGA,222131.44,3726.1169440,N,12214.6299380,W,1,0,0.0,56.8390,M,0.0000,M,0.0000,0
$GPRMC,222131.44,A,3726.1169440,N,12214.6299380,W,0.0013,137.8845,040121,,,,
$GPGGA,222132.44,3726.1169440,N,12214.6299380,W,1,0,0.0,56.8390,M,0.0000,M,0.0000,0
$GPRMC,222132.44,A,3726.1169440,N,12214.6299380,W,0.0014,137.8845,040121,,,,
$GPGGA,222133.44,3726.1169440,N,12214.6299380,W,1,0,0.0,56.8390,M,0.0000,M,0.0000,0
$GPRMC,222133.44,A,3726.1169440,N,12214.6299380,W,0.0022,137.8845,040121,,,,
$GPGGA,222134.44,3726.1169140,N,12214.6299020,W,1,0,0.0,56.8320,M,0.0000,M,0.0000,0
$GPRMC,222134.44,A,3726.1169140,N,12214.6299020,W,0.3532,137.8680,040121,,,,
$GPGGA,222135.44,3726.1165240,N,12214.6294460,W,1,0,0.0,56.8099,M,0.0000,M,0.0000,0
$GPRMC,222135.44,A,3726.1165240,N,12214.6294460,W,1.8056,137.3497,040121,,,,
$GPGGA,222136.44,3726.1154920,N,12214.6281080,W,1,0,0.0,56.7600,M,0.0000,M,0.0000,0
$GPRMC,222136.44,A,3726.1154920,N,12214.6281080,W,3.7730,134.5621,040121,,,,
$GPGGA,222137.44,3726.1138660,N,12214.6255640,W,1,0,0.0,56.6348,M,0.0000,M,0.0000,0
$GPRMC,222137.44,A,3726.1138660,N,12214.6255640,W,5.8513,127.8521,040121,,,,
$GPGGA,222138.44,3726.1120480,N,12214.6215020,W,1,0,0.0,56.4884,M,0.0000,M,0.0000,0
$GPRMC,222138.44,A,3726.1120480,N,12214.6215020,W,7.5417,116.5499,040121,,,,
$GPGGA,222139.44,3726.1110640,N,12214.6164500,W,1,0,0.0,56.3231,M,0.0000,M,0.0000,0
$GPRMC,222139.44,A,3726.1110640,N,12214.6164500,W,7.7989,98.6325,040121,,,,
$GPGGA,222140.44,3726.1116640,N,12214.6112540,W,1,0,0.0,56.1920,M,0.0000,M,0.0000,0
$GPRMC,222140.44,A,3726.1116640,N,12214.6112540,W,7.7649,74.8303,040121,,,,
$GPGGA,222141.44,3726.1136260,N,12214.6065500,W,1,0,0.0,55.9306,M,0.0000,M,0.0000,0
$GPRMC,222141.44,A,3726.1136260,N,12214.6065500,W,7.9170,60.4737,040121,,,,
$GPGGA,222142.44,3726.1158160,N,12214.6018760,W,1,0,0.0,55.6680,M,0.0000,M,0.0000,0
$GPRMC,222142.44,A,3726.1158160,N,12214.6018760,W,8.0634,59.4083,040121,,,,
$GPGGA,222143.44,3726.1179520,N,12214.5970640,W,1,0,0.0,55.4134,M,0.0000,M,0.0000,0
$GPRMC,222143.44,A,3726.1179520,N,12214.5970640,W,8.2033,61.6250,040121,,,,
$GPGGA,222144.44,3726.1199500,N,12214.5919340,W,1,0,0.0,55.1055,M,0.0000,M,0.0000,0
$GPRMC,222144.44,A,3726.1199500,N,12214.5919340,W,8.8400,64.9178,040121,,,,
$GPGGA,222145.44,3726.1220740,N,12214.5860180,W,1,0,0.0,54.7565,M,0.0000,M,0.0000,0
$GPRMC,222145.44,A,3726.1220740,N,12214.5860180,W,10.3637,65.3099,040121,,,,
$GPGGA,222146.44,3726.1247500,N,12214.5791060,W,1,0,0.0,54.3568,M,0.0000,M,0.0000,0
$GPRMC,222146.44,A,3726.1247500,N,12214.5791060,W,12.2588,63.2341,040121,,,,
$GPGGA,222147.44,3726.1280740,N,12214.5712340,W,1,0,0.0,53.9125,M,0.0000,M,0.0000,0
$GPRMC,222147.44,A,3726.1280740,N,12214.5712340,W,13.9990,61.5932,040121,,,,
$GPGGA,222148.44,3726.1319620,N,12214.5624920,W,1,0,0.0,53.4571,M,0.0000,M,0.0000,0
$GPRMC,222148.44,A,3726.1319620,N,12214.5624920,W,15.4834,60.3448,040121,,,,
$GPGGA,222149.44,3726.1363780,N,12214.5530420,W,1,0,0.0,52.9354,M,0.0000,M,0.0000,0
$GPRMC,222149.44,A,3726.1363780,N,12214.5530420,W,16.7460,59.2360,040121,,,,
$GPGGA,222150.44,3726.1412020,N,12214.5430700,W,1,0,0.0,52.4908,M,0.0000,M,0.0000,0
$GPRMC,222150.44,A,3726.1412020,N,12214.5430700,W,17.4514,58.2719,040121,,,,
$GPGGA,222151.44,3726.1462240,N,12214.5330440,W,1,0,0.0,51.9009,M,0.0000,M,0.0000,0
$GPRMC,222151.44,A,3726.1462240,N,12214.5330440,W,17.5076,57.6101,040121,,,,
$GPGGA,222152.44,3726.1514260,N,12214.5230420,W,1,0,0.0,51.2699,M,0.0000,M,0.0000,0
$GPRMC,222152.44,A,3726.1514260,N,12214.5230420,W,17.7807,56.0960,040121,,,,
$GPGGA,222153.44,3726.1570960,N,12214.5131120,W,1,0,0.0,50.7366,M,0.0000,M,0.0000,0
$GPRMC,222153.44,A,3726.1570960,N,12214.5131120,W,18.2795,53.0557,040121,,,,
$GPGGA,222154.44,3726.1633360,N,12214.5032540,W,1,0,0.0,50.0846,M,0.0000,M,0.0000,0
$GPRMC,222154.44,A,3726.1633360,N,12214.5032540,W,18.8609,50.2492,040121,,,,
$GPGGA,222155.44,3726.1702180,N,12214.4935640,W,1,0,0.0,49.4194,M,0.0000,M,0.0000,0
$GPRMC,222155.44,A,3726.1702180,N,12214.4935640,W,19.4397,46.6905,040121,,,,
$GPGGA,222156.44,3726.1777780,N,12214.4841320,W,1,0,0.0,48.7928,M,0.0000,M,0.0000,0
$GPRMC,222156.44,A,3726.1777780,N,12214.4841320,W,20.0213,43.6194,040121,,,,
$GPGGA,222157.44,3726.1859200,N,12214.4750780,W,1,0,0.0,48.1585,M,0.0000,M,0.0000,0
$GPRMC,222157.44,A,3726.1859200,N,12214.4750780,W,20.1799,39.7017,040121,,,,
$GPGGA,222158.44,3726.1946140,N,12214.4666960,W,1,0,0.0,47.3558,M,0.0000,M,0.0000,0
$GPRMC,222158.44,A,3726.1946140,N,12214.4666960,W,20.4442,36.0782,040121,,,,
$GPGGA,222159.44,3726.2038660,N,12214.4589500,W,1,0,0.0,46.6030,M,0.0000,M,0.0000,0
$GPRMC,222159.44,A,3726.2038660,N,12214.4589500,W,20.6828,31.8313,040121,,,,
$GPGGA,222200.44,3726.2135920,N,12214.4520200,W,1,0,0.0,45.8674,M,0.0000,M,0.0000,0
$GPRMC,222200.44,A,3726.2135920,N,12214.4520200,W,20.7043,27.7772,040121,,,,
$GPGGA,222201.44,3726.2236480,N,12214.4459180,W,1,0,0.0,45.2381,M,0.0000,M,0.0000,0
$GPRMC,222201.44,A,3726.2236480,N,12214.4459180,W,20.6200,24.3617,040121,,,,
$GPGGA,222202.44,3726.2338720,N,12214.4403800,W,1,0,0.0,44.5699,M,0.0000,M,0.0000,0
$GPRMC,222202.44,A,3726.2338720,N,12214.4403800,W,20.6263,22.4497,040121,,,,
$GPGGA,222203.44,3726.2442640,N,12214.4352380,W,1,0,0.0,44.0425,M,0.0000,M,0.0000,0
$GPRMC,222203.44,A,3726.2442640,N,12214.4352380,W,20.7351,20.7127,040121,,,,
$GPGGA,222204.44,3726.2548300,N,12214.4302880,W,1,0,0.0,43.6486,M,0.0000,M,0.0000,0
$GPRMC,222204.44,A,3726.2548300,N,12214.4302880,W,20.9853,20.2610,040121,,,,
$GPGGA,222205.44,3726.2654140,N,12214.4251520,W,1,0,0.0,43.3260,M,0.0000,M,0.0000,0
$GPRMC,222205.44,A,3726.2654140,N,12214.4251520,W,20.9245,21.8383,040121,,,,
$GPGGA,222206.44,3726.2758000,N,12214.4197100,W,1,0,0.0,43.0285,M,0.0000,M,0.0000,0
$GPRMC,222206.44,A,3726.2758000,N,12214.4197100,W,20.7372,23.5674,040121,,,,
$GPGGA,222207.44,3726.2859460,N,12214.4138900,W,1,0,0.0,42.6679,M,0.0000,M,0.0000,0
$GPRMC,222207.44,A,3726.2859460,N,12214.4138900,W,20.5797,25.1765,040121,,,,
$GPGGA,222208.44,3726.2960080,N,12214.4078060,W,1,0,0.0,42.3439,M,0.0000,M,0.0000,0
$GPRMC,222208.44,A,3726.2960080,N,12214.4078060,W,20.7670,25.9090,040121,,,,
$GPGGA,222209.44,3726.3061120,N,12214.4015360,W,1,0,0.0,41.9659,M,0.0000,M,0.0000,0
$GPRMC,222209.44,A,3726.3061120,N,12214.4015360,W,20.8843,26.7126,040121,,,,
$GPGGA,222210.44,3726.3161020,N,12214.3949540,W,1,0,0.0,41.4168,M,0.0000,M,0.0000,0
$GPRMC,222210.44,A,3726.3161020,N,12214.3949540,W,20.8427,28.5935,040121,,,,
$GPGGA,222211.44,3726.3258640,N,12214.3879340,W,1,0,0.0,40.7236,M,0.0000,M,0.0000,0
$GPRMC,222211.44,A,3726.3258640,N,12214.3879340,W,20.8340,30.7273,040121,,,,
$GPGGA,222212.44,3726.3354040,N,12214.3804100,W,1,0,0.0,39.8866,M,0.0000,M,0.0000,0
$GPRMC,222212.44,A,3726.3354040,N,12214.3804100,W,20.8772,33.2547,040121,,,,
$GPGGA,222213.44,3726.3447280,N,12214.3723940,W,1,0,0.0,38.9135,M,0.0000,M,0.0000,0
$GPRMC,222213.44,A,3726.3447280,N,12214.3723940,W,20.9695,35.2817,040121,,,,
$GPGGA,222214.44,3726.3538660,N,12214.3639100,W,1,0,0.0,37.8668,M,0.0000,M,0.0000,0
$GPRMC,222214.44,A,3726.3538660,N,12214.3639100,W,21.1065,37.1799,040121,,,,
$GPGGA,222215.44,3726.3628480,N,12214.3550180,W,1,0,0.0,36.7018,M,0.0000,M,0.0000,0
$GPRMC,222215.44,A,3726.3628480,N,12214.3550180,W,21.2411,39.1819,040121,,,,
$GPGGA,222216.44,3726.3716320,N,12214.3456700,W,1,0,0.0,35.6688,M,0.0000,M,0.0000,0
$GPRMC,222216.44,A,3726.3716320,N,12214.3456700,W,21.3614,41.3165,040121,,,,
$GPGGA,222217.44,3726.3801640,N,12214.3358480,W,1,0,0.0,34.5443,M,0.0000,M,0.0000,0
$GPRMC,222217.44,A,3726.3801640,N,12214.3358480,W,21.4840,43.4225,040121,,,,
$GPGGA,222218.44,3726.3884680,N,12214.3256000,W,1,0,0.0,33.4420,M,0.0000,M,0.0000,0
$GPRMC,222218.44,A,3726.3884680,N,12214.3256000,W,21.6040,45.5411,040121,,,,
$GPGGA,222219.44,3726.3964600,N,12214.3148540,W,1,0,0.0,32.3100,M,0.0000,M,0.0000,0
$GPRMC,222219.44,A,3726.3964600,N,12214.3148540,W,21.7493,48.1976,040121,,,,
$GPGGA,222220.44,3726.4040740,N,12214.3035980,W,1,0,0.0,31.1998,M,0.0000,M,0.0000,0
$GPRMC,222220.44,A,3726.4040740,N,12214.3035980,W,21.7564,50.7894,040121,,,,
$GPGGA,222221.44,3726.4112860,N,12214.2919280,W,1,0,0.0,30.0783,M,0.0000,M,0.0000,0
$GPRMC,222221.44,A,3726.4112860,N,12214.2919280,W,21.6937,53.2886,040121,,,,
$GPGGA,222222.44,3726.4180000,N,12214.2801680,W,1,0,0.0,28.9653,M,0.0000,M,0.0000,0
$GPRMC,222222.44,A,3726.4180000,N,12214.2801680,W,20.8538,54.9779,040121,,,,
$GPGGA,222223.44,3726.4242220,N,12214.2686540,W,1,0,0.0,28.0295,M,0.0000,M,0.0000,0
$GPRMC,222223.44,A,3726.4242220,N,12214.2686540,W,20.3156,56.7124,040121,,,,
$GPGGA,222224.44,3726.4301140,N,12214.2570620,W,1,0,0.0,27.2413,M,0.0000,M,0.0000,0
$GPRMC,222224.44,A,3726.4301140,N,12214.2570620,W,20.2765,57.9646,040121,,,,
$GPGGA,222225.44,3726.4360000,N,12214.2454640,W,1,0,0.0,26.4669,M,0.0000,M,0.0000,0
$GPRMC,222225.44,A,3726.4360000,N,12214.2454640,W,20.2788,57.0309,040121,,,,
$GPGGA,222226.44,3726.4422340,N,12214.2341600,W,1,0,0.0,25.6438,M,0.0000,M,0.0000,0
$GPRMC,222226.44,A,3726.4422340,N,12214.2341600,W,20.2983,53.5391,040121,,,,
$GPGGA,222227.44,3726.4492120,N,12214.2235160,W,1,0,0.0,24.7220,M,0.0000,M,0.0000,0
$GPRMC,222227.44,A,3726.4492120,N,12214.2235160,W,20.3648,48.7797,040121,,,,
$GPGGA,222228.44,3726.4567660,N,12214.2134060,W,1,0,0.0,23.6673,M,0.0000,M,0.0000,0
$GPRMC,222228.44,A,3726.4567660,N,12214.2134060,W,20.4925,45.5393,040121,,,,
$GPGGA,222229.44,3726.4647820,N,12214.2037940,W,1,0,0.0,22.6667,M,0.0000,M,0.0000,0
$GPRMC,222229.44,A,3726.4647820,N,12214.2037940,W,20.5749,42.1762,040121,,,,
$GPGGA,222230.44,3726.4733500,N,12214.1948480,W,1,0,0.0,21.6360,M,0.0000,M,0.0000,0
$GPRMC,222230.44,A,3726.4733500,N,12214.1948480,W,20.6620,38.3106,040121,,,,
$GPGGA,222231.44,3726.4824340,N,12214.1866640,W,1,0,0.0,20.5844,M,0.0000,M,0.0000,0
$GPRMC,222231.44,A,3726.4824340,N,12214.1866640,W,20.7667,33.5542,040121,,,,
$GPGGA,222232.44,3726.4920400,N,12214.1792780,W,1,0,0.0,19.3795,M,0.0000,M,0.0000,0
$GPRMC,222232.44,A,3726.4920400,N,12214.1792780,W,20.9514,30.2305,040121,,,,
$GPGGA,222233.44,3726.5019760,N,12214.1723300,W,1,0,0.0,18.1233,M,0.0000,M,0.0000,0
$GPRMC,222233.44,A,3726.5019760,N,12214.1723300,W,21.1187,28.4267,040121,,,,
$GPGGA,222234.44,3726.5120860,N,12214.1655440,W,1,0,0.0,16.8345,M,0.0000,M,0.0000,0
$GPRMC,222234.44,A,3726.5120860,N,12214.1655440,W,21.3037,27.7958,040121,,,,
$GPGGA,222235.44,3726.5223160,N,12214.1587700,W,1,0,0.0,15.5384,M,0.0000,M,0.0000,0
$GPRMC,222235.44,A,3726.5223160,N,12214.1587700,W,21.4891,27.7391,040121,,,,
$GPGGA,222236.44,3726.5326300,N,12214.1519960,W,1,0,0.0,14.3378,M,0.0000,M,0.0000,0
$GPRMC,222236.44,A,3726.5326300,N,12214.1519960,W,21.6033,27.4621,040121,,,,
$GPGGA,222237.44,3726.5430220,N,12214.1452160,W,1,0,0.0,13.0542,M,0.0000,M,0.0000,0
$GPRMC,222237.44,A,3726.5430220,N,12214.1452160,W,21.7407,27.3919,040121,,,,
$GPGGA,222238.44,3726.5534680,N,12214.1383940,W,1,0,0.0,12.0456,M,0.0000,M,0.0000,0
$GPRMC,222238.44,A,3726.5534680,N,12214.1383940,W,21.7766,27.5750,040121,,,,
$GPGGA,222239.44,3726.5638720,N,12214.1315360,W,1,0,0.0,11.3733,M,0.0000,M,0.0000,0
$GPRMC,222239.44,A,3726.5638720,N,12214.1315360,W,21.6823,27.7719,040121,,,,
$GPGGA,222240.44,3726.5742160,N,12214.1246840,W,1,0,0.0,10.6730,M,0.0000,M,0.0000,0
$GPRMC,222240.44,A,3726.5742160,N,12214.1246840,W,21.5725,27.7859,040121,,,,
$GPGGA,222241.44,3726.5844700,N,12214.1178620,W,1,0,0.0,10.3283,M,0.0000,M,0.0000,0
$GPRMC,222241.44,A,3726.5844700,N,12214.1178620,W,21.3391,28.0510,040121,,,,
$GPGGA,222242.44,3726.5945320,N,12214.1109680,W,1,0,0.0,10.0683,M,0.0000,M,0.0000,0
$GPRMC,222242.44,A,3726.5945320,N,12214.1109680,W,21.0649,29.0672,040121,,,,
$GPGGA,222243.44,3726.6043360,N,12214.1039480,W,1,0,0.0,9.8899,M,0.0000,M,0.0000,0
$GPRMC,222243.44,A,3726.6043360,N,12214.1039480,W,20.6170,30.0989,040121,,,,
$GPGGA,222244.44,3726.6137680,N,12214.0970240,W,1,0,0.0,9.6511,M,0.0000,M,0.0000,0
$GPRMC,222244.44,A,3726.6137680,N,12214.0970240,W,19.7963,30.1923,040121,,,,
$GPGGA,222245.44,3726.6227980,N,12214.0904480,W,1,0,0.0,9.3179,M,0.0000,M,0.0000,0
$GPRMC,222245.44,A,3726.6227980,N,12214.0904480,W,18.7288,29.5231,040121,,,,
$GPGGA,222246.44,3726.6312520,N,12214.0845380,W,1,0,0.0,8.9056,M,0.0000,M,0.0000,0
$GPRMC,222246.44,A,3726.6312520,N,12214.0845380,W,16.9665,28.6432,040121,,,,
$GPGGA,222247.44,3726.6388300,N,12214.0794200,W,1,0,0.0,8.4371,M,0.0000,M,0.0000,0
$GPRMC,222247.44,A,3726.6388300,N,12214.0794200,W,14.7602,27.6369,040121,,,,
$GPGGA,222248.44,3726.6452800,N,12214.0751960,W,1,0,0.0,8.0623,M,0.0000,M,0.0000,0
$GPRMC,222248.44,A,3726.6452800,N,12214.0751960,W,12.1562,27.4031,040121,,,,
$GPGGA,222249.44,3726.6504580,N,12214.0717280,W,1,0,0.0,7.6765,M,0.0000,M,0.0000,0
$GPRMC,222249.44,A,3726.6504580,N,12214.0717280,W,9.5834,28.1698,040121,,,,
$GPGGA,222250.44,3726.6545320,N,12214.0688780,W,1,0,0.0,7.4571,M,0.0000,M,0.0000,0
$GPRMC,222250.44,A,3726.6545320,N,12214.0688780,W,7.7225,29.5929,040121,,,,
$GPGGA,222251.44,3726.6575800,N,12214.0663700,W,1,0,0.0,7.3696,M,0.0000,M,0.0000,0
$GPRMC,222251.44,A,3726.6575800,N,12214.0663700,W,5.7978,35.1228,040121,,,,
$GPGGA,222252.44,3726.6594460,N,12214.0638380,W,1,0,0.0,7.2938,M,0.0000,M,0.0000,0
$GPRMC,222252.44,A,3726.6594460,N,12214.0638380,W,4.7586,50.0073,040121,,,,
$GPGGA,222253.44,3726.6604180,N,12214.0608440,W,1,0,0.0,7.1715,M,0.0000,M,0.0000,0
$GPRMC,222253.44,A,3726.6604180,N,12214.0608440,W,4.8447,69.3914,040121,,,,
$GPGGA,222254.44,3726.6605740,N,12214.0573400,W,1,0,0.0,7.0966,M,0.0000,M,0.0000,0
$GPRMC,222254.44,A,3726.6605740,N,12214.0573400,W,5.4864,89.2485,040121,,,,
$GPGGA,222255.44,3726.6596920,N,12214.0535420,W,1,0,0.0,7.2227,M,0.0000,M,0.0000,0
$GPRMC,222255.44,A,3726.6596920,N,12214.0535420,W,6.2007,108.8701,040121,,,,
$GPGGA,222256.44,3726.6580120,N,12214.0494860,W,1,0,0.0,7.3181,M,0.0000,M,0.0000,0
$GPRMC,222256.44,A,3726.6580120,N,12214.0494860,W,7.2611,117.8953,040121,,,,
$GPGGA,222257.44,3726.6558940,N,12214.0449560,W,1,0,0.0,7.4597,M,0.0000,M,0.0000,0
$GPRMC,222257.44,A,3726.6558940,N,12214.0449560,W,8.1189,120.7079,040121,,,,
$GPGGA,222258.44,3726.6534580,N,12214.0400180,W,1,0,0.0,7.6047,M,0.0000,M,0.0000,0
$GPRMC,222258.44,A,3726.6534580,N,12214.0400180,W,9.0003,121.9234,040121,,,,
$GPGGA,222259.44,3726.6507100,N,12214.0346600,W,1,0,0.0,7.7861,M,0.0000,M,0.0000,0
$GPRMC,222259.44,A,3726.6507100,N,12214.0346600,W,9.7505,122.9369,040121,,,,
$GPGGA,222300.44,3726.6477880,N,12214.0291280,W,1,0,0.0,7.9572,M,0.0000,M,0.0000,0
$GPRMC,222300.44,A,3726.6477880,N,12214.0291280,W,9.6514,123.5226,040121,,,,
$GPGGA,222301.44,3726.6449320,N,12214.0237760,W,1,0,0.0,8.1091,M,0.0000,M,0.0000,0
$GPRMC,222301.44,A,3726.6449320,N,12214.0237760,W,9.2762,123.4179,040121,,,,
$GPGGA,222302.44,3726.6422800,N,12214.0186940,W,1,0,0.0,8.2216,M,0.0000,M,0.0000,0
$GPRMC,222302.44,A,3726.6422800,N,12214.0186940,W,8.4885,122.7683,040121,,,,
$GPGGA,222303.44,3726.6400240,N,12214.0141340,W,1,0,0.0,8.4097,M,0.0000,M,0.0000,0
$GPRMC,222303.44,A,3726.6400240,N,12214.0141340,W,7.3393,120.8566,040121,,,,
$GPGGA,222304.44,3726.6383980,N,12214.0099220,W,1,0,0.0,8.6062,M,0.0000,M,0.0000,0
$GPRMC,222304.44,A,3726.6383980,N,12214.0099220,W,6.4970,113.2477,040121,,,,
$GPGGA,222305.44,3726.6377320,N,12214.0058900,W,1,0,0.0,8.7939,M,0.0000,M,0.0000,0
$GPRMC,222305.44,A,3726.6377320,N,12214.0058900,W,5.6807,98.7907,040121,,,,
$GPGGA,222306.44,3726.6378340,N,12214.0022240,W,1,0,0.0,8.9509,M,0.0000,M,0.0000,0
$GPRMC,222306.44,A,3726.6378340,N,12214.0022240,W,5.1320,86.6736,040121,,,,
$GPGGA,222307.44,3726.6383440,N,12213.9989120,W,1,0,0.0,9.0447,M,0.0000,M,0.0000,0
$GPRMC,222307.44,A,3726.6383440,N,12213.9989120,W,4.9001,78.4637,040121,,,,
$GPGGA,222308.44,3726.6391060,N,12213.9957260,W,1,0,0.0,9.2566,M,0.0000,M,0.0000,0
$GPRMC,222308.44,A,3726.6391060,N,12213.9957260,W,4.9420,72.7802,040121,,,,
$GPGGA,222309.44,3726.6402640,N,12213.9926360,W,1,0,0.0,9.5432,M,0.0000,M,0.0000,0
$GPRMC,222309.44,A,3726.6402640,N,12213.9926360,W,5.2016,63.4591,040121,,,,
$GPGGA,222310.44,3726.6418900,N,12213.9895700,W,1,0,0.0,9.7465,M,0.0000,M,0.0000,0
$GPRMC,222310.44,A,3726.6418900,N,12213.9895700,W,5.6623,55.3102,040121,,,,
$GPGGA,222311.44,3726.6441040,N,12213.9866540,W,1,0,0.0,9.9211,M,0.0000,M,0.0000,0
$GPRMC,222311.44,A,3726.6441040,N,12213.9866540,W,6.2080,44.6165,040121,,,,
$GPGGA,222312.44,3726.6469180,N,12213.9840020,W,1,0,0.0,10.0624,M,0.0000,M,0.0000,0
$GPRMC,222312.44,A,3726.6469180,N,12213.9840020,W,6.7931,35.2785,040121,,,,
$GPGGA,222313.44,3726.6500740,N,12213.9816800,W,1,0,0.0,10.2057,M,0.0000,M,0.0000,0
$GPRMC,222313.44,A,3726.6500740,N,12213.9816800,W,6.6409,30.1260,040121,,,,
$GPGGA,222314.44,3726.6530920,N,12213.9795620,W,1,0,0.0,10.3616,M,0.0000,M,0.0000,0
$GPRMC,222314.44,A,3726.6530920,N,12213.9795620,W,6.1462,29.2328,040121,,,,
$GPGGA,222315.44,3726.6558280,N,12213.9775400,W,1,0,0.0,10.5735,M,0.0000,M,0.0000,0
$GPRMC,222315.44,A,3726.6558280,N,12213.9775400,W,5.5883,31.1631,040121,,,,
$GPGGA,222316.44,3726.6581500,N,12213.9754700,W,1,0,0.0,10.8191,M,0.0000,M,0.0000,0
$GPRMC,222316.44,A,3726.6581500,N,12213.9754700,W,4.9645,35.9608,040121,,,,
$GPGGA,222317.44,3726.6600760,N,12213.9734180,W,1,0,0.0,11.0316,M,0.0000,M,0.0000,0
$GPRMC,222317.44,A,3726.6600760,N,12213.9734180,W,4.3807,40.9931,040121,,,,
$GPGGA,222318.44,3726.6615400,N,12213.9713240,W,1,0,0.0,11.2146,M,0.0000,M,0.0000,0
$GPRMC,222318.44,A,3726.6615400,N,12213.9713240,W,3.8224,49.6682,040121,,,,
$GPGGA,222319.44,3726.6624220,N,12213.9691580,W,1,0,0.0,11.3417,M,0.0000,M,0.0000,0
$GPRMC,222319.44,A,3726.6624220,N,12213.9691580,W,3.3364,62.3711,040121,,,,
$GPGGA,222320.44,3726.6627760,N,12213.9670820,W,1,0,0.0,11.4410,M,0.0000,M,0.0000,0
$GPRMC,222320.44,A,3726.6627760,N,12213.9670820,W,2.9025,76.2172,040121,,,,
$GPGGA,222321.44,3726.6627580,N,12213.9651680,W,1,0,0.0,11.5499,M,0.0000,M,0.0000,0
$GPRMC,222321.44,A,3726.6627580,N,12213.9651680,W,2.7746,87.3741,040121,,,,
$GPGGA,222322.44,3726.6626920,N,12213.9632180,W,1,0,0.0,11.5983,M,0.0000,M,0.0000,0
$GPRMC,222322.44,A,3726.6626920,N,12213.9632180,W,2.9855,90.6768,040121,,,,
$GPGGA,222323.44,3726.6628540,N,12213.9611360,W,1,0,0.0,11.6012,M,0.0000,M,0.0000,0
$GPRMC,222323.44,A,3726.6628540,N,12213.9611360,W,3.0590,84.2097,040121,,,,
$GPGGA,222324.44,3726.6634120,N,12213.9591740,W,1,0,0.0,11.6299,M,0.0000,M,0.0000,0
$GPRMC,222324.44,A,3726.6634120,N,12213.9591740,W,3.0326,72.4884,040121,,,,
$GPGGA,222325.44,3726.6640960,N,12213.9574280,W,1,0,0.0,11.6366,M,0.0000,M,0.0000,0
$GPRMC,222325.44,A,3726.6640960,N,12213.9574280,W,2.5451,66.0435,040121,,,,
$GPGGA,222326.44,3726.6645280,N,12213.9561680,W,1,0,0.0,11.6129,M,0.0000,M,0.0000,0
$GPRMC,222326.44,A,3726.6645280,N,12213.9561680,W,1.4575,66.4519,040121,,,,
$GPGGA,222327.44,3726.6647140,N,12213.9556040,W,1,0,0.0,11.5936,M,0.0000,M,0.0000,0
$GPRMC,222327.44,A,3726.6647140,N,12213.9556040,W,0.3191,66.7578,040121,,,,
$GPGGA,222328.44,3726.6647260,N,12213.9555740,W,1,0,0.0,11.5874,M,0.0000,M,0.0000,0
$GPRMC,222328.44,A,3726.6647260,N,12213.9555740,W,0.0031,66.7764,040121,,,,
$GPGGA,222329.44,3726.6647260,N,12213.9555740,W,1,0,0.0,11.5890,M,0.0000,M,0.0000,0
$GPRMC,222329.44,A,3726.6647260,N,12213.9555740,W,0.0018,66.7770,040121,,,,
$GPGGA,222330.44,3726.6647260,N,12213.9555740,W,1,0,0.0,11.5886,M,0.0000,M,0.0000,0
$GPRMC,222330.44,A,3726.6647260,N,12213.9555740,W,0.0407,66.7781,040121,,,,
$GPGGA,222331.44,3726.6647320,N,12213.9555500,W,1,0,0.0,11.5910,M,0.0000,M,0.0000,0
$GPRMC,222331.44,A,3726.6647320,N,12213.9555500,W,0.0265,66.7864,040121,,,,
$GPGGA,222332.44,3726.6647320,N,12213.9555500,W,1,0,0.0,11.5910,M,0.0000,M,0.0000,0
$GPRMC,222332.44,A,3726.6647320,N,12213.9555500,W,0.0005,66.7863,040121,,,,
$GPGGA,222333.44,3726.6647320,N,12213.9555500,W,1,0,0.0,11.5910,M,0.0000,M,0.0000,0
$GPRMC,222333.44,A,3726.6647320,N,12213.9555500,W,0.0014,66.7868,040121,,,,
$GPGGA,222334.44,3726.6647320,N,12213.9555500,W,1,0,0.0,11.5910,M,0.0000,M,0.0000,0
$GPRMC,222334.44,A,3726.6647320,N,12213.9555500,W,0.0000,66.7868,040121,,,,
$GPGGA,222335.44,3726.6647320,N,12213.9555500,W,1,0,0.0,11.5910,M,0.0000,M,0.0000,0
$GPRMC,222335.44,A,3726.6647320,N,12213.9555500,W,0.0000,66.7867,040121,,,,

