$GPGGA,215015.00,3726.6637960,N,12213.9618320,W,1,0,0.0,11.6900,M,0.0000,M,0.0000,0
$GPRMC,215015.00,A,3726.6637960,N,12213.9618320,W,0.0000,300.7306,040121,,,,
$GPGGA,215016.00,3726.6637960,N,12213.9618320,W,1,0,0.0,11.6900,M,0.0000,M,0.0000,0
$GPRMC,215016.00,A,3726.6637960,N,12213.9618320,W,0.0014,300.7307,040121,,,,
$GPGGA,215017.00,3726.6637960,N,12213.9618320,W,1,0,0.0,11.6900,M,0.0000,M,0.0000,0
$GPRMC,215017.00,A,3726.6637960,N,12213.9618320,W,0.0022,300.7323,040121,,,,
$GPGGA,215018.00,3726.6637960,N,12213.9618320,W,1,0,0.0,11.6900,M,0.0000,M,0.0000,0
$GPRMC,215018.00,A,3726.6637960,N,12213.9618320,W,0.0010,300.7318,040121,,,,
$GPGGA,215019.00,3726.6637960,N,12213.9618320,W,1,0,0.0,11.6900,M,0.0000,M,0.0000,0
$GPRMC,215019.00,A,3726.6637960,N,12213.9618320,W,0.0000,300.7317,040121,,,,
$GPGGA,215020.00,3726.6637960,N,12213.9618320,W,1,0,0.0,11.6900,M,0.0000,M,0.0000,0
$GPRMC,215020.00,A,3726.6637960,N,12213.9618320,W,0.0010,300.7318,040121,,,,
$GPGGA,215021.00,3726.6637960,N,12213.9618320,W,1,0,0.0,11.6900,M,0.0000,M,0.0000,0
$GPRMC,215021.00,A,3726.6637960,N,12213.9618320,W,0.0010,300.7312,040121,,,,
$GPGGA,215022.00,3726.6637960,N,12213.9618320,W,1,0,0.0,11.6900,M,0.0000,M,0.0000,0
$GPRMC,215022.00,A,3726.6637960,N,12213.9618320,W,0.0014,300.7320,040121,,,,
$GPGGA,215023.00,3726.6637960,N,12213.9618320,W,1,0,0.0,11.6900,M,0.0000,M,0.0000,0
$GPRMC,215023.00,A,3726.6637960,N,12213.9618320,W,0.0014,300.7321,040121,,,,
$GPGGA,215024.00,3726.6637960,N,12213.9618320,W,1,0,0.0,11.6900,M,0.0000,M,0.0000,0
$GPRMC,215024.00,A,3726.6637960,N,12213.9618320,W,0.0014,300.7314,040121,,,,
$GPGGA,215025.00,3726.6637960,N,12213.9618320,W,1,0,0.0,11.6900,M,0.0000,M,0.0000,0
$GPRMC,215025.00,A,3726.6637960,N,12213.9618320,W,0.0032,300.7313,040121,,,,
$GPGGA,215026.00,3726.6637960,N,12213.9618320,W,1,0,0.0,11.6900,M,0.0000,M,0.0000,0
$GPRMC,215026.00,A,3726.6637960,N,12213.9618320,W,0.0014,300.7309,040121,,,,
$GPGGA,215027.00,3726.6637960,N,12213.9618320,W,1,0,0.0,11.6900,M,0.0000,M,0.0000,0
$GPRMC,215027.00,A,3726.6637960,N,12213.9618320,W,0.0022,300.7310,040121,,,,
$GPGGA,215028.00,3726.6637960,N,12213.9618320,W,1,0,0.0,11.6900,M,0.0000,M,0.0000,0
$GPRMC,215028.00,A,3726.6637960,N,12213.9618320,W,0.0022,300.7314,040121,,,,
$GPGGA,215029.00,3726.6637960,N,12213.9618320,W,1,0,0.0,11.6900,M,0.0000,M,0.0000,0
$GPRMC,215029.00,A,3726.6637960,N,12213.9618320,W,0.0014,300.7315,040121,,,,
$GPGGA,215030.00,3726.6637960,N,12213.9618320,W,1,0,0.0,11.6900,M,0.0000,M,0.0000,0
$GPRMC,215030.00,A,3726.6637960,N,12213.9618320,W,0.0014,300.7314,040121,,,,
$GPGGA,215031.00,3726.6637960,N,12213.9618320,W,1,0,0.0,11.6900,M,0.0000,M,0.0000,0
$GPRMC,215031.00,A,3726.6637960,N,12213.9618320,W,0.0014,300.7315,040121,,,,
$GPGGA,215032.00,3726.6637960,N,12213.9618320,W,1,0,0.0,11.6900,M,0.0000,M,0.0000,0
$GPRMC,215032.00,A,3726.6637960,N,12213.9618320,W,0.0014,300.7313,040121,,,,
$GPGGA,215033.00,3726.6637960,N,12213.9618320,W,1,0,0.0,11.6900,M,0.0000,M,0.0000,0
$GPRMC,215033.00,A,3726.6637960,N,12213.9618320,W,0.0014,300.7310,040121,,,,
$GPGGA,215034.00,3726.6637960,N,12213.9618320,W,1,0,0.0,11.6900,M,0.0000,M,0.0000,0
$GPRMC,215034.00,A,3726.6637960,N,12213.9618320,W,0.0010,300.7312,040121,,,,
$GPGGA,215035.00,3726.6637960,N,12213.9618320,W,1,0,0.0,11.6900,M,0.0000,M,0.0000,0
$GPRMC,215035.00,A,3726.6637960,N,12213.9618320,W,0.0010,300.7312,040121,,,,
$GPGGA,215036.00,3726.6637960,N,12213.9618320,W,1,0,0.0,11.6900,M,0.0000,M,0.0000,0
$GPRMC,215036.00,A,3726.6637960,N,12213.9618320,W,0.0022,300.7312,040121,,,,
$GPGGA,215037.00,3726.6637960,N,12213.9618320,W,1,0,0.0,11.6900,M,0.0000,M,0.0000,0
$GPRMC,215037.00,A,3726.6637960,N,12213.9618320,W,0.0010,300.7309,040121,,,,
$GPGGA,215038.00,3726.6637960,N,12213.9618320,W,1,0,0.0,11.6890,M,0.0000,M,0.0000,0
$GPRMC,215038.00,A,3726.6637960,N,12213.9618320,W,0.0014,300.7309,040121,,,,
$GPGGA,215039.00,3726.6637960,N,12213.9618320,W,1,0,0.0,11.6890,M,0.0000,M,0.0000,0
$GPRMC,215039.00,A,3726.6637960,N,12213.9618320,W,0.0010,300.7307,040121,,,,
$GPGGA,215040.00,3726.6637960,N,12213.9618320,W,1,0,0.0,11.6890,M,0.0000,M,0.0000,0
$GPRMC,215040.00,A,3726.6637960,N,12213.9618320,W,0.0014,300.7309,040121,,,,
$GPGGA,215041.00,3726.6637960,N,12213.9618320,W,1,0,0.0,11.6890,M,0.0000,M,0.0000,0
$GPRMC,215041.00,A,3726.6637960,N,12213.9618320,W,0.0010,300.7307,040121,,,,
$GPGGA,215042.00,3726.6637960,N,12213.9618320,W,1,0,0.0,11.6890,M,0.0000,M,0.0000,0
$GPRMC,215042.00,A,3726.6637960,N,12213.9618320,W,0.0010,300.7310,040121,,,,
$GPGGA,215043.00,3726.6637960,N,12213.9618320,W,1,0,0.0,11.6880,M,0.0000,M,0.0000,0
$GPRMC,215043.00,A,3726.6637960,N,12213.9618320,W,0.0032,300.7309,040121,,,,
$GPGGA,215044.00,3726.6637960,N,12213.9618320,W,1,0,0.0,11.6880,M,0.0000,M,0.0000,0
$GPRMC,215044.00,A,3726.6637960,N,12213.9618320,W,0.0020,300.7308,040121,,,,
$GPGGA,215045.00,3726.6638200,N,12213.9618860,W,1,0,0.0,11.6800,M,0.0000,M,0.0000,0
$GPRMC,215045.00,A,3726.6638200,N,12213.9618860,W,0.3564,300.7463,040121,,,,
$GPGGA,215046.00,3726.6640120,N,12213.9623000,W,1,0,0.0,11.6780,M,0.0000,M,0.0000,0
$GPRMC,215046.00,A,3726.6640120,N,12213.9623000,W,1.0292,300.8311,040121,,,,
$GPGGA,215047.00,3726.6643720,N,12213.9631400,W,1,0,0.0,11.6950,M,0.0000,M,0.0000,0
$GPRMC,215047.00,A,3726.6643720,N,12213.9631400,W,1.8041,299.4221,040121,,,,
$GPGGA,215048.00,3726.6647140,N,12213.9645560,W,1,0,0.0,11.6900,M,0.0000,M,0.0000,0
$GPRMC,215048.00,A,3726.6647140,N,12213.9645560,W,2.4065,290.0826,040121,,,,
$GPGGA,215049.00,3726.6647200,N,12213.9665540,W,1,0,0.0,11.7080,M,0.0000,M,0.0000,0
$GPRMC,215049.00,A,3726.6647200,N,12213.9665540,W,3.2309,273.0883,040121,,,,
$GPGGA,215050.00,3726.6640420,N,12213.9690080,W,1,0,0.0,11.6060,M,0.0000,M,0.0000,0
$GPRMC,215050.00,A,3726.6640420,N,12213.9690080,W,4.1367,251.3891,040121,,,,
$GPGGA,215051.00,3726.6626380,N,12213.9717320,W,1,0,0.0,11.4440,M,0.0000,M,0.0000,0
$GPRMC,215051.00,A,3726.6626380,N,12213.9717320,W,5.2467,237.3401,040121,,,,
$GPGGA,215052.00,3726.6605140,N,12213.9745880,W,1,0,0.0,11.2309,M,0.0000,M,0.0000,0
$GPRMC,215052.00,A,3726.6605140,N,12213.9745880,W,6.1682,224.3627,040121,,,,
$GPGGA,215053.00,3726.6575800,N,12213.9772160,W,1,0,0.0,10.9669,M,0.0000,M,0.0000,0
$GPRMC,215053.00,A,3726.6575800,N,12213.9772160,W,6.9916,214.0693,040121,,,,
$GPGGA,215054.00,3726.6542560,N,12213.9797000,W,1,0,0.0,10.6229,M,0.0000,M,0.0000,0
$GPRMC,215054.00,A,3726.6542560,N,12213.9797000,W,7.2172,210.3783,040121,,,,
$GPGGA,215055.00,3726.6508840,N,12213.9823040,W,1,0,0.0,10.3119,M,0.0000,M,0.0000,0
$GPRMC,215055.00,A,3726.6508840,N,12213.9823040,W,7.4467,212.1123,040121,,,,
$GPGGA,215056.00,3726.6476800,N,12213.9853040,W,1,0,0.0,10.0819,M,0.0000,M,0.0000,0
$GPRMC,215056.00,A,3726.6476800,N,12213.9853040,W,7.3240,218.7489,040121,,,,
$GPGGA,215057.00,3726.6450580,N,12213.9888020,W,1,0,0.0,9.9220,M,0.0000,M,0.0000,0
$GPRMC,215057.00,A,3726.6450580,N,12213.9888020,W,6.9470,229.3446,040121,,,,
$GPGGA,215058.00,3726.6431380,N,12213.9926300,W,1,0,0.0,9.7150,M,0.0000,M,0.0000,0
$GPRMC,215058.00,A,3726.6431380,N,12213.9926300,W,6.5133,240.2539,040121,,,,
$GPGGA,215059.00,3726.6418720,N,12213.9966080,W,1,0,0.0,9.5159,M,0.0000,M,0.0000,0
$GPRMC,215059.00,A,3726.6418720,N,12213.9966080,W,6.2161,250.3222,040121,,,,
$GPGGA,215100.00,3726.6411400,N,12214.0007000,W,1,0,0.0,9.2419,M,0.0000,M,0.0000,0
$GPRMC,215100.00,A,3726.6411400,N,12214.0007000,W,6.2871,259.0394,040121,,,,
$GPGGA,215101.00,3726.6410140,N,12214.0049240,W,1,0,0.0,8.9090,M,0.0000,M,0.0000,0
$GPRMC,215101.00,A,3726.6410140,N,12214.0049240,W,6.3196,269.9743,040121,,,,
$GPGGA,215102.00,3726.6416440,N,12214.0091600,W,1,0,0.0,8.6750,M,0.0000,M,0.0000,0
$GPRMC,215102.00,A,3726.6416440,N,12214.0091600,W,6.6884,283.0052,040121,,,,
$GPGGA,215103.00,3726.6431020,N,12214.0135760,W,1,0,0.0,8.5060,M,0.0000,M,0.0000,0
$GPRMC,215103.00,A,3726.6431020,N,12214.0135760,W,7.5602,294.7159,040121,,,,
$GPGGA,215104.00,3726.6451180,N,12214.0183880,W,1,0,0.0,8.3129,M,0.0000,M,0.0000,0
$GPRMC,215104.00,A,3726.6451180,N,12214.0183880,W,8.5527,298.1435,040121,,,,
$GPGGA,215105.00,3726.6475480,N,12214.0236920,W,1,0,0.0,8.1629,M,0.0000,M,0.0000,0
$GPRMC,215105.00,A,3726.6475480,N,12214.0236920,W,9.5423,300.6400,040121,,,,
$GPGGA,215106.00,3726.6503680,N,12214.0294160,W,1,0,0.0,7.9669,M,0.0000,M,0.0000,0
$GPRMC,215106.00,A,3726.6503680,N,12214.0294160,W,10.0752,301.9680,040121,,,,
$GPGGA,215107.00,3726.6532660,N,12214.0351880,W,1,0,0.0,7.7760,M,0.0000,M,0.0000,0
$GPRMC,215107.00,A,3726.6532660,N,12214.0351880,W,10.0319,302.0890,040121,,,,
$GPGGA,215108.00,3726.6561220,N,12214.0408520,W,1,0,0.0,7.5790,M,0.0000,M,0.0000,0
$GPRMC,215108.00,A,3726.6561220,N,12214.0408520,W,9.5950,302.2509,040121,,,,
$GPGGA,215109.00,3726.6587200,N,12214.0459520,W,1,0,0.0,7.4180,M,0.0000,M,0.0000,0
$GPRMC,215109.00,A,3726.6587200,N,12214.0459520,W,8.0865,302.6278,040121,,,,
$GPGGA,215110.00,3726.6608020,N,12214.0500260,W,1,0,0.0,7.2630,M,0.0000,M,0.0000,0
$GPRMC,215110.00,A,3726.6608020,N,12214.0500260,W,6.1691,302.4409,040121,,,,
$GPGGA,215111.00,3726.6622960,N,12214.0529780,W,1,0,0.0,7.1570,M,0.0000,M,0.0000,0
$GPRMC,215111.00,A,3726.6622960,N,12214.0529780,W,4.0975,302.3224,040121,,,,
$GPGGA,215112.00,3726.6632140,N,12214.0547780,W,1,0,0.0,7.0920,M,0.0000,M,0.0000,0
$GPRMC,215112.00,A,3726.6632140,N,12214.0547780,W,2.2621,302.3855,040121,,,,
$GPGGA,215113.00,3726.6636940,N,12214.0557260,W,1,0,0.0,7.0580,M,0.0000,M,0.0000,0
$GPRMC,215113.00,A,3726.6636940,N,12214.0557260,W,1.0604,302.3953,040121,,,,
$GPGGA,215114.00,3726.6638380,N,12214.0560020,W,1,0,0.0,7.0460,M,0.0000,M,0.0000,0
$GPRMC,215114.00,A,3726.6638380,N,12214.0560020,W,0.0422,302.4083,040121,,,,
$GPGGA,215115.00,3726.6638320,N,12214.0559960,W,1,0,0.0,7.0480,M,0.0000,M,0.0000,0
$GPRMC,215115.00,A,3726.6638320,N,12214.0559960,W,0.0022,302.4130,040121,,,,
$GPGGA,215116.00,3726.6638200,N,12214.0559960,W,1,0,0.0,7.0580,M,0.0000,M,0.0000,0
$GPRMC,215116.00,A,3726.6638200,N,12214.0559960,W,0.0022,302.4120,040121,,,,
$GPGGA,215117.00,3726.6638200,N,12214.0559960,W,1,0,0.0,7.0580,M,0.0000,M,0.0000,0
$GPRMC,215117.00,A,3726.6638200,N,12214.0559960,W,0.0010,302.4119,040121,,,,
$GPGGA,215118.00,3726.6638200,N,12214.0559960,W,1,0,0.0,7.0590,M,0.0000,M,0.0000,0
$GPRMC,215118.00,A,3726.6638200,N,12214.0559960,W,0.0010,302.4117,040121,,,,
$GPGGA,215119.00,3726.6638200,N,12214.0559960,W,1,0,0.0,7.0590,M,0.0000,M,0.0000,0
$GPRMC,215119.00,A,3726.6638200,N,12214.0559960,W,0.0010,302.4118,040121,,,,
$GPGGA,215120.00,3726.6638200,N,12214.0559960,W,1,0,0.0,7.0590,M,0.0000,M,0.0000,0
$GPRMC,215120.00,A,3726.6638200,N,12214.0559960,W,0.0010,302.4118,040121,,,,
$GPGGA,215121.00,3726.6638200,N,12214.0559960,W,1,0,0.0,7.0590,M,0.0000,M,0.0000,0
$GPRMC,215121.00,A,3726.6638200,N,12214.0559960,W,0.0014,302.4115,040121,,,,
$GPGGA,215122.00,3726.6638200,N,12214.0559960,W,1,0,0.0,7.0590,M,0.0000,M,0.0000,0
$GPRMC,215122.00,A,3726.6638200,N,12214.0559960,W,0.0010,302.4111,040121,,,,
$GPGGA,215123.00,3726.6638200,N,12214.0559960,W,1,0,0.0,7.0590,M,0.0000,M,0.0000,0
$GPRMC,215123.00,A,3726.6638200,N,12214.0559960,W,0.0010,302.4112,040121,,,,
$GPGGA,215124.00,3726.6638200,N,12214.0559960,W,1,0,0.0,7.0590,M,0.0000,M,0.0000,0
$GPRMC,215124.00,A,3726.6638200,N,12214.0559960,W,0.0010,302.4117,040121,,,,
$GPGGA,215125.00,3726.6638200,N,12214.0559960,W,1,0,0.0,7.0590,M,0.0000,M,0.0000,0
$GPRMC,215125.00,A,3726.6638200,N,12214.0559960,W,0.0014,302.4117,040121,,,,
$GPGGA,215126.00,3726.6638200,N,12214.0559960,W,1,0,0.0,7.0590,M,0.0000,M,0.0000,0
$GPRMC,215126.00,A,3726.6638200,N,12214.0559960,W,0.0010,302.4119,040121,,,,
$GPGGA,215127.00,3726.6638200,N,12214.0559960,W,1,0,0.0,7.0590,M,0.0000,M,0.0000,0
$GPRMC,215127.00,A,3726.6638200,N,12214.0559960,W,0.0010,302.4117,040121,,,,
$GPGGA,215128.00,3726.6638260,N,12214.0560080,W,1,0,0.0,7.0530,M,0.0000,M,0.0000,0
$GPRMC,215128.00,A,3726.6638260,N,12214.0560080,W,0.1565,302.4151,040121,,,,
$GPGGA,215129.00,3726.6640180,N,12214.0563980,W,1,0,0.0,7.0350,M,0.0000,M,0.0000,0
$GPRMC,215129.00,A,3726.6640180,N,12214.0563980,W,1.3654,302.4612,040121,,,,
$GPGGA,215130.00,3726.6646300,N,12214.0575980,W,1,0,0.0,6.9850,M,0.0000,M,0.0000,0
$GPRMC,215130.00,A,3726.6646300,N,12214.0575980,W,2.7870,302.5307,040121,,,,
$GPGGA,215131.00,3726.6656560,N,12214.0596800,W,1,0,0.0,6.9280,M,0.0000,M,0.0000,0
$GPRMC,215131.00,A,3726.6656560,N,12214.0596800,W,4.4069,301.2111,040121,,,,
$GPGGA,215132.00,3726.6667660,N,12214.0628120,W,1,0,0.0,6.9800,M,0.0000,M,0.0000,0
$GPRMC,215132.00,A,3726.6667660,N,12214.0628120,W,5.6306,292.1945,040121,,,,
$GPGGA,215133.00,3726.6671740,N,12214.0669820,W,1,0,0.0,7.0640,M,0.0000,M,0.0000,0
$GPRMC,215133.00,A,3726.6671740,N,12214.0669820,W,6.4567,272.6631,040121,,,,
$GPGGA,215134.00,3726.6662380,N,12214.0714640,W,1,0,0.0,7.1630,M,0.0000,M,0.0000,0
$GPRMC,215134.00,A,3726.6662380,N,12214.0714640,W,7.0208,249.8810,040121,,,,
$GPGGA,215135.00,3726.6638320,N,12214.0754780,W,1,0,0.0,7.1790,M,0.0000,M,0.0000,0
$GPRMC,215135.00,A,3726.6638320,N,12214.0754780,W,7.6044,227.9211,040121,,,,
$GPGGA,215136.00,3726.6603340,N,12214.0787900,W,1,0,0.0,7.2790,M,0.0000,M,0.0000,0
$GPRMC,215136.00,A,3726.6603340,N,12214.0787900,W,8.5963,214.5117,040121,,,,
$GPGGA,215137.00,3726.6559360,N,12214.0819700,W,1,0,0.0,7.4581,M,0.0000,M,0.0000,0
$GPRMC,215137.00,A,3726.6559360,N,12214.0819700,W,10.1452,208.4959,040121,,,,
$GPGGA,215138.00,3726.6507640,N,12214.0854020,W,1,0,0.0,7.7211,M,0.0000,M,0.0000,0
$GPRMC,215138.00,A,3726.6507640,N,12214.0854020,W,11.4859,207.8056,040121,,,,
$GPGGA,215139.00,3726.6449800,N,12214.0892660,W,1,0,0.0,8.0571,M,0.0000,M,0.0000,0
$GPRMC,215139.00,A,3726.6449800,N,12214.0892660,W,12.7670,207.9668,040121,,,,
$GPGGA,215140.00,3726.6385840,N,12214.0935380,W,1,0,0.0,8.4431,M,0.0000,M,0.0000,0
$GPRMC,215140.00,A,3726.6385840,N,12214.0935380,W,13.9940,207.9878,040121,,,,
$GPGGA,215141.00,3726.6316060,N,12214.0981580,W,1,0,0.0,8.9641,M,0.0000,M,0.0000,0
$GPRMC,215141.00,A,3726.6316060,N,12214.0981580,W,15.1495,207.6222,040121,,,,
$GPGGA,215142.00,3726.6240940,N,12214.1031380,W,1,0,0.0,9.2541,M,0.0000,M,0.0000,0
$GPRMC,215142.00,A,3726.6240940,N,12214.1031380,W,16.2879,207.9464,040121,,,,
$GPGGA,215143.00,3726.6160840,N,12214.1085440,W,1,0,0.0,9.4540,M,0.0000,M,0.0000,0
$GPRMC,215143.00,A,3726.6160840,N,12214.1085440,W,17.2953,208.2947,040121,,,,
$GPGGA,215144.00,3726.6077200,N,12214.1142440,W,1,0,0.0,9.5550,M,0.0000,M,0.0000,0
$GPRMC,215144.00,A,3726.6077200,N,12214.1142440,W,17.9300,208.4688,040121,,,,
$GPGGA,215145.00,3726.5991880,N,12214.1200820,W,1,0,0.0,9.7050,M,0.0000,M,0.0000,0
$GPRMC,215145.00,A,3726.5991880,N,12214.1200820,W,17.8897,208.4108,040121,,,,
$GPGGA,215146.00,3726.5906980,N,12214.1258240,W,1,0,0.0,9.8741,M,0.0000,M,0.0000,0
$GPRMC,215146.00,A,3726.5906980,N,12214.1258240,W,17.8710,208.1166,040121,,,,
$GPGGA,215147.00,3726.5821480,N,12214.1315660,W,1,0,0.0,10.0951,M,0.0000,M,0.0000,0
$GPRMC,215147.00,A,3726.5821480,N,12214.1315660,W,18.0111,207.8620,040121,,,,
$GPGGA,215148.00,3726.5735020,N,12214.1373080,W,1,0,0.0,10.3541,M,0.0000,M,0.0000,0
$GPRMC,215148.00,A,3726.5735020,N,12214.1373080,W,18.2110,207.6787,040121,,,,
$GPGGA,215149.00,3726.5647600,N,12214.1430740,W,1,0,0.0,10.8522,M,0.0000,M,0.0000,0
$GPRMC,215149.00,A,3726.5647600,N,12214.1430740,W,18.3235,207.5805,040121,,,,
$GPGGA,215150.00,3726.5559700,N,12214.1488400,W,1,0,0.0,11.5062,M,0.0000,M,0.0000,0
$GPRMC,215150.00,A,3726.5559700,N,12214.1488400,W,18.3837,207.3431,040121,,,,
$GPGGA,215151.00,3726.5471380,N,12214.1545520,W,1,0,0.0,12.3973,M,0.0000,M,0.0000,0
$GPRMC,215151.00,A,3726.5471380,N,12214.1545520,W,18.3742,207.0517,040121,,,,
$GPGGA,215152.00,3726.5383000,N,12214.1602220,W,1,0,0.0,13.5283,M,0.0000,M,0.0000,0
$GPRMC,215152.00,A,3726.5383000,N,12214.1602220,W,18.3382,207.0597,040121,,,,
$GPGGA,215153.00,3726.5295640,N,12214.1659100,W,1,0,0.0,14.6022,M,0.0000,M,0.0000,0
$GPRMC,215153.00,A,3726.5295640,N,12214.1659100,W,18.0393,207.6704,040121,,,,
$GPGGA,215154.00,3726.5210620,N,12214.1716160,W,1,0,0.0,15.5172,M,0.0000,M,0.0000,0
$GPRMC,215154.00,A,3726.5210620,N,12214.1716160,W,17.6376,208.2905,040121,,,,
$GPGGA,215155.00,3726.5127880,N,12214.1772500,W,1,0,0.0,16.3432,M,0.0000,M,0.0000,0
$GPRMC,215155.00,A,3726.5127880,N,12214.1772500,W,17.2663,208.4643,040121,,,,
$GPGGA,215156.00,3726.5046040,N,12214.1828840,W,1,0,0.0,17.1402,M,0.0000,M,0.0000,0
$GPRMC,215156.00,A,3726.5046040,N,12214.1828840,W,17.3347,208.8575,040121,,,,
$GPGGA,215157.00,3726.4963960,N,12214.1886980,W,1,0,0.0,17.8942,M,0.0000,M,0.0000,0
$GPRMC,215157.00,A,3726.4963960,N,12214.1886980,W,17.5155,209.8501,040121,,,,
$GPGGA,215158.00,3726.4882600,N,12214.1949080,W,1,0,0.0,18.6862,M,0.0000,M,0.0000,0
$GPRMC,215158.00,A,3726.4882600,N,12214.1949080,W,17.7230,212.2645,040121,,,,
$GPGGA,215159.00,3726.4802980,N,12214.2016760,W,1,0,0.0,19.5952,M,0.0000,M,0.0000,0
$GPRMC,215159.00,A,3726.4802980,N,12214.2016760,W,17.8945,215.5676,040121,,,,
$GPGGA,215200.00,3726.4727020,N,12214.2092060,W,1,0,0.0,20.5372,M,0.0000,M,0.0000,0
$GPRMC,215200.00,A,3726.4727020,N,12214.2092060,W,18.0012,220.0329,040121,,,,
$GPGGA,215201.00,3726.4655080,N,12214.2174800,W,1,0,0.0,21.4242,M,0.0000,M,0.0000,0
$GPRMC,215201.00,A,3726.4655080,N,12214.2174800,W,18.1306,223.9148,040121,,,,
$GPGGA,215202.00,3726.4586860,N,12214.2263000,W,1,0,0.0,22.4642,M,0.0000,M,0.0000,0
$GPRMC,215202.00,A,3726.4586860,N,12214.2263000,W,18.1698,227.3529,040121,,,,
$GPGGA,215203.00,3726.4523320,N,12214.2357080,W,1,0,0.0,23.4563,M,0.0000,M,0.0000,0
$GPRMC,215203.00,A,3726.4523320,N,12214.2357080,W,18.2235,231.3571,040121,,,,
$GPGGA,215204.00,3726.4464520,N,12214.2456440,W,1,0,0.0,24.5033,M,0.0000,M,0.0000,0
$GPRMC,215204.00,A,3726.4464520,N,12214.2456440,W,18.3036,234.3313,040121,,,,
$GPGGA,215205.00,3726.4408600,N,12214.2558980,W,1,0,0.0,25.6113,M,0.0000,M,0.0000,0
$GPRMC,215205.00,A,3726.4408600,N,12214.2558980,W,18.3043,236.1941,040121,,,,
$GPGGA,215206.00,3726.4354660,N,12214.2661940,W,1,0,0.0,26.6672,M,0.0000,M,0.0000,0
$GPRMC,215206.00,A,3726.4354660,N,12214.2661940,W,18.0089,236.4758,040121,,,,
$GPGGA,215207.00,3726.4300660,N,12214.2761900,W,1,0,0.0,27.7003,M,0.0000,M,0.0000,0
$GPRMC,215207.00,A,3726.4300660,N,12214.2761900,W,17.5675,235.1609,040121,,,,
$GPGGA,215208.00,3726.4246060,N,12214.2856040,W,1,0,0.0,28.8092,M,0.0000,M,0.0000,0
$GPRMC,215208.00,A,3726.4246060,N,12214.2856040,W,16.7608,232.9660,040121,,,,
$GPGGA,215209.00,3726.4191040,N,12214.2943460,W,1,0,0.0,29.7452,M,0.0000,M,0.0000,0
$GPRMC,215209.00,A,3726.4191040,N,12214.2943460,W,16.1244,230.8184,040121,,,,
$GPGGA,215210.00,3726.4135960,N,12214.3026800,W,1,0,0.0,30.5642,M,0.0000,M,0.0000,0
$GPRMC,215210.00,A,3726.4135960,N,12214.3026800,W,15.8669,230.1409,040121,,,,
$GPGGA,215211.00,3726.4080520,N,12214.3109000,W,1,0,0.0,31.3682,M,0.0000,M,0.0000,0
$GPRMC,215211.00,A,3726.4080520,N,12214.3109000,W,15.8797,229.6051,040121,,,,
$GPGGA,215212.00,3726.4024420,N,12214.3190480,W,1,0,0.0,32.1432,M,0.0000,M,0.0000,0
$GPRMC,215212.00,A,3726.4024420,N,12214.3190480,W,15.8599,228.7262,040121,,,,
$GPGGA,215213.00,3726.3967120,N,12214.3270400,W,1,0,0.0,32.9762,M,0.0000,M,0.0000,0
$GPRMC,215213.00,A,3726.3967120,N,12214.3270400,W,15.8335,227.5187,040121,,,,
$GPGGA,215214.00,3726.3908620,N,12214.3348580,W,1,0,0.0,33.7722,M,0.0000,M,0.0000,0
$GPRMC,215214.00,A,3726.3908620,N,12214.3348580,W,15.8268,226.2493,040121,,,,
$GPGGA,215215.00,3726.3848380,N,12214.3425080,W,1,0,0.0,34.4642,M,0.0000,M,0.0000,0
$GPRMC,215215.00,A,3726.3848380,N,12214.3425080,W,15.8696,224.6292,040121,,,,
$GPGGA,215216.00,3726.3786580,N,12214.3499360,W,1,0,0.0,35.1632,M,0.0000,M,0.0000,0
$GPRMC,215216.00,A,3726.3786580,N,12214.3499360,W,15.7572,222.7912,040121,,,,
$GPGGA,215217.00,3726.3723100,N,12214.3569860,W,1,0,0.0,36.0662,M,0.0000,M,0.0000,0
$GPRMC,215217.00,A,3726.3723100,N,12214.3569860,W,15.5872,220.7216,040121,,,,
$GPGGA,215218.00,3726.3658900,N,12214.3637120,W,1,0,0.0,36.9502,M,0.0000,M,0.0000,0
$GPRMC,215218.00,A,3726.3658900,N,12214.3637120,W,15.2836,218.9166,040121,,,,
$GPGGA,215219.00,3726.3594940,N,12214.3700360,W,1,0,0.0,37.8122,M,0.0000,M,0.0000,0
$GPRMC,215219.00,A,3726.3594940,N,12214.3700360,W,14.7670,217.8979,040121,,,,
$GPGGA,215220.00,3726.3533020,N,12214.3759460,W,1,0,0.0,38.5572,M,0.0000,M,0.0000,0
$GPRMC,215220.00,A,3726.3533020,N,12214.3759460,W,13.9879,216.8278,040121,,,,
$GPGGA,215221.00,3726.3473500,N,12214.3813520,W,1,0,0.0,39.2322,M,0.0000,M,0.0000,0
$GPRMC,215221.00,A,3726.3473500,N,12214.3813520,W,13.2105,215.3885,040121,,,,
$GPGGA,215222.00,3726.3415540,N,12214.3864160,W,1,0,0.0,39.8062,M,0.0000,M,0.0000,0
$GPRMC,215222.00,A,3726.3415540,N,12214.3864160,W,13.0317,214.4115,040121,,,,
$GPGGA,215223.00,3726.3355960,N,12214.3913600,W,1,0,0.0,40.4041,M,0.0000,M,0.0000,0
$GPRMC,215223.00,A,3726.3355960,N,12214.3913600,W,13.5351,212.7682,040121,,,,
$GPGGA,215224.00,3726.3291820,N,12214.3963640,W,1,0,0.0,41.0191,M,0.0000,M,0.0000,0
$GPRMC,215224.00,A,3726.3291820,N,12214.3963640,W,14.3876,211.4184,040121,,,,
$GPGGA,215225.00,3726.3222700,N,12214.4015120,W,1,0,0.0,41.5281,M,0.0000,M,0.0000,0
$GPRMC,215225.00,A,3726.3222700,N,12214.4015120,W,15.3277,210.0177,040121,,,,
$GPGGA,215226.00,3726.3147580,N,12214.4067500,W,1,0,0.0,41.9261,M,0.0000,M,0.0000,0
$GPRMC,215226.00,A,3726.3147580,N,12214.4067500,W,16.4430,208.3800,040121,,,,
$GPGGA,215227.00,3726.3066220,N,12214.4120360,W,1,0,0.0,42.3411,M,0.0000,M,0.0000,0
$GPRMC,215227.00,A,3726.3066220,N,12214.4120360,W,17.4702,206.8658,040121,,,,
$GPGGA,215228.00,3726.2979400,N,12214.4173880,W,1,0,0.0,42.6731,M,0.0000,M,0.0000,0
$GPRMC,215228.00,A,3726.2979400,N,12214.4173880,W,18.1839,205.6637,040121,,,,
$GPGGA,215229.00,3726.2889400,N,12214.4226140,W,1,0,0.0,42.9680,M,0.0000,M,0.0000,0
$GPRMC,215229.00,A,3726.2889400,N,12214.4226140,W,18.4648,204.0365,040121,,,,
$GPGGA,215230.00,3726.2797480,N,12214.4275160,W,1,0,0.0,43.1350,M,0.0000,M,0.0000,0
$GPRMC,215230.00,A,3726.2797480,N,12214.4275160,W,18.3565,202.4427,040121,,,,
$GPGGA,215231.00,3726.2706340,N,12214.4321060,W,1,0,0.0,43.2420,M,0.0000,M,0.0000,0
$GPRMC,215231.00,A,3726.2706340,N,12214.4321060,W,17.9127,201.1195,040121,,,,
$GPGGA,215232.00,3726.2616880,N,12214.4363360,W,1,0,0.0,43.3670,M,0.0000,M,0.0000,0
$GPRMC,215232.00,A,3726.2616880,N,12214.4363360,W,17.4553,200.1647,040121,,,,
$GPGGA,215233.00,3726.2529460,N,12214.4404040,W,1,0,0.0,43.3710,M,0.0000,M,0.0000,0
$GPRMC,215233.00,A,3726.2529460,N,12214.4404040,W,17.0371,200.4472,040121,,,,
$GPGGA,215234.00,3726.2444680,N,12214.4444660,W,1,0,0.0,43.6060,M,0.0000,M,0.0000,0
$GPRMC,215234.00,A,3726.2444680,N,12214.4444660,W,16.5476,201.0914,040121,,,,
$GPGGA,215235.00,3726.2361520,N,12214.4485880,W,1,0,0.0,43.8701,M,0.0000,M,0.0000,0
$GPRMC,215235.00,A,3726.2361520,N,12214.4485880,W,16.6155,201.7686,040121,,,,
$GPGGA,215236.00,3726.2277460,N,12214.4530280,W,1,0,0.0,44.2201,M,0.0000,M,0.0000,0
$GPRMC,215236.00,A,3726.2277460,N,12214.4530280,W,17.3204,203.4782,040121,,,,
$GPGGA,215237.00,3726.2191060,N,12214.4581160,W,1,0,0.0,44.6821,M,0.0000,M,0.0000,0
$GPRMC,215237.00,A,3726.2191060,N,12214.4581160,W,17.8953,206.2850,040121,,,,
$GPGGA,215238.00,3726.2105440,N,12214.4638400,W,1,0,0.0,45.2071,M,0.0000,M,0.0000,0
$GPRMC,215238.00,A,3726.2105440,N,12214.4638400,W,17.8630,209.3073,040121,,,,
$GPGGA,215239.00,3726.2025160,N,12214.4701580,W,1,0,0.0,45.8752,M,0.0000,M,0.0000,0
$GPRMC,215239.00,A,3726.2025160,N,12214.4701580,W,17.2226,214.5008,040121,,,,
$GPGGA,215240.00,3726.1953520,N,12214.4771780,W,1,0,0.0,46.6002,M,0.0000,M,0.0000,0
$GPRMC,215240.00,A,3726.1953520,N,12214.4771780,W,16.5042,220.4973,040121,,,,
$GPGGA,215241.00,3726.1890580,N,12214.4847680,W,1,0,0.0,47.1911,M,0.0000,M,0.0000,0
$GPRMC,215241.00,A,3726.1890580,N,12214.4847680,W,15.8484,225.5986,040121,,,,
$GPGGA,215242.00,3726.1835200,N,12214.4925920,W,1,0,0.0,47.6711,M,0.0000,M,0.0000,0
$GPRMC,215242.00,A,3726.1835200,N,12214.4925920,W,15.0881,230.0373,040121,,,,
$GPGGA,215243.00,3726.1784860,N,12214.5003260,W,1,0,0.0,48.2071,M,0.0000,M,0.0000,0
$GPRMC,215243.00,A,3726.1784860,N,12214.5003260,W,14.3605,230.7851,040121,,,,
$GPGGA,215244.00,3726.1738000,N,12214.5077480,W,1,0,0.0,48.8141,M,0.0000,M,0.0000,0
$GPRMC,215244.00,A,3726.1738000,N,12214.5077480,W,13.5966,231.8923,040121,,,,
$GPGGA,215245.00,3726.1695280,N,12214.5149240,W,1,0,0.0,49.3681,M,0.0000,M,0.0000,0
$GPRMC,215245.00,A,3726.1695280,N,12214.5149240,W,12.8565,234.0060,040121,,,,
$GPGGA,215246.00,3726.1658260,N,12214.5217760,W,1,0,0.0,49.8761,M,0.0000,M,0.0000,0
$GPRMC,215246.00,A,3726.1658260,N,12214.5217760,W,11.4188,236.7787,040121,,,,
$GPGGA,215247.00,3726.1629640,N,12214.5278720,W,1,0,0.0,50.3411,M,0.0000,M,0.0000,0
$GPRMC,215247.00,A,3726.1629640,N,12214.5278720,W,9.4818,241.1662,040121,,,,
$GPGGA,215248.00,3726.1610680,N,12214.5330080,W,1,0,0.0,50.6301,M,0.0000,M,0.0000,0
$GPRMC,215248.00,A,3726.1610680,N,12214.5330080,W,7.2412,246.8407,040121,,,,
$GPGGA,215249.00,3726.1600120,N,12214.5369680,W,1,0,0.0,50.8550,M,0.0000,M,0.0000,0
$GPRMC,215249.00,A,3726.1600120,N,12214.5369680,W,5.3694,252.5089,040121,,,,
$GPGGA,215250.00,3726.1593760,N,12214.5402680,W,1,0,0.0,51.0340,M,0.0000,M,0.0000,0
$GPRMC,215250.00,A,3726.1593760,N,12214.5402680,W,4.7541,256.6467,040121,,,,
$GPGGA,215251.00,3726.1589560,N,12214.5435500,W,1,0,0.0,51.2100,M,0.0000,M,0.0000,0
$GPRMC,215251.00,A,3726.1589560,N,12214.5435500,W,5.3179,261.3977,040121,,,,
$GPGGA,215252.00,3726.1587580,N,12214.5475400,W,1,0,0.0,51.3660,M,0.0000,M,0.0000,0
$GPRMC,215252.00,A,3726.1587580,N,12214.5475400,W,6.6354,267.5390,040121,,,,
$GPGGA,215253.00,3726.1590040,N,12214.5526460,W,1,0,0.0,51.5761,M,0.0000,M,0.0000,0
$GPRMC,215253.00,A,3726.1590040,N,12214.5526460,W,8.5071,275.0706,040121,,,,
$GPGGA,215254.00,3726.1598860,N,12214.5588860,W,1,0,0.0,52.0111,M,0.0000,M,0.0000,0
$GPRMC,215254.00,A,3726.1598860,N,12214.5588860,W,10.2840,282.2073,040121,,,,
$GPGGA,215255.00,3726.1617040,N,12214.5660500,W,1,0,0.0,52.4831,M,0.0000,M,0.0000,0
$GPRMC,215255.00,A,3726.1617040,N,12214.5660500,W,11.9089,289.8637,040121,,,,
$GPGGA,215256.00,3726.1643500,N,12214.5739700,W,1,0,0.0,53.0522,M,0.0000,M,0.0000,0
$GPRMC,215256.00,A,3726.1643500,N,12214.5739700,W,13.4807,293.8546,040121,,,,
$GPGGA,215257.00,3726.1676080,N,12214.5827420,W,1,0,0.0,53.7632,M,0.0000,M,0.0000,0
$GPRMC,215257.00,A,3726.1676080,N,12214.5827420,W,15.0810,295.1455,040121,,,,
$GPGGA,215258.00,3726.1712620,N,12214.5924380,W,1,0,0.0,54.6432,M,0.0000,M,0.0000,0
$GPRMC,215258.00,A,3726.1712620,N,12214.5924380,W,16.5373,295.1379,040121,,,,
$GPGGA,215259.00,3726.1752700,N,12214.6029380,W,1,0,0.0,55.6463,M,0.0000,M,0.0000,0
$GPRMC,215259.00,A,3726.1752700,N,12214.6029380,W,17.7480,295.7321,040121,,,,
$GPGGA,215300.00,3726.1795000,N,12214.6138160,W,1,0,0.0,56.6882,M,0.0000,M,0.0000,0
$GPRMC,215300.00,A,3726.1795000,N,12214.6138160,W,17.7405,295.8934,040121,,,,
$GPGGA,215301.00,3726.1837480,N,12214.6244900,W,1,0,0.0,57.7373,M,0.0000,M,0.0000,0
$GPRMC,215301.00,A,3726.1837480,N,12214.6244900,W,17.5553,296.9769,040121,,,,
$GPGGA,215302.00,3726.1883920,N,12214.6349720,W,1,0,0.0,58.8133,M,0.0000,M,0.0000,0
$GPRMC,215302.00,A,3726.1883920,N,12214.6349720,W,17.9234,300.6127,040121,,,,
$GPGGA,215303.00,3726.1937440,N,12214.6452980,W,1,0,0.0,59.8793,M,0.0000,M,0.0000,0
$GPRMC,215303.00,A,3726.1937440,N,12214.6452980,W,18.4311,304.9212,040121,,,,
$GPGGA,215304.00,3726.1998760,N,12214.6553180,W,1,0,0.0,60.9963,M,0.0000,M,0.0000,0
$GPRMC,215304.00,A,3726.1998760,N,12214.6553180,W,18.8765,309.1557,040121,,,,
$GPGGA,215305.00,3726.2066080,N,12214.6651460,W,1,0,0.0,62.1733,M,0.0000,M,0.0000,0
$GPRMC,215305.00,A,3726.2066080,N,12214.6651460,W,19.3624,311.2819,040121,,,,
$GPGGA,215306.00,3726.2136700,N,12214.6750460,W,1,0,0.0,63.3943,M,0.0000,M,0.0000,0
$GPRMC,215306.00,A,3726.2136700,N,12214.6750460,W,19.8113,312.1598,040121,,,,
$GPGGA,215307.00,3726.2210080,N,12214.6850420,W,1,0,0.0,64.5453,M,0.0000,M,0.0000,0
$GPRMC,215307.00,A,3726.2210080,N,12214.6850420,W,20.2826,312.6602,040121,,,,
$GPGGA,215308.00,3726.2284960,N,12214.6952720,W,1,0,0.0,65.5652,M,0.0000,M,0.0000,0
$GPRMC,215308.00,A,3726.2284960,N,12214.6952720,W,20.7015,312.2700,040121,,,,
$GPGGA,215309.00,3726.2361160,N,12214.7057540,W,1,0,0.0,66.5132,M,0.0000,M,0.0000,0
$GPRMC,215309.00,A,3726.2361160,N,12214.7057540,W,21.2155,312.3735,040121,,,,
$GPGGA,215310.00,3726.2440300,N,12214.7165480,W,1,0,0.0,67.4312,M,0.0000,M,0.0000,0
$GPRMC,215310.00,A,3726.2440300,N,12214.7165480,W,22.0714,312.7032,040121,,,,
$GPGGA,215311.00,3726.2523640,N,12214.7276840,W,1,0,0.0,68.3452,M,0.0000,M,0.0000,0
$GPRMC,215311.00,A,3726.2523640,N,12214.7276840,W,22.9703,313.4676,040121,,,,
$GPGGA,215312.00,3726.2611360,N,12214.7391020,W,1,0,0.0,69.3023,M,0.0000,M,0.0000,0
$GPRMC,215312.00,A,3726.2611360,N,12214.7391020,W,23.7808,314.2243,040121,,,,
$GPGGA,215313.00,3726.2702620,N,12214.7507060,W,1,0,0.0,70.3192,M,0.0000,M,0.0000,0
$GPRMC,215313.00,A,3726.2702620,N,12214.7507060,W,24.2597,314.6798,040121,,,,
$GPGGA,215314.00,3726.2795680,N,12214.7624840,W,1,0,0.0,71.3892,M,0.0000,M,0.0000,0
$GPRMC,215314.00,A,3726.2795680,N,12214.7624840,W,24.6042,314.5876,040121,,,,
$GPGGA,215315.00,3726.2890000,N,12214.7743280,W,1,0,0.0,72.3893,M,0.0000,M,0.0000,0
$GPRMC,215315.00,A,3726.2890000,N,12214.7743280,W,24.8033,314.9624,040121,,,,
$GPGGA,215316.00,3726.2985280,N,12214.7862740,W,1,0,0.0,73.3983,M,0.0000,M,0.0000,0
$GPRMC,215316.00,A,3726.2985280,N,12214.7862740,W,25.0437,314.9453,040121,,,,
$GPGGA,215317.00,3726.3081280,N,12214.7983700,W,1,0,0.0,74.4703,M,0.0000,M,0.0000,0
$GPRMC,215317.00,A,3726.3081280,N,12214.7983700,W,25.2857,314.6527,040121,,,,
$GPGGA,215318.00,3726.3178060,N,12214.8106220,W,1,0,0.0,75.4712,M,0.0000,M,0.0000,0
$GPRMC,215318.00,A,3726.3178060,N,12214.8106220,W,25.5956,314.6115,040121,,,,
$GPGGA,215319.00,3726.3275800,N,12214.8230360,W,1,0,0.0,76.5103,M,0.0000,M,0.0000,0
$GPRMC,215319.00,A,3726.3275800,N,12214.8230360,W,25.9082,314.5050,040121,,,,
$GPGGA,215320.00,3726.3374800,N,12214.8356600,W,1,0,0.0,77.5643,M,0.0000,M,0.0000,0
$GPRMC,215320.00,A,3726.3374800,N,12214.8356600,W,26.3020,314.3434,040121,,,,
$GPGGA,215321.00,3726.3474820,N,12214.8485060,W,1,0,0.0,78.6303,M,0.0000,M,0.0000,0
$GPRMC,215321.00,A,3726.3474820,N,12214.8485060,W,26.6897,314.1290,040121,,,,
$GPGGA,215322.00,3726.3576100,N,12214.8615740,W,1,0,0.0,79.7223,M,0.0000,M,0.0000,0
$GPRMC,215322.00,A,3726.3576100,N,12214.8615740,W,27.0539,314.0121,040121,,,,
$GPGGA,215323.00,3726.3678760,N,12214.8748100,W,1,0,0.0,80.8053,M,0.0000,M,0.0000,0
$GPRMC,215323.00,A,3726.3678760,N,12214.8748100,W,27.4137,314.1017,040121,,,,
$GPGGA,215324.00,3726.3782260,N,12214.8882800,W,1,0,0.0,81.9083,M,0.0000,M,0.0000,0
$GPRMC,215324.00,A,3726.3782260,N,12214.8882800,W,27.7544,313.6239,040121,,,,
$GPGGA,215325.00,3726.3886420,N,12214.9019480,W,1,0,0.0,83.0283,M,0.0000,M,0.0000,0
$GPRMC,215325.00,A,3726.3886420,N,12214.9019480,W,28.0340,313.7414,040121,,,,
$GPGGA,215326.00,3726.3992380,N,12214.9157000,W,1,0,0.0,84.1533,M,0.0000,M,0.0000,0
$GPRMC,215326.00,A,3726.3992380,N,12214.9157000,W,28.3639,313.9551,040121,,,,
$GPGGA,215327.00,3726.4099300,N,12214.9296320,W,1,0,0.0,85.3353,M,0.0000,M,0.0000,0
$GPRMC,215327.00,A,3726.4099300,N,12214.9296320,W,28.6598,313.7892,040121,,,,
$GPGGA,215328.00,3726.4206880,N,12214.9437080,W,1,0,0.0,86.5213,M,0.0000,M,0.0000,0
$GPRMC,215328.00,A,3726.4206880,N,12214.9437080,W,28.8898,313.7527,040121,,,,
$GPGGA,215329.00,3726.4315660,N,12214.9578800,W,1,0,0.0,87.6703,M,0.0000,M,0.0000,0
$GPRMC,215329.00,A,3726.4315660,N,12214.9578800,W,29.0788,313.8271,040121,,,,
$GPGGA,215330.00,3726.4424560,N,12214.9720640,W,1,0,0.0,88.8293,M,0.0000,M,0.0000,0
$GPRMC,215330.00,A,3726.4424560,N,12214.9720640,W,29.0319,313.9744,040121,,,,
$GPGGA,215331.00,3726.4533820,N,12214.9862000,W,1,0,0.0,89.9623,M,0.0000,M,0.0000,0
$GPRMC,215331.00,A,3726.4533820,N,12214.9862000,W,29.0291,314.0807,040121,,,,
$GPGGA,215332.00,3726.4643200,N,12215.0003120,W,1,0,0.0,91.1113,M,0.0000,M,0.0000,0
$GPRMC,215332.00,A,3726.4643200,N,12215.0003120,W,29.0223,314.1235,040121,,,,
$GPGGA,215333.00,3726.4752400,N,12215.0144480,W,1,0,0.0,92.2503,M,0.0000,M,0.0000,0
$GPRMC,215333.00,A,3726.4752400,N,12215.0144480,W,29.0130,313.8633,040121,,,,
$GPGGA,215334.00,3726.4861000,N,12215.0286140,W,1,0,0.0,93.4553,M,0.0000,M,0.0000,0
$GPRMC,215334.00,A,3726.4861000,N,12215.0286140,W,28.9565,313.7598,040121,,,,
$GPGGA,215335.00,3726.4969480,N,12215.0427200,W,1,0,0.0,94.7413,M,0.0000,M,0.0000,0
$GPRMC,215335.00,A,3726.4969480,N,12215.0427200,W,28.8584,314.1203,040121,,,,
$GPGGA,215336.00,3726.5077720,N,12215.0567660,W,1,0,0.0,96.0643,M,0.0000,M,0.0000,0
$GPRMC,215336.00,A,3726.5077720,N,12215.0567660,W,28.7768,313.7599,040121,,,,
$GPGGA,215337.00,3726.5184760,N,12215.0708900,W,1,0,0.0,97.4023,M,0.0000,M,0.0000,0
$GPRMC,215337.00,A,3726.5184760,N,12215.0708900,W,28.6912,313.2993,040121,,,,
$GPGGA,215338.00,3726.5290000,N,12215.0851280,W,1,0,0.0,98.6413,M,0.0000,M,0.0000,0
$GPRMC,215338.00,A,3726.5290000,N,12215.0851280,W,28.5375,312.2130,040121,,,,
$GPGGA,215339.00,3726.5392000,N,12215.0995940,W,1,0,0.0,99.8143,M,0.0000,M,0.0000,0
$GPRMC,215339.00,A,3726.5392000,N,12215.0995940,W,28.4364,310.7599,040121,,,,
$GPGGA,215340.00,3726.5490220,N,12215.1143900,W,1,0,0.0,100.9513,M,0.0000,M,0.0000,0
$GPRMC,215340.00,A,3726.5490220,N,12215.1143900,W,28.3407,308.7411,040121,,,,
$GPGGA,215341.00,3726.5584120,N,12215.1295460,W,1,0,0.0,102.0733,M,0.0000,M,0.0000,0
$GPRMC,215341.00,A,3726.5584120,N,12215.1295460,W,28.2457,306.8633,040121,,,,
$GPGGA,215342.00,3726.5673580,N,12215.1450260,W,1,0,0.0,103.1833,M,0.0000,M,0.0000,0
$GPRMC,215342.00,A,3726.5673580,N,12215.1450260,W,28.1296,305.1296,040121,,,,
$GPGGA,215343.00,3726.5759080,N,12215.1607580,W,1,0,0.0,104.2733,M,0.0000,M,0.0000,0
$GPRMC,215343.00,A,3726.5759080,N,12215.1607580,W,28.0337,303.4707,040121,,,,
$GPGGA,215344.00,3726.5840920,N,12215.1767360,W,1,0,0.0,105.3813,M,0.0000,M,0.0000,0
$GPRMC,215344.00,A,3726.5840920,N,12215.1767360,W,27.9690,301.8793,040121,,,,
$GPGGA,215345.00,3726.5918740,N,12215.1929780,W,1,0,0.0,106.4933,M,0.0000,M,0.0000,0
$GPRMC,215345.00,A,3726.5918740,N,12215.1929780,W,27.9042,300.1353,040121,,,,
$GPGGA,215346.00,3726.5992600,N,12215.2094660,W,1,0,0.0,107.5753,M,0.0000,M,0.0000,0
$GPRMC,215346.00,A,3726.5992600,N,12215.2094660,W,27.8562,298.5525,040121,,,,
$GPGGA,215347.00,3726.6062380,N,12215.2261640,W,1,0,0.0,108.6833,M,0.0000,M,0.0000,0
$GPRMC,215347.00,A,3726.6062380,N,12215.2261640,W,27.7444,296.7711,040121,,,,
$GPGGA,215348.00,3726.6127780,N,12215.2430600,W,1,0,0.0,109.7933,M,0.0000,M,0.0000,0
$GPRMC,215348.00,A,3726.6127780,N,12215.2430600,W,27.6439,294.9297,040121,,,,
$GPGGA,215349.00,3726.6188620,N,12215.2601480,W,1,0,0.0,110.8873,M,0.0000,M,0.0000,0
$GPRMC,215349.00,A,3726.6188620,N,12215.2601480,W,27.5362,293.1974,040121,,,,
$GPGGA,215350.00,3726.6244960,N,12215.2774040,W,1,0,0.0,111.9593,M,0.0000,M,0.0000,0
$GPRMC,215350.00,A,3726.6244960,N,12215.2774040,W,27.4660,291.2885,040121,,,,
$GPGGA,215351.00,3726.6296740,N,12215.2948400,W,1,0,0.0,113.0313,M,0.0000,M,0.0000,0
$GPRMC,215351.00,A,3726.6296740,N,12215.2948400,W,27.4046,289.6479,040121,,,,
$GPGGA,215352.00,3726.6344980,N,12215.3123900,W,1,0,0.0,114.1103,M,0.0000,M,0.0000,0
$GPRMC,215352.00,A,3726.6344980,N,12215.3123900,W,27.3256,288.3923,040121,,,,
$GPGGA,215353.00,3726.6389800,N,12215.3300240,W,1,0,0.0,115.2162,M,0.0000,M,0.0000,0
$GPRMC,215353.00,A,3726.6389800,N,12215.3300240,W,27.2735,286.8801,040121,,,,
$GPGGA,215354.00,3726.6430240,N,12215.3477900,W,1,0,0.0,116.2733,M,0.0000,M,0.0000,0
$GPRMC,215354.00,A,3726.6430240,N,12215.3477900,W,27.1851,284.8961,040121,,,,
$GPGGA,215355.00,3726.6465460,N,12215.3656340,W,1,0,0.0,117.3392,M,0.0000,M,0.0000,0
$GPRMC,215355.00,A,3726.6465460,N,12215.3656340,W,27.0427,282.8919,040121,,,,
$GPGGA,215356.00,3726.6496060,N,12215.3835320,W,1,0,0.0,118.3582,M,0.0000,M,0.0000,0
$GPRMC,215356.00,A,3726.6496060,N,12215.3835320,W,26.9325,281.4312,040121,,,,
$GPGGA,215357.00,3726.6523300,N,12215.4014480,W,1,0,0.0,119.3042,M,0.0000,M,0.0000,0
$GPRMC,215357.00,A,3726.6523300,N,12215.4014480,W,26.8510,280.1375,040121,,,,
$GPGGA,215358.00,3726.6547120,N,12215.4193880,W,1,0,0.0,120.1902,M,0.0000,M,0.0000,0
$GPRMC,215358.00,A,3726.6547120,N,12215.4193880,W,26.8087,278.6135,040121,,,,
$GPGGA,215359.00,3726.6566620,N,12215.4374000,W,1,0,0.0,121.0282,M,0.0000,M,0.0000,0
$GPRMC,215359.00,A,3726.6566620,N,12215.4374000,W,26.7939,276.8457,040121,,,,
$GPGGA,215400.00,3726.6581560,N,12215.4554720,W,1,0,0.0,121.8242,M,0.0000,M,0.0000,0
$GPRMC,215400.00,A,3726.6581560,N,12215.4554720,W,26.7898,274.9748,040121,,,,
$GPGGA,215401.00,3726.6592000,N,12215.4736040,W,1,0,0.0,122.5592,M,0.0000,M,0.0000,0
$GPRMC,215401.00,A,3726.6592000,N,12215.4736040,W,26.8078,273.2568,040121,,,,
$GPGGA,215402.00,3726.6598180,N,12215.4917600,W,1,0,0.0,123.2202,M,0.0000,M,0.0000,0
$GPRMC,215402.00,A,3726.6598180,N,12215.4917600,W,26.7788,271.5716,040121,,,,
$GPGGA,215403.00,3726.6600160,N,12215.5099040,W,1,0,0.0,123.8402,M,0.0000,M,0.0000,0
$GPRMC,215403.00,A,3726.6600160,N,12215.5099040,W,26.7520,269.8647,040121,,,,
$GPGGA,215404.00,3726.6597400,N,12215.5280600,W,1,0,0.0,124.3961,M,0.0000,M,0.0000,0
$GPRMC,215404.00,A,3726.6597400,N,12215.5280600,W,26.8125,267.8574,040121,,,,
$GPGGA,215405.00,3726.6589900,N,12215.5462700,W,1,0,0.0,124.8421,M,0.0000,M,0.0000,0
$GPRMC,215405.00,A,3726.6589900,N,12215.5462700,W,26.9611,266.2765,040121,,,,
$GPGGA,215406.00,3726.6578980,N,12215.5645460,W,1,0,0.0,125.1721,M,0.0000,M,0.0000,0
$GPRMC,215406.00,A,3726.6578980,N,12215.5645460,W,27.0922,265.1113,040121,,,,
$GPGGA,215407.00,3726.6565600,N,12215.5828820,W,1,0,0.0,125.4531,M,0.0000,M,0.0000,0
$GPRMC,215407.00,A,3726.6565600,N,12215.5828820,W,27.2223,264.3053,040121,,,,
$GPGGA,215408.00,3726.6550720,N,12215.6013020,W,1,0,0.0,125.6641,M,0.0000,M,0.0000,0
$GPRMC,215408.00,A,3726.6550720,N,12215.6013020,W,27.4212,264.0487,040121,,,,
$GPGGA,215409.00,3726.6535360,N,12215.6199140,W,1,0,0.0,125.8190,M,0.0000,M,0.0000,0
$GPRMC,215409.00,A,3726.6535360,N,12215.6199140,W,27.7442,264.0714,040121,,,,
$GPGGA,215410.00,3726.6520300,N,12215.6387480,W,1,0,0.0,125.9320,M,0.0000,M,0.0000,0
$GPRMC,215410.00,A,3726.6520300,N,12215.6387480,W,28.0921,264.2885,040121,,,,
$GPGGA,215411.00,3726.6505660,N,12215.6578220,W,1,0,0.0,126.0690,M,0.0000,M,0.0000,0
$GPRMC,215411.00,A,3726.6505660,N,12215.6578220,W,28.4109,264.3093,040121,,,,
$GPGGA,215412.00,3726.6490240,N,12215.6770280,W,1,0,0.0,126.2670,M,0.0000,M,0.0000,0
$GPRMC,215412.00,A,3726.6490240,N,12215.6770280,W,28.5124,264.1040,040121,,,,
$GPGGA,215413.00,3726.6474820,N,12215.6963060,W,1,0,0.0,126.4791,M,0.0000,M,0.0000,0
$GPRMC,215413.00,A,3726.6474820,N,12215.6963060,W,28.6312,264.2941,040121,,,,
$GPGGA,215414.00,3726.6459760,N,12215.7156740,W,1,0,0.0,126.6370,M,0.0000,M,0.0000,0
$GPRMC,215414.00,A,3726.6459760,N,12215.7156740,W,28.7883,264.3824,040121,,,,
$GPGGA,215415.00,3726.6444820,N,12215.7351620,W,1,0,0.0,126.8200,M,0.0000,M,0.0000,0
$GPRMC,215415.00,A,3726.6444820,N,12215.7351620,W,28.9479,264.4276,040121,,,,
$GPGGA,215416.00,3726.6429460,N,12215.7547460,W,1,0,0.0,126.9780,M,0.0000,M,0.0000,0
$GPRMC,215416.00,A,3726.6429460,N,12215.7547460,W,29.1166,264.1463,040121,,,,
$GPGGA,215417.00,3726.6413920,N,12215.7744560,W,1,0,0.0,127.0600,M,0.0000,M,0.0000,0
$GPRMC,215417.00,A,3726.6413920,N,12215.7744560,W,29.3093,264.3897,040121,,,,
$GPGGA,215418.00,3726.6398440,N,12215.7943040,W,1,0,0.0,127.2130,M,0.0000,M,0.0000,0
$GPRMC,215418.00,A,3726.6398440,N,12215.7943040,W,29.5135,264.1235,040121,,,,
$GPGGA,215419.00,3726.6382000,N,12215.8142780,W,1,0,0.0,127.3300,M,0.0000,M,0.0000,0
$GPRMC,215419.00,A,3726.6382000,N,12215.8142780,W,29.7112,264.0462,040121,,,,
$GPGGA,215420.00,3726.6366520,N,12215.8343480,W,1,0,0.0,127.4260,M,0.0000,M,0.0000,0
$GPRMC,215420.00,A,3726.6366520,N,12215.8343480,W,29.7402,264.7893,040121,,,,
$GPGGA,215421.00,3726.6354340,N,12215.8544720,W,1,0,0.0,127.4680,M,0.0000,M,0.0000,0
$GPRMC,215421.00,A,3726.6354340,N,12215.8544720,W,29.8212,266.7194,040121,,,,
$GPGGA,215422.00,3726.6348280,N,12215.8747220,W,1,0,0.0,127.4200,M,0.0000,M,0.0000,0
$GPRMC,215422.00,A,3726.6348280,N,12215.8747220,W,30.0085,268.6722,040121,,,,
$GPGGA,215423.00,3726.6346960,N,12215.8951280,W,1,0,0.0,127.3600,M,0.0000,M,0.0000,0
$GPRMC,215423.00,A,3726.6346960,N,12215.8951280,W,30.2081,270.1418,040121,,,,
$GPGGA,215424.00,3726.6349840,N,12215.9156420,W,1,0,0.0,127.2660,M,0.0000,M,0.0000,0
$GPRMC,215424.00,A,3726.6349840,N,12215.9156420,W,30.3132,271.7924,040121,,,,
$GPGGA,215425.00,3726.6358360,N,12215.9361980,W,1,0,0.0,127.0889,M,0.0000,M,0.0000,0
$GPRMC,215425.00,A,3726.6358360,N,12215.9361980,W,30.4595,273.8083,040121,,,,
$GPGGA,215426.00,3726.6372280,N,12215.9568320,W,1,0,0.0,126.8489,M,0.0000,M,0.0000,0
$GPRMC,215426.00,A,3726.6372280,N,12215.9568320,W,30.6228,275.7595,040121,,,,
$GPGGA,215427.00,3726.6391540,N,12215.9774660,W,1,0,0.0,126.5519,M,0.0000,M,0.0000,0
$GPRMC,215427.00,A,3726.6391540,N,12215.9774660,W,30.6502,277.3957,040121,,,,
$GPGGA,215428.00,3726.6415060,N,12215.9980400,W,1,0,0.0,126.1729,M,0.0000,M,0.0000,0
$GPRMC,215428.00,A,3726.6415060,N,12215.9980400,W,30.6953,278.6655,040121,,,,
$GPGGA,215429.00,3726.6442420,N,12216.0185720,W,1,0,0.0,125.7619,M,0.0000,M,0.0000,0
$GPRMC,215429.00,A,3726.6442420,N,12216.0185720,W,30.7244,280.2087,040121,,,,
$GPGGA,215430.00,3726.6475000,N,12216.0390020,W,1,0,0.0,125.3319,M,0.0000,M,0.0000,0
$GPRMC,215430.00,A,3726.6475000,N,12216.0390020,W,30.7520,282.2313,040121,,,,
$GPGGA,215431.00,3726.6513100,N,12216.0593000,W,1,0,0.0,124.8889,M,0.0000,M,0.0000,0
$GPRMC,215431.00,A,3726.6513100,N,12216.0593000,W,30.7911,284.0445,040121,,,,
$GPGGA,215432.00,3726.6556600,N,12216.0794540,W,1,0,0.0,124.4709,M,0.0000,M,0.0000,0
$GPRMC,215432.00,A,3726.6556600,N,12216.0794540,W,30.8236,286.0667,040121,,,,
$GPGGA,215433.00,3726.6605620,N,12216.0994400,W,1,0,0.0,123.9969,M,0.0000,M,0.0000,0
$GPRMC,215433.00,A,3726.6605620,N,12216.0994400,W,30.8893,287.8137,040121,,,,
$GPGGA,215434.00,3726.6659320,N,12216.1192760,W,1,0,0.0,123.5589,M,0.0000,M,0.0000,0
$GPRMC,215434.00,A,3726.6659320,N,12216.1192760,W,30.9169,289.5943,040121,,,,
$GPGGA,215435.00,3726.6718120,N,12216.1388960,W,1,0,0.0,123.1079,M,0.0000,M,0.0000,0
$GPRMC,215435.00,A,3726.6718120,N,12216.1388960,W,30.8978,291.4867,040121,,,,
$GPGGA,215436.00,3726.6781960,N,12216.1582280,W,1,0,0.0,122.5659,M,0.0000,M,0.0000,0
$GPRMC,215436.00,A,3726.6781960,N,12216.1582280,W,30.8476,293.3407,040121,,,,
$GPGGA,215437.00,3726.6850000,N,12216.1773080,W,1,0,0.0,122.1199,M,0.0000,M,0.0000,0
$GPRMC,215437.00,A,3726.6850000,N,12216.1773080,W,30.8297,294.6636,040121,,,,
$GPGGA,215438.00,3726.6922060,N,12216.1961720,W,1,0,0.0,121.7069,M,0.0000,M,0.0000,0
$GPRMC,215438.00,A,3726.6922060,N,12216.1961720,W,30.8965,296.3291,040121,,,,
$GPGGA,215439.00,3726.6998680,N,12216.2148200,W,1,0,0.0,121.3359,M,0.0000,M,0.0000,0
$GPRMC,215439.00,A,3726.6998680,N,12216.2148200,W,31.0213,298.0681,040121,,,,
$GPGGA,215440.00,3726.7080100,N,12216.2332400,W,1,0,0.0,120.9309,M,0.0000,M,0.0000,0
$GPRMC,215440.00,A,3726.7080100,N,12216.2332400,W,31.1495,299.8833,040121,,,,
$GPGGA,215441.00,3726.7166740,N,12216.2513840,W,1,0,0.0,120.6369,M,0.0000,M,0.0000,0
$GPRMC,215441.00,A,3726.7166740,N,12216.2513840,W,31.2372,301.7679,040121,,,,
$GPGGA,215442.00,3726.7257820,N,12216.2692220,W,1,0,0.0,120.4540,M,0.0000,M,0.0000,0
$GPRMC,215442.00,A,3726.7257820,N,12216.2692220,W,31.2448,303.3673,040121,,,,
$GPGGA,215443.00,3726.7353100,N,12216.2866460,W,1,0,0.0,120.3200,M,0.0000,M,0.0000,0
$GPRMC,215443.00,A,3726.7353100,N,12216.2866460,W,31.1074,305.2519,040121,,,,
$GPGGA,215444.00,3726.7452100,N,12216.3036260,W,1,0,0.0,120.3090,M,0.0000,M,0.0000,0
$GPRMC,215444.00,A,3726.7452100,N,12216.3036260,W,30.9702,306.9982,040121,,,,
$GPGGA,215445.00,3726.7554820,N,12216.3201500,W,1,0,0.0,120.4160,M,0.0000,M,0.0000,0
$GPRMC,215445.00,A,3726.7554820,N,12216.3201500,W,30.8570,308.5536,040121,,,,
$GPGGA,215446.00,3726.7660480,N,12216.3362780,W,1,0,0.0,120.6651,M,0.0000,M,0.0000,0
$GPRMC,215446.00,A,3726.7660480,N,12216.3362780,W,30.7359,310.1967,040121,,,,
$GPGGA,215447.00,3726.7769020,N,12216.3519800,W,1,0,0.0,120.9661,M,0.0000,M,0.0000,0
$GPRMC,215447.00,A,3726.7769020,N,12216.3519800,W,30.5650,311.3586,040121,,,,
$GPGGA,215448.00,3726.7877920,N,12216.3674600,W,1,0,0.0,121.3721,M,0.0000,M,0.0000,0
$GPRMC,215448.00,A,3726.7877920,N,12216.3674600,W,30.3385,311.1711,040121,,,,
$GPGGA,215449.00,3726.7985500,N,12216.3828800,W,1,0,0.0,121.7881,M,0.0000,M,0.0000,0
$GPRMC,215449.00,A,3726.7985500,N,12216.3828800,W,30.0657,311.0540,040121,,,,
$GPGGA,215450.00,3726.8091880,N,12216.3981320,W,1,0,0.0,122.2611,M,0.0000,M,0.0000,0
$GPRMC,215450.00,A,3726.8091880,N,12216.3981320,W,29.7027,311.1707,040121,,,,
$GPGGA,215451.00,3726.8196700,N,12216.4131200,W,1,0,0.0,122.8091,M,0.0000,M,0.0000,0
$GPRMC,215451.00,A,3726.8196700,N,12216.4131200,W,29.0631,310.9667,040121,,,,
$GPGGA,215452.00,3726.8298820,N,12216.4277780,W,1,0,0.0,123.3871,M,0.0000,M,0.0000,0
$GPRMC,215452.00,A,3726.8298820,N,12216.4277780,W,28.3764,311.2652,040121,,,,
$GPGGA,215453.00,3726.8399080,N,12216.4420520,W,1,0,0.0,124.0422,M,0.0000,M,0.0000,0
$GPRMC,215453.00,A,3726.8399080,N,12216.4420520,W,27.7294,311.2815,040121,,,,
$GPGGA,215454.00,3726.8497000,N,12216.4560020,W,1,0,0.0,124.7472,M,0.0000,M,0.0000,0
$GPRMC,215454.00,A,3726.8497000,N,12216.4560020,W,27.0787,311.3619,040121,,,,
$GPGGA,215455.00,3726.8592520,N,12216.4696040,W,1,0,0.0,125.4952,M,0.0000,M,0.0000,0
$GPRMC,215455.00,A,3726.8592520,N,12216.4696040,W,26.3775,311.1316,040121,,,,
$GPGGA,215456.00,3726.8685460,N,12216.4828520,W,1,0,0.0,126.2192,M,0.0000,M,0.0000,0
$GPRMC,215456.00,A,3726.8685460,N,12216.4828520,W,25.7197,311.3452,040121,,,,
$GPGGA,215457.00,3726.8776480,N,12216.4958060,W,1,0,0.0,126.9382,M,0.0000,M,0.0000,0
$GPRMC,215457.00,A,3726.8776480,N,12216.4958060,W,25.2366,311.2208,040121,,,,
$GPGGA,215458.00,3726.8865880,N,12216.5085680,W,1,0,0.0,127.6732,M,0.0000,M,0.0000,0
$GPRMC,215458.00,A,3726.8865880,N,12216.5085680,W,24.9328,311.2623,040121,,,,
$GPGGA,215459.00,3726.8954920,N,12216.5211860,W,1,0,0.0,128.4002,M,0.0000,M,0.0000,0
$GPRMC,215459.00,A,3726.8954920,N,12216.5211860,W,24.8132,311.5510,040121,,,,
$GPGGA,215500.00,3726.9044260,N,12216.5337560,W,1,0,0.0,129.1152,M,0.0000,M,0.0000,0
$GPRMC,215500.00,A,3726.9044260,N,12216.5337560,W,24.8366,311.6157,040121,,,,
$GPGGA,215501.00,3726.9133000,N,12216.5463800,W,1,0,0.0,129.8012,M,0.0000,M,0.0000,0
$GPRMC,215501.00,A,3726.9133000,N,12216.5463800,W,24.8189,311.1234,040121,,,,
$GPGGA,215502.00,3726.9221320,N,12216.5590880,W,1,0,0.0,130.5202,M,0.0000,M,0.0000,0
$GPRMC,215502.00,A,3726.9221320,N,12216.5590880,W,24.9432,310.8211,040121,,,,
$GPGGA,215503.00,3726.9310120,N,12216.5719340,W,1,0,0.0,131.2402,M,0.0000,M,0.0000,0
$GPRMC,215503.00,A,3726.9310120,N,12216.5719340,W,25.1965,310.8336,040121,,,,
$GPGGA,215504.00,3726.9399640,N,12216.5849300,W,1,0,0.0,131.9772,M,0.0000,M,0.0000,0
$GPRMC,215504.00,A,3726.9399640,N,12216.5849300,W,25.4526,310.5380,040121,,,,
$GPGGA,215505.00,3726.9489460,N,12216.5981180,W,1,0,0.0,132.6832,M,0.0000,M,0.0000,0
$GPRMC,215505.00,A,3726.9489460,N,12216.5981180,W,25.6987,310.3204,040121,,,,
$GPGGA,215506.00,3726.9579760,N,12216.6114560,W,1,0,0.0,133.3762,M,0.0000,M,0.0000,0
$GPRMC,215506.00,A,3726.9579760,N,12216.6114560,W,25.9337,310.2474,040121,,,,
$GPGGA,215507.00,3726.9671140,N,12216.6249320,W,1,0,0.0,134.0352,M,0.0000,M,0.0000,0
$GPRMC,215507.00,A,3726.9671140,N,12216.6249320,W,26.2187,310.2333,040121,,,,
$GPGGA,215508.00,3726.9762700,N,12216.6384980,W,1,0,0.0,134.6531,M,0.0000,M,0.0000,0
$GPRMC,215508.00,A,3726.9762700,N,12216.6384980,W,26.2042,310.0013,040121,,,,
$GPGGA,215509.00,3726.9853840,N,12216.6521660,W,1,0,0.0,135.1401,M,0.0000,M,0.0000,0
$GPRMC,215509.00,A,3726.9853840,N,12216.6521660,W,26.3960,309.5857,040121,,,,
$GPGGA,215510.00,3726.9945220,N,12216.6660140,W,1,0,0.0,135.6291,M,0.0000,M,0.0000,0
$GPRMC,215510.00,A,3726.9945220,N,12216.6660140,W,26.6185,309.5359,040121,,,,
$GPGGA,215511.00,3727.0037320,N,12216.6799700,W,1,0,0.0,136.0781,M,0.0000,M,0.0000,0
$GPRMC,215511.00,A,3727.0037320,N,12216.6799700,W,26.7827,309.4598,040121,,,,
$GPGGA,215512.00,3727.0129240,N,12216.6939740,W,1,0,0.0,136.4821,M,0.0000,M,0.0000,0
$GPRMC,215512.00,A,3727.0129240,N,12216.6939740,W,26.7476,309.4074,040121,,,,
$GPGGA,215513.00,3727.0221160,N,12216.7079420,W,1,0,0.0,136.9402,M,0.0000,M,0.0000,0
$GPRMC,215513.00,A,3727.0221160,N,12216.7079420,W,26.6547,309.4189,040121,,,,
$GPGGA,215514.00,3727.0313140,N,12216.7218560,W,1,0,0.0,137.2901,M,0.0000,M,0.0000,0
$GPRMC,215514.00,A,3727.0313140,N,12216.7218560,W,26.6717,309.6378,040121,,,,
$GPGGA,215515.00,3727.0405420,N,12216.7357700,W,1,0,0.0,137.5761,M,0.0000,M,0.0000,0
$GPRMC,215515.00,A,3727.0405420,N,12216.7357700,W,26.6928,309.6372,040121,,,,
$GPGGA,215516.00,3727.0497640,N,12216.7497200,W,1,0,0.0,137.7520,M,0.0000,M,0.0000,0
$GPRMC,215516.00,A,3727.0497640,N,12216.7497200,W,26.7449,309.5135,040121,,,,
$GPGGA,215517.00,3727.0589980,N,12216.7637180,W,1,0,0.0,137.8670,M,0.0000,M,0.0000,0
$GPRMC,215517.00,A,3727.0589980,N,12216.7637180,W,26.8536,309.4810,040121,,,,
$GPGGA,215518.00,3727.0682560,N,12216.7777880,W,1,0,0.0,137.9010,M,0.0000,M,0.0000,0
$GPRMC,215518.00,A,3727.0682560,N,12216.7777880,W,26.9627,309.3218,040121,,,,
$GPGGA,215519.00,3727.0775380,N,12216.7919180,W,1,0,0.0,137.9360,M,0.0000,M,0.0000,0
$GPRMC,215519.00,A,3727.0775380,N,12216.7919180,W,27.0417,309.3428,040121,,,,
$GPGGA,215520.00,3727.0868380,N,12216.8061200,W,1,0,0.0,137.9530,M,0.0000,M,0.0000,0
$GPRMC,215520.00,A,3727.0868380,N,12216.8061200,W,27.1572,309.2475,040121,,,,
$GPGGA,215521.00,3727.0961800,N,12216.8203760,W,1,0,0.0,137.9200,M,0.0000,M,0.0000,0
$GPRMC,215521.00,A,3727.0961800,N,12216.8203760,W,27.3072,309.3416,040121,,,,
$GPGGA,215522.00,3727.1056000,N,12216.8347220,W,1,0,0.0,137.8330,M,0.0000,M,0.0000,0
$GPRMC,215522.00,A,3727.1056000,N,12216.8347220,W,27.5443,309.3963,040121,,,,
$GPGGA,215523.00,3727.1151460,N,12216.8492060,W,1,0,0.0,137.6930,M,0.0000,M,0.0000,0
$GPRMC,215523.00,A,3727.1151460,N,12216.8492060,W,27.8620,309.4689,040121,,,,
$GPGGA,215524.00,3727.1247820,N,12216.8638700,W,1,0,0.0,137.5000,M,0.0000,M,0.0000,0
$GPRMC,215524.00,A,3727.1247820,N,12216.8638700,W,28.1934,309.3077,040121,,,,
$GPGGA,215525.00,3727.1344780,N,12216.8786840,W,1,0,0.0,137.2319,M,0.0000,M,0.0000,0
$GPRMC,215525.00,A,3727.1344780,N,12216.8786840,W,28.2917,309.2560,040121,,,,
$GPGGA,215526.00,3727.1441740,N,12216.8934980,W,1,0,0.0,136.9289,M,0.0000,M,0.0000,0
$GPRMC,215526.00,A,3727.1441740,N,12216.8934980,W,28.2406,309.3393,040121,,,,
$GPGGA,215527.00,3727.1538700,N,12216.9082520,W,1,0,0.0,136.5399,M,0.0000,M,0.0000,0
$GPRMC,215527.00,A,3727.1538700,N,12216.9082520,W,28.1623,309.4061,040121,,,,
$GPGGA,215528.00,3727.1635360,N,12216.9230060,W,1,0,0.0,136.1359,M,0.0000,M,0.0000,0
$GPRMC,215528.00,A,3727.1635360,N,12216.9230060,W,28.1503,309.2772,040121,,,,
$GPGGA,215529.00,3727.1731780,N,12216.9377420,W,1,0,0.0,135.6759,M,0.0000,M,0.0000,0
$GPRMC,215529.00,A,3727.1731780,N,12216.9377420,W,28.0230,309.2713,040121,,,,
$GPGGA,215530.00,3727.1827720,N,12216.9523820,W,1,0,0.0,135.1589,M,0.0000,M,0.0000,0
$GPRMC,215530.00,A,3727.1827720,N,12216.9523820,W,27.9216,309.3375,040121,,,,
$GPGGA,215531.00,3727.1923600,N,12216.9669980,W,1,0,0.0,134.6059,M,0.0000,M,0.0000,0
$GPRMC,215531.00,A,3727.1923600,N,12216.9669980,W,27.9215,309.3948,040121,,,,
$GPGGA,215532.00,3727.2019960,N,12216.9815840,W,1,0,0.0,133.9828,M,0.0000,M,0.0000,0
$GPRMC,215532.00,A,3727.2019960,N,12216.9815840,W,27.9684,309.7850,040121,,,,
$GPGGA,215533.00,3727.2117100,N,12216.9961700,W,1,0,0.0,133.3659,M,0.0000,M,0.0000,0
$GPRMC,215533.00,A,3727.2117100,N,12216.9961700,W,28.1007,309.6423,040121,,,,
$GPGGA,215534.00,3727.2214480,N,12217.0108760,W,1,0,0.0,132.7319,M,0.0000,M,0.0000,0
$GPRMC,215534.00,A,3727.2214480,N,12217.0108760,W,28.2740,309.5399,040121,,,,
$GPGGA,215535.00,3727.2312040,N,12217.0257080,W,1,0,0.0,132.1248,M,0.0000,M,0.0000,0
$GPRMC,215535.00,A,3727.2312040,N,12217.0257080,W,28.4636,309.3652,040121,,,,
$GPGGA,215536.00,3727.2410140,N,12217.0406780,W,1,0,0.0,131.5039,M,0.0000,M,0.0000,0
$GPRMC,215536.00,A,3727.2410140,N,12217.0406780,W,28.6824,309.2853,040121,,,,
$GPGGA,215537.00,3727.2508720,N,12217.0557860,W,1,0,0.0,130.8608,M,0.0000,M,0.0000,0
$GPRMC,215537.00,A,3727.2508720,N,12217.0557860,W,28.8984,309.2242,040121,,,,
$GPGGA,215538.00,3727.2607840,N,12217.0709960,W,1,0,0.0,130.2318,M,0.0000,M,0.0000,0
$GPRMC,215538.00,A,3727.2607840,N,12217.0709960,W,29.0115,309.1169,040121,,,,
$GPGGA,215539.00,3727.2707020,N,12217.0862300,W,1,0,0.0,129.6029,M,0.0000,M,0.0000,0
$GPRMC,215539.00,A,3727.2707020,N,12217.0862300,W,28.9989,309.2901,040121,,,,
$GPGGA,215540.00,3727.2806620,N,12217.1014160,W,1,0,0.0,128.9538,M,0.0000,M,0.0000,0
$GPRMC,215540.00,A,3727.2806620,N,12217.1014160,W,29.0200,309.3334,040121,,,,
$GPGGA,215541.00,3727.2906340,N,12217.1166140,W,1,0,0.0,128.3278,M,0.0000,M,0.0000,0
$GPRMC,215541.00,A,3727.2906340,N,12217.1166140,W,29.0125,309.4780,040121,,,,
$GPGGA,215542.00,3727.3006480,N,12217.1317400,W,1,0,0.0,127.6688,M,0.0000,M,0.0000,0
$GPRMC,215542.00,A,3727.3006480,N,12217.1317400,W,28.9970,309.6445,040121,,,,
$GPGGA,215543.00,3727.3106560,N,12217.1468900,W,1,0,0.0,127.0228,M,0.0000,M,0.0000,0
$GPRMC,215543.00,A,3727.3106560,N,12217.1468900,W,29.0201,309.5246,040121,,,,
$GPGGA,215544.00,3727.3206580,N,12217.1620580,W,1,0,0.0,126.3528,M,0.0000,M,0.0000,0
$GPRMC,215544.00,A,3727.3206580,N,12217.1620580,W,29.0520,309.3356,040121,,,,
$GPGGA,215545.00,3727.3306240,N,12217.1773040,W,1,0,0.0,125.6908,M,0.0000,M,0.0000,0
$GPRMC,215545.00,A,3727.3306240,N,12217.1773040,W,29.0539,309.1960,040121,,,,
$GPGGA,215546.00,3727.3405720,N,12217.1924900,W,1,0,0.0,124.9628,M,0.0000,M,0.0000,0
$GPRMC,215546.00,A,3727.3405720,N,12217.1924900,W,28.9061,309.4946,040121,,,,
$GPGGA,215547.00,3727.3505560,N,12217.2074900,W,1,0,0.0,124.1958,M,0.0000,M,0.0000,0
$GPRMC,215547.00,A,3727.3505560,N,12217.2074900,W,28.7855,309.8569,040121,,,,
$GPGGA,215548.00,3727.3605580,N,12217.2224300,W,1,0,0.0,123.4968,M,0.0000,M,0.0000,0
$GPRMC,215548.00,A,3727.3605580,N,12217.2224300,W,28.7816,310.1035,040121,,,,
$GPGGA,215549.00,3727.3707940,N,12217.2371360,W,1,0,0.0,122.9769,M,0.0000,M,0.0000,0
$GPRMC,215549.00,A,3727.3707940,N,12217.2371360,W,28.7859,312.1262,040121,,,,
$GPGGA,215550.00,3727.3814860,N,12217.2513080,W,1,0,0.0,122.5679,M,0.0000,M,0.0000,0
$GPRMC,215550.00,A,3727.3814860,N,12217.2513080,W,28.7942,314.2324,040121,,,,
$GPGGA,215551.00,3727.3925440,N,12217.2650360,W,1,0,0.0,122.2820,M,0.0000,M,0.0000,0
$GPRMC,215551.00,A,3727.3925440,N,12217.2650360,W,28.7934,316.2022,040121,,,,
$GPGGA,215552.00,3727.4039740,N,12217.2782720,W,1,0,0.0,122.1150,M,0.0000,M,0.0000,0
$GPRMC,215552.00,A,3727.4039740,N,12217.2782720,W,28.7714,318.1550,040121,,,,
$GPGGA,215553.00,3727.4157340,N,12217.2909980,W,1,0,0.0,122.0570,M,0.0000,M,0.0000,0
$GPRMC,215553.00,A,3727.4157340,N,12217.2909980,W,28.7192,320.0119,040121,,,,
$GPGGA,215554.00,3727.4277880,N,12217.3032260,W,1,0,0.0,122.1080,M,0.0000,M,0.0000,0
$GPRMC,215554.00,A,3727.4277880,N,12217.3032260,W,28.6358,321.6855,040121,,,,
$GPGGA,215555.00,3727.4400460,N,12217.3150160,W,1,0,0.0,122.3061,M,0.0000,M,0.0000,0
$GPRMC,215555.00,A,3727.4400460,N,12217.3150160,W,28.5294,323.0930,040121,,,,
$GPGGA,215556.00,3727.4525200,N,12217.3263080,W,1,0,0.0,122.6191,M,0.0000,M,0.0000,0
$GPRMC,215556.00,A,3727.4525200,N,12217.3263080,W,28.4003,325.0936,040121,,,,
$GPGGA,215557.00,3727.4652760,N,12217.3369580,W,1,0,0.0,123.0621,M,0.0000,M,0.0000,0
$GPRMC,215557.00,A,3727.4652760,N,12217.3369580,W,28.3322,327.2868,040121,,,,
$GPGGA,215558.00,3727.4783020,N,12217.3470440,W,1,0,0.0,123.5611,M,0.0000,M,0.0000,0
$GPRMC,215558.00,A,3727.4783020,N,12217.3470440,W,28.3456,328.8929,040121,,,,
$GPGGA,215559.00,3727.4915560,N,12217.3566920,W,1,0,0.0,124.1391,M,0.0000,M,0.0000,0
$GPRMC,215559.00,A,3727.4915560,N,12217.3566920,W,28.3535,330.6931,040121,,,,
$GPGGA,215600.00,3727.5050620,N,12217.3657880,W,1,0,0.0,124.6911,M,0.0000,M,0.0000,0
$GPRMC,215600.00,A,3727.5050620,N,12217.3657880,W,28.3828,332.5750,040121,,,,
$GPGGA,215601.00,3727.5187900,N,12217.3743800,W,1,0,0.0,125.2971,M,0.0000,M,0.0000,0
$GPRMC,215601.00,A,3727.5187900,N,12217.3743800,W,28.3973,334.3807,040121,,,,
$GPGGA,215602.00,3727.5327220,N,12217.3823480,W,1,0,0.0,125.9121,M,0.0000,M,0.0000,0
$GPRMC,215602.00,A,3727.5327220,N,12217.3823480,W,28.2578,336.1797,040121,,,,
$GPGGA,215603.00,3727.5467860,N,12217.3897880,W,1,0,0.0,126.4812,M,0.0000,M,0.0000,0
$GPRMC,215603.00,A,3727.5467860,N,12217.3897880,W,28.2567,337.9651,040121,,,,
$GPGGA,215604.00,3727.5610480,N,12217.3966580,W,1,0,0.0,127.0521,M,0.0000,M,0.0000,0
$GPRMC,215604.00,A,3727.5610480,N,12217.3966580,W,28.2911,339.7661,040121,,,,
$GPGGA,215605.00,3727.5754960,N,12217.4030180,W,1,0,0.0,127.5562,M,0.0000,M,0.0000,0
$GPRMC,215605.00,A,3727.5754960,N,12217.4030180,W,28.3918,341.3451,040121,,,,
$GPGGA,215606.00,3727.5901300,N,12217.4089040,W,1,0,0.0,128.1571,M,0.0000,M,0.0000,0
$GPRMC,215606.00,A,3727.5901300,N,12217.4089040,W,28.5022,342.9404,040121,,,,
$GPGGA,215607.00,3727.6049620,N,12217.4142320,W,1,0,0.0,128.7651,M,0.0000,M,0.0000,0
$GPRMC,215607.00,A,3727.6049620,N,12217.4142320,W,28.5677,344.7977,040121,,,,
$GPGGA,215608.00,3727.6199680,N,12217.4188460,W,1,0,0.0,129.3841,M,0.0000,M,0.0000,0
$GPRMC,215608.00,A,3727.6199680,N,12217.4188460,W,28.6245,347.6891,040121,,,,
$GPGGA,215609.00,3727.6351420,N,12217.4226800,W,1,0,0.0,130.0101,M,0.0000,M,0.0000,0
$GPRMC,215609.00,A,3727.6351420,N,12217.4226800,W,28.6608,349.3960,040121,,,,
$GPGGA,215610.00,3727.6503580,N,12217.4259200,W,1,0,0.0,130.5781,M,0.0000,M,0.0000,0
$GPRMC,215610.00,A,3727.6503580,N,12217.4259200,W,28.4175,351.3521,040121,,,,
$GPGGA,215611.00,3727.6654960,N,12217.4284520,W,1,0,0.0,131.1361,M,0.0000,M,0.0000,0
$GPRMC,215611.00,A,3727.6654960,N,12217.4284520,W,28.0971,353.1745,040121,,,,
$GPGGA,215612.00,3727.6805380,N,12217.4303000,W,1,0,0.0,131.6771,M,0.0000,M,0.0000,0
$GPRMC,215612.00,A,3727.6805380,N,12217.4303000,W,27.9111,355.5890,040121,,,,
$GPGGA,215613.00,3727.6956280,N,12217.4312900,W,1,0,0.0,132.2422,M,0.0000,M,0.0000,0
$GPRMC,215613.00,A,3727.6956280,N,12217.4312900,W,27.9825,358.1104,040121,,,,
$GPGGA,215614.00,3727.7107300,N,12217.4317040,W,1,0,0.0,132.9552,M,0.0000,M,0.0000,0
$GPRMC,215614.00,A,3727.7107300,N,12217.4317040,W,27.8843,358.9396,040121,,,,
$GPGGA,215615.00,3727.7257660,N,12217.4320340,W,1,0,0.0,133.6882,M,0.0000,M,0.0000,0
$GPRMC,215615.00,A,3727.7257660,N,12217.4320340,W,27.7666,358.7130,040121,,,,
$GPGGA,215616.00,3727.7407540,N,12217.4324480,W,1,0,0.0,134.2641,M,0.0000,M,0.0000,0
$GPRMC,215616.00,A,3727.7407540,N,12217.4324480,W,27.6871,358.7350,040121,,,,
$GPGGA,215617.00,3727.7556940,N,12217.4328080,W,1,0,0.0,134.8091,M,0.0000,M,0.0000,0
$GPRMC,215617.00,A,3727.7556940,N,12217.4328080,W,27.6012,358.7925,040121,,,,
$GPGGA,215618.00,3727.7706040,N,12217.4331860,W,1,0,0.0,135.3531,M,0.0000,M,0.0000,0
$GPRMC,215618.00,A,3727.7706040,N,12217.4331860,W,27.5685,358.7259,040121,,,,
$GPGGA,215619.00,3727.7854900,N,12217.4335940,W,1,0,0.0,135.9192,M,0.0000,M,0.0000,0
$GPRMC,215619.00,A,3727.7854900,N,12217.4335940,W,27.5053,358.5854,040121,,,,
$GPGGA,215620.00,3727.8003100,N,12217.4340680,W,1,0,0.0,136.5422,M,0.0000,M,0.0000,0
$GPRMC,215620.00,A,3727.8003100,N,12217.4340680,W,27.3209,358.2534,040121,,,,
$GPGGA,215621.00,3727.8149380,N,12217.4346740,W,1,0,0.0,137.2882,M,0.0000,M,0.0000,0
$GPRMC,215621.00,A,3727.8149380,N,12217.4346740,W,26.7751,357.8698,040121,,,,
$GPGGA,215622.00,3727.8292420,N,12217.4353880,W,1,0,0.0,138.0672,M,0.0000,M,0.0000,0
$GPRMC,215622.00,A,3727.8292420,N,12217.4353880,W,26.2175,357.6262,040121,,,,
$GPGGA,215623.00,3727.8433120,N,12217.4361380,W,1,0,0.0,138.7351,M,0.0000,M,0.0000,0
$GPRMC,215623.00,A,3727.8433120,N,12217.4361380,W,25.9053,357.4155,040121,,,,
$GPGGA,215624.00,3727.8572440,N,12217.4370440,W,1,0,0.0,139.1361,M,0.0000,M,0.0000,0
$GPRMC,215624.00,A,3727.8572440,N,12217.4370440,W,25.7106,356.3824,040121,,,,
$GPGGA,215625.00,3727.8710980,N,12217.4383400,W,1,0,0.0,139.4861,M,0.0000,M,0.0000,0
$GPRMC,215625.00,A,3727.8710980,N,12217.4383400,W,25.6759,355.0272,040121,,,,
$GPGGA,215626.00,3727.8849160,N,12217.4400440,W,1,0,0.0,139.8271,M,0.0000,M,0.0000,0
$GPRMC,215626.00,A,3727.8849160,N,12217.4400440,W,25.6834,353.7470,040121,,,,
$GPGGA,215627.00,3727.8986800,N,12217.4421620,W,1,0,0.0,140.1301,M,0.0000,M,0.0000,0
$GPRMC,215627.00,A,3727.8986800,N,12217.4421620,W,25.5740,352.2766,040121,,,,
$GPGGA,215628.00,3727.9123060,N,12217.4446580,W,1,0,0.0,140.3991,M,0.0000,M,0.0000,0
$GPRMC,215628.00,A,3727.9123060,N,12217.4446580,W,25.3746,351.1339,040121,,,,
$GPGGA,215629.00,3727.9257820,N,12217.4474360,W,1,0,0.0,140.6481,M,0.0000,M,0.0000,0
$GPRMC,215629.00,A,3727.9257820,N,12217.4474360,W,25.0928,350.3005,040121,,,,
$GPGGA,215630.00,3727.9390360,N,12217.4503100,W,1,0,0.0,140.8311,M,0.0000,M,0.0000,0
$GPRMC,215630.00,A,3727.9390360,N,12217.4503100,W,24.6541,350.2143,040121,,,,
$GPGGA,215631.00,3727.9520440,N,12217.4530820,W,1,0,0.0,141.1351,M,0.0000,M,0.0000,0
$GPRMC,215631.00,A,3727.9520440,N,12217.4530820,W,24.1626,350.5979,040121,,,,
$GPGGA,215632.00,3727.9648000,N,12217.4556680,W,1,0,0.0,141.4031,M,0.0000,M,0.0000,0
$GPRMC,215632.00,A,3727.9648000,N,12217.4556680,W,23.6775,350.9233,040121,,,,
$GPGGA,215633.00,3727.9773100,N,12217.4581640,W,1,0,0.0,141.7001,M,0.0000,M,0.0000,0
$GPRMC,215633.00,A,3727.9773100,N,12217.4581640,W,23.1868,350.7918,040121,,,,
$GPGGA,215634.00,3727.9895380,N,12217.4607860,W,1,0,0.0,141.9761,M,0.0000,M,0.0000,0
$GPRMC,215634.00,A,3727.9895380,N,12217.4607860,W,22.6904,349.7054,040121,,,,
$GPGGA,215635.00,3728.0014540,N,12217.4637020,W,1,0,0.0,142.2791,M,0.0000,M,0.0000,0
$GPRMC,215635.00,A,3728.0014540,N,12217.4637020,W,22.2256,348.3283,040121,,,,
$GPGGA,215636.00,3728.0130880,N,12217.4669240,W,1,0,0.0,142.3850,M,0.0000,M,0.0000,0
$GPRMC,215636.00,A,3728.0130880,N,12217.4669240,W,21.8488,346.7484,040121,,,,
$GPGGA,215637.00,3728.0244700,N,12217.4704820,W,1,0,0.0,142.2579,M,0.0000,M,0.0000,0
$GPRMC,215637.00,A,3728.0244700,N,12217.4704820,W,21.5618,345.5680,040121,,,,
$GPGGA,215638.00,3728.0356840,N,12217.4742140,W,1,0,0.0,141.9659,M,0.0000,M,0.0000,0
$GPRMC,215638.00,A,3728.0356840,N,12217.4742140,W,21.3679,344.7803,040121,,,,
$GPGGA,215639.00,3728.0467780,N,12217.4780960,W,1,0,0.0,141.4199,M,0.0000,M,0.0000,0
$GPRMC,215639.00,A,3728.0467780,N,12217.4780960,W,21.2033,344.2079,040121,,,,
$GPGGA,215640.00,3728.0576320,N,12217.4820200,W,1,0,0.0,140.8809,M,0.0000,M,0.0000,0
$GPRMC,215640.00,A,3728.0576320,N,12217.4820200,W,20.4926,343.5178,040121,,,,
$GPGGA,215641.00,3728.0679700,N,12217.4861060,W,1,0,0.0,140.2278,M,0.0000,M,0.0000,0
$GPRMC,215641.00,A,3728.0679700,N,12217.4861060,W,19.5660,341.3203,040121,,,,
$GPGGA,215642.00,3728.0775940,N,12217.4904140,W,1,0,0.0,139.3868,M,0.0000,M,0.0000,0
$GPRMC,215642.00,A,3728.0775940,N,12217.4904140,W,18.1980,339.7803,040121,,,,
$GPGGA,215643.00,3728.0864020,N,12217.4944880,W,1,0,0.0,138.5158,M,0.0000,M,0.0000,0
$GPRMC,215643.00,A,3728.0864020,N,12217.4944880,W,16.5238,339.9104,040121,,,,
$GPGGA,215644.00,3728.0944180,N,12217.4980520,W,1,0,0.0,137.6538,M,0.0000,M,0.0000,0
$GPRMC,215644.00,A,3728.0944180,N,12217.4980520,W,14.9212,340.7674,040121,,,,
$GPGGA,215645.00,3728.1015580,N,12217.5010760,W,1,0,0.0,136.8658,M,0.0000,M,0.0000,0
$GPRMC,215645.00,A,3728.1015580,N,12217.5010760,W,12.8620,341.5696,040121,,,,
$GPGGA,215646.00,3728.1075700,N,12217.5035060,W,1,0,0.0,136.2989,M,0.0000,M,0.0000,0
$GPRMC,215646.00,A,3728.1075700,N,12217.5035060,W,10.4909,342.2863,040121,,,,
$GPGGA,215647.00,3728.1123580,N,12217.5054140,W,1,0,0.0,135.9539,M,0.0000,M,0.0000,0
$GPRMC,215647.00,A,3728.1123580,N,12217.5054140,W,8.0300,341.8754,040121,,,,
$GPGGA,215648.00,3728.1158080,N,12217.5069260,W,1,0,0.0,135.7790,M,0.0000,M,0.0000,0
$GPRMC,215648.00,A,3728.1158080,N,12217.5069260,W,5.5336,340.4025,040121,,,,
$GPGGA,215649.00,3728.1180400,N,12217.5080240,W,1,0,0.0,135.6870,M,0.0000,M,0.0000,0
$GPRMC,215649.00,A,3728.1180400,N,12217.5080240,W,3.5131,338.1685,040121,,,,
$GPGGA,215650.00,3728.1194080,N,12217.5088040,W,1,0,0.0,135.6520,M,0.0000,M,0.0000,0
$GPRMC,215650.00,A,3728.1194080,N,12217.5088040,W,2.0082,336.0677,040121,,,,
$GPGGA,215651.00,3728.1201460,N,12217.5092600,W,1,0,0.0,135.6190,M,0.0000,M,0.0000,0
$GPRMC,215651.00,A,3728.1201460,N,12217.5092600,W,1.2013,334.9117,040121,,,,
$GPGGA,215652.00,3728.1205780,N,12217.5095360,W,1,0,0.0,135.6010,M,0.0000,M,0.0000,0
$GPRMC,215652.00,A,3728.1205780,N,12217.5095360,W,0.5357,334.1905,040121,,,,
$GPGGA,215653.00,3728.1206560,N,12217.5095900,W,1,0,0.0,135.5910,M,0.0000,M,0.0000,0
$GPRMC,215653.00,A,3728.1206560,N,12217.5095900,W,0.0072,334.0707,040121,,,,
$GPGGA,215654.00,3728.1206560,N,12217.5095900,W,1,0,0.0,135.5880,M,0.0000,M,0.0000,0
$GPRMC,215654.00,A,3728.1206560,N,12217.5095900,W,0.0030,334.0676,040121,,,,
$GPGGA,215655.00,3728.1206560,N,12217.5095900,W,1,0,0.0,135.5870,M,0.0000,M,0.0000,0
$GPRMC,215655.00,A,3728.1206560,N,12217.5095900,W,0.0014,334.0647,040121,,,,
$GPGGA,215656.00,3728.1206560,N,12217.5095900,W,1,0,0.0,135.5870,M,0.0000,M,0.0000,0
$GPRMC,215656.00,A,3728.1206560,N,12217.5095900,W,0.0010,334.0647,040121,,,,
$GPGGA,215657.00,3728.1206560,N,12217.5095840,W,1,0,0.0,135.5870,M,0.0000,M,0.0000,0
$GPRMC,215657.00,A,3728.1206560,N,12217.5095840,W,0.0000,334.0644,040121,,,,
$GPGGA,215658.00,3728.1206560,N,12217.5095840,W,1,0,0.0,135.5880,M,0.0000,M,0.0000,0
$GPRMC,215658.00,A,3728.1206560,N,12217.5095840,W,0.0010,334.0639,040121,,,,
$GPGGA,215659.00,3728.1206560,N,12217.5095840,W,1,0,0.0,135.5880,M,0.0000,M,0.0000,0
$GPRMC,215659.00,A,3728.1206560,N,12217.5095840,W,0.0010,334.0648,040121,,,,
$GPGGA,215700.00,3728.1206560,N,12217.5095840,W,1,0,0.0,135.5870,M,0.0000,M,0.0000,0
$GPRMC,215700.00,A,3728.1206560,N,12217.5095840,W,0.0010,334.0650,040121,,,,
$GPGGA,215701.00,3728.1206560,N,12217.5095840,W,1,0,0.0,135.5870,M,0.0000,M,0.0000,0
$GPRMC,215701.00,A,3728.1206560,N,12217.5095840,W,0.0010,334.0648,040121,,,,
$GPGGA,215702.00,3728.1206620,N,12217.5095840,W,1,0,0.0,135.5850,M,0.0000,M,0.0000,0
$GPRMC,215702.00,A,3728.1206620,N,12217.5095840,W,0.0010,334.0644,040121,,,,
$GPGGA,215703.00,3728.1206620,N,12217.5095840,W,1,0,0.0,135.5850,M,0.0000,M,0.0000,0
$GPRMC,215703.00,A,3728.1206620,N,12217.5095840,W,0.0010,334.0649,040121,,,,
$GPGGA,215704.00,3728.1206620,N,12217.5095840,W,1,0,0.0,135.5840,M,0.0000,M,0.0000,0
$GPRMC,215704.00,A,3728.1206620,N,12217.5095840,W,0.0010,334.0652,040121,,,,
$GPGGA,215705.00,3728.1206620,N,12217.5095840,W,1,0,0.0,135.5830,M,0.0000,M,0.0000,0
$GPRMC,215705.00,A,3728.1206620,N,12217.5095840,W,0.0010,334.0654,040121,,,,
$GPGGA,215706.00,3728.1206620,N,12217.5095840,W,1,0,0.0,135.5820,M,0.0000,M,0.0000,0
$GPRMC,215706.00,A,3728.1206620,N,12217.5095840,W,0.0010,334.0650,040121,,,,
$GPGGA,215707.00,3728.1206620,N,12217.5095840,W,1,0,0.0,135.5820,M,0.0000,M,0.0000,0
$GPRMC,215707.00,A,3728.1206620,N,12217.5095840,W,0.0014,334.0651,040121,,,,
$GPGGA,215708.00,3728.1206620,N,12217.5095840,W,1,0,0.0,135.5810,M,0.0000,M,0.0000,0
$GPRMC,215708.00,A,3728.1206620,N,12217.5095840,W,0.0010,334.0655,040121,,,,
$GPGGA,215709.00,3728.1206980,N,12217.5096080,W,1,0,0.0,135.5730,M,0.0000,M,0.0000,0
$GPRMC,215709.00,A,3728.1206980,N,12217.5096080,W,0.3554,333.9948,040121,,,,
$GPGGA,215710.00,3728.1211300,N,12217.5098960,W,1,0,0.0,135.5600,M,0.0000,M,0.0000,0
$GPRMC,215710.00,A,3728.1211300,N,12217.5098960,W,1.4631,333.2097,040121,,,,
$GPGGA,215711.00,3728.1221140,N,12217.5106100,W,1,0,0.0,135.5350,M,0.0000,M,0.0000,0
$GPRMC,215711.00,A,3728.1221140,N,12217.5106100,W,2.8620,331.0916,040121,,,,
$GPGGA,215712.00,3728.1237880,N,12217.5120140,W,1,0,0.0,135.5390,M,0.0000,M,0.0000,0
$GPRMC,215712.00,A,3728.1237880,N,12217.5120140,W,4.4745,325.9984,040121,,,,
$GPGGA,215713.00,3728.1258040,N,12217.5143660,W,1,0,0.0,135.6161,M,0.0000,M,0.0000,0
$GPRMC,215713.00,A,3728.1258040,N,12217.5143660,W,5.6113,315.1789,040121,,,,
$GPGGA,215714.00,3728.1273760,N,12217.5179240,W,1,0,0.0,135.8270,M,0.0000,M,0.0000,0
$GPRMC,215714.00,A,3728.1273760,N,12217.5179240,W,6.1670,294.2220,040121,,,,
$GPGGA,215715.00,3728.1276520,N,12217.5223400,W,1,0,0.0,135.9680,M,0.0000,M,0.0000,0
$GPRMC,215715.00,A,3728.1276520,N,12217.5223400,W,6.7336,269.0197,040121,,,,
$GPGGA,215716.00,3728.1264580,N,12217.5271160,W,1,0,0.0,135.9900,M,0.0000,M,0.0000,0
$GPRMC,215716.00,A,3728.1264580,N,12217.5271160,W,7.8667,247.9127,040121,,,,
$GPGGA,215717.00,3728.1238960,N,12217.5318320,W,1,0,0.0,136.0210,M,0.0000,M,0.0000,0
$GPRMC,215717.00,A,3728.1238960,N,12217.5318320,W,8.8899,232.1382,040121,,,,
$GPGGA,215718.00,3728.1203980,N,12217.5365780,W,1,0,0.0,136.0400,M,0.0000,M,0.0000,0
$GPRMC,215718.00,A,3728.1203980,N,12217.5365780,W,10.1537,225.8052,040121,,,,
$GPGGA,215719.00,3728.1162160,N,12217.5417080,W,1,0,0.0,136.0290,M,0.0000,M,0.0000,0
$GPRMC,215719.00,A,3728.1162160,N,12217.5417080,W,11.2622,224.0922,040121,,,,
$GPGGA,215720.00,3728.1118300,N,12217.5470480,W,1,0,0.0,135.9410,M,0.0000,M,0.0000,0
$GPRMC,215720.00,A,3728.1118300,N,12217.5470480,W,11.2909,223.9968,040121,,,,
$GPGGA,215721.00,3728.1074980,N,12217.5523760,W,1,0,0.0,135.7639,M,0.0000,M,0.0000,0
$GPRMC,215721.00,A,3728.1074980,N,12217.5523760,W,11.1600,224.5078,040121,,,,
$GPGGA,215722.00,3728.1033400,N,12217.5578000,W,1,0,0.0,135.5129,M,0.0000,M,0.0000,0
$GPRMC,215722.00,A,3728.1033400,N,12217.5578000,W,11.0562,227.3845,040121,,,,
$GPGGA,215723.00,3728.0994760,N,12217.5635060,W,1,0,0.0,135.1699,M,0.0000,M,0.0000,0
$GPRMC,215723.00,A,3728.0994760,N,12217.5635060,W,11.0506,230.2245,040121,,,,
$GPGGA,215724.00,3728.0956480,N,12217.5692960,W,1,0,0.0,134.7829,M,0.0000,M,0.0000,0
$GPRMC,215724.00,A,3728.0956480,N,12217.5692960,W,11.1051,229.9200,040121,,,,
$GPGGA,215725.00,3728.0915740,N,12217.5748940,W,1,0,0.0,134.3109,M,0.0000,M,0.0000,0
$GPRMC,215725.00,A,3728.0915740,N,12217.5748940,W,11.2358,226.1709,040121,,,,
$GPGGA,215726.00,3728.0871940,N,12217.5802700,W,1,0,0.0,133.7789,M,0.0000,M,0.0000,0
$GPRMC,215726.00,A,3728.0871940,N,12217.5802700,W,11.3537,223.4983,040121,,,,
$GPGGA,215727.00,3728.0829880,N,12217.5854300,W,1,0,0.0,133.1548,M,0.0000,M,0.0000,0
$GPRMC,215727.00,A,3728.0829880,N,12217.5854300,W,10.2853,225.6378,040121,,,,
$GPGGA,215728.00,3728.0797540,N,12217.5905540,W,1,0,0.0,132.5359,M,0.0000,M,0.0000,0
$GPRMC,215728.00,A,3728.0797540,N,12217.5905540,W,9.1662,235.3157,040121,,,,
$GPGGA,215729.00,3728.0777800,N,12217.5960260,W,1,0,0.0,131.8528,M,0.0000,M,0.0000,0
$GPRMC,215729.00,A,3728.0777800,N,12217.5960260,W,8.9839,250.2342,040121,,,,
$GPGGA,215730.00,3728.0775580,N,12217.6021220,W,1,0,0.0,131.0159,M,0.0000,M,0.0000,0
$GPRMC,215730.00,A,3728.0775580,N,12217.6021220,W,9.3538,275.8967,040121,,,,
$GPGGA,215731.00,3728.0796400,N,12217.6077680,W,1,0,0.0,130.6840,M,0.0000,M,0.0000,0
$GPRMC,215731.00,A,3728.0796400,N,12217.6077680,W,9.4298,302.6960,040121,,,,
$GPGGA,215732.00,3728.0832400,N,12217.6127240,W,1,0,0.0,130.6650,M,0.0000,M,0.0000,0
$GPRMC,215732.00,A,3728.0832400,N,12217.6127240,W,10.7157,314.2202,040121,,,,
$GPGGA,215733.00,3728.0877520,N,12217.6180700,W,1,0,0.0,130.7430,M,0.0000,M,0.0000,0
$GPRMC,215733.00,A,3728.0877520,N,12217.6180700,W,12.2468,317.3859,040121,,,,
$GPGGA,215734.00,3728.0929660,N,12217.6239680,W,1,0,0.0,130.8500,M,0.0000,M,0.0000,0
$GPRMC,215734.00,A,3728.0929660,N,12217.6239680,W,13.7180,317.9814,040121,,,,
$GPGGA,215735.00,3728.0987860,N,12217.6304060,W,1,0,0.0,131.1221,M,0.0000,M,0.0000,0
$GPRMC,215735.00,A,3728.0987860,N,12217.6304060,W,14.8112,318.5626,040121,,,,
$GPGGA,215736.00,3728.1048820,N,12217.6370300,W,1,0,0.0,131.5941,M,0.0000,M,0.0000,0
$GPRMC,215736.00,A,3728.1048820,N,12217.6370300,W,14.9488,319.1977,040121,,,,
$GPGGA,215737.00,3728.1110380,N,12217.6434980,W,1,0,0.0,132.1901,M,0.0000,M,0.0000,0
$GPRMC,215737.00,A,3728.1110380,N,12217.6434980,W,14.6520,320.2825,040121,,,,
$GPGGA,215738.00,3728.1171100,N,12217.6495100,W,1,0,0.0,132.8432,M,0.0000,M,0.0000,0
$GPRMC,215738.00,A,3728.1171100,N,12217.6495100,W,13.9434,322.5445,040121,,,,
$GPGGA,215739.00,3728.1232420,N,12217.6543820,W,1,0,0.0,133.6122,M,0.0000,M,0.0000,0
$GPRMC,215739.00,A,3728.1232420,N,12217.6543820,W,13.0312,332.3266,040121,,,,
$GPGGA,215740.00,3728.1296380,N,12217.6569740,W,1,0,0.0,134.4532,M,0.0000,M,0.0000,0
$GPRMC,215740.00,A,3728.1296380,N,12217.6569740,W,12.0367,348.2285,040121,,,,
$GPGGA,215741.00,3728.1358360,N,12217.6572140,W,1,0,0.0,135.3002,M,0.0000,M,0.0000,0
$GPRMC,215741.00,A,3728.1358360,N,12217.6572140,W,11.2209,3.5739,040121,,,,
$GPGGA,215742.00,3728.1416800,N,12217.6555700,W,1,0,0.0,136.0612,M,0.0000,M,0.0000,0
$GPRMC,215742.00,A,3728.1416800,N,12217.6555700,W,11.1810,17.5623,040121,,,,
$GPGGA,215743.00,3728.1470200,N,12217.6521560,W,1,0,0.0,136.7832,M,0.0000,M,0.0000,0
$GPRMC,215743.00,A,3728.1470200,N,12217.6521560,W,11.1902,31.7328,040121,,,,
$GPGGA,215744.00,3728.1515680,N,12217.6471940,W,1,0,0.0,137.4732,M,0.0000,M,0.0000,0
$GPRMC,215744.00,A,3728.1515680,N,12217.6471940,W,11.2862,45.9205,040121,,,,
$GPGGA,215745.00,3728.1550480,N,12217.6408940,W,1,0,0.0,138.1362,M,0.0000,M,0.0000,0
$GPRMC,215745.00,A,3728.1550480,N,12217.6408940,W,11.5026,60.3615,040121,,,,
$GPGGA,215746.00,3728.1571960,N,12217.6335680,W,1,0,0.0,138.8132,M,0.0000,M,0.0000,0
$GPRMC,215746.00,A,3728.1571960,N,12217.6335680,W,11.7487,74.3359,040121,,,,
$GPGGA,215747.00,3728.1579100,N,12217.6256300,W,1,0,0.0,139.5002,M,0.0000,M,0.0000,0
$GPRMC,215747.00,A,3728.1579100,N,12217.6256300,W,11.9794,88.8293,040121,,,,
$GPGGA,215748.00,3728.1570220,N,12217.6175660,W,1,0,0.0,140.2372,M,0.0000,M,0.0000,0
$GPRMC,215748.00,A,3728.1570220,N,12217.6175660,W,12.2610,103.2279,040121,,,,
$GPGGA,215749.00,3728.1543940,N,12217.6098560,W,1,0,0.0,140.9172,M,0.0000,M,0.0000,0
$GPRMC,215749.00,A,3728.1543940,N,12217.6098560,W,12.7306,118.9367,040121,,,,
$GPGGA,215750.00,3728.1500380,N,12217.6029440,W,1,0,0.0,141.5211,M,0.0000,M,0.0000,0
$GPRMC,215750.00,A,3728.1500380,N,12217.6029440,W,13.5732,133.2703,040121,,,,
$GPGGA,215751.00,3728.1444580,N,12217.5964100,W,1,0,0.0,141.9921,M,0.0000,M,0.0000,0
$GPRMC,215751.00,A,3728.1444580,N,12217.5964100,W,14.7335,138.2101,040121,,,,
$GPGGA,215752.00,3728.1381760,N,12217.5896240,W,1,0,0.0,142.4391,M,0.0000,M,0.0000,0
$GPRMC,215752.00,A,3728.1381760,N,12217.5896240,W,15.9852,139.7318,040121,,,,
$GPGGA,215753.00,3728.1312460,N,12217.5824000,W,1,0,0.0,142.8501,M,0.0000,M,0.0000,0
$GPRMC,215753.00,A,3728.1312460,N,12217.5824000,W,17.3347,140.4841,040121,,,,
$GPGGA,215754.00,3728.1236320,N,12217.5748100,W,1,0,0.0,143.1310,M,0.0000,M,0.0000,0
$GPRMC,215754.00,A,3728.1236320,N,12217.5748100,W,18.6934,142.4592,040121,,,,
$GPGGA,215755.00,3728.1151780,N,12217.5670100,W,1,0,0.0,143.0470,M,0.0000,M,0.0000,0
$GPRMC,215755.00,A,3728.1151780,N,12217.5670100,W,20.1407,144.5314,040121,,,,
$GPGGA,215756.00,3728.1058600,N,12217.5590540,W,1,0,0.0,142.9030,M,0.0000,M,0.0000,0
$GPRMC,215756.00,A,3728.1058600,N,12217.5590540,W,21.5341,146.6416,040121,,,,
$GPGGA,215757.00,3728.0957500,N,12217.5511940,W,1,0,0.0,142.7339,M,0.0000,M,0.0000,0
$GPRMC,215757.00,A,3728.0957500,N,12217.5511940,W,22.5530,149.5729,040121,,,,
$GPGGA,215758.00,3728.0848360,N,12217.5436340,W,1,0,0.0,142.5270,M,0.0000,M,0.0000,0
$GPRMC,215758.00,A,3728.0848360,N,12217.5436340,W,23.6356,152.1619,040121,,,,
$GPGGA,215759.00,3728.0731360,N,12217.5362540,W,1,0,0.0,142.2800,M,0.0000,M,0.0000,0
$GPRMC,215759.00,A,3728.0731360,N,12217.5362540,W,24.8202,154.0584,040121,,,,
$GPGGA,215800.00,3728.0607280,N,12217.5289460,W,1,0,0.0,142.0889,M,0.0000,M,0.0000,0
$GPRMC,215800.00,A,3728.0607280,N,12217.5289460,W,25.8643,155.5104,040121,,,,
$GPGGA,215801.00,3728.0477260,N,12217.5217940,W,1,0,0.0,141.8659,M,0.0000,M,0.0000,0
$GPRMC,215801.00,A,3728.0477260,N,12217.5217940,W,26.5753,157.1707,040121,,,,
$GPGGA,215802.00,3728.0342560,N,12217.5150560,W,1,0,0.0,141.5399,M,0.0000,M,0.0000,0
$GPRMC,215802.00,A,3728.0342560,N,12217.5150560,W,27.0738,159.0929,040121,,,,
$GPGGA,215803.00,3728.0204260,N,12217.5087140,W,1,0,0.0,141.3140,M,0.0000,M,0.0000,0
$GPRMC,215803.00,A,3728.0204260,N,12217.5087140,W,27.4004,160.3335,040121,,,,
$GPGGA,215804.00,3728.0063860,N,12217.5025640,W,1,0,0.0,141.0629,M,0.0000,M,0.0000,0
$GPRMC,215804.00,A,3728.0063860,N,12217.5025640,W,27.6027,160.9622,040121,,,,
$GPGGA,215805.00,3727.9922080,N,12217.4966000,W,1,0,0.0,140.7859,M,0.0000,M,0.0000,0
$GPRMC,215805.00,A,3727.9922080,N,12217.4966000,W,27.7109,161.8082,040121,,,,
$GPGGA,215806.00,3727.9779040,N,12217.4909480,W,1,0,0.0,140.5059,M,0.0000,M,0.0000,0
$GPRMC,215806.00,A,3727.9779040,N,12217.4909480,W,27.8045,163.2225,040121,,,,
$GPGGA,215807.00,3727.9634200,N,12217.4858300,W,1,0,0.0,140.2189,M,0.0000,M,0.0000,0
$GPRMC,215807.00,A,3727.9634200,N,12217.4858300,W,27.8726,165.1181,040121,,,,
$GPGGA,215808.00,3727.9487980,N,12217.4812460,W,1,0,0.0,139.9749,M,0.0000,M,0.0000,0
$GPRMC,215808.00,A,3727.9487980,N,12217.4812460,W,27.9074,166.8720,040121,,,,
$GPGGA,215809.00,3727.9340380,N,12217.4773040,W,1,0,0.0,139.6909,M,0.0000,M,0.0000,0
$GPRMC,215809.00,A,3727.9340380,N,12217.4773040,W,27.9380,168.9915,040121,,,,
$GPGGA,215810.00,3727.9191580,N,12217.4739800,W,1,0,0.0,139.4169,M,0.0000,M,0.0000,0
$GPRMC,215810.00,A,3727.9191580,N,12217.4739800,W,28.0515,170.6456,040121,,,,
$GPGGA,215811.00,3727.9041160,N,12217.4710460,W,1,0,0.0,139.0700,M,0.0000,M,0.0000,0
$GPRMC,215811.00,A,3727.9041160,N,12217.4710460,W,28.2653,171.4689,040121,,,,
$GPGGA,215812.00,3727.8889360,N,12217.4683940,W,1,0,0.0,138.8109,M,0.0000,M,0.0000,0
$GPRMC,215812.00,A,3727.8889360,N,12217.4683940,W,28.4114,172.8148,040121,,,,
$GPGGA,215813.00,3727.8736420,N,12217.4663300,W,1,0,0.0,138.4549,M,0.0000,M,0.0000,0
$GPRMC,215813.00,A,3727.8736420,N,12217.4663300,W,28.5188,174.5217,040121,,,,
$GPGGA,215814.00,3727.8582640,N,12217.4647700,W,1,0,0.0,138.0739,M,0.0000,M,0.0000,0
$GPRMC,215814.00,A,3727.8582640,N,12217.4647700,W,28.6057,176.0536,040121,,,,
$GPGGA,215815.00,3727.8428020,N,12217.4636480,W,1,0,0.0,137.6809,M,0.0000,M,0.0000,0
$GPRMC,215815.00,A,3727.8428020,N,12217.4636480,W,28.6722,177.0552,040121,,,,
$GPGGA,215816.00,3727.8273100,N,12217.4628260,W,1,0,0.0,137.3499,M,0.0000,M,0.0000,0
$GPRMC,215816.00,A,3727.8273100,N,12217.4628260,W,28.6997,178.0125,040121,,,,
$GPGGA,215817.00,3727.8117880,N,12217.4622140,W,1,0,0.0,136.9459,M,0.0000,M,0.0000,0
$GPRMC,215817.00,A,3727.8117880,N,12217.4622140,W,28.7747,178.2416,040121,,,,
$GPGGA,215818.00,3727.7962240,N,12217.4616440,W,1,0,0.0,136.4419,M,0.0000,M,0.0000,0
$GPRMC,215818.00,A,3727.7962240,N,12217.4616440,W,28.8312,178.2701,040121,,,,
$GPGGA,215819.00,3727.7806360,N,12217.4610500,W,1,0,0.0,135.9259,M,0.0000,M,0.0000,0
$GPRMC,215819.00,A,3727.7806360,N,12217.4610500,W,28.8319,178.2011,040121,,,,
$GPGGA,215820.00,3727.7650780,N,12217.4604980,W,1,0,0.0,135.3659,M,0.0000,M,0.0000,0
$GPRMC,215820.00,A,3727.7650780,N,12217.4604980,W,28.7486,178.4742,040121,,,,
$GPGGA,215821.00,3727.7495860,N,12217.4600540,W,1,0,0.0,134.9109,M,0.0000,M,0.0000,0
$GPRMC,215821.00,A,3727.7495860,N,12217.4600540,W,28.5714,178.7681,040121,,,,
$GPGGA,215822.00,3727.7341900,N,12217.4596160,W,1,0,0.0,134.6059,M,0.0000,M,0.0000,0
$GPRMC,215822.00,A,3727.7341900,N,12217.4596160,W,28.3955,178.5788,040121,,,,
$GPGGA,215823.00,3727.7188960,N,12217.4590580,W,1,0,0.0,134.3610,M,0.0000,M,0.0000,0
$GPRMC,215823.00,A,3727.7188960,N,12217.4590580,W,28.2116,178.0471,040121,,,,
$GPGGA,215824.00,3727.7036980,N,12217.4582960,W,1,0,0.0,134.0939,M,0.0000,M,0.0000,0
$GPRMC,215824.00,A,3727.7036980,N,12217.4582960,W,28.0496,177.3964,040121,,,,
$GPGGA,215825.00,3727.6885960,N,12217.4571560,W,1,0,0.0,133.6669,M,0.0000,M,0.0000,0
$GPRMC,215825.00,A,3727.6885960,N,12217.4571560,W,27.9367,175.6549,040121,,,,
$GPGGA,215826.00,3727.6735600,N,12217.4554160,W,1,0,0.0,133.1229,M,0.0000,M,0.0000,0
$GPRMC,215826.00,A,3727.6735600,N,12217.4554160,W,27.8942,173.8449,040121,,,,
$GPGGA,215827.00,3727.6585960,N,12217.4531060,W,1,0,0.0,132.5459,M,0.0000,M,0.0000,0
$GPRMC,215827.00,A,3727.6585960,N,12217.4531060,W,27.8804,172.1037,040121,,,,
$GPGGA,215828.00,3727.6436740,N,12217.4502200,W,1,0,0.0,131.9529,M,0.0000,M,0.0000,0
$GPRMC,215828.00,A,3727.6436740,N,12217.4502200,W,27.9885,170.3818,040121,,,,
$GPGGA,215829.00,3727.6287460,N,12217.4467940,W,1,0,0.0,131.3799,M,0.0000,M,0.0000,0
$GPRMC,215829.00,A,3727.6287460,N,12217.4467940,W,28.1289,168.8680,040121,,,,
$GPGGA,215830.00,3727.6138300,N,12217.4427740,W,1,0,0.0,130.8219,M,0.0000,M,0.0000,0
$GPRMC,215830.00,A,3727.6138300,N,12217.4427740,W,28.2957,166.9163,040121,,,,
$GPGGA,215831.00,3727.5989320,N,12217.4381300,W,1,0,0.0,130.2958,M,0.0000,M,0.0000,0
$GPRMC,215831.00,A,3727.5989320,N,12217.4381300,W,28.4863,165.1124,040121,,,,
$GPGGA,215832.00,3727.5840520,N,12217.4328740,W,1,0,0.0,129.6639,M,0.0000,M,0.0000,0
$GPRMC,215832.00,A,3727.5840520,N,12217.4328740,W,28.6964,163.4065,040121,,,,
$GPGGA,215833.00,3727.5692020,N,12217.4270060,W,1,0,0.0,129.1038,M,0.0000,M,0.0000,0
$GPRMC,215833.00,A,3727.5692020,N,12217.4270060,W,28.8916,161.7540,040121,,,,
$GPGGA,215834.00,3727.5543940,N,12217.4205560,W,1,0,0.0,128.5499,M,0.0000,M,0.0000,0
$GPRMC,215834.00,A,3727.5543940,N,12217.4205560,W,29.0801,159.9344,040121,,,,
$GPGGA,215835.00,3727.5396940,N,12217.4134400,W,1,0,0.0,128.0139,M,0.0000,M,0.0000,0
$GPRMC,215835.00,A,3727.5396940,N,12217.4134400,W,29.1924,157.8972,040121,,,,
$GPGGA,215836.00,3727.5251140,N,12217.4057420,W,1,0,0.0,127.4339,M,0.0000,M,0.0000,0
$GPRMC,215836.00,A,3727.5251140,N,12217.4057420,W,29.3120,156.4367,040121,,,,
$GPGGA,215837.00,3727.5106540,N,12217.3975160,W,1,0,0.0,126.8128,M,0.0000,M,0.0000,0
$GPRMC,215837.00,A,3727.5106540,N,12217.3975160,W,29.4010,154.6213,040121,,,,
$GPGGA,215838.00,3727.4963920,N,12217.3886600,W,1,0,0.0,126.2019,M,0.0000,M,0.0000,0
$GPRMC,215838.00,A,3727.4963920,N,12217.3886600,W,29.4588,152.8704,040121,,,,
$GPGGA,215839.00,3727.4823220,N,12217.3792760,W,1,0,0.0,125.6159,M,0.0000,M,0.0000,0
$GPRMC,215839.00,A,3727.4823220,N,12217.3792760,W,29.4977,151.1136,040121,,,,
$GPGGA,215840.00,3727.4684740,N,12217.3693220,W,1,0,0.0,125.0619,M,0.0000,M,0.0000,0
$GPRMC,215840.00,A,3727.4684740,N,12217.3693220,W,29.5365,149.3013,040121,,,,
$GPGGA,215841.00,3727.4548600,N,12217.3588160,W,1,0,0.0,124.5709,M,0.0000,M,0.0000,0
$GPRMC,215841.00,A,3727.4548600,N,12217.3588160,W,29.5623,147.4929,040121,,,,
$GPGGA,215842.00,3727.4415280,N,12217.3477400,W,1,0,0.0,124.1349,M,0.0000,M,0.0000,0
$GPRMC,215842.00,A,3727.4415280,N,12217.3477400,W,29.5726,145.3610,040121,,,,
$GPGGA,215843.00,3727.4285440,N,12217.3360520,W,1,0,0.0,123.8729,M,0.0000,M,0.0000,0
$GPRMC,215843.00,A,3727.4285440,N,12217.3360520,W,29.5215,143.3233,040121,,,,
$GPGGA,215844.00,3727.4158840,N,12217.3238720,W,1,0,0.0,123.6560,M,0.0000,M,0.0000,0
$GPRMC,215844.00,A,3727.4158840,N,12217.3238720,W,29.4825,141.6874,040121,,,,
$GPGGA,215845.00,3727.4035360,N,12217.3112780,W,1,0,0.0,123.5450,M,0.0000,M,0.0000,0
$GPRMC,215845.00,A,3727.4035360,N,12217.3112780,W,29.3821,140.0004,040121,,,,
$GPGGA,215846.00,3727.3915840,N,12217.2981980,W,1,0,0.0,123.5240,M,0.0000,M,0.0000,0
$GPRMC,215846.00,A,3727.3915840,N,12217.2981980,W,29.2605,138.1429,040121,,,,
$GPGGA,215847.00,3727.3800040,N,12217.2847700,W,1,0,0.0,123.6741,M,0.0000,M,0.0000,0
$GPRMC,215847.00,A,3727.3800040,N,12217.2847700,W,29.0529,136.2925,040121,,,,
$GPGGA,215848.00,3727.3688440,N,12217.2709820,W,1,0,0.0,123.9171,M,0.0000,M,0.0000,0
$GPRMC,215848.00,A,3727.3688440,N,12217.2709820,W,28.8680,134.6456,040121,,,,
$GPGGA,215849.00,3727.3580380,N,12217.2569600,W,1,0,0.0,124.2641,M,0.0000,M,0.0000,0
$GPRMC,215849.00,A,3727.3580380,N,12217.2569600,W,28.6695,133.2543,040121,,,,
$GPGGA,215850.00,3727.3476580,N,12217.2426080,W,1,0,0.0,124.6931,M,0.0000,M,0.0000,0
$GPRMC,215850.00,A,3727.3476580,N,12217.2426080,W,28.4540,131.1436,040121,,,,
$GPGGA,215851.00,3727.3377400,N,12217.2279260,W,1,0,0.0,125.0671,M,0.0000,M,0.0000,0
$GPRMC,215851.00,A,3727.3377400,N,12217.2279260,W,28.3284,129.6364,040121,,,,
$GPGGA,215852.00,3727.3280200,N,12217.2130700,W,1,0,0.0,125.2891,M,0.0000,M,0.0000,0
$GPRMC,215852.00,A,3727.3280200,N,12217.2130700,W,28.3599,129.2510,040121,,,,
$GPGGA,215853.00,3727.3182640,N,12217.1982020,W,1,0,0.0,125.6031,M,0.0000,M,0.0000,0
$GPRMC,215853.00,A,3727.3182640,N,12217.1982020,W,28.4349,129.4676,040121,,,,
$GPGGA,215854.00,3727.3084600,N,12217.1833340,W,1,0,0.0,126.0721,M,0.0000,M,0.0000,0
$GPRMC,215854.00,A,3727.3084600,N,12217.1833340,W,28.4619,129.5491,040121,,,,
$GPGGA,215855.00,3727.2986800,N,12217.1684540,W,1,0,0.0,126.6972,M,0.0000,M,0.0000,0
$GPRMC,215855.00,A,3727.2986800,N,12217.1684540,W,28.4308,129.3735,040121,,,,
$GPGGA,215856.00,3727.2889240,N,12217.1535680,W,1,0,0.0,127.3172,M,0.0000,M,0.0000,0
$GPRMC,215856.00,A,3727.2889240,N,12217.1535680,W,28.3834,129.3982,040121,,,,
$GPGGA,215857.00,3727.2791740,N,12217.1387300,W,1,0,0.0,127.9511,M,0.0000,M,0.0000,0
$GPRMC,215857.00,A,3727.2791740,N,12217.1387300,W,28.3253,129.3746,040121,,,,
$GPGGA,215858.00,3727.2694540,N,12217.1239040,W,1,0,0.0,128.5532,M,0.0000,M,0.0000,0
$GPRMC,215858.00,A,3727.2694540,N,12217.1239040,W,28.2772,129.3125,040121,,,,
$GPGGA,215859.00,3727.2597700,N,12217.1090900,W,1,0,0.0,129.1691,M,0.0000,M,0.0000,0
$GPRMC,215859.00,A,3727.2597700,N,12217.1090900,W,28.2345,129.4139,040121,,,,
$GPGGA,215900.00,3727.2500500,N,12217.0943660,W,1,0,0.0,129.8191,M,0.0000,M,0.0000,0
$GPRMC,215900.00,A,3727.2500500,N,12217.0943660,W,28.1522,129.6229,040121,,,,
$GPGGA,215901.00,3727.2403540,N,12217.0796780,W,1,0,0.0,130.4011,M,0.0000,M,0.0000,0
$GPRMC,215901.00,A,3727.2403540,N,12217.0796780,W,28.0735,129.4952,040121,,,,
$GPGGA,215902.00,3727.2307000,N,12217.0650200,W,1,0,0.0,130.9961,M,0.0000,M,0.0000,0
$GPRMC,215902.00,A,3727.2307000,N,12217.0650200,W,28.0143,129.5222,040121,,,,
$GPGGA,215903.00,3727.2210700,N,12217.0503860,W,1,0,0.0,131.6201,M,0.0000,M,0.0000,0
$GPRMC,215903.00,A,3727.2210700,N,12217.0503860,W,27.9605,129.4063,040121,,,,
$GPGGA,215904.00,3727.2114700,N,12217.0357640,W,1,0,0.0,132.2491,M,0.0000,M,0.0000,0
$GPRMC,215904.00,A,3727.2114700,N,12217.0357640,W,27.9054,129.3354,040121,,,,
$GPGGA,215905.00,3727.2019120,N,12217.0211420,W,1,0,0.0,132.9072,M,0.0000,M,0.0000,0
$GPRMC,215905.00,A,3727.2019120,N,12217.0211420,W,27.8520,129.2524,040121,,,,
$GPGGA,215906.00,3727.1923780,N,12217.0065560,W,1,0,0.0,133.4731,M,0.0000,M,0.0000,0
$GPRMC,215906.00,A,3727.1923780,N,12217.0065560,W,27.8079,129.3170,040121,,,,
$GPGGA,215907.00,3727.1828500,N,12216.9920000,W,1,0,0.0,134.0511,M,0.0000,M,0.0000,0
$GPRMC,215907.00,A,3727.1828500,N,12216.9920000,W,27.7468,129.3447,040121,,,,
$GPGGA,215908.00,3727.1732920,N,12216.9774860,W,1,0,0.0,134.5701,M,0.0000,M,0.0000,0
$GPRMC,215908.00,A,3727.1732920,N,12216.9774860,W,27.7622,129.5427,040121,,,,
$GPGGA,215909.00,3727.1637160,N,12216.9629840,W,1,0,0.0,135.0421,M,0.0000,M,0.0000,0
$GPRMC,215909.00,A,3727.1637160,N,12216.9629840,W,27.7935,129.5621,040121,,,,
$GPGGA,215910.00,3727.1541340,N,12216.9484400,W,1,0,0.0,135.4781,M,0.0000,M,0.0000,0
$GPRMC,215910.00,A,3727.1541340,N,12216.9484400,W,27.8428,129.4806,040121,,,,
$GPGGA,215911.00,3727.1445340,N,12216.9338720,W,1,0,0.0,135.8991,M,0.0000,M,0.0000,0
$GPRMC,215911.00,A,3727.1445340,N,12216.9338720,W,27.8958,129.4510,040121,,,,
$GPGGA,215912.00,3727.1349220,N,12216.9192560,W,1,0,0.0,136.2401,M,0.0000,M,0.0000,0
$GPRMC,215912.00,A,3727.1349220,N,12216.9192560,W,28.0064,129.3499,040121,,,,
$GPGGA,215913.00,3727.1253100,N,12216.9045440,W,1,0,0.0,136.5561,M,0.0000,M,0.0000,0
$GPRMC,215913.00,A,3727.1253100,N,12216.9045440,W,28.0781,129.2291,040121,,,,
$GPGGA,215914.00,3727.1156680,N,12216.8898080,W,1,0,0.0,136.7991,M,0.0000,M,0.0000,0
$GPRMC,215914.00,A,3727.1156680,N,12216.8898080,W,28.1761,129.3322,040121,,,,
$GPGGA,215915.00,3727.1059660,N,12216.8750300,W,1,0,0.0,137.0120,M,0.0000,M,0.0000,0
$GPRMC,215915.00,A,3727.1059660,N,12216.8750300,W,28.2991,129.4253,040121,,,,
$GPGGA,215916.00,3727.0962100,N,12216.8601920,W,1,0,0.0,137.1990,M,0.0000,M,0.0000,0
$GPRMC,215916.00,A,3727.0962100,N,12216.8601920,W,28.4319,129.4131,040121,,,,
$GPGGA,215917.00,3727.0864180,N,12216.8452760,W,1,0,0.0,137.3230,M,0.0000,M,0.0000,0
$GPRMC,215917.00,A,3727.0864180,N,12216.8452760,W,28.5413,129.3686,040121,,,,
$GPGGA,215918.00,3727.0766200,N,12216.8303420,W,1,0,0.0,137.4050,M,0.0000,M,0.0000,0
$GPRMC,215918.00,A,3727.0766200,N,12216.8303420,W,28.5013,129.3385,040121,,,,
$GPGGA,215919.00,3727.0668460,N,12216.8154200,W,1,0,0.0,137.4340,M,0.0000,M,0.0000,0
$GPRMC,215919.00,A,3727.0668460,N,12216.8154200,W,28.4568,129.3605,040121,,,,
$GPGGA,215920.00,3727.0570780,N,12216.8005160,W,1,0,0.0,137.4300,M,0.0000,M,0.0000,0
$GPRMC,215920.00,A,3727.0570780,N,12216.8005160,W,28.4552,129.4138,040121,,,,
$GPGGA,215921.00,3727.0472860,N,12216.7856180,W,1,0,0.0,137.3150,M,0.0000,M,0.0000,0
$GPRMC,215921.00,A,3727.0472860,N,12216.7856180,W,28.4998,129.4647,040121,,,,
$GPGGA,215922.00,3727.0374580,N,12216.7707200,W,1,0,0.0,137.2020,M,0.0000,M,0.0000,0
$GPRMC,215922.00,A,3727.0374580,N,12216.7707200,W,28.5482,129.5814,040121,,,,
$GPGGA,215923.00,3727.0275940,N,12216.7557920,W,1,0,0.0,137.0000,M,0.0000,M,0.0000,0
$GPRMC,215923.00,A,3727.0275940,N,12216.7557920,W,28.6282,129.4765,040121,,,,
$GPGGA,215924.00,3727.0177420,N,12216.7408040,W,1,0,0.0,136.7990,M,0.0000,M,0.0000,0
$GPRMC,215924.00,A,3727.0177420,N,12216.7408040,W,28.6896,129.4170,040121,,,,
$GPGGA,215925.00,3727.0078780,N,12216.7257440,W,1,0,0.0,136.5069,M,0.0000,M,0.0000,0
$GPRMC,215925.00,A,3727.0078780,N,12216.7257440,W,28.7898,129.3602,040121,,,,
$GPGGA,215926.00,3726.9979900,N,12216.7106180,W,1,0,0.0,136.0940,M,0.0000,M,0.0000,0
$GPRMC,215926.00,A,3726.9979900,N,12216.7106180,W,28.8843,129.2438,040121,,,,
$GPGGA,215927.00,3726.9880960,N,12216.6954860,W,1,0,0.0,135.7899,M,0.0000,M,0.0000,0
$GPRMC,215927.00,A,3726.9880960,N,12216.6954860,W,28.8281,129.3630,040121,,,,
$GPGGA,215928.00,3726.9781780,N,12216.6804380,W,1,0,0.0,135.3689,M,0.0000,M,0.0000,0
$GPRMC,215928.00,A,3726.9781780,N,12216.6804380,W,28.7746,129.5658,040121,,,,
$GPGGA,215929.00,3726.9682420,N,12216.6654440,W,1,0,0.0,134.8620,M,0.0000,M,0.0000,0
$GPRMC,215929.00,A,3726.9682420,N,12216.6654440,W,28.7463,129.7549,040121,,,,
$GPGGA,215930.00,3726.9582700,N,12216.6505040,W,1,0,0.0,134.3719,M,0.0000,M,0.0000,0
$GPRMC,215930.00,A,3726.9582700,N,12216.6505040,W,28.7284,129.9290,040121,,,,
$GPGGA,215931.00,3726.9482860,N,12216.6355760,W,1,0,0.0,133.7768,M,0.0000,M,0.0000,0
$GPRMC,215931.00,A,3726.9482860,N,12216.6355760,W,28.7531,129.8871,040121,,,,
$GPGGA,215932.00,3726.9382780,N,12216.6206420,W,1,0,0.0,133.1278,M,0.0000,M,0.0000,0
$GPRMC,215932.00,A,3726.9382780,N,12216.6206420,W,28.7737,130.1918,040121,,,,
$GPGGA,215933.00,3726.9282040,N,12216.6057740,W,1,0,0.0,132.4028,M,0.0000,M,0.0000,0
$GPRMC,215933.00,A,3726.9282040,N,12216.6057740,W,28.7910,130.4339,040121,,,,
$GPGGA,215934.00,3726.9180700,N,12216.5909480,W,1,0,0.0,131.6038,M,0.0000,M,0.0000,0
$GPRMC,215934.00,A,3726.9180700,N,12216.5909480,W,28.8271,130.6654,040121,,,,
$GPGGA,215935.00,3726.9078580,N,12216.5761580,W,1,0,0.0,130.7708,M,0.0000,M,0.0000,0
$GPRMC,215935.00,A,3726.9078580,N,12216.5761580,W,28.8769,130.9812,040121,,,,
$GPGGA,215936.00,3726.8975680,N,12216.5614340,W,1,0,0.0,129.9648,M,0.0000,M,0.0000,0
$GPRMC,215936.00,A,3726.8975680,N,12216.5614340,W,28.8662,131.3424,040121,,,,
$GPGGA,215937.00,3726.8872480,N,12216.5467640,W,1,0,0.0,129.1388,M,0.0000,M,0.0000,0
$GPRMC,215937.00,A,3726.8872480,N,12216.5467640,W,28.8410,131.3820,040121,,,,
$GPGGA,215938.00,3726.8769220,N,12216.5321180,W,1,0,0.0,128.3008,M,0.0000,M,0.0000,0
$GPRMC,215938.00,A,3726.8769220,N,12216.5321180,W,28.8337,131.3134,040121,,,,
$GPGGA,215939.00,3726.8666440,N,12216.5174180,W,1,0,0.0,127.4788,M,0.0000,M,0.0000,0
$GPRMC,215939.00,A,3726.8666440,N,12216.5174180,W,28.8214,131.1179,040121,,,,
$GPGGA,215940.00,3726.8563900,N,12216.5027060,W,1,0,0.0,126.6318,M,0.0000,M,0.0000,0
$GPRMC,215940.00,A,3726.8563900,N,12216.5027060,W,28.8183,131.0818,040121,,,,
$GPGGA,215941.00,3726.8461420,N,12216.4880000,W,1,0,0.0,125.8058,M,0.0000,M,0.0000,0
$GPRMC,215941.00,A,3726.8461420,N,12216.4880000,W,28.8086,131.1136,040121,,,,
$GPGGA,215942.00,3726.8358580,N,12216.4733300,W,1,0,0.0,124.9848,M,0.0000,M,0.0000,0
$GPRMC,215942.00,A,3726.8358580,N,12216.4733300,W,28.8110,131.3960,040121,,,,
$GPGGA,215943.00,3726.8255440,N,12216.4586780,W,1,0,0.0,124.1558,M,0.0000,M,0.0000,0
$GPRMC,215943.00,A,3726.8255440,N,12216.4586780,W,28.8468,131.2234,040121,,,,
$GPGGA,215944.00,3726.8152480,N,12216.4439780,W,1,0,0.0,123.3968,M,0.0000,M,0.0000,0
$GPRMC,215944.00,A,3726.8152480,N,12216.4439780,W,28.8778,131.3422,040121,,,,
$GPGGA,215945.00,3726.8049160,N,12216.4292840,W,1,0,0.0,122.7178,M,0.0000,M,0.0000,0
$GPRMC,215945.00,A,3726.8049160,N,12216.4292840,W,28.8915,131.3174,040121,,,,
$GPGGA,215946.00,3726.7945780,N,12216.4146080,W,1,0,0.0,122.1299,M,0.0000,M,0.0000,0
$GPRMC,215946.00,A,3726.7945780,N,12216.4146080,W,28.8794,131.3741,040121,,,,
$GPGGA,215947.00,3726.7842700,N,12216.3999320,W,1,0,0.0,121.6459,M,0.0000,M,0.0000,0
$GPRMC,215947.00,A,3726.7842700,N,12216.3999320,W,28.7907,131.3065,040121,,,,
$GPGGA,215948.00,3726.7740280,N,12216.3852980,W,1,0,0.0,121.3649,M,0.0000,M,0.0000,0
$GPRMC,215948.00,A,3726.7740280,N,12216.3852980,W,28.6620,131.2010,040121,,,,
$GPGGA,215949.00,3726.7638640,N,12216.3706940,W,1,0,0.0,121.1360,M,0.0000,M,0.0000,0
$GPRMC,215949.00,A,3726.7638640,N,12216.3706940,W,28.5154,131.1777,040121,,,,
$GPGGA,215950.00,3726.7537300,N,12216.3561920,W,1,0,0.0,120.9320,M,0.0000,M,0.0000,0
$GPRMC,215950.00,A,3726.7537300,N,12216.3561920,W,28.3049,131.0179,040121,,,,
$GPGGA,215951.00,3726.7438480,N,12216.3416120,W,1,0,0.0,120.8340,M,0.0000,M,0.0000,0
$GPRMC,215951.00,A,3726.7438480,N,12216.3416120,W,28.1401,129.7401,040121,,,,
$GPGGA,215952.00,3726.7343020,N,12216.3267920,W,1,0,0.0,120.7810,M,0.0000,M,0.0000,0
$GPRMC,215952.00,A,3726.7343020,N,12216.3267920,W,28.0631,128.0526,040121,,,,
$GPGGA,215953.00,3726.7251460,N,12216.3116180,W,1,0,0.0,120.7200,M,0.0000,M,0.0000,0
$GPRMC,215953.00,A,3726.7251460,N,12216.3116180,W,28.0634,126.3886,040121,,,,
$GPGGA,215954.00,3726.7162900,N,12216.2961380,W,1,0,0.0,120.7350,M,0.0000,M,0.0000,0
$GPRMC,215954.00,A,3726.7162900,N,12216.2961380,W,28.1379,124.9535,040121,,,,
$GPGGA,215955.00,3726.7076980,N,12216.2803640,W,1,0,0.0,120.8150,M,0.0000,M,0.0000,0
$GPRMC,215955.00,A,3726.7076980,N,12216.2803640,W,28.1583,123.6201,040121,,,,
$GPGGA,215956.00,3726.6994660,N,12216.2643380,W,1,0,0.0,120.9710,M,0.0000,M,0.0000,0
$GPRMC,215956.00,A,3726.6994660,N,12216.2643380,W,28.0656,121.8494,040121,,,,
$GPGGA,215957.00,3726.6915880,N,12216.2481140,W,1,0,0.0,121.2441,M,0.0000,M,0.0000,0
$GPRMC,215957.00,A,3726.6915880,N,12216.2481140,W,27.9704,120.6891,040121,,,,
$GPGGA,215958.00,3726.6840340,N,12216.2317040,W,1,0,0.0,121.5231,M,0.0000,M,0.0000,0
$GPRMC,215958.00,A,3726.6840340,N,12216.2317040,W,27.8911,119.3898,040121,,,,
$GPGGA,215959.00,3726.6768100,N,12216.2151380,W,1,0,0.0,121.8541,M,0.0000,M,0.0000,0
$GPRMC,215959.00,A,3726.6768100,N,12216.2151380,W,27.7819,117.8783,040121,,,,
$GPGGA,220000.00,3726.6699820,N,12216.1984040,W,1,0,0.0,122.1771,M,0.0000,M,0.0000,0
$GPRMC,220000.00,A,3726.6699820,N,12216.1984040,W,27.6525,116.3403,040121,,,,
$GPGGA,220001.00,3726.6635620,N,12216.1815200,W,1,0,0.0,122.5411,M,0.0000,M,0.0000,0
$GPRMC,220001.00,A,3726.6635620,N,12216.1815200,W,27.5298,114.6984,040121,,,,
$GPGGA,220002.00,3726.6575320,N,12216.1644800,W,1,0,0.0,122.7300,M,0.0000,M,0.0000,0
$GPRMC,220002.00,A,3726.6575320,N,12216.1644800,W,27.4444,113.2746,040121,,,,
$GPGGA,220003.00,3726.6518380,N,12216.1473320,W,1,0,0.0,123.0571,M,0.0000,M,0.0000,0
$GPRMC,220003.00,A,3726.6518380,N,12216.1473320,W,27.3002,111.8367,040121,,,,
$GPGGA,220004.00,3726.6465700,N,12216.1301060,W,1,0,0.0,123.4410,M,0.0000,M,0.0000,0
$GPRMC,220004.00,A,3726.6465700,N,12216.1301060,W,27.1439,110.3075,040121,,,,
$GPGGA,220005.00,3726.6416740,N,12216.1127840,W,1,0,0.0,123.7441,M,0.0000,M,0.0000,0
$GPRMC,220005.00,A,3726.6416740,N,12216.1127840,W,27.0471,108.8198,040121,,,,
$GPGGA,220006.00,3726.6371200,N,12216.0953840,W,1,0,0.0,124.0621,M,0.0000,M,0.0000,0
$GPRMC,220006.00,A,3726.6371200,N,12216.0953840,W,26.9638,107.3819,040121,,,,
$GPGGA,220007.00,3726.6329560,N,12216.0778820,W,1,0,0.0,124.3681,M,0.0000,M,0.0000,0
$GPRMC,220007.00,A,3726.6329560,N,12216.0778820,W,26.9074,105.8655,040121,,,,
$GPGGA,220008.00,3726.6291580,N,12216.0602840,W,1,0,0.0,124.6691,M,0.0000,M,0.0000,0
$GPRMC,220008.00,A,3726.6291580,N,12216.0602840,W,26.8400,104.5070,040121,,,,
$GPGGA,220009.00,3726.6256840,N,12216.0426320,W,1,0,0.0,124.9931,M,0.0000,M,0.0000,0
$GPRMC,220009.00,A,3726.6256840,N,12216.0426320,W,26.7838,103.1635,040121,,,,
$GPGGA,220010.00,3726.6225580,N,12216.0249200,W,1,0,0.0,125.2991,M,0.0000,M,0.0000,0
$GPRMC,220010.00,A,3726.6225580,N,12216.0249200,W,26.7387,101.7666,040121,,,,
$GPGGA,220011.00,3726.6197800,N,12216.0071360,W,1,0,0.0,125.6021,M,0.0000,M,0.0000,0
$GPRMC,220011.00,A,3726.6197800,N,12216.0071360,W,26.6926,100.4329,040121,,,,
$GPGGA,220012.00,3726.6173320,N,12215.9893160,W,1,0,0.0,125.9091,M,0.0000,M,0.0000,0
$GPRMC,220012.00,A,3726.6173320,N,12215.9893160,W,26.6374,99.1404,040121,,,,
$GPGGA,220013.00,3726.6152500,N,12215.9714600,W,1,0,0.0,126.1681,M,0.0000,M,0.0000,0
$GPRMC,220013.00,A,3726.6152500,N,12215.9714600,W,26.5855,97.5439,040121,,,,
$GPGGA,220014.00,3726.6135280,N,12215.9535680,W,1,0,0.0,126.4441,M,0.0000,M,0.0000,0
$GPRMC,220014.00,A,3726.6135280,N,12215.9535680,W,26.5541,96.1748,040121,,,,
$GPGGA,220015.00,3726.6121720,N,12215.9356340,W,1,0,0.0,126.6430,M,0.0000,M,0.0000,0
$GPRMC,220015.00,A,3726.6121720,N,12215.9356340,W,26.5535,94.6373,040121,,,,
$GPGGA,220016.00,3726.6111940,N,12215.9176640,W,1,0,0.0,126.8050,M,0.0000,M,0.0000,0
$GPRMC,220016.00,A,3726.6111940,N,12215.9176640,W,26.6151,93.2711,040121,,,,
$GPGGA,220017.00,3726.6105280,N,12215.8995680,W,1,0,0.0,126.9340,M,0.0000,M,0.0000,0
$GPRMC,220017.00,A,3726.6105280,N,12215.8995680,W,26.8148,91.9626,040121,,,,
$GPGGA,220018.00,3726.6101980,N,12215.8813100,W,1,0,0.0,127.0380,M,0.0000,M,0.0000,0
$GPRMC,220018.00,A,3726.6101980,N,12215.8813100,W,27.0475,90.6408,040121,,,,
$GPGGA,220019.00,3726.6101980,N,12215.8628780,W,1,0,0.0,127.0610,M,0.0000,M,0.0000,0
$GPRMC,220019.00,A,3726.6101980,N,12215.8628780,W,27.3085,89.2299,040121,,,,
$GPGGA,220020.00,3726.6105760,N,12215.8442660,W,1,0,0.0,126.9830,M,0.0000,M,0.0000,0
$GPRMC,220020.00,A,3726.6105760,N,12215.8442660,W,27.5913,87.8206,040121,,,,
$GPGGA,220021.00,3726.6113620,N,12215.8255040,W,1,0,0.0,127.0210,M,0.0000,M,0.0000,0
$GPRMC,220021.00,A,3726.6113620,N,12215.8255040,W,27.8216,86.1986,040121,,,,
$GPGGA,220022.00,3726.6125800,N,12215.8066220,W,1,0,0.0,126.9580,M,0.0000,M,0.0000,0
$GPRMC,220022.00,A,3726.6125800,N,12215.8066220,W,28.0561,84.5107,040121,,,,
$GPGGA,220023.00,3726.6142960,N,12215.7876260,W,1,0,0.0,126.8479,M,0.0000,M,0.0000,0
$GPRMC,220023.00,A,3726.6142960,N,12215.7876260,W,28.3287,82.6253,040121,,,,
$GPGGA,220024.00,3726.6163480,N,12215.7684860,W,1,0,0.0,126.5569,M,0.0000,M,0.0000,0
$GPRMC,220024.00,A,3726.6163480,N,12215.7684860,W,28.6414,82.0842,040121,,,,
$GPGGA,220025.00,3726.6184840,N,12215.7491960,W,1,0,0.0,126.2279,M,0.0000,M,0.0000,0
$GPRMC,220025.00,A,3726.6184840,N,12215.7491960,W,28.7999,81.9994,040121,,,,
$GPGGA,220026.00,3726.6205960,N,12215.7298100,W,1,0,0.0,125.9029,M,0.0000,M,0.0000,0
$GPRMC,220026.00,A,3726.6205960,N,12215.7298100,W,28.9350,82.3536,040121,,,,
$GPGGA,220027.00,3726.6226780,N,12215.7103100,W,1,0,0.0,125.5879,M,0.0000,M,0.0000,0
$GPRMC,220027.00,A,3726.6226780,N,12215.7103100,W,29.1003,82.2875,040121,,,,
$GPGGA,220028.00,3726.6247660,N,12215.6907140,W,1,0,0.0,125.3640,M,0.0000,M,0.0000,0
$GPRMC,220028.00,A,3726.6247660,N,12215.6907140,W,29.2141,82.3098,040121,,,,
$GPGGA,220029.00,3726.6268600,N,12215.6710520,W,1,0,0.0,125.1750,M,0.0000,M,0.0000,0
$GPRMC,220029.00,A,3726.6268600,N,12215.6710520,W,29.2873,82.2686,040121,,,,
$GPGGA,220030.00,3726.6289960,N,12215.6513600,W,1,0,0.0,124.9910,M,0.0000,M,0.0000,0
$GPRMC,220030.00,A,3726.6289960,N,12215.6513600,W,29.3168,81.9417,040121,,,,
$GPGGA,220031.00,3726.6312340,N,12215.6316800,W,1,0,0.0,124.8190,M,0.0000,M,0.0000,0
$GPRMC,220031.00,A,3726.6312340,N,12215.6316800,W,29.3104,81.7899,040121,,,,
$GPGGA,220032.00,3726.6334300,N,12215.6120120,W,1,0,0.0,124.5799,M,0.0000,M,0.0000,0
$GPRMC,220032.00,A,3726.6334300,N,12215.6120120,W,29.2769,82.1133,040121,,,,
$GPGGA,220033.00,3726.6355000,N,12215.5924100,W,1,0,0.0,124.2479,M,0.0000,M,0.0000,0
$GPRMC,220033.00,A,3726.6355000,N,12215.5924100,W,29.0413,82.7208,040121,,,,
$GPGGA,220034.00,3726.6372760,N,12215.5729520,W,1,0,0.0,123.8389,M,0.0000,M,0.0000,0
$GPRMC,220034.00,A,3726.6372760,N,12215.5729520,W,28.7543,84.0238,040121,,,,
$GPGGA,220035.00,3726.6386440,N,12215.5536200,W,1,0,0.0,123.3899,M,0.0000,M,0.0000,0
$GPRMC,220035.00,A,3726.6386440,N,12215.5536200,W,28.5080,85.6407,040121,,,,
$GPGGA,220036.00,3726.6395380,N,12215.5344140,W,1,0,0.0,122.9219,M,0.0000,M,0.0000,0
$GPRMC,220036.00,A,3726.6395380,N,12215.5344140,W,28.2853,87.4718,040121,,,,
$GPGGA,220037.00,3726.6399520,N,12215.5152860,W,1,0,0.0,122.3859,M,0.0000,M,0.0000,0
$GPRMC,220037.00,A,3726.6399520,N,12215.5152860,W,28.2344,89.1509,040121,,,,
$GPGGA,220038.00,3726.6399160,N,12215.4961100,W,1,0,0.0,121.7838,M,0.0000,M,0.0000,0
$GPRMC,220038.00,A,3726.6399160,N,12215.4961100,W,28.3571,91.0937,040121,,,,
$GPGGA,220039.00,3726.6393340,N,12215.4768500,W,1,0,0.0,121.1178,M,0.0000,M,0.0000,0
$GPRMC,220039.00,A,3726.6393340,N,12215.4768500,W,28.5254,93.2385,040121,,,,
$GPGGA,220040.00,3726.6381760,N,12215.4575300,W,1,0,0.0,120.3728,M,0.0000,M,0.0000,0
$GPRMC,220040.00,A,3726.6381760,N,12215.4575300,W,28.6440,95.0610,040121,,,,
$GPGGA,220041.00,3726.6366280,N,12215.4381740,W,1,0,0.0,119.5768,M,0.0000,M,0.0000,0
$GPRMC,220041.00,A,3726.6366280,N,12215.4381740,W,28.7460,96.3064,040121,,,,
$GPGGA,220042.00,3726.6346060,N,12215.4188120,W,1,0,0.0,118.7158,M,0.0000,M,0.0000,0
$GPRMC,220042.00,A,3726.6346060,N,12215.4188120,W,28.8795,98.5009,040121,,,,
$GPGGA,220043.00,3726.6319780,N,12215.3994740,W,1,0,0.0,117.7818,M,0.0000,M,0.0000,0
$GPRMC,220043.00,A,3726.6319780,N,12215.3994740,W,29.0211,100.4878,040121,,,,
$GPGGA,220044.00,3726.6288760,N,12215.3801420,W,1,0,0.0,116.7598,M,0.0000,M,0.0000,0
$GPRMC,220044.00,A,3726.6288760,N,12215.3801420,W,29.1571,102.2357,040121,,,,
$GPGGA,220045.00,3726.6252100,N,12215.3608760,W,1,0,0.0,115.6817,M,0.0000,M,0.0000,0
$GPRMC,220045.00,A,3726.6252100,N,12215.3608760,W,29.2995,104.3158,040121,,,,
$GPGGA,220046.00,3726.6210220,N,12215.3416760,W,1,0,0.0,114.5087,M,0.0000,M,0.0000,0
$GPRMC,220046.00,A,3726.6210220,N,12215.3416760,W,29.4558,106.1694,040121,,,,
$GPGGA,220047.00,3726.6162940,N,12215.3225480,W,1,0,0.0,113.2877,M,0.0000,M,0.0000,0
$GPRMC,220047.00,A,3726.6162940,N,12215.3225480,W,29.6345,108.0196,040121,,,,
$GPGGA,220048.00,3726.6110920,N,12215.3034860,W,1,0,0.0,112.0847,M,0.0000,M,0.0000,0
$GPRMC,220048.00,A,3726.6110920,N,12215.3034860,W,29.8218,109.6801,040121,,,,
$GPGGA,220049.00,3726.6053740,N,12215.2845320,W,1,0,0.0,110.8697,M,0.0000,M,0.0000,0
$GPRMC,220049.00,A,3726.6053740,N,12215.2845320,W,29.9826,111.6077,040121,,,,
$GPGGA,220050.00,3726.5991280,N,12215.2657520,W,1,0,0.0,109.6487,M,0.0000,M,0.0000,0
$GPRMC,220050.00,A,3726.5991280,N,12215.2657520,W,30.0421,113.4429,040121,,,,
$GPGGA,220051.00,3726.5923960,N,12215.2472120,W,1,0,0.0,108.4367,M,0.0000,M,0.0000,0
$GPRMC,220051.00,A,3726.5923960,N,12215.2472120,W,30.0809,115.3621,040121,,,,
$GPGGA,220052.00,3726.5851540,N,12215.2289660,W,1,0,0.0,107.1997,M,0.0000,M,0.0000,0
$GPRMC,220052.00,A,3726.5851540,N,12215.2289660,W,30.0633,117.3650,040121,,,,
$GPGGA,220053.00,3726.5774200,N,12215.2110560,W,1,0,0.0,105.9917,M,0.0000,M,0.0000,0
$GPRMC,220053.00,A,3726.5774200,N,12215.2110560,W,30.0426,119.2628,040121,,,,
$GPGGA,220054.00,3726.5692300,N,12215.1934880,W,1,0,0.0,104.7847,M,0.0000,M,0.0000,0
$GPRMC,220054.00,A,3726.5692300,N,12215.1934880,W,30.0105,121.2904,040121,,,,
$GPGGA,220055.00,3726.5605540,N,12215.1763100,W,1,0,0.0,103.5767,M,0.0000,M,0.0000,0
$GPRMC,220055.00,A,3726.5605540,N,12215.1763100,W,29.9919,123.2317,040121,,,,
$GPGGA,220056.00,3726.5513980,N,12215.1595520,W,1,0,0.0,102.3737,M,0.0000,M,0.0000,0
$GPRMC,220056.00,A,3726.5513980,N,12215.1595520,W,29.9642,125.4201,040121,,,,
$GPGGA,220057.00,3726.5417800,N,12215.1432140,W,1,0,0.0,101.1747,M,0.0000,M,0.0000,0
$GPRMC,220057.00,A,3726.5417800,N,12215.1432140,W,29.9464,127.0639,040121,,,,
$GPGGA,220058.00,3726.5318500,N,12215.1272300,W,1,0,0.0,100.0577,M,0.0000,M,0.0000,0
$GPRMC,220058.00,A,3726.5318500,N,12215.1272300,W,29.8940,128.8220,040121,,,,
$GPGGA,220059.00,3726.5214340,N,12215.1116420,W,1,0,0.0,98.8347,M,0.0000,M,0.0000,0
$GPRMC,220059.00,A,3726.5214340,N,12215.1116420,W,30.1609,131.0545,040121,,,,
$GPGGA,220100.00,3726.5104180,N,12215.0963960,W,1,0,0.0,97.5397,M,0.0000,M,0.0000,0
$GPRMC,220100.00,A,3726.5104180,N,12215.0963960,W,30.5728,132.9703,040121,,,,
$GPGGA,220101.00,3726.4989760,N,12215.0812580,W,1,0,0.0,96.4737,M,0.0000,M,0.0000,0
$GPRMC,220101.00,A,3726.4989760,N,12215.0812580,W,30.9497,133.6669,040121,,,,
$GPGGA,220102.00,3726.4873120,N,12215.0660360,W,1,0,0.0,95.2977,M,0.0000,M,0.0000,0
$GPRMC,220102.00,A,3726.4873120,N,12215.0660360,W,31.3309,133.7869,040121,,,,
$GPGGA,220103.00,3726.4755040,N,12215.0506280,W,1,0,0.0,94.0447,M,0.0000,M,0.0000,0
$GPRMC,220103.00,A,3726.4755040,N,12215.0506280,W,31.6837,133.7958,040121,,,,
$GPGGA,220104.00,3726.4635880,N,12215.0350820,W,1,0,0.0,92.7487,M,0.0000,M,0.0000,0
$GPRMC,220104.00,A,3726.4635880,N,12215.0350820,W,31.9193,133.7964,040121,,,,
$GPGGA,220105.00,3726.4515880,N,12215.0194580,W,1,0,0.0,91.5417,M,0.0000,M,0.0000,0
$GPRMC,220105.00,A,3726.4515880,N,12215.0194580,W,32.0497,133.8719,040121,,,,
$GPGGA,220106.00,3726.4395460,N,12215.0038040,W,1,0,0.0,90.2337,M,0.0000,M,0.0000,0
$GPRMC,220106.00,A,3726.4395460,N,12215.0038040,W,32.1156,133.8912,040121,,,,
$GPGGA,220107.00,3726.4274980,N,12214.9881260,W,1,0,0.0,88.9637,M,0.0000,M,0.0000,0
$GPRMC,220107.00,A,3726.4274980,N,12214.9881260,W,32.0797,133.8579,040121,,,,
$GPGGA,220108.00,3726.4154920,N,12214.9724660,W,1,0,0.0,87.6817,M,0.0000,M,0.0000,0
$GPRMC,220108.00,A,3726.4154920,N,12214.9724660,W,32.0364,133.6863,040121,,,,
$GPGGA,220109.00,3726.4035280,N,12214.9567880,W,1,0,0.0,86.4087,M,0.0000,M,0.0000,0
$GPRMC,220109.00,A,3726.4035280,N,12214.9567880,W,31.9822,133.7003,040121,,,,
$GPGGA,220110.00,3726.3915640,N,12214.9411580,W,1,0,0.0,85.2037,M,0.0000,M,0.0000,0
$GPRMC,220110.00,A,3726.3915640,N,12214.9411580,W,31.9202,133.7699,040121,,,,
$GPGGA,220111.00,3726.3795880,N,12214.9256000,W,1,0,0.0,83.9747,M,0.0000,M,0.0000,0
$GPRMC,220111.00,A,3726.3795880,N,12214.9256000,W,31.8710,133.9627,040121,,,,
$GPGGA,220112.00,3726.3675640,N,12214.9101260,W,1,0,0.0,82.5437,M,0.0000,M,0.0000,0
$GPRMC,220112.00,A,3726.3675640,N,12214.9101260,W,31.8457,134.3712,040121,,,,
$GPGGA,220113.00,3726.3554800,N,12214.8947840,W,1,0,0.0,81.2467,M,0.0000,M,0.0000,0
$GPRMC,220113.00,A,3726.3554800,N,12214.8947840,W,31.7781,134.8724,040121,,,,
$GPGGA,220114.00,3726.3433240,N,12214.8795980,W,1,0,0.0,79.9697,M,0.0000,M,0.0000,0
$GPRMC,220114.00,A,3726.3433240,N,12214.8795980,W,31.6933,135.0426,040121,,,,
$GPGGA,220115.00,3726.3311980,N,12214.8644900,W,1,0,0.0,78.6877,M,0.0000,M,0.0000,0
$GPRMC,220115.00,A,3726.3311980,N,12214.8644900,W,31.4683,135.2041,040121,,,,
$GPGGA,220116.00,3726.3192640,N,12214.8496580,W,1,0,0.0,77.4357,M,0.0000,M,0.0000,0
$GPRMC,220116.00,A,3726.3192640,N,12214.8496580,W,30.6656,135.2209,040121,,,,
$GPGGA,220117.00,3726.3076720,N,12214.8354500,W,1,0,0.0,76.3097,M,0.0000,M,0.0000,0
$GPRMC,220117.00,A,3726.3076720,N,12214.8354500,W,29.1437,136.2581,040121,,,,
$GPGGA,220118.00,3726.2963980,N,12214.8224960,W,1,0,0.0,75.1407,M,0.0000,M,0.0000,0
$GPRMC,220118.00,A,3726.2963980,N,12214.8224960,W,27.4655,138.6923,040121,,,,
$GPGGA,220119.00,3726.2853100,N,12214.8106880,W,1,0,0.0,73.9897,M,0.0000,M,0.0000,0
$GPRMC,220119.00,A,3726.2853100,N,12214.8106880,W,26.4403,140.1713,040121,,,,
$GPGGA,220120.00,3726.2744200,N,12214.7995340,W,1,0,0.0,72.8637,M,0.0000,M,0.0000,0
$GPRMC,220120.00,A,3726.2744200,N,12214.7995340,W,25.6001,140.8272,040121,,,,
$GPGGA,220121.00,3726.2638540,N,12214.7886920,W,1,0,0.0,71.8288,M,0.0000,M,0.0000,0
$GPRMC,220121.00,A,3726.2638540,N,12214.7886920,W,25.0289,140.3978,040121,,,,
$GPGGA,220122.00,3726.2534680,N,12214.7779160,W,1,0,0.0,70.7788,M,0.0000,M,0.0000,0
$GPRMC,220122.00,A,3726.2534680,N,12214.7779160,W,24.8538,140.3845,040121,,,,
$GPGGA,220123.00,3726.2431300,N,12214.7672420,W,1,0,0.0,69.7718,M,0.0000,M,0.0000,0
$GPRMC,220123.00,A,3726.2431300,N,12214.7672420,W,24.6795,140.5640,040121,,,,
$GPGGA,220124.00,3726.2328640,N,12214.7566340,W,1,0,0.0,68.8127,M,0.0000,M,0.0000,0
$GPRMC,220124.00,A,3726.2328640,N,12214.7566340,W,24.5708,140.5431,040121,,,,
$GPGGA,220125.00,3726.2226880,N,12214.7460860,W,1,0,0.0,67.7627,M,0.0000,M,0.0000,0
$GPRMC,220125.00,A,3726.2226880,N,12214.7460860,W,24.1309,140.4454,040121,,,,
$GPGGA,220126.00,3726.2128420,N,12214.7357840,W,1,0,0.0,66.7068,M,0.0000,M,0.0000,0
$GPRMC,220126.00,A,3726.2128420,N,12214.7357840,W,23.2674,140.1691,040121,,,,
$GPGGA,220127.00,3726.2034160,N,12214.7258480,W,1,0,0.0,65.5527,M,0.0000,M,0.0000,0
$GPRMC,220127.00,A,3726.2034160,N,12214.7258480,W,22.2958,139.5930,040121,,,,
$GPGGA,220128.00,3726.1945240,N,12214.7161820,W,1,0,0.0,64.4067,M,0.0000,M,0.0000,0
$GPRMC,220128.00,A,3726.1945240,N,12214.7161820,W,21.2073,138.6523,040121,,,,
$GPGGA,220129.00,3726.1862620,N,12214.7069720,W,1,0,0.0,63.2488,M,0.0000,M,0.0000,0
$GPRMC,220129.00,A,3726.1862620,N,12214.7069720,W,19.5931,138.2626,040121,,,,
$GPGGA,220130.00,3726.1787620,N,12214.6986020,W,1,0,0.0,62.2898,M,0.0000,M,0.0000,0
$GPRMC,220130.00,A,3726.1787620,N,12214.6986020,W,17.5378,138.4546,040121,,,,
$GPGGA,220131.00,3726.1720780,N,12214.6911740,W,1,0,0.0,61.4128,M,0.0000,M,0.0000,0
$GPRMC,220131.00,A,3726.1720780,N,12214.6911740,W,15.4654,138.2764,040121,,,,
$GPGGA,220132.00,3726.1662400,N,12214.6846460,W,1,0,0.0,60.6598,M,0.0000,M,0.0000,0
$GPRMC,220132.00,A,3726.1662400,N,12214.6846460,W,13.6027,138.2923,040121,,,,
$GPGGA,220133.00,3726.1610740,N,12214.6788740,W,1,0,0.0,59.9869,M,0.0000,M,0.0000,0
$GPRMC,220133.00,A,3726.1610740,N,12214.6788740,W,11.9780,138.2484,040121,,,,
$GPGGA,220134.00,3726.1565140,N,12214.6737560,W,1,0,0.0,59.4259,M,0.0000,M,0.0000,0
$GPRMC,220134.00,A,3726.1565140,N,12214.6737560,W,10.7372,138.1445,040121,,,,
$GPGGA,220135.00,3726.1523260,N,12214.6690580,W,1,0,0.0,58.9339,M,0.0000,M,0.0000,0
$GPRMC,220135.00,A,3726.1523260,N,12214.6690580,W,10.2590,138.2695,040121,,,,
$GPGGA,220136.00,3726.1482700,N,12214.6645520,W,1,0,0.0,58.4829,M,0.0000,M,0.0000,0
$GPRMC,220136.00,A,3726.1482700,N,12214.6645520,W,9.7761,138.6253,040121,,,,
$GPGGA,220137.00,3726.1443100,N,12214.6601780,W,1,0,0.0,58.0889,M,0.0000,M,0.0000,0
$GPRMC,220137.00,A,3726.1443100,N,12214.6601780,W,9.7904,138.7215,040121,,,,
$GPGGA,220138.00,3726.1403200,N,12214.6558280,W,1,0,0.0,57.7879,M,0.0000,M,0.0000,0
$GPRMC,220138.00,A,3726.1403200,N,12214.6558280,W,9.7081,138.9809,040121,,,,
$GPGGA,220139.00,3726.1364440,N,12214.6516100,W,1,0,0.0,57.5459,M,0.0000,M,0.0000,0
$GPRMC,220139.00,A,3726.1364440,N,12214.6516100,W,9.3813,139.1253,040121,,,,
$GPGGA,220140.00,3726.1326160,N,12214.6474940,W,1,0,0.0,57.3530,M,0.0000,M,0.0000,0
$GPRMC,220140.00,A,3726.1326160,N,12214.6474940,W,9.2907,139.4243,040121,,,,
$GPGGA,220141.00,3726.1288120,N,12214.6434200,W,1,0,0.0,57.2100,M,0.0000,M,0.0000,0
$GPRMC,220141.00,A,3726.1288120,N,12214.6434200,W,9.2125,139.5696,040121,,,,
$GPGGA,220142.00,3726.1250560,N,12214.6393700,W,1,0,0.0,57.1140,M,0.0000,M,0.0000,0
$GPRMC,220142.00,A,3726.1250560,N,12214.6393700,W,9.1075,139.0659,040121,,,,
$GPGGA,220143.00,3726.1213840,N,12214.6353260,W,1,0,0.0,56.9789,M,0.0000,M,0.0000,0
$GPRMC,220143.00,A,3726.1213840,N,12214.6353260,W,8.9376,138.8459,040121,,,,
$GPGGA,220144.00,3726.1178680,N,12214.6314200,W,1,0,0.0,56.8620,M,0.0000,M,0.0000,0
$GPRMC,220144.00,A,3726.1178680,N,12214.6314200,W,8.3565,138.3697,040121,,,,
$GPGGA,220145.00,3726.1147600,N,12214.6276460,W,1,0,0.0,56.7300,M,0.0000,M,0.0000,0
$GPRMC,220145.00,A,3726.1147600,N,12214.6276460,W,7.5963,133.9677,040121,,,,
$GPGGA,220146.00,3726.1123900,N,12214.6235900,W,1,0,0.0,56.5200,M,0.0000,M,0.0000,0
$GPRMC,220146.00,A,3726.1123900,N,12214.6235900,W,7.1789,122.9408,040121,,,,
$GPGGA,220147.00,3726.1109560,N,12214.6190720,W,1,0,0.0,56.3960,M,0.0000,M,0.0000,0
$GPRMC,220147.00,A,3726.1109560,N,12214.6190720,W,7.0756,107.7907,040121,,,,
$GPGGA,220148.00,3726.1108060,N,12214.6142300,W,1,0,0.0,56.2040,M,0.0000,M,0.0000,0
$GPRMC,220148.00,A,3726.1108060,N,12214.6142300,W,7.0409,86.4631,040121,,,,
$GPGGA,220149.00,3726.1121500,N,12214.6095980,W,1,0,0.0,56.0729,M,0.0000,M,0.0000,0
$GPRMC,220149.00,A,3726.1121500,N,12214.6095980,W,7.4151,65.5627,040121,,,,
$GPGGA,220150.00,3726.1142560,N,12214.6049840,W,1,0,0.0,55.7989,M,0.0000,M,0.0000,0
$GPRMC,220150.00,A,3726.1142560,N,12214.6049840,W,8.2428,59.7280,040121,,,,
$GPGGA,220151.00,3726.1166740,N,12214.5999320,W,1,0,0.0,55.5209,M,0.0000,M,0.0000,0
$GPRMC,220151.00,A,3726.1166740,N,12214.5999320,W,9.1466,58.8595,040121,,,,
$GPGGA,220152.00,3726.1193140,N,12214.5943280,W,1,0,0.0,55.2059,M,0.0000,M,0.0000,0
$GPRMC,220152.00,A,3726.1193140,N,12214.5943280,W,10.0280,59.6476,040121,,,,
$GPGGA,220153.00,3726.1220500,N,12214.5883460,W,1,0,0.0,54.8639,M,0.0000,M,0.0000,0
$GPRMC,220153.00,A,3726.1220500,N,12214.5883460,W,10.2523,60.1546,040121,,,,
$GPGGA,220154.00,3726.1248340,N,12214.5822980,W,1,0,0.0,54.5159,M,0.0000,M,0.0000,0
$GPRMC,220154.00,A,3726.1248340,N,12214.5822980,W,10.3410,59.6499,040121,,,,
$GPGGA,220155.00,3726.1276900,N,12214.5762200,W,1,0,0.0,54.1589,M,0.0000,M,0.0000,0
$GPRMC,220155.00,A,3726.1276900,N,12214.5762200,W,10.5000,59.3782,040121,,,,
$GPGGA,220156.00,3726.1305880,N,12214.5701480,W,1,0,0.0,53.8099,M,0.0000,M,0.0000,0
$GPRMC,220156.00,A,3726.1305880,N,12214.5701480,W,10.1665,59.0666,040121,,,,
$GPGGA,220157.00,3726.1332340,N,12214.5645560,W,1,0,0.0,53.4599,M,0.0000,M,0.0000,0
$GPRMC,220157.00,A,3726.1332340,N,12214.5645560,W,8.9169,59.3533,040121,,,,
$GPGGA,220158.00,3726.1354600,N,12214.5598160,W,1,0,0.0,53.1959,M,0.0000,M,0.0000,0
$GPRMC,220158.00,A,3726.1354600,N,12214.5598160,W,7.3192,59.5688,040121,,,,
$GPGGA,220159.00,3726.1372060,N,12214.5561020,W,1,0,0.0,52.9840,M,0.0000,M,0.0000,0
$GPRMC,220159.00,A,3726.1372060,N,12214.5561020,W,5.3868,59.3158,040121,,,,
$GPGGA,220200.00,3726.1384660,N,12214.5534740,W,1,0,0.0,52.8280,M,0.0000,M,0.0000,0
$GPRMC,220200.00,A,3726.1384660,N,12214.5534740,W,3.6891,58.9999,040121,,,,
$GPGGA,220201.00,3726.1392580,N,12214.5518540,W,1,0,0.0,52.7270,M,0.0000,M,0.0000,0
$GPRMC,220201.00,A,3726.1392580,N,12214.5518540,W,1.9771,58.6309,040121,,,,
$GPGGA,220202.00,3726.1396480,N,12214.5510800,W,1,0,0.0,52.6780,M,0.0000,M,0.0000,0
$GPRMC,220202.00,A,3726.1396480,N,12214.5510800,W,0.7115,58.4230,040121,,,,
$GPGGA,220203.00,3726.1397020,N,12214.5509720,W,1,0,0.0,52.6660,M,0.0000,M,0.0000,0
$GPRMC,220203.00,A,3726.1397020,N,12214.5509720,W,0.0022,58.4052,040121,,,,
$GPGGA,220204.00,3726.1397020,N,12214.5509720,W,1,0,0.0,52.6660,M,0.0000,M,0.0000,0
$GPRMC,220204.00,A,3726.1397020,N,12214.5509720,W,0.0010,58.4055,040121,,,,
$GPGGA,220205.00,3726.1397020,N,12214.5509720,W,1,0,0.0,52.6660,M,0.0000,M,0.0000,0
$GPRMC,220205.00,A,3726.1397020,N,12214.5509720,W,0.0010,58.4037,040121,,,,
$GPGGA,220206.00,3726.1397020,N,12214.5509720,W,1,0,0.0,52.6660,M,0.0000,M,0.0000,0
$GPRMC,220206.00,A,3726.1397020,N,12214.5509720,W,0.0000,58.4038,040121,,,,
$GPGGA,220207.00,3726.1397020,N,12214.5509660,W,1,0,0.0,52.6650,M,0.0000,M,0.0000,0
$GPRMC,220207.00,A,3726.1397020,N,12214.5509660,W,0.0000,58.4041,040121,,,,
$GPGGA,220208.00,3726.1397020,N,12214.5509660,W,1,0,0.0,52.6650,M,0.0000,M,0.0000,0
$GPRMC,220208.00,A,3726.1397020,N,12214.5509660,W,0.0014,58.4044,040121,,,,
$GPGGA,220209.00,3726.1397020,N,12214.5509720,W,1,0,0.0,52.6670,M,0.0000,M,0.0000,0
$GPRMC,220209.00,A,3726.1397020,N,12214.5509720,W,0.0010,58.4046,040121,,,,
$GPGGA,220210.00,3726.1397020,N,12214.5509720,W,1,0,0.0,52.6670,M,0.0000,M,0.0000,0
$GPRMC,220210.00,A,3726.1397020,N,12214.5509720,W,0.0010,58.4040,040121,,,,
$GPGGA,220211.00,3726.1397020,N,12214.5509720,W,1,0,0.0,52.6670,M,0.0000,M,0.0000,0
$GPRMC,220211.00,A,3726.1397020,N,12214.5509720,W,0.0022,58.4044,040121,,,,
$GPGGA,220212.00,3726.1397020,N,12214.5509720,W,1,0,0.0,52.6670,M,0.0000,M,0.0000,0
$GPRMC,220212.00,A,3726.1397020,N,12214.5509720,W,0.0000,58.4040,040121,,,,
$GPGGA,220213.00,3726.1397020,N,12214.5509720,W,1,0,0.0,52.6670,M,0.0000,M,0.0000,0
$GPRMC,220213.00,A,3726.1397020,N,12214.5509720,W,0.0000,58.4041,040121,,,,
$GPGGA,220214.00,3726.1397020,N,12214.5509720,W,1,0,0.0,52.6670,M,0.0000,M,0.0000,0
$GPRMC,220214.00,A,3726.1397020,N,12214.5509720,W,0.0000,58.4046,040121,,,,
$GPGGA,220215.00,3726.1397020,N,12214.5509720,W,1,0,0.0,52.6670,M,0.0000,M,0.0000,0
$GPRMC,220215.00,A,3726.1397020,N,12214.5509720,W,0.0022,58.4050,040121,,,,
$GPGGA,220216.00,3726.1397020,N,12214.5509720,W,1,0,0.0,52.6670,M,0.0000,M,0.0000,0
$GPRMC,220216.00,A,3726.1397020,N,12214.5509720,W,0.0010,58.4049,040121,,,,
$GPGGA,220217.00,3726.1397020,N,12214.5509720,W,1,0,0.0,52.6660,M,0.0000,M,0.0000,0
$GPRMC,220217.00,A,3726.1397020,N,12214.5509720,W,0.0010,58.4048,040121,,,,
$GPGGA,220218.00,3726.1397020,N,12214.5509660,W,1,0,0.0,52.6650,M,0.0000,M,0.0000,0
$GPRMC,220218.00,A,3726.1397020,N,12214.5509660,W,0.0014,58.4044,040121,,,,
$GPGGA,220219.00,3726.1397020,N,12214.5509660,W,1,0,0.0,52.6660,M,0.0000,M,0.0000,0
$GPRMC,220219.00,A,3726.1397020,N,12214.5509660,W,0.0032,58.4045,040121,,,,
$GPGGA,220220.00,3726.1397080,N,12214.5509660,W,1,0,0.0,52.6660,M,0.0000,M,0.0000,0
$GPRMC,220220.00,A,3726.1397080,N,12214.5509660,W,0.0587,58.4012,040121,,,,
$GPGGA,220221.00,3726.1398640,N,12214.5506540,W,1,0,0.0,52.6380,M,0.0000,M,0.0000,0
$GPRMC,220221.00,A,3726.1398640,N,12214.5506540,W,1.2057,58.2138,040121,,,,
$GPGGA,220222.00,3726.1405720,N,12214.5496100,W,1,0,0.0,52.5700,M,0.0000,M,0.0000,0
$GPRMC,220222.00,A,3726.1405720,N,12214.5496100,W,2.6720,51.8210,040121,,,,
$GPGGA,220223.00,3726.1421620,N,12214.5483380,W,1,0,0.0,52.5060,M,0.0000,M,0.0000,0
$GPRMC,220223.00,A,3726.1421620,N,12214.5483380,W,4.1105,33.3713,040121,,,,
$GPGGA,220224.00,3726.1447840,N,12214.5476840,W,1,0,0.0,52.3900,M,0.0000,M,0.0000,0
$GPRMC,220224.00,A,3726.1447840,N,12214.5476840,W,5.5672,8.7789,040121,,,,
$GPGGA,220225.00,3726.1482340,N,12214.5484100,W,1,0,0.0,52.2160,M,0.0000,M,0.0000,0
$GPRMC,220225.00,A,3726.1482340,N,12214.5484100,W,7.0782,346.6119,040121,,,,
$GPGGA,220226.00,3726.1518940,N,12214.5510020,W,1,0,0.0,52.0609,M,0.0000,M,0.0000,0
$GPRMC,220226.00,A,3726.1518940,N,12214.5510020,W,8.2143,324.5943,040121,,,,
$GPGGA,220227.00,3726.1548580,N,12214.5556400,W,1,0,0.0,52.0911,M,0.0000,M,0.0000,0
$GPRMC,220227.00,A,3726.1548580,N,12214.5556400,W,9.1022,302.4626,040121,,,,
$GPGGA,220228.00,3726.1572700,N,12214.5614660,W,1,0,0.0,52.3891,M,0.0000,M,0.0000,0
$GPRMC,220228.00,A,3726.1572700,N,12214.5614660,W,10.3582,296.8737,040121,,,,
$GPGGA,220229.00,3726.1599400,N,12214.5681920,W,1,0,0.0,52.7572,M,0.0000,M,0.0000,0
$GPRMC,220229.00,A,3726.1599400,N,12214.5681920,W,11.7522,296.4318,040121,,,,
$GPGGA,220230.00,3726.1629460,N,12214.5757400,W,1,0,0.0,53.3002,M,0.0000,M,0.0000,0
$GPRMC,220230.00,A,3726.1629460,N,12214.5757400,W,13.1117,296.4208,040121,,,,
$GPGGA,220231.00,3726.1663000,N,12214.5840440,W,1,0,0.0,53.9502,M,0.0000,M,0.0000,0
$GPRMC,220231.00,A,3726.1663000,N,12214.5840440,W,14.3359,296.8736,040121,,,,
$GPGGA,220232.00,3726.1699060,N,12214.5928820,W,1,0,0.0,54.7582,M,0.0000,M,0.0000,0
$GPRMC,220232.00,A,3726.1699060,N,12214.5928820,W,14.9143,297.1977,040121,,,,
$GPGGA,220233.00,3726.1737040,N,12214.6020320,W,1,0,0.0,55.6252,M,0.0000,M,0.0000,0
$GPRMC,220233.00,A,3726.1737040,N,12214.6020320,W,15.4997,297.4291,040121,,,,
$GPGGA,220234.00,3726.1776520,N,12214.6115120,W,1,0,0.0,56.5222,M,0.0000,M,0.0000,0
$GPRMC,220234.00,A,3726.1776520,N,12214.6115120,W,16.0318,297.4880,040121,,,,
$GPGGA,220235.00,3726.1817680,N,12214.6212500,W,1,0,0.0,57.4392,M,0.0000,M,0.0000,0
$GPRMC,220235.00,A,3726.1817680,N,12214.6212500,W,16.4985,298.2773,040121,,,,
$GPGGA,220236.00,3726.1862320,N,12214.6311140,W,1,0,0.0,58.4292,M,0.0000,M,0.0000,0
$GPRMC,220236.00,A,3726.1862320,N,12214.6311140,W,16.9794,300.5627,040121,,,,
$GPGGA,220237.00,3726.1912240,N,12214.6409360,W,1,0,0.0,59.4552,M,0.0000,M,0.0000,0
$GPRMC,220237.00,A,3726.1912240,N,12214.6409360,W,17.4266,303.8346,040121,,,,
$GPGGA,220238.00,3726.1968040,N,12214.6506080,W,1,0,0.0,60.4663,M,0.0000,M,0.0000,0
$GPRMC,220238.00,A,3726.1968040,N,12214.6506080,W,17.8178,307.2126,040121,,,,
$GPGGA,220239.00,3726.2029420,N,12214.6600520,W,1,0,0.0,61.5533,M,0.0000,M,0.0000,0
$GPRMC,220239.00,A,3726.2029420,N,12214.6600520,W,18.1486,310.3523,040121,,,,
$GPGGA,220240.00,3726.2094940,N,12214.6693280,W,1,0,0.0,62.7053,M,0.0000,M,0.0000,0
$GPRMC,220240.00,A,3726.2094940,N,12214.6693280,W,18.4332,312.1552,040121,,,,
$GPGGA,220241.00,3726.2162740,N,12214.6785920,W,1,0,0.0,63.8413,M,0.0000,M,0.0000,0
$GPRMC,220241.00,A,3726.2162740,N,12214.6785920,W,18.6858,312.4205,040121,,,,
$GPGGA,220242.00,3726.2232040,N,12214.6880600,W,1,0,0.0,64.8852,M,0.0000,M,0.0000,0
$GPRMC,220242.00,A,3726.2232040,N,12214.6880600,W,19.2569,312.4149,040121,,,,
$GPGGA,220243.00,3726.2303620,N,12214.6978880,W,1,0,0.0,65.8272,M,0.0000,M,0.0000,0
$GPRMC,220243.00,A,3726.2303620,N,12214.6978880,W,20.0058,312.3245,040121,,,,
$GPGGA,220244.00,3726.2377720,N,12214.7080520,W,1,0,0.0,66.7342,M,0.0000,M,0.0000,0
$GPRMC,220244.00,A,3726.2377720,N,12214.7080520,W,20.7192,312.6190,040121,,,,
$GPGGA,220245.00,3726.2456260,N,12214.7185580,W,1,0,0.0,67.6252,M,0.0000,M,0.0000,0
$GPRMC,220245.00,A,3726.2456260,N,12214.7185580,W,21.7901,313.3991,040121,,,,
$GPGGA,220246.00,3726.2539600,N,12214.7295020,W,1,0,0.0,68.5272,M,0.0000,M,0.0000,0
$GPRMC,220246.00,A,3726.2539600,N,12214.7295020,W,22.8584,313.6572,040121,,,,
$GPGGA,220247.00,3726.2626960,N,12214.7408000,W,1,0,0.0,69.4842,M,0.0000,M,0.0000,0
$GPRMC,220247.00,A,3726.2626960,N,12214.7408000,W,23.5038,314.2790,040121,,,,
$GPGGA,220248.00,3726.2717320,N,12214.7522840,W,1,0,0.0,70.4913,M,0.0000,M,0.0000,0
$GPRMC,220248.00,A,3726.2717320,N,12214.7522840,W,24.0469,314.6376,040121,,,,
$GPGGA,220249.00,3726.2810080,N,12214.7640440,W,1,0,0.0,71.5312,M,0.0000,M,0.0000,0
$GPRMC,220249.00,A,3726.2810080,N,12214.7640440,W,24.8170,314.4850,040121,,,,
$GPGGA,220250.00,3726.2905300,N,12214.7763020,W,1,0,0.0,72.5852,M,0.0000,M,0.0000,0
$GPRMC,220250.00,A,3726.2905300,N,12214.7763020,W,25.5773,313.9279,040121,,,,
$GPGGA,220251.00,3726.3002440,N,12214.7888420,W,1,0,0.0,73.6413,M,0.0000,M,0.0000,0
$GPRMC,220251.00,A,3726.3002440,N,12214.7888420,W,26.0079,314.0019,040121,,,,
$GPGGA,220252.00,3726.3100840,N,12214.8016400,W,1,0,0.0,74.7702,M,0.0000,M,0.0000,0
$GPRMC,220252.00,A,3726.3100840,N,12214.8016400,W,26.4217,313.8274,040121,,,,
$GPGGA,220253.00,3726.3201160,N,12214.8146540,W,1,0,0.0,75.8183,M,0.0000,M,0.0000,0
$GPRMC,220253.00,A,3726.3201160,N,12214.8146540,W,26.9161,314.1054,040121,,,,
$GPGGA,220254.00,3726.3302560,N,12214.8277520,W,1,0,0.0,76.9222,M,0.0000,M,0.0000,0
$GPRMC,220254.00,A,3726.3302560,N,12214.8277520,W,26.9406,313.9260,040121,,,,
$GPGGA,220255.00,3726.3403480,N,12214.8409880,W,1,0,0.0,78.0123,M,0.0000,M,0.0000,0
$GPRMC,220255.00,A,3726.3403480,N,12214.8409880,W,27.1333,313.2308,040121,,,,
$GPGGA,220256.00,3726.3504340,N,12214.8545720,W,1,0,0.0,79.1223,M,0.0000,M,0.0000,0
$GPRMC,220256.00,A,3726.3504340,N,12214.8545720,W,27.6373,312.5950,040121,,,,
$GPGGA,220257.00,3726.3606520,N,12214.8684800,W,1,0,0.0,80.2543,M,0.0000,M,0.0000,0
$GPRMC,220257.00,A,3726.3606520,N,12214.8684800,W,28.1499,312.7901,040121,,,,
$GPGGA,220258.00,3726.3711880,N,12214.8824480,W,1,0,0.0,81.3953,M,0.0000,M,0.0000,0
$GPRMC,220258.00,A,3726.3711880,N,12214.8824480,W,28.5626,313.8168,040121,,,,
$GPGGA,220259.00,3726.3819820,N,12214.8964340,W,1,0,0.0,82.5373,M,0.0000,M,0.0000,0
$GPRMC,220259.00,A,3726.3819820,N,12214.8964340,W,28.8559,313.9116,040121,,,,
$GPGGA,220300.00,3726.3928540,N,12214.9106060,W,1,0,0.0,83.6903,M,0.0000,M,0.0000,0
$GPRMC,220300.00,A,3726.3928540,N,12214.9106060,W,29.1583,313.7686,040121,,,,
$GPGGA,220301.00,3726.4038220,N,12214.9249220,W,1,0,0.0,84.9083,M,0.0000,M,0.0000,0
$GPRMC,220301.00,A,3726.4038220,N,12214.9249220,W,29.3858,313.7501,040121,,,,
$GPGGA,220302.00,3726.4148080,N,12214.9392740,W,1,0,0.0,86.1153,M,0.0000,M,0.0000,0
$GPRMC,220302.00,A,3726.4148080,N,12214.9392740,W,29.3116,313.7700,040121,,,,
$GPGGA,220303.00,3726.4258060,N,12214.9536080,W,1,0,0.0,87.2843,M,0.0000,M,0.0000,0
$GPRMC,220303.00,A,3726.4258060,N,12214.9536080,W,29.3410,313.8097,040121,,,,
$GPGGA,220304.00,3726.4368100,N,12214.9679360,W,1,0,0.0,88.4543,M,0.0000,M,0.0000,0
$GPRMC,220304.00,A,3726.4368100,N,12214.9679360,W,29.3569,313.8369,040121,,,,
$GPGGA,220305.00,3726.4478140,N,12214.9822760,W,1,0,0.0,89.6063,M,0.0000,M,0.0000,0
$GPRMC,220305.00,A,3726.4478140,N,12214.9822760,W,29.3620,313.7301,040121,,,,
$GPGGA,220306.00,3726.4588000,N,12214.9966520,W,1,0,0.0,90.7853,M,0.0000,M,0.0000,0
$GPRMC,220306.00,A,3726.4588000,N,12214.9966520,W,29.3708,313.7166,040121,,,,
$GPGGA,220307.00,3726.4698160,N,12215.0110160,W,1,0,0.0,91.9383,M,0.0000,M,0.0000,0
$GPRMC,220307.00,A,3726.4698160,N,12215.0110160,W,29.3985,313.8160,040121,,,,
$GPGGA,220308.00,3726.4808560,N,12215.0253440,W,1,0,0.0,93.1023,M,0.0000,M,0.0000,0
$GPRMC,220308.00,A,3726.4808560,N,12215.0253440,W,29.3739,314.1078,040121,,,,
$GPGGA,220309.00,3726.4918900,N,12215.0396300,W,1,0,0.0,94.3813,M,0.0000,M,0.0000,0
$GPRMC,220309.00,A,3726.4918900,N,12215.0396300,W,29.2446,313.9048,040121,,,,
$GPGGA,220310.00,3726.5027860,N,12215.0538800,W,1,0,0.0,95.6443,M,0.0000,M,0.0000,0
$GPRMC,220310.00,A,3726.5027860,N,12215.0538800,W,29.0147,313.5755,040121,,,,
$GPGGA,220311.00,3726.5135980,N,12215.0680280,W,1,0,0.0,96.9103,M,0.0000,M,0.0000,0
$GPRMC,220311.00,A,3726.5135980,N,12215.0680280,W,28.7965,313.8399,040121,,,,
$GPGGA,220312.00,3726.5242840,N,12215.0821280,W,1,0,0.0,98.1633,M,0.0000,M,0.0000,0
$GPRMC,220312.00,A,3726.5242840,N,12215.0821280,W,28.6078,312.9801,040121,,,,
$GPGGA,220313.00,3726.5346220,N,12215.0965100,W,1,0,0.0,99.3623,M,0.0000,M,0.0000,0
$GPRMC,220313.00,A,3726.5346220,N,12215.0965100,W,28.5000,311.1334,040121,,,,
$GPGGA,220314.00,3726.5445580,N,12215.1112580,W,1,0,0.0,100.4713,M,0.0000,M,0.0000,0
$GPRMC,220314.00,A,3726.5445580,N,12215.1112580,W,28.4392,309.2670,040121,,,,
$GPGGA,220315.00,3726.5540980,N,12215.1263540,W,1,0,0.0,101.6033,M,0.0000,M,0.0000,0
$GPRMC,220315.00,A,3726.5540980,N,12215.1263540,W,28.3309,307.5479,040121,,,,
$GPGGA,220316.00,3726.5632180,N,12215.1417020,W,1,0,0.0,102.7323,M,0.0000,M,0.0000,0
$GPRMC,220316.00,A,3726.5632180,N,12215.1417020,W,28.1198,305.8072,040121,,,,
$GPGGA,220317.00,3726.5718940,N,12215.1572780,W,1,0,0.0,103.8512,M,0.0000,M,0.0000,0
$GPRMC,220317.00,A,3726.5718940,N,12215.1572780,W,27.9369,304.0582,040121,,,,
$GPGGA,220318.00,3726.5801260,N,12215.1731060,W,1,0,0.0,104.9392,M,0.0000,M,0.0000,0
$GPRMC,220318.00,A,3726.5801260,N,12215.1731060,W,27.8073,302.1116,040121,,,,
$GPGGA,220319.00,3726.5879140,N,12215.1891860,W,1,0,0.0,106.0352,M,0.0000,M,0.0000,0
$GPRMC,220319.00,A,3726.5879140,N,12215.1891860,W,27.6782,300.5161,040121,,,,
$GPGGA,220320.00,3726.5953180,N,12215.2054640,W,1,0,0.0,107.1142,M,0.0000,M,0.0000,0
$GPRMC,220320.00,A,3726.5953180,N,12215.2054640,W,27.6023,298.8224,040121,,,,
$GPGGA,220321.00,3726.6023200,N,12215.2219820,W,1,0,0.0,108.2033,M,0.0000,M,0.0000,0
$GPRMC,220321.00,A,3726.6023200,N,12215.2219820,W,27.5606,297.1363,040121,,,,
$GPGGA,220322.00,3726.6089320,N,12215.2387160,W,1,0,0.0,109.2973,M,0.0000,M,0.0000,0
$GPRMC,220322.00,A,3726.6089320,N,12215.2387160,W,27.5242,295.4512,040121,,,,
$GPGGA,220323.00,3726.6151300,N,12215.2556960,W,1,0,0.0,110.4023,M,0.0000,M,0.0000,0
$GPRMC,220323.00,A,3726.6151300,N,12215.2556960,W,27.5319,293.7516,040121,,,,
$GPGGA,220324.00,3726.6209440,N,12215.2728920,W,1,0,0.0,111.4942,M,0.0000,M,0.0000,0
$GPRMC,220324.00,A,3726.6209440,N,12215.2728920,W,27.5410,292.1471,040121,,,,
$GPGGA,220325.00,3726.6263680,N,12215.2902920,W,1,0,0.0,112.5672,M,0.0000,M,0.0000,0
$GPRMC,220325.00,A,3726.6263680,N,12215.2902920,W,27.5715,290.5303,040121,,,,
$GPGGA,220326.00,3726.6313840,N,12215.3079080,W,1,0,0.0,113.6673,M,0.0000,M,0.0000,0
$GPRMC,220326.00,A,3726.6313840,N,12215.3079080,W,27.5955,288.7763,040121,,,,
$GPGGA,220327.00,3726.6359680,N,12215.3257280,W,1,0,0.0,114.7882,M,0.0000,M,0.0000,0
$GPRMC,220327.00,A,3726.6359680,N,12215.3257280,W,27.6177,287.0321,040121,,,,
$GPGGA,220328.00,3726.6401500,N,12215.3437220,W,1,0,0.0,115.8682,M,0.0000,M,0.0000,0
$GPRMC,220328.00,A,3726.6401500,N,12215.3437220,W,27.6494,285.3231,040121,,,,
$GPGGA,220329.00,3726.6438700,N,12215.3618840,W,1,0,0.0,116.9662,M,0.0000,M,0.0000,0
$GPRMC,220329.00,A,3726.6438700,N,12215.3618840,W,27.6652,283.5126,040121,,,,
$GPGGA,220330.00,3726.6471220,N,12215.3801960,W,1,0,0.0,118.0172,M,0.0000,M,0.0000,0
$GPRMC,220330.00,A,3726.6471220,N,12215.3801960,W,27.6508,281.6648,040121,,,,
$GPGGA,220331.00,3726.6499840,N,12215.3986220,W,1,0,0.0,119.0142,M,0.0000,M,0.0000,0
$GPRMC,220331.00,A,3726.6499840,N,12215.3986220,W,27.6667,280.2635,040121,,,,
$GPGGA,220332.00,3726.6524440,N,12215.4170900,W,1,0,0.0,119.9492,M,0.0000,M,0.0000,0
$GPRMC,220332.00,A,3726.6524440,N,12215.4170900,W,27.5601,278.6509,040121,,,,
$GPGGA,220333.00,3726.6544600,N,12215.4355880,W,1,0,0.0,120.8212,M,0.0000,M,0.0000,0
$GPRMC,220333.00,A,3726.6544600,N,12215.4355880,W,27.5046,276.8688,040121,,,,
$GPGGA,220334.00,3726.6560200,N,12215.4541280,W,1,0,0.0,121.6452,M,0.0000,M,0.0000,0
$GPRMC,220334.00,A,3726.6560200,N,12215.4541280,W,27.4720,275.1523,040121,,,,
$GPGGA,220335.00,3726.6571360,N,12215.4727160,W,1,0,0.0,122.4102,M,0.0000,M,0.0000,0
$GPRMC,220335.00,A,3726.6571360,N,12215.4727160,W,27.4998,273.3551,040121,,,,
$GPGGA,220336.00,3726.6577720,N,12215.4913520,W,1,0,0.0,123.0852,M,0.0000,M,0.0000,0
$GPRMC,220336.00,A,3726.6577720,N,12215.4913520,W,27.5310,271.4818,040121,,,,
$GPGGA,220337.00,3726.6579100,N,12215.5100480,W,1,0,0.0,123.7251,M,0.0000,M,0.0000,0
$GPRMC,220337.00,A,3726.6579100,N,12215.5100480,W,27.5872,269.6043,040121,,,,
$GPGGA,220338.00,3726.6575980,N,12215.5287500,W,1,0,0.0,124.3041,M,0.0000,M,0.0000,0
$GPRMC,220338.00,A,3726.6575980,N,12215.5287500,W,27.5777,267.9765,040121,,,,
$GPGGA,220339.00,3726.6568660,N,12215.5474700,W,1,0,0.0,124.7711,M,0.0000,M,0.0000,0
$GPRMC,220339.00,A,3726.6568660,N,12215.5474700,W,27.7462,266.3664,040121,,,,
$GPGGA,220340.00,3726.6557620,N,12215.5663160,W,1,0,0.0,125.1471,M,0.0000,M,0.0000,0
$GPRMC,220340.00,A,3726.6557620,N,12215.5663160,W,27.9945,265.2346,040121,,,,
$GPGGA,220341.00,3726.6544060,N,12215.5852940,W,1,0,0.0,125.4651,M,0.0000,M,0.0000,0
$GPRMC,220341.00,A,3726.6544060,N,12215.5852940,W,28.1536,264.4577,040121,,,,
$GPGGA,220342.00,3726.6529120,N,12215.6042840,W,1,0,0.0,125.7090,M,0.0000,M,0.0000,0
$GPRMC,220342.00,A,3726.6529120,N,12215.6042840,W,28.1253,264.2264,040121,,,,
$GPGGA,220343.00,3726.6514120,N,12215.6232260,W,1,0,0.0,125.8940,M,0.0000,M,0.0000,0
$GPRMC,220343.00,A,3726.6514120,N,12215.6232260,W,28.0214,264.2217,040121,,,,
$GPGGA,220344.00,3726.6499180,N,12215.6421080,W,1,0,0.0,126.0210,M,0.0000,M,0.0000,0
$GPRMC,220344.00,A,3726.6499180,N,12215.6421080,W,27.9504,264.2840,040121,,,,
$GPGGA,220345.00,3726.6484180,N,12215.6609660,W,1,0,0.0,126.1581,M,0.0000,M,0.0000,0
$GPRMC,220345.00,A,3726.6484180,N,12215.6609660,W,28.0242,264.1339,040121,,,,
$GPGGA,220346.00,3726.6468580,N,12215.6799380,W,1,0,0.0,126.3670,M,0.0000,M,0.0000,0
$GPRMC,220346.00,A,3726.6468580,N,12215.6799380,W,28.1749,263.8476,040121,,,,
$GPGGA,220347.00,3726.6452560,N,12215.6989460,W,1,0,0.0,126.5790,M,0.0000,M,0.0000,0
$GPRMC,220347.00,A,3726.6452560,N,12215.6989460,W,28.1970,264.0253,040121,,,,
$GPGGA,220348.00,3726.6437560,N,12215.7179780,W,1,0,0.0,126.7350,M,0.0000,M,0.0000,0
$GPRMC,220348.00,A,3726.6437560,N,12215.7179780,W,28.2087,264.4471,040121,,,,
$GPGGA,220349.00,3726.6423280,N,12215.7369920,W,1,0,0.0,126.9150,M,0.0000,M,0.0000,0
$GPRMC,220349.00,A,3726.6423280,N,12215.7369920,W,28.1190,264.5482,040121,,,,
$GPGGA,220350.00,3726.6408760,N,12215.7559460,W,1,0,0.0,127.0670,M,0.0000,M,0.0000,0
$GPRMC,220350.00,A,3726.6408760,N,12215.7559460,W,28.0479,264.2683,040121,,,,
$GPGGA,220351.00,3726.6393400,N,12215.7748280,W,1,0,0.0,127.1620,M,0.0000,M,0.0000,0
$GPRMC,220351.00,A,3726.6393400,N,12215.7748280,W,27.8595,263.9341,040121,,,,
$GPGGA,220352.00,3726.6378340,N,12215.7934820,W,1,0,0.0,127.3060,M,0.0000,M,0.0000,0
$GPRMC,220352.00,A,3726.6378340,N,12215.7934820,W,27.4485,264.3593,040121,,,,
$GPGGA,220353.00,3726.6364300,N,12215.8118660,W,1,0,0.0,127.4140,M,0.0000,M,0.0000,0
$GPRMC,220353.00,A,3726.6364300,N,12215.8118660,W,27.0273,264.3592,040121,,,,
$GPGGA,220354.00,3726.6350320,N,12215.8299740,W,1,0,0.0,127.5290,M,0.0000,M,0.0000,0
$GPRMC,220354.00,A,3726.6350320,N,12215.8299740,W,26.6322,264.6697,040121,,,,
$GPGGA,220355.00,3726.6338680,N,12215.8479020,W,1,0,0.0,127.6010,M,0.0000,M,0.0000,0
$GPRMC,220355.00,A,3726.6338680,N,12215.8479020,W,26.5086,265.7304,040121,,,,
$GPGGA,220356.00,3726.6330340,N,12215.8658960,W,1,0,0.0,127.6130,M,0.0000,M,0.0000,0
$GPRMC,220356.00,A,3726.6330340,N,12215.8658960,W,26.6985,267.5515,040121,,,,
$GPGGA,220357.00,3726.6326920,N,12215.8840580,W,1,0,0.0,127.5820,M,0.0000,M,0.0000,0
$GPRMC,220357.00,A,3726.6326920,N,12215.8840580,W,26.9038,269.3774,040121,,,,
$GPGGA,220358.00,3726.6327400,N,12215.9023400,W,1,0,0.0,127.5150,M,0.0000,M,0.0000,0
$GPRMC,220358.00,A,3726.6327400,N,12215.9023400,W,27.0104,270.8203,040121,,,,
$GPGGA,220359.00,3726.6331720,N,12215.9206280,W,1,0,0.0,127.3970,M,0.0000,M,0.0000,0
$GPRMC,220359.00,A,3726.6331720,N,12215.9206280,W,26.9655,272.4030,040121,,,,
$GPGGA,220400.00,3726.6340120,N,12215.9388500,W,1,0,0.0,127.2390,M,0.0000,M,0.0000,0
$GPRMC,220400.00,A,3726.6340120,N,12215.9388500,W,26.9022,274.0303,040121,,,,
$GPGGA,220401.00,3726.6352840,N,12215.9569820,W,1,0,0.0,127.0249,M,0.0000,M,0.0000,0
$GPRMC,220401.00,A,3726.6352840,N,12215.9569820,W,26.7970,275.7133,040121,,,,
$GPGGA,220402.00,3726.6369400,N,12215.9749940,W,1,0,0.0,126.7649,M,0.0000,M,0.0000,0
$GPRMC,220402.00,A,3726.6369400,N,12215.9749940,W,26.6850,277.2137,040121,,,,
$GPGGA,220403.00,3726.6389260,N,12215.9928800,W,1,0,0.0,126.4439,M,0.0000,M,0.0000,0
$GPRMC,220403.00,A,3726.6389260,N,12215.9928800,W,26.6037,278.3582,040121,,,,
$GPGGA,220404.00,3726.6412000,N,12216.0106700,W,1,0,0.0,126.1029,M,0.0000,M,0.0000,0
$GPRMC,220404.00,A,3726.6412000,N,12216.0106700,W,26.5307,279.5500,040121,,,,
$GPGGA,220405.00,3726.6437620,N,12216.0283160,W,1,0,0.0,125.7319,M,0.0000,M,0.0000,0
$GPRMC,220405.00,A,3726.6437620,N,12216.0283160,W,26.3949,280.9710,040121,,,,
$GPGGA,220406.00,3726.6467440,N,12216.0457460,W,1,0,0.0,125.3519,M,0.0000,M,0.0000,0
$GPRMC,220406.00,A,3726.6467440,N,12216.0457460,W,26.2072,282.8185,040121,,,,
$GPGGA,220407.00,3726.6500800,N,12216.0629540,W,1,0,0.0,124.9869,M,0.0000,M,0.0000,0
$GPRMC,220407.00,A,3726.6500800,N,12216.0629540,W,26.0513,284.1504,040121,,,,
$GPGGA,220408.00,3726.6536980,N,12216.0799580,W,1,0,0.0,124.6469,M,0.0000,M,0.0000,0
$GPRMC,220408.00,A,3726.6536980,N,12216.0799580,W,25.8783,285.6485,040121,,,,
$GPGGA,220409.00,3726.6577240,N,12216.0966920,W,1,0,0.0,124.2459,M,0.0000,M,0.0000,0
$GPRMC,220409.00,A,3726.6577240,N,12216.0966920,W,25.7156,287.6527,040121,,,,
$GPGGA,220410.00,3726.6621460,N,12216.1131620,W,1,0,0.0,123.8799,M,0.0000,M,0.0000,0
$GPRMC,220410.00,A,3726.6621460,N,12216.1131620,W,25.5525,289.3417,040121,,,,
$GPGGA,220411.00,3726.6668740,N,12216.1293800,W,1,0,0.0,123.5059,M,0.0000,M,0.0000,0
$GPRMC,220411.00,A,3726.6668740,N,12216.1293800,W,25.4052,290.4877,040121,,,,
$GPGGA,220412.00,3726.6718240,N,12216.1453880,W,1,0,0.0,123.1229,M,0.0000,M,0.0000,0
$GPRMC,220412.00,A,3726.6718240,N,12216.1453880,W,25.2676,291.7049,040121,,,,
$GPGGA,220413.00,3726.6770320,N,12216.1611860,W,1,0,0.0,122.7009,M,0.0000,M,0.0000,0
$GPRMC,220413.00,A,3726.6770320,N,12216.1611860,W,25.1742,292.9270,040121,,,,
$GPGGA,220414.00,3726.6825460,N,12216.1767680,W,1,0,0.0,122.3229,M,0.0000,M,0.0000,0
$GPRMC,220414.00,A,3726.6825460,N,12216.1767680,W,25.1188,294.6491,040121,,,,
$GPGGA,220415.00,3726.6883900,N,12216.1921340,W,1,0,0.0,121.9929,M,0.0000,M,0.0000,0
$GPRMC,220415.00,A,3726.6883900,N,12216.1921340,W,25.1114,296.1021,040121,,,,
$GPGGA,220416.00,3726.6945520,N,12216.2073080,W,1,0,0.0,121.6679,M,0.0000,M,0.0000,0
$GPRMC,220416.00,A,3726.6945520,N,12216.2073080,W,25.1752,297.6185,040121,,,,
$GPGGA,220417.00,3726.7010320,N,12216.2223620,W,1,0,0.0,121.3239,M,0.0000,M,0.0000,0
$GPRMC,220417.00,A,3726.7010320,N,12216.2223620,W,25.3060,298.7712,040121,,,,
$GPGGA,220418.00,3726.7078060,N,12216.2373320,W,1,0,0.0,121.0109,M,0.0000,M,0.0000,0
$GPRMC,220418.00,A,3726.7078060,N,12216.2373320,W,25.4684,300.1980,040121,,,,
$GPGGA,220419.00,3726.7149220,N,12216.2521700,W,1,0,0.0,120.7750,M,0.0000,M,0.0000,0
$GPRMC,220419.00,A,3726.7149220,N,12216.2521700,W,25.6202,301.3774,040121,,,,
$GPGGA,220420.00,3726.7222960,N,12216.2669240,W,1,0,0.0,120.6110,M,0.0000,M,0.0000,0
$GPRMC,220420.00,A,3726.7222960,N,12216.2669240,W,25.7512,302.5748,040121,,,,
$GPGGA,220421.00,3726.7299880,N,12216.2815040,W,1,0,0.0,120.5000,M,0.0000,M,0.0000,0
$GPRMC,220421.00,A,3726.7299880,N,12216.2815040,W,25.8574,304.2618,040121,,,,
$GPGGA,220422.00,3726.7380940,N,12216.2958320,W,1,0,0.0,120.4400,M,0.0000,M,0.0000,0
$GPRMC,220422.00,A,3726.7380940,N,12216.2958320,W,25.9667,306.1336,040121,,,,
$GPGGA,220423.00,3726.7465660,N,12216.3098960,W,1,0,0.0,120.4490,M,0.0000,M,0.0000,0
$GPRMC,220423.00,A,3726.7465660,N,12216.3098960,W,26.0458,307.6482,040121,,,,
$GPGGA,220424.00,3726.7553380,N,12216.3237140,W,1,0,0.0,120.5560,M,0.0000,M,0.0000,0
$GPRMC,220424.00,A,3726.7553380,N,12216.3237140,W,26.0756,309.1849,040121,,,,
$GPGGA,220425.00,3726.7643680,N,12216.3372620,W,1,0,0.0,120.7390,M,0.0000,M,0.0000,0
$GPRMC,220425.00,A,3726.7643680,N,12216.3372620,W,25.9945,310.2663,040121,,,,
$GPGGA,220426.00,3726.7735120,N,12216.3505700,W,1,0,0.0,120.9821,M,0.0000,M,0.0000,0
$GPRMC,220426.00,A,3726.7735120,N,12216.3505700,W,25.8475,311.0157,040121,,,,
$GPGGA,220427.00,3726.7826800,N,12216.3637100,W,1,0,0.0,121.2781,M,0.0000,M,0.0000,0
$GPRMC,220427.00,A,3726.7826800,N,12216.3637100,W,25.6817,311.1685,040121,,,,
$GPGGA,220428.00,3726.7918240,N,12216.3767420,W,1,0,0.0,121.6171,M,0.0000,M,0.0000,0
$GPRMC,220428.00,A,3726.7918240,N,12216.3767420,W,25.5158,311.2505,040121,,,,
$GPGGA,220429.00,3726.8008900,N,12216.3897200,W,1,0,0.0,121.9831,M,0.0000,M,0.0000,0
$GPRMC,220429.00,A,3726.8008900,N,12216.3897200,W,25.3746,310.9550,040121,,,,
$GPGGA,220430.00,3726.8098480,N,12216.4026680,W,1,0,0.0,122.4161,M,0.0000,M,0.0000,0
$GPRMC,220430.00,A,3726.8098480,N,12216.4026680,W,25.2031,310.7991,040121,,,,
$GPGGA,220431.00,3726.8187460,N,12216.4155500,W,1,0,0.0,122.8761,M,0.0000,M,0.0000,0
$GPRMC,220431.00,A,3726.8187460,N,12216.4155500,W,25.0636,311.0128,040121,,,,
$GPGGA,220432.00,3726.8276380,N,12216.4282820,W,1,0,0.0,123.3731,M,0.0000,M,0.0000,0
$GPRMC,220432.00,A,3726.8276380,N,12216.4282820,W,24.8508,311.2211,040121,,,,
$GPGGA,220433.00,3726.8364880,N,12216.4408880,W,1,0,0.0,123.9461,M,0.0000,M,0.0000,0
$GPRMC,220433.00,A,3726.8364880,N,12216.4408880,W,24.7038,311.3500,040121,,,,
$GPGGA,220434.00,3726.8452900,N,12216.4533920,W,1,0,0.0,124.5771,M,0.0000,M,0.0000,0
$GPRMC,220434.00,A,3726.8452900,N,12216.4533920,W,24.4904,311.3172,040121,,,,
$GPGGA,220435.00,3726.8539900,N,12216.4658420,W,1,0,0.0,125.2402,M,0.0000,M,0.0000,0
$GPRMC,220435.00,A,3726.8539900,N,12216.4658420,W,24.3611,311.0260,040121,,,,
$GPGGA,220436.00,3726.8626420,N,12216.4782800,W,1,0,0.0,125.9312,M,0.0000,M,0.0000,0
$GPRMC,220436.00,A,3726.8626420,N,12216.4782800,W,24.3532,311.0973,040121,,,,
$GPGGA,220437.00,3726.8713300,N,12216.4907120,W,1,0,0.0,126.6202,M,0.0000,M,0.0000,0
$GPRMC,220437.00,A,3726.8713300,N,12216.4907120,W,24.4158,311.1796,040121,,,,
$GPGGA,220438.00,3726.8799940,N,12216.5031440,W,1,0,0.0,127.3282,M,0.0000,M,0.0000,0
$GPRMC,220438.00,A,3726.8799940,N,12216.5031440,W,24.2536,311.1189,040121,,,,
$GPGGA,220439.00,3726.8886220,N,12216.5154740,W,1,0,0.0,128.0252,M,0.0000,M,0.0000,0
$GPRMC,220439.00,A,3726.8886220,N,12216.5154740,W,24.1659,311.3269,040121,,,,
$GPGGA,220440.00,3726.8972740,N,12216.5277440,W,1,0,0.0,128.7501,M,0.0000,M,0.0000,0
$GPRMC,220440.00,A,3726.8972740,N,12216.5277440,W,24.1750,311.4175,040121,,,,
$GPGGA,220441.00,3726.9059440,N,12216.5400260,W,1,0,0.0,129.4502,M,0.0000,M,0.0000,0
$GPRMC,220441.00,A,3726.9059440,N,12216.5400260,W,24.2245,311.4291,040121,,,,
$GPGGA,220442.00,3726.9146620,N,12216.5523860,W,1,0,0.0,130.1302,M,0.0000,M,0.0000,0
$GPRMC,220442.00,A,3726.9146620,N,12216.5523860,W,24.4445,311.4576,040121,,,,
$GPGGA,220443.00,3726.9234520,N,12216.5648780,W,1,0,0.0,130.8352,M,0.0000,M,0.0000,0
$GPRMC,220443.00,A,3726.9234520,N,12216.5648780,W,24.7141,311.2258,040121,,,,
$GPGGA,220444.00,3726.9322780,N,12216.5775860,W,1,0,0.0,131.5322,M,0.0000,M,0.0000,0
$GPRMC,220444.00,A,3726.9322780,N,12216.5775860,W,24.9854,310.7428,040121,,,,
$GPGGA,220445.00,3726.9411160,N,12216.5905340,W,1,0,0.0,132.2582,M,0.0000,M,0.0000,0
$GPRMC,220445.00,A,3726.9411160,N,12216.5905340,W,25.2613,310.3096,040121,,,,
$GPGGA,220446.00,3726.9499660,N,12216.6036020,W,1,0,0.0,132.9662,M,0.0000,M,0.0000,0
$GPRMC,220446.00,A,3726.9499660,N,12216.6036020,W,25.2647,310.3228,040121,,,,
$GPGGA,220447.00,3726.9588040,N,12216.6166280,W,1,0,0.0,133.6331,M,0.0000,M,0.0000,0
$GPRMC,220447.00,A,3726.9588040,N,12216.6166280,W,25.1804,310.3054,040121,,,,
$GPGGA,220448.00,3726.9675760,N,12216.6296180,W,1,0,0.0,134.2591,M,0.0000,M,0.0000,0
$GPRMC,220448.00,A,3726.9675760,N,12216.6296180,W,25.0657,310.0970,040121,,,,
$GPGGA,220449.00,3726.9762760,N,12216.6425840,W,1,0,0.0,134.8341,M,0.0000,M,0.0000,0
$GPRMC,220449.00,A,3726.9762760,N,12216.6425840,W,24.8825,309.9221,040121,,,,
$GPGGA,220450.00,3726.9848800,N,12216.6554780,W,1,0,0.0,135.2761,M,0.0000,M,0.0000,0
$GPRMC,220450.00,A,3726.9848800,N,12216.6554780,W,24.7283,309.8844,040121,,,,
$GPGGA,220451.00,3726.9934300,N,12216.6683300,W,1,0,0.0,135.7251,M,0.0000,M,0.0000,0
$GPRMC,220451.00,A,3726.9934300,N,12216.6683300,W,24.6874,309.6553,040121,,,,
$GPGGA,220452.00,3727.0019560,N,12216.6812360,W,1,0,0.0,136.1431,M,0.0000,M,0.0000,0
$GPRMC,220452.00,A,3727.0019560,N,12216.6812360,W,24.6995,309.4545,040121,,,,
$GPGGA,220453.00,3727.0104400,N,12216.6941360,W,1,0,0.0,136.5151,M,0.0000,M,0.0000,0
$GPRMC,220453.00,A,3727.0104400,N,12216.6941360,W,24.6187,309.5109,040121,,,,
$GPGGA,220454.00,3727.0189060,N,12216.7069460,W,1,0,0.0,136.9061,M,0.0000,M,0.0000,0
$GPRMC,220454.00,A,3727.0189060,N,12216.7069460,W,24.4643,309.6531,040121,,,,
$GPGGA,220455.00,3727.0273480,N,12216.7196720,W,1,0,0.0,137.3080,M,0.0000,M,0.0000,0
$GPRMC,220455.00,A,3727.0273480,N,12216.7196720,W,24.3976,309.6941,040121,,,,
$GPGGA,220456.00,3727.0358020,N,12216.7323800,W,1,0,0.0,137.5821,M,0.0000,M,0.0000,0
$GPRMC,220456.00,A,3727.0358020,N,12216.7323800,W,24.4195,309.7007,040121,,,,
$GPGGA,220457.00,3727.0442500,N,12216.7451600,W,1,0,0.0,137.7670,M,0.0000,M,0.0000,0
$GPRMC,220457.00,A,3727.0442500,N,12216.7451600,W,24.5691,309.4218,040121,,,,
$GPGGA,220458.00,3727.0527280,N,12216.7580780,W,1,0,0.0,137.9210,M,0.0000,M,0.0000,0
$GPRMC,220458.00,A,3727.0527280,N,12216.7580780,W,24.7875,309.3064,040121,,,,
$GPGGA,220459.00,3727.0612780,N,12216.7711100,W,1,0,0.0,138.0060,M,0.0000,M,0.0000,0
$GPRMC,220459.00,A,3727.0612780,N,12216.7711100,W,24.9496,309.3889,040121,,,,
$GPGGA,220500.00,3727.0698640,N,12216.7841480,W,1,0,0.0,138.0120,M,0.0000,M,0.0000,0
$GPRMC,220500.00,A,3727.0698640,N,12216.7841480,W,24.9151,309.4552,040121,,,,
$GPGGA,220501.00,3727.0784320,N,12216.7971800,W,1,0,0.0,138.0530,M,0.0000,M,0.0000,0
$GPRMC,220501.00,A,3727.0784320,N,12216.7971800,W,24.9308,309.3973,040121,,,,
$GPGGA,220502.00,3727.0870180,N,12216.8102480,W,1,0,0.0,138.0650,M,0.0000,M,0.0000,0
$GPRMC,220502.00,A,3727.0870180,N,12216.8102480,W,25.0664,309.4394,040121,,,,
$GPGGA,220503.00,3727.0957000,N,12216.8233820,W,1,0,0.0,138.0210,M,0.0000,M,0.0000,0
$GPRMC,220503.00,A,3727.0957000,N,12216.8233820,W,25.2075,309.6413,040121,,,,
$GPGGA,220504.00,3727.1044240,N,12216.8365340,W,1,0,0.0,137.9210,M,0.0000,M,0.0000,0
$GPRMC,220504.00,A,3727.1044240,N,12216.8365340,W,25.2784,309.6290,040121,,,,
$GPGGA,220505.00,3727.1131600,N,12216.8498120,W,1,0,0.0,137.7950,M,0.0000,M,0.0000,0
$GPRMC,220505.00,A,3727.1131600,N,12216.8498120,W,25.4884,309.2563,040121,,,,
$GPGGA,220506.00,3727.1219440,N,12216.8632280,W,1,0,0.0,137.6379,M,0.0000,M,0.0000,0
$GPRMC,220506.00,A,3727.1219440,N,12216.8632280,W,25.7232,309.3444,040121,,,,
$GPGGA,220507.00,3727.1308480,N,12216.8767340,W,1,0,0.0,137.4009,M,0.0000,M,0.0000,0
$GPRMC,220507.00,A,3727.1308480,N,12216.8767340,W,25.9590,309.5311,040121,,,,
$GPGGA,220508.00,3727.1398240,N,12216.8903660,W,1,0,0.0,137.1259,M,0.0000,M,0.0000,0
$GPRMC,220508.00,A,3727.1398240,N,12216.8903660,W,26.2033,309.3988,040121,,,,
$GPGGA,220509.00,3727.1489080,N,12216.9041360,W,1,0,0.0,136.7839,M,0.0000,M,0.0000,0
$GPRMC,220509.00,A,3727.1489080,N,12216.9041360,W,26.5045,309.4846,040121,,,,
$GPGGA,220510.00,3727.1580820,N,12216.9180680,W,1,0,0.0,136.4029,M,0.0000,M,0.0000,0
$GPRMC,220510.00,A,3727.1580820,N,12216.9180680,W,26.8044,309.3305,040121,,,,
$GPGGA,220511.00,3727.1673340,N,12216.9321920,W,1,0,0.0,135.9889,M,0.0000,M,0.0000,0
$GPRMC,220511.00,A,3727.1673340,N,12216.9321920,W,27.0945,309.3065,040121,,,,
$GPGGA,220512.00,3727.1766760,N,12216.9464180,W,1,0,0.0,135.5229,M,0.0000,M,0.0000,0
$GPRMC,220512.00,A,3727.1766760,N,12216.9464180,W,27.2546,309.3972,040121,,,,
$GPGGA,220513.00,3727.1860660,N,12216.9607220,W,1,0,0.0,134.9949,M,0.0000,M,0.0000,0
$GPRMC,220513.00,A,3727.1860660,N,12216.9607220,W,27.3850,309.2837,040121,,,,
$GPGGA,220514.00,3727.1954740,N,12216.9751220,W,1,0,0.0,134.4189,M,0.0000,M,0.0000,0
$GPRMC,220514.00,A,3727.1954740,N,12216.9751220,W,27.5209,309.1419,040121,,,,
$GPGGA,220515.00,3727.2049000,N,12216.9896000,W,1,0,0.0,133.8079,M,0.0000,M,0.0000,0
$GPRMC,220515.00,A,3727.2049000,N,12216.9896000,W,27.5839,309.1528,040121,,,,
$GPGGA,220516.00,3727.2143500,N,12217.0040840,W,1,0,0.0,133.2009,M,0.0000,M,0.0000,0
$GPRMC,220516.00,A,3727.2143500,N,12217.0040840,W,27.6070,309.2163,040121,,,,
$GPGGA,220517.00,3727.2238180,N,12217.0185500,W,1,0,0.0,132.6039,M,0.0000,M,0.0000,0
$GPRMC,220517.00,A,3727.2238180,N,12217.0185500,W,27.6080,309.3617,040121,,,,
$GPGGA,220518.00,3727.2333040,N,12217.0329740,W,1,0,0.0,131.9969,M,0.0000,M,0.0000,0
$GPRMC,220518.00,A,3727.2333040,N,12217.0329740,W,27.5209,309.4270,040121,,,,
$GPGGA,220519.00,3727.2427660,N,12217.0473140,W,1,0,0.0,131.3899,M,0.0000,M,0.0000,0
$GPRMC,220519.00,A,3727.2427660,N,12217.0473140,W,27.3570,309.5527,040121,,,,
$GPGGA,220520.00,3727.2521620,N,12217.0615640,W,1,0,0.0,130.7679,M,0.0000,M,0.0000,0
$GPRMC,220520.00,A,3727.2521620,N,12217.0615640,W,27.1973,309.4122,040121,,,,
$GPGGA,220521.00,3727.2614620,N,12217.0757720,W,1,0,0.0,130.1919,M,0.0000,M,0.0000,0
$GPRMC,220521.00,A,3727.2614620,N,12217.0757720,W,27.0153,309.1917,040121,,,,
$GPGGA,220522.00,3727.2706840,N,12217.0899020,W,1,0,0.0,129.6119,M,0.0000,M,0.0000,0
$GPRMC,220522.00,A,3727.2706840,N,12217.0899020,W,26.8471,309.2612,040121,,,,
$GPGGA,220523.00,3727.2798640,N,12217.1039240,W,1,0,0.0,129.0039,M,0.0000,M,0.0000,0
$GPRMC,220523.00,A,3727.2798640,N,12217.1039240,W,26.6738,309.3762,040121,,,,
$GPGGA,220524.00,3727.2890320,N,12217.1178620,W,1,0,0.0,128.4359,M,0.0000,M,0.0000,0
$GPRMC,220524.00,A,3727.2890320,N,12217.1178620,W,26.6504,309.4784,040121,,,,
$GPGGA,220525.00,3727.2982480,N,12217.1317760,W,1,0,0.0,127.8289,M,0.0000,M,0.0000,0
$GPRMC,220525.00,A,3727.2982480,N,12217.1317760,W,26.7234,309.7105,040121,,,,
$GPGGA,220526.00,3727.3075120,N,12217.1457260,W,1,0,0.0,127.2319,M,0.0000,M,0.0000,0
$GPRMC,220526.00,A,3727.3075120,N,12217.1457260,W,26.8195,309.6187,040121,,,,
$GPGGA,220527.00,3727.3167520,N,12217.1597720,W,1,0,0.0,126.6139,M,0.0000,M,0.0000,0
$GPRMC,220527.00,A,3727.3167520,N,12217.1597720,W,26.8884,309.2902,040121,,,,
$GPGGA,220528.00,3727.3259680,N,12217.1738900,W,1,0,0.0,126.0189,M,0.0000,M,0.0000,0
$GPRMC,220528.00,A,3727.3259680,N,12217.1738900,W,26.9028,309.1457,040121,,,,
$GPGGA,220529.00,3727.3351420,N,12217.1880020,W,1,0,0.0,125.3748,M,0.0000,M,0.0000,0
$GPRMC,220529.00,A,3727.3351420,N,12217.1880020,W,26.8098,309.1294,040121,,,,
$GPGGA,220530.00,3727.3443460,N,12217.2019940,W,1,0,0.0,124.6938,M,0.0000,M,0.0000,0
$GPRMC,220530.00,A,3727.3443460,N,12217.2019940,W,26.6810,309.5471,040121,,,,
$GPGGA,220531.00,3727.3535560,N,12217.2158600,W,1,0,0.0,124.0489,M,0.0000,M,0.0000,0
$GPRMC,220531.00,A,3727.3535560,N,12217.2158600,W,26.5591,309.7660,040121,,,,
$GPGGA,220532.00,3727.3628440,N,12217.2295220,W,1,0,0.0,123.4689,M,0.0000,M,0.0000,0
$GPRMC,220532.00,A,3727.3628440,N,12217.2295220,W,26.3947,311.1330,040121,,,,
$GPGGA,220533.00,3727.3723840,N,12217.2427640,W,1,0,0.0,123.0299,M,0.0000,M,0.0000,0
$GPRMC,220533.00,A,3727.3723840,N,12217.2427640,W,26.3168,312.7232,040121,,,,
$GPGGA,220534.00,3727.3821880,N,12217.2556760,W,1,0,0.0,122.6939,M,0.0000,M,0.0000,0
$GPRMC,220534.00,A,3727.3821880,N,12217.2556760,W,26.2895,314.3206,040121,,,,
$GPGGA,220535.00,3727.3922800,N,12217.2681980,W,1,0,0.0,122.4640,M,0.0000,M,0.0000,0
$GPRMC,220535.00,A,3727.3922800,N,12217.2681980,W,26.2499,316.0596,040121,,,,
$GPGGA,220536.00,3727.4027140,N,12217.2802640,W,1,0,0.0,122.3250,M,0.0000,M,0.0000,0
$GPRMC,220536.00,A,3727.4027140,N,12217.2802640,W,26.2832,318.3704,040121,,,,
$GPGGA,220537.00,3727.4135080,N,12217.2918440,W,1,0,0.0,122.2550,M,0.0000,M,0.0000,0
$GPRMC,220537.00,A,3727.4135080,N,12217.2918440,W,26.2735,320.2401,040121,,,,
$GPGGA,220538.00,3727.4245180,N,12217.3029980,W,1,0,0.0,122.2910,M,0.0000,M,0.0000,0
$GPRMC,220538.00,A,3727.4245180,N,12217.3029980,W,26.0516,321.6866,040121,,,,
$GPGGA,220539.00,3727.4356000,N,12217.3137020,W,1,0,0.0,122.4170,M,0.0000,M,0.0000,0
$GPRMC,220539.00,A,3727.4356000,N,12217.3137020,W,25.6770,322.8976,040121,,,,
$GPGGA,220540.00,3727.4466940,N,12217.3239200,W,1,0,0.0,122.6801,M,0.0000,M,0.0000,0
$GPRMC,220540.00,A,3727.4466940,N,12217.3239200,W,25.2991,324.3105,040121,,,,
$GPGGA,220541.00,3727.4578540,N,12217.3336340,W,1,0,0.0,123.0091,M,0.0000,M,0.0000,0
$GPRMC,220541.00,A,3727.4578540,N,12217.3336340,W,24.9696,325.9092,040121,,,,
$GPGGA,220542.00,3727.4690920,N,12217.3428440,W,1,0,0.0,123.4161,M,0.0000,M,0.0000,0
$GPRMC,220542.00,A,3727.4690920,N,12217.3428440,W,24.7436,327.5751,040121,,,,
$GPGGA,220543.00,3727.4804680,N,12217.3515680,W,1,0,0.0,123.8891,M,0.0000,M,0.0000,0
$GPRMC,220543.00,A,3727.4804680,N,12217.3515680,W,24.6184,329.2488,040121,,,,
$GPGGA,220544.00,3727.4919940,N,12217.3598600,W,1,0,0.0,124.3791,M,0.0000,M,0.0000,0
$GPRMC,220544.00,A,3727.4919940,N,12217.3598600,W,24.5162,330.8043,040121,,,,
$GPGGA,220545.00,3727.5036580,N,12217.3677380,W,1,0,0.0,124.8481,M,0.0000,M,0.0000,0
$GPRMC,220545.00,A,3727.5036580,N,12217.3677380,W,24.5550,332.3091,040121,,,,
$GPGGA,220546.00,3727.5155260,N,12217.3752380,W,1,0,0.0,125.3821,M,0.0000,M,0.0000,0
$GPRMC,220546.00,A,3727.5155260,N,12217.3752380,W,24.5900,334.0293,040121,,,,
$GPGGA,220547.00,3727.5275380,N,12217.3822520,W,1,0,0.0,125.9131,M,0.0000,M,0.0000,0
$GPRMC,220547.00,A,3727.5275380,N,12217.3822520,W,24.4708,335.7105,040121,,,,
$GPGGA,220548.00,3727.5396760,N,12217.3888220,W,1,0,0.0,126.3971,M,0.0000,M,0.0000,0
$GPRMC,220548.00,A,3727.5396760,N,12217.3888220,W,24.4579,337.3326,040121,,,,
$GPGGA,220549.00,3727.5519520,N,12217.3949360,W,1,0,0.0,126.9141,M,0.0000,M,0.0000,0
$GPRMC,220549.00,A,3727.5519520,N,12217.3949360,W,24.4369,338.9125,040121,,,,
$GPGGA,220550.00,3727.5643720,N,12217.4006720,W,1,0,0.0,127.3751,M,0.0000,M,0.0000,0
$GPRMC,220550.00,A,3727.5643720,N,12217.4006720,W,24.5706,340.3145,040121,,,,
$GPGGA,220551.00,3727.5769780,N,12217.4060780,W,1,0,0.0,127.8441,M,0.0000,M,0.0000,0
$GPRMC,220551.00,A,3727.5769780,N,12217.4060780,W,24.7436,341.5769,040121,,,,
$GPGGA,220552.00,3727.5897880,N,12217.4111540,W,1,0,0.0,128.3561,M,0.0000,M,0.0000,0
$GPRMC,220552.00,A,3727.5897880,N,12217.4111540,W,24.9808,342.9676,040121,,,,
$GPGGA,220553.00,3727.6028200,N,12217.4159000,W,1,0,0.0,128.8671,M,0.0000,M,0.0000,0
$GPRMC,220553.00,A,3727.6028200,N,12217.4159000,W,25.2256,344.5165,040121,,,,
$GPGGA,220554.00,3727.6160920,N,12217.4202080,W,1,0,0.0,129.3592,M,0.0000,M,0.0000,0
$GPRMC,220554.00,A,3727.6160920,N,12217.4202080,W,25.4545,346.2362,040121,,,,
$GPGGA,220555.00,3727.6295920,N,12217.4240300,W,1,0,0.0,129.9951,M,0.0000,M,0.0000,0
$GPRMC,220555.00,A,3727.6295920,N,12217.4240300,W,25.7884,348.1052,040121,,,,
$GPGGA,220556.00,3727.6433560,N,12217.4272940,W,1,0,0.0,130.5351,M,0.0000,M,0.0000,0
$GPRMC,220556.00,A,3727.6433560,N,12217.4272940,W,26.0599,350.2499,040121,,,,
$GPGGA,220557.00,3727.6573660,N,12217.4299340,W,1,0,0.0,131.0311,M,0.0000,M,0.0000,0
$GPRMC,220557.00,A,3727.6573660,N,12217.4299340,W,26.3864,352.2702,040121,,,,
$GPGGA,220558.00,3727.6716280,N,12217.4321060,W,1,0,0.0,131.5631,M,0.0000,M,0.0000,0
$GPRMC,220558.00,A,3727.6716280,N,12217.4321060,W,26.7777,353.7002,040121,,,,
$GPGGA,220559.00,3727.6861240,N,12217.4338040,W,1,0,0.0,132.1151,M,0.0000,M,0.0000,0
$GPRMC,220559.00,A,3727.6861240,N,12217.4338040,W,27.1288,355.4797,040121,,,,
$GPGGA,220600.00,3727.7008480,N,12217.4349260,W,1,0,0.0,132.7002,M,0.0000,M,0.0000,0
$GPRMC,220600.00,A,3727.7008480,N,12217.4349260,W,27.4625,357.2970,040121,,,,
$GPGGA,220601.00,3727.7157520,N,12217.4355440,W,1,0,0.0,133.4022,M,0.0000,M,0.0000,0
$GPRMC,220601.00,A,3727.7157520,N,12217.4355440,W,27.5826,358.6672,040121,,,,
$GPGGA,220602.00,3727.7305240,N,12217.4357360,W,1,0,0.0,134.0421,M,0.0000,M,0.0000,0
$GPRMC,220602.00,A,3727.7305240,N,12217.4357360,W,27.1230,359.9005,040121,,,,
$GPGGA,220603.00,3727.7451460,N,12217.4356340,W,1,0,0.0,134.5721,M,0.0000,M,0.0000,0
$GPRMC,220603.00,A,3727.7451460,N,12217.4356340,W,27.0153,0.4803,040121,,,,
$GPGGA,220604.00,3727.7597380,N,12217.4354900,W,1,0,0.0,135.0881,M,0.0000,M,0.0000,0
$GPRMC,220604.00,A,3727.7597380,N,12217.4354900,W,26.9752,0.0992,040121,,,,
$GPGGA,220605.00,3727.7743180,N,12217.4354240,W,1,0,0.0,135.6111,M,0.0000,M,0.0000,0
$GPRMC,220605.00,A,3727.7743180,N,12217.4354240,W,26.9372,0.1635,040121,,,,
$GPGGA,220606.00,3727.7888140,N,12217.4353040,W,1,0,0.0,136.1621,M,0.0000,M,0.0000,0
$GPRMC,220606.00,A,3727.7888140,N,12217.4353040,W,26.6860,0.4416,040121,,,,
$GPGGA,220607.00,3727.8031540,N,12217.4351180,W,1,0,0.0,136.7392,M,0.0000,M,0.0000,0
$GPRMC,220607.00,A,3727.8031540,N,12217.4351180,W,26.3051,0.4788,040121,,,,
$GPGGA,220608.00,3727.8172180,N,12217.4351000,W,1,0,0.0,137.4542,M,0.0000,M,0.0000,0
$GPRMC,220608.00,A,3727.8172180,N,12217.4351000,W,25.6954,359.4797,040121,,,,
$GPGGA,220609.00,3727.8309400,N,12217.4354300,W,1,0,0.0,138.2002,M,0.0000,M,0.0000,0
$GPRMC,220609.00,A,3727.8309400,N,12217.4354300,W,25.0741,358.2913,040121,,,,
$GPGGA,220610.00,3727.8443620,N,12217.4360780,W,1,0,0.0,138.8131,M,0.0000,M,0.0000,0
$GPRMC,220610.00,A,3727.8443620,N,12217.4360780,W,24.6833,357.4047,040121,,,,
$GPGGA,220611.00,3727.8576220,N,12217.4369300,W,1,0,0.0,139.1831,M,0.0000,M,0.0000,0
$GPRMC,220611.00,A,3727.8576220,N,12217.4369300,W,24.4567,356.6511,040121,,,,
$GPGGA,220612.00,3727.8707620,N,12217.4380880,W,1,0,0.0,139.5171,M,0.0000,M,0.0000,0
$GPRMC,220612.00,A,3727.8707620,N,12217.4380880,W,24.2567,355.2643,040121,,,,
$GPGGA,220613.00,3727.8837640,N,12217.4396480,W,1,0,0.0,139.8351,M,0.0000,M,0.0000,0
$GPRMC,220613.00,A,3727.8837640,N,12217.4396480,W,24.0647,353.7818,040121,,,,
$GPGGA,220614.00,3727.8966340,N,12217.4416100,W,1,0,0.0,140.1181,M,0.0000,M,0.0000,0
$GPRMC,220614.00,A,3727.8966340,N,12217.4416100,W,23.8813,352.5519,040121,,,,
$GPGGA,220615.00,3727.9093720,N,12217.4439200,W,1,0,0.0,140.3571,M,0.0000,M,0.0000,0
$GPRMC,220615.00,A,3727.9093720,N,12217.4439200,W,23.7418,350.9858,040121,,,,
$GPGGA,220616.00,3727.9220020,N,12217.4465540,W,1,0,0.0,140.5911,M,0.0000,M,0.0000,0
$GPRMC,220616.00,A,3727.9220020,N,12217.4465540,W,23.6012,350.2411,040121,,,,
$GPGGA,220617.00,3727.9344820,N,12217.4492840,W,1,0,0.0,140.8210,M,0.0000,M,0.0000,0
$GPRMC,220617.00,A,3727.9344820,N,12217.4492840,W,23.2664,349.9922,040121,,,,
$GPGGA,220618.00,3727.9467400,N,12217.4520380,W,1,0,0.0,141.0131,M,0.0000,M,0.0000,0
$GPRMC,220618.00,A,3727.9467400,N,12217.4520380,W,22.8125,349.7491,040121,,,,
$GPGGA,220619.00,3727.9588060,N,12217.4546720,W,1,0,0.0,141.2541,M,0.0000,M,0.0000,0
$GPRMC,220619.00,A,3727.9588060,N,12217.4546720,W,22.6008,350.5046,040121,,,,
$GPGGA,220620.00,3727.9708720,N,12217.4571560,W,1,0,0.0,141.5221,M,0.0000,M,0.0000,0
$GPRMC,220620.00,A,3727.9708720,N,12217.4571560,W,22.5989,350.7048,040121,,,,
$GPGGA,220621.00,3727.9828840,N,12217.4596280,W,1,0,0.0,141.8101,M,0.0000,M,0.0000,0
$GPRMC,220621.00,A,3727.9828840,N,12217.4596280,W,22.4134,350.3401,040121,,,,
$GPGGA,220622.00,3727.9947100,N,12217.4623160,W,1,0,0.0,142.1321,M,0.0000,M,0.0000,0
$GPRMC,220622.00,A,3727.9947100,N,12217.4623160,W,22.0176,349.2196,040121,,,,
$GPGGA,220623.00,3728.0062660,N,12217.4652740,W,1,0,0.0,142.3360,M,0.0000,M,0.0000,0
$GPRMC,220623.00,A,3728.0062660,N,12217.4652740,W,21.6227,347.7726,040121,,,,
$GPGGA,220624.00,3728.0175820,N,12217.4685080,W,1,0,0.0,142.3420,M,0.0000,M,0.0000,0
$GPRMC,220624.00,A,3728.0175820,N,12217.4685080,W,21.3012,346.6609,040121,,,,
$GPGGA,220625.00,3728.0287000,N,12217.4719460,W,1,0,0.0,142.1279,M,0.0000,M,0.0000,0
$GPRMC,220625.00,A,3728.0287000,N,12217.4719460,W,21.0856,345.7068,040121,,,,
$GPGGA,220626.00,3728.0396860,N,12217.4755760,W,1,0,0.0,141.7949,M,0.0000,M,0.0000,0
$GPRMC,220626.00,A,3728.0396860,N,12217.4755760,W,20.9258,344.8122,040121,,,,
$GPGGA,220627.00,3728.0505100,N,12217.4793800,W,1,0,0.0,141.2028,M,0.0000,M,0.0000,0
$GPRMC,220627.00,A,3728.0505100,N,12217.4793800,W,20.5760,343.9904,040121,,,,
$GPGGA,220628.00,3728.0609680,N,12217.4832920,W,1,0,0.0,140.7148,M,0.0000,M,0.0000,0
$GPRMC,220628.00,A,3728.0609680,N,12217.4832920,W,19.7389,342.7507,040121,,,,
$GPGGA,220629.00,3728.0708320,N,12217.4874080,W,1,0,0.0,139.9748,M,0.0000,M,0.0000,0
$GPRMC,220629.00,A,3728.0708320,N,12217.4874080,W,18.7021,340.3989,040121,,,,
$GPGGA,220630.00,3728.0800360,N,12217.4916560,W,1,0,0.0,139.1188,M,0.0000,M,0.0000,0
$GPRMC,220630.00,A,3728.0800360,N,12217.4916560,W,17.4561,339.5856,040121,,,,
$GPGGA,220631.00,3728.0884540,N,12217.4954420,W,1,0,0.0,138.2798,M,0.0000,M,0.0000,0
$GPRMC,220631.00,A,3728.0884540,N,12217.4954420,W,15.7059,340.6888,040121,,,,
$GPGGA,220632.00,3728.0961520,N,12217.4987300,W,1,0,0.0,137.4298,M,0.0000,M,0.0000,0
$GPRMC,220632.00,A,3728.0961520,N,12217.4987300,W,14.4004,341.3902,040121,,,,
$GPGGA,220633.00,3728.1031600,N,12217.5016040,W,1,0,0.0,136.6678,M,0.0000,M,0.0000,0
$GPRMC,220633.00,A,3728.1031600,N,12217.5016040,W,12.7912,342.0421,040121,,,,
$GPGGA,220634.00,3728.1092500,N,12217.5040040,W,1,0,0.0,136.1529,M,0.0000,M,0.0000,0
$GPRMC,220634.00,A,3728.1092500,N,12217.5040040,W,10.7391,342.6653,040121,,,,
$GPGGA,220635.00,3728.1141940,N,12217.5059480,W,1,0,0.0,135.8220,M,0.0000,M,0.0000,0
$GPRMC,220635.00,A,3728.1141940,N,12217.5059480,W,8.3457,342.2983,040121,,,,
$GPGGA,220636.00,3728.1177940,N,12217.5075980,W,1,0,0.0,135.6750,M,0.0000,M,0.0000,0
$GPRMC,220636.00,A,3728.1177940,N,12217.5075980,W,5.7918,338.3571,040121,,,,
$GPGGA,220637.00,3728.1199960,N,12217.5090500,W,1,0,0.0,135.6270,M,0.0000,M,0.0000,0
$GPRMC,220637.00,A,3728.1199960,N,12217.5090500,W,3.4324,331.8238,040121,,,,
$GPGGA,220638.00,3728.1211240,N,12217.5099680,W,1,0,0.0,135.5930,M,0.0000,M,0.0000,0
$GPRMC,220638.00,A,3728.1211240,N,12217.5099680,W,1.5455,328.3593,040121,,,,
$GPGGA,220639.00,3728.1215380,N,12217.5103100,W,1,0,0.0,135.5780,M,0.0000,M,0.0000,0
$GPRMC,220639.00,A,3728.1215380,N,12217.5103100,W,0.4538,327.8134,040121,,,,
$GPGGA,220640.00,3728.1216100,N,12217.5103640,W,1,0,0.0,135.5690,M,0.0000,M,0.0000,0
$GPRMC,220640.00,A,3728.1216100,N,12217.5103640,W,0.1045,327.7297,040121,,,,
$GPGGA,220641.00,3728.1218200,N,12217.5105440,W,1,0,0.0,135.5640,M,0.0000,M,0.0000,0
$GPRMC,220641.00,A,3728.1218200,N,12217.5105440,W,0.9180,327.5042,040121,,,,
$GPGGA,220642.00,3728.1225340,N,12217.5111380,W,1,0,0.0,135.5560,M,0.0000,M,0.0000,0
$GPRMC,220642.00,A,3728.1225340,N,12217.5111380,W,2.2934,326.9337,040121,,,,
$GPGGA,220643.00,3728.1239080,N,12217.5123320,W,1,0,0.0,135.5660,M,0.0000,M,0.0000,0
$GPRMC,220643.00,A,3728.1239080,N,12217.5123320,W,3.8562,325.1495,040121,,,,
$GPGGA,220644.00,3728.1257320,N,12217.5142820,W,1,0,0.0,135.6351,M,0.0000,M,0.0000,0
$GPRMC,220644.00,A,3728.1257320,N,12217.5142820,W,4.8162,318.3730,040121,,,,
$GPGGA,220645.00,3728.1273160,N,12217.5172700,W,1,0,0.0,135.8280,M,0.0000,M,0.0000,0
$GPRMC,220645.00,A,3728.1273160,N,12217.5172700,W,5.5736,300.5377,040121,,,,
$GPGGA,220646.00,3728.1280120,N,12217.5212720,W,1,0,0.0,135.9760,M,0.0000,M,0.0000,0
$GPRMC,220646.00,A,3728.1280120,N,12217.5212720,W,6.3132,277.9062,040121,,,,
$GPGGA,220647.00,3728.1273100,N,12217.5259160,W,1,0,0.0,136.0150,M,0.0000,M,0.0000,0
$GPRMC,220647.00,A,3728.1273100,N,12217.5259160,W,7.4888,253.5211,040121,,,,
$GPGGA,220648.00,3728.1249820,N,12217.5306260,W,1,0,0.0,136.0230,M,0.0000,M,0.0000,0
$GPRMC,220648.00,A,3728.1249820,N,12217.5306260,W,8.7078,233.3619,040121,,,,
$GPGGA,220649.00,3728.1215140,N,12217.5354140,W,1,0,0.0,136.0460,M,0.0000,M,0.0000,0
$GPRMC,220649.00,A,3728.1215140,N,12217.5354140,W,10.3529,225.9873,040121,,,,
$GPGGA,220650.00,3728.1172960,N,12217.5406880,W,1,0,0.0,136.0350,M,0.0000,M,0.0000,0
$GPRMC,220650.00,A,3728.1172960,N,12217.5406880,W,11.4658,224.6277,040121,,,,
$GPGGA,220651.00,3728.1128260,N,12217.5461300,W,1,0,0.0,135.9630,M,0.0000,M,0.0000,0
$GPRMC,220651.00,A,3728.1128260,N,12217.5461300,W,11.4851,223.8692,040121,,,,
$GPGGA,220652.00,3728.1083920,N,12217.5515120,W,1,0,0.0,135.7960,M,0.0000,M,0.0000,0
$GPRMC,220652.00,A,3728.1083920,N,12217.5515120,W,11.3423,224.1479,040121,,,,
$GPGGA,220653.00,3728.1040960,N,12217.5569300,W,1,0,0.0,135.5599,M,0.0000,M,0.0000,0
$GPRMC,220653.00,A,3728.1040960,N,12217.5569300,W,11.2238,225.9194,040121,,,,
$GPGGA,220654.00,3728.1000220,N,12217.5625400,W,1,0,0.0,135.2289,M,0.0000,M,0.0000,0
$GPRMC,220654.00,A,3728.1000220,N,12217.5625400,W,11.1987,228.4570,040121,,,,
$GPGGA,220655.00,3728.0961220,N,12217.5683600,W,1,0,0.0,134.8509,M,0.0000,M,0.0000,0
$GPRMC,220655.00,A,3728.0961220,N,12217.5683600,W,11.2355,230.2530,040121,,,,
$GPGGA,220656.00,3728.0920960,N,12217.5741080,W,1,0,0.0,134.3779,M,0.0000,M,0.0000,0
$GPRMC,220656.00,A,3728.0920960,N,12217.5741080,W,11.2301,227.4698,040121,,,,
$GPGGA,220657.00,3728.0879500,N,12217.5793940,W,1,0,0.0,133.8659,M,0.0000,M,0.0000,0
$GPRMC,220657.00,A,3728.0879500,N,12217.5793940,W,10.5941,224.3413,040121,,,,
$GPGGA,220658.00,3728.0839360,N,12217.5842540,W,1,0,0.0,133.2919,M,0.0000,M,0.0000,0
$GPRMC,220658.00,A,3728.0839360,N,12217.5842540,W,9.9846,224.0361,040121,,,,
$GPGGA,220659.00,3728.0804860,N,12217.5890240,W,1,0,0.0,132.7248,M,0.0000,M,0.0000,0
$GPRMC,220659.00,A,3728.0804860,N,12217.5890240,W,9.1124,230.5883,040121,,,,
$GPGGA,220700.00,3728.0780740,N,12217.5941660,W,1,0,0.0,132.1018,M,0.0000,M,0.0000,0
$GPRMC,220700.00,A,3728.0780740,N,12217.5941660,W,8.9116,244.0791,040121,,,,
$GPGGA,220701.00,3728.0772460,N,12217.6001480,W,1,0,0.0,131.2248,M,0.0000,M,0.0000,0
$GPRMC,220701.00,A,3728.0772460,N,12217.6001480,W,9.3294,268.0305,040121,,,,
$GPGGA,220702.00,3728.0786920,N,12217.6061300,W,1,0,0.0,130.7549,M,0.0000,M,0.0000,0
$GPRMC,220702.00,A,3728.0786920,N,12217.6061300,W,9.4882,295.4633,040121,,,,
$GPGGA,220703.00,3728.0819800,N,12217.6113380,W,1,0,0.0,130.6760,M,0.0000,M,0.0000,0
$GPRMC,220703.00,A,3728.0819800,N,12217.6113380,W,10.3795,311.0164,040121,,,,
$GPGGA,220704.00,3728.0861800,N,12217.6165160,W,1,0,0.0,130.7250,M,0.0000,M,0.0000,0
$GPRMC,220704.00,A,3728.0861800,N,12217.6165160,W,11.5130,317.6240,040121,,,,
$GPGGA,220705.00,3728.0911060,N,12217.6219280,W,1,0,0.0,130.8350,M,0.0000,M,0.0000,0
$GPRMC,220705.00,A,3728.0911060,N,12217.6219280,W,12.7450,318.7433,040121,,,,
$GPGGA,220706.00,3728.0965720,N,12217.6279160,W,1,0,0.0,130.9781,M,0.0000,M,0.0000,0
$GPRMC,220706.00,A,3728.0965720,N,12217.6279160,W,14.0521,318.4894,040121,,,,
$GPGGA,220707.00,3728.1024700,N,12217.6344380,W,1,0,0.0,131.4131,M,0.0000,M,0.0000,0
$GPRMC,220707.00,A,3728.1024700,N,12217.6344380,W,14.9702,318.2805,040121,,,,
$GPGGA,220708.00,3728.1086020,N,12217.6412240,W,1,0,0.0,131.9951,M,0.0000,M,0.0000,0
$GPRMC,220708.00,A,3728.1086020,N,12217.6412240,W,15.0362,318.7362,040121,,,,
$GPGGA,220709.00,3728.1147340,N,12217.6476020,W,1,0,0.0,132.6702,M,0.0000,M,0.0000,0
$GPRMC,220709.00,A,3728.1147340,N,12217.6476020,W,14.4406,321.5628,040121,,,,
$GPGGA,220710.00,3728.1209980,N,12217.6529720,W,1,0,0.0,133.3732,M,0.0000,M,0.0000,0
$GPRMC,220710.00,A,3728.1209980,N,12217.6529720,W,13.7170,329.2892,040121,,,,
$GPGGA,220711.00,3728.1275680,N,12217.6563620,W,1,0,0.0,134.2112,M,0.0000,M,0.0000,0
$GPRMC,220711.00,A,3728.1275680,N,12217.6563620,W,12.7460,343.5399,040121,,,,
$GPGGA,220712.00,3728.1341380,N,12217.6573280,W,1,0,0.0,135.0942,M,0.0000,M,0.0000,0
$GPRMC,220712.00,A,3728.1341380,N,12217.6573280,W,12.0482,359.0008,040121,,,,
$GPGGA,220713.00,3728.1404260,N,12217.6561220,W,1,0,0.0,135.9212,M,0.0000,M,0.0000,0
$GPRMC,220713.00,A,3728.1404260,N,12217.6561220,W,11.7394,14.1531,040121,,,,
$GPGGA,220714.00,3728.1461560,N,12217.6529480,W,1,0,0.0,136.6932,M,0.0000,M,0.0000,0
$GPRMC,220714.00,A,3728.1461560,N,12217.6529480,W,11.6743,29.2430,040121,,,,
$GPGGA,220715.00,3728.1509920,N,12217.6479740,W,1,0,0.0,137.4032,M,0.0000,M,0.0000,0
$GPRMC,220715.00,A,3728.1509920,N,12217.6479740,W,11.6861,44.5779,040121,,,,
$GPGGA,220716.00,3728.1547720,N,12217.6415900,W,1,0,0.0,138.0872,M,0.0000,M,0.0000,0
$GPRMC,220716.00,A,3728.1547720,N,12217.6415900,W,11.9489,58.1436,040121,,,,
$GPGGA,220717.00,3728.1573220,N,12217.6341080,W,1,0,0.0,138.8242,M,0.0000,M,0.0000,0
$GPRMC,220717.00,A,3728.1573220,N,12217.6341080,W,12.2350,71.9075,040121,,,,
$GPGGA,220718.00,3728.1583540,N,12217.6258460,W,1,0,0.0,139.5732,M,0.0000,M,0.0000,0
$GPRMC,220718.00,A,3728.1583540,N,12217.6258460,W,12.6708,86.5029,040121,,,,
$GPGGA,220719.00,3728.1575500,N,12217.6172780,W,1,0,0.0,140.3752,M,0.0000,M,0.0000,0
$GPRMC,220719.00,A,3728.1575500,N,12217.6172780,W,13.0021,103.5529,040121,,,,
$GPGGA,220720.00,3728.1545800,N,12217.6092500,W,1,0,0.0,141.0531,M,0.0000,M,0.0000,0
$GPRMC,220720.00,A,3728.1545800,N,12217.6092500,W,13.4550,121.6585,040121,,,,
$GPGGA,220721.00,3728.1497380,N,12217.6021040,W,1,0,0.0,141.6211,M,0.0000,M,0.0000,0
$GPRMC,220721.00,A,3728.1497380,N,12217.6021040,W,14.4526,134.0576,040121,,,,
$GPGGA,220722.00,3728.1437080,N,12217.5952700,W,1,0,0.0,142.0941,M,0.0000,M,0.0000,0
$GPRMC,220722.00,A,3728.1437080,N,12217.5952700,W,15.6770,139.4258,040121,,,,
$GPGGA,220723.00,3728.1369340,N,12217.5881480,W,1,0,0.0,142.5441,M,0.0000,M,0.0000,0
$GPRMC,220723.00,A,3728.1369340,N,12217.5881480,W,17.0592,140.2329,040121,,,,
$GPGGA,220724.00,3728.1294760,N,12217.5805520,W,1,0,0.0,142.9561,M,0.0000,M,0.0000,0
$GPRMC,220724.00,A,3728.1294760,N,12217.5805520,W,18.4899,141.4913,040121,,,,
$GPGGA,220725.00,3728.1212440,N,12217.5726260,W,1,0,0.0,143.1250,M,0.0000,M,0.0000,0
$GPRMC,220725.00,A,3728.1212440,N,12217.5726260,W,19.9159,143.4760,040121,,,,
$GPGGA,220726.00,3728.1121720,N,12217.5645200,W,1,0,0.0,143.0129,M,0.0000,M,0.0000,0
$GPRMC,220726.00,A,3728.1121720,N,12217.5645200,W,21.2969,145.0487,040121,,,,
$GPGGA,220727.00,3728.1023620,N,12217.5563000,W,1,0,0.0,142.8520,M,0.0000,M,0.0000,0
$GPRMC,220727.00,A,3728.1023620,N,12217.5563000,W,22.1661,147.3176,040121,,,,
$GPGGA,220728.00,3728.0920060,N,12217.5484280,W,1,0,0.0,142.6670,M,0.0000,M,0.0000,0
$GPRMC,220728.00,A,3728.0920060,N,12217.5484280,W,22.6336,150.1281,040121,,,,
$GPGGA,220729.00,3728.0811400,N,12217.5410780,W,1,0,0.0,142.4670,M,0.0000,M,0.0000,0
$GPRMC,220729.00,A,3728.0811400,N,12217.5410780,W,23.0757,152.7135,040121,,,,
$GPGGA,220730.00,3728.0698480,N,12217.5341000,W,1,0,0.0,142.2620,M,0.0000,M,0.0000,0
$GPRMC,220730.00,A,3728.0698480,N,12217.5341000,W,23.5054,154.3870,040121,,,,
$GPGGA,220731.00,3728.0582020,N,12217.5273740,W,1,0,0.0,142.0670,M,0.0000,M,0.0000,0
$GPRMC,220731.00,A,3728.0582020,N,12217.5273740,W,23.9468,155.8508,040121,,,,
$GPGGA,220732.00,3728.0462080,N,12217.5208700,W,1,0,0.0,141.8439,M,0.0000,M,0.0000,0
$GPRMC,220732.00,A,3728.0462080,N,12217.5208700,W,24.3967,157.1551,040121,,,,
$GPGGA,220733.00,3728.0339080,N,12217.5145100,W,1,0,0.0,141.5589,M,0.0000,M,0.0000,0
$GPRMC,220733.00,A,3728.0339080,N,12217.5145100,W,24.8170,157.9548,040121,,,,
$GPGGA,220734.00,3728.0212960,N,12217.5083960,W,1,0,0.0,141.3670,M,0.0000,M,0.0000,0
$GPRMC,220734.00,A,3728.0212960,N,12217.5083960,W,25.2345,159.4899,040121,,,,
$GPGGA,220735.00,3728.0083840,N,12217.5025460,W,1,0,0.0,141.1499,M,0.0000,M,0.0000,0
$GPRMC,220735.00,A,3728.0083840,N,12217.5025460,W,25.4642,160.7542,040121,,,,
$GPGGA,220736.00,3727.9953820,N,12217.4970980,W,1,0,0.0,140.9029,M,0.0000,M,0.0000,0
$GPRMC,220736.00,A,3727.9953820,N,12217.4970980,W,25.2323,162.0723,040121,,,,
$GPGGA,220737.00,3727.9824220,N,12217.4920880,W,1,0,0.0,140.6489,M,0.0000,M,0.0000,0
$GPRMC,220737.00,A,3727.9824220,N,12217.4920880,W,24.9592,163.5630,040121,,,,
$GPGGA,220738.00,3727.9695160,N,12217.4875340,W,1,0,0.0,140.3779,M,0.0000,M,0.0000,0
$GPRMC,220738.00,A,3727.9695160,N,12217.4875340,W,24.6449,164.6073,040121,,,,
$GPGGA,220739.00,3727.9567360,N,12217.4831240,W,1,0,0.0,140.1449,M,0.0000,M,0.0000,0
$GPRMC,220739.00,A,3727.9567360,N,12217.4831240,W,24.4653,164.4231,040121,,,,
$GPGGA,220740.00,3727.9439380,N,12217.4787320,W,1,0,0.0,139.9369,M,0.0000,M,0.0000,0
$GPRMC,220740.00,A,3727.9439380,N,12217.4787320,W,24.6449,165.1409,040121,,,,
$GPGGA,220741.00,3727.9309840,N,12217.4747480,W,1,0,0.0,139.7189,M,0.0000,M,0.0000,0
$GPRMC,220741.00,A,3727.9309840,N,12217.4747480,W,24.6936,167.3273,040121,,,,
$GPGGA,220742.00,3727.9179160,N,12217.4714720,W,1,0,0.0,139.4989,M,0.0000,M,0.0000,0
$GPRMC,220742.00,A,3727.9179160,N,12217.4714720,W,24.6583,169.8989,040121,,,,
$GPGGA,220743.00,3727.9047520,N,12217.4688620,W,1,0,0.0,139.1950,M,0.0000,M,0.0000,0
$GPRMC,220743.00,A,3727.9047520,N,12217.4688620,W,24.6839,171.5084,040121,,,,
$GPGGA,220744.00,3727.8914560,N,12217.4665040,W,1,0,0.0,138.9570,M,0.0000,M,0.0000,0
$GPRMC,220744.00,A,3727.8914560,N,12217.4665040,W,25.0775,172.3612,040121,,,,
$GPGGA,220745.00,3727.8777880,N,12217.4644700,W,1,0,0.0,138.6609,M,0.0000,M,0.0000,0
$GPRMC,220745.00,A,3727.8777880,N,12217.4644700,W,25.8446,173.8734,040121,,,,
$GPGGA,220746.00,3727.8637360,N,12217.4628140,W,1,0,0.0,138.3169,M,0.0000,M,0.0000,0
$GPRMC,220746.00,A,3727.8637360,N,12217.4628140,W,26.3974,175.3063,040121,,,,
$GPGGA,220747.00,3727.8493480,N,12217.4615900,W,1,0,0.0,137.9539,M,0.0000,M,0.0000,0
$GPRMC,220747.00,A,3727.8493480,N,12217.4615900,W,26.9650,176.6526,040121,,,,
$GPGGA,220748.00,3727.8346420,N,12217.4607020,W,1,0,0.0,137.6039,M,0.0000,M,0.0000,0
$GPRMC,220748.00,A,3727.8346420,N,12217.4607020,W,27.5012,177.5258,040121,,,,
$GPGGA,220749.00,3727.8196600,N,12217.4599580,W,1,0,0.0,137.2589,M,0.0000,M,0.0000,0
$GPRMC,220749.00,A,3727.8196600,N,12217.4599580,W,27.9131,177.7697,040121,,,,
$GPGGA,220750.00,3727.8045280,N,12217.4593280,W,1,0,0.0,136.8219,M,0.0000,M,0.0000,0
$GPRMC,220750.00,A,3727.8045280,N,12217.4593280,W,28.1087,178.2796,040121,,,,
$GPGGA,220751.00,3727.7892880,N,12217.4588060,W,1,0,0.0,136.3069,M,0.0000,M,0.0000,0
$GPRMC,220751.00,A,3727.7892880,N,12217.4588060,W,28.2958,178.3163,040121,,,,
$GPGGA,220752.00,3727.7739460,N,12217.4582600,W,1,0,0.0,135.7869,M,0.0000,M,0.0000,0
$GPRMC,220752.00,A,3727.7739460,N,12217.4582600,W,28.5016,178.5362,040121,,,,
$GPGGA,220753.00,3727.7584840,N,12217.4577920,W,1,0,0.0,135.2199,M,0.0000,M,0.0000,0
$GPRMC,220753.00,A,3727.7584840,N,12217.4577920,W,28.7261,178.5117,040121,,,,
$GPGGA,220754.00,3727.7429620,N,12217.4572940,W,1,0,0.0,134.8109,M,0.0000,M,0.0000,0
$GPRMC,220754.00,A,3727.7429620,N,12217.4572940,W,28.6330,178.5330,040121,,,,
$GPGGA,220755.00,3727.7275420,N,12217.4568020,W,1,0,0.0,134.4709,M,0.0000,M,0.0000,0
$GPRMC,220755.00,A,3727.7275420,N,12217.4568020,W,28.4382,178.4547,040121,,,,
$GPGGA,220756.00,3727.7122120,N,12217.4562020,W,1,0,0.0,134.1819,M,0.0000,M,0.0000,0
$GPRMC,220756.00,A,3727.7122120,N,12217.4562020,W,28.3091,177.8675,040121,,,,
$GPGGA,220757.00,3727.6969480,N,12217.4553080,W,1,0,0.0,133.7959,M,0.0000,M,0.0000,0
$GPRMC,220757.00,A,3727.6969480,N,12217.4553080,W,28.2253,176.6992,040121,,,,
$GPGGA,220758.00,3727.6817440,N,12217.4539100,W,1,0,0.0,133.3009,M,0.0000,M,0.0000,0
$GPRMC,220758.00,A,3727.6817440,N,12217.4539100,W,28.1294,174.7627,040121,,,,
$GPGGA,220759.00,3727.6666480,N,12217.4518460,W,1,0,0.0,132.7209,M,0.0000,M,0.0000,0
$GPRMC,220759.00,A,3727.6666480,N,12217.4518460,W,28.0306,172.8558,040121,,,,
$GPGGA,220800.00,3727.6516660,N,12217.4492480,W,1,0,0.0,132.1299,M,0.0000,M,0.0000,0
$GPRMC,220800.00,A,3727.6516660,N,12217.4492480,W,27.9512,171.2828,040121,,,,
$GPGGA,220801.00,3727.6367800,N,12217.4460620,W,1,0,0.0,131.5869,M,0.0000,M,0.0000,0
$GPRMC,220801.00,A,3727.6367800,N,12217.4460620,W,27.8846,169.4397,040121,,,,
$GPGGA,220802.00,3727.6220200,N,12217.4423300,W,1,0,0.0,131.0039,M,0.0000,M,0.0000,0
$GPRMC,220802.00,A,3727.6220200,N,12217.4423300,W,27.8154,167.7703,040121,,,,
$GPGGA,220803.00,3727.6073980,N,12217.4380820,W,1,0,0.0,130.4969,M,0.0000,M,0.0000,0
$GPRMC,220803.00,A,3727.6073980,N,12217.4380820,W,27.6936,166.0204,040121,,,,
$GPGGA,220804.00,3727.5929200,N,12217.4332820,W,1,0,0.0,129.8899,M,0.0000,M,0.0000,0
$GPRMC,220804.00,A,3727.5929200,N,12217.4332820,W,27.6867,164.4927,040121,,,,
$GPGGA,220805.00,3727.5785440,N,12217.4279960,W,1,0,0.0,129.3439,M,0.0000,M,0.0000,0
$GPRMC,220805.00,A,3727.5785440,N,12217.4279960,W,27.7461,162.8907,040121,,,,
$GPGGA,220806.00,3727.5642460,N,12217.4222300,W,1,0,0.0,128.7789,M,0.0000,M,0.0000,0
$GPRMC,220806.00,A,3727.5642460,N,12217.4222300,W,27.8113,161.4878,040121,,,,
$GPGGA,220807.00,3727.5500440,N,12217.4159180,W,1,0,0.0,128.2799,M,0.0000,M,0.0000,0
$GPRMC,220807.00,A,3727.5500440,N,12217.4159180,W,27.9170,159.4868,040121,,,,
$GPGGA,220808.00,3727.5359680,N,12217.4089280,W,1,0,0.0,127.7349,M,0.0000,M,0.0000,0
$GPRMC,220808.00,A,3727.5359680,N,12217.4089280,W,28.0909,157.4722,040121,,,,
$GPGGA,220809.00,3727.5219340,N,12217.4013380,W,1,0,0.0,127.1649,M,0.0000,M,0.0000,0
$GPRMC,220809.00,A,3727.5219340,N,12217.4013380,W,28.4377,155.9459,040121,,,,
$GPGGA,220810.00,3727.5079000,N,12217.3931540,W,1,0,0.0,126.5519,M,0.0000,M,0.0000,0
$GPRMC,220810.00,A,3727.5079000,N,12217.3931540,W,28.8197,154.1910,040121,,,,
$GPGGA,220811.00,3727.4938840,N,12217.3842860,W,1,0,0.0,125.9589,M,0.0000,M,0.0000,0
$GPRMC,220811.00,A,3727.4938840,N,12217.3842860,W,29.2511,152.3906,040121,,,,
$GPGGA,220812.00,3727.4798800,N,12217.3747460,W,1,0,0.0,125.3759,M,0.0000,M,0.0000,0
$GPRMC,220812.00,A,3727.4798800,N,12217.3747460,W,29.6829,150.6387,040121,,,,
$GPGGA,220813.00,3727.4659300,N,12217.3645100,W,1,0,0.0,124.8339,M,0.0000,M,0.0000,0
$GPRMC,220813.00,A,3727.4659300,N,12217.3645100,W,30.1121,148.6732,040121,,,,
$GPGGA,220814.00,3727.4520700,N,12217.3535240,W,1,0,0.0,124.3219,M,0.0000,M,0.0000,0
$GPRMC,220814.00,A,3727.4520700,N,12217.3535240,W,30.4962,146.7832,040121,,,,
$GPGGA,220815.00,3727.4383600,N,12217.3418360,W,1,0,0.0,123.9139,M,0.0000,M,0.0000,0
$GPRMC,220815.00,A,3727.4383600,N,12217.3418360,W,30.8236,144.7498,040121,,,,
$GPGGA,220816.00,3727.4248300,N,12217.3294580,W,1,0,0.0,123.6579,M,0.0000,M,0.0000,0
$GPRMC,220816.00,A,3727.4248300,N,12217.3294580,W,31.1225,142.9761,040121,,,,
$GPGGA,220817.00,3727.4114920,N,12217.3164440,W,1,0,0.0,123.5040,M,0.0000,M,0.0000,0
$GPRMC,220817.00,A,3727.4114920,N,12217.3164440,W,31.3921,141.1552,040121,,,,
$GPGGA,220818.00,3727.3984060,N,12217.3027520,W,1,0,0.0,123.4080,M,0.0000,M,0.0000,0
$GPRMC,220818.00,A,3727.3984060,N,12217.3027520,W,31.5962,139.1553,040121,,,,
$GPGGA,220819.00,3727.3856380,N,12217.2884060,W,1,0,0.0,123.5050,M,0.0000,M,0.0000,0
$GPRMC,220819.00,A,3727.3856380,N,12217.2884060,W,31.8002,136.9106,040121,,,,
$GPGGA,220820.00,3727.3732180,N,12217.2733940,W,1,0,0.0,123.7571,M,0.0000,M,0.0000,0
$GPRMC,220820.00,A,3727.3732180,N,12217.2733940,W,31.9872,135.1062,040121,,,,
$GPGGA,220821.00,3727.3611760,N,12217.2578300,W,1,0,0.0,124.1071,M,0.0000,M,0.0000,0
$GPRMC,220821.00,A,3727.3611760,N,12217.2578300,W,31.8586,132.9846,040121,,,,
$GPGGA,220822.00,3727.3497820,N,12217.2418220,W,1,0,0.0,124.5651,M,0.0000,M,0.0000,0
$GPRMC,220822.00,A,3727.3497820,N,12217.2418220,W,31.4471,130.7906,040121,,,,
$GPGGA,220823.00,3727.3388200,N,12217.2256340,W,1,0,0.0,125.0191,M,0.0000,M,0.0000,0
$GPRMC,220823.00,A,3727.3388200,N,12217.2256340,W,31.2010,129.8972,040121,,,,
$GPGGA,220824.00,3727.3280680,N,12217.2094100,W,1,0,0.0,125.3671,M,0.0000,M,0.0000,0
$GPRMC,220824.00,A,3727.3280680,N,12217.2094100,W,31.0534,129.6301,040121,,,,
$GPGGA,220825.00,3727.3173640,N,12217.1932580,W,1,0,0.0,125.7971,M,0.0000,M,0.0000,0
$GPRMC,220825.00,A,3727.3173640,N,12217.1932580,W,30.8764,129.4637,040121,,,,
$GPGGA,220826.00,3727.3068220,N,12217.1771240,W,1,0,0.0,126.3772,M,0.0000,M,0.0000,0
$GPRMC,220826.00,A,3727.3068220,N,12217.1771240,W,30.6250,129.1094,040121,,,,
$GPGGA,220827.00,3727.2963700,N,12217.1611400,W,1,0,0.0,127.0682,M,0.0000,M,0.0000,0
$GPRMC,220827.00,A,3727.2963700,N,12217.1611400,W,30.3819,129.4893,040121,,,,
$GPGGA,220828.00,3727.2859360,N,12217.1453180,W,1,0,0.0,127.7491,M,0.0000,M,0.0000,0
$GPRMC,220828.00,A,3727.2859360,N,12217.1453180,W,30.1964,129.4420,040121,,,,
$GPGGA,220829.00,3727.2755860,N,12217.1295500,W,1,0,0.0,128.3781,M,0.0000,M,0.0000,0
$GPRMC,220829.00,A,3727.2755860,N,12217.1295500,W,30.0532,129.3853,040121,,,,
$GPGGA,220830.00,3727.2652840,N,12217.1138420,W,1,0,0.0,129.0601,M,0.0000,M,0.0000,0
$GPRMC,220830.00,A,3727.2652840,N,12217.1138420,W,29.9360,129.3162,040121,,,,
$GPGGA,220831.00,3727.2550360,N,12217.0981820,W,1,0,0.0,129.7072,M,0.0000,M,0.0000,0
$GPRMC,220831.00,A,3727.2550360,N,12217.0981820,W,29.8224,129.3157,040121,,,,
$GPGGA,220832.00,3727.2448240,N,12217.0825820,W,1,0,0.0,130.3632,M,0.0000,M,0.0000,0
$GPRMC,220832.00,A,3727.2448240,N,12217.0825820,W,29.7107,129.3076,040121,,,,
$GPGGA,220833.00,3727.2346000,N,12217.0670840,W,1,0,0.0,130.9861,M,0.0000,M,0.0000,0
$GPRMC,220833.00,A,3727.2346000,N,12217.0670840,W,29.6097,129.6497,040121,,,,
$GPGGA,220834.00,3727.2244000,N,12217.0516760,W,1,0,0.0,131.6372,M,0.0000,M,0.0000,0
$GPRMC,220834.00,A,3727.2244000,N,12217.0516760,W,29.4403,129.4858,040121,,,,
$GPGGA,220835.00,3727.2142960,N,12217.0362980,W,1,0,0.0,132.2781,M,0.0000,M,0.0000,0
$GPRMC,220835.00,A,3727.2142960,N,12217.0362980,W,29.3801,129.3036,040121,,,,
$GPGGA,220836.00,3727.2042220,N,12217.0208960,W,1,0,0.0,132.9841,M,0.0000,M,0.0000,0
$GPRMC,220836.00,A,3727.2042220,N,12217.0208960,W,29.3563,129.2690,040121,,,,
$GPGGA,220837.00,3727.1941660,N,12217.0055000,W,1,0,0.0,133.5851,M,0.0000,M,0.0000,0
$GPRMC,220837.00,A,3727.1941660,N,12217.0055000,W,29.3578,129.2279,040121,,,,
$GPGGA,220838.00,3727.1841280,N,12216.9901100,W,1,0,0.0,134.1871,M,0.0000,M,0.0000,0
$GPRMC,220838.00,A,3727.1841280,N,12216.9901100,W,29.3019,129.2971,040121,,,,
$GPGGA,220839.00,3727.1740360,N,12216.9747920,W,1,0,0.0,134.7391,M,0.0000,M,0.0000,0
$GPRMC,220839.00,A,3727.1740360,N,12216.9747920,W,29.3150,129.6657,040121,,,,
$GPGGA,220840.00,3727.1639080,N,12216.9594860,W,1,0,0.0,135.2631,M,0.0000,M,0.0000,0
$GPRMC,220840.00,A,3727.1639080,N,12216.9594860,W,29.3489,129.4332,040121,,,,
$GPGGA,220841.00,3727.1538340,N,12216.9441380,W,1,0,0.0,135.7111,M,0.0000,M,0.0000,0
$GPRMC,220841.00,A,3727.1538340,N,12216.9441380,W,29.2737,129.4098,040121,,,,
$GPGGA,220842.00,3727.1437720,N,12216.9288500,W,1,0,0.0,136.1341,M,0.0000,M,0.0000,0
$GPRMC,220842.00,A,3727.1437720,N,12216.9288500,W,29.2019,129.5105,040121,,,,
$GPGGA,220843.00,3727.1337220,N,12216.9135980,W,1,0,0.0,136.4661,M,0.0000,M,0.0000,0
$GPRMC,220843.00,A,3727.1337220,N,12216.9135980,W,29.1579,129.5154,040121,,,,
$GPGGA,220844.00,3727.1236960,N,12216.8983580,W,1,0,0.0,136.7900,M,0.0000,M,0.0000,0
$GPRMC,220844.00,A,3727.1236960,N,12216.8983580,W,29.1641,129.4086,040121,,,,
$GPGGA,220845.00,3727.1136640,N,12216.8830640,W,1,0,0.0,137.0300,M,0.0000,M,0.0000,0
$GPRMC,220845.00,A,3727.1136640,N,12216.8830640,W,29.2584,129.3220,040121,,,,
$GPGGA,220846.00,3727.1035960,N,12216.8677040,W,1,0,0.0,137.2420,M,0.0000,M,0.0000,0
$GPRMC,220846.00,A,3727.1035960,N,12216.8677040,W,29.3876,129.4154,040121,,,,
$GPGGA,220847.00,3727.0934500,N,12216.8522960,W,1,0,0.0,137.3960,M,0.0000,M,0.0000,0
$GPRMC,220847.00,A,3727.0934500,N,12216.8522960,W,29.5315,129.4481,040121,,,,
$GPGGA,220848.00,3727.0832920,N,12216.8368040,W,1,0,0.0,137.5130,M,0.0000,M,0.0000,0
$GPRMC,220848.00,A,3727.0832920,N,12216.8368040,W,29.6316,129.2555,040121,,,,
$GPGGA,220849.00,3727.0731280,N,12216.8212520,W,1,0,0.0,137.5670,M,0.0000,M,0.0000,0
$GPRMC,220849.00,A,3727.0731280,N,12216.8212520,W,29.6864,129.2493,040121,,,,
$GPGGA,220850.00,3727.0629760,N,12216.8056460,W,1,0,0.0,137.5670,M,0.0000,M,0.0000,0
$GPRMC,220850.00,A,3727.0629760,N,12216.8056460,W,29.7064,129.1871,040121,,,,
$GPGGA,220851.00,3727.0527580,N,12216.7900700,W,1,0,0.0,137.5040,M,0.0000,M,0.0000,0
$GPRMC,220851.00,A,3727.0527580,N,12216.7900700,W,29.8172,129.4119,040121,,,,
$GPGGA,220852.00,3727.0424980,N,12216.7744280,W,1,0,0.0,137.3990,M,0.0000,M,0.0000,0
$GPRMC,220852.00,A,3727.0424980,N,12216.7744280,W,29.9245,129.4086,040121,,,,
$GPGGA,220853.00,3727.0321660,N,12216.7587740,W,1,0,0.0,137.2209,M,0.0000,M,0.0000,0
$GPRMC,220853.00,A,3727.0321660,N,12216.7587740,W,30.0083,129.5616,040121,,,,
$GPGGA,220854.00,3727.0218280,N,12216.7430840,W,1,0,0.0,136.9990,M,0.0000,M,0.0000,0
$GPRMC,220854.00,A,3727.0218280,N,12216.7430840,W,30.0364,129.3893,040121,,,,
$GPGGA,220855.00,3727.0115140,N,12216.7273460,W,1,0,0.0,136.7169,M,0.0000,M,0.0000,0
$GPRMC,220855.00,A,3727.0115140,N,12216.7273460,W,30.0556,129.4000,040121,,,,
$GPGGA,220856.00,3727.0011700,N,12216.7116080,W,1,0,0.0,136.2659,M,0.0000,M,0.0000,0
$GPRMC,220856.00,A,3727.0011700,N,12216.7116080,W,30.0722,129.5448,040121,,,,
$GPGGA,220857.00,3726.9908020,N,12216.6959300,W,1,0,0.0,135.9479,M,0.0000,M,0.0000,0
$GPRMC,220857.00,A,3726.9908020,N,12216.6959300,W,30.0528,129.6761,040121,,,,
$GPGGA,220858.00,3726.9804100,N,12216.6802460,W,1,0,0.0,135.5069,M,0.0000,M,0.0000,0
$GPRMC,220858.00,A,3726.9804100,N,12216.6802460,W,30.1186,129.6170,040121,,,,
$GPGGA,220859.00,3726.9699940,N,12216.6645020,W,1,0,0.0,134.9909,M,0.0000,M,0.0000,0
$GPRMC,220859.00,A,3726.9699940,N,12216.6645020,W,30.2146,129.5765,040121,,,,
$GPGGA,220900.00,3726.9595240,N,12216.6487040,W,1,0,0.0,134.4819,M,0.0000,M,0.0000,0
$GPRMC,220900.00,A,3726.9595240,N,12216.6487040,W,30.3719,129.6956,040121,,,,
$GPGGA,220901.00,3726.9489640,N,12216.6328460,W,1,0,0.0,133.8438,M,0.0000,M,0.0000,0
$GPRMC,220901.00,A,3726.9489640,N,12216.6328460,W,30.5815,129.9224,040121,,,,
$GPGGA,220902.00,3726.9382720,N,12216.6169460,W,1,0,0.0,133.1298,M,0.0000,M,0.0000,0
$GPRMC,220902.00,A,3726.9382720,N,12216.6169460,W,30.7617,130.2076,040121,,,,
$GPGGA,220903.00,3726.9274660,N,12216.6010220,W,1,0,0.0,132.3288,M,0.0000,M,0.0000,0
$GPRMC,220903.00,A,3726.9274660,N,12216.6010220,W,30.9096,130.5154,040121,,,,
$GPGGA,220904.00,3726.9165280,N,12216.5851160,W,1,0,0.0,131.4748,M,0.0000,M,0.0000,0
$GPRMC,220904.00,A,3726.9165280,N,12216.5851160,W,31.0498,130.8491,040121,,,,
$GPGGA,220905.00,3726.9054700,N,12216.5692280,W,1,0,0.0,130.5718,M,0.0000,M,0.0000,0
$GPRMC,220905.00,A,3726.9054700,N,12216.5692280,W,31.1629,131.2343,040121,,,,
$GPGGA,220906.00,3726.8943280,N,12216.5533400,W,1,0,0.0,129.7028,M,0.0000,M,0.0000,0
$GPRMC,220906.00,A,3726.8943280,N,12216.5533400,W,31.2552,131.2113,040121,,,,
$GPGGA,220907.00,3726.8831620,N,12216.5373980,W,1,0,0.0,128.8028,M,0.0000,M,0.0000,0
$GPRMC,220907.00,A,3726.8831620,N,12216.5373980,W,31.3434,131.2231,040121,,,,
$GPGGA,220908.00,3726.8720020,N,12216.5213900,W,1,0,0.0,127.8848,M,0.0000,M,0.0000,0
$GPRMC,220908.00,A,3726.8720020,N,12216.5213900,W,31.3486,130.9872,040121,,,,
$GPGGA,220909.00,3726.8608780,N,12216.5053760,W,1,0,0.0,126.9668,M,0.0000,M,0.0000,0
$GPRMC,220909.00,A,3726.8608780,N,12216.5053760,W,31.3183,131.0250,040121,,,,
$GPGGA,220910.00,3726.8497180,N,12216.4894100,W,1,0,0.0,126.0618,M,0.0000,M,0.0000,0
$GPRMC,220910.00,A,3726.8497180,N,12216.4894100,W,31.2992,131.2887,040121,,,,
$GPGGA,220911.00,3726.8385340,N,12216.4735040,W,1,0,0.0,125.1668,M,0.0000,M,0.0000,0
$GPRMC,220911.00,A,3726.8385340,N,12216.4735040,W,31.2643,131.3788,040121,,,,
$GPGGA,220912.00,3726.8273260,N,12216.4576460,W,1,0,0.0,124.2718,M,0.0000,M,0.0000,0
$GPRMC,220912.00,A,3726.8273260,N,12216.4576460,W,31.2577,131.4613,040121,,,,
$GPGGA,220913.00,3726.8161180,N,12216.4417880,W,1,0,0.0,123.4458,M,0.0000,M,0.0000,0
$GPRMC,220913.00,A,3726.8161180,N,12216.4417880,W,31.2574,131.4806,040121,,,,
$GPGGA,220914.00,3726.8049580,N,12216.4259000,W,1,0,0.0,122.7129,M,0.0000,M,0.0000,0
$GPRMC,220914.00,A,3726.8049580,N,12216.4259000,W,31.1983,131.1567,040121,,,,
$GPGGA,220915.00,3726.7938520,N,12216.4100120,W,1,0,0.0,122.1029,M,0.0000,M,0.0000,0
$GPRMC,220915.00,A,3726.7938520,N,12216.4100120,W,31.1217,131.1619,040121,,,,
$GPGGA,220916.00,3726.7827700,N,12216.3941600,W,1,0,0.0,121.5889,M,0.0000,M,0.0000,0
$GPRMC,220916.00,A,3726.7827700,N,12216.3941600,W,31.0323,131.2759,040121,,,,
$GPGGA,220917.00,3726.7717540,N,12216.3783560,W,1,0,0.0,121.2789,M,0.0000,M,0.0000,0
$GPRMC,220917.00,A,3726.7717540,N,12216.3783560,W,30.8789,131.0943,040121,,,,
$GPGGA,220918.00,3726.7607980,N,12216.3626420,W,1,0,0.0,120.9989,M,0.0000,M,0.0000,0
$GPRMC,220918.00,A,3726.7607980,N,12216.3626420,W,30.6828,131.2496,040121,,,,
$GPGGA,220919.00,3726.7499620,N,12216.3470120,W,1,0,0.0,120.8390,M,0.0000,M,0.0000,0
$GPRMC,220919.00,A,3726.7499620,N,12216.3470120,W,30.4311,130.4808,040121,,,,
$GPGGA,220920.00,3726.7395040,N,12216.3311720,W,1,0,0.0,120.6950,M,0.0000,M,0.0000,0
$GPRMC,220920.00,A,3726.7395040,N,12216.3311720,W,30.1921,128.6396,040121,,,,
$GPGGA,220921.00,3726.7295500,N,12216.3150560,W,1,0,0.0,120.6140,M,0.0000,M,0.0000,0
$GPRMC,220921.00,A,3726.7295500,N,12216.3150560,W,29.9343,126.9190,040121,,,,
$GPGGA,220922.00,3726.7200220,N,12216.2987360,W,1,0,0.0,120.6010,M,0.0000,M,0.0000,0
$GPRMC,220922.00,A,3726.7200220,N,12216.2987360,W,29.7190,125.5147,040121,,,,
$GPGGA,220923.00,3726.7109020,N,12216.2822180,W,1,0,0.0,120.6630,M,0.0000,M,0.0000,0
$GPRMC,220923.00,A,3726.7109020,N,12216.2822180,W,29.5586,123.7615,040121,,,,
$GPGGA,220924.00,3726.7022200,N,12216.2654180,W,1,0,0.0,120.8171,M,0.0000,M,0.0000,0
$GPRMC,220924.00,A,3726.7022200,N,12216.2654180,W,29.5019,122.2231,040121,,,,
$GPGGA,220925.00,3726.6938740,N,12216.2483900,W,1,0,0.0,121.0881,M,0.0000,M,0.0000,0
$GPRMC,220925.00,A,3726.6938740,N,12216.2483900,W,29.4257,120.8021,040121,,,,
$GPGGA,220926.00,3726.6859120,N,12216.2311400,W,1,0,0.0,121.4001,M,0.0000,M,0.0000,0
$GPRMC,220926.00,A,3726.6859120,N,12216.2311400,W,29.3609,119.3070,040121,,,,
$GPGGA,220927.00,3726.6783400,N,12216.2136680,W,1,0,0.0,121.7401,M,0.0000,M,0.0000,0
$GPRMC,220927.00,A,3726.6783400,N,12216.2136680,W,29.2857,117.6238,040121,,,,
$GPGGA,220928.00,3726.6711820,N,12216.1959740,W,1,0,0.0,122.0681,M,0.0000,M,0.0000,0
$GPRMC,220928.00,A,3726.6711820,N,12216.1959740,W,29.2422,116.1559,040121,,,,
$GPGGA,220929.00,3726.6644200,N,12216.1780640,W,1,0,0.0,122.4100,M,0.0000,M,0.0000,0
$GPRMC,220929.00,A,3726.6644200,N,12216.1780640,W,29.1859,114.5509,040121,,,,
$GPGGA,220930.00,3726.6580600,N,12216.1599680,W,1,0,0.0,122.6631,M,0.0000,M,0.0000,0
$GPRMC,220930.00,A,3726.6580600,N,12216.1599680,W,29.1366,113.0574,040121,,,,
$GPGGA,220931.00,3726.6520840,N,12216.1417160,W,1,0,0.0,123.0450,M,0.0000,M,0.0000,0
$GPRMC,220931.00,A,3726.6520840,N,12216.1417160,W,29.0486,111.4727,040121,,,,
$GPGGA,220932.00,3726.6465580,N,12216.1233200,W,1,0,0.0,123.4281,M,0.0000,M,0.0000,0
$GPRMC,220932.00,A,3726.6465580,N,12216.1233200,W,28.9579,109.7854,040121,,,,
$GPGGA,220933.00,3726.6414700,N,12216.1047560,W,1,0,0.0,123.7321,M,0.0000,M,0.0000,0
$GPRMC,220933.00,A,3726.6414700,N,12216.1047560,W,28.9271,108.0315,040121,,,,
$GPGGA,220934.00,3726.6368620,N,12216.0860240,W,1,0,0.0,124.0731,M,0.0000,M,0.0000,0
$GPRMC,220934.00,A,3726.6368620,N,12216.0860240,W,28.9023,106.3687,040121,,,,
$GPGGA,220935.00,3726.6326320,N,12216.0671660,W,1,0,0.0,124.4041,M,0.0000,M,0.0000,0
$GPRMC,220935.00,A,3726.6326320,N,12216.0671660,W,28.8906,105.1069,040121,,,,
$GPGGA,220936.00,3726.6287140,N,12216.0482000,W,1,0,0.0,124.7321,M,0.0000,M,0.0000,0
$GPRMC,220936.00,A,3726.6287140,N,12216.0482000,W,28.8712,103.8398,040121,,,,
$GPGGA,220937.00,3726.6251620,N,12216.0291380,W,1,0,0.0,125.0781,M,0.0000,M,0.0000,0
$GPRMC,220937.00,A,3726.6251620,N,12216.0291380,W,28.8672,102.4668,040121,,,,
$GPGGA,220938.00,3726.6219940,N,12216.0099740,W,1,0,0.0,125.4091,M,0.0000,M,0.0000,0
$GPRMC,220938.00,A,3726.6219940,N,12216.0099740,W,28.8371,100.7934,040121,,,,
$GPGGA,220939.00,3726.6193180,N,12215.9907080,W,1,0,0.0,125.7391,M,0.0000,M,0.0000,0
$GPRMC,220939.00,A,3726.6193180,N,12215.9907080,W,28.8660,98.9682,040121,,,,
$GPGGA,220940.00,3726.6171160,N,12215.9713040,W,1,0,0.0,126.0171,M,0.0000,M,0.0000,0
$GPRMC,220940.00,A,3726.6171160,N,12215.9713040,W,28.9100,97.3593,040121,,,,
$GPGGA,220941.00,3726.6152980,N,12215.9518220,W,1,0,0.0,126.2971,M,0.0000,M,0.0000,0
$GPRMC,220941.00,A,3726.6152980,N,12215.9518220,W,28.9732,95.9761,040121,,,,
$GPGGA,220942.00,3726.6138520,N,12215.9321720,W,1,0,0.0,126.5020,M,0.0000,M,0.0000,0
$GPRMC,220942.00,A,3726.6138520,N,12215.9321720,W,29.1958,94.4302,040121,,,,
$GPGGA,220943.00,3726.6128380,N,12215.9123360,W,1,0,0.0,126.6820,M,0.0000,M,0.0000,0
$GPRMC,220943.00,A,3726.6128380,N,12215.9123360,W,29.4445,92.8141,040121,,,,
$GPGGA,220944.00,3726.6122920,N,12215.8922960,W,1,0,0.0,126.8100,M,0.0000,M,0.0000,0
$GPRMC,220944.00,A,3726.6122920,N,12215.8922960,W,29.6741,91.1040,040121,,,,
$GPGGA,220945.00,3726.6121960,N,12215.8721000,W,1,0,0.0,126.8740,M,0.0000,M,0.0000,0
$GPRMC,220945.00,A,3726.6121960,N,12215.8721000,W,29.9243,89.6783,040121,,,,
$GPGGA,220946.00,3726.6124240,N,12215.8517060,W,1,0,0.0,126.8530,M,0.0000,M,0.0000,0
$GPRMC,220946.00,A,3726.6124240,N,12215.8517060,W,30.2396,88.6211,040121,,,,
$GPGGA,220947.00,3726.6130360,N,12215.8311320,W,1,0,0.0,126.8650,M,0.0000,M,0.0000,0
$GPRMC,220947.00,A,3726.6130360,N,12215.8311320,W,30.4022,86.8147,040121,,,,
$GPGGA,220948.00,3726.6142540,N,12215.8105880,W,1,0,0.0,126.7850,M,0.0000,M,0.0000,0
$GPRMC,220948.00,A,3726.6142540,N,12215.8105880,W,30.3294,84.6754,040121,,,,
$GPGGA,220949.00,3726.6159700,N,12215.7901640,W,1,0,0.0,126.7300,M,0.0000,M,0.0000,0
$GPRMC,220949.00,A,3726.6159700,N,12215.7901640,W,30.2711,83.3448,040121,,,,
$GPGGA,220950.00,3726.6179860,N,12215.7697820,W,1,0,0.0,126.4949,M,0.0000,M,0.0000,0
$GPRMC,220950.00,A,3726.6179860,N,12215.7697820,W,30.3093,82.4681,040121,,,,
$GPGGA,220951.00,3726.6202240,N,12215.7493640,W,1,0,0.0,126.1839,M,0.0000,M,0.0000,0
$GPRMC,220951.00,A,3726.6202240,N,12215.7493640,W,30.4970,81.8309,040121,,,,
$GPGGA,220952.00,3726.6225460,N,12215.7288260,W,1,0,0.0,125.8989,M,0.0000,M,0.0000,0
$GPRMC,220952.00,A,3726.6225460,N,12215.7288260,W,30.7021,81.8889,040121,,,,
$GPGGA,220953.00,3726.6248080,N,12215.7081320,W,1,0,0.0,125.6129,M,0.0000,M,0.0000,0
$GPRMC,220953.00,A,3726.6248080,N,12215.7081320,W,30.9252,82.3719,040121,,,,
$GPGGA,220954.00,3726.6269680,N,12215.6873180,W,1,0,0.0,125.4000,M,0.0000,M,0.0000,0
$GPRMC,220954.00,A,3726.6269680,N,12215.6873180,W,30.9667,82.4430,040121,,,,
$GPGGA,220955.00,3726.6292000,N,12215.6665160,W,1,0,0.0,125.1980,M,0.0000,M,0.0000,0
$GPRMC,220955.00,A,3726.6292000,N,12215.6665160,W,30.9310,82.0523,040121,,,,
$GPGGA,220956.00,3726.6315100,N,12215.6457620,W,1,0,0.0,125.0190,M,0.0000,M,0.0000,0
$GPRMC,220956.00,A,3726.6315100,N,12215.6457620,W,30.8619,81.9207,040121,,,,
$GPGGA,220957.00,3726.6338380,N,12215.6250920,W,1,0,0.0,124.8240,M,0.0000,M,0.0000,0
$GPRMC,220957.00,A,3726.6338380,N,12215.6250920,W,30.7106,81.8131,040121,,,,
$GPGGA,220958.00,3726.6361240,N,12215.6045180,W,1,0,0.0,124.5529,M,0.0000,M,0.0000,0
$GPRMC,220958.00,A,3726.6361240,N,12215.6045180,W,30.5754,82.2339,040121,,,,
$GPGGA,220959.00,3726.6382300,N,12215.5839920,W,1,0,0.0,124.1819,M,0.0000,M,0.0000,0
$GPRMC,220959.00,A,3726.6382300,N,12215.5839920,W,30.4874,83.0111,040121,,,,
$GPGGA,221000.00,3726.6399880,N,12215.5634480,W,1,0,0.0,123.7589,M,0.0000,M,0.0000,0
$GPRMC,221000.00,A,3726.6399880,N,12215.5634480,W,30.4973,84.6618,040121,,,,
$GPGGA,221001.00,3726.6412420,N,12215.5428020,W,1,0,0.0,123.2889,M,0.0000,M,0.0000,0
$GPRMC,221001.00,A,3726.6412420,N,12215.5428020,W,30.6144,86.5345,040121,,,,
$GPGGA,221002.00,3726.6419020,N,12215.5220120,W,1,0,0.0,122.7389,M,0.0000,M,0.0000,0
$GPRMC,221002.00,A,3726.6419020,N,12215.5220120,W,30.7664,88.9558,040121,,,,
$GPGGA,221003.00,3726.6418840,N,12215.5011320,W,1,0,0.0,122.0909,M,0.0000,M,0.0000,0
$GPRMC,221003.00,A,3726.6418840,N,12215.5011320,W,30.8501,90.9838,040121,,,,
$GPGGA,221004.00,3726.6412900,N,12215.4802100,W,1,0,0.0,121.3808,M,0.0000,M,0.0000,0
$GPRMC,221004.00,A,3726.6412900,N,12215.4802100,W,30.9192,92.8449,040121,,,,
$GPGGA,221005.00,3726.6401920,N,12215.4592880,W,1,0,0.0,120.5998,M,0.0000,M,0.0000,0
$GPRMC,221005.00,A,3726.6401920,N,12215.4592880,W,30.9226,94.5757,040121,,,,
$GPGGA,221006.00,3726.6385660,N,12215.4384620,W,1,0,0.0,119.7508,M,0.0000,M,0.0000,0
$GPRMC,221006.00,A,3726.6385660,N,12215.4384620,W,30.8139,96.4609,040121,,,,
$GPGGA,221007.00,3726.6363280,N,12215.4178160,W,1,0,0.0,118.8298,M,0.0000,M,0.0000,0
$GPRMC,221007.00,A,3726.6363280,N,12215.4178160,W,30.6654,98.8828,040121,,,,
$GPGGA,221008.00,3726.6334720,N,12215.3973920,W,1,0,0.0,117.8238,M,0.0000,M,0.0000,0
$GPRMC,221008.00,A,3726.6334720,N,12215.3973920,W,30.5335,100.8290,040121,,,,
$GPGGA,221009.00,3726.6300940,N,12215.3771780,W,1,0,0.0,116.7447,M,0.0000,M,0.0000,0
$GPRMC,221009.00,A,3726.6300940,N,12215.3771780,W,30.4149,102.6607,040121,,,,
$GPGGA,221010.00,3726.6262300,N,12215.3571740,W,1,0,0.0,115.6187,M,0.0000,M,0.0000,0
$GPRMC,221010.00,A,3726.6262300,N,12215.3571740,W,30.3178,104.3752,040121,,,,
$GPGGA,221011.00,3726.6218980,N,12215.3373800,W,1,0,0.0,114.4057,M,0.0000,M,0.0000,0
$GPRMC,221011.00,A,3726.6218980,N,12215.3373800,W,30.2673,106.2958,040121,,,,
$GPGGA,221012.00,3726.6170020,N,12215.3177900,W,1,0,0.0,113.1657,M,0.0000,M,0.0000,0
$GPRMC,221012.00,A,3726.6170020,N,12215.3177900,W,30.3300,108.2790,040121,,,,
$GPGGA,221013.00,3726.6115780,N,12215.2983800,W,1,0,0.0,111.9417,M,0.0000,M,0.0000,0
$GPRMC,221013.00,A,3726.6115780,N,12215.2983800,W,30.3640,110.0692,040121,,,,
$GPGGA,221014.00,3726.6056920,N,12215.2791500,W,1,0,0.0,110.7207,M,0.0000,M,0.0000,0
$GPRMC,221014.00,A,3726.6056920,N,12215.2791500,W,30.4073,111.8546,040121,,,,
$GPGGA,221015.00,3726.5992840,N,12215.2601600,W,1,0,0.0,109.4887,M,0.0000,M,0.0000,0
$GPRMC,221015.00,A,3726.5992840,N,12215.2601600,W,30.4653,113.9263,040121,,,,
$GPGGA,221016.00,3726.5923240,N,12215.2414280,W,1,0,0.0,108.2677,M,0.0000,M,0.0000,0
$GPRMC,221016.00,A,3726.5923240,N,12215.2414280,W,30.5191,115.9288,040121,,,,
$GPGGA,221017.00,3726.5848240,N,12215.2229840,W,1,0,0.0,107.0067,M,0.0000,M,0.0000,0
$GPRMC,221017.00,A,3726.5848240,N,12215.2229840,W,30.5844,117.9536,040121,,,,
$GPGGA,221018.00,3726.5767840,N,12215.2048520,W,1,0,0.0,105.7767,M,0.0000,M,0.0000,0
$GPRMC,221018.00,A,3726.5767840,N,12215.2048520,W,30.6270,120.0775,040121,,,,
$GPGGA,221019.00,3726.5681980,N,12215.1870860,W,1,0,0.0,104.5747,M,0.0000,M,0.0000,0
$GPRMC,221019.00,A,3726.5681980,N,12215.1870860,W,30.6846,122.1198,040121,,,,
$GPGGA,221020.00,3726.5590960,N,12215.1696860,W,1,0,0.0,103.3297,M,0.0000,M,0.0000,0
$GPRMC,221020.00,A,3726.5590960,N,12215.1696860,W,30.7218,124.3963,040121,,,,
$GPGGA,221021.00,3726.5493880,N,12215.1528140,W,1,0,0.0,102.0767,M,0.0000,M,0.0000,0
$GPRMC,221021.00,A,3726.5493880,N,12215.1528140,W,30.6805,127.3596,040121,,,,
$GPGGA,221022.00,3726.5390080,N,12215.1366140,W,1,0,0.0,100.8528,M,0.0000,M,0.0000,0
$GPRMC,221022.00,A,3726.5390080,N,12215.1366140,W,30.6399,129.9276,040121,,,,
$GPGGA,221023.00,3726.5281540,N,12215.1209540,W,1,0,0.0,99.6067,M,0.0000,M,0.0000,0
$GPRMC,221023.00,A,3726.5281540,N,12215.1209540,W,30.6092,131.7958,040121,,,,
$GPGGA,221024.00,3726.5169400,N,12215.1056000,W,1,0,0.0,98.2357,M,0.0000,M,0.0000,0
$GPRMC,221024.00,A,3726.5169400,N,12215.1056000,W,30.9119,132.7585,040121,,,,
$GPGGA,221025.00,3726.5054500,N,12215.0901500,W,1,0,0.0,97.0668,M,0.0000,M,0.0000,0
$GPRMC,221025.00,A,3726.5054500,N,12215.0901500,W,31.3913,133.0248,040121,,,,
$GPGGA,221026.00,3726.4937260,N,12215.0745680,W,1,0,0.0,95.9577,M,0.0000,M,0.0000,0
$GPRMC,221026.00,A,3726.4937260,N,12215.0745680,W,31.7626,133.5800,040121,,,,
$GPGGA,221027.00,3726.4817920,N,12215.0589860,W,1,0,0.0,94.6957,M,0.0000,M,0.0000,0
$GPRMC,221027.00,A,3726.4817920,N,12215.0589860,W,31.9720,133.9133,040121,,,,
$GPGGA,221028.00,3726.4697740,N,12215.0433860,W,1,0,0.0,93.4097,M,0.0000,M,0.0000,0
$GPRMC,221028.00,A,3726.4697740,N,12215.0433860,W,31.9884,133.9012,040121,,,,
$GPGGA,221029.00,3726.4578040,N,12215.0277920,W,1,0,0.0,92.1577,M,0.0000,M,0.0000,0
$GPRMC,221029.00,A,3726.4578040,N,12215.0277920,W,31.8790,133.7365,040121,,,,
$GPGGA,221030.00,3726.4458940,N,12215.0122220,W,1,0,0.0,90.8957,M,0.0000,M,0.0000,0
$GPRMC,221030.00,A,3726.4458940,N,12215.0122220,W,31.7834,133.7342,040121,,,,
$GPGGA,221031.00,3726.4340080,N,12214.9967120,W,1,0,0.0,89.6547,M,0.0000,M,0.0000,0
$GPRMC,221031.00,A,3726.4340080,N,12214.9967120,W,31.6508,133.8229,040121,,,,
$GPGGA,221032.00,3726.4221700,N,12214.9812680,W,1,0,0.0,88.3647,M,0.0000,M,0.0000,0
$GPRMC,221032.00,A,3726.4221700,N,12214.9812680,W,31.5540,133.8118,040121,,,,
$GPGGA,221033.00,3726.4103380,N,12214.9658960,W,1,0,0.0,87.1227,M,0.0000,M,0.0000,0
$GPRMC,221033.00,A,3726.4103380,N,12214.9658960,W,31.4697,133.8774,040121,,,,
$GPGGA,221034.00,3726.3985480,N,12214.9505540,W,1,0,0.0,85.9027,M,0.0000,M,0.0000,0
$GPRMC,221034.00,A,3726.3985480,N,12214.9505540,W,31.3708,133.9219,040121,,,,
$GPGGA,221035.00,3726.3867820,N,12214.9352780,W,1,0,0.0,84.7097,M,0.0000,M,0.0000,0
$GPRMC,221035.00,A,3726.3867820,N,12214.9352780,W,31.2948,134.0358,040121,,,,
$GPGGA,221036.00,3726.3750340,N,12214.9200620,W,1,0,0.0,83.4137,M,0.0000,M,0.0000,0
$GPRMC,221036.00,A,3726.3750340,N,12214.9200620,W,31.2124,134.0988,040121,,,,
$GPGGA,221037.00,3726.3632560,N,12214.9049480,W,1,0,0.0,82.0537,M,0.0000,M,0.0000,0
$GPRMC,221037.00,A,3726.3632560,N,12214.9049480,W,31.1463,134.4536,040121,,,,
$GPGGA,221038.00,3726.3514300,N,12214.8899480,W,1,0,0.0,80.8197,M,0.0000,M,0.0000,0
$GPRMC,221038.00,A,3726.3514300,N,12214.8899480,W,31.0373,134.6725,040121,,,,
$GPGGA,221039.00,3726.3396580,N,12214.8751340,W,1,0,0.0,79.5527,M,0.0000,M,0.0000,0
$GPRMC,221039.00,A,3726.3396580,N,12214.8751340,W,30.6119,134.9614,040121,,,,
$GPGGA,221040.00,3726.3280420,N,12214.8606980,W,1,0,0.0,78.3517,M,0.0000,M,0.0000,0
$GPRMC,221040.00,A,3726.3280420,N,12214.8606980,W,29.8397,135.2789,040121,,,,
$GPGGA,221041.00,3726.3167980,N,12214.8467720,W,1,0,0.0,77.1017,M,0.0000,M,0.0000,0
$GPRMC,221041.00,A,3726.3167980,N,12214.8467720,W,28.5021,135.4106,040121,,,,
$GPGGA,221042.00,3726.3060760,N,12214.8337100,W,1,0,0.0,76.1088,M,0.0000,M,0.0000,0
$GPRMC,221042.00,A,3726.3060760,N,12214.8337100,W,26.8192,136.2171,040121,,,,
$GPGGA,221043.00,3726.2957680,N,12214.8217040,W,1,0,0.0,75.0437,M,0.0000,M,0.0000,0
$GPRMC,221043.00,A,3726.2957680,N,12214.8217040,W,25.4007,138.0469,040121,,,,
$GPGGA,221044.00,3726.2855740,N,12214.8105680,W,1,0,0.0,74.0108,M,0.0000,M,0.0000,0
$GPRMC,221044.00,A,3726.2855740,N,12214.8105680,W,24.6442,139.4084,040121,,,,
$GPGGA,221045.00,3726.2754520,N,12214.7999600,W,1,0,0.0,72.9708,M,0.0000,M,0.0000,0
$GPRMC,221045.00,A,3726.2754520,N,12214.7999600,W,24.3123,140.4100,040121,,,,
$GPGGA,221046.00,3726.2652760,N,12214.7895320,W,1,0,0.0,71.9578,M,0.0000,M,0.0000,0
$GPRMC,221046.00,A,3726.2652760,N,12214.7895320,W,24.3127,140.6296,040121,,,,
$GPGGA,221047.00,3726.2551240,N,12214.7790860,W,1,0,0.0,70.9428,M,0.0000,M,0.0000,0
$GPRMC,221047.00,A,3726.2551240,N,12214.7790860,W,24.2997,140.7022,040121,,,,
$GPGGA,221048.00,3726.2449240,N,12214.7687180,W,1,0,0.0,69.9228,M,0.0000,M,0.0000,0
$GPRMC,221048.00,A,3726.2449240,N,12214.7687180,W,24.2912,141.1360,040121,,,,
$GPGGA,221049.00,3726.2347300,N,12214.7583440,W,1,0,0.0,69.0048,M,0.0000,M,0.0000,0
$GPRMC,221049.00,A,3726.2347300,N,12214.7583440,W,24.2542,140.8005,040121,,,,
$GPGGA,221050.00,3726.2246020,N,12214.7479040,W,1,0,0.0,67.9638,M,0.0000,M,0.0000,0
$GPRMC,221050.00,A,3726.2246020,N,12214.7479040,W,24.2532,140.7702,040121,,,,
$GPGGA,221051.00,3726.2144860,N,12214.7374640,W,1,0,0.0,66.9037,M,0.0000,M,0.0000,0
$GPRMC,221051.00,A,3726.2144860,N,12214.7374640,W,24.2299,140.3499,040121,,,,
$GPGGA,221052.00,3726.2044660,N,12214.7268440,W,1,0,0.0,65.7117,M,0.0000,M,0.0000,0
$GPRMC,221052.00,A,3726.2044660,N,12214.7268440,W,24.2874,139.2262,040121,,,,
$GPGGA,221053.00,3726.1945540,N,12214.7160020,W,1,0,0.0,64.4207,M,0.0000,M,0.0000,0
$GPRMC,221053.00,A,3726.1945540,N,12214.7160020,W,24.3684,138.7822,040121,,,,
$GPGGA,221054.00,3726.1846300,N,12214.7051060,W,1,0,0.0,63.0597,M,0.0000,M,0.0000,0
$GPRMC,221054.00,A,3726.1846300,N,12214.7051060,W,24.3649,138.6982,040121,,,,
$GPGGA,221055.00,3726.1748380,N,12214.6943000,W,1,0,0.0,61.7997,M,0.0000,M,0.0000,0
$GPRMC,221055.00,A,3726.1748380,N,12214.6943000,W,23.7791,138.5460,040121,,,,
$GPGGA,221056.00,3726.1654720,N,12214.6839440,W,1,0,0.0,60.6077,M,0.0000,M,0.0000,0
$GPRMC,221056.00,A,3726.1654720,N,12214.6839440,W,22.2636,138.4853,040121,,,,
$GPGGA,221057.00,3726.1568320,N,12214.6743920,W,1,0,0.0,59.5168,M,0.0000,M,0.0000,0
$GPRMC,221057.00,A,3726.1568320,N,12214.6743920,W,20.3550,138.5479,040121,,,,
$GPGGA,221058.00,3726.1490320,N,12214.6657760,W,1,0,0.0,58.6378,M,0.0000,M,0.0000,0
$GPRMC,221058.00,A,3726.1490320,N,12214.6657760,W,17.9571,138.6427,040121,,,,
$GPGGA,221059.00,3726.1422640,N,12214.6583240,W,1,0,0.0,57.9999,M,0.0000,M,0.0000,0
$GPRMC,221059.00,A,3726.1422640,N,12214.6583240,W,15.3619,138.7534,040121,,,,
$GPGGA,221100.00,3726.1365580,N,12214.6520780,W,1,0,0.0,57.6209,M,0.0000,M,0.0000,0
$GPRMC,221100.00,A,3726.1365580,N,12214.6520780,W,12.7471,138.8034,040121,,,,
$GPGGA,221101.00,3726.1318360,N,12214.6468880,W,1,0,0.0,57.3890,M,0.0000,M,0.0000,0
$GPRMC,221101.00,A,3726.1318360,N,12214.6468880,W,10.5045,138.6463,040121,,,,
$GPGGA,221102.00,3726.1279600,N,12214.6426220,W,1,0,0.0,57.2420,M,0.0000,M,0.0000,0
$GPRMC,221102.00,A,3726.1279600,N,12214.6426220,W,8.6227,138.9423,040121,,,,
$GPGGA,221103.00,3726.1247860,N,12214.6391480,W,1,0,0.0,57.1630,M,0.0000,M,0.0000,0
$GPRMC,221103.00,A,3726.1247860,N,12214.6391480,W,7.0390,138.5898,040121,,,,
$GPGGA,221104.00,3726.1222180,N,12214.6362260,W,1,0,0.0,57.0840,M,0.0000,M,0.0000,0
$GPRMC,221104.00,A,3726.1222180,N,12214.6362260,W,5.8042,138.0162,040121,,,,
$GPGGA,221105.00,3726.1202200,N,12214.6339580,W,1,0,0.0,56.9910,M,0.0000,M,0.0000,0
$GPRMC,221105.00,A,3726.1202200,N,12214.6339580,W,4.1795,137.9148,040121,,,,
$GPGGA,221106.00,3726.1187800,N,12214.6323140,W,1,0,0.0,56.9320,M,0.0000,M,0.0000,0
$GPRMC,221106.00,A,3726.1187800,N,12214.6323140,W,3.0781,137.7359,040121,,,,
$GPGGA,221107.00,3726.1177360,N,12214.6311020,W,1,0,0.0,56.8830,M,0.0000,M,0.0000,0
$GPRMC,221107.00,A,3726.1177360,N,12214.6311020,W,2.2373,137.5610,040121,,,,
$GPGGA,221108.00,3726.1170280,N,12214.6302860,W,1,0,0.0,56.8510,M,0.0000,M,0.0000,0
$GPRMC,221108.00,A,3726.1170280,N,12214.6302860,W,1.2916,137.4614,040121,,,,
$GPGGA,221109.00,3726.1167340,N,12214.6299500,W,1,0,0.0,56.8400,M,0.0000,M,0.0000,0
$GPRMC,221109.00,A,3726.1167340,N,12214.6299500,W,0.1874,137.4358,040121,,,,
$GPGGA,221110.00,3726.1167280,N,12214.6299440,W,1,0,0.0,56.8340,M,0.0000,M,0.0000,0
$GPRMC,221110.00,A,3726.1167280,N,12214.6299440,W,0.0020,137.4250,040121,,,,
$GPGGA,221111.00,3726.1167280,N,12214.6299440,W,1,0,0.0,56.8330,M,0.0000,M,0.0000,0
$GPRMC,221111.00,A,3726.1167280,N,12214.6299440,W,0.0014,137.4246,040121,,,,
$GPGGA,221112.00,3726.1167280,N,12214.6299440,W,1,0,0.0,56.8330,M,0.0000,M,0.0000,0
$GPRMC,221112.00,A,3726.1167280,N,12214.6299440,W,0.0010,137.4265,040121,,,,
$GPGGA,221113.00,3726.1167280,N,12214.6299440,W,1,0,0.0,56.8330,M,0.0000,M,0.0000,0
$GPRMC,221113.00,A,3726.1167280,N,12214.6299440,W,0.0010,137.4258,040121,,,,
$GPGGA,221114.00,3726.1167280,N,12214.6299440,W,1,0,0.0,56.8330,M,0.0000,M,0.0000,0
$GPRMC,221114.00,A,3726.1167280,N,12214.6299440,W,0.0010,137.4256,040121,,,,
$GPGGA,221115.00,3726.1167280,N,12214.6299440,W,1,0,0.0,56.8330,M,0.0000,M,0.0000,0
$GPRMC,221115.00,A,3726.1167280,N,12214.6299440,W,0.0000,137.4261,040121,,,,
$GPGGA,221116.00,3726.1167280,N,12214.6299440,W,1,0,0.0,56.8330,M,0.0000,M,0.0000,0
$GPRMC,221116.00,A,3726.1167280,N,12214.6299440,W,0.0000,137.4268,040121,,,,
$GPGGA,221117.00,3726.1167280,N,12214.6299440,W,1,0,0.0,56.8330,M,0.0000,M,0.0000,0
$GPRMC,221117.00,A,3726.1167280,N,12214.6299440,W,0.0000,137.4268,040121,,,,
$GPGGA,221118.00,3726.1167280,N,12214.6299440,W,1,0,0.0,56.8330,M,0.0000,M,0.0000,0
$GPRMC,221118.00,A,3726.1167280,N,12214.6299440,W,0.0000,137.4276,040121,,,,
$GPGGA,221119.00,3726.1167280,N,12214.6299440,W,1,0,0.0,56.8330,M,0.0000,M,0.0000,0
$GPRMC,221119.00,A,3726.1167280,N,12214.6299440,W,0.0010,137.4273,040121,,,,
$GPGGA,221120.00,3726.1167280,N,12214.6299440,W,1,0,0.0,56.8330,M,0.0000,M,0.0000,0
$GPRMC,221120.00,A,3726.1167280,N,12214.6299440,W,0.0022,137.4264,040121,,,,
$GPGGA,221121.00,3726.1167280,N,12214.6299440,W,1,0,0.0,56.8330,M,0.0000,M,0.0000,0
$GPRMC,221121.00,A,3726.1167280,N,12214.6299440,W,0.0022,137.4275,040121,,,,
$GPGGA,221122.00,3726.1167280,N,12214.6299440,W,1,0,0.0,56.8330,M,0.0000,M,0.0000,0
$GPRMC,221122.00,A,3726.1167280,N,12214.6299440,W,0.0010,137.4274,040121,,,,
$GPGGA,221123.00,3726.1167280,N,12214.6299440,W,1,0,0.0,56.8330,M,0.0000,M,0.0000,0
$GPRMC,221123.00,A,3726.1167280,N,12214.6299440,W,0.0000,137.4271,040121,,,,
$GPGGA,221124.00,3726.1167280,N,12214.6299440,W,1,0,0.0,56.8330,M,0.0000,M,0.0000,0
$GPRMC,221124.00,A,3726.1167280,N,12214.6299440,W,0.0010,137.4272,040121,,,,
$GPGGA,221125.00,3726.1167280,N,12214.6299440,W,1,0,0.0,56.8330,M,0.0000,M,0.0000,0
$GPRMC,221125.00,A,3726.1167280,N,12214.6299440,W,0.0010,137.4265,040121,,,,
$GPGGA,221126.00,3726.1167280,N,12214.6299440,W,1,0,0.0,56.8330,M,0.0000,M,0.0000,0
$GPRMC,221126.00,A,3726.1167280,N,12214.6299440,W,0.0010,137.4266,040121,,,,
$GPGGA,221127.00,3726.1167280,N,12214.6299440,W,1,0,0.0,56.8330,M,0.0000,M,0.0000,0
$GPRMC,221127.00,A,3726.1167280,N,12214.6299440,W,0.0010,137.4264,040121,,,,
$GPGGA,221128.00,3726.1167280,N,12214.6299440,W,1,0,0.0,56.8330,M,0.0000,M,0.0000,0
$GPRMC,221128.00,A,3726.1167280,N,12214.6299440,W,0.0010,137.4260,040121,,,,
$GPGGA,221129.00,3726.1167280,N,12214.6299440,W,1,0,0.0,56.8330,M,0.0000,M,0.0000,0
$GPRMC,221129.00,A,3726.1167280,N,12214.6299440,W,0.0010,137.4256,040121,,,,
$GPGGA,221130.00,3726.1167280,N,12214.6299440,W,1,0,0.0,56.8330,M,0.0000,M,0.0000,0
$GPRMC,221130.00,A,3726.1167280,N,12214.6299440,W,0.0010,137.4249,040121,,,,
$GPGGA,221131.00,3726.1167280,N,12214.6299500,W,1,0,0.0,56.8330,M,0.0000,M,0.0000,0
$GPRMC,221131.00,A,3726.1167280,N,12214.6299500,W,0.0010,137.4251,040121,,,,
$GPGGA,221132.00,3726.1167220,N,12214.6299440,W,1,0,0.0,56.8330,M,0.0000,M,0.0000,0
$GPRMC,221132.00,A,3726.1167220,N,12214.6299440,W,0.0193,137.4212,040121,,,,
$GPGGA,221133.00,3726.1165660,N,12214.6297640,W,1,0,0.0,56.8180,M,0.0000,M,0.0000,0
$GPRMC,221133.00,A,3726.1165660,N,12214.6297640,W,0.9304,137.3285,040121,,,,
$GPGGA,221134.00,3726.1159480,N,12214.6290020,W,1,0,0.0,56.7930,M,0.0000,M,0.0000,0
$GPRMC,221134.00,A,3726.1159480,N,12214.6290020,W,2.2987,136.3302,040121,,,,
$GPGGA,221135.00,3726.1147840,N,12214.6274300,W,1,0,0.0,56.7380,M,0.0000,M,0.0000,0
$GPRMC,221135.00,A,3726.1147840,N,12214.6274300,W,4.0452,133.0433,040121,,,,
$GPGGA,221136.00,3726.1132060,N,12214.6247180,W,1,0,0.0,56.5930,M,0.0000,M,0.0000,0
$GPRMC,221136.00,A,3726.1132060,N,12214.6247180,W,5.8166,125.0351,040121,,,,
$GPGGA,221137.00,3726.1116220,N,12214.6206680,W,1,0,0.0,56.4650,M,0.0000,M,0.0000,0
$GPRMC,221137.00,A,3726.1116220,N,12214.6206680,W,7.0547,113.3530,040121,,,,
$GPGGA,221138.00,3726.1107880,N,12214.6159040,W,1,0,0.0,56.3170,M,0.0000,M,0.0000,0
$GPRMC,221138.00,A,3726.1107880,N,12214.6159040,W,7.1042,98.1249,040121,,,,
$GPGGA,221139.00,3726.1116160,N,12214.6111460,W,1,0,0.0,56.1960,M,0.0000,M,0.0000,0
$GPRMC,221139.00,A,3726.1116160,N,12214.6111460,W,7.1203,70.0875,040121,,,,
$GPGGA,221140.00,3726.1136740,N,12214.6067000,W,1,0,0.0,55.9359,M,0.0000,M,0.0000,0
$GPRMC,221140.00,A,3726.1136740,N,12214.6067000,W,8.1236,59.4992,040121,,,,
$GPGGA,221141.00,3726.1161160,N,12214.6014620,W,1,0,0.0,55.6469,M,0.0000,M,0.0000,0
$GPRMC,221141.00,A,3726.1161160,N,12214.6014620,W,9.7574,59.5770,040121,,,,
$GPGGA,221142.00,3726.1189780,N,12214.5953180,W,1,0,0.0,55.3109,M,0.0000,M,0.0000,0
$GPRMC,221142.00,A,3726.1189780,N,12214.5953180,W,11.0221,59.6438,040121,,,,
$GPGGA,221143.00,3726.1220080,N,12214.5887660,W,1,0,0.0,54.9319,M,0.0000,M,0.0000,0
$GPRMC,221143.00,A,3726.1220080,N,12214.5887660,W,11.2541,59.7343,040121,,,,
$GPGGA,221144.00,3726.1250860,N,12214.5821420,W,1,0,0.0,54.5539,M,0.0000,M,0.0000,0
$GPRMC,221144.00,A,3726.1250860,N,12214.5821420,W,11.3483,59.6779,040121,,,,
$GPGGA,221145.00,3726.1281820,N,12214.5754820,W,1,0,0.0,54.1759,M,0.0000,M,0.0000,0
$GPRMC,221145.00,A,3726.1281820,N,12214.5754820,W,11.2693,59.6098,040121,,,,
$GPGGA,221146.00,3726.1311700,N,12214.5691460,W,1,0,0.0,53.8119,M,0.0000,M,0.0000,0
$GPRMC,221146.00,A,3726.1311700,N,12214.5691460,W,10.2960,59.2534,040121,,,,
$GPGGA,221147.00,3726.1338160,N,12214.5635720,W,1,0,0.0,53.4399,M,0.0000,M,0.0000,0
$GPRMC,221147.00,A,3726.1338160,N,12214.5635720,W,8.7959,59.3062,040121,,,,
$GPGGA,221148.00,3726.1359700,N,12214.5589880,W,1,0,0.0,53.1929,M,0.0000,M,0.0000,0
$GPRMC,221148.00,A,3726.1359700,N,12214.5589880,W,6.8576,59.4326,040121,,,,
$GPGGA,221149.00,3726.1375780,N,12214.5555920,W,1,0,0.0,53.0030,M,0.0000,M,0.0000,0
$GPRMC,221149.00,A,3726.1375780,N,12214.5555920,W,4.7471,59.1922,040121,,,,
$GPGGA,221150.00,3726.1386820,N,12214.5533360,W,1,0,0.0,52.8640,M,0.0000,M,0.0000,0
$GPRMC,221150.00,A,3726.1386820,N,12214.5533360,W,3.1713,58.5730,040121,,,,
$GPGGA,221151.00,3726.1394020,N,12214.5519080,W,1,0,0.0,52.7750,M,0.0000,M,0.0000,0
$GPRMC,221151.00,A,3726.1394020,N,12214.5519080,W,1.8889,58.0797,040121,,,,
$GPGGA,221152.00,3726.1397800,N,12214.5511700,W,1,0,0.0,52.7280,M,0.0000,M,0.0000,0
$GPRMC,221152.00,A,3726.1397800,N,12214.5511700,W,0.6491,57.8733,040121,,,,
$GPGGA,221153.00,3726.1398280,N,12214.5510680,W,1,0,0.0,52.7130,M,0.0000,M,0.0000,0
$GPRMC,221153.00,A,3726.1398280,N,12214.5510680,W,0.0148,57.8512,040121,,,,
$GPGGA,221154.00,3726.1398280,N,12214.5510680,W,1,0,0.0,52.7140,M,0.0000,M,0.0000,0
$GPRMC,221154.00,A,3726.1398280,N,12214.5510680,W,0.0000,57.8502,040121,,,,
$GPGGA,221155.00,3726.1398280,N,12214.5510680,W,1,0,0.0,52.7140,M,0.0000,M,0.0000,0
$GPRMC,221155.00,A,3726.1398280,N,12214.5510680,W,0.0014,57.8484,040121,,,,
$GPGGA,221156.00,3726.1398280,N,12214.5510680,W,1,0,0.0,52.7140,M,0.0000,M,0.0000,0
$GPRMC,221156.00,A,3726.1398280,N,12214.5510680,W,0.0010,57.8490,040121,,,,
$GPGGA,221157.00,3726.1398280,N,12214.5510680,W,1,0,0.0,52.7140,M,0.0000,M,0.0000,0
$GPRMC,221157.00,A,3726.1398280,N,12214.5510680,W,0.0010,57.8492,040121,,,,
$GPGGA,221158.00,3726.1398280,N,12214.5510680,W,1,0,0.0,52.7090,M,0.0000,M,0.0000,0
$GPRMC,221158.00,A,3726.1398280,N,12214.5510680,W,0.0010,57.8492,040121,,,,
$GPGGA,221159.00,3726.1398280,N,12214.5510680,W,1,0,0.0,52.7040,M,0.0000,M,0.0000,0
$GPRMC,221159.00,A,3726.1398280,N,12214.5510680,W,0.0010,57.8488,040121,,,,
$GPGGA,221200.00,3726.1398280,N,12214.5510680,W,1,0,0.0,52.7040,M,0.0000,M,0.0000,0
$GPRMC,221200.00,A,3726.1398280,N,12214.5510680,W,0.0010,57.8487,040121,,,,
$GPGGA,221201.00,3726.1398280,N,12214.5510680,W,1,0,0.0,52.7040,M,0.0000,M,0.0000,0
$GPRMC,221201.00,A,3726.1398280,N,12214.5510680,W,0.0010,57.8488,040121,,,,
$GPGGA,221202.00,3726.1398280,N,12214.5510680,W,1,0,0.0,52.7040,M,0.0000,M,0.0000,0
$GPRMC,221202.00,A,3726.1398280,N,12214.5510680,W,0.0000,57.8490,040121,,,,
$GPGGA,221203.00,3726.1398280,N,12214.5510680,W,1,0,0.0,52.7040,M,0.0000,M,0.0000,0
$GPRMC,221203.00,A,3726.1398280,N,12214.5510680,W,0.0014,57.8489,040121,,,,
$GPGGA,221204.00,3726.1398280,N,12214.5510680,W,1,0,0.0,52.7040,M,0.0000,M,0.0000,0
$GPRMC,221204.00,A,3726.1398280,N,12214.5510680,W,0.0010,57.8489,040121,,,,
$GPGGA,221205.00,3726.1398280,N,12214.5510680,W,1,0,0.0,52.7040,M,0.0000,M,0.0000,0
$GPRMC,221205.00,A,3726.1398280,N,12214.5510680,W,0.0000,57.8490,040121,,,,
$GPGGA,221206.00,3726.1398280,N,12214.5510680,W,1,0,0.0,52.7040,M,0.0000,M,0.0000,0
$GPRMC,221206.00,A,3726.1398280,N,12214.5510680,W,0.0010,57.8490,040121,,,,
$GPGGA,221207.00,3726.1398280,N,12214.5510680,W,1,0,0.0,52.7040,M,0.0000,M,0.0000,0
$GPRMC,221207.00,A,3726.1398280,N,12214.5510680,W,0.0000,57.8490,040121,,,,
$GPGGA,221208.00,3726.1398280,N,12214.5510680,W,1,0,0.0,52.7040,M,0.0000,M,0.0000,0
$GPRMC,221208.00,A,3726.1398280,N,12214.5510680,W,0.0000,57.8490,040121,,,,
$GPGGA,221209.00,3726.1398280,N,12214.5510680,W,1,0,0.0,52.7040,M,0.0000,M,0.0000,0
$GPRMC,221209.00,A,3726.1398280,N,12214.5510680,W,0.0010,57.8490,040121,,,,
$GPGGA,221210.00,3726.1398280,N,12214.5510680,W,1,0,0.0,52.7040,M,0.0000,M,0.0000,0
$GPRMC,221210.00,A,3726.1398280,N,12214.5510680,W,0.0010,57.8489,040121,,,,
$GPGGA,221211.00,3726.1398280,N,12214.5510680,W,1,0,0.0,52.7040,M,0.0000,M,0.0000,0
$GPRMC,221211.00,A,3726.1398280,N,12214.5510680,W,0.0000,57.8487,040121,,,,
$GPGGA,221212.00,3726.1398280,N,12214.5510680,W,1,0,0.0,52.7040,M,0.0000,M,0.0000,0
$GPRMC,221212.00,A,3726.1398280,N,12214.5510680,W,0.0010,57.8486,040121,,,,
$GPGGA,221213.00,3726.1398280,N,12214.5510680,W,1,0,0.0,52.7040,M,0.0000,M,0.0000,0
$GPRMC,221213.00,A,3726.1398280,N,12214.5510680,W,0.0000,57.8483,040121,,,,
$GPGGA,221214.00,3726.1398280,N,12214.5510680,W,1,0,0.0,52.7040,M,0.0000,M,0.0000,0
$GPRMC,221214.00,A,3726.1398280,N,12214.5510680,W,0.0000,57.8486,040121,,,,
$GPGGA,221215.00,3726.1398280,N,12214.5510680,W,1,0,0.0,52.7050,M,0.0000,M,0.0000,0
$GPRMC,221215.00,A,3726.1398280,N,12214.5510680,W,0.0000,57.8486,040121,,,,
$GPGGA,221216.00,3726.1398280,N,12214.5510680,W,1,0,0.0,52.7050,M,0.0000,M,0.0000,0
$GPRMC,221216.00,A,3726.1398280,N,12214.5510680,W,0.0000,57.8484,040121,,,,
$GPGGA,221217.00,3726.1398280,N,12214.5510680,W,1,0,0.0,52.7050,M,0.0000,M,0.0000,0
$GPRMC,221217.00,A,3726.1398280,N,12214.5510680,W,0.0000,57.8483,040121,,,,
$GPGGA,221218.00,3726.1398280,N,12214.5510680,W,1,0,0.0,52.7050,M,0.0000,M,0.0000,0
$GPRMC,221218.00,A,3726.1398280,N,12214.5510680,W,0.0000,57.8485,040121,,,,
$GPGGA,221219.00,3726.1398280,N,12214.5510680,W,1,0,0.0,52.7050,M,0.0000,M,0.0000,0
$GPRMC,221219.00,A,3726.1398280,N,12214.5510680,W,0.0014,57.8486,040121,,,,
$GPGGA,221220.00,3726.1398280,N,12214.5510680,W,1,0,0.0,52.7050,M,0.0000,M,0.0000,0
$GPRMC,221220.00,A,3726.1398280,N,12214.5510680,W,0.0014,57.8485,040121,,,,
$GPGGA,221221.00,3726.1398280,N,12214.5510680,W,1,0,0.0,52.7040,M,0.0000,M,0.0000,0
$GPRMC,221221.00,A,3726.1398280,N,12214.5510680,W,0.0010,57.8486,040121,,,,
$GPGGA,221222.00,3726.1398280,N,12214.5510680,W,1,0,0.0,52.7030,M,0.0000,M,0.0000,0
$GPRMC,221222.00,A,3726.1398280,N,12214.5510680,W,0.0010,57.8486,040121,,,,
$GPGGA,221223.00,3726.1398340,N,12214.5510500,W,1,0,0.0,52.6940,M,0.0000,M,0.0000,0
$GPRMC,221223.00,A,3726.1398340,N,12214.5510500,W,0.2069,57.8351,040121,,,,
$GPGGA,221224.00,3726.1400860,N,12214.5506240,W,1,0,0.0,52.6580,M,0.0000,M,0.0000,0
$GPRMC,221224.00,A,3726.1400860,N,12214.5506240,W,1.5230,56.6554,040121,,,,
$GPGGA,221225.00,3726.1409560,N,12214.5495380,W,1,0,0.0,52.5830,M,0.0000,M,0.0000,0
$GPRMC,221225.00,A,3726.1409560,N,12214.5495380,W,2.8374,47.5985,040121,,,,
$GPGGA,221226.00,3726.1427080,N,12214.5484040,W,1,0,0.0,52.5150,M,0.0000,M,0.0000,0
$GPRMC,221226.00,A,3726.1427080,N,12214.5484040,W,4.2325,28.0869,040121,,,,
$GPGGA,221227.00,3726.1454740,N,12214.5479360,W,1,0,0.0,52.3850,M,0.0000,M,0.0000,0
$GPRMC,221227.00,A,3726.1454740,N,12214.5479360,W,5.8339,5.0805,040121,,,,
$GPGGA,221228.00,3726.1490260,N,12214.5488900,W,1,0,0.0,52.2260,M,0.0000,M,0.0000,0
$GPRMC,221228.00,A,3726.1490260,N,12214.5488900,W,7.3346,343.2565,040121,,,,
$GPGGA,221229.00,3726.1526320,N,12214.5518960,W,1,0,0.0,52.0160,M,0.0000,M,0.0000,0
$GPRMC,221229.00,A,3726.1526320,N,12214.5518960,W,8.4681,320.0743,040121,,,,
$GPGGA,221230.00,3726.1555360,N,12214.5568520,W,1,0,0.0,52.1611,M,0.0000,M,0.0000,0
$GPRMC,221230.00,A,3726.1555360,N,12214.5568520,W,9.5914,301.5703,040121,,,,
$GPGGA,221231.00,3726.1581340,N,12214.5631280,W,1,0,0.0,52.4791,M,0.0000,M,0.0000,0
$GPRMC,221231.00,A,3726.1581340,N,12214.5631280,W,11.2228,296.3879,040121,,,,
$GPGGA,221232.00,3726.1609780,N,12214.5704960,W,1,0,0.0,52.9281,M,0.0000,M,0.0000,0
$GPRMC,221232.00,A,3726.1609780,N,12214.5704960,W,12.9411,295.5895,040121,,,,
$GPGGA,221233.00,3726.1642360,N,12214.5789020,W,1,0,0.0,53.5581,M,0.0000,M,0.0000,0
$GPRMC,221233.00,A,3726.1642360,N,12214.5789020,W,14.6257,295.8867,040121,,,,
$GPGGA,221234.00,3726.1679380,N,12214.5882800,W,1,0,0.0,54.3042,M,0.0000,M,0.0000,0
$GPRMC,221234.00,A,3726.1679380,N,12214.5882800,W,16.2463,296.5797,040121,,,,
$GPGGA,221235.00,3726.1721320,N,12214.5985100,W,1,0,0.0,55.2832,M,0.0000,M,0.0000,0
$GPRMC,221235.00,A,3726.1721320,N,12214.5985100,W,17.6831,297.3686,040121,,,,
$GPGGA,221236.00,3726.1767700,N,12214.6095560,W,1,0,0.0,56.3242,M,0.0000,M,0.0000,0
$GPRMC,221236.00,A,3726.1767700,N,12214.6095560,W,19.1363,297.8303,040121,,,,
$GPGGA,221237.00,3726.1818940,N,12214.6213760,W,1,0,0.0,57.4383,M,0.0000,M,0.0000,0
$GPRMC,221237.00,A,3726.1818940,N,12214.6213760,W,20.5499,299.0337,040121,,,,
$GPGGA,221238.00,3726.1876780,N,12214.6337120,W,1,0,0.0,58.6753,M,0.0000,M,0.0000,0
$GPRMC,221238.00,A,3726.1876780,N,12214.6337120,W,21.5588,301.7406,040121,,,,
$GPGGA,221239.00,3726.1943200,N,12214.6461140,W,1,0,0.0,59.9503,M,0.0000,M,0.0000,0
$GPRMC,221239.00,A,3726.1943200,N,12214.6461140,W,22.5577,305.6426,040121,,,,
$GPGGA,221240.00,3726.2019700,N,12214.6584380,W,1,0,0.0,61.3453,M,0.0000,M,0.0000,0
$GPRMC,221240.00,A,3726.2019700,N,12214.6584380,W,23.5568,309.5921,040121,,,,
$GPGGA,221241.00,3726.2105200,N,12214.6706840,W,1,0,0.0,62.8383,M,0.0000,M,0.0000,0
$GPRMC,221241.00,A,3726.2105200,N,12214.6706840,W,24.4778,311.9563,040121,,,,
$GPGGA,221242.00,3726.2195980,N,12214.6831760,W,1,0,0.0,64.3263,M,0.0000,M,0.0000,0
$GPRMC,221242.00,A,3726.2195980,N,12214.6831760,W,25.4059,312.2898,040121,,,,
$GPGGA,221243.00,3726.2290660,N,12214.6961060,W,1,0,0.0,65.6273,M,0.0000,M,0.0000,0
$GPRMC,221243.00,A,3726.2290660,N,12214.6961060,W,26.3489,312.6476,040121,,,,
$GPGGA,221244.00,3726.2389240,N,12214.7093960,W,1,0,0.0,66.8133,M,0.0000,M,0.0000,0
$GPRMC,221244.00,A,3726.2389240,N,12214.7093960,W,27.2432,313.0191,040121,,,,
$GPGGA,221245.00,3726.2492080,N,12214.7230820,W,1,0,0.0,67.9433,M,0.0000,M,0.0000,0
$GPRMC,221245.00,A,3726.2492080,N,12214.7230820,W,28.2138,313.3454,040121,,,,
$GPGGA,221246.00,3726.2598760,N,12214.7370680,W,1,0,0.0,69.1233,M,0.0000,M,0.0000,0
$GPRMC,221246.00,A,3726.2598760,N,12214.7370680,W,28.6516,313.9659,040121,,,,
$GPGGA,221247.00,3726.2706580,N,12214.7508680,W,1,0,0.0,70.3233,M,0.0000,M,0.0000,0
$GPRMC,221247.00,A,3726.2706580,N,12214.7508680,W,28.3342,314.5852,040121,,,,
$GPGGA,221248.00,3726.2813920,N,12214.7644640,W,1,0,0.0,71.5182,M,0.0000,M,0.0000,0
$GPRMC,221248.00,A,3726.2813920,N,12214.7644640,W,28.1882,314.5339,040121,,,,
$GPGGA,221249.00,3726.2920540,N,12214.7780840,W,1,0,0.0,72.6893,M,0.0000,M,0.0000,0
$GPRMC,221249.00,A,3726.2920540,N,12214.7780840,W,28.1448,314.0797,040121,,,,
$GPGGA,221250.00,3726.3026320,N,12214.7918060,W,1,0,0.0,73.8653,M,0.0000,M,0.0000,0
$GPRMC,221250.00,A,3726.3026320,N,12214.7918060,W,28.1129,313.7671,040121,,,,
$GPGGA,221251.00,3726.3131380,N,12214.8055340,W,1,0,0.0,75.0393,M,0.0000,M,0.0000,0
$GPRMC,221251.00,A,3726.3131380,N,12214.8055340,W,28.0524,313.7390,040121,,,,
$GPGGA,221252.00,3726.3236200,N,12214.8192860,W,1,0,0.0,76.1613,M,0.0000,M,0.0000,0
$GPRMC,221252.00,A,3726.3236200,N,12214.8192860,W,28.0539,313.2943,040121,,,,
$GPGGA,221253.00,3726.3339700,N,12214.8331820,W,1,0,0.0,77.3093,M,0.0000,M,0.0000,0
$GPRMC,221253.00,A,3726.3339700,N,12214.8331820,W,28.0223,312.7192,040121,,,,
$GPGGA,221254.00,3726.3442900,N,12214.8470600,W,1,0,0.0,78.4403,M,0.0000,M,0.0000,0
$GPRMC,221254.00,A,3726.3442900,N,12214.8470600,W,27.9671,313.1674,040121,,,,
$GPGGA,221255.00,3726.3546700,N,12214.8608360,W,1,0,0.0,79.5663,M,0.0000,M,0.0000,0
$GPRMC,221255.00,A,3726.3546700,N,12214.8608360,W,27.9585,313.3646,040121,,,,
$GPGGA,221256.00,3726.3650620,N,12214.8746120,W,1,0,0.0,80.7002,M,0.0000,M,0.0000,0
$GPRMC,221256.00,A,3726.3650620,N,12214.8746120,W,27.9758,313.1106,040121,,,,
$GPGGA,221257.00,3726.3753460,N,12214.8885380,W,1,0,0.0,81.8243,M,0.0000,M,0.0000,0
$GPRMC,221257.00,A,3726.3753460,N,12214.8885380,W,28.0011,312.2860,040121,,,,
$GPGGA,221258.00,3726.3854980,N,12214.9026080,W,1,0,0.0,82.9543,M,0.0000,M,0.0000,0
$GPRMC,221258.00,A,3726.3854980,N,12214.9026080,W,27.9638,311.8256,040121,,,,
$GPGGA,221259.00,3726.3955540,N,12214.9167440,W,1,0,0.0,84.0923,M,0.0000,M,0.0000,0
$GPRMC,221259.00,A,3726.3955540,N,12214.9167440,W,27.9215,311.7302,040121,,,,
$GPGGA,221300.00,3726.4057120,N,12214.9307180,W,1,0,0.0,85.2502,M,0.0000,M,0.0000,0
$GPRMC,221300.00,A,3726.4057120,N,12214.9307180,W,27.8703,312.8733,040121,,,,
$GPGGA,221301.00,3726.4160680,N,12214.9444160,W,1,0,0.0,86.4002,M,0.0000,M,0.0000,0
$GPRMC,221301.00,A,3726.4160680,N,12214.9444160,W,27.8361,313.6205,040121,,,,
$GPGGA,221302.00,3726.4264900,N,12214.9580240,W,1,0,0.0,87.5143,M,0.0000,M,0.0000,0
$GPRMC,221302.00,A,3726.4264900,N,12214.9580240,W,27.8074,313.7892,040121,,,,
$GPGGA,221303.00,3726.4369120,N,12214.9715960,W,1,0,0.0,88.5992,M,0.0000,M,0.0000,0
$GPRMC,221303.00,A,3726.4369120,N,12214.9715960,W,27.7865,313.9131,040121,,,,
$GPGGA,221304.00,3726.4473340,N,12214.9851440,W,1,0,0.0,89.6943,M,0.0000,M,0.0000,0
$GPRMC,221304.00,A,3726.4473340,N,12214.9851440,W,27.7308,313.8759,040121,,,,
$GPGGA,221305.00,3726.4577680,N,12214.9986320,W,1,0,0.0,90.8153,M,0.0000,M,0.0000,0
$GPRMC,221305.00,A,3726.4577680,N,12214.9986320,W,27.7021,314.1658,040121,,,,
$GPGGA,221306.00,3726.4682080,N,12215.0120720,W,1,0,0.0,91.8972,M,0.0000,M,0.0000,0
$GPRMC,221306.00,A,3726.4682080,N,12215.0120720,W,27.6589,314.1046,040121,,,,
$GPGGA,221307.00,3726.4785940,N,12215.0255540,W,1,0,0.0,92.9753,M,0.0000,M,0.0000,0
$GPRMC,221307.00,A,3726.4785940,N,12215.0255540,W,27.6126,313.8250,040121,,,,
$GPGGA,221308.00,3726.4889380,N,12215.0390240,W,1,0,0.0,94.1473,M,0.0000,M,0.0000,0
$GPRMC,221308.00,A,3726.4889380,N,12215.0390240,W,27.5601,313.8750,040121,,,,
$GPGGA,221309.00,3726.4992580,N,12215.0524520,W,1,0,0.0,95.3223,M,0.0000,M,0.0000,0
$GPRMC,221309.00,A,3726.4992580,N,12215.0524520,W,27.4755,313.9127,040121,,,,
$GPGGA,221310.00,3726.5095540,N,12215.0658500,W,1,0,0.0,96.4663,M,0.0000,M,0.0000,0
$GPRMC,221310.00,A,3726.5095540,N,12215.0658500,W,27.4246,313.7153,040121,,,,
$GPGGA,221311.00,3726.5197360,N,12215.0793440,W,1,0,0.0,97.6532,M,0.0000,M,0.0000,0
$GPRMC,221311.00,A,3726.5197360,N,12215.0793440,W,27.3640,313.0604,040121,,,,
$GPGGA,221312.00,3726.5297140,N,12215.0930180,W,1,0,0.0,98.7682,M,0.0000,M,0.0000,0
$GPRMC,221312.00,A,3726.5297140,N,12215.0930180,W,27.2916,311.6547,040121,,,,
$GPGGA,221313.00,3726.5393320,N,12215.1070160,W,1,0,0.0,99.8492,M,0.0000,M,0.0000,0
$GPRMC,221313.00,A,3726.5393320,N,12215.1070160,W,27.2185,309.7869,040121,,,,
$GPGGA,221314.00,3726.5485780,N,12215.1213560,W,1,0,0.0,100.9302,M,0.0000,M,0.0000,0
$GPRMC,221314.00,A,3726.5485780,N,12215.1213560,W,27.1416,308.0727,040121,,,,
$GPGGA,221315.00,3726.5574340,N,12215.1359720,W,1,0,0.0,102.0032,M,0.0000,M,0.0000,0
$GPRMC,221315.00,A,3726.5574340,N,12215.1359720,W,27.0039,306.3083,040121,,,,
$GPGGA,221316.00,3726.5658940,N,12215.1508340,W,1,0,0.0,103.0892,M,0.0000,M,0.0000,0
$GPRMC,221316.00,A,3726.5658940,N,12215.1508340,W,26.8272,304.7533,040121,,,,
$GPGGA,221317.00,3726.5739940,N,12215.1658880,W,1,0,0.0,104.1302,M,0.0000,M,0.0000,0
$GPRMC,221317.00,A,3726.5739940,N,12215.1658880,W,26.7518,303.1438,040121,,,,
$GPGGA,221318.00,3726.5817100,N,12215.1812060,W,1,0,0.0,105.1832,M,0.0000,M,0.0000,0
$GPRMC,221318.00,A,3726.5817100,N,12215.1812060,W,26.6888,301.4672,040121,,,,
$GPGGA,221319.00,3726.5890720,N,12215.1967880,W,1,0,0.0,106.2572,M,0.0000,M,0.0000,0
$GPRMC,221319.00,A,3726.5890720,N,12215.1967880,W,26.7261,299.9693,040121,,,,
$GPGGA,221320.00,3726.5961640,N,12215.2126040,W,1,0,0.0,107.2992,M,0.0000,M,0.0000,0
$GPRMC,221320.00,A,3726.5961640,N,12215.2126040,W,26.7886,298.5397,040121,,,,
$GPGGA,221321.00,3726.6029080,N,12215.2287200,W,1,0,0.0,108.3762,M,0.0000,M,0.0000,0
$GPRMC,221321.00,A,3726.6029080,N,12215.2287200,W,26.8899,296.8253,040121,,,,
$GPGGA,221322.00,3726.6092680,N,12215.2451540,W,1,0,0.0,109.4652,M,0.0000,M,0.0000,0
$GPRMC,221322.00,A,3726.6092680,N,12215.2451540,W,26.9716,294.9536,040121,,,,
$GPGGA,221323.00,3726.6152020,N,12215.2618940,W,1,0,0.0,110.5382,M,0.0000,M,0.0000,0
$GPRMC,221323.00,A,3726.6152020,N,12215.2618940,W,27.0557,292.8982,040121,,,,
$GPGGA,221324.00,3726.6207160,N,12215.2789160,W,1,0,0.0,111.6162,M,0.0000,M,0.0000,0
$GPRMC,221324.00,A,3726.6207160,N,12215.2789160,W,27.1219,291.3199,040121,,,,
$GPGGA,221325.00,3726.6258700,N,12215.2961600,W,1,0,0.0,112.6713,M,0.0000,M,0.0000,0
$GPRMC,221325.00,A,3726.6258700,N,12215.2961600,W,27.1689,289.7593,040121,,,,
$GPGGA,221326.00,3726.6306760,N,12215.3135960,W,1,0,0.0,113.7612,M,0.0000,M,0.0000,0
$GPRMC,221326.00,A,3726.6306760,N,12215.3135960,W,27.2342,288.4311,040121,,,,
$GPGGA,221327.00,3726.6351460,N,12215.3312120,W,1,0,0.0,114.8452,M,0.0000,M,0.0000,0
$GPRMC,221327.00,A,3726.6351460,N,12215.3312120,W,27.2813,286.8259,040121,,,,
$GPGGA,221328.00,3726.6392020,N,12215.3490140,W,1,0,0.0,115.9332,M,0.0000,M,0.0000,0
$GPRMC,221328.00,A,3726.6392020,N,12215.3490140,W,27.3226,284.9508,040121,,,,
$GPGGA,221329.00,3726.6427900,N,12215.3670080,W,1,0,0.0,117.0312,M,0.0000,M,0.0000,0
$GPRMC,221329.00,A,3726.6427900,N,12215.3670080,W,27.3724,283.1124,040121,,,,
$GPGGA,221330.00,3726.6459460,N,12215.3851640,W,1,0,0.0,118.0762,M,0.0000,M,0.0000,0
$GPRMC,221330.00,A,3726.6459460,N,12215.3851640,W,27.4211,281.4511,040121,,,,
$GPGGA,221331.00,3726.6487000,N,12215.4034640,W,1,0,0.0,119.0452,M,0.0000,M,0.0000,0
$GPRMC,221331.00,A,3726.6487000,N,12215.4034640,W,27.4939,279.8227,040121,,,,
$GPGGA,221332.00,3726.6510160,N,12215.4219020,W,1,0,0.0,119.9672,M,0.0000,M,0.0000,0
$GPRMC,221332.00,A,3726.6510160,N,12215.4219020,W,27.5648,278.0504,040121,,,,
$GPGGA,221333.00,3726.6528940,N,12215.4404840,W,1,0,0.0,120.8342,M,0.0000,M,0.0000,0
$GPRMC,221333.00,A,3726.6528940,N,12215.4404840,W,27.7100,276.3684,040121,,,,
$GPGGA,221334.00,3726.6543400,N,12215.4593120,W,1,0,0.0,121.6532,M,0.0000,M,0.0000,0
$GPRMC,221334.00,A,3726.6543400,N,12215.4593120,W,28.0777,274.5629,040121,,,,
$GPGGA,221335.00,3726.6553120,N,12215.4783440,W,1,0,0.0,122.4152,M,0.0000,M,0.0000,0
$GPRMC,221335.00,A,3726.6553120,N,12215.4783440,W,28.1023,272.7085,040121,,,,
$GPGGA,221336.00,3726.6558100,N,12215.4973580,W,1,0,0.0,123.1042,M,0.0000,M,0.0000,0
$GPRMC,221336.00,A,3726.6558100,N,12215.4973580,W,28.0130,270.9573,040121,,,,
$GPGGA,221337.00,3726.6557980,N,12215.5163540,W,1,0,0.0,123.7491,M,0.0000,M,0.0000,0
$GPRMC,221337.00,A,3726.6557980,N,12215.5163540,W,28.0047,269.0494,040121,,,,
$GPGGA,221338.00,3726.6553480,N,12215.5353500,W,1,0,0.0,124.3091,M,0.0000,M,0.0000,0
$GPRMC,221338.00,A,3726.6553480,N,12215.5353500,W,28.0663,267.5583,040121,,,,
$GPGGA,221339.00,3726.6544720,N,12215.5543880,W,1,0,0.0,124.7771,M,0.0000,M,0.0000,0
$GPRMC,221339.00,A,3726.6544720,N,12215.5543880,W,28.1672,265.8232,040121,,,,
$GPGGA,221340.00,3726.6532600,N,12215.5734560,W,1,0,0.0,125.1791,M,0.0000,M,0.0000,0
$GPRMC,221340.00,A,3726.6532600,N,12215.5734560,W,28.2364,264.9712,040121,,,,
$GPGGA,221341.00,3726.6518380,N,12215.5925420,W,1,0,0.0,125.5091,M,0.0000,M,0.0000,0
$GPRMC,221341.00,A,3726.6518380,N,12215.5925420,W,28.3130,264.2118,040121,,,,
$GPGGA,221342.00,3726.6502660,N,12215.6116820,W,1,0,0.0,125.7731,M,0.0000,M,0.0000,0
$GPRMC,221342.00,A,3726.6502660,N,12215.6116820,W,28.4519,264.0750,040121,,,,
$GPGGA,221343.00,3726.6487360,N,12215.6309420,W,1,0,0.0,125.9780,M,0.0000,M,0.0000,0
$GPRMC,221343.00,A,3726.6487360,N,12215.6309420,W,28.6346,264.3659,040121,,,,
$GPGGA,221344.00,3726.6472540,N,12215.6503280,W,1,0,0.0,126.1200,M,0.0000,M,0.0000,0
$GPRMC,221344.00,A,3726.6472540,N,12215.6503280,W,28.8047,264.3755,040121,,,,
$GPGGA,221345.00,3726.6457240,N,12215.6698100,W,1,0,0.0,126.3051,M,0.0000,M,0.0000,0
$GPRMC,221345.00,A,3726.6457240,N,12215.6698100,W,28.9329,264.1405,040121,,,,
$GPGGA,221346.00,3726.6441460,N,12215.6893100,W,1,0,0.0,126.5151,M,0.0000,M,0.0000,0
$GPRMC,221346.00,A,3726.6441460,N,12215.6893100,W,28.8696,264.1408,040121,,,,
$GPGGA,221347.00,3726.6425800,N,12215.7087560,W,1,0,0.0,126.7100,M,0.0000,M,0.0000,0
$GPRMC,221347.00,A,3726.6425800,N,12215.7087560,W,28.7909,264.1606,040121,,,,
$GPGGA,221348.00,3726.6410380,N,12215.7281780,W,1,0,0.0,126.8760,M,0.0000,M,0.0000,0
$GPRMC,221348.00,A,3726.6410380,N,12215.7281780,W,28.7667,264.2442,040121,,,,
$GPGGA,221349.00,3726.6395080,N,12215.7475520,W,1,0,0.0,127.0370,M,0.0000,M,0.0000,0
$GPRMC,221349.00,A,3726.6395080,N,12215.7475520,W,28.6574,264.2240,040121,,,,
$GPGGA,221350.00,3726.6379660,N,12215.7668480,W,1,0,0.0,127.1830,M,0.0000,M,0.0000,0
$GPRMC,221350.00,A,3726.6379660,N,12215.7668480,W,28.5337,264.0700,040121,,,,
$GPGGA,221351.00,3726.6363940,N,12215.7860480,W,1,0,0.0,127.2870,M,0.0000,M,0.0000,0
$GPRMC,221351.00,A,3726.6363940,N,12215.7860480,W,28.3933,264.0144,040121,,,,
$GPGGA,221352.00,3726.6348700,N,12215.8051640,W,1,0,0.0,127.4350,M,0.0000,M,0.0000,0
$GPRMC,221352.00,A,3726.6348700,N,12215.8051640,W,28.2962,264.2160,040121,,,,
$GPGGA,221353.00,3726.6333700,N,12215.8242440,W,1,0,0.0,127.5430,M,0.0000,M,0.0000,0
$GPRMC,221353.00,A,3726.6333700,N,12215.8242440,W,28.2545,264.4818,040121,,,,
$GPGGA,221354.00,3726.6321220,N,12215.8433120,W,1,0,0.0,127.6830,M,0.0000,M,0.0000,0
$GPRMC,221354.00,A,3726.6321220,N,12215.8433120,W,28.2046,265.8668,040121,,,,
$GPGGA,221355.00,3726.6313060,N,12215.8623920,W,1,0,0.0,127.7150,M,0.0000,M,0.0000,0
$GPRMC,221355.00,A,3726.6313060,N,12215.8623920,W,28.1935,267.7059,040121,,,,
$GPGGA,221356.00,3726.6309280,N,12215.8814960,W,1,0,0.0,127.6900,M,0.0000,M,0.0000,0
$GPRMC,221356.00,A,3726.6309280,N,12215.8814960,W,28.1822,269.3131,040121,,,,
$GPGGA,221357.00,3726.6309700,N,12215.9006000,W,1,0,0.0,127.6220,M,0.0000,M,0.0000,0
$GPRMC,221357.00,A,3726.6309700,N,12215.9006000,W,28.2029,270.6631,040121,,,,
$GPGGA,221358.00,3726.6313480,N,12215.9197340,W,1,0,0.0,127.5050,M,0.0000,M,0.0000,0
$GPRMC,221358.00,A,3726.6313480,N,12215.9197340,W,28.2636,272.1064,040121,,,,
$GPGGA,221359.00,3726.6321820,N,12215.9388800,W,1,0,0.0,127.3480,M,0.0000,M,0.0000,0
$GPRMC,221359.00,A,3726.6321820,N,12215.9388800,W,28.3436,273.8440,040121,,,,
$GPGGA,221400.00,3726.6334960,N,12215.9580440,W,1,0,0.0,127.1229,M,0.0000,M,0.0000,0
$GPRMC,221400.00,A,3726.6334960,N,12215.9580440,W,28.4252,275.6819,040121,,,,
$GPGGA,221401.00,3726.6352600,N,12215.9772140,W,1,0,0.0,126.8409,M,0.0000,M,0.0000,0
$GPRMC,221401.00,A,3726.6352600,N,12215.9772140,W,28.5197,277.1587,040121,,,,
$GPGGA,221402.00,3726.6374140,N,12215.9964020,W,1,0,0.0,126.5059,M,0.0000,M,0.0000,0
$GPRMC,221402.00,A,3726.6374140,N,12215.9964020,W,28.6514,278.6916,040121,,,,
$GPGGA,221403.00,3726.6399640,N,12216.0156020,W,1,0,0.0,126.1209,M,0.0000,M,0.0000,0
$GPRMC,221403.00,A,3726.6399640,N,12216.0156020,W,28.7926,279.9598,040121,,,,
$GPGGA,221404.00,3726.6428980,N,12216.0348200,W,1,0,0.0,125.7229,M,0.0000,M,0.0000,0
$GPRMC,221404.00,A,3726.6428980,N,12216.0348200,W,28.9334,281.5669,040121,,,,
$GPGGA,221405.00,3726.6462940,N,12216.0540080,W,1,0,0.0,125.3079,M,0.0000,M,0.0000,0
$GPRMC,221405.00,A,3726.6462940,N,12216.0540080,W,29.0308,283.3204,040121,,,,
$GPGGA,221406.00,3726.6501880,N,12216.0730580,W,1,0,0.0,124.9039,M,0.0000,M,0.0000,0
$GPRMC,221406.00,A,3726.6501880,N,12216.0730580,W,29.0030,285.2983,040121,,,,
$GPGGA,221407.00,3726.6545800,N,12216.0919280,W,1,0,0.0,124.4959,M,0.0000,M,0.0000,0
$GPRMC,221407.00,A,3726.6545800,N,12216.0919280,W,29.0029,287.0728,040121,,,,
$GPGGA,221408.00,3726.6594400,N,12216.1106300,W,1,0,0.0,124.0769,M,0.0000,M,0.0000,0
$GPRMC,221408.00,A,3726.6594400,N,12216.1106300,W,29.0345,288.9213,040121,,,,
$GPGGA,221409.00,3726.6647800,N,12216.1291460,W,1,0,0.0,123.6549,M,0.0000,M,0.0000,0
$GPRMC,221409.00,A,3726.6647800,N,12216.1291460,W,29.0714,290.5762,040121,,,,
$GPGGA,221410.00,3726.6704680,N,12216.1475240,W,1,0,0.0,123.2049,M,0.0000,M,0.0000,0
$GPRMC,221410.00,A,3726.6704680,N,12216.1475240,W,29.1004,291.7661,040121,,,,
$GPGGA,221411.00,3726.6765520,N,12216.1657400,W,1,0,0.0,122.7089,M,0.0000,M,0.0000,0
$GPRMC,221411.00,A,3726.6765520,N,12216.1657400,W,29.1689,293.4773,040121,,,,
$GPGGA,221412.00,3726.6830260,N,12216.1837820,W,1,0,0.0,122.3299,M,0.0000,M,0.0000,0
$GPRMC,221412.00,A,3726.6830260,N,12216.1837820,W,29.2237,294.7567,040121,,,,
$GPGGA,221413.00,3726.6898840,N,12216.2016380,W,1,0,0.0,121.9889,M,0.0000,M,0.0000,0
$GPRMC,221413.00,A,3726.6898840,N,12216.2016380,W,29.2467,296.4382,040121,,,,
$GPGGA,221414.00,3726.6972160,N,12216.2192300,W,1,0,0.0,121.5679,M,0.0000,M,0.0000,0
$GPRMC,221414.00,A,3726.6972160,N,12216.2192300,W,29.3383,298.4885,040121,,,,
$GPGGA,221415.00,3726.7050100,N,12216.2365880,W,1,0,0.0,121.1989,M,0.0000,M,0.0000,0
$GPRMC,221415.00,A,3726.7050100,N,12216.2365880,W,29.4384,300.0633,040121,,,,
$GPGGA,221416.00,3726.7131760,N,12216.2537360,W,1,0,0.0,120.9170,M,0.0000,M,0.0000,0
$GPRMC,221416.00,A,3726.7131760,N,12216.2537360,W,29.4864,301.4609,040121,,,,
$GPGGA,221417.00,3726.7217080,N,12216.2706380,W,1,0,0.0,120.7310,M,0.0000,M,0.0000,0
$GPRMC,221417.00,A,3726.7217080,N,12216.2706380,W,29.5569,303.0655,040121,,,,
$GPGGA,221418.00,3726.7306180,N,12216.2872520,W,1,0,0.0,120.6160,M,0.0000,M,0.0000,0
$GPRMC,221418.00,A,3726.7306180,N,12216.2872520,W,29.5271,304.7550,040121,,,,
$GPGGA,221419.00,3726.7399660,N,12216.3034760,W,1,0,0.0,120.5920,M,0.0000,M,0.0000,0
$GPRMC,221419.00,A,3726.7399660,N,12216.3034760,W,29.5480,306.8463,040121,,,,
$GPGGA,221420.00,3726.7497700,N,12216.3192860,W,1,0,0.0,120.6360,M,0.0000,M,0.0000,0
$GPRMC,221420.00,A,3726.7497700,N,12216.3192860,W,29.5589,308.6137,040121,,,,
$GPGGA,221421.00,3726.7599580,N,12216.3347240,W,1,0,0.0,120.7870,M,0.0000,M,0.0000,0
$GPRMC,221421.00,A,3726.7599580,N,12216.3347240,W,29.5699,310.5471,040121,,,,
$GPGGA,221422.00,3726.7704700,N,12216.3498200,W,1,0,0.0,121.0231,M,0.0000,M,0.0000,0
$GPRMC,221422.00,A,3726.7704700,N,12216.3498200,W,29.5634,311.1442,040121,,,,
$GPGGA,221423.00,3726.7809820,N,12216.3649160,W,1,0,0.0,121.3271,M,0.0000,M,0.0000,0
$GPRMC,221423.00,A,3726.7809820,N,12216.3649160,W,29.5495,310.9351,040121,,,,
$GPGGA,221424.00,3726.7914700,N,12216.3800120,W,1,0,0.0,121.7151,M,0.0000,M,0.0000,0
$GPRMC,221424.00,A,3726.7914700,N,12216.3800120,W,29.5230,311.1738,040121,,,,
$GPGGA,221425.00,3726.8020000,N,12216.3950420,W,1,0,0.0,122.1551,M,0.0000,M,0.0000,0
$GPRMC,221425.00,A,3726.8020000,N,12216.3950420,W,29.4942,311.1813,040121,,,,
$GPGGA,221426.00,3726.8125120,N,12216.4100480,W,1,0,0.0,122.6511,M,0.0000,M,0.0000,0
$GPRMC,221426.00,A,3726.8125120,N,12216.4100480,W,29.4173,311.2291,040121,,,,
$GPGGA,221427.00,3726.8229940,N,12216.4250060,W,1,0,0.0,123.2071,M,0.0000,M,0.0000,0
$GPRMC,221427.00,A,3726.8229940,N,12216.4250060,W,29.3286,311.2215,040121,,,,
$GPGGA,221428.00,3726.8335000,N,12216.4399400,W,1,0,0.0,123.8612,M,0.0000,M,0.0000,0
$GPRMC,221428.00,A,3726.8335000,N,12216.4399400,W,29.4481,311.2128,040121,,,,
$GPGGA,221429.00,3726.8440360,N,12216.4549880,W,1,0,0.0,124.6092,M,0.0000,M,0.0000,0
$GPRMC,221429.00,A,3726.8440360,N,12216.4549880,W,29.6346,311.1878,040121,,,,
$GPGGA,221430.00,3726.8546140,N,12216.4701500,W,1,0,0.0,125.4232,M,0.0000,M,0.0000,0
$GPRMC,221430.00,A,3726.8546140,N,12216.4701500,W,29.7130,311.0703,040121,,,,
$GPGGA,221431.00,3726.8651800,N,12216.4853240,W,1,0,0.0,126.2722,M,0.0000,M,0.0000,0
$GPRMC,221431.00,A,3726.8651800,N,12216.4853240,W,29.7147,311.0410,040121,,,,
$GPGGA,221432.00,3726.8757520,N,12216.5004740,W,1,0,0.0,127.1152,M,0.0000,M,0.0000,0
$GPRMC,221432.00,A,3726.8757520,N,12216.5004740,W,29.6749,311.2237,040121,,,,
$GPGGA,221433.00,3726.8863660,N,12216.5155340,W,1,0,0.0,127.9722,M,0.0000,M,0.0000,0
$GPRMC,221433.00,A,3726.8863660,N,12216.5155340,W,29.6333,311.4746,040121,,,,
$GPGGA,221434.00,3726.8969980,N,12216.5305460,W,1,0,0.0,128.8482,M,0.0000,M,0.0000,0
$GPRMC,221434.00,A,3726.8969980,N,12216.5305460,W,29.5887,311.4851,040121,,,,
$GPGGA,221435.00,3726.9075820,N,12216.5455040,W,1,0,0.0,129.7032,M,0.0000,M,0.0000,0
$GPRMC,221435.00,A,3726.9075820,N,12216.5455040,W,29.3993,311.4566,040121,,,,
$GPGGA,221436.00,3726.9180640,N,12216.5603900,W,1,0,0.0,130.5392,M,0.0000,M,0.0000,0
$GPRMC,221436.00,A,3726.9180640,N,12216.5603900,W,29.1850,311.1532,040121,,,,
$GPGGA,221437.00,3726.9284140,N,12216.5752460,W,1,0,0.0,131.3442,M,0.0000,M,0.0000,0
$GPRMC,221437.00,A,3726.9284140,N,12216.5752460,W,29.0082,310.9861,040121,,,,
$GPGGA,221438.00,3726.9386680,N,12216.5900540,W,1,0,0.0,132.1742,M,0.0000,M,0.0000,0
$GPRMC,221438.00,A,3726.9386680,N,12216.5900540,W,28.8605,310.7265,040121,,,,
$GPGGA,221439.00,3726.9488020,N,12216.6048920,W,1,0,0.0,132.9812,M,0.0000,M,0.0000,0
$GPRMC,221439.00,A,3726.9488020,N,12216.6048920,W,28.7801,310.2078,040121,,,,
$GPGGA,221440.00,3726.9588220,N,12216.6198080,W,1,0,0.0,133.7362,M,0.0000,M,0.0000,0
$GPRMC,221440.00,A,3726.9588220,N,12216.6198080,W,28.7445,309.9395,040121,,,,
$GPGGA,221441.00,3726.9687940,N,12216.6347600,W,1,0,0.0,134.4342,M,0.0000,M,0.0000,0
$GPRMC,221441.00,A,3726.9687940,N,12216.6347600,W,28.7646,309.7200,040121,,,,
$GPGGA,221442.00,3726.9787360,N,12216.6497720,W,1,0,0.0,135.0541,M,0.0000,M,0.0000,0
$GPRMC,221442.00,A,3726.9787360,N,12216.6497720,W,28.7906,309.5363,040121,,,,
$GPGGA,221443.00,3726.9886600,N,12216.6648320,W,1,0,0.0,135.5561,M,0.0000,M,0.0000,0
$GPRMC,221443.00,A,3726.9886600,N,12216.6648320,W,28.8496,309.4702,040121,,,,
$GPGGA,221444.00,3726.9986080,N,12216.6799400,W,1,0,0.0,136.0681,M,0.0000,M,0.0000,0
$GPRMC,221444.00,A,3726.9986080,N,12216.6799400,W,28.9527,309.4534,040121,,,,
$GPGGA,221445.00,3727.0085920,N,12216.6950960,W,1,0,0.0,136.4981,M,0.0000,M,0.0000,0
$GPRMC,221445.00,A,3727.0085920,N,12216.6950960,W,29.0147,309.5365,040121,,,,
$GPGGA,221446.00,3727.0186120,N,12216.7102340,W,1,0,0.0,136.9772,M,0.0000,M,0.0000,0
$GPRMC,221446.00,A,3727.0186120,N,12216.7102340,W,29.0089,309.6802,040121,,,,
$GPGGA,221447.00,3727.0286440,N,12216.7253720,W,1,0,0.0,137.3801,M,0.0000,M,0.0000,0
$GPRMC,221447.00,A,3727.0286440,N,12216.7253720,W,29.0292,309.7075,040121,,,,
$GPGGA,221448.00,3727.0386640,N,12216.7405400,W,1,0,0.0,137.6971,M,0.0000,M,0.0000,0
$GPRMC,221448.00,A,3727.0386640,N,12216.7405400,W,29.0837,309.4364,040121,,,,
$GPGGA,221449.00,3727.0487140,N,12216.7557620,W,1,0,0.0,137.8940,M,0.0000,M,0.0000,0
$GPRMC,221449.00,A,3727.0487140,N,12216.7557620,W,29.2164,309.7402,040121,,,,
$GPGGA,221450.00,3727.0588480,N,12216.7710320,W,1,0,0.0,138.0290,M,0.0000,M,0.0000,0
$GPRMC,221450.00,A,3727.0588480,N,12216.7710320,W,29.3818,309.5286,040121,,,,
$GPGGA,221451.00,3727.0690060,N,12216.7864460,W,1,0,0.0,138.0460,M,0.0000,M,0.0000,0
$GPRMC,221451.00,A,3727.0690060,N,12216.7864460,W,29.5955,309.4966,040121,,,,
$GPGGA,221452.00,3727.0792240,N,12216.8019320,W,1,0,0.0,138.1010,M,0.0000,M,0.0000,0
$GPRMC,221452.00,A,3727.0792240,N,12216.8019320,W,29.6582,309.4561,040121,,,,
$GPGGA,221453.00,3727.0894180,N,12216.8174540,W,1,0,0.0,138.0860,M,0.0000,M,0.0000,0
$GPRMC,221453.00,A,3727.0894180,N,12216.8174540,W,29.6944,309.3326,040121,,,,
$GPGGA,221454.00,3727.0996180,N,12216.8330480,W,1,0,0.0,138.0190,M,0.0000,M,0.0000,0
$GPRMC,221454.00,A,3727.0996180,N,12216.8330480,W,29.8005,309.2145,040121,,,,
$GPGGA,221455.00,3727.1098600,N,12216.8486840,W,1,0,0.0,137.8780,M,0.0000,M,0.0000,0
$GPRMC,221455.00,A,3727.1098600,N,12216.8486840,W,29.8729,309.3618,040121,,,,
$GPGGA,221456.00,3727.1201500,N,12216.8643080,W,1,0,0.0,137.7129,M,0.0000,M,0.0000,0
$GPRMC,221456.00,A,3727.1201500,N,12216.8643080,W,29.8915,309.5345,040121,,,,
$GPGGA,221457.00,3727.1304580,N,12216.8799320,W,1,0,0.0,137.4309,M,0.0000,M,0.0000,0
$GPRMC,221457.00,A,3727.1304580,N,12216.8799320,W,29.9464,309.4631,040121,,,,
$GPGGA,221458.00,3727.1407900,N,12216.8956340,W,1,0,0.0,137.1119,M,0.0000,M,0.0000,0
$GPRMC,221458.00,A,3727.1407900,N,12216.8956340,W,30.1252,309.4145,040121,,,,
$GPGGA,221459.00,3727.1511940,N,12216.9114260,W,1,0,0.0,136.7029,M,0.0000,M,0.0000,0
$GPRMC,221459.00,A,3727.1511940,N,12216.9114260,W,30.2930,309.5077,040121,,,,
$GPGGA,221500.00,3727.1616700,N,12216.9273140,W,1,0,0.0,136.2539,M,0.0000,M,0.0000,0
$GPRMC,221500.00,A,3727.1616700,N,12216.9273140,W,30.5356,309.4015,040121,,,,
$GPGGA,221501.00,3727.1722060,N,12216.9433820,W,1,0,0.0,135.7409,M,0.0000,M,0.0000,0
$GPRMC,221501.00,A,3727.1722060,N,12216.9433820,W,30.8104,309.1254,040121,,,,
$GPGGA,221502.00,3727.1827720,N,12216.9596540,W,1,0,0.0,135.1879,M,0.0000,M,0.0000,0
$GPRMC,221502.00,A,3727.1827720,N,12216.9596540,W,31.1246,309.0549,040121,,,,
$GPGGA,221503.00,3727.1934700,N,12216.9761120,W,1,0,0.0,134.5238,M,0.0000,M,0.0000,0
$GPRMC,221503.00,A,3727.1934700,N,12216.9761120,W,31.5221,309.1489,040121,,,,
$GPGGA,221504.00,3727.2043720,N,12216.9927380,W,1,0,0.0,133.8098,M,0.0000,M,0.0000,0
$GPRMC,221504.00,A,3727.2043720,N,12216.9927380,W,31.9553,309.4929,040121,,,,
$GPGGA,221505.00,3727.2154300,N,12217.0095380,W,1,0,0.0,133.1128,M,0.0000,M,0.0000,0
$GPRMC,221505.00,A,3727.2154300,N,12217.0095380,W,32.2682,309.4571,040121,,,,
$GPGGA,221506.00,3727.2265660,N,12217.0264460,W,1,0,0.0,132.4138,M,0.0000,M,0.0000,0
$GPRMC,221506.00,A,3727.2265660,N,12217.0264460,W,32.4246,309.4789,040121,,,,
$GPGGA,221507.00,3727.2377380,N,12217.0434680,W,1,0,0.0,131.6878,M,0.0000,M,0.0000,0
$GPRMC,221507.00,A,3727.2377380,N,12217.0434680,W,32.5957,309.2726,040121,,,,
$GPGGA,221508.00,3727.2489460,N,12217.0605980,W,1,0,0.0,130.9468,M,0.0000,M,0.0000,0
$GPRMC,221508.00,A,3727.2489460,N,12217.0605980,W,32.7679,309.3055,040121,,,,
$GPGGA,221509.00,3727.2602320,N,12217.0777760,W,1,0,0.0,130.2508,M,0.0000,M,0.0000,0
$GPRMC,221509.00,A,3727.2602320,N,12217.0777760,W,32.8810,309.4362,040121,,,,
$GPGGA,221510.00,3727.2715600,N,12217.0950080,W,1,0,0.0,129.5228,M,0.0000,M,0.0000,0
$GPRMC,221510.00,A,3727.2715600,N,12217.0950080,W,32.9950,309.3644,040121,,,,
$GPGGA,221511.00,3727.2829540,N,12217.1122940,W,1,0,0.0,128.7928,M,0.0000,M,0.0000,0
$GPRMC,221511.00,A,3727.2829540,N,12217.1122940,W,33.1483,309.4814,040121,,,,
$GPGGA,221512.00,3727.2943720,N,12217.1296820,W,1,0,0.0,128.0698,M,0.0000,M,0.0000,0
$GPRMC,221512.00,A,3727.2943720,N,12217.1296820,W,33.3101,309.2979,040121,,,,
$GPGGA,221513.00,3727.3058380,N,12217.1471840,W,1,0,0.0,127.3248,M,0.0000,M,0.0000,0
$GPRMC,221513.00,A,3727.3058380,N,12217.1471840,W,33.4861,309.3570,040121,,,,
$GPGGA,221514.00,3727.3173580,N,12217.1647040,W,1,0,0.0,126.5698,M,0.0000,M,0.0000,0
$GPRMC,221514.00,A,3727.3173580,N,12217.1647040,W,33.4094,309.4816,040121,,,,
$GPGGA,221515.00,3727.3288060,N,12217.1821160,W,1,0,0.0,125.8108,M,0.0000,M,0.0000,0
$GPRMC,221515.00,A,3727.3288060,N,12217.1821160,W,33.1618,309.3328,040121,,,,
$GPGGA,221516.00,3727.3401520,N,12217.1994080,W,1,0,0.0,125.0108,M,0.0000,M,0.0000,0
$GPRMC,221516.00,A,3727.3401520,N,12217.1994080,W,32.8748,309.4314,040121,,,,
$GPGGA,221517.00,3727.3514680,N,12217.2164660,W,1,0,0.0,124.2248,M,0.0000,M,0.0000,0
$GPRMC,221517.00,A,3727.3514680,N,12217.2164660,W,32.5789,309.8552,040121,,,,
$GPGGA,221518.00,3727.3628560,N,12217.2331700,W,1,0,0.0,123.5359,M,0.0000,M,0.0000,0
$GPRMC,221518.00,A,3727.3628560,N,12217.2331700,W,32.2392,311.2883,040121,,,,
$GPGGA,221519.00,3727.3745500,N,12217.2491900,W,1,0,0.0,123.0179,M,0.0000,M,0.0000,0
$GPRMC,221519.00,A,3727.3745500,N,12217.2491900,W,31.8500,313.6520,040121,,,,
$GPGGA,221520.00,3727.3865980,N,12217.2644120,W,1,0,0.0,122.6909,M,0.0000,M,0.0000,0
$GPRMC,221520.00,A,3727.3865980,N,12217.2644120,W,31.4293,315.7204,040121,,,,
$GPGGA,221521.00,3727.3988860,N,12217.2789260,W,1,0,0.0,122.4920,M,0.0000,M,0.0000,0
$GPRMC,221521.00,A,3727.3988860,N,12217.2789260,W,31.0901,317.5604,040121,,,,
$GPGGA,221522.00,3727.4114500,N,12217.2928760,W,1,0,0.0,122.3860,M,0.0000,M,0.0000,0
$GPRMC,221522.00,A,3727.4114500,N,12217.2928760,W,31.0295,319.2300,040121,,,,
$GPGGA,221523.00,3727.4243620,N,12217.3062680,W,1,0,0.0,122.4410,M,0.0000,M,0.0000,0
$GPRMC,221523.00,A,3727.4243620,N,12217.3062680,W,30.9872,321.5103,040121,,,,
$GPGGA,221524.00,3727.4376520,N,12217.3190060,W,1,0,0.0,122.6211,M,0.0000,M,0.0000,0
$GPRMC,221524.00,A,3727.4376520,N,12217.3190060,W,30.8875,323.3950,040121,,,,
$GPGGA,221525.00,3727.4511820,N,12217.3311740,W,1,0,0.0,122.9711,M,0.0000,M,0.0000,0
$GPRMC,221525.00,A,3727.4511820,N,12217.3311740,W,30.7212,325.1313,040121,,,,
$GPGGA,221526.00,3727.4649580,N,12217.3426700,W,1,0,0.0,123.4281,M,0.0000,M,0.0000,0
$GPRMC,221526.00,A,3727.4649580,N,12217.3426700,W,30.5315,327.4333,040121,,,,
$GPGGA,221527.00,3727.4789680,N,12217.3534940,W,1,0,0.0,123.9761,M,0.0000,M,0.0000,0
$GPRMC,221527.00,A,3727.4789680,N,12217.3534940,W,30.3789,329.1856,040121,,,,
$GPGGA,221528.00,3727.4932240,N,12217.3636100,W,1,0,0.0,124.5921,M,0.0000,M,0.0000,0
$GPRMC,221528.00,A,3727.4932240,N,12217.3636100,W,30.2569,331.4951,040121,,,,
$GPGGA,221529.00,3727.5077020,N,12217.3731200,W,1,0,0.0,125.1972,M,0.0000,M,0.0000,0
$GPRMC,221529.00,A,3727.5077020,N,12217.3731200,W,30.1956,333.1473,040121,,,,
$GPGGA,221530.00,3727.5223960,N,12217.3819760,W,1,0,0.0,125.8222,M,0.0000,M,0.0000,0
$GPRMC,221530.00,A,3727.5223960,N,12217.3819760,W,30.1483,335.3788,040121,,,,
$GPGGA,221531.00,3727.5373420,N,12217.3901660,W,1,0,0.0,126.4321,M,0.0000,M,0.0000,0
$GPRMC,221531.00,A,3727.5373420,N,12217.3901660,W,30.2215,337.2434,040121,,,,
$GPGGA,221532.00,3727.5525220,N,12217.3977980,W,1,0,0.0,127.0841,M,0.0000,M,0.0000,0
$GPRMC,221532.00,A,3727.5525220,N,12217.3977980,W,30.3115,338.9778,040121,,,,
$GPGGA,221533.00,3727.5679540,N,12217.4048300,W,1,0,0.0,127.6401,M,0.0000,M,0.0000,0
$GPRMC,221533.00,A,3727.5679540,N,12217.4048300,W,30.4661,340.8239,040121,,,,
$GPGGA,221534.00,3727.5836140,N,12217.4112980,W,1,0,0.0,128.2661,M,0.0000,M,0.0000,0
$GPRMC,221534.00,A,3727.5836140,N,12217.4112980,W,30.5807,342.5895,040121,,,,
$GPGGA,221535.00,3727.5995080,N,12217.4172260,W,1,0,0.0,128.8512,M,0.0000,M,0.0000,0
$GPRMC,221535.00,A,3727.5995080,N,12217.4172260,W,30.7462,344.4271,040121,,,,
$GPGGA,221536.00,3727.6156300,N,12217.4225360,W,1,0,0.0,129.4392,M,0.0000,M,0.0000,0
$GPRMC,221536.00,A,3727.6156300,N,12217.4225360,W,30.9158,346.1823,040121,,,,
$GPGGA,221537.00,3727.6319860,N,12217.4270840,W,1,0,0.0,130.2071,M,0.0000,M,0.0000,0
$GPRMC,221537.00,A,3727.6319860,N,12217.4270840,W,31.0932,348.5462,040121,,,,
$GPGGA,221538.00,3727.6485700,N,12217.4308100,W,1,0,0.0,130.8361,M,0.0000,M,0.0000,0
$GPRMC,221538.00,A,3727.6485700,N,12217.4308100,W,31.3094,351.0836,040121,,,,
$GPGGA,221539.00,3727.6653700,N,12217.4337440,W,1,0,0.0,131.4781,M,0.0000,M,0.0000,0
$GPRMC,221539.00,A,3727.6653700,N,12217.4337440,W,31.3708,352.8416,040121,,,,
$GPGGA,221540.00,3727.6821820,N,12217.4360000,W,1,0,0.0,132.0991,M,0.0000,M,0.0000,0
$GPRMC,221540.00,A,3727.6821820,N,12217.4360000,W,31.1936,354.8258,040121,,,,
$GPGGA,221541.00,3727.6989400,N,12217.4375420,W,1,0,0.0,132.7532,M,0.0000,M,0.0000,0
$GPRMC,221541.00,A,3727.6989400,N,12217.4375420,W,31.0218,356.5844,040121,,,,
$GPGGA,221542.00,3727.7156680,N,12217.4385500,W,1,0,0.0,133.4882,M,0.0000,M,0.0000,0
$GPRMC,221542.00,A,3727.7156680,N,12217.4385500,W,30.9434,357.6737,040121,,,,
$GPGGA,221543.00,3727.7323660,N,12217.4392160,W,1,0,0.0,134.1972,M,0.0000,M,0.0000,0
$GPRMC,221543.00,A,3727.7323660,N,12217.4392160,W,30.8539,358.6268,040121,,,,
$GPGGA,221544.00,3727.7489140,N,12217.4393240,W,1,0,0.0,134.8111,M,0.0000,M,0.0000,0
$GPRMC,221544.00,A,3727.7489140,N,12217.4393240,W,30.3430,0.4949,040121,,,,
$GPGGA,221545.00,3727.7651560,N,12217.4390120,W,1,0,0.0,135.3631,M,0.0000,M,0.0000,0
$GPRMC,221545.00,A,3727.7651560,N,12217.4390120,W,29.7406,0.6483,040121,,,,
$GPGGA,221546.00,3727.7810620,N,12217.4387240,W,1,0,0.0,135.9341,M,0.0000,M,0.0000,0
$GPRMC,221546.00,A,3727.7810620,N,12217.4387240,W,29.1273,0.8963,040121,,,,
$GPGGA,221547.00,3727.7966380,N,12217.4382140,W,1,0,0.0,136.4881,M,0.0000,M,0.0000,0
$GPRMC,221547.00,A,3727.7966380,N,12217.4382140,W,28.5167,1.8525,040121,,,,
$GPGGA,221548.00,3727.8118780,N,12217.4377760,W,1,0,0.0,137.1432,M,0.0000,M,0.0000,0
$GPRMC,221548.00,A,3727.8118780,N,12217.4377760,W,27.8651,0.2364,040121,,,,
$GPGGA,221549.00,3727.8267640,N,12217.4377580,W,1,0,0.0,137.9012,M,0.0000,M,0.0000,0
$GPRMC,221549.00,A,3727.8267640,N,12217.4377580,W,27.2089,359.9712,040121,,,,
$GPGGA,221550.00,3727.8413020,N,12217.4377100,W,1,0,0.0,138.6011,M,0.0000,M,0.0000,0
$GPRMC,221550.00,A,3727.8413020,N,12217.4377100,W,26.5800,0.0884,040121,,,,
$GPGGA,221551.00,3727.8555280,N,12217.4378240,W,1,0,0.0,139.0491,M,0.0000,M,0.0000,0
$GPRMC,221551.00,A,3727.8555280,N,12217.4378240,W,26.0483,358.9084,040121,,,,
$GPGGA,221552.00,3727.8694780,N,12217.4384600,W,1,0,0.0,139.4341,M,0.0000,M,0.0000,0
$GPRMC,221552.00,A,3727.8694780,N,12217.4384600,W,25.6363,356.8040,040121,,,,
$GPGGA,221553.00,3727.8832900,N,12217.4397920,W,1,0,0.0,139.7911,M,0.0000,M,0.0000,0
$GPRMC,221553.00,A,3727.8832900,N,12217.4397920,W,25.5690,354.6376,040121,,,,
$GPGGA,221554.00,3727.8969220,N,12217.4416760,W,1,0,0.0,140.1081,M,0.0000,M,0.0000,0
$GPRMC,221554.00,A,3727.8969220,N,12217.4416760,W,25.1346,352.5178,040121,,,,
$GPGGA,221555.00,3727.9102480,N,12217.4440580,W,1,0,0.0,140.3611,M,0.0000,M,0.0000,0
$GPRMC,221555.00,A,3727.9102480,N,12217.4440580,W,24.7000,351.3280,040121,,,,
$GPGGA,221556.00,3727.9233220,N,12217.4467460,W,1,0,0.0,140.6040,M,0.0000,M,0.0000,0
$GPRMC,221556.00,A,3727.9233220,N,12217.4467460,W,24.2814,350.1750,040121,,,,
$GPGGA,221557.00,3727.9361440,N,12217.4496080,W,1,0,0.0,140.8030,M,0.0000,M,0.0000,0
$GPRMC,221557.00,A,3727.9361440,N,12217.4496080,W,23.9040,349.7482,040121,,,,
$GPGGA,221558.00,3727.9487560,N,12217.4524340,W,1,0,0.0,141.0471,M,0.0000,M,0.0000,0
$GPRMC,221558.00,A,3727.9487560,N,12217.4524340,W,23.4869,350.1849,040121,,,,
$GPGGA,221559.00,3727.9611640,N,12217.4550140,W,1,0,0.0,141.3060,M,0.0000,M,0.0000,0
$GPRMC,221559.00,A,3727.9611640,N,12217.4550140,W,23.0469,350.7805,040121,,,,
$GPGGA,221600.00,3727.9733500,N,12217.4574980,W,1,0,0.0,141.5971,M,0.0000,M,0.0000,0
$GPRMC,221600.00,A,3727.9733500,N,12217.4574980,W,22.6242,350.5435,040121,,,,
$GPGGA,221601.00,3727.9852960,N,12217.4600780,W,1,0,0.0,141.8591,M,0.0000,M,0.0000,0
$GPRMC,221601.00,A,3727.9852960,N,12217.4600780,W,22.2223,349.8264,040121,,,,
$GPGGA,221602.00,3727.9969960,N,12217.4628440,W,1,0,0.0,142.1650,M,0.0000,M,0.0000,0
$GPRMC,221602.00,A,3727.9969960,N,12217.4628440,W,21.8038,348.8780,040121,,,,
$GPGGA,221603.00,3728.0084320,N,12217.4658680,W,1,0,0.0,142.3610,M,0.0000,M,0.0000,0
$GPRMC,221603.00,A,3728.0084320,N,12217.4658680,W,21.4561,347.2556,040121,,,,
$GPGGA,221604.00,3728.0196580,N,12217.4692040,W,1,0,0.0,142.3290,M,0.0000,M,0.0000,0
$GPRMC,221604.00,A,3728.0196580,N,12217.4692040,W,21.2093,346.4082,040121,,,,
$GPGGA,221605.00,3728.0307400,N,12217.4726540,W,1,0,0.0,142.0760,M,0.0000,M,0.0000,0
$GPRMC,221605.00,A,3728.0307400,N,12217.4726540,W,21.0531,345.7836,040121,,,,
$GPGGA,221606.00,3728.0416720,N,12217.4762180,W,1,0,0.0,141.7179,M,0.0000,M,0.0000,0
$GPRMC,221606.00,A,3728.0416720,N,12217.4762180,W,20.6292,345.0453,040121,,,,
$GPGGA,221607.00,3728.0522560,N,12217.4798960,W,1,0,0.0,141.0969,M,0.0000,M,0.0000,0
$GPRMC,221607.00,A,3728.0522560,N,12217.4798960,W,19.9795,344.0437,040121,,,,
$GPGGA,221608.00,3728.0623960,N,12217.4837960,W,1,0,0.0,140.6148,M,0.0000,M,0.0000,0
$GPRMC,221608.00,A,3728.0623960,N,12217.4837960,W,19.2040,341.8727,040121,,,,
$GPGGA,221609.00,3728.0720380,N,12217.4879840,W,1,0,0.0,139.8788,M,0.0000,M,0.0000,0
$GPRMC,221609.00,A,3728.0720380,N,12217.4879840,W,18.5168,340.1723,040121,,,,
$GPGGA,221610.00,3728.0811520,N,12217.4921960,W,1,0,0.0,139.0278,M,0.0000,M,0.0000,0
$GPRMC,221610.00,A,3728.0811520,N,12217.4921960,W,17.3433,339.2576,040121,,,,
$GPGGA,221611.00,3728.0895580,N,12217.4961260,W,1,0,0.0,138.1728,M,0.0000,M,0.0000,0
$GPRMC,221611.00,A,3728.0895580,N,12217.4961260,W,15.8280,339.7458,040121,,,,
$GPGGA,221612.00,3728.0972500,N,12217.4994980,W,1,0,0.0,137.3198,M,0.0000,M,0.0000,0
$GPRMC,221612.00,A,3728.0972500,N,12217.4994980,W,14.3212,341.5561,040121,,,,
$GPGGA,221613.00,3728.1041380,N,12217.5022640,W,1,0,0.0,136.5829,M,0.0000,M,0.0000,0
$GPRMC,221613.00,A,3728.1041380,N,12217.5022640,W,12.3918,342.5449,040121,,,,
$GPGGA,221614.00,3728.1100180,N,12217.5044780,W,1,0,0.0,136.1049,M,0.0000,M,0.0000,0
$GPRMC,221614.00,A,3728.1100180,N,12217.5044780,W,10.2736,343.4245,040121,,,,
$GPGGA,221615.00,3728.1147340,N,12217.5062600,W,1,0,0.0,135.8070,M,0.0000,M,0.0000,0
$GPRMC,221615.00,A,3728.1147340,N,12217.5062600,W,7.8661,342.7549,040121,,,,
$GPGGA,221616.00,3728.1181180,N,12217.5078020,W,1,0,0.0,135.6770,M,0.0000,M,0.0000,0
$GPRMC,221616.00,A,3728.1181180,N,12217.5078020,W,5.4281,338.4587,040121,,,,
$GPGGA,221617.00,3728.1201520,N,12217.5090800,W,1,0,0.0,135.6240,M,0.0000,M,0.0000,0
$GPRMC,221617.00,A,3728.1201520,N,12217.5090800,W,3.0104,333.2868,040121,,,,
$GPGGA,221618.00,3728.1211660,N,12217.5098360,W,1,0,0.0,135.5920,M,0.0000,M,0.0000,0
$GPRMC,221618.00,A,3728.1211660,N,12217.5098360,W,1.4285,330.5165,040121,,,,
$GPGGA,221619.00,3728.1215680,N,12217.5101660,W,1,0,0.0,135.5780,M,0.0000,M,0.0000,0
$GPRMC,221619.00,A,3728.1215680,N,12217.5101660,W,0.4951,329.3628,040121,,,,
$GPGGA,221620.00,3728.1216760,N,12217.5102500,W,1,0,0.0,135.5720,M,0.0000,M,0.0000,0
$GPRMC,221620.00,A,3728.1216760,N,12217.5102500,W,0.0542,329.0363,040121,,,,
$GPGGA,221621.00,3728.1217240,N,12217.5102920,W,1,0,0.0,135.5670,M,0.0000,M,0.0000,0
$GPRMC,221621.00,A,3728.1217240,N,12217.5102920,W,0.1363,328.9043,040121,,,,
$GPGGA,221622.00,3728.1217780,N,12217.5103340,W,1,0,0.0,135.5640,M,0.0000,M,0.0000,0
$GPRMC,221622.00,A,3728.1217780,N,12217.5103340,W,0.1628,328.7436,040121,,,,
$GPGGA,221623.00,3728.1220120,N,12217.5105380,W,1,0,0.0,135.5550,M,0.0000,M,0.0000,0
$GPRMC,221623.00,A,3728.1220120,N,12217.5105380,W,0.9695,328.0188,040121,,,,
$GPGGA,221624.00,3728.1227560,N,12217.5111980,W,1,0,0.0,135.5470,M,0.0000,M,0.0000,0
$GPRMC,221624.00,A,3728.1227560,N,12217.5111980,W,2.3976,326.1725,040121,,,,
$GPGGA,221625.00,3728.1242260,N,12217.5126140,W,1,0,0.0,135.5710,M,0.0000,M,0.0000,0
$GPRMC,221625.00,A,3728.1242260,N,12217.5126140,W,4.4961,322.4786,040121,,,,
$GPGGA,221626.00,3728.1261340,N,12217.5151160,W,1,0,0.0,135.7170,M,0.0000,M,0.0000,0
$GPRMC,221626.00,A,3728.1261340,N,12217.5151160,W,5.5395,311.1494,040121,,,,
$GPGGA,221627.00,3728.1274660,N,12217.5189680,W,1,0,0.0,135.8611,M,0.0000,M,0.0000,0
$GPRMC,221627.00,A,3728.1274660,N,12217.5189680,W,6.6149,288.6260,040121,,,,
$GPGGA,221628.00,3728.1274900,N,12217.5239360,W,1,0,0.0,136.0010,M,0.0000,M,0.0000,0
$GPRMC,221628.00,A,3728.1274900,N,12217.5239360,W,7.8673,264.3698,040121,,,,
$GPGGA,221629.00,3728.1257920,N,12217.5294380,W,1,0,0.0,136.0020,M,0.0000,M,0.0000,0
$GPRMC,221629.00,A,3728.1257920,N,12217.5294380,W,9.3963,242.5294,040121,,,,
$GPGGA,221630.00,3728.1223180,N,12217.5347720,W,1,0,0.0,136.0230,M,0.0000,M,0.0000,0
$GPRMC,221630.00,A,3728.1223180,N,12217.5347720,W,10.7482,226.6488,040121,,,,
$GPGGA,221631.00,3728.1179020,N,12217.5401360,W,1,0,0.0,136.0060,M,0.0000,M,0.0000,0
$GPRMC,221631.00,A,3728.1179020,N,12217.5401360,W,11.8923,223.7271,040121,,,,
$GPGGA,221632.00,3728.1131200,N,12217.5458720,W,1,0,0.0,135.9360,M,0.0000,M,0.0000,0
$GPRMC,221632.00,A,3728.1131200,N,12217.5458720,W,12.4891,223.6951,040121,,,,
$GPGGA,221633.00,3728.1082480,N,12217.5517940,W,1,0,0.0,135.7559,M,0.0000,M,0.0000,0
$GPRMC,221633.00,A,3728.1082480,N,12217.5517940,W,12.5240,224.4698,040121,,,,
$GPGGA,221634.00,3728.1035680,N,12217.5578840,W,1,0,0.0,135.4739,M,0.0000,M,0.0000,0
$GPRMC,221634.00,A,3728.1035680,N,12217.5578840,W,12.5749,227.1404,040121,,,,
$GPGGA,221635.00,3728.0989960,N,12217.5645020,W,1,0,0.0,135.0719,M,0.0000,M,0.0000,0
$GPRMC,221635.00,A,3728.0989960,N,12217.5645020,W,13.3289,229.6351,040121,,,,
$GPGGA,221636.00,3728.0941900,N,12217.5714380,W,1,0,0.0,134.5829,M,0.0000,M,0.0000,0
$GPRMC,221636.00,A,3728.0941900,N,12217.5714380,W,13.6914,227.9131,040121,,,,
$GPGGA,221637.00,3728.0890480,N,12217.5781880,W,1,0,0.0,133.9578,M,0.0000,M,0.0000,0
$GPRMC,221637.00,A,3728.0890480,N,12217.5781880,W,13.6894,225.3216,040121,,,,
$GPGGA,221638.00,3728.0839240,N,12217.5845900,W,1,0,0.0,133.2328,M,0.0000,M,0.0000,0
$GPRMC,221638.00,A,3728.0839240,N,12217.5845900,W,12.8180,225.0997,040121,,,,
$GPGGA,221639.00,3728.0797900,N,12217.5907520,W,1,0,0.0,132.4768,M,0.0000,M,0.0000,0
$GPRMC,221639.00,A,3728.0797900,N,12217.5907520,W,11.0705,234.4289,040121,,,,
$GPGGA,221640.00,3728.0775340,N,12217.5970640,W,1,0,0.0,131.6628,M,0.0000,M,0.0000,0
$GPRMC,221640.00,A,3728.0775340,N,12217.5970640,W,9.7219,253.5539,040121,,,,
$GPGGA,221641.00,3728.0777440,N,12217.6033520,W,1,0,0.0,130.8969,M,0.0000,M,0.0000,0
$GPRMC,221641.00,A,3728.0777440,N,12217.6033520,W,9.4314,281.8768,040121,,,,
$GPGGA,221642.00,3728.0802580,N,12217.6087820,W,1,0,0.0,130.6250,M,0.0000,M,0.0000,0
$GPRMC,221642.00,A,3728.0802580,N,12217.6087820,W,9.5629,306.4528,040121,,,,
$GPGGA,221643.00,3728.0840500,N,12217.6135940,W,1,0,0.0,130.6550,M,0.0000,M,0.0000,0
$GPRMC,221643.00,A,3728.0840500,N,12217.6135940,W,10.5798,316.3914,040121,,,,
$GPGGA,221644.00,3728.0885500,N,12217.6186040,W,1,0,0.0,130.7310,M,0.0000,M,0.0000,0
$GPRMC,221644.00,A,3728.0885500,N,12217.6186040,W,11.6576,318.3062,040121,,,,
$GPGGA,221645.00,3728.0934400,N,12217.6241060,W,1,0,0.0,130.8190,M,0.0000,M,0.0000,0
$GPRMC,221645.00,A,3728.0934400,N,12217.6241060,W,12.6562,317.8840,040121,,,,
$GPGGA,221646.00,3728.0987440,N,12217.6300820,W,1,0,0.0,131.0891,M,0.0000,M,0.0000,0
$GPRMC,221646.00,A,3728.0987440,N,12217.6300820,W,13.6482,317.9015,040121,,,,
$GPGGA,221647.00,3728.1044380,N,12217.6363880,W,1,0,0.0,131.5231,M,0.0000,M,0.0000,0
$GPRMC,221647.00,A,3728.1044380,N,12217.6363880,W,14.4637,318.5998,040121,,,,
$GPGGA,221648.00,3728.1103960,N,12217.6429040,W,1,0,0.0,132.1131,M,0.0000,M,0.0000,0
$GPRMC,221648.00,A,3728.1103960,N,12217.6429040,W,14.5273,319.0654,040121,,,,
$GPGGA,221649.00,3728.1163180,N,12217.6490120,W,1,0,0.0,132.7811,M,0.0000,M,0.0000,0
$GPRMC,221649.00,A,3728.1163180,N,12217.6490120,W,13.8390,321.8308,040121,,,,
$GPGGA,221650.00,3728.1223600,N,12217.6539260,W,1,0,0.0,133.5022,M,0.0000,M,0.0000,0
$GPRMC,221650.00,A,3728.1223600,N,12217.6539260,W,12.9179,331.5415,040121,,,,
$GPGGA,221651.00,3728.1286360,N,12217.6566860,W,1,0,0.0,134.3052,M,0.0000,M,0.0000,0
$GPRMC,221651.00,A,3728.1286360,N,12217.6566860,W,11.9131,346.5544,040121,,,,
$GPGGA,221652.00,3728.1348340,N,12217.6571840,W,1,0,0.0,135.1282,M,0.0000,M,0.0000,0
$GPRMC,221652.00,A,3728.1348340,N,12217.6571840,W,11.4262,1.3931,040121,,,,
$GPGGA,221653.00,3728.1408400,N,12217.6557740,W,1,0,0.0,135.9112,M,0.0000,M,0.0000,0
$GPRMC,221653.00,A,3728.1408400,N,12217.6557740,W,11.3651,15.6033,040121,,,,
$GPGGA,221654.00,3728.1463960,N,12217.6525280,W,1,0,0.0,136.6562,M,0.0000,M,0.0000,0
$GPRMC,221654.00,A,3728.1463960,N,12217.6525280,W,11.5845,29.9440,040121,,,,
$GPGGA,221655.00,3728.1512620,N,12217.6474640,W,1,0,0.0,137.3912,M,0.0000,M,0.0000,0
$GPRMC,221655.00,A,3728.1512620,N,12217.6474640,W,12.0145,44.9438,040121,,,,
$GPGGA,221656.00,3728.1550660,N,12217.6407320,W,1,0,0.0,138.1172,M,0.0000,M,0.0000,0
$GPRMC,221656.00,A,3728.1550660,N,12217.6407320,W,12.5120,60.2569,040121,,,,
$GPGGA,221657.00,3728.1574060,N,12217.6327100,W,1,0,0.0,138.8762,M,0.0000,M,0.0000,0
$GPRMC,221657.00,A,3728.1574060,N,12217.6327100,W,12.8733,75.5981,040121,,,,
$GPGGA,221658.00,3728.1579820,N,12217.6240040,W,1,0,0.0,139.6512,M,0.0000,M,0.0000,0
$GPRMC,221658.00,A,3728.1579820,N,12217.6240040,W,13.0850,91.2171,040121,,,,
$GPGGA,221659.00,3728.1565540,N,12217.6153340,W,1,0,0.0,140.4372,M,0.0000,M,0.0000,0
$GPRMC,221659.00,A,3728.1565540,N,12217.6153340,W,13.2907,108.2087,040121,,,,
$GPGGA,221700.00,3728.1530980,N,12217.6074260,W,1,0,0.0,141.1291,M,0.0000,M,0.0000,0
$GPRMC,221700.00,A,3728.1530980,N,12217.6074260,W,13.6425,125.2742,040121,,,,
$GPGGA,221701.00,3728.1478960,N,12217.6005200,W,1,0,0.0,141.6701,M,0.0000,M,0.0000,0
$GPRMC,221701.00,A,3728.1478960,N,12217.6005200,W,14.6187,136.3246,040121,,,,
$GPGGA,221702.00,3728.1417340,N,12217.5936920,W,1,0,0.0,142.1601,M,0.0000,M,0.0000,0
$GPRMC,221702.00,A,3728.1417340,N,12217.5936920,W,15.8475,139.6329,040121,,,,
$GPGGA,221703.00,3728.1349240,N,12217.5864620,W,1,0,0.0,142.6071,M,0.0000,M,0.0000,0
$GPRMC,221703.00,A,3728.1349240,N,12217.5864620,W,17.1827,139.5712,040121,,,,
$GPGGA,221704.00,3728.1275080,N,12217.5786980,W,1,0,0.0,143.0261,M,0.0000,M,0.0000,0
$GPRMC,221704.00,A,3728.1275080,N,12217.5786980,W,18.5940,140.9212,040121,,,,
$GPGGA,221705.00,3728.1192520,N,12217.5707540,W,1,0,0.0,143.1050,M,0.0000,M,0.0000,0
$GPRMC,221705.00,A,3728.1192520,N,12217.5707540,W,19.8469,143.6579,040121,,,,
$GPGGA,221706.00,3728.1102220,N,12217.5627860,W,1,0,0.0,142.9710,M,0.0000,M,0.0000,0
$GPRMC,221706.00,A,3728.1102220,N,12217.5627860,W,21.0035,145.7062,040121,,,,
$GPGGA,221707.00,3728.1004240,N,12217.5548180,W,1,0,0.0,142.8120,M,0.0000,M,0.0000,0
$GPRMC,221707.00,A,3728.1004240,N,12217.5548180,W,22.2117,148.2276,040121,,,,
$GPGGA,221708.00,3728.0898220,N,12217.5469880,W,1,0,0.0,142.6030,M,0.0000,M,0.0000,0
$GPRMC,221708.00,A,3728.0898220,N,12217.5469880,W,23.4005,150.6364,040121,,,,
$GPGGA,221709.00,3728.0783260,N,12217.5393440,W,1,0,0.0,142.3969,M,0.0000,M,0.0000,0
$GPRMC,221709.00,A,3728.0783260,N,12217.5393440,W,24.7990,153.0972,040121,,,,
$GPGGA,221710.00,3728.0659180,N,12217.5317720,W,1,0,0.0,142.1850,M,0.0000,M,0.0000,0
$GPRMC,221710.00,A,3728.0659180,N,12217.5317720,W,26.2348,154.9014,040121,,,,
$GPGGA,221711.00,3728.0526340,N,12217.5242900,W,1,0,0.0,141.9619,M,0.0000,M,0.0000,0
$GPRMC,221711.00,A,3728.0526340,N,12217.5242900,W,27.6186,156.1619,040121,,,,
$GPGGA,221712.00,3728.0386480,N,12217.5167840,W,1,0,0.0,141.6559,M,0.0000,M,0.0000,0
$GPRMC,221712.00,A,3728.0386480,N,12217.5167840,W,28.4919,157.4634,040121,,,,
$GPGGA,221713.00,3728.0242660,N,12217.5095900,W,1,0,0.0,141.4070,M,0.0000,M,0.0000,0
$GPRMC,221713.00,A,3728.0242660,N,12217.5095900,W,28.7585,158.8147,040121,,,,
$GPGGA,221714.00,3728.0096320,N,12217.5027500,W,1,0,0.0,141.1739,M,0.0000,M,0.0000,0
$GPRMC,221714.00,A,3728.0096320,N,12217.5027500,W,29.0350,160.2289,040121,,,,
$GPGGA,221715.00,3727.9948240,N,12217.4962940,W,1,0,0.0,140.9029,M,0.0000,M,0.0000,0
$GPRMC,221715.00,A,3727.9948240,N,12217.4962940,W,28.8805,161.0505,040121,,,,
$GPGGA,221716.00,3727.9801120,N,12217.4900540,W,1,0,0.0,140.6339,M,0.0000,M,0.0000,0
$GPRMC,221716.00,A,3727.9801120,N,12217.4900540,W,28.5829,161.5916,040121,,,,
$GPGGA,221717.00,3727.9653880,N,12217.4843720,W,1,0,0.0,140.3619,M,0.0000,M,0.0000,0
$GPRMC,221717.00,A,3727.9653880,N,12217.4843720,W,28.4512,164.2100,040121,,,,
$GPGGA,221718.00,3727.9505380,N,12217.4794700,W,1,0,0.0,140.1050,M,0.0000,M,0.0000,0
$GPRMC,221718.00,A,3727.9505380,N,12217.4794700,W,28.4200,165.5980,040121,,,,
$GPGGA,221719.00,3727.9355440,N,12217.4747660,W,1,0,0.0,139.8419,M,0.0000,M,0.0000,0
$GPRMC,221719.00,A,3727.9355440,N,12217.4747660,W,28.8073,166.2230,040121,,,,
$GPGGA,221720.00,3727.9202560,N,12217.4702720,W,1,0,0.0,139.5930,M,0.0000,M,0.0000,0
$GPRMC,221720.00,A,3727.9202560,N,12217.4702720,W,29.3215,167.6661,040121,,,,
$GPGGA,221721.00,3727.9045360,N,12217.4664140,W,1,0,0.0,139.2799,M,0.0000,M,0.0000,0
$GPRMC,221721.00,A,3727.9045360,N,12217.4664140,W,29.9978,170.2100,040121,,,,
$GPGGA,221722.00,3727.8883120,N,12217.4633720,W,1,0,0.0,139.0129,M,0.0000,M,0.0000,0
$GPRMC,221722.00,A,3727.8883120,N,12217.4633720,W,30.7072,172.6492,040121,,,,
$GPGGA,221723.00,3727.8716200,N,12217.4611280,W,1,0,0.0,138.6239,M,0.0000,M,0.0000,0
$GPRMC,221723.00,A,3727.8716200,N,12217.4611280,W,31.4268,174.9088,040121,,,,
$GPGGA,221724.00,3727.8544960,N,12217.4595380,W,1,0,0.0,138.1849,M,0.0000,M,0.0000,0
$GPRMC,221724.00,A,3727.8544960,N,12217.4595380,W,32.1487,176.4846,040121,,,,
$GPGGA,221725.00,3727.8369580,N,12217.4583920,W,1,0,0.0,137.7499,M,0.0000,M,0.0000,0
$GPRMC,221725.00,A,3727.8369580,N,12217.4583920,W,32.7823,177.4020,040121,,,,
$GPGGA,221726.00,3727.8192100,N,12217.4576000,W,1,0,0.0,137.3119,M,0.0000,M,0.0000,0
$GPRMC,221726.00,A,3727.8192100,N,12217.4576000,W,32.8884,178.2458,040121,,,,
$GPGGA,221727.00,3727.8014500,N,12217.4568860,W,1,0,0.0,136.7989,M,0.0000,M,0.0000,0
$GPRMC,221727.00,A,3727.8014500,N,12217.4568860,W,32.8509,178.1073,040121,,,,
$GPGGA,221728.00,3727.7837020,N,12217.4562260,W,1,0,0.0,136.1869,M,0.0000,M,0.0000,0
$GPRMC,221728.00,A,3727.7837020,N,12217.4562260,W,32.8214,178.3074,040121,,,,
$GPGGA,221729.00,3727.7660500,N,12217.4555960,W,1,0,0.0,135.5728,M,0.0000,M,0.0000,0
$GPRMC,221729.00,A,3727.7660500,N,12217.4555960,W,32.5006,178.4587,040121,,,,
$GPGGA,221730.00,3727.7485960,N,12217.4550080,W,1,0,0.0,134.9799,M,0.0000,M,0.0000,0
$GPRMC,221730.00,A,3727.7485960,N,12217.4550080,W,32.0613,178.3105,040121,,,,
$GPGGA,221731.00,3727.7313760,N,12217.4543720,W,1,0,0.0,134.5249,M,0.0000,M,0.0000,0
$GPRMC,221731.00,A,3727.7313760,N,12217.4543720,W,31.7111,178.4337,040121,,,,
$GPGGA,221732.00,3727.7143180,N,12217.4537780,W,1,0,0.0,134.1179,M,0.0000,M,0.0000,0
$GPRMC,221732.00,A,3727.7143180,N,12217.4537780,W,31.4154,178.1290,040121,,,,
$GPGGA,221733.00,3727.6974280,N,12217.4528360,W,1,0,0.0,133.6589,M,0.0000,M,0.0000,0
$GPRMC,221733.00,A,3727.6974280,N,12217.4528360,W,31.1434,176.4271,040121,,,,
$GPGGA,221734.00,3727.6806820,N,12217.4511920,W,1,0,0.0,133.0838,M,0.0000,M,0.0000,0
$GPRMC,221734.00,A,3727.6806820,N,12217.4511920,W,30.9667,174.5144,040121,,,,
$GPGGA,221735.00,3727.6640860,N,12217.4488340,W,1,0,0.0,132.4388,M,0.0000,M,0.0000,0
$GPRMC,221735.00,A,3727.6640860,N,12217.4488340,W,30.8304,172.7283,040121,,,,
$GPGGA,221736.00,3727.6476160,N,12217.4458460,W,1,0,0.0,131.7939,M,0.0000,M,0.0000,0
$GPRMC,221736.00,A,3727.6476160,N,12217.4458460,W,30.7477,170.8761,040121,,,,
$GPGGA,221737.00,3727.6312600,N,12217.4422100,W,1,0,0.0,131.2028,M,0.0000,M,0.0000,0
$GPRMC,221737.00,A,3727.6312600,N,12217.4422100,W,30.6821,169.0739,040121,,,,
$GPGGA,221738.00,3727.6150360,N,12217.4379260,W,1,0,0.0,130.5498,M,0.0000,M,0.0000,0
$GPRMC,221738.00,A,3727.6150360,N,12217.4379260,W,30.6263,167.0945,040121,,,,
$GPGGA,221739.00,3727.5989740,N,12217.4329040,W,1,0,0.0,129.9788,M,0.0000,M,0.0000,0
$GPRMC,221739.00,A,3727.5989740,N,12217.4329040,W,30.6476,165.1277,040121,,,,
$GPGGA,221740.00,3727.5830200,N,12217.4272280,W,1,0,0.0,129.3239,M,0.0000,M,0.0000,0
$GPRMC,221740.00,A,3727.5830200,N,12217.4272280,W,30.6911,163.1529,040121,,,,
$GPGGA,221741.00,3727.5671980,N,12217.4208980,W,1,0,0.0,128.7119,M,0.0000,M,0.0000,0
$GPRMC,221741.00,A,3727.5671980,N,12217.4208980,W,30.7386,161.2950,040121,,,,
$GPGGA,221742.00,3727.5515320,N,12217.4138900,W,1,0,0.0,128.1289,M,0.0000,M,0.0000,0
$GPRMC,221742.00,A,3727.5515320,N,12217.4138900,W,30.8079,159.5071,040121,,,,
$GPGGA,221743.00,3727.5359680,N,12217.4062280,W,1,0,0.0,127.5329,M,0.0000,M,0.0000,0
$GPRMC,221743.00,A,3727.5359680,N,12217.4062280,W,31.0928,157.6710,040121,,,,
$GPGGA,221744.00,3727.5204280,N,12217.3978640,W,1,0,0.0,126.9078,M,0.0000,M,0.0000,0
$GPRMC,221744.00,A,3727.5204280,N,12217.3978640,W,31.4554,155.8229,040121,,,,
$GPGGA,221745.00,3727.5049120,N,12217.3887500,W,1,0,0.0,126.2148,M,0.0000,M,0.0000,0
$GPRMC,221745.00,A,3727.5049120,N,12217.3887500,W,31.9104,153.8474,040121,,,,
$GPGGA,221746.00,3727.4894620,N,12217.3787720,W,1,0,0.0,125.5609,M,0.0000,M,0.0000,0
$GPRMC,221746.00,A,3727.4894620,N,12217.3787720,W,32.3643,151.5703,040121,,,,
$GPGGA,221747.00,3727.4741020,N,12217.3679480,W,1,0,0.0,124.9649,M,0.0000,M,0.0000,0
$GPRMC,221747.00,A,3727.4741020,N,12217.3679480,W,32.7950,149.6038,040121,,,,
$GPGGA,221748.00,3727.4588740,N,12217.3562600,W,1,0,0.0,124.3609,M,0.0000,M,0.0000,0
$GPRMC,221748.00,A,3727.4588740,N,12217.3562600,W,33.2197,147.2280,040121,,,,
$GPGGA,221749.00,3727.4438680,N,12217.3436540,W,1,0,0.0,123.8469,M,0.0000,M,0.0000,0
$GPRMC,221749.00,A,3727.4438680,N,12217.3436540,W,33.5673,144.9905,040121,,,,
$GPGGA,221750.00,3727.4290840,N,12217.3302440,W,1,0,0.0,123.5229,M,0.0000,M,0.0000,0
$GPRMC,221750.00,A,3727.4290840,N,12217.3302440,W,33.9012,143.1842,040121,,,,
$GPGGA,221751.00,3727.4145340,N,12217.3160960,W,1,0,0.0,123.3140,M,0.0000,M,0.0000,0
$GPRMC,221751.00,A,3727.4145340,N,12217.3160960,W,34.1743,141.0930,040121,,,,
$GPGGA,221752.00,3727.4003200,N,12217.3012280,W,1,0,0.0,123.2070,M,0.0000,M,0.0000,0
$GPRMC,221752.00,A,3727.4003200,N,12217.3012280,W,34.2390,139.0468,040121,,,,
$GPGGA,221753.00,3727.3865500,N,12217.2857420,W,1,0,0.0,123.3280,M,0.0000,M,0.0000,0
$GPRMC,221753.00,A,3727.3865500,N,12217.2857420,W,34.1557,137.0659,040121,,,,
$GPGGA,221754.00,3727.3732840,N,12217.2696740,W,1,0,0.0,123.6121,M,0.0000,M,0.0000,0
$GPRMC,221754.00,A,3727.3732840,N,12217.2696740,W,34.0592,134.7936,040121,,,,
$GPGGA,221755.00,3727.3605160,N,12217.2530900,W,1,0,0.0,123.9801,M,0.0000,M,0.0000,0
$GPRMC,221755.00,A,3727.3605160,N,12217.2530900,W,33.9265,132.9802,040121,,,,
$GPGGA,221756.00,3727.3482700,N,12217.2360200,W,1,0,0.0,124.5101,M,0.0000,M,0.0000,0
$GPRMC,221756.00,A,3727.3482700,N,12217.2360200,W,33.7681,130.7586,040121,,,,
$GPGGA,221757.00,3727.3365160,N,12217.2185600,W,1,0,0.0,125.0251,M,0.0000,M,0.0000,0
$GPRMC,221757.00,A,3727.3365160,N,12217.2185600,W,33.6355,129.7161,040121,,,,
$GPGGA,221758.00,3727.3249420,N,12217.2010280,W,1,0,0.0,125.4971,M,0.0000,M,0.0000,0
$GPRMC,221758.00,A,3727.3249420,N,12217.2010280,W,33.5314,129.3724,040121,,,,
$GPGGA,221759.00,3727.3134340,N,12217.1834780,W,1,0,0.0,126.1021,M,0.0000,M,0.0000,0
$GPRMC,221759.00,A,3727.3134340,N,12217.1834780,W,33.4922,129.3107,040121,,,,
$GPGGA,221800.00,3727.3019080,N,12217.1659340,W,1,0,0.0,126.8282,M,0.0000,M,0.0000,0
$GPRMC,221800.00,A,3727.3019080,N,12217.1659340,W,33.5311,129.4576,040121,,,,
$GPGGA,221801.00,3727.2903520,N,12217.1484020,W,1,0,0.0,127.5792,M,0.0000,M,0.0000,0
$GPRMC,221801.00,A,3727.2903520,N,12217.1484020,W,33.5865,129.3409,040121,,,,
$GPGGA,221802.00,3727.2788200,N,12217.1307800,W,1,0,0.0,128.2972,M,0.0000,M,0.0000,0
$GPRMC,221802.00,A,3727.2788200,N,12217.1307800,W,33.6202,129.2119,040121,,,,
$GPGGA,221803.00,3727.2672940,N,12217.1131520,W,1,0,0.0,129.0602,M,0.0000,M,0.0000,0
$GPRMC,221803.00,A,3727.2672940,N,12217.1131520,W,33.6246,129.2621,040121,,,,
$GPGGA,221804.00,3727.2557500,N,12217.0955240,W,1,0,0.0,129.7952,M,0.0000,M,0.0000,0
$GPRMC,221804.00,A,3727.2557500,N,12217.0955240,W,33.6550,129.4503,040121,,,,
$GPGGA,221805.00,3727.2441520,N,12217.0779140,W,1,0,0.0,130.5391,M,0.0000,M,0.0000,0
$GPRMC,221805.00,A,3727.2441520,N,12217.0779140,W,33.7233,129.4982,040121,,,,
$GPGGA,221806.00,3727.2325300,N,12217.0602860,W,1,0,0.0,131.2292,M,0.0000,M,0.0000,0
$GPRMC,221806.00,A,3727.2325300,N,12217.0602860,W,33.7323,129.4972,040121,,,,
$GPGGA,221807.00,3727.2208900,N,12217.0426700,W,1,0,0.0,131.9831,M,0.0000,M,0.0000,0
$GPRMC,221807.00,A,3727.2208900,N,12217.0426700,W,33.7382,129.5197,040121,,,,
$GPGGA,221808.00,3727.2092800,N,12217.0250360,W,1,0,0.0,132.7602,M,0.0000,M,0.0000,0
$GPRMC,221808.00,A,3727.2092800,N,12217.0250360,W,33.7273,129.3690,040121,,,,
$GPGGA,221809.00,3727.1977000,N,12217.0073720,W,1,0,0.0,133.4882,M,0.0000,M,0.0000,0
$GPRMC,221809.00,A,3727.1977000,N,12217.0073720,W,33.7367,129.2996,040121,,,,
$GPGGA,221810.00,3727.1861380,N,12216.9896720,W,1,0,0.0,134.1662,M,0.0000,M,0.0000,0
$GPRMC,221810.00,A,3727.1861380,N,12216.9896720,W,33.7488,129.2290,040121,,,,
$GPGGA,221811.00,3727.1745520,N,12216.9719780,W,1,0,0.0,134.8171,M,0.0000,M,0.0000,0
$GPRMC,221811.00,A,3727.1745520,N,12216.9719780,W,33.7798,129.3250,040121,,,,
$GPGGA,221812.00,3727.1629480,N,12216.9542840,W,1,0,0.0,135.4111,M,0.0000,M,0.0000,0
$GPRMC,221812.00,A,3727.1629480,N,12216.9542840,W,33.8044,129.4358,040121,,,,
$GPGGA,221813.00,3727.1513140,N,12216.9366200,W,1,0,0.0,135.9331,M,0.0000,M,0.0000,0
$GPRMC,221813.00,A,3727.1513140,N,12216.9366200,W,33.7427,129.4164,040121,,,,
$GPGGA,221814.00,3727.1397160,N,12216.9189980,W,1,0,0.0,136.3551,M,0.0000,M,0.0000,0
$GPRMC,221814.00,A,3727.1397160,N,12216.9189980,W,33.6483,129.3394,040121,,,,
$GPGGA,221815.00,3727.1281780,N,12216.9014000,W,1,0,0.0,136.7241,M,0.0000,M,0.0000,0
$GPRMC,221815.00,A,3727.1281780,N,12216.9014000,W,33.5702,129.3823,040121,,,,
$GPGGA,221816.00,3727.1166520,N,12216.8838320,W,1,0,0.0,137.0391,M,0.0000,M,0.0000,0
$GPRMC,221816.00,A,3727.1166520,N,12216.8838320,W,33.5367,129.4026,040121,,,,
$GPGGA,221817.00,3727.1051260,N,12216.8662820,W,1,0,0.0,137.2871,M,0.0000,M,0.0000,0
$GPRMC,221817.00,A,3727.1051260,N,12216.8662820,W,33.5301,129.3456,040121,,,,
$GPGGA,221818.00,3727.0936120,N,12216.8487200,W,1,0,0.0,137.4490,M,0.0000,M,0.0000,0
$GPRMC,221818.00,A,3727.0936120,N,12216.8487200,W,33.5413,129.3215,040121,,,,
$GPGGA,221819.00,3727.0821040,N,12216.8311280,W,1,0,0.0,137.5600,M,0.0000,M,0.0000,0
$GPRMC,221819.00,A,3727.0821040,N,12216.8311280,W,33.5501,129.2399,040121,,,,
$GPGGA,221820.00,3727.0706080,N,12216.8135360,W,1,0,0.0,137.6080,M,0.0000,M,0.0000,0
$GPRMC,221820.00,A,3727.0706080,N,12216.8135360,W,33.5776,129.3863,040121,,,,
$GPGGA,221821.00,3727.0590520,N,12216.7959500,W,1,0,0.0,137.5620,M,0.0000,M,0.0000,0
$GPRMC,221821.00,A,3727.0590520,N,12216.7959500,W,33.6345,129.4666,040121,,,,
$GPGGA,221822.00,3727.0474420,N,12216.7783580,W,1,0,0.0,137.4680,M,0.0000,M,0.0000,0
$GPRMC,221822.00,A,3727.0474420,N,12216.7783580,W,33.7264,129.5162,040121,,,,
$GPGGA,221823.00,3727.0358320,N,12216.7607000,W,1,0,0.0,137.3069,M,0.0000,M,0.0000,0
$GPRMC,221823.00,A,3727.0358320,N,12216.7607000,W,33.7815,129.4043,040121,,,,
$GPGGA,221824.00,3727.0242040,N,12216.7430480,W,1,0,0.0,137.0530,M,0.0000,M,0.0000,0
$GPRMC,221824.00,A,3727.0242040,N,12216.7430480,W,33.7353,129.5083,040121,,,,
$GPGGA,221825.00,3727.0126120,N,12216.7254260,W,1,0,0.0,136.7149,M,0.0000,M,0.0000,0
$GPRMC,221825.00,A,3727.0126120,N,12216.7254260,W,33.6542,129.4816,040121,,,,
$GPGGA,221826.00,3727.0010500,N,12216.7078340,W,1,0,0.0,136.2230,M,0.0000,M,0.0000,0
$GPRMC,221826.00,A,3727.0010500,N,12216.7078340,W,33.5935,129.2713,040121,,,,
$GPGGA,221827.00,3726.9895420,N,12216.6902300,W,1,0,0.0,135.8619,M,0.0000,M,0.0000,0
$GPRMC,221827.00,A,3726.9895420,N,12216.6902300,W,33.5628,129.3321,040121,,,,
$GPGGA,221828.00,3726.9779980,N,12216.6726680,W,1,0,0.0,135.3409,M,0.0000,M,0.0000,0
$GPRMC,221828.00,A,3726.9779980,N,12216.6726680,W,33.5778,129.5090,040121,,,,
$GPGGA,221829.00,3726.9664240,N,12216.6551420,W,1,0,0.0,134.7759,M,0.0000,M,0.0000,0
$GPRMC,221829.00,A,3726.9664240,N,12216.6551420,W,33.5801,129.6972,040121,,,,
$GPGGA,221830.00,3726.9547540,N,12216.6376640,W,1,0,0.0,134.1218,M,0.0000,M,0.0000,0
$GPRMC,221830.00,A,3726.9547540,N,12216.6376640,W,33.6885,130.1232,040121,,,,
$GPGGA,221831.00,3726.9429580,N,12216.6202040,W,1,0,0.0,133.3668,M,0.0000,M,0.0000,0
$GPRMC,221831.00,A,3726.9429580,N,12216.6202040,W,33.8158,130.3901,040121,,,,
$GPGGA,221832.00,3726.9310540,N,12216.6027380,W,1,0,0.0,132.5188,M,0.0000,M,0.0000,0
$GPRMC,221832.00,A,3726.9310540,N,12216.6027380,W,33.9660,130.4980,040121,,,,
$GPGGA,221833.00,3726.9190480,N,12216.5852300,W,1,0,0.0,131.5818,M,0.0000,M,0.0000,0
$GPRMC,221833.00,A,3726.9190480,N,12216.5852300,W,34.1704,130.6747,040121,,,,
$GPGGA,221834.00,3726.9069220,N,12216.5676440,W,1,0,0.0,130.6028,M,0.0000,M,0.0000,0
$GPRMC,221834.00,A,3726.9069220,N,12216.5676440,W,34.4011,131.0356,040121,,,,
$GPGGA,221835.00,3726.8946280,N,12216.5500580,W,1,0,0.0,129.6428,M,0.0000,M,0.0000,0
$GPRMC,221835.00,A,3726.8946280,N,12216.5500580,W,34.5806,131.2631,040121,,,,
$GPGGA,221836.00,3726.8822620,N,12216.5324420,W,1,0,0.0,128.6357,M,0.0000,M,0.0000,0
$GPRMC,221836.00,A,3726.8822620,N,12216.5324420,W,34.6466,131.2229,040121,,,,
$GPGGA,221837.00,3726.8698960,N,12216.5147480,W,1,0,0.0,127.6238,M,0.0000,M,0.0000,0
$GPRMC,221837.00,A,3726.8698960,N,12216.5147480,W,34.7457,131.0966,040121,,,,
$GPGGA,221838.00,3726.8575000,N,12216.4970060,W,1,0,0.0,126.6008,M,0.0000,M,0.0000,0
$GPRMC,221838.00,A,3726.8575000,N,12216.4970060,W,34.8630,131.2042,040121,,,,
$GPGGA,221839.00,3726.8450560,N,12216.4792040,W,1,0,0.0,125.6048,M,0.0000,M,0.0000,0
$GPRMC,221839.00,A,3726.8450560,N,12216.4792040,W,34.9676,131.2540,040121,,,,
$GPGGA,221840.00,3726.8325280,N,12216.4613960,W,1,0,0.0,124.6058,M,0.0000,M,0.0000,0
$GPRMC,221840.00,A,3726.8325280,N,12216.4613960,W,35.0638,131.3660,040121,,,,
$GPGGA,221841.00,3726.8199820,N,12216.4435460,W,1,0,0.0,123.6498,M,0.0000,M,0.0000,0
$GPRMC,221841.00,A,3726.8199820,N,12216.4435460,W,35.1341,131.2504,040121,,,,
$GPGGA,221842.00,3726.8074300,N,12216.4256240,W,1,0,0.0,122.7988,M,0.0000,M,0.0000,0
$GPRMC,221842.00,A,3726.8074300,N,12216.4256240,W,35.2148,131.2983,040121,,,,
$GPGGA,221843.00,3726.7948360,N,12216.4077020,W,1,0,0.0,122.0948,M,0.0000,M,0.0000,0
$GPRMC,221843.00,A,3726.7948360,N,12216.4077020,W,35.2490,131.2250,040121,,,,
$GPGGA,221844.00,3726.7822420,N,12216.3897380,W,1,0,0.0,121.5079,M,0.0000,M,0.0000,0
$GPRMC,221844.00,A,3726.7822420,N,12216.3897380,W,35.3069,131.3286,040121,,,,
$GPGGA,221845.00,3726.7696600,N,12216.3717320,W,1,0,0.0,121.1189,M,0.0000,M,0.0000,0
$GPRMC,221845.00,A,3726.7696600,N,12216.3717320,W,35.2804,131.0547,040121,,,,
$GPGGA,221846.00,3726.7571800,N,12216.3536840,W,1,0,0.0,120.8039,M,0.0000,M,0.0000,0
$GPRMC,221846.00,A,3726.7571800,N,12216.3536840,W,35.1734,130.6583,040121,,,,
$GPGGA,221847.00,3726.7449340,N,12216.3355160,W,1,0,0.0,120.5930,M,0.0000,M,0.0000,0
$GPRMC,221847.00,A,3726.7449340,N,12216.3355160,W,34.9878,129.3833,040121,,,,
$GPGGA,221848.00,3726.7331920,N,12216.3170000,W,1,0,0.0,120.4630,M,0.0000,M,0.0000,0
$GPRMC,221848.00,A,3726.7331920,N,12216.3170000,W,34.7785,127.4231,040121,,,,
$GPGGA,221849.00,3726.7220740,N,12216.2980760,W,1,0,0.0,120.4370,M,0.0000,M,0.0000,0
$GPRMC,221849.00,A,3726.7220740,N,12216.2980760,W,34.5683,125.3769,040121,,,,
$GPGGA,221850.00,3726.7115020,N,12216.2788160,W,1,0,0.0,120.5220,M,0.0000,M,0.0000,0
$GPRMC,221850.00,A,3726.7115020,N,12216.2788160,W,34.3615,123.5448,040121,,,,
$GPGGA,221851.00,3726.7014340,N,12216.2593280,W,1,0,0.0,120.7381,M,0.0000,M,0.0000,0
$GPRMC,221851.00,A,3726.7014340,N,12216.2593280,W,34.1280,122.0473,040121,,,,
$GPGGA,221852.00,3726.6919240,N,12216.2395940,W,1,0,0.0,121.0891,M,0.0000,M,0.0000,0
$GPRMC,221852.00,A,3726.6919240,N,12216.2395940,W,33.8711,120.1570,040121,,,,
$GPGGA,221853.00,3726.6830200,N,12216.2196200,W,1,0,0.0,121.4311,M,0.0000,M,0.0000,0
$GPRMC,221853.00,A,3726.6830200,N,12216.2196200,W,33.6371,118.0208,040121,,,,
$GPGGA,221854.00,3726.6747220,N,12216.1993880,W,1,0,0.0,121.8341,M,0.0000,M,0.0000,0
$GPRMC,221854.00,A,3726.6747220,N,12216.1993880,W,33.4600,116.3317,040121,,,,
$GPGGA,221855.00,3726.6669520,N,12216.1789580,W,1,0,0.0,122.2051,M,0.0000,M,0.0000,0
$GPRMC,221855.00,A,3726.6669520,N,12216.1789580,W,33.2902,114.6056,040121,,,,
$GPGGA,221856.00,3726.6597100,N,12216.1583540,W,1,0,0.0,122.5191,M,0.0000,M,0.0000,0
$GPRMC,221856.00,A,3726.6597100,N,12216.1583540,W,33.1295,112.8446,040121,,,,
$GPGGA,221857.00,3726.6530140,N,12216.1375760,W,1,0,0.0,122.9801,M,0.0000,M,0.0000,0
$GPRMC,221857.00,A,3726.6530140,N,12216.1375760,W,32.9424,110.7524,040121,,,,
$GPGGA,221858.00,3726.6469180,N,12216.1166300,W,1,0,0.0,123.3651,M,0.0000,M,0.0000,0
$GPRMC,221858.00,A,3726.6469180,N,12216.1166300,W,32.8219,109.3237,040121,,,,
$GPGGA,221859.00,3726.6413020,N,12216.0955460,W,1,0,0.0,123.7491,M,0.0000,M,0.0000,0
$GPRMC,221859.00,A,3726.6413020,N,12216.0955460,W,32.7251,107.5154,040121,,,,
$GPGGA,221900.00,3726.6362320,N,12216.0743300,W,1,0,0.0,124.1171,M,0.0000,M,0.0000,0
$GPRMC,221900.00,A,3726.6362320,N,12216.0743300,W,32.6068,105.7089,040121,,,,
$GPGGA,221901.00,3726.6316600,N,12216.0530120,W,1,0,0.0,124.5011,M,0.0000,M,0.0000,0
$GPRMC,221901.00,A,3726.6316600,N,12216.0530120,W,32.5033,104.2278,040121,,,,
$GPGGA,221902.00,3726.6275740,N,12216.0316040,W,1,0,0.0,124.8851,M,0.0000,M,0.0000,0
$GPRMC,221902.00,A,3726.6275740,N,12216.0316040,W,32.4178,102.5237,040121,,,,
$GPGGA,221903.00,3726.6240580,N,12216.0100940,W,1,0,0.0,125.2541,M,0.0000,M,0.0000,0
$GPRMC,221903.00,A,3726.6240580,N,12216.0100940,W,32.3373,100.4374,040121,,,,
$GPGGA,221904.00,3726.6211540,N,12215.9884940,W,1,0,0.0,125.6201,M,0.0000,M,0.0000,0
$GPRMC,221904.00,A,3726.6211540,N,12215.9884940,W,32.2667,98.6353,040121,,,,
$GPGGA,221905.00,3726.6187180,N,12215.9668400,W,1,0,0.0,125.9331,M,0.0000,M,0.0000,0
$GPRMC,221905.00,A,3726.6187180,N,12215.9668400,W,32.2135,97.3207,040121,,,,
$GPGGA,221906.00,3726.6167320,N,12215.9451620,W,1,0,0.0,126.2300,M,0.0000,M,0.0000,0
$GPRMC,221906.00,A,3726.6167320,N,12215.9451620,W,32.1399,95.6221,040121,,,,
$GPGGA,221907.00,3726.6152560,N,12215.9234720,W,1,0,0.0,126.4570,M,0.0000,M,0.0000,0
$GPRMC,221907.00,A,3726.6152560,N,12215.9234720,W,32.0815,93.9426,040121,,,,
$GPGGA,221908.00,3726.6143380,N,12215.9017580,W,1,0,0.0,126.6140,M,0.0000,M,0.0000,0
$GPRMC,221908.00,A,3726.6143380,N,12215.9017580,W,32.0320,91.9746,040121,,,,
$GPGGA,221909.00,3726.6140020,N,12215.8800440,W,1,0,0.0,126.7360,M,0.0000,M,0.0000,0
$GPRMC,221909.00,A,3726.6140020,N,12215.8800440,W,32.0115,90.1281,040121,,,,
$GPGGA,221910.00,3726.6142000,N,12215.8583480,W,1,0,0.0,126.7540,M,0.0000,M,0.0000,0
$GPRMC,221910.00,A,3726.6142000,N,12215.8583480,W,31.9966,88.6016,040121,,,,
$GPGGA,221911.00,3726.6148420,N,12215.8366700,W,1,0,0.0,126.7020,M,0.0000,M,0.0000,0
$GPRMC,221911.00,A,3726.6148420,N,12215.8366700,W,31.9908,87.0556,040121,,,,
$GPGGA,221912.00,3726.6159820,N,12215.8150280,W,1,0,0.0,126.6440,M,0.0000,M,0.0000,0
$GPRMC,221912.00,A,3726.6159820,N,12215.8150280,W,31.9910,85.4548,040121,,,,
$GPGGA,221913.00,3726.6176560,N,12215.7934220,W,1,0,0.0,126.6250,M,0.0000,M,0.0000,0
$GPRMC,221913.00,A,3726.6176560,N,12215.7934220,W,32.0198,83.2159,040121,,,,
$GPGGA,221914.00,3726.6198580,N,12215.7718640,W,1,0,0.0,126.4100,M,0.0000,M,0.0000,0
$GPRMC,221914.00,A,3726.6198580,N,12215.7718640,W,32.0866,82.4113,040121,,,,
$GPGGA,221915.00,3726.6221440,N,12215.7502700,W,1,0,0.0,126.1539,M,0.0000,M,0.0000,0
$GPRMC,221915.00,A,3726.6221440,N,12215.7502700,W,32.1784,82.3241,040121,,,,
$GPGGA,221916.00,3726.6245140,N,12215.7286340,W,1,0,0.0,125.8959,M,0.0000,M,0.0000,0
$GPRMC,221916.00,A,3726.6245140,N,12215.7286340,W,32.2342,81.7901,040121,,,,
$GPGGA,221917.00,3726.6269680,N,12215.7069680,W,1,0,0.0,125.6389,M,0.0000,M,0.0000,0
$GPRMC,221917.00,A,3726.6269680,N,12215.7069680,W,32.3154,81.8982,040121,,,,
$GPGGA,221918.00,3726.6293140,N,12215.6852300,W,1,0,0.0,125.4150,M,0.0000,M,0.0000,0
$GPRMC,221918.00,A,3726.6293140,N,12215.6852300,W,32.4072,82.3731,040121,,,,
$GPGGA,221919.00,3726.6316420,N,12215.6634200,W,1,0,0.0,125.2029,M,0.0000,M,0.0000,0
$GPRMC,221919.00,A,3726.6316420,N,12215.6634200,W,32.4840,82.1565,040121,,,,
$GPGGA,221920.00,3726.6340540,N,12215.6415860,W,1,0,0.0,125.0130,M,0.0000,M,0.0000,0
$GPRMC,221920.00,A,3726.6340540,N,12215.6415860,W,32.5074,81.7878,040121,,,,
$GPGGA,221921.00,3726.6365560,N,12215.6198120,W,1,0,0.0,124.8219,M,0.0000,M,0.0000,0
$GPRMC,221921.00,A,3726.6365560,N,12215.6198120,W,32.3918,81.9121,040121,,,,
$GPGGA,221922.00,3726.6388840,N,12215.5980800,W,1,0,0.0,124.5199,M,0.0000,M,0.0000,0
$GPRMC,221922.00,A,3726.6388840,N,12215.5980800,W,32.2986,82.6955,040121,,,,
$GPGGA,221923.00,3726.6409660,N,12215.5763900,W,1,0,0.0,124.1239,M,0.0000,M,0.0000,0
$GPRMC,221923.00,A,3726.6409660,N,12215.5763900,W,32.1082,83.6944,040121,,,,
$GPGGA,221924.00,3726.6425620,N,12215.5548080,W,1,0,0.0,123.6739,M,0.0000,M,0.0000,0
$GPRMC,221924.00,A,3726.6425620,N,12215.5548080,W,31.8604,85.7496,040121,,,,
$GPGGA,221925.00,3726.6434740,N,12215.5333220,W,1,0,0.0,123.1619,M,0.0000,M,0.0000,0
$GPRMC,221925.00,A,3726.6434740,N,12215.5333220,W,31.6379,87.9692,040121,,,,
$GPGGA,221926.00,3726.6437740,N,12215.5119560,W,1,0,0.0,122.5549,M,0.0000,M,0.0000,0
$GPRMC,221926.00,A,3726.6437740,N,12215.5119560,W,31.4202,89.7982,040121,,,,
$GPGGA,221927.00,3726.6435520,N,12215.4907280,W,1,0,0.0,121.8688,M,0.0000,M,0.0000,0
$GPRMC,221927.00,A,3726.6435520,N,12215.4907280,W,31.2364,91.6794,040121,,,,
$GPGGA,221928.00,3726.6427360,N,12215.4696320,W,1,0,0.0,121.1178,M,0.0000,M,0.0000,0
$GPRMC,221928.00,A,3726.6427360,N,12215.4696320,W,31.0740,93.5890,040121,,,,
$GPGGA,221929.00,3726.6413800,N,12215.4486920,W,1,0,0.0,120.2978,M,0.0000,M,0.0000,0
$GPRMC,221929.00,A,3726.6413800,N,12215.4486920,W,30.9143,95.5339,040121,,,,
$GPGGA,221930.00,3726.6394840,N,12215.4279380,W,1,0,0.0,119.4158,M,0.0000,M,0.0000,0
$GPRMC,221930.00,A,3726.6394840,N,12215.4279380,W,30.7518,97.4677,040121,,,,
$GPGGA,221931.00,3726.6370060,N,12215.4073700,W,1,0,0.0,118.4738,M,0.0000,M,0.0000,0
$GPRMC,221931.00,A,3726.6370060,N,12215.4073700,W,30.6338,99.5396,040121,,,,
$GPGGA,221932.00,3726.6339340,N,12215.3870060,W,1,0,0.0,117.4357,M,0.0000,M,0.0000,0
$GPRMC,221932.00,A,3726.6339340,N,12215.3870060,W,30.5469,101.7537,040121,,,,
$GPGGA,221933.00,3726.6302920,N,12215.3668280,W,1,0,0.0,116.3267,M,0.0000,M,0.0000,0
$GPRMC,221933.00,A,3726.6302920,N,12215.3668280,W,30.4828,103.5324,040121,,,,
$GPGGA,221934.00,3726.6262000,N,12215.3468360,W,1,0,0.0,115.1737,M,0.0000,M,0.0000,0
$GPRMC,221934.00,A,3726.6262000,N,12215.3468360,W,30.4324,105.3073,040121,,,,
$GPGGA,221935.00,3726.6215320,N,12215.3270600,W,1,0,0.0,113.9237,M,0.0000,M,0.0000,0
$GPRMC,221935.00,A,3726.6215320,N,12215.3270600,W,30.4409,107.5480,040121,,,,
$GPGGA,221936.00,3726.6162820,N,12215.3074760,W,1,0,0.0,112.7027,M,0.0000,M,0.0000,0
$GPRMC,221936.00,A,3726.6162820,N,12215.3074760,W,30.5376,109.3725,040121,,,,
$GPGGA,221937.00,3726.6105640,N,12215.2880300,W,1,0,0.0,111.4617,M,0.0000,M,0.0000,0
$GPRMC,221937.00,A,3726.6105640,N,12215.2880300,W,30.6266,110.9191,040121,,,,
$GPGGA,221938.00,3726.6043900,N,12215.2687700,W,1,0,0.0,110.2377,M,0.0000,M,0.0000,0
$GPRMC,221938.00,A,3726.6043900,N,12215.2687700,W,30.6330,112.8997,040121,,,,
$GPGGA,221939.00,3726.5975980,N,12215.2498460,W,1,0,0.0,108.9997,M,0.0000,M,0.0000,0
$GPRMC,221939.00,A,3726.5975980,N,12215.2498460,W,30.6036,115.2808,040121,,,,
$GPGGA,221940.00,3726.5902480,N,12215.2312820,W,1,0,0.0,107.7427,M,0.0000,M,0.0000,0
$GPRMC,221940.00,A,3726.5902480,N,12215.2312820,W,30.5770,117.2651,040121,,,,
$GPGGA,221941.00,3726.5824480,N,12215.2130180,W,1,0,0.0,106.5187,M,0.0000,M,0.0000,0
$GPRMC,221941.00,A,3726.5824480,N,12215.2130180,W,30.5496,118.9785,040121,,,,
$GPGGA,221942.00,3726.5742400,N,12215.1950780,W,1,0,0.0,105.3187,M,0.0000,M,0.0000,0
$GPRMC,221942.00,A,3726.5742400,N,12215.1950780,W,30.4910,120.6860,040121,,,,
$GPGGA,221943.00,3726.5654740,N,12215.1776060,W,1,0,0.0,104.1047,M,0.0000,M,0.0000,0
$GPRMC,221943.00,A,3726.5654740,N,12215.1776060,W,30.4083,123.5376,040121,,,,
$GPGGA,221944.00,3726.5560240,N,12215.1607940,W,1,0,0.0,102.8617,M,0.0000,M,0.0000,0
$GPRMC,221944.00,A,3726.5560240,N,12215.1607940,W,30.3219,126.8137,040121,,,,
$GPGGA,221945.00,3726.5459380,N,12215.1446060,W,1,0,0.0,101.5967,M,0.0000,M,0.0000,0
$GPRMC,221945.00,A,3726.5459380,N,12215.1446060,W,30.2984,128.7811,040121,,,,
$GPGGA,221946.00,3726.5355340,N,12215.1287780,W,1,0,0.0,100.4487,M,0.0000,M,0.0000,0
$GPRMC,221946.00,A,3726.5355340,N,12215.1287780,W,30.2243,130.1386,040121,,,,
$GPGGA,221947.00,3726.5247940,N,12215.1133760,W,1,0,0.0,99.2047,M,0.0000,M,0.0000,0
$GPRMC,221947.00,A,3726.5247940,N,12215.1133760,W,30.1492,132.0590,040121,,,,
$GPGGA,221948.00,3726.5136160,N,12215.0985320,W,1,0,0.0,97.8257,M,0.0000,M,0.0000,0
$GPRMC,221948.00,A,3726.5136160,N,12215.0985320,W,30.1195,134.3952,040121,,,,
$GPGGA,221949.00,3726.5021440,N,12215.0840840,W,1,0,0.0,96.7348,M,0.0000,M,0.0000,0
$GPRMC,221949.00,A,3726.5021440,N,12215.0840840,W,30.0308,135.0319,040121,,,,
$GPGGA,221950.00,3726.4906480,N,12215.0697380,W,1,0,0.0,95.6187,M,0.0000,M,0.0000,0
$GPRMC,221950.00,A,3726.4906480,N,12215.0697380,W,29.9587,134.9684,040121,,,,
$GPGGA,221951.00,3726.4792480,N,12215.0553440,W,1,0,0.0,94.4087,M,0.0000,M,0.0000,0
$GPRMC,221951.00,A,3726.4792480,N,12215.0553440,W,29.9091,134.4485,040121,,,,
$GPGGA,221952.00,3726.4679740,N,12215.0408180,W,1,0,0.0,93.2007,M,0.0000,M,0.0000,0
$GPRMC,221952.00,A,3726.4679740,N,12215.0408180,W,29.8872,134.0355,040121,,,,
$GPGGA,221953.00,3726.4567540,N,12215.0262560,W,1,0,0.0,92.0297,M,0.0000,M,0.0000,0
$GPRMC,221953.00,A,3726.4567540,N,12215.0262560,W,29.8220,133.9339,040121,,,,
$GPGGA,221954.00,3726.4455760,N,12215.0117240,W,1,0,0.0,90.8397,M,0.0000,M,0.0000,0
$GPRMC,221954.00,A,3726.4455760,N,12215.0117240,W,29.7582,133.9033,040121,,,,
$GPGGA,221955.00,3726.4344220,N,12214.9972100,W,1,0,0.0,89.6737,M,0.0000,M,0.0000,0
$GPRMC,221955.00,A,3726.4344220,N,12214.9972100,W,29.7093,133.8903,040121,,,,
$GPGGA,221956.00,3726.4232800,N,12214.9827260,W,1,0,0.0,88.4607,M,0.0000,M,0.0000,0
$GPRMC,221956.00,A,3726.4232800,N,12214.9827260,W,29.6620,133.8769,040121,,,,
$GPGGA,221957.00,3726.4121560,N,12214.9682660,W,1,0,0.0,87.3017,M,0.0000,M,0.0000,0
$GPRMC,221957.00,A,3726.4121560,N,12214.9682660,W,29.6082,133.8365,040121,,,,
$GPGGA,221958.00,3726.4010680,N,12214.9538120,W,1,0,0.0,86.1337,M,0.0000,M,0.0000,0
$GPRMC,221958.00,A,3726.4010680,N,12214.9538120,W,29.5485,133.7976,040121,,,,
$GPGGA,221959.00,3726.3899920,N,12214.9394240,W,1,0,0.0,85.0167,M,0.0000,M,0.0000,0
$GPRMC,221959.00,A,3726.3899920,N,12214.9394240,W,29.4658,133.9517,040121,,,,
$GPGGA,222000.00,3726.3789220,N,12214.9250840,W,1,0,0.0,83.8697,M,0.0000,M,0.0000,0
$GPRMC,222000.00,A,3726.3789220,N,12214.9250840,W,29.4210,133.9922,040121,,,,
$GPGGA,222001.00,3726.3678280,N,12214.9107920,W,1,0,0.0,82.5537,M,0.0000,M,0.0000,0
$GPRMC,222001.00,A,3726.3678280,N,12214.9107920,W,29.4197,134.2987,040121,,,,
$GPGGA,222002.00,3726.3566920,N,12214.8965540,W,1,0,0.0,81.3467,M,0.0000,M,0.0000,0
$GPRMC,222002.00,A,3726.3566920,N,12214.8965540,W,29.3990,134.4611,040121,,,,
$GPGGA,222003.00,3726.3455260,N,12214.8823940,W,1,0,0.0,80.1817,M,0.0000,M,0.0000,0
$GPRMC,222003.00,A,3726.3455260,N,12214.8823940,W,29.3450,134.8299,040121,,,,
$GPGGA,222004.00,3726.3343540,N,12214.8684740,W,1,0,0.0,78.9718,M,0.0000,M,0.0000,0
$GPRMC,222004.00,A,3726.3343540,N,12214.8684740,W,28.7236,135.2247,040121,,,,
$GPGGA,222005.00,3726.3235480,N,12214.8551300,W,1,0,0.0,77.8837,M,0.0000,M,0.0000,0
$GPRMC,222005.00,A,3726.3235480,N,12214.8551300,W,27.3467,135.4372,040121,,,,
$GPGGA,222006.00,3726.3132520,N,12214.8425000,W,1,0,0.0,76.7288,M,0.0000,M,0.0000,0
$GPRMC,222006.00,A,3726.3132520,N,12214.8425000,W,25.9112,135.6921,040121,,,,
$GPGGA,222007.00,3726.3034420,N,12214.8306320,W,1,0,0.0,75.8528,M,0.0000,M,0.0000,0
$GPRMC,222007.00,A,3726.3034420,N,12214.8306320,W,24.5144,136.3353,040121,,,,
$GPGGA,222008.00,3726.2939200,N,12214.8195620,W,1,0,0.0,74.8348,M,0.0000,M,0.0000,0
$GPRMC,222008.00,A,3726.2939200,N,12214.8195620,W,23.7410,137.9125,040121,,,,
$GPGGA,222009.00,3726.2842840,N,12214.8089600,W,1,0,0.0,73.8648,M,0.0000,M,0.0000,0
$GPRMC,222009.00,A,3726.2842840,N,12214.8089600,W,23.7145,139.3505,040121,,,,
$GPGGA,222010.00,3726.2744680,N,12214.7986220,W,1,0,0.0,72.8678,M,0.0000,M,0.0000,0
$GPRMC,222010.00,A,3726.2744680,N,12214.7986220,W,23.7266,140.2281,040121,,,,
$GPGGA,222011.00,3726.2645740,N,12214.7883980,W,1,0,0.0,71.9058,M,0.0000,M,0.0000,0
$GPRMC,222011.00,A,3726.2645740,N,12214.7883980,W,23.7004,140.5643,040121,,,,
$GPGGA,222012.00,3726.2546200,N,12214.7782760,W,1,0,0.0,70.8848,M,0.0000,M,0.0000,0
$GPRMC,222012.00,A,3726.2546200,N,12214.7782760,W,23.7078,141.1690,040121,,,,
$GPGGA,222013.00,3726.2446060,N,12214.7682380,W,1,0,0.0,69.8838,M,0.0000,M,0.0000,0
$GPRMC,222013.00,A,3726.2446060,N,12214.7682380,W,23.7209,141.4009,040121,,,,
$GPGGA,222014.00,3726.2346340,N,12214.7581340,W,1,0,0.0,68.9778,M,0.0000,M,0.0000,0
$GPRMC,222014.00,A,3726.2346340,N,12214.7581340,W,23.7057,140.8082,040121,,,,
$GPGGA,222015.00,3726.2247340,N,12214.7479340,W,1,0,0.0,67.9578,M,0.0000,M,0.0000,0
$GPRMC,222015.00,A,3726.2247340,N,12214.7479340,W,23.7167,140.5520,040121,,,,
$GPGGA,222016.00,3726.2148640,N,12214.7376860,W,1,0,0.0,66.9197,M,0.0000,M,0.0000,0
$GPRMC,222016.00,A,3726.2148640,N,12214.7376860,W,23.6741,140.4543,040121,,,,
$GPGGA,222017.00,3726.2050240,N,12214.7274020,W,1,0,0.0,65.7667,M,0.0000,M,0.0000,0
$GPRMC,222017.00,A,3726.2050240,N,12214.7274020,W,23.7153,139.7641,040121,,,,
$GPGGA,222018.00,3726.1953040,N,12214.7168960,W,1,0,0.0,64.5057,M,0.0000,M,0.0000,0
$GPRMC,222018.00,A,3726.1953040,N,12214.7168960,W,23.7742,138.8664,040121,,,,
$GPGGA,222019.00,3726.1856320,N,12214.7062280,W,1,0,0.0,63.1687,M,0.0000,M,0.0000,0
$GPRMC,222019.00,A,3726.1856320,N,12214.7062280,W,23.8645,138.4942,040121,,,,
$GPGGA,222020.00,3726.1759600,N,12214.6954880,W,1,0,0.0,61.9187,M,0.0000,M,0.0000,0
$GPRMC,222020.00,A,3726.1759600,N,12214.6954880,W,23.9311,138.4562,040121,,,,
$GPGGA,222021.00,3726.1662700,N,12214.6847480,W,1,0,0.0,60.6887,M,0.0000,M,0.0000,0
$GPRMC,222021.00,A,3726.1662700,N,12214.6847480,W,23.8282,138.4527,040121,,,,
$GPGGA,222022.00,3726.1568260,N,12214.6743140,W,1,0,0.0,59.5038,M,0.0000,M,0.0000,0
$GPRMC,222022.00,A,3726.1568260,N,12214.6743140,W,22.3945,138.5647,040121,,,,
$GPGGA,222023.00,3726.1482220,N,12214.6648160,W,1,0,0.0,58.5378,M,0.0000,M,0.0000,0
$GPRMC,222023.00,A,3726.1482220,N,12214.6648160,W,19.9609,138.6810,040121,,,,
$GPGGA,222024.00,3726.1406380,N,12214.6564880,W,1,0,0.0,57.8679,M,0.0000,M,0.0000,0
$GPRMC,222024.00,A,3726.1406380,N,12214.6564880,W,17.2269,138.7538,040121,,,,
$GPGGA,222025.00,3726.1342720,N,12214.6495220,W,1,0,0.0,57.4839,M,0.0000,M,0.0000,0
$GPRMC,222025.00,A,3726.1342720,N,12214.6495220,W,14.0472,138.8359,040121,,,,
$GPGGA,222026.00,3726.1291420,N,12214.6438580,W,1,0,0.0,57.2870,M,0.0000,M,0.0000,0
$GPRMC,222026.00,A,3726.1291420,N,12214.6438580,W,11.2391,138.5926,040121,,,,
$GPGGA,222027.00,3726.1251460,N,12214.6394180,W,1,0,0.0,57.1730,M,0.0000,M,0.0000,0
$GPRMC,222027.00,A,3726.1251460,N,12214.6394180,W,8.5278,138.4391,040121,,,,
$GPGGA,222028.00,3726.1222000,N,12214.6361300,W,1,0,0.0,57.0820,M,0.0000,M,0.0000,0
$GPRMC,222028.00,A,3726.1222000,N,12214.6361300,W,6.2089,138.3784,040121,,,,
$GPGGA,222029.00,3726.1200760,N,12214.6337480,W,1,0,0.0,56.9820,M,0.0000,M,0.0000,0
$GPRMC,222029.00,A,3726.1200760,N,12214.6337480,W,4.4125,138.2557,040121,,,,
$GPGGA,222030.00,3726.1185580,N,12214.6320320,W,1,0,0.0,56.9210,M,0.0000,M,0.0000,0
$GPRMC,222030.00,A,3726.1185580,N,12214.6320320,W,3.2197,138.0924,040121,,,,
$GPGGA,222031.00,3726.1174960,N,12214.6308260,W,1,0,0.0,56.8750,M,0.0000,M,0.0000,0
$GPRMC,222031.00,A,3726.1174960,N,12214.6308260,W,2.0148,137.9572,040121,,,,
$GPGGA,222032.00,3726.1169440,N,12214.6301960,W,1,0,0.0,56.8510,M,0.0000,M,0.0000,0
$GPRMC,222032.00,A,3726.1169440,N,12214.6301960,W,0.7623,137.8981,040121,,,,
$GPGGA,222033.00,3726.1168480,N,12214.6300940,W,1,0,0.0,56.8390,M,0.0000,M,0.0000,0
$GPRMC,222033.00,A,3726.1168480,N,12214.6300940,W,0.0184,137.8802,040121,,,,
$GPGGA,222034.00,3726.1168480,N,12214.6300940,W,1,0,0.0,56.8390,M,0.0000,M,0.0000,0
$GPRMC,222034.00,A,3726.1168480,N,12214.6300940,W,0.0022,137.8848,040121,,,,
$GPGGA,222035.00,3726.1168480,N,12214.6300940,W,1,0,0.0,56.8390,M,0.0000,M,0.0000,0
$GPRMC,222035.00,A,3726.1168480,N,12214.6300940,W,0.0020,137.8848,040121,,,,
$GPGGA,222036.00,3726.1168480,N,12214.6300940,W,1,0,0.0,56.8390,M,0.0000,M,0.0000,0
$GPRMC,222036.00,A,3726.1168480,N,12214.6300940,W,0.0010,137.8850,040121,,,,
$GPGGA,222037.00,3726.1168480,N,12214.6300940,W,1,0,0.0,56.8390,M,0.0000,M,0.0000,0
$GPRMC,222037.00,A,3726.1168480,N,12214.6300940,W,0.0014,137.8849,040121,,,,
$GPGGA,222038.00,3726.1168480,N,12214.6300940,W,1,0,0.0,56.8390,M,0.0000,M,0.0000,0
$GPRMC,222038.00,A,3726.1168480,N,12214.6300940,W,0.0010,137.8847,040121,,,,
$GPGGA,222039.00,3726.1168480,N,12214.6300940,W,1,0,0.0,56.8390,M,0.0000,M,0.0000,0
$GPRMC,222039.00,A,3726.1168480,N,12214.6300940,W,0.0014,137.8850,040121,,,,
$GPGGA,222040.00,3726.1168480,N,12214.6300940,W,1,0,0.0,56.8390,M,0.0000,M,0.0000,0
$GPRMC,222040.00,A,3726.1168480,N,12214.6300940,W,0.0010,137.8850,040121,,,,
$GPGGA,222041.00,3726.1168480,N,12214.6300940,W,1,0,0.0,56.8390,M,0.0000,M,0.0000,0
$GPRMC,222041.00,A,3726.1168480,N,12214.6300940,W,0.0010,137.8846,040121,,,,
$GPGGA,222042.00,3726.1168480,N,12214.6300940,W,1,0,0.0,56.8390,M,0.0000,M,0.0000,0
$GPRMC,222042.00,A,3726.1168480,N,12214.6300940,W,0.0000,137.8849,040121,,,,
$GPGGA,222043.00,3726.1168480,N,12214.6300940,W,1,0,0.0,56.8390,M,0.0000,M,0.0000,0
$GPRMC,222043.00,A,3726.1168480,N,12214.6300940,W,0.0022,137.8846,040121,,,,
$GPGGA,222044.00,3726.1168480,N,12214.6300940,W,1,0,0.0,56.8390,M,0.0000,M,0.0000,0
$GPRMC,222044.00,A,3726.1168480,N,12214.6300940,W,0.0014,137.8846,040121,,,,
$GPGGA,222045.00,3726.1168480,N,12214.6300940,W,1,0,0.0,56.8390,M,0.0000,M,0.0000,0
$GPRMC,222045.00,A,3726.1168480,N,12214.6300940,W,0.0010,137.8848,040121,,,,
$GPGGA,222046.00,3726.1168480,N,12214.6300940,W,1,0,0.0,56.8390,M,0.0000,M,0.0000,0
$GPRMC,222046.00,A,3726.1168480,N,12214.6300940,W,0.0014,137.8847,040121,,,,
$GPGGA,222047.00,3726.1168480,N,12214.6300940,W,1,0,0.0,56.8390,M,0.0000,M,0.0000,0
$GPRMC,222047.00,A,3726.1168480,N,12214.6300940,W,0.0014,137.8851,040121,,,,
$GPGGA,222048.00,3726.1168480,N,12214.6300940,W,1,0,0.0,56.8390,M,0.0000,M,0.0000,0
$GPRMC,222048.00,A,3726.1168480,N,12214.6300940,W,0.0010,137.8851,040121,,,,
$GPGGA,222049.00,3726.1168480,N,12214.6300940,W,1,0,0.0,56.8390,M,0.0000,M,0.0000,0
$GPRMC,222049.00,A,3726.1168480,N,12214.6300940,W,0.0010,137.8852,040121,,,,
$GPGGA,222050.00,3726.1168480,N,12214.6300940,W,1,0,0.0,56.8390,M,0.0000,M,0.0000,0
$GPRMC,222050.00,A,3726.1168480,N,12214.6300940,W,0.0014,137.8850,040121,,,,
$GPGGA,222051.00,3726.1168480,N,12214.6300940,W,1,0,0.0,56.8390,M,0.0000,M,0.0000,0
$GPRMC,222051.00,A,3726.1168480,N,12214.6300940,W,0.0000,137.8849,040121,,,,
$GPGGA,222052.00,3726.1168480,N,12214.6300940,W,1,0,0.0,56.8390,M,0.0000,M,0.0000,0
$GPRMC,222052.00,A,3726.1168480,N,12214.6300940,W,0.0010,137.8848,040121,,,,
$GPGGA,222053.00,3726.1168480,N,12214.6300940,W,1,0,0.0,56.8390,M,0.0000,M,0.0000,0
$GPRMC,222053.00,A,3726.1168480,N,12214.6300940,W,0.0000,137.8853,040121,,,,
$GPGGA,222054.00,3726.1168480,N,12214.6300940,W,1,0,0.0,56.8390,M,0.0000,M,0.0000,0
$GPRMC,222054.00,A,3726.1168480,N,12214.6300940,W,0.0000,137.8849,040121,,,,
$GPGGA,222055.00,3726.1168480,N,12214.6300940,W,1,0,0.0,56.8390,M,0.0000,M,0.0000,0
$GPRMC,222055.00,A,3726.1168480,N,12214.6300940,W,0.0000,137.8847,040121,,,,
$GPGGA,222056.00,3726.1168480,N,12214.6300940,W,1,0,0.0,56.8390,M,0.0000,M,0.0000,0
$GPRMC,222056.00,A,3726.1168480,N,12214.6300940,W,0.0010,137.8853,040121,,,,
$GPGGA,222057.00,3726.1168480,N,12214.6300940,W,1,0,0.0,56.8390,M,0.0000,M,0.0000,0
$GPRMC,222057.00,A,3726.1168480,N,12214.6300940,W,0.0000,137.8850,040121,,,,
$GPGGA,222058.00,3726.1168480,N,12214.6300940,W,1,0,0.0,56.8390,M,0.0000,M,0.0000,0
$GPRMC,222058.00,A,3726.1168480,N,12214.6300940,W,0.0010,137.8851,040121,,,,
$GPGGA,222059.00,3726.1168480,N,12214.6300940,W,1,0,0.0,56.8390,M,0.0000,M,0.0000,0
$GPRMC,222059.00,A,3726.1168480,N,12214.6300940,W,0.0010,137.8851,040121,,,,
$GPGGA,222100.00,3726.1168480,N,12214.6300940,W,1,0,0.0,56.8390,M,0.0000,M,0.0000,0
$GPRMC,222100.00,A,3726.1168480,N,12214.6300940,W,0.0010,137.8850,040121,,,,
$GPGGA,222101.00,3726.1168480,N,12214.6300940,W,1,0,0.0,56.8390,M,0.0000,M,0.0000,0
$GPRMC,222101.00,A,3726.1168480,N,12214.6300940,W,0.0010,137.8848,040121,,,,
$GPGGA,222102.00,3726.1168480,N,12214.6300940,W,1,0,0.0,56.8390,M,0.0000,M,0.0000,0
$GPRMC,222102.00,A,3726.1168480,N,12214.6300940,W,0.0010,137.8848,040121,,,,
$GPGGA,222103.00,3726.1168480,N,12214.6300940,W,1,0,0.0,56.8390,M,0.0000,M,0.0000,0
$GPRMC,222103.00,A,3726.1168480,N,12214.6300940,W,0.0000,137.8847,040121,,,,
$GPGGA,222104.00,3726.1168480,N,12214.6300940,W,1,0,0.0,56.8390,M,0.0000,M,0.0000,0
$GPRMC,222104.00,A,3726.1168480,N,12214.6300940,W,0.0000,137.8844,040121,,,,
$GPGGA,222105.00,3726.1168480,N,12214.6300940,W,1,0,0.0,56.8390,M,0.0000,M,0.0000,0
$GPRMC,222105.00,A,3726.1168480,N,12214.6300940,W,0.0014,137.8845,040121,,,,
$GPGGA,222106.00,3726.1168480,N,12214.6300940,W,1,0,0.0,56.8390,M,0.0000,M,0.0000,0
$GPRMC,222106.00,A,3726.1168480,N,12214.6300940,W,0.0010,137.8842,040121,,,,
$GPGGA,222107.00,3726.1168480,N,12214.6300940,W,1,0,0.0,56.8390,M,0.0000,M,0.0000,0
$GPRMC,222107.00,A,3726.1168480,N,12214.6300940,W,0.0010,137.8843,040121,,,,
$GPGGA,222108.00,3726.1168480,N,12214.6300940,W,1,0,0.0,56.8390,M,0.0000,M,0.0000,0
$GPRMC,222108.00,A,3726.1168480,N,12214.6300940,W,0.0000,137.8841,040121,,,,
$GPGGA,222109.00,3726.1168480,N,12214.6300940,W,1,0,0.0,56.8390,M,0.0000,M,0.0000,0
$GPRMC,222109.00,A,3726.1168480,N,12214.6300940,W,0.0010,137.8845,040121,,,,
$GPGGA,222110.00,3726.1168480,N,12214.6300940,W,1,0,0.0,56.8390,M,0.0000,M,0.0000,0
$GPRMC,222110.00,A,3726.1168480,N,12214.6300940,W,0.0010,137.8846,040121,,,,
$GPGGA,222111.00,3726.1168480,N,12214.6300940,W,1,0,0.0,56.8390,M,0.0000,M,0.0000,0
$GPRMC,222111.00,A,3726.1168480,N,12214.6300940,W,0.0010,137.8847,040121,,,,
$GPGGA,222112.00,3726.1168480,N,12214.6300940,W,1,0,0.0,56.8390,M,0.0000,M,0.0000,0
$GPRMC,222112.00,A,3726.1168480,N,12214.6300940,W,0.0010,137.8850,040121,,,,
$GPGGA,222113.00,3726.1168480,N,12214.6300940,W,1,0,0.0,56.8390,M,0.0000,M,0.0000,0
$GPRMC,222113.00,A,3726.1168480,N,12214.6300940,W,0.0010,137.8848,040121,,,,
$GPGGA,222114.00,3726.1168480,N,12214.6300940,W,1,0,0.0,56.8390,M,0.0000,M,0.0000,0
$GPRMC,222114.00,A,3726.1168480,N,12214.6300940,W,0.0000,137.8846,040121,,,,
$GPGGA,222115.00,3726.1168480,N,12214.6300940,W,1,0,0.0,56.8390,M,0.0000,M,0.0000,0
$GPRMC,222115.00,A,3726.1168480,N,12214.6300940,W,0.0000,137.8845,040121,,,,
$GPGGA,222116.00,3726.1168480,N,12214.6300940,W,1,0,0.0,56.8390,M,0.0000,M,0.0000,0
$GPRMC,222116.00,A,3726.1168480,N,12214.6300940,W,0.0010,137.8846,040121,,,,
$GPGGA,222117.00,3726.1168480,N,12214.6300940,W,1,0,0.0,56.8390,M,0.0000,M,0.0000,0
$GPRMC,222117.00,A,3726.1168480,N,12214.6300940,W,0.0010,137.8848,040121,,,,
$GPGGA,222118.00,3726.1168480,N,12214.6300940,W,1,0,0.0,56.8390,M,0.0000,M,0.0000,0
$GPRMC,222118.00,A,3726.1168480,N,12214.6300940,W,0.0000,137.8848,040121,,,,
$GPGGA,222119.00,3726.1168480,N,12214.6300940,W,1,0,0.0,56.8390,M,0.0000,M,0.0000,0
$GPRMC,222119.00,A,3726.1168480,N,12214.6300940,W,0.0010,137.8848,040121,,,,
$GPGGA,222120.00,3726.1168480,N,12214.6300940,W,1,0,0.0,56.8390,M,0.0000,M,0.0000,0
$GPRMC,222120.00,A,3726.1168480,N,12214.6300940,W,0.0000,137.8846,040121,,,,
$GPGGA,222121.00,3726.1168480,N,12214.6300940,W,1,0,0.0,56.8390,M,0.0000,M,0.0000,0
$GPRMC,222121.00,A,3726.1168480,N,12214.6300940,W,0.0014,137.8846,040121,,,,
$GPGGA,222122.00,3726.1168480,N,12214.6300940,W,1,0,0.0,56.8390,M,0.0000,M,0.0000,0
$GPRMC,222122.00,A,3726.1168480,N,12214.6300940,W,0.0014,137.8846,040121,,,,
$GPGGA,222123.00,3726.1168480,N,12214.6300940,W,1,0,0.0,56.8390,M,0.0000,M,0.0000,0
$GPRMC,222123.00,A,3726.1168480,N,12214.6300940,W,0.0010,137.8846,040121,,,,
$GPGGA,222124.00,3726.1168480,N,12214.6300940,W,1,0,0.0,56.8390,M,0.0000,M,0.0000,0
$GPRMC,222124.00,A,3726.1168480,N,12214.6300940,W,0.0000,137.8849,040121,,,,
$GPGGA,222125.00,3726.1168480,N,12214.6300940,W,1,0,0.0,56.8390,M,0.0000,M,0.0000,0
$GPRMC,222125.00,A,3726.1168480,N,12214.6300940,W,0.0010,137.8847,040121,,,,
$GPGGA,222126.00,3726.1168480,N,12214.6300940,W,1,0,0.0,56.8390,M,0.0000,M,0.0000,0
$GPRMC,222126.00,A,3726.1168480,N,12214.6300940,W,0.0014,137.8845,040121,,,,
$GPGGA,222127.00,3726.1168480,N,12214.6300940,W,1,0,0.0,56.8390,M,0.0000,M,0.0000,0
$GPRMC,222127.00,A,3726.1168480,N,12214.6300940,W,0.0014,137.8846,040121,,,,
$GPGGA,222128.00,3726.1168480,N,12214.6300940,W,1,0,0.0,56.8390,M,0.0000,M,0.0000,0
$GPRMC,222128.00,A,3726.1168480,N,12214.6300940,W,0.0000,137.8846,040121,,,,
$GPGGA,222129.00,3726.1168480,N,12214.6300940,W,1,0,0.0,56.8390,M,0.0000,M,0.0000,0
$GPRMC,222129.00,A,3726.1168480,N,12214.6300940,W,0.0000,137.8846,040121,,,,
$GPGGA,222130.00,3726.1168480,N,12214.6300940,W,1,0,0.0,56.8390,M,0.0000,M,0.0000,0
$GPRMC,222130.00,A,3726.1168480,N,12214.6300940,W,0.0010,137.8845,040121,,,,
$GPGGA,222131.00,3726.1168480,N,12214.6300940,W,1,0,0.0,56.8390,M,0.0000,M,0.0000,0
$GPRMC,222131.00,A,3726.1168480,N,12214.6300940,W,0.0010,137.8846,040121,,,,
$GPGGA,222132.00,3726.1168480,N,12214.6300940,W,1,0,0.0,56.8390,M,0.0000,M,0.0000,0
$GPRMC,222132.00,A,3726.1168480,N,12214.6300940,W,0.0010,137.8844,040121,,,,
$GPGGA,222133.00,3726.1168480,N,12214.6300940,W,1,0,0.0,56.8390,M,0.0000,M,0.0000,0
$GPRMC,222133.00,A,3726.1168480,N,12214.6300940,W,0.0014,137.8845,040121,,,,
$GPGGA,222134.00,3726.1168480,N,12214.6300940,W,1,0,0.0,56.8390,M,0.0000,M,0.0000,0
$GPRMC,222134.00,A,3726.1168480,N,12214.6300940,W,0.0319,137.8818,040121,,,,
$GPGGA,222135.00,3726.1166680,N,12214.6298900,W,1,0,0.0,56.8220,M,0.0000,M,0.0000,0
$GPRMC,222135.00,A,3726.1166680,N,12214.6298900,W,1.0267,137.7712,040121,,,,
$GPGGA,222136.00,3726.1159360,N,12214.6289720,W,1,0,0.0,56.7870,M,0.0000,M,0.0000,0
$GPRMC,222136.00,A,3726.1159360,N,12214.6289720,W,2.8583,136.0876,040121,,,,
$GPGGA,222137.00,3726.1145200,N,12214.6269740,W,1,0,0.0,56.7150,M,0.0000,M,0.0000,0
$GPRMC,222137.00,A,3726.1145200,N,12214.6269740,W,4.9583,131.3039,040121,,,,
$GPGGA,222138.00,3726.1126900,N,12214.6235780,W,1,0,0.0,56.5280,M,0.0000,M,0.0000,0
$GPRMC,222138.00,A,3726.1126900,N,12214.6235780,W,7.0795,122.1430,040121,,,,
$GPGGA,222139.00,3726.1111840,N,12214.6188020,W,1,0,0.0,56.4050,M,0.0000,M,0.0000,0
$GPRMC,222139.00,A,3726.1111840,N,12214.6188020,W,7.6857,107.1530,040121,,,,
$GPGGA,222140.00,3726.1110220,N,12214.6134740,W,1,0,0.0,56.2190,M,0.0000,M,0.0000,0
$GPRMC,222140.00,A,3726.1110220,N,12214.6134740,W,7.7872,85.6366,040121,,,,
$GPGGA,222141.00,3726.1125580,N,12214.6085000,W,1,0,0.0,56.0539,M,0.0000,M,0.0000,0
$GPRMC,222141.00,A,3726.1125580,N,12214.6085000,W,7.8391,63.6395,040121,,,,
$GPGGA,222142.00,3726.1147120,N,12214.6038440,W,1,0,0.0,55.7859,M,0.0000,M,0.0000,0
$GPRMC,222142.00,A,3726.1147120,N,12214.6038440,W,8.0021,59.6545,040121,,,,
$GPGGA,222143.00,3726.1169020,N,12214.5991100,W,1,0,0.0,55.5299,M,0.0000,M,0.0000,0
$GPRMC,222143.00,A,3726.1169020,N,12214.5991100,W,8.1334,60.4160,040121,,,,
$GPGGA,222144.00,3726.1189480,N,12214.5941780,W,1,0,0.0,55.2459,M,0.0000,M,0.0000,0
$GPRMC,222144.00,A,3726.1189480,N,12214.5941780,W,8.3900,63.3949,040121,,,,
$GPGGA,222145.00,3726.1209460,N,12214.5886520,W,1,0,0.0,54.9109,M,0.0000,M,0.0000,0
$GPRMC,222145.00,A,3726.1209460,N,12214.5886520,W,9.6662,65.7044,040121,,,,
$GPGGA,222146.00,3726.1233580,N,12214.5821840,W,1,0,0.0,54.5429,M,0.0000,M,0.0000,0
$GPRMC,222146.00,A,3726.1233580,N,12214.5821840,W,11.4630,64.2510,040121,,,,
$GPGGA,222147.00,3726.1264060,N,12214.5747200,W,1,0,0.0,54.1089,M,0.0000,M,0.0000,0
$GPRMC,222147.00,A,3726.1264060,N,12214.5747200,W,13.2449,62.0905,040121,,,,
$GPGGA,222148.00,3726.1300540,N,12214.5663260,W,1,0,0.0,53.6829,M,0.0000,M,0.0000,0
$GPRMC,222148.00,A,3726.1300540,N,12214.5663260,W,14.8425,60.8900,040121,,,,
$GPGGA,222149.00,3726.1342480,N,12214.5571700,W,1,0,0.0,53.1539,M,0.0000,M,0.0000,0
$GPRMC,222149.00,A,3726.1342480,N,12214.5571700,W,16.2643,59.6711,040121,,,,
$GPGGA,222150.00,3726.1389100,N,12214.5473840,W,1,0,0.0,52.6459,M,0.0000,M,0.0000,0
$GPRMC,222150.00,A,3726.1389100,N,12214.5473840,W,17.3279,58.7155,040121,,,,
$GPGGA,222151.00,3726.1438840,N,12214.5373340,W,1,0,0.0,52.1799,M,0.0000,M,0.0000,0
$GPRMC,222151.00,A,3726.1438840,N,12214.5373340,W,17.4787,57.9215,040121,,,,
$GPGGA,222152.00,3726.1489780,N,12214.5273260,W,1,0,0.0,51.5438,M,0.0000,M,0.0000,0
$GPRMC,222152.00,A,3726.1489780,N,12214.5273260,W,17.6087,57.0573,040121,,,,
$GPGGA,222153.00,3726.1544080,N,12214.5173360,W,1,0,0.0,50.9909,M,0.0000,M,0.0000,0
$GPRMC,222153.00,A,3726.1544080,N,12214.5173360,W,18.0496,54.3522,040121,,,,
$GPGGA,222154.00,3726.1604020,N,12214.5074480,W,1,0,0.0,50.3839,M,0.0000,M,0.0000,0
$GPRMC,222154.00,A,3726.1604020,N,12214.5074480,W,18.6037,51.5693,040121,,,,
$GPGGA,222155.00,3726.1670020,N,12214.4976560,W,1,0,0.0,49.7009,M,0.0000,M,0.0000,0
$GPRMC,222155.00,A,3726.1670020,N,12214.4976560,W,19.1825,48.2281,040121,,,,
$GPGGA,222156.00,3726.1742860,N,12214.4881040,W,1,0,0.0,49.0599,M,0.0000,M,0.0000,0
$GPRMC,222156.00,A,3726.1742860,N,12214.4881040,W,19.7723,44.7610,040121,,,,
$GPGGA,222157.00,3726.1821820,N,12214.4788160,W,1,0,0.0,48.4429,M,0.0000,M,0.0000,0
$GPRMC,222157.00,A,3726.1821820,N,12214.4788160,W,20.1508,41.4726,040121,,,,
$GPGGA,222158.00,3726.1906480,N,12214.4701520,W,1,0,0.0,47.7028,M,0.0000,M,0.0000,0
$GPRMC,222158.00,A,3726.1906480,N,12214.4701520,W,20.2942,37.4721,040121,,,,
$GPGGA,222159.00,3726.1996540,N,12214.4620880,W,1,0,0.0,46.9308,M,0.0000,M,0.0000,0
$GPRMC,222159.00,A,3726.1996540,N,12214.4620880,W,20.5968,33.6550,040121,,,,
$GPGGA,222200.00,3726.2092060,N,12214.4547800,W,1,0,0.0,46.2038,M,0.0000,M,0.0000,0
$GPRMC,222200.00,A,3726.2092060,N,12214.4547800,W,20.7017,29.5616,040121,,,,
$GPGGA,222201.00,3726.2191480,N,12214.4483240,W,1,0,0.0,45.4909,M,0.0000,M,0.0000,0
$GPRMC,222201.00,A,3726.2191480,N,12214.4483240,W,20.6615,25.6861,040121,,,,
$GPGGA,222202.00,3726.2293120,N,12214.4425820,W,1,0,0.0,44.8519,M,0.0000,M,0.0000,0
$GPRMC,222202.00,A,3726.2293120,N,12214.4425820,W,20.5955,23.3879,040121,,,,
$GPGGA,222203.00,3726.2396320,N,12214.4372660,W,1,0,0.0,44.2658,M,0.0000,M,0.0000,0
$GPRMC,222203.00,A,3726.2396320,N,12214.4372660,W,20.6647,21.4630,040121,,,,
$GPGGA,222204.00,3726.2501260,N,12214.4322740,W,1,0,0.0,43.7959,M,0.0000,M,0.0000,0
$GPRMC,222204.00,A,3726.2501260,N,12214.4322740,W,20.8846,20.5042,040121,,,,
$GPGGA,222205.00,3726.2607460,N,12214.4272880,W,1,0,0.0,43.4609,M,0.0000,M,0.0000,0
$GPRMC,222205.00,A,3726.2607460,N,12214.4272880,W,20.9805,21.3029,040121,,,,
$GPGGA,222206.00,3726.2712160,N,12214.4219660,W,1,0,0.0,43.1639,M,0.0000,M,0.0000,0
$GPRMC,222206.00,A,3726.2712160,N,12214.4219660,W,20.8259,22.5788,040121,,,,
$GPGGA,222207.00,3726.2814640,N,12214.4163020,W,1,0,0.0,42.8409,M,0.0000,M,0.0000,0
$GPRMC,222207.00,A,3726.2814640,N,12214.4163020,W,20.6350,24.5579,040121,,,,
$GPGGA,222208.00,3726.2915260,N,12214.4103260,W,1,0,0.0,42.4749,M,0.0000,M,0.0000,0
$GPRMC,222208.00,A,3726.2915260,N,12214.4103260,W,20.6516,25.6662,040121,,,,
$GPGGA,222209.00,3726.3016180,N,12214.4041400,W,1,0,0.0,42.1379,M,0.0000,M,0.0000,0
$GPRMC,222209.00,A,3726.3016180,N,12214.4041400,W,20.8937,26.1998,040121,,,,
$GPGGA,222210.00,3726.3116740,N,12214.3977260,W,1,0,0.0,41.6869,M,0.0000,M,0.0000,0
$GPRMC,222210.00,A,3726.3116740,N,12214.3977260,W,20.8639,27.6731,040121,,,,
$GPGGA,222211.00,3726.3215380,N,12214.3909040,W,1,0,0.0,41.0368,M,0.0000,M,0.0000,0
$GPRMC,222211.00,A,3726.3215380,N,12214.3909040,W,20.8300,29.7942,040121,,,,
$GPGGA,222212.00,3726.3311740,N,12214.3836140,W,1,0,0.0,40.2728,M,0.0000,M,0.0000,0
$GPRMC,222212.00,A,3726.3311740,N,12214.3836140,W,20.8424,32.1884,040121,,,,
$GPGGA,222213.00,3726.3405700,N,12214.3758020,W,1,0,0.0,39.3648,M,0.0000,M,0.0000,0
$GPRMC,222213.00,A,3726.3405700,N,12214.3758020,W,20.9123,34.3753,040121,,,,
$GPGGA,222214.00,3726.3497920,N,12214.3675280,W,1,0,0.0,38.3188,M,0.0000,M,0.0000,0
$GPRMC,222214.00,A,3726.3497920,N,12214.3675280,W,21.0358,36.3861,040121,,,,
$GPGGA,222215.00,3726.3588400,N,12214.3588220,W,1,0,0.0,37.2117,M,0.0000,M,0.0000,0
$GPRMC,222215.00,A,3726.3588400,N,12214.3588220,W,21.1838,38.1860,040121,,,,
$GPGGA,222216.00,3726.3677140,N,12214.3496780,W,1,0,0.0,36.1328,M,0.0000,M,0.0000,0
$GPRMC,222216.00,A,3726.3677140,N,12214.3496780,W,21.3032,40.2797,040121,,,,
$GPGGA,222217.00,3726.3763480,N,12214.3400660,W,1,0,0.0,35.0158,M,0.0000,M,0.0000,0
$GPRMC,222217.00,A,3726.3763480,N,12214.3400660,W,21.4355,42.6388,040121,,,,
$GPGGA,222218.00,3726.3847480,N,12214.3300160,W,1,0,0.0,33.9118,M,0.0000,M,0.0000,0
$GPRMC,222218.00,A,3726.3847480,N,12214.3300160,W,21.5622,44.5676,040121,,,,
$GPGGA,222219.00,3726.3928900,N,12214.3195040,W,1,0,0.0,32.8057,M,0.0000,M,0.0000,0
$GPRMC,222219.00,A,3726.3928900,N,12214.3195040,W,21.6873,46.9707,040121,,,,
$GPGGA,222220.00,3726.4006720,N,12214.3084640,W,1,0,0.0,31.6857,M,0.0000,M,0.0000,0
$GPRMC,222220.00,A,3726.4006720,N,12214.3084640,W,21.7846,49.7012,040121,,,,
$GPGGA,222221.00,3726.4080520,N,12214.2969800,W,1,0,0.0,30.5507,M,0.0000,M,0.0000,0
$GPRMC,222221.00,A,3726.4080520,N,12214.2969800,W,21.8070,52.2401,040121,,,,
$GPGGA,222222.00,3726.4150000,N,12214.2851900,W,1,0,0.0,29.4407,M,0.0000,M,0.0000,0
$GPRMC,222222.00,A,3726.4150000,N,12214.2851900,W,21.2993,54.4704,040121,,,,
$GPGGA,222223.00,3726.4214200,N,12214.2735860,W,1,0,0.0,28.4178,M,0.0000,M,0.0000,0
$GPRMC,222223.00,A,3726.4214200,N,12214.2735860,W,20.4426,55.8829,040121,,,,
$GPGGA,222224.00,3726.4274320,N,12214.2620600,W,1,0,0.0,27.5728,M,0.0000,M,0.0000,0
$GPRMC,222224.00,A,3726.4274320,N,12214.2620600,W,20.2832,57.6327,040121,,,,
$GPGGA,222225.00,3726.4332760,N,12214.2504320,W,1,0,0.0,26.8018,M,0.0000,M,0.0000,0
$GPRMC,222225.00,A,3726.4332760,N,12214.2504320,W,20.2774,57.6758,040121,,,,
$GPGGA,222226.00,3726.4393060,N,12214.2389480,W,1,0,0.0,26.0168,M,0.0000,M,0.0000,0
$GPRMC,222226.00,A,3726.4393060,N,12214.2389480,W,20.2884,55.6040,040121,,,,
$GPGGA,222227.00,3726.4459480,N,12214.2279740,W,1,0,0.0,25.1638,M,0.0000,M,0.0000,0
$GPRMC,222227.00,A,3726.4459480,N,12214.2279740,W,20.3235,50.4952,040121,,,,
$GPGGA,222228.00,3726.4532740,N,12214.2176420,W,1,0,0.0,24.1108,M,0.0000,M,0.0000,0
$GPRMC,222228.00,A,3726.4532740,N,12214.2176420,W,20.4398,47.0085,040121,,,,
$GPGGA,222229.00,3726.4611040,N,12214.2078080,W,1,0,0.0,23.1018,M,0.0000,M,0.0000,0
$GPRMC,222229.00,A,3726.4611040,N,12214.2078080,W,20.5425,43.8938,040121,,,,
$GPGGA,222230.00,3726.4694320,N,12214.1985380,W,1,0,0.0,22.0948,M,0.0000,M,0.0000,0
$GPRMC,222230.00,A,3726.4694320,N,12214.1985380,W,20.6315,39.8094,040121,,,,
$GPGGA,222231.00,3726.4782880,N,12214.1899820,W,1,0,0.0,21.0837,M,0.0000,M,0.0000,0
$GPRMC,222231.00,A,3726.4782880,N,12214.1899820,W,20.7037,35.6187,040121,,,,
$GPGGA,222232.00,3726.4877020,N,12214.1822720,W,1,0,0.0,19.9217,M,0.0000,M,0.0000,0
$GPRMC,222232.00,A,3726.4877020,N,12214.1822720,W,20.8643,31.4122,040121,,,,
$GPGGA,222233.00,3726.4975180,N,12214.1751740,W,1,0,0.0,18.6577,M,0.0000,M,0.0000,0
$GPRMC,222233.00,A,3726.4975180,N,12214.1751740,W,21.0467,29.0445,040121,,,,
$GPGGA,222234.00,3726.5075620,N,12214.1683460,W,1,0,0.0,17.3806,M,0.0000,M,0.0000,0
$GPRMC,222234.00,A,3726.5075620,N,12214.1683460,W,21.2188,28.0049,040121,,,,
$GPGGA,222235.00,3726.5177560,N,12214.1615780,W,1,0,0.0,16.0716,M,0.0000,M,0.0000,0
$GPRMC,222235.00,A,3726.5177560,N,12214.1615780,W,21.4025,27.7097,040121,,,,
$GPGGA,222236.00,3726.5280280,N,12214.1547920,W,1,0,0.0,14.8807,M,0.0000,M,0.0000,0
$GPRMC,222236.00,A,3726.5280280,N,12214.1547920,W,21.5410,27.5557,040121,,,,
$GPGGA,222237.00,3726.5383900,N,12214.1480120,W,1,0,0.0,13.6227,M,0.0000,M,0.0000,0
$GPRMC,222237.00,A,3726.5383900,N,12214.1480120,W,21.6809,27.4257,040121,,,,
$GPGGA,222238.00,3726.5488180,N,12214.1412200,W,1,0,0.0,12.4028,M,0.0000,M,0.0000,0
$GPRMC,222238.00,A,3726.5488180,N,12214.1412200,W,21.7843,27.3892,040121,,,,
$GPGGA,222239.00,3726.5592460,N,12214.1343740,W,1,0,0.0,11.6679,M,0.0000,M,0.0000,0
$GPRMC,222239.00,A,3726.5592460,N,12214.1343740,W,21.7322,27.7240,040121,,,,
$GPGGA,222240.00,3726.5696200,N,12214.1275160,W,1,0,0.0,10.9538,M,0.0000,M,0.0000,0
$GPRMC,222240.00,A,3726.5696200,N,12214.1275160,W,21.6373,27.7084,040121,,,,
$GPGGA,222241.00,3726.5799220,N,12214.1206760,W,1,0,0.0,10.4629,M,0.0000,M,0.0000,0
$GPRMC,222241.00,A,3726.5799220,N,12214.1206760,W,21.4450,27.9091,040121,,,,
$GPGGA,222242.00,3726.5900740,N,12214.1138360,W,1,0,0.0,10.1709,M,0.0000,M,0.0000,0
$GPRMC,222242.00,A,3726.5900740,N,12214.1138360,W,21.1901,28.6250,040121,,,,
$GPGGA,222243.00,3726.5999980,N,12214.1068700,W,1,0,0.0,9.9580,M,0.0000,M,0.0000,0
$GPRMC,222243.00,A,3726.5999980,N,12214.1068700,W,20.8790,29.7084,040121,,,,
$GPGGA,222244.00,3726.6096040,N,12214.0998560,W,1,0,0.0,9.7719,M,0.0000,M,0.0000,0
$GPRMC,222244.00,A,3726.6096040,N,12214.0998560,W,20.1637,30.2582,040121,,,,
$GPGGA,222245.00,3726.6188140,N,12214.0931000,W,1,0,0.0,9.4689,M,0.0000,M,0.0000,0
$GPRMC,222245.00,A,3726.6188140,N,12214.0931000,W,19.2758,30.0985,040121,,,,
$GPGGA,222246.00,3726.6275620,N,12214.0868600,W,1,0,0.0,9.1089,M,0.0000,M,0.0000,0
$GPRMC,222246.00,A,3726.6275620,N,12214.0868600,W,17.8072,29.0037,040121,,,,
$GPGGA,222247.00,3726.6355540,N,12214.0813940,W,1,0,0.0,8.6469,M,0.0000,M,0.0000,0
$GPRMC,222247.00,A,3726.6355540,N,12214.0813940,W,15.7838,28.1423,040121,,,,
$GPGGA,222248.00,3726.6425380,N,12214.0767680,W,1,0,0.0,8.2139,M,0.0000,M,0.0000,0
$GPRMC,222248.00,A,3726.6425380,N,12214.0767680,W,13.3019,27.4307,040121,,,,
$GPGGA,222249.00,3726.6482740,N,12214.0729940,W,1,0,0.0,7.7979,M,0.0000,M,0.0000,0
$GPRMC,222249.00,A,3726.6482740,N,12214.0729940,W,10.7076,27.8380,040121,,,,
$GPGGA,222250.00,3726.6527800,N,12214.0699040,W,1,0,0.0,7.5750,M,0.0000,M,0.0000,0
$GPRMC,222250.00,A,3726.6527800,N,12214.0699040,W,8.5071,28.6178,040121,,,,
$GPGGA,222251.00,3726.6563020,N,12214.0672880,W,1,0,0.0,7.4100,M,0.0000,M,0.0000,0
$GPRMC,222251.00,A,3726.6563020,N,12214.0672880,W,6.6213,31.9338,040121,,,,
$GPGGA,222252.00,3726.6586480,N,12214.0648460,W,1,0,0.0,7.3250,M,0.0000,M,0.0000,0
$GPRMC,222252.00,A,3726.6586480,N,12214.0648460,W,4.8676,42.5766,040121,,,,
$GPGGA,222253.00,3726.6599560,N,12214.0621280,W,1,0,0.0,7.2360,M,0.0000,M,0.0000,0
$GPRMC,222253.00,A,3726.6599560,N,12214.0621280,W,4.7128,60.8786,040121,,,,
$GPGGA,222254.00,3726.6604660,N,12214.0589180,W,1,0,0.0,7.0920,M,0.0000,M,0.0000,0
$GPRMC,222254.00,A,3726.6604660,N,12214.0589180,W,5.2104,80.3132,040121,,,,
$GPGGA,222255.00,3726.6600580,N,12214.0552640,W,1,0,0.0,7.1521,M,0.0000,M,0.0000,0
$GPRMC,222255.00,A,3726.6600580,N,12214.0552640,W,5.8634,100.9235,040121,,,,
$GPGGA,222256.00,3726.6586660,N,12214.0514180,W,1,0,0.0,7.2910,M,0.0000,M,0.0000,0
$GPRMC,222256.00,A,3726.6586660,N,12214.0514180,W,6.7933,115.7282,040121,,,,
$GPGGA,222257.00,3726.6567400,N,12214.0470860,W,1,0,0.0,7.3790,M,0.0000,M,0.0000,0
$GPRMC,222257.00,A,3726.6567400,N,12214.0470860,W,7.7844,119.7436,040121,,,,
$GPGGA,222258.00,3726.6544420,N,12214.0423520,W,1,0,0.0,7.5500,M,0.0000,M,0.0000,0
$GPRMC,222258.00,A,3726.6544420,N,12214.0423520,W,8.6108,121.4908,040121,,,,
$GPGGA,222259.00,3726.6518260,N,12214.0371680,W,1,0,0.0,7.6700,M,0.0000,M,0.0000,0
$GPRMC,222259.00,A,3726.6518260,N,12214.0371680,W,9.4506,122.5212,040121,,,,
$GPGGA,222300.00,3726.6489400,N,12214.0316480,W,1,0,0.0,7.8800,M,0.0000,M,0.0000,0
$GPRMC,222300.00,A,3726.6489400,N,12214.0316480,W,9.8156,123.2935,040121,,,,
$GPGGA,222301.00,3726.6460480,N,12214.0262180,W,1,0,0.0,8.0750,M,0.0000,M,0.0000,0
$GPRMC,222301.00,A,3726.6460480,N,12214.0262180,W,9.4536,123.6852,040121,,,,
$GPGGA,222302.00,3726.6432760,N,12214.0209800,W,1,0,0.0,8.1580,M,0.0000,M,0.0000,0
$GPRMC,222302.00,A,3726.6432760,N,12214.0209800,W,8.8972,123.1112,040121,,,,
$GPGGA,222303.00,3726.6408280,N,12214.0161800,W,1,0,0.0,8.3140,M,0.0000,M,0.0000,0
$GPRMC,222303.00,A,3726.6408280,N,12214.0161800,W,7.8407,122.1462,040121,,,,
$GPGGA,222304.00,3726.6388780,N,12214.0118420,W,1,0,0.0,8.5201,M,0.0000,M,0.0000,0
$GPRMC,222304.00,A,3726.6388780,N,12214.0118420,W,6.8566,117.4519,040121,,,,
$GPGGA,222305.00,3726.6377500,N,12214.0076840,W,1,0,0.0,8.7150,M,0.0000,M,0.0000,0
$GPRMC,222305.00,A,3726.6377500,N,12214.0076840,W,6.0097,105.2969,040121,,,,
$GPGGA,222306.00,3726.6375760,N,12214.0037960,W,1,0,0.0,8.8900,M,0.0000,M,0.0000,0
$GPRMC,222306.00,A,3726.6375760,N,12214.0037960,W,5.3568,91.0775,040121,,,,
$GPGGA,222307.00,3726.6379240,N,12214.0003220,W,1,0,0.0,9.0120,M,0.0000,M,0.0000,0
$GPRMC,222307.00,A,3726.6379240,N,12214.0003220,W,4.9178,81.6542,040121,,,,
$GPGGA,222308.00,3726.6385840,N,12213.9970760,W,1,0,0.0,9.1821,M,0.0000,M,0.0000,0
$GPRMC,222308.00,A,3726.6385840,N,12213.9970760,W,4.9268,75.4612,040121,,,,
$GPGGA,222309.00,3726.6395500,N,12213.9939080,W,1,0,0.0,9.4091,M,0.0000,M,0.0000,0
$GPRMC,222309.00,A,3726.6395500,N,12213.9939080,W,5.0504,67.9145,040121,,,,
$GPGGA,222310.00,3726.6410020,N,12213.9908300,W,1,0,0.0,9.6750,M,0.0000,M,0.0000,0
$GPRMC,222310.00,A,3726.6410020,N,12213.9908300,W,5.4590,58.7678,040121,,,,
$GPGGA,222311.00,3726.6429400,N,12213.9877880,W,1,0,0.0,9.8420,M,0.0000,M,0.0000,0
$GPRMC,222311.00,A,3726.6429400,N,12213.9877880,W,5.9578,49.2923,040121,,,,
$GPGGA,222312.00,3726.6455080,N,12213.9849860,W,1,0,0.0,9.9970,M,0.0000,M,0.0000,0
$GPRMC,222312.00,A,3726.6455080,N,12213.9849860,W,6.5496,39.3684,040121,,,,
$GPGGA,222313.00,3726.6486040,N,12213.9825020,W,1,0,0.0,10.1211,M,0.0000,M,0.0000,0
$GPRMC,222313.00,A,3726.6486040,N,12213.9825020,W,6.7851,31.3555,040121,,,,
$GPGGA,222314.00,3726.6517180,N,12213.9803060,W,1,0,0.0,10.2760,M,0.0000,M,0.0000,0
$GPRMC,222314.00,A,3726.6517180,N,12213.9803060,W,6.3722,29.3162,040121,,,,
$GPGGA,222315.00,3726.6545920,N,12213.9782660,W,1,0,0.0,10.4751,M,0.0000,M,0.0000,0
$GPRMC,222315.00,A,3726.6545920,N,12213.9782660,W,5.8415,29.8671,040121,,,,
$GPGGA,222316.00,3726.6571000,N,12213.9762260,W,1,0,0.0,10.7061,M,0.0000,M,0.0000,0
$GPRMC,222316.00,A,3726.6571000,N,12213.9762260,W,5.2329,33.7616,040121,,,,
$GPGGA,222317.00,3726.6591880,N,12213.9741740,W,1,0,0.0,10.9460,M,0.0000,M,0.0000,0
$GPRMC,222317.00,A,3726.6591880,N,12213.9741740,W,4.6343,38.5951,040121,,,,
$GPGGA,222318.00,3726.6608560,N,12213.9721280,W,1,0,0.0,11.1350,M,0.0000,M,0.0000,0
$GPRMC,222318.00,A,3726.6608560,N,12213.9721280,W,4.0695,45.1011,040121,,,,
$GPGGA,222319.00,3726.6619780,N,12213.9700160,W,1,0,0.0,11.2810,M,0.0000,M,0.0000,0
$GPRMC,222319.00,A,3726.6619780,N,12213.9700160,W,3.5290,56.5075,040121,,,,
$GPGGA,222320.00,3726.6625300,N,12213.9679160,W,1,0,0.0,11.4070,M,0.0000,M,0.0000,0
$GPRMC,222320.00,A,3726.6625300,N,12213.9679160,W,3.0779,70.1787,040121,,,,
$GPGGA,222321.00,3726.6626440,N,12213.9659840,W,1,0,0.0,11.5030,M,0.0000,M,0.0000,0
$GPRMC,222321.00,A,3726.6626440,N,12213.9659840,W,2.7698,83.0475,040121,,,,
$GPGGA,222322.00,3726.6625540,N,12213.9641000,W,1,0,0.0,11.5940,M,0.0000,M,0.0000,0
$GPRMC,222322.00,A,3726.6625540,N,12213.9641000,W,2.8901,90.5721,040121,,,,
$GPGGA,222323.00,3726.6625720,N,12213.9620540,W,1,0,0.0,11.5790,M,0.0000,M,0.0000,0
$GPRMC,222323.00,A,3726.6625720,N,12213.9620540,W,3.1170,88.9363,040121,,,,
$GPGGA,222324.00,3726.6629740,N,12213.9599900,W,1,0,0.0,11.6170,M,0.0000,M,0.0000,0
$GPRMC,222324.00,A,3726.6629740,N,12213.9599900,W,3.0530,77.5434,040121,,,,
$GPGGA,222325.00,3726.6636760,N,12213.9580940,W,1,0,0.0,11.6360,M,0.0000,M,0.0000,0
$GPRMC,222325.00,A,3726.6636760,N,12213.9580940,W,2.8704,67.1225,040121,,,,
$GPGGA,222326.00,3726.6642280,N,12213.9565700,W,1,0,0.0,11.6310,M,0.0000,M,0.0000,0
$GPRMC,222326.00,A,3726.6642280,N,12213.9565700,W,1.9568,66.1518,040121,,,,
$GPGGA,222327.00,3726.6645220,N,12213.9557000,W,1,0,0.0,11.5980,M,0.0000,M,0.0000,0
$GPRMC,222327.00,A,3726.6645220,N,12213.9557000,W,0.8293,66.6800,040121,,,,
$GPGGA,222328.00,3726.6645820,N,12213.9555200,W,1,0,0.0,11.5860,M,0.0000,M,0.0000,0
$GPRMC,222328.00,A,3726.6645820,N,12213.9555200,W,0.0206,66.7743,040121,,,,
$GPGGA,222329.00,3726.6645820,N,12213.9555140,W,1,0,0.0,11.5880,M,0.0000,M,0.0000,0
$GPRMC,222329.00,A,3726.6645820,N,12213.9555140,W,0.0112,66.7751,040121,,,,
$GPGGA,222330.00,3726.6645820,N,12213.9555140,W,1,0,0.0,11.5890,M,0.0000,M,0.0000,0
$GPRMC,222330.00,A,3726.6645820,N,12213.9555140,W,0.0032,66.7768,040121,,,,
$GPGGA,222331.00,3726.6645940,N,12213.9554900,W,1,0,0.0,11.5900,M,0.0000,M,0.0000,0
$GPRMC,222331.00,A,3726.6645940,N,12213.9554900,W,0.0389,66.7892,040121,,,,
$GPGGA,222332.00,3726.6645880,N,12213.9554900,W,1,0,0.0,11.5910,M,0.0000,M,0.0000,0
$GPRMC,222332.00,A,3726.6645880,N,12213.9554900,W,0.0095,66.7876,040121,,,,
$GPGGA,222333.00,3726.6645880,N,12213.9554900,W,1,0,0.0,11.5910,M,0.0000,M,0.0000,0
$GPRMC,222333.00,A,3726.6645880,N,12213.9554900,W,0.0014,66.7872,040121,,,,
$GPGGA,222334.00,3726.6645880,N,12213.9554900,W,1,0,0.0,11.5910,M,0.0000,M,0.0000,0
$GPRMC,222334.00,A,3726.6645880,N,12213.9554900,W,0.0000,66.7869,040121,,,,
$GPGGA,222335.00,3726.6645880,N,12213.9554900,W,1,0,0.0,11.5910,M,0.0000,M,0.0000,0
$GPRMC,222335.00,A,3726.6645880,N,12213.9554900,W,0.0014,66.7868,040121,,,,

