$GPGGA,221725.43,3719.0732440,N,12156.9019720,W,1,0,0.0,0.0000,M,0.0000,M,0.0000,0
$GPRMC,221725.43,A,3719.0732440,N,12156.9019720,W,0.0496,89.7751,101220,,,,
$GPGGA,221726.43,3719.0732440,N,12156.9019720,W,1,0,0.0,0.0000,M,0.0000,M,0.0000,0
$GPRMC,221726.43,A,3719.0732440,N,12156.9019720,W,0.0487,89.7747,101220,,,,
$GPGGA,221727.43,3719.0732440,N,12156.9019720,W,1,0,0.0,0.0000,M,0.0000,M,0.0000,0
$GPRMC,221727.43,A,3719.0732440,N,12156.9019720,W,0.0477,89.7743,101220,,,,
$GPGGA,221728.43,3719.0732440,N,12156.9019720,W,1,0,0.0,0.0000,M,0.0000,M,0.0000,0
$GPRMC,221728.43,A,3719.0732440,N,12156.9019720,W,0.0479,89.7740,101220,,,,
$GPGGA,221729.43,3719.0732440,N,12156.9019720,W,1,0,0.0,0.0000,M,0.0000,M,0.0000,0
$GPRMC,221729.43,A,3719.0732440,N,12156.9019720,W,0.0491,89.7745,101220,,,,
$GPGGA,221730.43,3719.0732440,N,12156.9019720,W,1,0,0.0,0.0000,M,0.0000,M,0.0000,0
$GPRMC,221730.43,A,3719.0732440,N,12156.9019720,W,0.0482,89.7734,101220,,,,
$GPGGA,221731.43,3719.0732380,N,12156.9019720,W,1,0,0.0,0.0000,M,0.0000,M,0.0000,0
$GPRMC,221731.43,A,3719.0732380,N,12156.9019720,W,0.0467,89.7715,101220,,,,
$GPGGA,221732.43,3719.0732380,N,12156.9019720,W,1,0,0.0,0.0000,M,0.0000,M,0.0000,0
$GPRMC,221732.43,A,3719.0732380,N,12156.9019720,W,0.0448,89.7722,101220,,,,
$GPGGA,221733.43,3719.0732380,N,12156.9019720,W,1,0,0.0,0.0000,M,0.0000,M,0.0000,0
$GPRMC,221733.43,A,3719.0732380,N,12156.9019720,W,0.0432,89.7719,101220,,,,
$GPGGA,221734.43,3719.0732380,N,12156.9019720,W,1,0,0.0,0.0000,M,0.0000,M,0.0000,0
$GPRMC,221734.43,A,3719.0732380,N,12156.9019720,W,0.0466,89.7712,101220,,,,
$GPGGA,221735.43,3719.0732380,N,12156.9019720,W,1,0,0.0,0.0000,M,0.0000,M,0.0000,0
$GPRMC,221735.43,A,3719.0732380,N,12156.9019720,W,0.0542,89.7706,101220,,,,
$GPGGA,221736.43,3719.0732380,N,12156.9019720,W,1,0,0.0,0.0000,M,0.0000,M,0.0000,0
$GPRMC,221736.43,A,3719.0732380,N,12156.9019720,W,0.0616,89.7704,101220,,,,
$GPGGA,221737.43,3719.0732260,N,12156.9019720,W,1,0,0.0,0.0000,M,0.0000,M,0.0000,0
$GPRMC,221737.43,A,3719.0732260,N,12156.9019720,W,0.0701,89.7701,101220,,,,
$GPGGA,221738.43,3719.0730700,N,12156.9019600,W,1,0,0.0,0.0000,M,0.0000,M,0.0000,0
$GPRMC,221738.43,A,3719.0730700,N,12156.9019600,W,0.0791,89.7697,101220,,,,
$GPGGA,221739.43,3719.0728720,N,12156.9019480,W,1,0,0.0,0.0000,M,0.0000,M,0.0000,0
$GPRMC,221739.43,A,3719.0728720,N,12156.9019480,W,0.0894,89.7692,101220,,,,
$GPGGA,221740.43,3719.0728420,N,12156.9019420,W,1,0,0.0,0.0000,M,0.0000,M,0.0000,0
$GPRMC,221740.43,A,3719.0728420,N,12156.9019420,W,0.1027,89.7689,101220,,,,
$GPGGA,221741.43,3719.0728120,N,12156.9019420,W,1,0,0.0,0.0000,M,0.0000,M,0.0000,0
$GPRMC,221741.43,A,3719.0728120,N,12156.9019420,W,0.1228,89.7687,101220,,,,
$GPGGA,221742.43,3719.0727640,N,12156.9019360,W,1,0,0.0,0.0000,M,0.0000,M,0.0000,0
$GPRMC,221742.43,A,3719.0727640,N,12156.9019360,W,0.1481,89.7690,101220,,,,
$GPGGA,221743.43,3719.0726680,N,12156.9019240,W,1,0,0.0,0.0000,M,0.0000,M,0.0000,0
$GPRMC,221743.43,A,3719.0726680,N,12156.9019240,W,0.1681,89.7690,101220,,,,
$GPGGA,221744.43,3719.0725540,N,12156.9019180,W,1,0,0.0,0.0000,M,0.0000,M,0.0000,0
$GPRMC,221744.43,A,3719.0725540,N,12156.9019180,W,0.1793,89.7681,101220,,,,
$GPGGA,221745.43,3719.0724340,N,12156.9019120,W,1,0,0.0,0.0000,M,0.0000,M,0.0000,0
$GPRMC,221745.43,A,3719.0724340,N,12156.9019120,W,0.1833,89.7672,101220,,,,
$GPGGA,221746.43,3719.0722960,N,12156.9019000,W,1,0,0.0,0.0000,M,0.0000,M,0.0000,0
$GPRMC,221746.43,A,3719.0722960,N,12156.9019000,W,0.1924,89.7671,101220,,,,
$GPGGA,221747.43,3719.0722000,N,12156.9018880,W,1,0,0.0,0.0000,M,0.0000,M,0.0000,0
$GPRMC,221747.43,A,3719.0722000,N,12156.9018880,W,0.2134,89.7670,101220,,,,
$GPGGA,221748.43,3719.0721700,N,12156.9018820,W,1,0,0.0,0.0000,M,0.0000,M,0.0000,0
$GPRMC,221748.43,A,3719.0721700,N,12156.9018820,W,0.2397,89.7656,101220,,,,
$GPGGA,221749.43,3719.0721460,N,12156.9018820,W,1,0,0.0,0.0000,M,0.0000,M,0.0000,0
$GPRMC,221749.43,A,3719.0721460,N,12156.9018820,W,0.2650,89.7650,101220,,,,
$GPGGA,221750.43,3719.0721160,N,12156.9018820,W,1,0,0.0,0.0000,M,0.0000,M,0.0000,0
$GPRMC,221750.43,A,3719.0721160,N,12156.9018820,W,0.2868,89.7649,101220,,,,
$GPGGA,221751.43,3719.0719780,N,12156.9018940,W,1,0,0.0,0.0000,M,0.0000,M,0.0000,0
$GPRMC,221751.43,A,3719.0719780,N,12156.9018940,W,0.2844,89.7637,101220,,,,
$GPGGA,221752.43,3719.0717560,N,12156.9018160,W,1,0,0.0,0.0000,M,0.0000,M,0.0000,0
$GPRMC,221752.43,A,3719.0717560,N,12156.9018160,W,0.4450,89.7641,101220,,,,
$GPGGA,221753.43,3719.0716060,N,12156.9012640,W,1,0,0.0,0.0000,M,0.0000,M,0.0000,0
$GPRMC,221753.43,A,3719.0716060,N,12156.9012640,W,0.9225,90.8467,101220,,,,
$GPGGA,221754.43,3719.0714200,N,12156.9001000,W,1,0,0.0,0.0000,M,0.0000,M,0.0000,0
$GPRMC,221754.43,A,3719.0714200,N,12156.9001000,W,1.5568,95.6243,101220,,,,
$GPGGA,221755.43,3719.0710900,N,12156.8984380,W,1,0,0.0,0.0000,M,0.0000,M,0.0000,0
$GPRMC,221755.43,A,3719.0710900,N,12156.8984380,W,2.3979,105.1209,101220,,,,
$GPGGA,221756.43,3719.0708620,N,12156.8962120,W,1,0,0.0,0.0000,M,0.0000,M,0.0000,0
$GPRMC,221756.43,A,3719.0708620,N,12156.8962120,W,3.3175,113.0847,101220,,,,
$GPGGA,221757.43,3719.0711980,N,12156.8937040,W,1,0,0.0,0.0000,M,0.0000,M,0.0000,0
$GPRMC,221757.43,A,3719.0711980,N,12156.8937040,W,3.7134,112.0172,101220,,,,
$GPGGA,221758.43,3719.0719960,N,12156.8915920,W,1,0,0.0,0.0000,M,0.0000,M,0.0000,0
$GPRMC,221758.43,A,3719.0719960,N,12156.8915920,W,3.0554,106.1348,101220,,,,
$GPGGA,221759.43,3719.0727220,N,12156.8903440,W,1,0,0.0,0.0000,M,0.0000,M,0.0000,0
$GPRMC,221759.43,A,3719.0727220,N,12156.8903440,W,2.1872,101.4761,101220,,,,
$GPGGA,221800.43,3719.0733220,N,12156.8895580,W,1,0,0.0,0.0000,M,0.0000,M,0.0000,0
$GPRMC,221800.43,A,3719.0733220,N,12156.8895580,W,2.1803,98.5392,101220,,,,
$GPGGA,221801.43,3719.0733820,N,12156.8884480,W,1,0,0.0,0.0000,M,0.0000,M,0.0000,0
$GPRMC,221801.43,A,3719.0733820,N,12156.8884480,W,2.3494,104.5061,101220,,,,
$GPGGA,221802.43,3719.0719840,N,12156.8871400,W,1,0,0.0,0.0000,M,0.0000,M,0.0000,0
$GPRMC,221802.43,A,3719.0719840,N,12156.8871400,W,2.3199,126.8823,101220,,,,
$GPGGA,221803.43,3719.0695360,N,12156.8867800,W,1,0,0.0,0.0000,M,0.0000,M,0.0000,0
$GPRMC,221803.43,A,3719.0695360,N,12156.8867800,W,2.4556,154.6085,101220,,,,
$GPGGA,221804.43,3719.0673640,N,12156.8872600,W,1,0,0.0,0.0000,M,0.0000,M,0.0000,0
$GPRMC,221804.43,A,3719.0673640,N,12156.8872600,W,2.6195,172.6943,101220,,,,
$GPGGA,221805.43,3719.0659360,N,12156.8875780,W,1,0,0.0,0.0000,M,0.0000,M,0.0000,0
$GPRMC,221805.43,A,3719.0659360,N,12156.8875780,W,2.8863,179.5320,101220,,,,
$GPGGA,221806.43,3719.0647660,N,12156.8875180,W,1,0,0.0,0.0000,M,0.0000,M,0.0000,0
$GPRMC,221806.43,A,3719.0647660,N,12156.8875180,W,3.4244,180.4977,101220,,,,
$GPGGA,221807.43,3719.0632720,N,12156.8872600,W,1,0,0.0,0.0000,M,0.0000,M,0.0000,0
$GPRMC,221807.43,A,3719.0632720,N,12156.8872600,W,3.9126,180.7361,101220,,,,
$GPGGA,221808.43,3719.0604340,N,12156.8870140,W,1,0,0.0,0.0000,M,0.0000,M,0.0000,0
$GPRMC,221808.43,A,3719.0604340,N,12156.8870140,W,4.1024,181.3638,101220,,,,
$GPGGA,221809.43,3719.0568640,N,12156.8869480,W,1,0,0.0,0.0000,M,0.0000,M,0.0000,0
$GPRMC,221809.43,A,3719.0568640,N,12156.8869480,W,4.0909,181.0896,101220,,,,
$GPGGA,221810.43,3719.0543320,N,12156.8869000,W,1,0,0.0,0.0000,M,0.0000,M,0.0000,0
$GPRMC,221810.43,A,3719.0543320,N,12156.8869000,W,4.0316,179.7732,101220,,,,
$GPGGA,221811.43,3719.0519980,N,12156.8868400,W,1,0,0.0,0.0000,M,0.0000,M,0.0000,0
$GPRMC,221811.43,A,3719.0519980,N,12156.8868400,W,3.9969,178.8242,101220,,,,
$GPGGA,221812.43,3719.0496460,N,12156.8868040,W,1,0,0.0,0.0000,M,0.0000,M,0.0000,0
$GPRMC,221812.43,A,3719.0496460,N,12156.8868040,W,4.3202,178.6969,101220,,,,
$GPGGA,221813.43,3719.0471020,N,12156.8867980,W,1,0,0.0,0.0000,M,0.0000,M,0.0000,0
$GPRMC,221813.43,A,3719.0471020,N,12156.8867980,W,4.7712,179.2693,101220,,,,
$GPGGA,221814.43,3719.0444560,N,12156.8868700,W,1,0,0.0,0.0000,M,0.0000,M,0.0000,0
$GPRMC,221814.43,A,3719.0444560,N,12156.8868700,W,4.7872,180.5679,101220,,,,
$GPGGA,221815.43,3719.0419120,N,12156.8870080,W,1,0,0.0,0.0000,M,0.0000,M,0.0000,0
$GPRMC,221815.43,A,3719.0419120,N,12156.8870080,W,4.4274,181.3982,101220,,,,
$GPGGA,221816.43,3719.0396860,N,12156.8871460,W,1,0,0.0,0.0000,M,0.0000,M,0.0000,0
$GPRMC,221816.43,A,3719.0396860,N,12156.8871460,W,3.5358,181.2368,101220,,,,
$GPGGA,221817.43,3719.0380600,N,12156.8872600,W,1,0,0.0,0.0000,M,0.0000,M,0.0000,0
$GPRMC,221817.43,A,3719.0380600,N,12156.8872600,W,2.2590,180.9490,101220,,,,
$GPGGA,221818.43,3719.0370460,N,12156.8873500,W,1,0,0.0,0.0000,M,0.0000,M,0.0000,0
$GPRMC,221818.43,A,3719.0370460,N,12156.8873500,W,1.5104,180.7405,101220,,,,
$GPGGA,221819.43,3719.0361520,N,12156.8875120,W,1,0,0.0,0.0000,M,0.0000,M,0.0000,0
$GPRMC,221819.43,A,3719.0361520,N,12156.8875120,W,1.8941,183.4651,101220,,,,
$GPGGA,221820.43,3719.0350000,N,12156.8882440,W,1,0,0.0,0.0000,M,0.0000,M,0.0000,0
$GPRMC,221820.43,A,3719.0350000,N,12156.8882440,W,2.7293,199.5679,101220,,,,
$GPGGA,221821.43,3719.0340820,N,12156.8900560,W,1,0,0.0,0.0000,M,0.0000,M,0.0000,0
$GPRMC,221821.43,A,3719.0340820,N,12156.8900560,W,3.5583,229.6064,101220,,,,
$GPGGA,221822.43,3719.0336560,N,12156.8929240,W,1,0,0.0,0.0000,M,0.0000,M,0.0000,0
$GPRMC,221822.43,A,3719.0336560,N,12156.8929240,W,5.0675,256.0976,101220,,,,
$GPGGA,221823.43,3719.0336500,N,12156.8969980,W,1,0,0.0,0.0000,M,0.0000,M,0.0000,0
$GPRMC,221823.43,A,3719.0336500,N,12156.8969980,W,7.0219,269.9523,101220,,,,
$GPGGA,221824.43,3719.0338900,N,12156.9023620,W,1,0,0.0,0.0000,M,0.0000,M,0.0000,0
$GPRMC,221824.43,A,3719.0338900,N,12156.9023620,W,8.8106,273.8847,101220,,,,
$GPGGA,221825.43,3719.0342620,N,12156.9088600,W,1,0,0.0,0.0000,M,0.0000,M,0.0000,0
$GPRMC,221825.43,A,3719.0342620,N,12156.9088600,W,10.3872,274.2380,101220,,,,
$GPGGA,221826.43,3719.0346580,N,12156.9163420,W,1,0,0.0,0.0000,M,0.0000,M,0.0000,0
$GPRMC,221826.43,A,3719.0346580,N,12156.9163420,W,11.7070,273.6034,101220,,,,
$GPGGA,221827.43,3719.0350480,N,12156.9244900,W,1,0,0.0,0.0000,M,0.0000,M,0.0000,0
$GPRMC,221827.43,A,3719.0350480,N,12156.9244900,W,12.2971,273.3834,101220,,,,
$GPGGA,221828.43,3719.0354920,N,12156.9328420,W,1,0,0.0,0.0000,M,0.0000,M,0.0000,0
$GPRMC,221828.43,A,3719.0354920,N,12156.9328420,W,12.4065,274.0328,101220,,,,
$GPGGA,221829.43,3719.0360140,N,12156.9412600,W,1,0,0.0,0.0000,M,0.0000,M,0.0000,0
$GPRMC,221829.43,A,3719.0360140,N,12156.9412600,W,12.5052,274.4071,101220,,,,
$GPGGA,221830.43,3719.0365300,N,12156.9496420,W,1,0,0.0,0.0000,M,0.0000,M,0.0000,0
$GPRMC,221830.43,A,3719.0365300,N,12156.9496420,W,12.2979,274.1695,101220,,,,
$GPGGA,221831.43,3719.0369920,N,12156.9578560,W,1,0,0.0,0.0000,M,0.0000,M,0.0000,0
$GPRMC,221831.43,A,3719.0369920,N,12156.9578560,W,12.0491,273.9093,101220,,,,
$GPGGA,221832.43,3719.0374180,N,12156.9658540,W,1,0,0.0,0.0000,M,0.0000,M,0.0000,0
$GPRMC,221832.43,A,3719.0374180,N,12156.9658540,W,11.5153,273.7466,101220,,,,
$GPGGA,221833.43,3719.0377900,N,12156.9732520,W,1,0,0.0,0.0000,M,0.0000,M,0.0000,0
$GPRMC,221833.43,A,3719.0377900,N,12156.9732520,W,10.2289,273.5139,101220,,,,
$GPGGA,221834.43,3719.0381020,N,12156.9795580,W,1,0,0.0,0.0000,M,0.0000,M,0.0000,0
$GPRMC,221834.43,A,3719.0381020,N,12156.9795580,W,8.4311,273.7050,101220,,,,
$GPGGA,221835.43,3719.0383840,N,12156.9846520,W,1,0,0.0,0.0000,M,0.0000,M,0.0000,0
$GPRMC,221835.43,A,3719.0383840,N,12156.9846520,W,6.6649,273.9592,101220,,,,
$GPGGA,221836.43,3719.0386000,N,12156.9885700,W,1,0,0.0,0.0000,M,0.0000,M,0.0000,0
$GPRMC,221836.43,A,3719.0386000,N,12156.9885700,W,5.0047,273.8692,101220,,,,
$GPGGA,221837.43,3719.0387560,N,12156.9914140,W,1,0,0.0,0.0000,M,0.0000,M,0.0000,0
$GPRMC,221837.43,A,3719.0387560,N,12156.9914140,W,3.4344,273.7406,101220,,,,
$GPGGA,221838.43,3719.0388340,N,12156.9932500,W,1,0,0.0,0.0000,M,0.0000,M,0.0000,0
$GPRMC,221838.43,A,3719.0388340,N,12156.9932500,W,1.9776,273.3971,101220,,,,
$GPGGA,221839.43,3719.0388640,N,12156.9940960,W,1,0,0.0,0.0000,M,0.0000,M,0.0000,0
$GPRMC,221839.43,A,3719.0388640,N,12156.9940960,W,0.6771,273.1368,101220,,,,
$GPGGA,221840.43,3719.0388700,N,12156.9942520,W,1,0,0.0,0.0000,M,0.0000,M,0.0000,0
$GPRMC,221840.43,A,3719.0388700,N,12156.9942520,W,0.0665,273.0903,101220,,,,
$GPGGA,221841.43,3719.0388640,N,12156.9942520,W,1,0,0.0,0.0000,M,0.0000,M,0.0000,0
$GPRMC,221841.43,A,3719.0388640,N,12156.9942520,W,0.0565,273.0876,101220,,,,
$GPGGA,221842.43,3719.0388700,N,12156.9942520,W,1,0,0.0,0.0000,M,0.0000,M,0.0000,0
$GPRMC,221842.43,A,3719.0388700,N,12156.9942520,W,0.0501,273.0836,101220,,,,
$GPGGA,221843.43,3719.0388760,N,12156.9942520,W,1,0,0.0,0.0000,M,0.0000,M,0.0000,0
$GPRMC,221843.43,A,3719.0388760,N,12156.9942520,W,0.0445,273.0814,101220,,,,
$GPGGA,221844.43,3719.0388760,N,12156.9942580,W,1,0,0.0,0.0000,M,0.0000,M,0.0000,0
$GPRMC,221844.43,A,3719.0388760,N,12156.9942580,W,0.0383,273.0796,101220,,,,
$GPGGA,221845.43,3719.0388820,N,12156.9942580,W,1,0,0.0,0.0000,M,0.0000,M,0.0000,0
$GPRMC,221845.43,A,3719.0388820,N,12156.9942580,W,0.0321,273.0782,101220,,,,
$GPGGA,221846.43,3719.0388820,N,12156.9942580,W,1,0,0.0,0.0000,M,0.0000,M,0.0000,0
$GPRMC,221846.43,A,3719.0388820,N,12156.9942580,W,0.0269,273.0769,101220,,,,
$GPGGA,221847.66,3719.0388820,N,12156.9942580,W,1,0,0.0,0.0000,M,0.0000,M,0.0000,0
$GPRMC,221847.66,A,3719.0388820,N,12156.9942580,W,0.0216,273.0757,101220,,,,
$GPGGA,221848.65,3719.0388820,N,12156.9942580,W,1,0,0.0,0.0000,M,0.0000,M,0.0000,0
$GPRMC,221848.65,A,3719.0388820,N,12156.9942580,W,0.0213,273.0750,101220,,,,
$GPGGA,221849.66,3719.0388820,N,12156.9942580,W,1,0,0.0,0.0000,M,0.0000,M,0.0000,0
$GPRMC,221849.66,A,3719.0388820,N,12156.9942580,W,0.0194,273.0745,101220,,,,
$GPGGA,221850.66,3719.0388760,N,12156.9942580,W,1,0,0.0,0.0000,M,0.0000,M,0.0000,0
$GPRMC,221850.66,A,3719.0388760,N,12156.9942580,W,0.0155,273.0738,101220,,,,
$GPGGA,221851.66,3719.0388760,N,12156.9942580,W,1,0,0.0,0.0000,M,0.0000,M,0.0000,0
$GPRMC,221851.66,A,3719.0388760,N,12156.9942580,W,0.0109,273.0730,101220,,,,
$GPGGA,221852.65,3719.0388760,N,12156.9942580,W,1,0,0.0,0.0000,M,0.0000,M,0.0000,0
$GPRMC,221852.65,A,3719.0388760,N,12156.9942580,W,0.0086,273.0724,101220,,,,
$GPGGA,221853.65,3719.0388760,N,12156.9942580,W,1,0,0.0,0.0000,M,0.0000,M,0.0000,0
$GPRMC,221853.65,A,3719.0388760,N,12156.9942580,W,0.0076,273.0718,101220,,,,
$GPGGA,221854.66,3719.0388760,N,12156.9942640,W,1,0,0.0,0.0000,M,0.0000,M,0.0000,0
$GPRMC,221854.66,A,3719.0388760,N,12156.9942640,W,0.0079,273.0713,101220,,,,
$GPGGA,221855.65,3719.0388760,N,12156.9942640,W,1,0,0.0,0.0000,M,0.0000,M,0.0000,0
$GPRMC,221855.65,A,3719.0388760,N,12156.9942640,W,0.0082,273.0708,101220,,,,
$GPGGA,221856.66,3719.0388760,N,12156.9942640,W,1,0,0.0,0.0000,M,0.0000,M,0.0000,0
$GPRMC,221856.66,A,3719.0388760,N,12156.9942640,W,0.0089,273.0706,101220,,,,
$GPGGA,221857.66,3719.0388760,N,12156.9942640,W,1,0,0.0,0.0000,M,0.0000,M,0.0000,0
$GPRMC,221857.66,A,3719.0388760,N,12156.9942640,W,0.0091,273.0702,101220,,,,
$GPGGA,221858.65,3719.0388760,N,12156.9942640,W,1,0,0.0,0.0000,M,0.0000,M,0.0000,0
$GPRMC,221858.65,A,3719.0388760,N,12156.9942640,W,0.0098,273.0696,101220,,,,
$GPGGA,221859.66,3719.0388760,N,12156.9942640,W,1,0,0.0,0.0000,M,0.0000,M,0.0000,0
$GPRMC,221859.66,A,3719.0388760,N,12156.9942640,W,0.0108,273.0692,101220,,,,
$GPGGA,221900.75,3719.0388760,N,12156.9942640,W,1,0,0.0,0.0000,M,0.0000,M,0.0000,0
$GPRMC,221900.75,A,3719.0388760,N,12156.9942640,W,0.0103,273.0687,101220,,,,
$GPGGA,221901.47,3719.0388760,N,12156.9942640,W,1,0,0.0,0.0000,M,0.0000,M,0.0000,0
$GPRMC,221901.47,A,3719.0388760,N,12156.9942640,W,0.0100,273.0686,101220,,,,
$GPGGA,221902.76,3719.0388760,N,12156.9942640,W,1,0,0.0,0.0000,M,0.0000,M,0.0000,0
$GPRMC,221902.76,A,3719.0388760,N,12156.9942640,W,0.0108,273.0684,101220,,,,
$GPGGA,221903.45,3719.0388760,N,12156.9942640,W,1,0,0.0,0.0000,M,0.0000,M,0.0000,0
$GPRMC,221903.45,A,3719.0388760,N,12156.9942640,W,0.0106,273.0682,101220,,,,
$GPGGA,221904.66,3719.0388760,N,12156.9942700,W,1,0,0.0,0.0000,M,0.0000,M,0.0000,0
$GPRMC,221904.66,A,3719.0388760,N,12156.9942700,W,0.0094,273.0681,101220,,,,
$GPGGA,221905.65,3719.0388760,N,12156.9942760,W,1,0,0.0,0.0000,M,0.0000,M,0.0000,0
$GPRMC,221905.65,A,3719.0388760,N,12156.9942760,W,0.0090,273.0678,101220,,,,
$GPGGA,221906.64,3719.0388760,N,12156.9942820,W,1,0,0.0,0.0000,M,0.0000,M,0.0000,0
$GPRMC,221906.64,A,3719.0388760,N,12156.9942820,W,0.0090,273.0675,101220,,,,
$GPGGA,221907.66,3719.0388760,N,12156.9942880,W,1,0,0.0,0.0000,M,0.0000,M,0.0000,0
$GPRMC,221907.66,A,3719.0388760,N,12156.9942880,W,0.0083,273.0666,101220,,,,
$GPGGA,221908.65,3719.0388760,N,12156.9942880,W,1,0,0.0,0.0000,M,0.0000,M,0.0000,0
$GPRMC,221908.65,A,3719.0388760,N,12156.9942880,W,0.0074,273.0660,101220,,,,
$GPGGA,221909.66,3719.0388760,N,12156.9943000,W,1,0,0.0,0.0000,M,0.0000,M,0.0000,0
$GPRMC,221909.66,A,3719.0388760,N,12156.9943000,W,0.0039,273.0543,101220,,,,
$GPGGA,221910.65,3719.0388760,N,12156.9942760,W,1,0,0.0,0.0000,M,0.0000,M,0.0000,0
$GPRMC,221910.65,A,3719.0388760,N,12156.9942760,W,0.0008,273.1313,101220,,,,
$GPGGA,221911.64,3719.0388760,N,12156.9942580,W,1,0,0.0,0.0000,M,0.0000,M,0.0000,0
$GPRMC,221911.64,A,3719.0388760,N,12156.9942580,W,0.0006,273.1747,101220,,,,
$GPGGA,221912.66,3719.0388760,N,12156.9942580,W,1,0,0.0,0.0000,M,0.0000,M,0.0000,0
$GPRMC,221912.66,A,3719.0388760,N,12156.9942580,W,0.0003,273.1741,101220,,,,
$GPGGA,221913.65,3719.0388760,N,12156.9942580,W,1,0,0.0,0.0000,M,0.0000,M,0.0000,0
$GPRMC,221913.65,A,3719.0388760,N,12156.9942580,W,0.0000,273.1733,101220,,,,
$GPGGA,221914.66,3719.0388760,N,12156.9942580,W,1,0,0.0,0.0000,M,0.0000,M,0.0000,0
$GPRMC,221914.66,A,3719.0388760,N,12156.9942580,W,0.0015,273.1613,101220,,,,
$GPGGA,221915.65,3719.0388760,N,12156.9942580,W,1,0,0.0,0.0000,M,0.0000,M,0.0000,0
$GPRMC,221915.65,A,3719.0388760,N,12156.9942580,W,0.0028,273.1625,101220,,,,
$GPGGA,221916.66,3719.0388760,N,12156.9942580,W,1,0,0.0,0.0000,M,0.0000,M,0.0000,0
$GPRMC,221916.66,A,3719.0388760,N,12156.9942580,W,0.0071,273.1663,101220,,,,
$GPGGA,221917.66,3719.0388760,N,12156.9942580,W,1,0,0.0,0.0000,M,0.0000,M,0.0000,0
$GPRMC,221917.66,A,3719.0388760,N,12156.9942580,W,0.0143,273.1656,101220,,,,
$GPGGA,221918.65,3719.0388760,N,12156.9942580,W,1,0,0.0,0.0000,M,0.0000,M,0.0000,0
$GPRMC,221918.65,A,3719.0388760,N,12156.9942580,W,0.0170,273.1649,101220,,,,
$GPGGA,221919.76,3719.0388760,N,12156.9942580,W,1,0,0.0,0.0000,M,0.0000,M,0.0000,0
$GPRMC,221919.76,A,3719.0388760,N,12156.9942580,W,0.0163,273.1640,101220,,,,
$GPGGA,221920.45,3719.0388760,N,12156.9942580,W,1,0,0.0,0.0000,M,0.0000,M,0.0000,0
$GPRMC,221920.45,A,3719.0388760,N,12156.9942580,W,0.0151,273.1635,101220,,,,
$GPGGA,221921.67,3719.0388760,N,12156.9942580,W,1,0,0.0,0.0000,M,0.0000,M,0.0000,0
$GPRMC,221921.67,A,3719.0388760,N,12156.9942580,W,0.0134,273.1628,101220,,,,
$GPGGA,221922.66,3719.0388760,N,12156.9942580,W,1,0,0.0,0.0000,M,0.0000,M,0.0000,0
$GPRMC,221922.66,A,3719.0388760,N,12156.9942580,W,0.0130,273.1622,101220,,,,
$GPGGA,221923.65,3719.0388760,N,12156.9942580,W,1,0,0.0,0.0000,M,0.0000,M,0.0000,0
$GPRMC,221923.65,A,3719.0388760,N,12156.9942580,W,0.0143,273.1616,101220,,,,
$GPGGA,221924.66,3719.0388760,N,12156.9942580,W,1,0,0.0,0.0000,M,0.0000,M,0.0000,0
$GPRMC,221924.66,A,3719.0388760,N,12156.9942580,W,0.0157,273.1610,101220,,,,
$GPGGA,221925.64,3719.0388760,N,12156.9942580,W,1,0,0.0,0.0000,M,0.0000,M,0.0000,0
$GPRMC,221925.64,A,3719.0388760,N,12156.9942580,W,0.0173,273.1604,101220,,,,
$GPGGA,221926.64,3719.0388760,N,12156.9942580,W,1,0,0.0,0.0000,M,0.0000,M,0.0000,0
$GPRMC,221926.64,A,3719.0388760,N,12156.9942580,W,0.0193,273.1599,101220,,,,
$GPGGA,221927.66,3719.0388760,N,12156.9942580,W,1,0,0.0,0.0000,M,0.0000,M,0.0000,0
$GPRMC,221927.66,A,3719.0388760,N,12156.9942580,W,0.0220,273.1593,101220,,,,
$GPGGA,221928.65,3719.0388760,N,12156.9942580,W,1,0,0.0,0.0000,M,0.0000,M,0.0000,0
$GPRMC,221928.65,A,3719.0388760,N,12156.9942580,W,0.0237,273.1587,101220,,,,
$GPGGA,221929.66,3719.0388760,N,12156.9942580,W,1,0,0.0,0.0000,M,0.0000,M,0.0000,0
$GPRMC,221929.66,A,3719.0388760,N,12156.9942580,W,0.0294,273.1581,101220,,,,
$GPGGA,221930.65,3719.0388760,N,12156.9942580,W,1,0,0.0,0.0000,M,0.0000,M,0.0000,0
$GPRMC,221930.65,A,3719.0388760,N,12156.9942580,W,0.0392,273.1581,101220,,,,
$GPGGA,221931.74,3719.0388760,N,12156.9942580,W,1,0,0.0,0.0000,M,0.0000,M,0.0000,0
$GPRMC,221931.74,A,3719.0388760,N,12156.9942580,W,0.0431,273.1577,101220,,,,
$GPGGA,221932.45,3719.0388760,N,12156.9942580,W,1,0,0.0,0.0000,M,0.0000,M,0.0000,0
$GPRMC,221932.45,A,3719.0388760,N,12156.9942580,W,0.0423,273.1570,101220,,,,
$GPGGA,221933.64,3719.0388760,N,12156.9942580,W,1,0,0.0,0.0000,M,0.0000,M,0.0000,0
$GPRMC,221933.64,A,3719.0388760,N,12156.9942580,W,0.0388,273.1561,101220,,,,
$GPGGA,221934.66,3719.0388760,N,12156.9942580,W,1,0,0.0,0.0000,M,0.0000,M,0.0000,0
$GPRMC,221934.66,A,3719.0388760,N,12156.9942580,W,0.0373,273.1555,101220,,,,
$GPGGA,221935.65,3719.0388760,N,12156.9942580,W,1,0,0.0,0.0000,M,0.0000,M,0.0000,0
$GPRMC,221935.65,A,3719.0388760,N,12156.9942580,W,0.0366,273.1549,101220,,,,
$GPGGA,221936.64,3719.0388760,N,12156.9942580,W,1,0,0.0,0.0000,M,0.0000,M,0.0000,0
$GPRMC,221936.64,A,3719.0388760,N,12156.9942580,W,0.0362,273.1543,101220,,,,
$GPGGA,221937.66,3719.0388760,N,12156.9942580,W,1,0,0.0,0.0000,M,0.0000,M,0.0000,0
$GPRMC,221937.66,A,3719.0388760,N,12156.9942580,W,0.0355,273.1536,101220,,,,
$GPGGA,221938.65,3719.0388760,N,12156.9942580,W,1,0,0.0,0.0000,M,0.0000,M,0.0000,0
$GPRMC,221938.65,A,3719.0388760,N,12156.9942580,W,0.0331,273.1530,101220,,,,
$GPGGA,221939.66,3719.0388760,N,12156.9942580,W,1,0,0.0,0.0000,M,0.0000,M,0.0000,0
$GPRMC,221939.66,A,3719.0388760,N,12156.9942580,W,0.0380,273.1524,101220,,,,
$GPGGA,221940.65,3719.0388760,N,12156.9942580,W,1,0,0.0,0.0000,M,0.0000,M,0.0000,0
$GPRMC,221940.65,A,3719.0388760,N,12156.9942580,W,0.0456,273.1518,101220,,,,
$GPGGA,221941.64,3719.0388760,N,12156.9942580,W,1,0,0.0,0.0000,M,0.0000,M,0.0000,0
$GPRMC,221941.64,A,3719.0388760,N,12156.9942580,W,0.0474,273.1512,101220,,,,
$GPGGA,221942.66,3719.0388760,N,12156.9942580,W,1,0,0.0,0.0000,M,0.0000,M,0.0000,0
$GPRMC,221942.66,A,3719.0388760,N,12156.9942580,W,0.0464,273.1505,101220,,,,
$GPGGA,221943.65,3719.0388760,N,12156.9942580,W,1,0,0.0,0.0000,M,0.0000,M,0.0000,0
$GPRMC,221943.65,A,3719.0388760,N,12156.9942580,W,0.0454,273.1498,101220,,,,
$GPGGA,221944.66,3719.0388760,N,12156.9942580,W,1,0,0.0,0.0000,M,0.0000,M,0.0000,0
$GPRMC,221944.66,A,3719.0388760,N,12156.9942580,W,0.0451,273.1492,101220,,,,
$GPGGA,221945.66,3719.0388760,N,12156.9942580,W,1,0,0.0,0.0000,M,0.0000,M,0.0000,0
$GPRMC,221945.66,A,3719.0388760,N,12156.9942580,W,0.0451,273.1487,101220,,,,
$GPGGA,221946.64,3719.0388760,N,12156.9942580,W,1,0,0.0,0.0000,M,0.0000,M,0.0000,0
$GPRMC,221946.64,A,3719.0388760,N,12156.9942580,W,0.0451,273.1481,101220,,,,
$GPGGA,221947.65,3719.0388760,N,12156.9942580,W,1,0,0.0,0.0000,M,0.0000,M,0.0000,0
$GPRMC,221947.65,A,3719.0388760,N,12156.9942580,W,0.0458,273.1475,101220,,,,
$GPGGA,221948.65,3719.0388760,N,12156.9942580,W,1,0,0.0,0.0000,M,0.0000,M,0.0000,0
$GPRMC,221948.65,A,3719.0388760,N,12156.9942580,W,0.0461,273.1468,101220,,,,
$GPGGA,221949.66,3719.0388760,N,12156.9942580,W,1,0,0.0,0.0000,M,0.0000,M,0.0000,0
$GPRMC,221949.66,A,3719.0388760,N,12156.9942580,W,0.0454,273.1461,101220,,,,
$GPGGA,221950.65,3719.0388760,N,12156.9942580,W,1,0,0.0,0.0000,M,0.0000,M,0.0000,0
$GPRMC,221950.65,A,3719.0388760,N,12156.9942580,W,0.0451,273.1455,101220,,,,
$GPGGA,221951.67,3719.0388760,N,12156.9942580,W,1,0,0.0,0.0000,M,0.0000,M,0.0000,0
$GPRMC,221951.67,A,3719.0388760,N,12156.9942580,W,0.0451,273.1449,101220,,,,
$GPGGA,221952.66,3719.0388760,N,12156.9942580,W,1,0,0.0,0.0000,M,0.0000,M,0.0000,0
$GPRMC,221952.66,A,3719.0388760,N,12156.9942580,W,0.0444,273.1442,101220,,,,
$GPGGA,221953.65,3719.0388760,N,12156.9942580,W,1,0,0.0,0.0000,M,0.0000,M,0.0000,0
$GPRMC,221953.65,A,3719.0388760,N,12156.9942580,W,0.0428,273.1436,101220,,,,
$GPGGA,221954.66,3719.0388760,N,12156.9942580,W,1,0,0.0,0.0000,M,0.0000,M,0.0000,0
$GPRMC,221954.66,A,3719.0388760,N,12156.9942580,W,0.0401,273.1428,101220,,,,
$GPGGA,221955.65,3719.0388760,N,12156.9942580,W,1,0,0.0,0.0000,M,0.0000,M,0.0000,0
$GPRMC,221955.65,A,3719.0388760,N,12156.9942580,W,0.0371,273.1422,101220,,,,
$GPGGA,221956.67,3719.0388760,N,12156.9942580,W,1,0,0.0,0.0000,M,0.0000,M,0.0000,0
$GPRMC,221956.67,A,3719.0388760,N,12156.9942580,W,0.0327,273.1416,101220,,,,
$GPGGA,221957.66,3719.0388760,N,12156.9942580,W,1,0,0.0,0.0000,M,0.0000,M,0.0000,0
$GPRMC,221957.66,A,3719.0388760,N,12156.9942580,W,0.0298,273.1410,101220,,,,
$GPGGA,221958.65,3719.0388760,N,12156.9942580,W,1,0,0.0,0.0000,M,0.0000,M,0.0000,0
$GPRMC,221958.65,A,3719.0388760,N,12156.9942580,W,0.0297,273.1404,101220,,,,
$GPGGA,221959.66,3719.0388760,N,12156.9942580,W,1,0,0.0,0.0000,M,0.0000,M,0.0000,0
$GPRMC,221959.66,A,3719.0388760,N,12156.9942580,W,0.0300,273.1396,101220,,,,
$GPGGA,222000.66,3719.0388760,N,12156.9942580,W,1,0,0.0,0.0000,M,0.0000,M,0.0000,0
$GPRMC,222000.66,A,3719.0388760,N,12156.9942580,W,0.0320,273.1390,101220,,,,
$GPGGA,222001.64,3719.0388760,N,12156.9942580,W,1,0,0.0,0.0000,M,0.0000,M,0.0000,0
$GPRMC,222001.64,A,3719.0388760,N,12156.9942580,W,0.0343,273.1385,101220,,,,
$GPGGA,222002.66,3719.0388760,N,12156.9942580,W,1,0,0.0,0.0000,M,0.0000,M,0.0000,0
$GPRMC,222002.66,A,3719.0388760,N,12156.9942580,W,0.0409,273.1379,101220,,,,
$GPGGA,222003.65,3719.0388760,N,12156.9942580,W,1,0,0.0,0.0000,M,0.0000,M,0.0000,0
$GPRMC,222003.65,A,3719.0388760,N,12156.9942580,W,0.0427,273.1372,101220,,,,
$GPGGA,222004.66,3719.0388760,N,12156.9942580,W,1,0,0.0,0.0000,M,0.0000,M,0.0000,0
$GPRMC,222004.66,A,3719.0388760,N,12156.9942580,W,0.0394,273.1366,101220,,,,
$GPGGA,222005.64,3719.0388760,N,12156.9942580,W,1,0,0.0,0.0000,M,0.0000,M,0.0000,0
$GPRMC,222005.64,A,3719.0388760,N,12156.9942580,W,0.0380,273.1360,101220,,,,
$GPGGA,222006.64,3719.0388760,N,12156.9942580,W,1,0,0.0,0.0000,M,0.0000,M,0.0000,0
$GPRMC,222006.64,A,3719.0388760,N,12156.9942580,W,0.0367,273.1353,101220,,,,
$GPGGA,222007.66,3719.0388760,N,12156.9942580,W,1,0,0.0,0.0000,M,0.0000,M,0.0000,0
$GPRMC,222007.66,A,3719.0388760,N,12156.9942580,W,0.0321,273.1346,101220,,,,
$GPGGA,222008.65,3719.0388760,N,12156.9942580,W,1,0,0.0,0.0000,M,0.0000,M,0.0000,0
$GPRMC,222008.65,A,3719.0388760,N,12156.9942580,W,0.0242,273.1341,101220,,,,
$GPGGA,222009.66,3719.0388760,N,12156.9942580,W,1,0,0.0,0.0000,M,0.0000,M,0.0000,0
$GPRMC,222009.66,A,3719.0388760,N,12156.9942580,W,0.0165,273.1336,101220,,,,
$GPGGA,222010.66,3719.0388760,N,12156.9942580,W,1,0,0.0,0.0000,M,0.0000,M,0.0000,0
$GPRMC,222010.66,A,3719.0388760,N,12156.9942580,W,0.0111,273.1330,101220,,,,
$GPGGA,222011.66,3719.0388760,N,12156.9942580,W,1,0,0.0,0.0000,M,0.0000,M,0.0000,0
$GPRMC,222011.66,A,3719.0388760,N,12156.9942580,W,0.0071,273.1322,101220,,,,
$GPGGA,222012.66,3719.0388760,N,12156.9942580,W,1,0,0.0,0.0000,M,0.0000,M,0.0000,0
$GPRMC,222012.66,A,3719.0388760,N,12156.9942580,W,0.0055,273.1314,101220,,,,
$GPGGA,222013.65,3719.0388760,N,12156.9942520,W,1,0,0.0,0.0000,M,0.0000,M,0.0000,0
$GPRMC,222013.65,A,3719.0388760,N,12156.9942520,W,0.0058,273.1307,101220,,,,
$GPGGA,222014.66,3719.0388700,N,12156.9942520,W,1,0,0.0,0.0000,M,0.0000,M,0.0000,0
$GPRMC,222014.66,A,3719.0388700,N,12156.9942520,W,0.0123,273.1305,101220,,,,
$GPGGA,222015.65,3719.0388640,N,12156.9944380,W,1,0,0.0,0.0000,M,0.0000,M,0.0000,0
$GPRMC,222015.65,A,3719.0388640,N,12156.9944380,W,0.7418,273.1005,101220,,,,
$GPGGA,222016.67,3719.0383480,N,12156.9954700,W,1,0,0.0,0.0000,M,0.0000,M,0.0000,0
$GPRMC,222016.67,A,3719.0383480,N,12156.9954700,W,2.5807,273.0582,101220,,,,
$GPGGA,222017.66,3719.0367340,N,12156.9975580,W,1,0,0.0,0.0000,M,0.0000,M,0.0000,0
$GPRMC,222017.66,A,3719.0367340,N,12156.9975580,W,4.5831,271.9654,101220,,,,
$GPGGA,222018.65,3719.0339980,N,12157.0006360,W,1,0,0.0,0.0000,M,0.0000,M,0.0000,0
$GPRMC,222018.65,A,3719.0339980,N,12157.0006360,W,6.8286,269.5457,101220,,,,
$GPGGA,222019.66,3719.0367100,N,12157.0067800,W,1,0,0.0,0.0000,M,0.0000,M,0.0000,0
$GPRMC,222019.66,A,3719.0367100,N,12157.0067800,W,9.2503,267.6234,101220,,,,
$GPGGA,222020.66,3719.0384260,N,12157.0142980,W,1,0,0.0,0.0000,M,0.0000,M,0.0000,0
$GPRMC,222020.66,A,3719.0384260,N,12157.0142980,W,11.4906,266.1522,101220,,,,
$GPGGA,222021.64,3719.0378740,N,12157.0226380,W,1,0,0.0,0.0000,M,0.0000,M,0.0000,0
$GPRMC,222021.64,A,3719.0378740,N,12157.0226380,W,13.5380,265.0376,101220,,,,
$GPGGA,222022.66,3719.0371180,N,12157.0325380,W,1,0,0.0,0.0000,M,0.0000,M,0.0000,0
$GPRMC,222022.66,A,3719.0371180,N,12157.0325380,W,15.4748,264.4073,101220,,,,
$GPGGA,222023.65,3719.0362540,N,12157.0435420,W,1,0,0.0,0.0000,M,0.0000,M,0.0000,0
$GPRMC,222023.65,A,3719.0362540,N,12157.0435420,W,17.2356,264.4630,101220,,,,
$GPGGA,222024.66,3719.0353720,N,12157.0558000,W,1,0,0.0,0.0000,M,0.0000,M,0.0000,0
$GPRMC,222024.66,A,3719.0353720,N,12157.0558000,W,18.7710,264.6630,101220,,,,
$GPGGA,222025.66,3719.0343760,N,12157.0688200,W,1,0,0.0,0.0000,M,0.0000,M,0.0000,0
$GPRMC,222025.66,A,3719.0343760,N,12157.0688200,W,20.2063,264.7113,101220,,,,
$GPGGA,222026.66,3719.0332600,N,12157.0830460,W,1,0,0.0,0.0000,M,0.0000,M,0.0000,0
$GPRMC,222026.66,A,3719.0332600,N,12157.0830460,W,21.6925,264.4048,101220,,,,
$GPGGA,222027.66,3719.0320120,N,12157.0980040,W,1,0,0.0,0.0000,M,0.0000,M,0.0000,0
$GPRMC,222027.66,A,3719.0320120,N,12157.0980040,W,22.9801,263.8115,101220,,,,
$GPGGA,222028.65,3719.0305300,N,12157.1137360,W,1,0,0.0,0.0000,M,0.0000,M,0.0000,0
$GPRMC,222028.65,A,3719.0305300,N,12157.1137360,W,24.1779,262.9746,101220,,,,
$GPGGA,222029.66,3719.0287900,N,12157.1304580,W,1,0,0.0,0.0000,M,0.0000,M,0.0000,0
$GPRMC,222029.66,A,3719.0287900,N,12157.1304580,W,24.9026,262.3486,101220,,,,
$GPGGA,222030.65,3719.0269540,N,12157.1471020,W,1,0,0.0,0.0000,M,0.0000,M,0.0000,0
$GPRMC,222030.65,A,3719.0269540,N,12157.1471020,W,25.1745,261.9545,101220,,,,
$GPGGA,222031.75,3719.0247580,N,12157.1656240,W,1,0,0.0,0.0000,M,0.0000,M,0.0000,0
$GPRMC,222031.75,A,3719.0247580,N,12157.1656240,W,25.3781,261.0499,101220,,,,
$GPGGA,222032.56,3719.0229520,N,12157.1794240,W,1,0,0.0,0.0000,M,0.0000,M,0.0000,0
$GPRMC,222032.56,A,3719.0229520,N,12157.1794240,W,25.5664,260.4090,101220,,,,
$GPGGA,222033.45,3719.0208460,N,12157.1946820,W,1,0,0.0,0.0000,M,0.0000,M,0.0000,0
$GPRMC,222033.45,A,3719.0208460,N,12157.1946820,W,25.8637,260.0647,101220,,,,
$GPGGA,222034.66,3719.0178880,N,12157.2158260,W,1,0,0.0,0.0000,M,0.0000,M,0.0000,0
$GPRMC,222034.66,A,3719.0178880,N,12157.2158260,W,26.3601,260.1927,101220,,,,
$GPGGA,222035.65,3719.0155600,N,12157.2333520,W,1,0,0.0,0.0000,M,0.0000,M,0.0000,0
$GPRMC,222035.65,A,3719.0155600,N,12157.2333520,W,26.6137,260.9036,101220,,,,
$GPGGA,222036.66,3719.0133220,N,12157.2513760,W,1,0,0.0,0.0000,M,0.0000,M,0.0000,0
$GPRMC,222036.66,A,3719.0133220,N,12157.2513760,W,26.6843,261.4307,101220,,,,
$GPGGA,222037.66,3719.0112340,N,12157.2691300,W,1,0,0.0,0.0000,M,0.0000,M,0.0000,0
$GPRMC,222037.66,A,3719.0112340,N,12157.2691300,W,26.7025,261.7042,101220,,,,
$GPGGA,222038.65,3719.0092120,N,12157.2868660,W,1,0,0.0,0.0000,M,0.0000,M,0.0000,0
$GPRMC,222038.65,A,3719.0092120,N,12157.2868660,W,26.7372,261.8778,101220,,,,
$GPGGA,222039.66,3719.0071900,N,12157.3050160,W,1,0,0.0,0.0000,M,0.0000,M,0.0000,0
$GPRMC,222039.66,A,3719.0071900,N,12157.3050160,W,26.7154,262.3167,101220,,,,
$GPGGA,222040.65,3719.0053660,N,12157.3228240,W,1,0,0.0,0.0000,M,0.0000,M,0.0000,0
$GPRMC,222040.65,A,3719.0053660,N,12157.3228240,W,26.6834,263.1299,101220,,,,
$GPGGA,222041.65,3719.0037700,N,12157.3406560,W,1,0,0.0,0.0000,M,0.0000,M,0.0000,0
$GPRMC,222041.65,A,3719.0037700,N,12157.3406560,W,26.7708,264.0721,101220,,,,
$GPGGA,222042.66,3719.0023420,N,12157.3589920,W,1,0,0.0,0.0000,M,0.0000,M,0.0000,0
$GPRMC,222042.66,A,3719.0023420,N,12157.3589920,W,26.9998,264.5854,101220,,,,
$GPGGA,222043.65,3719.0010160,N,12157.3771300,W,1,0,0.0,0.0000,M,0.0000,M,0.0000,0
$GPRMC,222043.65,A,3719.0010160,N,12157.3771300,W,27.2624,264.8947,101220,,,,
$GPGGA,222044.66,3718.9997440,N,12157.3957360,W,1,0,0.0,0.0000,M,0.0000,M,0.0000,0
$GPRMC,222044.66,A,3718.9997440,N,12157.3957360,W,27.2406,265.2599,101220,,,,
$GPGGA,222045.65,3718.9986160,N,12157.4139160,W,1,0,0.0,0.0000,M,0.0000,M,0.0000,0
$GPRMC,222045.65,A,3718.9986160,N,12157.4139160,W,27.1493,265.7842,101220,,,,
$GPGGA,222046.66,3718.9976260,N,12157.4324680,W,1,0,0.0,0.0000,M,0.0000,M,0.0000,0
$GPRMC,222046.66,A,3718.9976260,N,12157.4324680,W,27.1490,266.4999,101220,,,,
$GPGGA,222047.66,3718.9968460,N,12157.4507260,W,1,0,0.0,0.0000,M,0.0000,M,0.0000,0
$GPRMC,222047.66,A,3718.9968460,N,12157.4507260,W,27.1787,267.3761,101220,,,,
$GPGGA,222048.75,3718.9962580,N,12157.4708380,W,1,0,0.0,0.0000,M,0.0000,M,0.0000,0
$GPRMC,222048.75,A,3718.9962580,N,12157.4708380,W,27.2364,268.3581,101220,,,,
$GPGGA,222049.46,3718.9960120,N,12157.4839240,W,1,0,0.0,0.0000,M,0.0000,M,0.0000,0
$GPRMC,222049.46,A,3718.9960120,N,12157.4839240,W,27.2814,268.8238,101220,,,,
$GPGGA,222050.65,3718.9957600,N,12157.5059200,W,1,0,0.0,0.0000,M,0.0000,M,0.0000,0
$GPRMC,222050.65,A,3718.9957600,N,12157.5059200,W,27.3440,269.3940,101220,,,,
$GPGGA,222051.66,3718.9957060,N,12157.5246460,W,1,0,0.0,0.0000,M,0.0000,M,0.0000,0
$GPRMC,222051.66,A,3718.9957060,N,12157.5246460,W,27.4008,269.9678,101220,,,,
$GPGGA,222052.66,3718.9958440,N,12157.5430660,W,1,0,0.0,0.0000,M,0.0000,M,0.0000,0
$GPRMC,222052.66,A,3718.9958440,N,12157.5430660,W,27.4756,270.7574,101220,,,,
$GPGGA,222053.75,3718.9961920,N,12157.5634420,W,1,0,0.0,0.0000,M,0.0000,M,0.0000,0
$GPRMC,222053.75,A,3718.9961920,N,12157.5634420,W,27.5641,271.2620,101220,,,,
$GPGGA,222054.46,3718.9964500,N,12157.5766180,W,1,0,0.0,0.0000,M,0.0000,M,0.0000,0
$GPRMC,222054.46,A,3718.9964500,N,12157.5766180,W,27.6095,271.2729,101220,,,,
$GPGGA,222055.66,3718.9968160,N,12157.5990280,W,1,0,0.0,0.0000,M,0.0000,M,0.0000,0
$GPRMC,222055.66,A,3718.9968160,N,12157.5990280,W,27.6990,271.1785,101220,,,,
$GPGGA,222056.77,3718.9970920,N,12157.6199740,W,1,0,0.0,0.0000,M,0.0000,M,0.0000,0
$GPRMC,222056.77,A,3718.9970920,N,12157.6199740,W,27.7907,271.0460,101220,,,,
$GPGGA,222057.45,3718.9972780,N,12157.6329040,W,1,0,0.0,0.0000,M,0.0000,M,0.0000,0
$GPRMC,222057.45,A,3718.9972780,N,12157.6329040,W,27.8419,271.0381,101220,,,,
$GPGGA,222058.65,3718.9976260,N,12157.6554220,W,1,0,0.0,0.0000,M,0.0000,M,0.0000,0
$GPRMC,222058.65,A,3718.9976260,N,12157.6554220,W,27.9233,271.1108,101220,,,,
$GPGGA,222059.66,3718.9979140,N,12157.6745980,W,1,0,0.0,0.0000,M,0.0000,M,0.0000,0
$GPRMC,222059.66,A,3718.9979140,N,12157.6745980,W,27.9467,271.0560,101220,,,,
$GPGGA,222100.76,3718.9982440,N,12157.6952740,W,1,0,0.0,0.0000,M,0.0000,M,0.0000,0
$GPRMC,222100.76,A,3718.9982440,N,12157.6952740,W,27.9247,271.1214,101220,,,,
$GPGGA,222101.45,3718.9984480,N,12157.7083120,W,1,0,0.0,0.0000,M,0.0000,M,0.0000,0
$GPRMC,222101.45,A,3718.9984480,N,12157.7083120,W,27.9618,271.1367,101220,,,,
$GPGGA,222102.66,3718.9988080,N,12157.7313220,W,1,0,0.0,0.0000,M,0.0000,M,0.0000,0
$GPRMC,222102.66,A,3718.9988080,N,12157.7313220,W,28.0471,271.1082,101220,,,,
$GPGGA,222103.65,3718.9991020,N,12157.7500600,W,1,0,0.0,0.0000,M,0.0000,M,0.0000,0
$GPRMC,222103.65,A,3718.9991020,N,12157.7500600,W,27.9907,271.1151,101220,,,,
$GPGGA,222104.66,3718.9993960,N,12157.7691340,W,1,0,0.0,0.0000,M,0.0000,M,0.0000,0
$GPRMC,222104.66,A,3718.9993960,N,12157.7691340,W,27.6542,271.1154,101220,,,,
$GPGGA,222105.65,3718.9996480,N,12157.7875720,W,1,0,0.0,0.0000,M,0.0000,M,0.0000,0
$GPRMC,222105.65,A,3718.9996480,N,12157.7875720,W,27.1905,270.8655,101220,,,,
$GPGGA,222106.67,3718.9998220,N,12157.8060280,W,1,0,0.0,0.0000,M,0.0000,M,0.0000,0
$GPRMC,222106.67,A,3718.9998220,N,12157.8060280,W,26.6940,270.5044,101220,,,,
$GPGGA,222107.66,3718.9998940,N,12157.8237820,W,1,0,0.0,0.0000,M,0.0000,M,0.0000,0
$GPRMC,222107.66,A,3718.9998940,N,12157.8237820,W,26.2554,270.0402,101220,,,,
$GPGGA,222108.64,3718.9998220,N,12157.8411760,W,1,0,0.0,0.0000,M,0.0000,M,0.0000,0
$GPRMC,222108.64,A,3718.9998220,N,12157.8411760,W,25.8777,269.3769,101220,,,,
$GPGGA,222109.66,3718.9995640,N,12157.8589180,W,1,0,0.0,0.0000,M,0.0000,M,0.0000,0
$GPRMC,222109.66,A,3718.9995640,N,12157.8589180,W,25.5901,268.6271,101220,,,,
$GPGGA,222110.66,3718.9991560,N,12157.8760660,W,1,0,0.0,0.0000,M,0.0000,M,0.0000,0
$GPRMC,222110.66,A,3718.9991560,N,12157.8760660,W,25.4667,268.0326,101220,,,,
$GPGGA,222111.66,3718.9986280,N,12157.8934480,W,1,0,0.0,0.0000,M,0.0000,M,0.0000,0
$GPRMC,222111.66,A,3718.9986280,N,12157.8934480,W,25.5181,267.6614,101220,,,,
$GPGGA,222112.66,3718.9980580,N,12157.9106380,W,1,0,0.0,0.0000,M,0.0000,M,0.0000,0
$GPRMC,222112.66,A,3718.9980580,N,12157.9106380,W,25.7875,267.6560,101220,,,,
$GPGGA,222113.64,3718.9975120,N,12157.9279720,W,1,0,0.0,0.0000,M,0.0000,M,0.0000,0
$GPRMC,222113.64,A,3718.9975120,N,12157.9279720,W,26.1825,267.7817,101220,,,,
$GPGGA,222114.65,3718.9969480,N,12157.9460080,W,1,0,0.0,0.0000,M,0.0000,M,0.0000,0
$GPRMC,222114.65,A,3718.9969480,N,12157.9460080,W,26.5462,267.6484,101220,,,,
$GPGGA,222115.65,3718.9963600,N,12157.9639780,W,1,0,0.0,0.0000,M,0.0000,M,0.0000,0
$GPRMC,222115.65,A,3718.9963600,N,12157.9639780,W,26.6254,267.5852,101220,,,,
$GPGGA,222116.66,3718.9957600,N,12157.9821760,W,1,0,0.0,0.0000,M,0.0000,M,0.0000,0
$GPRMC,222116.66,A,3718.9957600,N,12157.9821760,W,26.5384,267.6188,101220,,,,
$GPGGA,222117.66,3718.9951720,N,12158.0000260,W,1,0,0.0,0.0000,M,0.0000,M,0.0000,0
$GPRMC,222117.66,A,3718.9951720,N,12158.0000260,W,26.5782,267.5984,101220,,,,
$GPGGA,222118.65,3718.9945600,N,12158.0178700,W,1,0,0.0,0.0000,M,0.0000,M,0.0000,0
$GPRMC,222118.65,A,3718.9945600,N,12158.0178700,W,26.8245,267.4340,101220,,,,
$GPGGA,222119.66,3718.9939000,N,12158.0363200,W,1,0,0.0,0.0000,M,0.0000,M,0.0000,0
$GPRMC,222119.66,A,3718.9939000,N,12158.0363200,W,27.0660,267.2664,101220,,,,
$GPGGA,222120.65,3718.9932400,N,12158.0545420,W,1,0,0.0,0.0000,M,0.0000,M,0.0000,0
$GPRMC,222120.65,A,3718.9932400,N,12158.0545420,W,27.0275,267.3923,101220,,,,
$GPGGA,222121.65,3718.9926460,N,12158.0726080,W,1,0,0.0,0.0000,M,0.0000,M,0.0000,0
$GPRMC,222121.65,A,3718.9926460,N,12158.0726080,W,26.8018,267.5266,101220,,,,
$GPGGA,222122.66,3718.9921060,N,12158.0908060,W,1,0,0.0,0.0000,M,0.0000,M,0.0000,0
$GPRMC,222122.66,A,3718.9921060,N,12158.0908060,W,26.4909,267.9308,101220,,,,
$GPGGA,222123.65,3718.9918060,N,12158.1084220,W,1,0,0.0,0.0000,M,0.0000,M,0.0000,0
$GPRMC,222123.65,A,3718.9918060,N,12158.1084220,W,26.1406,269.4414,101220,,,,
$GPGGA,222124.76,3718.9919980,N,12158.1280600,W,1,0,0.0,0.0000,M,0.0000,M,0.0000,0
$GPRMC,222124.76,A,3718.9919980,N,12158.1280600,W,25.7298,271.8331,101220,,,,
$GPGGA,222125.45,3718.9924000,N,12158.1398920,W,1,0,0.0,0.0000,M,0.0000,M,0.0000,0
$GPRMC,222125.45,A,3718.9924000,N,12158.1398920,W,25.5186,272.8307,101220,,,,
$GPGGA,222126.64,3718.9933540,N,12158.1602620,W,1,0,0.0,0.0000,M,0.0000,M,0.0000,0
$GPRMC,222126.64,A,3718.9933540,N,12158.1602620,W,25.1948,273.3961,101220,,,,
$GPGGA,222127.66,3718.9941640,N,12158.1776200,W,1,0,0.0,0.0000,M,0.0000,M,0.0000,0
$GPRMC,222127.66,A,3718.9941640,N,12158.1776200,W,24.9720,272.8259,101220,,,,
$GPGGA,222128.65,3718.9947820,N,12158.1942280,W,1,0,0.0,0.0000,M,0.0000,M,0.0000,0
$GPRMC,222128.65,A,3718.9947820,N,12158.1942280,W,24.7191,272.2416,101220,,,,
$GPGGA,222129.66,3718.9952920,N,12158.2110520,W,1,0,0.0,0.0000,M,0.0000,M,0.0000,0
$GPRMC,222129.66,A,3718.9952920,N,12158.2110520,W,24.3988,271.7342,101220,,,,
$GPGGA,222130.65,3718.9957300,N,12158.2272100,W,1,0,0.0,0.0000,M,0.0000,M,0.0000,0
$GPRMC,222130.65,A,3718.9957300,N,12158.2272100,W,24.0852,271.7025,101220,,,,
$GPGGA,222131.64,3718.9962460,N,12158.2432240,W,1,0,0.0,0.0000,M,0.0000,M,0.0000,0
$GPRMC,222131.64,A,3718.9962460,N,12158.2432240,W,23.7760,272.4069,101220,,,,
$GPGGA,222132.66,3718.9970620,N,12158.2595260,W,1,0,0.0,0.0000,M,0.0000,M,0.0000,0
$GPRMC,222132.66,A,3718.9970620,N,12158.2595260,W,23.4503,274.2364,101220,,,,
$GPGGA,222133.65,3718.9982920,N,12158.2750720,W,1,0,0.0,0.0000,M,0.0000,M,0.0000,0
$GPRMC,222133.65,A,3718.9982920,N,12158.2750720,W,23.1872,276.3001,101220,,,,
$GPGGA,222134.66,3718.9999600,N,12158.2907560,W,1,0,0.0,0.0000,M,0.0000,M,0.0000,0
$GPRMC,222134.66,A,3718.9999600,N,12158.2907560,W,22.9354,277.9838,101220,,,,
$GPGGA,222135.64,3719.0018920,N,12158.3057320,W,1,0,0.0,0.0000,M,0.0000,M,0.0000,0
$GPRMC,222135.64,A,3719.0018920,N,12158.3057320,W,22.7149,279.6458,101220,,,,
$GPGGA,222136.63,3719.0042560,N,12158.3206060,W,1,0,0.0,0.0000,M,0.0000,M,0.0000,0
$GPRMC,222136.63,A,3719.0042560,N,12158.3206060,W,22.5189,282.1996,101220,,,,
$GPGGA,222137.66,3719.0073280,N,12158.3356480,W,1,0,0.0,0.0000,M,0.0000,M,0.0000,0
$GPRMC,222137.66,A,3719.0073280,N,12158.3356480,W,22.3697,285.6907,101220,,,,
$GPGGA,222138.65,3719.0110540,N,12158.3498740,W,1,0,0.0,0.0000,M,0.0000,M,0.0000,0
$GPRMC,222138.65,A,3719.0110540,N,12158.3498740,W,22.2618,289.5326,101220,,,,
$GPGGA,222139.66,3719.0155180,N,12158.3639680,W,1,0,0.0,0.0000,M,0.0000,M,0.0000,0
$GPRMC,222139.66,A,3719.0155180,N,12158.3639680,W,22.0783,292.8340,101220,,,,
$GPGGA,222140.65,3719.0204080,N,12158.3773000,W,1,0,0.0,0.0000,M,0.0000,M,0.0000,0
$GPRMC,222140.65,A,3719.0204080,N,12158.3773000,W,21.8065,295.5295,101220,,,,
$GPGGA,222141.64,3719.0257900,N,12158.3902660,W,1,0,0.0,0.0000,M,0.0000,M,0.0000,0
$GPRMC,222141.64,A,3719.0257900,N,12158.3902660,W,21.3785,296.7292,101220,,,,
$GPGGA,222142.66,3719.0327860,N,12158.4024760,W,1,0,0.0,0.0000,M,0.0000,M,0.0000,0
$GPRMC,222142.66,A,3719.0327860,N,12158.4024760,W,20.7941,296.7340,101220,,,,
$GPGGA,222143.65,3719.0411080,N,12158.4129280,W,1,0,0.0,0.0000,M,0.0000,M,0.0000,0
$GPRMC,222143.65,A,3719.0411080,N,12158.4129280,W,19.4751,296.3902,101220,,,,
$GPGGA,222144.66,3719.0534440,N,12158.4209320,W,1,0,0.0,0.0000,M,0.0000,M,0.0000,0
$GPRMC,222144.66,A,3719.0534440,N,12158.4209320,W,16.8925,295.8708,101220,,,,
$GPGGA,222145.65,3719.0497240,N,12158.4331900,W,1,0,0.0,0.0000,M,0.0000,M,0.0000,0
$GPRMC,222145.65,A,3719.0497240,N,12158.4331900,W,13.4835,296.4674,101220,,,,
$GPGGA,222146.67,3719.0471260,N,12158.4427120,W,1,0,0.0,0.0000,M,0.0000,M,0.0000,0
$GPRMC,222146.67,A,3719.0471260,N,12158.4427120,W,10.3543,298.6497,101220,,,,
$GPGGA,222147.66,3719.0498260,N,12158.4479380,W,1,0,0.0,0.0000,M,0.0000,M,0.0000,0
$GPRMC,222147.66,A,3719.0498260,N,12158.4479380,W,8.4208,304.8073,101220,,,,
$GPGGA,222148.65,3719.0527660,N,12158.4518320,W,1,0,0.0,0.0000,M,0.0000,M,0.0000,0
$GPRMC,222148.65,A,3719.0527660,N,12158.4518320,W,7.7147,316.2623,101220,,,,
$GPGGA,222149.66,3719.0562400,N,12158.4546340,W,1,0,0.0,0.0000,M,0.0000,M,0.0000,0
$GPRMC,222149.66,A,3719.0562400,N,12158.4546340,W,7.5207,330.2069,101220,,,,
$GPGGA,222150.65,3719.0600620,N,12158.4561160,W,1,0,0.0,0.0000,M,0.0000,M,0.0000,0
$GPRMC,222150.65,A,3719.0600620,N,12158.4561160,W,7.5255,345.7819,101220,,,,
$GPGGA,222151.65,3719.0640700,N,12158.4563980,W,1,0,0.0,0.0000,M,0.0000,M,0.0000,0
$GPRMC,222151.65,A,3719.0640700,N,12158.4563980,W,7.5528,358.3752,101220,,,,
$GPGGA,222152.66,3719.0681680,N,12158.4561220,W,1,0,0.0,0.0000,M,0.0000,M,0.0000,0
$GPRMC,222152.66,A,3719.0681680,N,12158.4561220,W,7.4523,2.9441,101220,,,,
$GPGGA,222153.65,3719.0722360,N,12158.4557560,W,1,0,0.0,0.0000,M,0.0000,M,0.0000,0
$GPRMC,222153.65,A,3719.0722360,N,12158.4557560,W,7.7227,3.8951,101220,,,,
$GPGGA,222154.66,3719.0764720,N,12158.4552820,W,1,0,0.0,0.0000,M,0.0000,M,0.0000,0
$GPRMC,222154.66,A,3719.0764720,N,12158.4552820,W,7.9225,5.6461,101220,,,,
$GPGGA,222155.65,3719.0806000,N,12158.4543040,W,1,0,0.0,0.0000,M,0.0000,M,0.0000,0
$GPRMC,222155.65,A,3719.0806000,N,12158.4543040,W,7.7599,12.1523,101220,,,,
$GPGGA,222156.65,3719.0843260,N,12158.4526660,W,1,0,0.0,0.0000,M,0.0000,M,0.0000,0
$GPRMC,222156.65,A,3719.0843260,N,12158.4526660,W,6.6510,21.3464,101220,,,,
$GPGGA,222157.66,3719.0870620,N,12158.4507640,W,1,0,0.0,0.0000,M,0.0000,M,0.0000,0
$GPRMC,222157.66,A,3719.0870620,N,12158.4507640,W,4.6375,29.2793,101220,,,,
$GPGGA,222158.65,3719.0887000,N,12158.4493360,W,1,0,0.0,0.0000,M,0.0000,M,0.0000,0
$GPRMC,222158.65,A,3719.0887000,N,12158.4493360,W,2.9175,32.8040,101220,,,,
$GPGGA,222159.66,3719.0896540,N,12158.4484660,W,1,0,0.0,0.0000,M,0.0000,M,0.0000,0
$GPRMC,222159.66,A,3719.0896540,N,12158.4484660,W,1.5258,33.4566,101220,,,,
$GPGGA,222200.65,3719.0900140,N,12158.4481360,W,1,0,0.0,0.0000,M,0.0000,M,0.0000,0
$GPRMC,222200.65,A,3719.0900140,N,12158.4481360,W,0.3890,33.4787,101220,,,,
$GPGGA,222201.65,3719.0900740,N,12158.4480940,W,1,0,0.0,0.0000,M,0.0000,M,0.0000,0
$GPRMC,222201.65,A,3719.0900740,N,12158.4480940,W,0.0230,33.4861,101220,,,,
$GPGGA,222202.66,3719.0900860,N,12158.4481120,W,1,0,0.0,0.0000,M,0.0000,M,0.0000,0
$GPRMC,222202.66,A,3719.0900860,N,12158.4481120,W,0.0199,33.4914,101220,,,,
$GPGGA,222203.65,3719.0901100,N,12158.4481240,W,1,0,0.0,0.0000,M,0.0000,M,0.0000,0
$GPRMC,222203.65,A,3719.0901100,N,12158.4481240,W,0.0175,33.4930,101220,,,,
$GPGGA,222204.66,3719.0901400,N,12158.4481360,W,1,0,0.0,0.0000,M,0.0000,M,0.0000,0
$GPRMC,222204.66,A,3719.0901400,N,12158.4481360,W,0.0157,33.4923,101220,,,,
$GPGGA,222205.65,3719.0901580,N,12158.4481360,W,1,0,0.0,0.0000,M,0.0000,M,0.0000,0
$GPRMC,222205.65,A,3719.0901580,N,12158.4481360,W,0.0135,33.4911,101220,,,,
$GPGGA,222206.67,3719.0901760,N,12158.4481360,W,1,0,0.0,0.0000,M,0.0000,M,0.0000,0
$GPRMC,222206.67,A,3719.0901760,N,12158.4481360,W,0.0108,33.4899,101220,,,,
$GPGGA,222207.66,3719.0901880,N,12158.4481360,W,1,0,0.0,0.0000,M,0.0000,M,0.0000,0
$GPRMC,222207.66,A,3719.0901880,N,12158.4481360,W,0.0087,33.4889,101220,,,,
$GPGGA,222208.65,3719.0902000,N,12158.4481360,W,1,0,0.0,0.0000,M,0.0000,M,0.0000,0
$GPRMC,222208.65,A,3719.0902000,N,12158.4481360,W,0.0063,33.4878,101220,,,,
$GPGGA,222209.66,3719.0902120,N,12158.4481360,W,1,0,0.0,0.0000,M,0.0000,M,0.0000,0
$GPRMC,222209.66,A,3719.0902120,N,12158.4481360,W,0.0052,33.4865,101220,,,,
$GPGGA,222210.66,3719.0902120,N,12158.4481360,W,1,0,0.0,0.0000,M,0.0000,M,0.0000,0
$GPRMC,222210.66,A,3719.0902120,N,12158.4481360,W,0.0060,33.4851,101220,,,,
$GPGGA,222211.64,3719.0902120,N,12158.4481360,W,1,0,0.0,0.0000,M,0.0000,M,0.0000,0
$GPRMC,222211.64,A,3719.0902120,N,12158.4481360,W,0.0069,33.4838,101220,,,,
$GPGGA,222212.65,3719.0902120,N,12158.4481360,W,1,0,0.0,0.0000,M,0.0000,M,0.0000,0
$GPRMC,222212.65,A,3719.0902120,N,12158.4481360,W,0.0078,33.4826,101220,,,,
$GPGGA,222213.65,3719.0902120,N,12158.4481300,W,1,0,0.0,0.0000,M,0.0000,M,0.0000,0
$GPRMC,222213.65,A,3719.0902120,N,12158.4481300,W,0.0092,33.4814,101220,,,,
$GPGGA,222214.66,3719.0902120,N,12158.4481300,W,1,0,0.0,0.0000,M,0.0000,M,0.0000,0
$GPRMC,222214.66,A,3719.0902120,N,12158.4481300,W,0.0102,33.4803,101220,,,,
$GPGGA,222215.65,3719.0902060,N,12158.4481300,W,1,0,0.0,0.0000,M,0.0000,M,0.0000,0
$GPRMC,222215.65,A,3719.0902060,N,12158.4481300,W,0.0113,33.4792,101220,,,,
$GPGGA,222216.66,3719.0902060,N,12158.4481300,W,1,0,0.0,0.0000,M,0.0000,M,0.0000,0
$GPRMC,222216.66,A,3719.0902060,N,12158.4481300,W,0.0117,33.4780,101220,,,,
$GPGGA,222217.66,3719.0902000,N,12158.4481300,W,1,0,0.0,0.0000,M,0.0000,M,0.0000,0
$GPRMC,222217.66,A,3719.0902000,N,12158.4481300,W,0.0123,33.4768,101220,,,,
$GPGGA,222218.65,3719.0901940,N,12158.4481300,W,1,0,0.0,0.0000,M,0.0000,M,0.0000,0
$GPRMC,222218.65,A,3719.0901940,N,12158.4481300,W,0.0120,33.4753,101220,,,,
$GPGGA,222219.66,3719.0901880,N,12158.4481240,W,1,0,0.0,0.0000,M,0.0000,M,0.0000,0
$GPRMC,222219.66,A,3719.0901880,N,12158.4481240,W,0.0107,33.4745,101220,,,,
$GPGGA,222220.65,3719.0901880,N,12158.4481240,W,1,0,0.0,0.0000,M,0.0000,M,0.0000,0
$GPRMC,222220.65,A,3719.0901880,N,12158.4481240,W,0.0104,33.4733,101220,,,,
$GPGGA,222221.67,3719.0901820,N,12158.4481180,W,1,0,0.0,0.0000,M,0.0000,M,0.0000,0
$GPRMC,222221.67,A,3719.0901820,N,12158.4481180,W,0.0098,33.4717,101220,,,,
$GPGGA,222222.66,3719.0901820,N,12158.4481180,W,1,0,0.0,0.0000,M,0.0000,M,0.0000,0
$GPRMC,222222.66,A,3719.0901820,N,12158.4481180,W,0.0089,33.4703,101220,,,,
$GPGGA,222223.65,3719.0901760,N,12158.4481180,W,1,0,0.0,0.0000,M,0.0000,M,0.0000,0
$GPRMC,222223.65,A,3719.0901760,N,12158.4481180,W,0.0079,33.4689,101220,,,,
$GPGGA,222224.66,3719.0901760,N,12158.4481120,W,1,0,0.0,0.0000,M,0.0000,M,0.0000,0
$GPRMC,222224.66,A,3719.0901760,N,12158.4481120,W,0.0061,33.4677,101220,,,,
$GPGGA,222225.65,3719.0901760,N,12158.4481120,W,1,0,0.0,0.0000,M,0.0000,M,0.0000,0
$GPRMC,222225.65,A,3719.0901760,N,12158.4481120,W,0.0054,33.4665,101220,,,,
$GPGGA,222226.64,3719.0901760,N,12158.4481060,W,1,0,0.0,0.0000,M,0.0000,M,0.0000,0
$GPRMC,222226.64,A,3719.0901760,N,12158.4481060,W,0.0042,33.4653,101220,,,,
$GPGGA,222227.66,3719.0901760,N,12158.4481060,W,1,0,0.0,0.0000,M,0.0000,M,0.0000,0
$GPRMC,222227.66,A,3719.0901760,N,12158.4481060,W,0.0031,33.4640,101220,,,,
$GPGGA,222228.65,3719.0901760,N,12158.4481060,W,1,0,0.0,0.0000,M,0.0000,M,0.0000,0
$GPRMC,222228.65,A,3719.0901760,N,12158.4481060,W,0.0028,33.4625,101220,,,,
$GPGGA,222229.66,3719.0901760,N,12158.4481000,W,1,0,0.0,0.0000,M,0.0000,M,0.0000,0
$GPRMC,222229.66,A,3719.0901760,N,12158.4481000,W,0.0024,33.4610,101220,,,,
$GPGGA,222230.65,3719.0901760,N,12158.4481000,W,1,0,0.0,0.0000,M,0.0000,M,0.0000,0
$GPRMC,222230.65,A,3719.0901760,N,12158.4481000,W,0.0021,33.4597,101220,,,,
$GPGGA,222231.66,3719.0901760,N,12158.4481000,W,1,0,0.0,0.0000,M,0.0000,M,0.0000,0
$GPRMC,222231.66,A,3719.0901760,N,12158.4481000,W,0.0083,33.4591,101220,,,,
$GPGGA,222232.66,3719.0901820,N,12158.4480940,W,1,0,0.0,0.0000,M,0.0000,M,0.0000,0
$GPRMC,222232.66,A,3719.0901820,N,12158.4480940,W,0.0066,33.4614,101220,,,,
$GPGGA,222233.65,3719.0901820,N,12158.4480940,W,1,0,0.0,0.0000,M,0.0000,M,0.0000,0
$GPRMC,222233.65,A,3719.0901820,N,12158.4480940,W,0.0034,33.4616,101220,,,,
$GPGGA,222234.66,3719.0901820,N,12158.4480940,W,1,0,0.0,0.0000,M,0.0000,M,0.0000,0
$GPRMC,222234.66,A,3719.0901820,N,12158.4480940,W,0.0040,33.4598,101220,,,,
$GPGGA,222235.65,3719.0901820,N,12158.4480940,W,1,0,0.0,0.0000,M,0.0000,M,0.0000,0
$GPRMC,222235.65,A,3719.0901820,N,12158.4480940,W,0.0049,33.4585,101220,,,,
$GPGGA,222236.67,3719.0901820,N,12158.4480940,W,1,0,0.0,0.0000,M,0.0000,M,0.0000,0
$GPRMC,222236.67,A,3719.0901820,N,12158.4480940,W,0.0064,33.4573,101220,,,,
$GPGGA,222237.66,3719.0901760,N,12158.4480940,W,1,0,0.0,0.0000,M,0.0000,M,0.0000,0
$GPRMC,222237.66,A,3719.0901760,N,12158.4480940,W,0.0068,33.4558,101220,,,,
$GPGGA,222238.65,3719.0901700,N,12158.4480940,W,1,0,0.0,0.0000,M,0.0000,M,0.0000,0
$GPRMC,222238.65,A,3719.0901700,N,12158.4480940,W,0.0085,33.4542,101220,,,,
$GPGGA,222239.66,3719.0902000,N,12158.4480700,W,1,0,0.0,0.0000,M,0.0000,M,0.0000,0
$GPRMC,222239.66,A,3719.0902000,N,12158.4480700,W,0.3143,33.4537,101220,,,,
$GPGGA,222240.66,3719.0905120,N,12158.4477940,W,1,0,0.0,0.0000,M,0.0000,M,0.0000,0
$GPRMC,222240.66,A,3719.0905120,N,12158.4477940,W,1.2078,33.7910,101220,,,,
$GPGGA,222241.67,3719.0913460,N,12158.4470620,W,1,0,0.0,0.0000,M,0.0000,M,0.0000,0
$GPRMC,222241.67,A,3719.0913460,N,12158.4470620,W,2.5462,34.5018,101220,,,,
$GPGGA,222242.66,3719.0927620,N,12158.4458020,W,1,0,0.0,0.0000,M,0.0000,M,0.0000,0
$GPRMC,222242.66,A,3719.0927620,N,12158.4458020,W,3.7829,35.0675,101220,,,,
$GPGGA,222243.65,3719.0946880,N,12158.4447160,W,1,0,0.0,0.0000,M,0.0000,M,0.0000,0
$GPRMC,222243.65,A,3719.0946880,N,12158.4447160,W,4.1342,23.7259,101220,,,,
$GPGGA,222244.66,3719.0966020,N,12158.4454900,W,1,0,0.0,0.0000,M,0.0000,M,0.0000,0
$GPRMC,222244.66,A,3719.0966020,N,12158.4454900,W,3.8769,347.0069,101220,,,,
$GPGGA,222245.65,3719.0972440,N,12158.4479260,W,1,0,0.0,0.0000,M,0.0000,M,0.0000,0
$GPRMC,222245.65,A,3719.0972440,N,12158.4479260,W,3.9683,300.0273,101220,,,,
$GPGGA,222246.67,3719.0961040,N,12158.4505120,W,1,0,0.0,0.0000,M,0.0000,M,0.0000,0
$GPRMC,222246.67,A,3719.0961040,N,12158.4505120,W,5.0446,250.7974,101220,,,,
$GPGGA,222247.66,3719.0935660,N,12158.4526000,W,1,0,0.0,0.0000,M,0.0000,M,0.0000,0
$GPRMC,222247.66,A,3719.0935660,N,12158.4526000,W,6.9109,218.4249,101220,,,,
$GPGGA,222248.65,3719.0898880,N,12158.4549280,W,1,0,0.0,0.0000,M,0.0000,M,0.0000,0
$GPRMC,222248.65,A,3719.0898880,N,12158.4549280,W,8.8042,207.1829,101220,,,,
$GPGGA,222249.66,3719.0851720,N,12158.4577420,W,1,0,0.0,0.0000,M,0.0000,M,0.0000,0
$GPRMC,222249.66,A,3719.0851720,N,12158.4577420,W,10.4178,205.5544,101220,,,,
$GPGGA,222250.66,3719.0798500,N,12158.4610420,W,1,0,0.0,0.0000,M,0.0000,M,0.0000,0
$GPRMC,222250.66,A,3719.0798500,N,12158.4610420,W,11.4878,207.0134,101220,,,,
$GPGGA,222251.66,3719.0742760,N,12158.4648400,W,1,0,0.0,0.0000,M,0.0000,M,0.0000,0
$GPRMC,222251.66,A,3719.0742760,N,12158.4648400,W,11.6659,209.1646,101220,,,,
$GPGGA,222252.66,3719.0689300,N,12158.4688000,W,1,0,0.0,0.0000,M,0.0000,M,0.0000,0
$GPRMC,222252.66,A,3719.0689300,N,12158.4688000,W,11.4173,211.1358,101220,,,,
$GPGGA,222253.64,3719.0638660,N,12158.4728020,W,1,0,0.0,0.0000,M,0.0000,M,0.0000,0
$GPRMC,222253.64,A,3719.0638660,N,12158.4728020,W,11.1306,212.4234,101220,,,,
$GPGGA,222254.63,3719.0589220,N,12158.4768280,W,1,0,0.0,0.0000,M,0.0000,M,0.0000,0
$GPRMC,222254.63,A,3719.0589220,N,12158.4768280,W,10.8572,212.9172,101220,,,,
$GPGGA,222255.65,3719.0540080,N,12158.4808600,W,1,0,0.0,0.0000,M,0.0000,M,0.0000,0
$GPRMC,222255.65,A,3719.0540080,N,12158.4808600,W,10.6314,213.1673,101220,,,,
$GPGGA,222256.67,3719.0491660,N,12158.4848860,W,1,0,0.0,0.0000,M,0.0000,M,0.0000,0
$GPRMC,222256.67,A,3719.0491660,N,12158.4848860,W,10.4464,213.4722,101220,,,,
$GPGGA,222257.66,3719.0444560,N,12158.4888160,W,1,0,0.0,0.0000,M,0.0000,M,0.0000,0
$GPRMC,222257.66,A,3719.0444560,N,12158.4888160,W,10.6733,213.5136,101220,,,,
$GPGGA,222258.65,3719.0395900,N,12158.4928900,W,1,0,0.0,0.0000,M,0.0000,M,0.0000,0
$GPRMC,222258.65,A,3719.0395900,N,12158.4928900,W,11.2944,213.7689,101220,,,,
$GPGGA,222259.66,3719.0343160,N,12158.4973360,W,1,0,0.0,0.0000,M,0.0000,M,0.0000,0
$GPRMC,222259.66,A,3719.0343160,N,12158.4973360,W,11.9568,213.9698,101220,,,,
$GPGGA,222300.66,3719.0288920,N,12158.5019020,W,1,0,0.0,0.0000,M,0.0000,M,0.0000,0
$GPRMC,222300.66,A,3719.0288920,N,12158.5019020,W,12.1772,214.0865,101220,,,,
$GPGGA,222301.66,3719.0234500,N,12158.5065400,W,1,0,0.0,0.0000,M,0.0000,M,0.0000,0
$GPRMC,222301.66,A,3719.0234500,N,12158.5065400,W,11.9310,214.3519,101220,,,,
$GPGGA,222302.66,3719.0182840,N,12158.5108420,W,1,0,0.0,0.0000,M,0.0000,M,0.0000,0
$GPRMC,222302.66,A,3719.0182840,N,12158.5108420,W,11.0049,213.0488,101220,,,,
$GPGGA,222303.65,3719.0134660,N,12158.5141060,W,1,0,0.0,0.0000,M,0.0000,M,0.0000,0
$GPRMC,222303.65,A,3719.0134660,N,12158.5141060,W,9.6508,204.9734,101220,,,,
$GPGGA,222304.66,3719.0086540,N,12158.5152640,W,1,0,0.0,0.0000,M,0.0000,M,0.0000,0
$GPRMC,222304.66,A,3719.0086540,N,12158.5152640,W,8.8181,184.2884,101220,,,,
$GPGGA,222305.65,3719.0044060,N,12158.5137100,W,1,0,0.0,0.0000,M,0.0000,M,0.0000,0
$GPRMC,222305.65,A,3719.0044060,N,12158.5137100,W,8.4864,157.3363,101220,,,,
$GPGGA,222306.67,3719.0012620,N,12158.5097800,W,1,0,0.0,0.0000,M,0.0000,M,0.0000,0
$GPRMC,222306.67,A,3719.0012620,N,12158.5097800,W,8.5578,129.6752,101220,,,,
$GPGGA,222307.66,3718.9993420,N,12158.5045180,W,1,0,0.0,0.0000,M,0.0000,M,0.0000,0
$GPRMC,222307.66,A,3718.9993420,N,12158.5045180,W,9.1031,112.5039,101220,,,,
$GPGGA,222308.65,3718.9978780,N,12158.4984820,W,1,0,0.0,0.0000,M,0.0000,M,0.0000,0
$GPRMC,222308.65,A,3718.9978780,N,12158.4984820,W,9.8037,106.7343,101220,,,,
$GPGGA,222309.66,3718.9964080,N,12158.4917020,W,1,0,0.0,0.0000,M,0.0000,M,0.0000,0
$GPRMC,222309.66,A,3718.9964080,N,12158.4917020,W,10.8661,105.1906,101220,,,,
$GPGGA,222310.65,3718.9948960,N,12158.4841960,W,1,0,0.0,0.0000,M,0.0000,M,0.0000,0
$GPRMC,222310.65,A,3718.9948960,N,12158.4841960,W,12.2571,104.1673,101220,,,,
$GPGGA,222311.65,3718.9932580,N,12158.4758200,W,1,0,0.0,0.0000,M,0.0000,M,0.0000,0
$GPRMC,222311.65,A,3718.9932580,N,12158.4758200,W,13.3879,103.9259,101220,,,,
$GPGGA,222312.66,3718.9914340,N,12158.4666100,W,1,0,0.0,0.0000,M,0.0000,M,0.0000,0
$GPRMC,222312.66,A,3718.9914340,N,12158.4666100,W,14.3146,104.0338,101220,,,,
$GPGGA,222313.65,3718.9894900,N,12158.4569440,W,1,0,0.0,0.0000,M,0.0000,M,0.0000,0
$GPRMC,222313.65,A,3718.9894900,N,12158.4569440,W,15.4105,104.3066,101220,,,,
$GPGGA,222314.66,3718.9873120,N,12158.4463060,W,1,0,0.0,0.0000,M,0.0000,M,0.0000,0
$GPRMC,222314.66,A,3718.9873120,N,12158.4463060,W,16.6345,104.5289,101220,,,,
$GPGGA,222315.65,3718.9850140,N,12158.4351100,W,1,0,0.0,0.0000,M,0.0000,M,0.0000,0
$GPRMC,222315.65,A,3718.9850140,N,12158.4351100,W,17.7704,104.3079,101220,,,,
$GPGGA,222316.67,3718.9826320,N,12158.4230020,W,1,0,0.0,0.0000,M,0.0000,M,0.0000,0
$GPRMC,222316.67,A,3718.9826320,N,12158.4230020,W,18.5799,103.7023,101220,,,,
$GPGGA,222317.65,3718.9803280,N,12158.4107860,W,1,0,0.0,0.0000,M,0.0000,M,0.0000,0
$GPRMC,222317.65,A,3718.9803280,N,12158.4107860,W,18.9920,103.0216,101220,,,,
$GPGGA,222318.65,3718.9781380,N,12158.3981380,W,1,0,0.0,0.0000,M,0.0000,M,0.0000,0
$GPRMC,222318.65,A,3718.9781380,N,12158.3981380,W,19.3149,101.7307,101220,,,,
$GPGGA,222319.66,3718.9762240,N,12158.3851120,W,1,0,0.0,0.0000,M,0.0000,M,0.0000,0
$GPRMC,222319.66,A,3718.9762240,N,12158.3851120,W,19.3907,99.4576,101220,,,,
$GPGGA,222320.65,3718.9748020,N,12158.3722480,W,1,0,0.0,0.0000,M,0.0000,M,0.0000,0
$GPRMC,222320.65,A,3718.9748020,N,12158.3722480,W,19.2225,96.8750,101220,,,,
$GPGGA,222321.67,3718.9737940,N,12158.3592160,W,1,0,0.0,0.0000,M,0.0000,M,0.0000,0
$GPRMC,222321.67,A,3718.9737940,N,12158.3592160,W,19.0627,94.7722,101220,,,,
$GPGGA,222322.66,3718.9730920,N,12158.3464540,W,1,0,0.0,0.0000,M,0.0000,M,0.0000,0
$GPRMC,222322.66,A,3718.9730920,N,12158.3464540,W,19.1426,93.6330,101220,,,,
$GPGGA,222323.65,3718.9725040,N,12158.3335600,W,1,0,0.0,0.0000,M,0.0000,M,0.0000,0
$GPRMC,222323.65,A,3718.9725040,N,12158.3335600,W,19.2933,93.1643,101220,,,,
$GPGGA,222324.66,3718.9719040,N,12158.3203180,W,1,0,0.0,0.0000,M,0.0000,M,0.0000,0
$GPRMC,222324.66,A,3718.9719040,N,12158.3203180,W,19.3709,93.3800,101220,,,,
$GPGGA,222325.65,3718.9712500,N,12158.3074180,W,1,0,0.0,0.0000,M,0.0000,M,0.0000,0
$GPRMC,222325.65,A,3718.9712500,N,12158.3074180,W,19.4193,93.8739,101220,,,,
$GPGGA,222326.64,3718.9705060,N,12158.2943920,W,1,0,0.0,0.0000,M,0.0000,M,0.0000,0
$GPRMC,222326.64,A,3718.9705060,N,12158.2943920,W,19.5167,94.3658,101220,,,,
$GPGGA,222327.66,3718.9696660,N,12158.2808740,W,1,0,0.0,0.0000,M,0.0000,M,0.0000,0
$GPRMC,222327.66,A,3718.9696660,N,12158.2808740,W,19.8525,94.5459,101220,,,,
$GPGGA,222328.65,3718.9688500,N,12158.2673080,W,1,0,0.0,0.0000,M,0.0000,M,0.0000,0
$GPRMC,222328.65,A,3718.9688500,N,12158.2673080,W,20.5761,94.1006,101220,,,,
$GPGGA,222329.60,3718.9681720,N,12158.2538140,W,1,0,0.0,0.0000,M,0.0000,M,0.0000,0
$GPRMC,222329.60,A,3718.9681720,N,12158.2538140,W,21.4944,93.2355,101220,,,,
$GPGGA,222330.71,3718.9675780,N,12158.2374400,W,1,0,0.0,0.0000,M,0.0000,M,0.0000,0
$GPRMC,222330.71,A,3718.9675780,N,12158.2374400,W,22.3630,92.1146,101220,,,,
$GPGGA,222331.69,3718.9672600,N,12158.2223080,W,1,0,0.0,0.0000,M,0.0000,M,0.0000,0
$GPRMC,222331.69,A,3718.9672600,N,12158.2223080,W,22.8549,91.0748,101220,,,,
$GPGGA,222332.78,3718.9672300,N,12158.2054180,W,1,0,0.0,0.0000,M,0.0000,M,0.0000,0
$GPRMC,222332.78,A,3718.9672300,N,12158.2054180,W,23.2546,89.3714,101220,,,,
$GPGGA,222333.65,3718.9674880,N,12158.1915700,W,1,0,0.0,0.0000,M,0.0000,M,0.0000,0
$GPRMC,222333.65,A,3718.9674880,N,12158.1915700,W,23.5920,88.2633,101220,,,,
$GPGGA,222334.66,3718.9679440,N,12158.1752740,W,1,0,0.0,0.0000,M,0.0000,M,0.0000,0
$GPRMC,222334.66,A,3718.9679440,N,12158.1752740,W,24.0479,87.8524,101220,,,,
$GPGGA,222335.65,3718.9684240,N,12158.1590680,W,1,0,0.0,0.0000,M,0.0000,M,0.0000,0
$GPRMC,222335.65,A,3718.9684240,N,12158.1590680,W,24.4810,87.8868,101220,,,,
$GPGGA,222336.64,3718.9689040,N,12158.1425980,W,1,0,0.0,0.0000,M,0.0000,M,0.0000,0
$GPRMC,222336.64,A,3718.9689040,N,12158.1425980,W,24.7951,87.8025,101220,,,,
$GPGGA,222337.66,3718.9694320,N,12158.1253780,W,1,0,0.0,0.0000,M,0.0000,M,0.0000,0
$GPRMC,222337.66,A,3718.9694320,N,12158.1253780,W,25.0838,87.6927,101220,,,,
$GPGGA,222338.65,3718.9699540,N,12158.1084340,W,1,0,0.0,0.0000,M,0.0000,M,0.0000,0
$GPRMC,222338.65,A,3718.9699540,N,12158.1084340,W,25.3864,87.7509,101220,,,,
$GPGGA,222339.66,3718.9704880,N,12158.0909800,W,1,0,0.0,0.0000,M,0.0000,M,0.0000,0
$GPRMC,222339.66,A,3718.9704880,N,12158.0909800,W,25.6755,87.8018,101220,,,,
$GPGGA,222340.65,3718.9709740,N,12158.0737000,W,1,0,0.0,0.0000,M,0.0000,M,0.0000,0
$GPRMC,222340.65,A,3718.9709740,N,12158.0737000,W,26.1820,88.0137,101220,,,,
$GPGGA,222341.64,3718.9714600,N,12158.0558800,W,1,0,0.0,0.0000,M,0.0000,M,0.0000,0
$GPRMC,222341.64,A,3718.9714600,N,12158.0558800,W,27.0801,87.9063,101220,,,,
$GPGGA,222342.66,3718.9720420,N,12158.0369560,W,1,0,0.0,0.0000,M,0.0000,M,0.0000,0
$GPRMC,222342.66,A,3718.9720420,N,12158.0369560,W,27.4911,87.5880,101220,,,,
$GPGGA,222343.65,3718.9726240,N,12158.0186440,W,1,0,0.0,0.0000,M,0.0000,M,0.0000,0
$GPRMC,222343.65,A,3718.9726240,N,12158.0186440,W,27.1453,87.7500,101220,,,,
$GPGGA,222344.66,3718.9731940,N,12158.0002720,W,1,0,0.0,0.0000,M,0.0000,M,0.0000,0
$GPRMC,222344.66,A,3718.9731940,N,12158.0002720,W,26.5193,87.7467,101220,,,,
$GPGGA,222345.65,3718.9737520,N,12157.9826740,W,1,0,0.0,0.0000,M,0.0000,M,0.0000,0
$GPRMC,222345.65,A,3718.9737520,N,12157.9826740,W,25.8840,87.6535,101220,,,,
$GPGGA,222346.67,3718.9743100,N,12157.9651240,W,1,0,0.0,0.0000,M,0.0000,M,0.0000,0
$GPRMC,222346.67,A,3718.9743100,N,12157.9651240,W,25.3658,87.6543,101220,,,,
$GPGGA,222347.66,3718.9748500,N,12157.9482700,W,1,0,0.0,0.0000,M,0.0000,M,0.0000,0
$GPRMC,222347.66,A,3718.9748500,N,12157.9482700,W,24.8880,87.6457,101220,,,,
$GPGGA,222348.65,3718.9753780,N,12157.9317520,W,1,0,0.0,0.0000,M,0.0000,M,0.0000,0
$GPRMC,222348.65,A,3718.9753780,N,12157.9317520,W,24.3980,87.6349,101220,,,,
$GPGGA,222349.66,3718.9759060,N,12157.9152220,W,1,0,0.0,0.0000,M,0.0000,M,0.0000,0
$GPRMC,222349.66,A,3718.9759060,N,12157.9152220,W,23.9458,87.5779,101220,,,,
$GPGGA,222350.65,3718.9764580,N,12157.8992800,W,1,0,0.0,0.0000,M,0.0000,M,0.0000,0
$GPRMC,222350.65,A,3718.9764580,N,12157.8992800,W,23.5178,87.3216,101220,,,,
$GPGGA,222351.67,3718.9769980,N,12157.8833260,W,1,0,0.0,0.0000,M,0.0000,M,0.0000,0
$GPRMC,222351.67,A,3718.9769980,N,12157.8833260,W,23.0949,87.6727,101220,,,,
$GPGGA,222352.66,3718.9774060,N,12157.8679540,W,1,0,0.0,0.0000,M,0.0000,M,0.0000,0
$GPRMC,222352.66,A,3718.9774060,N,12157.8679540,W,22.6834,88.4190,101220,,,,
$GPGGA,222353.65,3718.9776760,N,12157.8528460,W,1,0,0.0,0.0000,M,0.0000,M,0.0000,0
$GPRMC,222353.65,A,3718.9776760,N,12157.8528460,W,22.4092,88.8394,101220,,,,
$GPGGA,222354.66,3718.9778860,N,12157.8375760,W,1,0,0.0,0.0000,M,0.0000,M,0.0000,0
$GPRMC,222354.66,A,3718.9778860,N,12157.8375760,W,22.1950,89.1038,101220,,,,
$GPGGA,222355.65,3718.9779940,N,12157.8227560,W,1,0,0.0,0.0000,M,0.0000,M,0.0000,0
$GPRMC,222355.65,A,3718.9779940,N,12157.8227560,W,21.9534,89.7489,101220,,,,
$GPGGA,222356.67,3718.9779160,N,12157.8078160,W,1,0,0.0,0.0000,M,0.0000,M,0.0000,0
$GPRMC,222356.67,A,3718.9779160,N,12157.8078160,W,21.5721,90.7549,101220,,,,
$GPGGA,222357.66,3718.9777180,N,12157.7935000,W,1,0,0.0,0.0000,M,0.0000,M,0.0000,0
$GPRMC,222357.66,A,3718.9777180,N,12157.7935000,W,21.0273,91.0390,101220,,,,
$GPGGA,222358.65,3718.9775260,N,12157.7796340,W,1,0,0.0,0.0000,M,0.0000,M,0.0000,0
$GPRMC,222358.65,A,3718.9775260,N,12157.7796340,W,20.3704,90.8031,101220,,,,
$GPGGA,222359.66,3718.9773520,N,12157.7658940,W,1,0,0.0,0.0000,M,0.0000,M,0.0000,0
$GPRMC,222359.66,A,3718.9773520,N,12157.7658940,W,19.8233,90.8009,101220,,,,
$GPGGA,222400.66,3718.9771720,N,12157.7526280,W,1,0,0.0,0.0000,M,0.0000,M,0.0000,0
$GPRMC,222400.66,A,3718.9771720,N,12157.7526280,W,19.5832,90.8818,101220,,,,
$GPGGA,222401.67,3718.9769980,N,12157.7392240,W,1,0,0.0,0.0000,M,0.0000,M,0.0000,0
$GPRMC,222401.67,A,3718.9769980,N,12157.7392240,W,19.6315,90.8040,101220,,,,
$GPGGA,222402.65,3718.9768540,N,12157.7260240,W,1,0,0.0,0.0000,M,0.0000,M,0.0000,0
$GPRMC,222402.65,A,3718.9768540,N,12157.7260240,W,20.0168,90.7484,101220,,,,
$GPGGA,222403.65,3718.9766680,N,12157.7123200,W,1,0,0.0,0.0000,M,0.0000,M,0.0000,0
$GPRMC,222403.65,A,3718.9766680,N,12157.7123200,W,20.7119,90.9829,101220,,,,
$GPGGA,222404.66,3718.9764400,N,12157.6978300,W,1,0,0.0,0.0000,M,0.0000,M,0.0000,0
$GPRMC,222404.66,A,3718.9764400,N,12157.6978300,W,21.5666,90.8684,101220,,,,
$GPGGA,222405.65,3718.9762420,N,12157.6830640,W,1,0,0.0,0.0000,M,0.0000,M,0.0000,0
$GPRMC,222405.65,A,3718.9762420,N,12157.6830640,W,22.4122,90.7339,101220,,,,
$GPGGA,222406.67,3718.9760920,N,12157.6674520,W,1,0,0.0,0.0000,M,0.0000,M,0.0000,0
$GPRMC,222406.67,A,3718.9760920,N,12157.6674520,W,23.2246,90.5326,101220,,,,
$GPGGA,222407.65,3718.9759600,N,12157.6517260,W,1,0,0.0,0.0000,M,0.0000,M,0.0000,0
$GPRMC,222407.65,A,3718.9759600,N,12157.6517260,W,23.8722,90.5599,101220,,,,
$GPGGA,222408.65,3718.9757980,N,12157.6355560,W,1,0,0.0,0.0000,M,0.0000,M,0.0000,0
$GPRMC,222408.65,A,3718.9757980,N,12157.6355560,W,23.9984,90.7702,101220,,,,
$GPGGA,222409.66,3718.9755820,N,12157.6191580,W,1,0,0.0,0.0000,M,0.0000,M,0.0000,0
$GPRMC,222409.66,A,3718.9755820,N,12157.6191580,W,23.8218,90.9309,101220,,,,
$GPGGA,222410.66,3718.9753540,N,12157.6031320,W,1,0,0.0,0.0000,M,0.0000,M,0.0000,0
$GPRMC,222410.66,A,3718.9753540,N,12157.6031320,W,23.7390,90.9678,101220,,,,
$GPGGA,222411.66,3718.9751500,N,12157.5869800,W,1,0,0.0,0.0000,M,0.0000,M,0.0000,0
$GPRMC,222411.66,A,3718.9751500,N,12157.5869800,W,23.7462,90.7392,101220,,,,
$GPGGA,222412.66,3718.9749880,N,12157.5709900,W,1,0,0.0,0.0000,M,0.0000,M,0.0000,0
$GPRMC,222412.66,A,3718.9749880,N,12157.5709900,W,23.8421,90.8126,101220,,,,
$GPGGA,222413.65,3718.9747840,N,12157.5548620,W,1,0,0.0,0.0000,M,0.0000,M,0.0000,0
$GPRMC,222413.65,A,3718.9747840,N,12157.5548620,W,23.9822,90.9068,101220,,,,
$GPGGA,222414.60,3718.9745980,N,12157.5394420,W,1,0,0.0,0.0000,M,0.0000,M,0.0000,0
$GPRMC,222414.60,A,3718.9745980,N,12157.5394420,W,23.9227,90.7021,101220,,,,
$GPGGA,222415.77,3718.9744720,N,12157.5205720,W,1,0,0.0,0.0000,M,0.0000,M,0.0000,0
$GPRMC,222415.77,A,3718.9744720,N,12157.5205720,W,23.6186,90.1338,101220,,,,
$GPGGA,222416.67,3718.9745020,N,12157.5062920,W,1,0,0.0,0.0000,M,0.0000,M,0.0000,0
$GPRMC,222416.67,A,3718.9745020,N,12157.5062920,W,23.5623,89.5919,101220,,,,
$GPGGA,222417.66,3718.9746580,N,12157.4904880,W,1,0,0.0,0.0000,M,0.0000,M,0.0000,0
$GPRMC,222417.66,A,3718.9746580,N,12157.4904880,W,23.6559,88.9876,101220,,,,
$GPGGA,222418.65,3718.9749340,N,12157.4746120,W,1,0,0.0,0.0000,M,0.0000,M,0.0000,0
$GPRMC,222418.65,A,3718.9749340,N,12157.4746120,W,23.6040,88.5466,101220,,,,
$GPGGA,222419.66,3718.9753360,N,12157.4585320,W,1,0,0.0,0.0000,M,0.0000,M,0.0000,0
$GPRMC,222419.66,A,3718.9753360,N,12157.4585320,W,23.3560,87.8317,101220,,,,
$GPGGA,222420.66,3718.9758880,N,12157.4429080,W,1,0,0.0,0.0000,M,0.0000,M,0.0000,0
$GPRMC,222420.66,A,3718.9758880,N,12157.4429080,W,23.2656,87.1507,101220,,,,
$GPGGA,222421.67,3718.9766020,N,12157.4268760,W,1,0,0.0,0.0000,M,0.0000,M,0.0000,0
$GPRMC,222421.67,A,3718.9766020,N,12157.4268760,W,23.6958,86.5199,101220,,,,
$GPGGA,222422.66,3718.9774540,N,12157.4108080,W,1,0,0.0,0.0000,M,0.0000,M,0.0000,0
$GPRMC,222422.66,A,3718.9774540,N,12157.4108080,W,24.3458,85.9333,101220,,,,
$GPGGA,222423.65,3718.9784500,N,12157.3943560,W,1,0,0.0,0.0000,M,0.0000,M,0.0000,0
$GPRMC,222423.65,A,3718.9784500,N,12157.3943560,W,24.7709,85.4319,101220,,,,
$GPGGA,222424.66,3718.9795780,N,12157.3772800,W,1,0,0.0,0.0000,M,0.0000,M,0.0000,0
$GPRMC,222424.66,A,3718.9795780,N,12157.3772800,W,25.3044,85.0388,101220,,,,
$GPGGA,222425.66,3718.9807840,N,12157.3601560,W,1,0,0.0,0.0000,M,0.0000,M,0.0000,0
$GPRMC,222425.66,A,3718.9807840,N,12157.3601560,W,25.8070,84.9452,101220,,,,
$GPGGA,222426.67,3718.9820380,N,12157.3424860,W,1,0,0.0,0.0000,M,0.0000,M,0.0000,0
$GPRMC,222426.67,A,3718.9820380,N,12157.3424860,W,26.0207,84.8936,101220,,,,
$GPGGA,222427.66,3718.9832920,N,12157.3251040,W,1,0,0.0,0.0000,M,0.0000,M,0.0000,0
$GPRMC,222427.66,A,3718.9832920,N,12157.3251040,W,25.8754,84.8206,101220,,,,
$GPGGA,222428.65,3718.9844140,N,12157.3078900,W,1,0,0.0,0.0000,M,0.0000,M,0.0000,0
$GPRMC,222428.65,A,3718.9844140,N,12157.3078900,W,25.6144,85.6858,101220,,,,
$GPGGA,222429.66,3718.9852900,N,12157.2903700,W,1,0,0.0,0.0000,M,0.0000,M,0.0000,0
$GPRMC,222429.66,A,3718.9852900,N,12157.2903700,W,25.6958,86.8300,101220,,,,
$GPGGA,222430.65,3718.9858900,N,12157.2730360,W,1,0,0.0,0.0000,M,0.0000,M,0.0000,0
$GPRMC,222430.65,A,3718.9858900,N,12157.2730360,W,25.8672,87.9224,101220,,,,
$GPGGA,222431.67,3718.9862740,N,12157.2553420,W,1,0,0.0,0.0000,M,0.0000,M,0.0000,0
$GPRMC,222431.67,A,3718.9862740,N,12157.2553420,W,25.7383,88.6089,101220,,,,
$GPGGA,222432.66,3718.9864960,N,12157.2381700,W,1,0,0.0,0.0000,M,0.0000,M,0.0000,0
$GPRMC,222432.66,A,3718.9864960,N,12157.2381700,W,25.4480,88.6863,101220,,,,
$GPGGA,222433.65,3718.9867480,N,12157.2211720,W,1,0,0.0,0.0000,M,0.0000,M,0.0000,0
$GPRMC,222433.65,A,3718.9867480,N,12157.2211720,W,25.0813,88.5843,101220,,,,
$GPGGA,222434.66,3718.9870360,N,12157.2042160,W,1,0,0.0,0.0000,M,0.0000,M,0.0000,0
$GPRMC,222434.66,A,3718.9870360,N,12157.2042160,W,24.6601,88.4858,101220,,,,
$GPGGA,222435.65,3718.9873600,N,12157.1878180,W,1,0,0.0,0.0000,M,0.0000,M,0.0000,0
$GPRMC,222435.65,A,3718.9873600,N,12157.1878180,W,24.2234,88.2660,101220,,,,
$GPGGA,222436.65,3718.9877020,N,12157.1716300,W,1,0,0.0,0.0000,M,0.0000,M,0.0000,0
$GPRMC,222436.65,A,3718.9877020,N,12157.1716300,W,23.7859,88.2081,101220,,,,
$GPGGA,222437.66,3718.9880260,N,12157.1555080,W,1,0,0.0,0.0000,M,0.0000,M,0.0000,0
$GPRMC,222437.66,A,3718.9880260,N,12157.1555080,W,23.1416,88.4153,101220,,,,
$GPGGA,222438.65,3718.9882960,N,12157.1404840,W,1,0,0.0,0.0000,M,0.0000,M,0.0000,0
$GPRMC,222438.65,A,3718.9882960,N,12157.1404840,W,21.3445,88.5632,101220,,,,
$GPGGA,222439.66,3718.9885000,N,12157.1267680,W,1,0,0.0,0.0000,M,0.0000,M,0.0000,0
$GPRMC,222439.66,A,3718.9885000,N,12157.1267680,W,18.6310,88.6902,101220,,,,
$GPGGA,222440.66,3718.9886440,N,12157.1152060,W,1,0,0.0,0.0000,M,0.0000,M,0.0000,0
$GPRMC,222440.66,A,3718.9886440,N,12157.1152060,W,15.8571,88.6777,101220,,,,
$GPGGA,222441.67,3718.9886980,N,12157.1053120,W,1,0,0.0,0.0000,M,0.0000,M,0.0000,0
$GPRMC,222441.67,A,3718.9886980,N,12157.1053120,W,13.0176,90.2761,101220,,,,
$GPGGA,222442.66,3718.9879780,N,12157.0976080,W,1,0,0.0,0.0000,M,0.0000,M,0.0000,0
$GPRMC,222442.66,A,3718.9879780,N,12157.0976080,W,10.2692,101.4041,101220,,,,
$GPGGA,222443.65,3718.9860940,N,12157.0919860,W,1,0,0.0,0.0000,M,0.0000,M,0.0000,0
$GPRMC,222443.65,A,3718.9860940,N,12157.0919860,W,8.3159,118.9718,101220,,,,
$GPGGA,222444.66,3718.9832620,N,12157.0883680,W,1,0,0.0,0.0000,M,0.0000,M,0.0000,0
$GPRMC,222444.66,A,3718.9832620,N,12157.0883680,W,6.7928,139.9200,101220,,,,
$GPGGA,222445.65,3718.9803520,N,12157.0866820,W,1,0,0.0,0.0000,M,0.0000,M,0.0000,0
$GPRMC,222445.65,A,3718.9803520,N,12157.0866820,W,5.2532,157.8843,101220,,,,
$GPGGA,222446.64,3718.9780480,N,12157.0859980,W,1,0,0.0,0.0000,M,0.0000,M,0.0000,0
$GPRMC,222446.64,A,3718.9780480,N,12157.0859980,W,3.5850,166.6416,101220,,,,
$GPGGA,222447.66,3718.9766020,N,12157.0856740,W,1,0,0.0,0.0000,M,0.0000,M,0.0000,0
$GPRMC,222447.66,A,3718.9766020,N,12157.0856740,W,1.7364,168.6871,101220,,,,
$GPGGA,222448.65,3718.9761220,N,12157.0855840,W,1,0,0.0,0.0000,M,0.0000,M,0.0000,0
$GPRMC,222448.65,A,3718.9761220,N,12157.0855840,W,0.4299,168.8654,101220,,,,
$GPGGA,222449.66,3718.9760440,N,12157.0855840,W,1,0,0.0,0.0000,M,0.0000,M,0.0000,0
$GPRMC,222449.66,A,3718.9760440,N,12157.0855840,W,0.0606,168.8717,101220,,,,
$GPGGA,222450.65,3718.9760200,N,12157.0855960,W,1,0,0.0,0.0000,M,0.0000,M,0.0000,0
$GPRMC,222450.65,A,3718.9760200,N,12157.0855960,W,0.0508,168.8702,101220,,,,
$GPGGA,222451.65,3718.9760080,N,12157.0856080,W,1,0,0.0,0.0000,M,0.0000,M,0.0000,0
$GPRMC,222451.65,A,3718.9760080,N,12157.0856080,W,0.0429,168.8694,101220,,,,
$GPGGA,222452.65,3718.9760020,N,12157.0856080,W,1,0,0.0,0.0000,M,0.0000,M,0.0000,0
$GPRMC,222452.65,A,3718.9760020,N,12157.0856080,W,0.0352,168.8687,101220,,,,
$GPGGA,222453.65,3718.9760020,N,12157.0856080,W,1,0,0.0,0.0000,M,0.0000,M,0.0000,0
$GPRMC,222453.65,A,3718.9760020,N,12157.0856080,W,0.0279,168.8679,101220,,,,
$GPGGA,222454.66,3718.9760020,N,12157.0856080,W,1,0,0.0,0.0000,M,0.0000,M,0.0000,0
$GPRMC,222454.66,A,3718.9760020,N,12157.0856080,W,0.0224,168.8673,101220,,,,
$GPGGA,222455.65,3718.9760020,N,12157.0856080,W,1,0,0.0,0.0000,M,0.0000,M,0.0000,0
$GPRMC,222455.65,A,3718.9760020,N,12157.0856080,W,0.0176,168.8669,101220,,,,
$GPGGA,222456.64,3718.9760020,N,12157.0856080,W,1,0,0.0,0.0000,M,0.0000,M,0.0000,0
$GPRMC,222456.64,A,3718.9760020,N,12157.0856080,W,0.0130,168.8663,101220,,,,
$GPGGA,222457.66,3718.9760020,N,12157.0856080,W,1,0,0.0,0.0000,M,0.0000,M,0.0000,0
$GPRMC,222457.66,A,3718.9760020,N,12157.0856080,W,0.0087,168.8656,101220,,,,
$GPGGA,222458.65,3718.9760020,N,12157.0856080,W,1,0,0.0,0.0000,M,0.0000,M,0.0000,0
$GPRMC,222458.65,A,3718.9760020,N,12157.0856080,W,0.0052,168.8649,101220,,,,
$GPGGA,222459.66,3718.9760020,N,12157.0856080,W,1,0,0.0,0.0000,M,0.0000,M,0.0000,0
$GPRMC,222459.66,A,3718.9760020,N,12157.0856080,W,0.0021,168.8641,101220,,,,
$GPGGA,222500.65,3718.9760020,N,12157.0856080,W,1,0,0.0,0.0000,M,0.0000,M,0.0000,0
$GPRMC,222500.65,A,3718.9760020,N,12157.0856080,W,0.0033,168.8635,101220,,,,
$GPGGA,222501.67,3718.9760020,N,12157.0856080,W,1,0,0.0,0.0000,M,0.0000,M,0.0000,0
$GPRMC,222501.67,A,3718.9760020,N,12157.0856080,W,0.0066,168.8629,101220,,,,
$GPGGA,222502.66,3718.9760020,N,12157.0856080,W,1,0,0.0,0.0000,M,0.0000,M,0.0000,0
$GPRMC,222502.66,A,3718.9760020,N,12157.0856080,W,0.0097,168.8622,101220,,,,
$GPGGA,222503.65,3718.9760080,N,12157.0856080,W,1,0,0.0,0.0000,M,0.0000,M,0.0000,0
$GPRMC,222503.65,A,3718.9760080,N,12157.0856080,W,0.0126,168.8613,101220,,,,
$GPGGA,222504.66,3718.9760140,N,12157.0856020,W,1,0,0.0,0.0000,M,0.0000,M,0.0000,0
$GPRMC,222504.66,A,3718.9760140,N,12157.0856020,W,0.0168,168.8605,101220,,,,
$GPGGA,222505.65,3718.9760200,N,12157.0855960,W,1,0,0.0,0.0000,M,0.0000,M,0.0000,0
$GPRMC,222505.65,A,3718.9760200,N,12157.0855960,W,0.0227,168.8599,101220,,,,
$GPGGA,222506.64,3718.9760380,N,12157.0855900,W,1,0,0.0,0.0000,M,0.0000,M,0.0000,0
$GPRMC,222506.64,A,3718.9760380,N,12157.0855900,W,0.0291,168.8593,101220,,,,
$GPGGA,222507.65,3718.9760620,N,12157.0855840,W,1,0,0.0,0.0000,M,0.0000,M,0.0000,0
$GPRMC,222507.65,A,3718.9760620,N,12157.0855840,W,0.0363,168.8588,101220,,,,
$GPGGA,222508.65,3718.9760860,N,12157.0855720,W,1,0,0.0,0.0000,M,0.0000,M,0.0000,0
$GPRMC,222508.65,A,3718.9760860,N,12157.0855720,W,0.0449,168.8580,101220,,,,
$GPGGA,222509.66,3718.9760680,N,12157.0855420,W,1,0,0.0,0.0000,M,0.0000,M,0.0000,0
$GPRMC,222509.66,A,3718.9760680,N,12157.0855420,W,0.3029,168.8658,101220,,,,
$GPGGA,222510.66,3718.9756060,N,12157.0853920,W,1,0,0.0,0.0000,M,0.0000,M,0.0000,0
$GPRMC,222510.66,A,3718.9756060,N,12157.0853920,W,1.6993,168.6310,101220,,,,
$GPGGA,222511.67,3718.9742560,N,12157.0847920,W,1,0,0.0,0.0000,M,0.0000,M,0.0000,0
$GPRMC,222511.67,A,3718.9742560,N,12157.0847920,W,3.5646,163.1903,101220,,,,
$GPGGA,222512.66,3718.9722760,N,12157.0832500,W,1,0,0.0,0.0000,M,0.0000,M,0.0000,0
$GPRMC,222512.66,A,3718.9722760,N,12157.0832500,W,5.2186,150.0235,101220,,,,
$GPGGA,222513.65,3718.9701400,N,12157.0803460,W,1,0,0.0,0.0000,M,0.0000,M,0.0000,0
$GPRMC,222513.65,A,3718.9701400,N,12157.0803460,W,6.4838,131.7636,101220,,,,
$GPGGA,222514.66,3718.9685560,N,12157.0762660,W,1,0,0.0,0.0000,M,0.0000,M,0.0000,0
$GPRMC,222514.66,A,3718.9685560,N,12157.0762660,W,6.7938,113.3974,101220,,,,
$GPGGA,222515.65,3718.9680280,N,12157.0717840,W,1,0,0.0,0.0000,M,0.0000,M,0.0000,0
$GPRMC,222515.65,A,3718.9680280,N,12157.0717840,W,7.0309,96.6284,101220,,,,
$GPGGA,222516.65,3718.9680160,N,12157.0668400,W,1,0,0.0,0.0000,M,0.0000,M,0.0000,0
$GPRMC,222516.65,A,3718.9680160,N,12157.0668400,W,7.9326,90.5289,101220,,,,
$GPGGA,222517.60,3718.9679980,N,12157.0611280,W,1,0,0.0,0.0000,M,0.0000,M,0.0000,0
$GPRMC,222517.60,A,3718.9679980,N,12157.0611280,W,9.7989,90.8728,101220,,,,
$GPGGA,222518.71,3718.9678540,N,12157.0530040,W,1,0,0.0,0.0000,M,0.0000,M,0.0000,0
$GPRMC,222518.71,A,3718.9678540,N,12157.0530040,W,11.5629,91.9853,101220,,,,
$GPGGA,222519.78,3718.9676200,N,12157.0444540,W,1,0,0.0,0.0000,M,0.0000,M,0.0000,0
$GPRMC,222519.78,A,3718.9676200,N,12157.0444540,W,11.7990,92.0970,101220,,,,
$GPGGA,222520.59,3718.9674460,N,12157.0380100,W,1,0,0.0,0.0000,M,0.0000,M,0.0000,0
$GPRMC,222520.59,A,3718.9674460,N,12157.0380100,W,11.6349,92.2474,101220,,,,
$GPGGA,222521.71,3718.9671880,N,12157.0294360,W,1,0,0.0,0.0000,M,0.0000,M,0.0000,0
$GPRMC,222521.71,A,3718.9671880,N,12157.0294360,W,10.8990,92.4944,101220,,,,
$GPGGA,222522.78,3718.9670860,N,12157.0220980,W,1,0,0.0,0.0000,M,0.0000,M,0.0000,0
$GPRMC,222522.78,A,3718.9670860,N,12157.0220980,W,9.2892,89.2164,101220,,,,
$GPGGA,222523.65,3718.9675840,N,12157.0169440,W,1,0,0.0,0.0000,M,0.0000,M,0.0000,0
$GPRMC,222523.65,A,3718.9675840,N,12157.0169440,W,8.4366,81.1005,101220,,,,
$GPGGA,222524.66,3718.9691560,N,12157.0119040,W,1,0,0.0,0.0000,M,0.0000,M,0.0000,0
$GPRMC,222524.66,A,3718.9691560,N,12157.0119040,W,7.6582,64.0352,101220,,,,
$GPGGA,222525.65,3718.9718560,N,12157.0084480,W,1,0,0.0,0.0000,M,0.0000,M,0.0000,0
$GPRMC,222525.65,A,3718.9718560,N,12157.0084480,W,7.2638,40.5960,101220,,,,
$GPGGA,222526.64,3718.9754080,N,12157.0068700,W,1,0,0.0,0.0000,M,0.0000,M,0.0000,0
$GPRMC,222526.64,A,3718.9754080,N,12157.0068700,W,7.3898,15.4744,101220,,,,
$GPGGA,222527.66,3718.9795780,N,12157.0066300,W,1,0,0.0,0.0000,M,0.0000,M,0.0000,0
$GPRMC,222527.66,A,3718.9795780,N,12157.0066300,W,7.9766,1.7501,101220,,,,
$GPGGA,222528.65,3718.9840600,N,12157.0067800,W,1,0,0.0,0.0000,M,0.0000,M,0.0000,0
$GPRMC,222528.65,A,3718.9840600,N,12157.0067800,W,8.7350,359.0770,101220,,,,
$GPGGA,222529.66,3718.9889260,N,12157.0069240,W,1,0,0.0,0.0000,M,0.0000,M,0.0000,0
$GPRMC,222529.66,A,3718.9889260,N,12157.0069240,W,9.0344,359.1635,101220,,,,
$GPGGA,222530.65,3718.9937320,N,12157.0070440,W,1,0,0.0,0.0000,M,0.0000,M,0.0000,0
$GPRMC,222530.65,A,3718.9937320,N,12157.0070440,W,8.9790,359.2963,101220,,,,
$GPGGA,222531.44,3718.9974940,N,12157.0071220,W,1,0,0.0,0.0000,M,0.0000,M,0.0000,0
$GPRMC,222531.44,A,3718.9974940,N,12157.0071220,W,8.7121,359.4341,101220,,,,
$GPGGA,222532.44,3719.0020240,N,12157.0071940,W,1,0,0.0,0.0000,M,0.0000,M,0.0000,0
$GPRMC,222532.44,A,3719.0020240,N,12157.0071940,W,7.9282,359.7509,101220,,,,
$GPGGA,222533.44,3719.0059540,N,12157.0072240,W,1,0,0.0,0.0000,M,0.0000,M,0.0000,0
$GPRMC,222533.44,A,3719.0059540,N,12157.0072240,W,6.4931,0.0049,101220,,,,
$GPGGA,222534.44,3719.0089360,N,12157.0072420,W,1,0,0.0,0.0000,M,0.0000,M,0.0000,0
$GPRMC,222534.44,A,3719.0089360,N,12157.0072420,W,4.5475,0.0975,101220,,,,
$GPGGA,222535.44,3719.0108680,N,12157.0072480,W,1,0,0.0,0.0000,M,0.0000,M,0.0000,0
$GPRMC,222535.44,A,3719.0108680,N,12157.0072480,W,2.6937,0.1689,101220,,,,
$GPGGA,222536.44,3719.0118940,N,12157.0072540,W,1,0,0.0,0.0000,M,0.0000,M,0.0000,0
$GPRMC,222536.44,A,3719.0118940,N,12157.0072540,W,1.1748,0.2910,101220,,,,
$GPGGA,222537.44,3719.0122360,N,12157.0072540,W,1,0,0.0,0.0000,M,0.0000,M,0.0000,0
$GPRMC,222537.44,A,3719.0122360,N,12157.0072540,W,0.2043,0.3286,101220,,,,
$GPGGA,222538.44,3719.0122480,N,12157.0072600,W,1,0,0.0,0.0000,M,0.0000,M,0.0000,0
$GPRMC,222538.44,A,3719.0122480,N,12157.0072600,W,0.0078,0.3297,101220,,,,
$GPGGA,222539.44,3719.0122480,N,12157.0072600,W,1,0,0.0,0.0000,M,0.0000,M,0.0000,0
$GPRMC,222539.44,A,3719.0122480,N,12157.0072600,W,0.0050,0.3277,101220,,,,
$GPGGA,222540.44,3719.0122480,N,12157.0072600,W,1,0,0.0,0.0000,M,0.0000,M,0.0000,0
$GPRMC,222540.44,A,3719.0122480,N,12157.0072600,W,0.0031,0.3263,101220,,,,
$GPGGA,222541.44,3719.0122480,N,12157.0072600,W,1,0,0.0,0.0000,M,0.0000,M,0.0000,0
$GPRMC,222541.44,A,3719.0122480,N,12157.0072600,W,0.0031,0.3252,101220,,,,
$GPGGA,222542.44,3719.0122480,N,12157.0072600,W,1,0,0.0,0.0000,M,0.0000,M,0.0000,0
$GPRMC,222542.44,A,3719.0122480,N,12157.0072600,W,0.0037,0.3241,101220,,,,
$GPGGA,222543.44,3719.0122480,N,12157.0072600,W,1,0,0.0,0.0000,M,0.0000,M,0.0000,0
$GPRMC,222543.44,A,3719.0122480,N,12157.0072600,W,0.0044,0.3230,101220,,,,
$GPGGA,222544.44,3719.0122480,N,12157.0072600,W,1,0,0.0,0.0000,M,0.0000,M,0.0000,0
$GPRMC,222544.44,A,3719.0122480,N,12157.0072600,W,0.0046,0.3220,101220,,,,
$GPGGA,222545.44,3719.0122480,N,12157.0072600,W,1,0,0.0,0.0000,M,0.0000,M,0.0000,0
$GPRMC,222545.44,A,3719.0122480,N,12157.0072600,W,0.0056,0.3209,101220,,,,
$GPGGA,222546.44,3719.0122480,N,12157.0072600,W,1,0,0.0,0.0000,M,0.0000,M,0.0000,0
$GPRMC,222546.44,A,3719.0122480,N,12157.0072600,W,0.0064,0.3199,101220,,,,
$GPGGA,222547.44,3719.0122480,N,12157.0072600,W,1,0,0.0,0.0000,M,0.0000,M,0.0000,0
$GPRMC,222547.44,A,3719.0122480,N,12157.0072600,W,0.0064,0.3188,101220,,,,
$GPGGA,222548.44,3719.0122660,N,12157.0072600,W,1,0,0.0,0.0000,M,0.0000,M,0.0000,0
$GPRMC,222548.44,A,3719.0122660,N,12157.0072600,W,0.1270,0.3208,101220,,,,
$GPGGA,222549.44,3719.0124100,N,12157.0072540,W,1,0,0.0,0.0000,M,0.0000,M,0.0000,0
$GPRMC,222549.44,A,3719.0124100,N,12157.0072540,W,0.4365,0.3228,101220,,,,
$GPGGA,222550.44,3719.0127040,N,12157.0072480,W,1,0,0.0,0.0000,M,0.0000,M,0.0000,0
$GPRMC,222550.44,A,3719.0127040,N,12157.0072480,W,0.6032,0.3197,101220,,,,
$GPGGA,222551.44,3719.0130100,N,12157.0072420,W,1,0,0.0,0.0000,M,0.0000,M,0.0000,0
$GPRMC,222551.44,A,3719.0130100,N,12157.0072420,W,0.4818,0.3163,101220,,,,
$GPGGA,222552.44,3719.0132200,N,12157.0072480,W,1,0,0.0,0.0000,M,0.0000,M,0.0000,0
$GPRMC,222552.44,A,3719.0132200,N,12157.0072480,W,0.2774,0.3127,101220,,,,
$GPGGA,222553.44,3719.0133160,N,12157.0072420,W,1,0,0.0,0.0000,M,0.0000,M,0.0000,0
$GPRMC,222553.44,A,3719.0133160,N,12157.0072420,W,0.0858,0.3097,101220,,,,
$GPGGA,222554.44,3719.0133280,N,12157.0072420,W,1,0,0.0,0.0000,M,0.0000,M,0.0000,0
$GPRMC,222554.44,A,3719.0133280,N,12157.0072420,W,0.0064,0.3087,101220,,,,
$GPGGA,222555.44,3719.0133280,N,12157.0072420,W,1,0,0.0,0.0000,M,0.0000,M,0.0000,0
$GPRMC,222555.44,A,3719.0133280,N,12157.0072420,W,0.0064,0.3073,101220,,,,
$GPGGA,222556.44,3719.0133280,N,12157.0072420,W,1,0,0.0,0.0000,M,0.0000,M,0.0000,0
$GPRMC,222556.44,A,3719.0133280,N,12157.0072420,W,0.0064,0.3062,101220,,,,
$GPGGA,222557.44,3719.0133280,N,12157.0072420,W,1,0,0.0,0.0000,M,0.0000,M,0.0000,0
$GPRMC,222557.44,A,3719.0133280,N,12157.0072420,W,0.0058,0.3051,101220,,,,
$GPGGA,222558.44,3719.0133280,N,12157.0072420,W,1,0,0.0,0.0000,M,0.0000,M,0.0000,0
$GPRMC,222558.44,A,3719.0133280,N,12157.0072420,W,0.0053,0.3044,101220,,,,
$GPGGA,222559.44,3719.0133280,N,12157.0072420,W,1,0,0.0,0.0000,M,0.0000,M,0.0000,0
$GPRMC,222559.44,A,3719.0133280,N,12157.0072420,W,0.0054,0.3036,101220,,,,
$GPGGA,222600.44,3719.0133280,N,12157.0072420,W,1,0,0.0,0.0000,M,0.0000,M,0.0000,0
$GPRMC,222600.44,A,3719.0133280,N,12157.0072420,W,0.0050,0.3026,101220,,,,
$GPGGA,222601.44,3719.0133280,N,12157.0072420,W,1,0,0.0,0.0000,M,0.0000,M,0.0000,0
$GPRMC,222601.44,A,3719.0133280,N,12157.0072420,W,0.0048,0.3017,101220,,,,
$GPGGA,222602.44,3719.0133280,N,12157.0072420,W,1,0,0.0,0.0000,M,0.0000,M,0.0000,0
$GPRMC,222602.44,A,3719.0133280,N,12157.0072420,W,0.0049,0.3008,101220,,,,
$GPGGA,222603.44,3719.0133280,N,12157.0072420,W,1,0,0.0,0.0000,M,0.0000,M,0.0000,0
$GPRMC,222603.44,A,3719.0133280,N,12157.0072420,W,0.0054,0.2997,101220,,,,
$GPGGA,222604.44,3719.0133280,N,12157.0072420,W,1,0,0.0,0.0000,M,0.0000,M,0.0000,0
$GPRMC,222604.44,A,3719.0133280,N,12157.0072420,W,0.0050,0.2984,101220,,,,
$GPGGA,222605.44,3719.0133280,N,12157.0072420,W,1,0,0.0,0.0000,M,0.0000,M,0.0000,0
$GPRMC,222605.44,A,3719.0133280,N,12157.0072420,W,0.0045,0.2973,101220,,,,
$GPGGA,222606.44,3719.0133280,N,12157.0072420,W,1,0,0.0,0.0000,M,0.0000,M,0.0000,0
$GPRMC,222606.44,A,3719.0133280,N,12157.0072420,W,0.0045,0.2964,101220,,,,
$GPGGA,222607.44,3719.0133280,N,12157.0072420,W,1,0,0.0,0.0000,M,0.0000,M,0.0000,0
$GPRMC,222607.44,A,3719.0133280,N,12157.0072420,W,0.0045,0.2955,101220,,,,
$GPGGA,222608.44,3719.0133280,N,12157.0072420,W,1,0,0.0,0.0000,M,0.0000,M,0.0000,0
$GPRMC,222608.44,A,3719.0133280,N,12157.0072420,W,0.0045,0.2946,101220,,,,
$GPGGA,222609.44,3719.0133280,N,12157.0072420,W,1,0,0.0,0.0000,M,0.0000,M,0.0000,0
$GPRMC,222609.44,A,3719.0133280,N,12157.0072420,W,0.0045,0.2936,101220,,,,
$GPGGA,222610.44,3719.0133280,N,12157.0072420,W,1,0,0.0,0.0000,M,0.0000,M,0.0000,0
$GPRMC,222610.44,A,3719.0133280,N,12157.0072420,W,0.0049,0.2924,101220,,,,
$GPGGA,222611.44,3719.0133280,N,12157.0072420,W,1,0,0.0,0.0000,M,0.0000,M,0.0000,0
$GPRMC,222611.44,A,3719.0133280,N,12157.0072420,W,0.0054,0.2913,101220,,,,
$GPGGA,222612.44,3719.0133280,N,12157.0072420,W,1,0,0.0,0.0000,M,0.0000,M,0.0000,0
$GPRMC,222612.44,A,3719.0133280,N,12157.0072420,W,0.0054,0.2903,101220,,,,
$GPGGA,222613.44,3719.0133280,N,12157.0072420,W,1,0,0.0,0.0000,M,0.0000,M,0.0000,0
$GPRMC,222613.44,A,3719.0133280,N,12157.0072420,W,0.0056,0.2893,101220,,,,
$GPGGA,222614.44,3719.0133280,N,12157.0072420,W,1,0,0.0,0.0000,M,0.0000,M,0.0000,0
$GPRMC,222614.44,A,3719.0133280,N,12157.0072420,W,0.0061,0.2885,101220,,,,
$GPGGA,222615.44,3719.0133280,N,12157.0072420,W,1,0,0.0,0.0000,M,0.0000,M,0.0000,0
$GPRMC,222615.44,A,3719.0133280,N,12157.0072420,W,0.0067,0.2875,101220,,,,
$GPGGA,222616.44,3719.0133280,N,12157.0072420,W,1,0,0.0,0.0000,M,0.0000,M,0.0000,0
$GPRMC,222616.44,A,3719.0133280,N,12157.0072420,W,0.0085,0.2860,101220,,,,
$GPGGA,222617.44,3719.0133280,N,12157.0072420,W,1,0,0.0,0.0000,M,0.0000,M,0.0000,0
$GPRMC,222617.44,A,3719.0133280,N,12157.0072420,W,0.0103,0.2845,101220,,,,
$GPGGA,222618.44,3719.0133280,N,12157.0072420,W,1,0,0.0,0.0000,M,0.0000,M,0.0000,0
$GPRMC,222618.44,A,3719.0133280,N,12157.0072420,W,0.0113,0.2835,101220,,,,
$GPGGA,222619.65,3719.0133220,N,12157.0072420,W,1,0,0.0,0.0000,M,0.0000,M,0.0000,0
$GPRMC,222619.65,A,3719.0133220,N,12157.0072420,W,0.0134,0.2824,101220,,,,
$GPGGA,222620.76,3719.0133220,N,12157.0072420,W,1,0,0.0,0.0000,M,0.0000,M,0.0000,0
$GPRMC,222620.76,A,3719.0133220,N,12157.0072420,W,0.0139,0.2821,101220,,,,
$GPGGA,222621.45,3719.0133940,N,12157.0072420,W,1,0,0.0,0.0000,M,0.0000,M,0.0000,0
$GPRMC,222621.45,A,3719.0133940,N,12157.0072420,W,0.3226,0.2814,101220,,,,
$GPGGA,222622.67,3719.0138560,N,12157.0072360,W,1,0,0.0,0.0000,M,0.0000,M,0.0000,0
$GPRMC,222622.67,A,3719.0138560,N,12157.0072360,W,1.1145,0.2720,101220,,,,
$GPGGA,222623.66,3719.0145700,N,12157.0072360,W,1,0,0.0,0.0000,M,0.0000,M,0.0000,0
$GPRMC,222623.66,A,3719.0145700,N,12157.0072360,W,1.5307,0.2597,101220,,,,
$GPGGA,222624.65,3719.0154640,N,12157.0072360,W,1,0,0.0,0.0000,M,0.0000,M,0.0000,0
$GPRMC,222624.65,A,3719.0154640,N,12157.0072360,W,1.8512,0.2152,101220,,,,
$GPGGA,222625.66,3719.0166700,N,12157.0072420,W,1,0,0.0,0.0000,M,0.0000,M,0.0000,0
$GPRMC,222625.66,A,3719.0166700,N,12157.0072420,W,2.5857,0.1591,101220,,,,
$GPGGA,222626.66,3719.0183860,N,12157.0072480,W,1,0,0.0,0.0000,M,0.0000,M,0.0000,0
$GPRMC,222626.66,A,3719.0183860,N,12157.0072480,W,3.8586,0.0920,101220,,,,
$GPGGA,222627.67,3719.0209300,N,12157.0072540,W,1,0,0.0,0.0000,M,0.0000,M,0.0000,0
$GPRMC,222627.67,A,3719.0209300,N,12157.0072540,W,5.2938,0.0527,101220,,,,
$GPGGA,222628.66,3719.0239360,N,12157.0072720,W,1,0,0.0,0.0000,M,0.0000,M,0.0000,0
$GPRMC,222628.66,A,3719.0239360,N,12157.0072720,W,5.7656,0.0853,101220,,,,
$GPGGA,222629.65,3719.0270320,N,12157.0073740,W,1,0,0.0,0.0000,M,0.0000,M,0.0000,0
$GPRMC,222629.65,A,3719.0270320,N,12157.0073740,W,5.8578,358.0100,101220,,,,
$GPGGA,222630.45,3719.0295400,N,12157.0078660,W,1,0,0.0,0.0000,M,0.0000,M,0.0000,0
$GPRMC,222630.45,A,3719.0295400,N,12157.0078660,W,5.9977,351.1471,101220,,,,
$GPGGA,222631.45,3719.0325340,N,12157.0093900,W,1,0,0.0,0.0000,M,0.0000,M,0.0000,0
$GPRMC,222631.45,A,3719.0325340,N,12157.0093900,W,6.1277,335.5869,101220,,,,
$GPGGA,222632.45,3719.0350000,N,12157.0121620,W,1,0,0.0,0.0000,M,0.0000,M,0.0000,0
$GPRMC,222632.45,A,3719.0350000,N,12157.0121620,W,6.4422,315.9385,101220,,,,
$GPGGA,222633.45,3719.0366260,N,12157.0161940,W,1,0,0.0,0.0000,M,0.0000,M,0.0000,0
$GPRMC,222633.45,A,3719.0366260,N,12157.0161940,W,7.2411,294.1530,101220,,,,
$GPGGA,222634.45,3719.0370820,N,12157.0213120,W,1,0,0.0,0.0000,M,0.0000,M,0.0000,0
$GPRMC,222634.45,A,3719.0370820,N,12157.0213120,W,8.2738,273.9222,101220,,,,
$GPGGA,222635.45,3719.0366620,N,12157.0273000,W,1,0,0.0,0.0000,M,0.0000,M,0.0000,0
$GPRMC,222635.45,A,3719.0366620,N,12157.0273000,W,9.6540,264.3927,101220,,,,
$GPGGA,222636.45,3719.0360140,N,12157.0343680,W,1,0,0.0,0.0000,M,0.0000,M,0.0000,0
$GPRMC,222636.45,A,3719.0360140,N,12157.0343680,W,11.4248,263.9363,101220,,,,
$GPGGA,222637.45,3719.0352820,N,12157.0426420,W,1,0,0.0,0.0000,M,0.0000,M,0.0000,0
$GPRMC,222637.45,A,3719.0352820,N,12157.0426420,W,13.0798,263.9315,101220,,,,
$GPGGA,222638.45,3719.0344480,N,12157.0518820,W,1,0,0.0,0.0000,M,0.0000,M,0.0000,0
$GPRMC,222638.45,A,3719.0344480,N,12157.0518820,W,14.3764,263.7536,101220,,,,
$GPGGA,222639.45,3719.0335300,N,12157.0619260,W,1,0,0.0,0.0000,M,0.0000,M,0.0000,0
$GPRMC,222639.45,A,3719.0335300,N,12157.0619260,W,15.4771,263.7437,101220,,,,
$GPGGA,222640.45,3719.0325820,N,12157.0726360,W,1,0,0.0,0.0000,M,0.0000,M,0.0000,0
$GPRMC,222640.45,A,3719.0325820,N,12157.0726360,W,16.2853,263.9980,101220,,,,
$GPGGA,222641.45,3719.0316280,N,12157.0837600,W,1,0,0.0,0.0000,M,0.0000,M,0.0000,0
$GPRMC,222641.45,A,3719.0316280,N,12157.0837600,W,16.7210,264.0017,101220,,,,
$GPGGA,222642.45,3719.0306320,N,12157.0951420,W,1,0,0.0,0.0000,M,0.0000,M,0.0000,0
$GPRMC,222642.45,A,3719.0306320,N,12157.0951420,W,17.1331,263.7716,101220,,,,
$GPGGA,222643.45,3719.0295400,N,12157.1068600,W,1,0,0.0,0.0000,M,0.0000,M,0.0000,0
$GPRMC,222643.45,A,3719.0295400,N,12157.1068600,W,17.7166,263.3291,101220,,,,
$GPGGA,222644.45,3719.0283100,N,12157.1188840,W,1,0,0.0,0.0000,M,0.0000,M,0.0000,0
$GPRMC,222644.45,A,3719.0283100,N,12157.1188840,W,18.0537,262.5570,101220,,,,
$GPGGA,222645.45,3719.0269780,N,12157.1309560,W,1,0,0.0,0.0000,M,0.0000,M,0.0000,0
$GPRMC,222645.45,A,3719.0269780,N,12157.1309560,W,17.9330,262.0500,101220,,,,
$GPGGA,222646.45,3719.0256040,N,12157.1429080,W,1,0,0.0,0.0000,M,0.0000,M,0.0000,0
$GPRMC,222646.45,A,3719.0256040,N,12157.1429080,W,17.7391,261.8086,101220,,,,
$GPGGA,222647.45,3719.0242360,N,12157.1547640,W,1,0,0.0,0.0000,M,0.0000,M,0.0000,0
$GPRMC,222647.45,A,3719.0242360,N,12157.1547640,W,17.6681,261.8778,101220,,,,
$GPGGA,222648.45,3719.0228800,N,12157.1666620,W,1,0,0.0,0.0000,M,0.0000,M,0.0000,0
$GPRMC,222648.45,A,3719.0228800,N,12157.1666620,W,17.8844,262.0454,101220,,,,
$GPGGA,222649.45,3719.0215120,N,12157.1788000,W,1,0,0.0,0.0000,M,0.0000,M,0.0000,0
$GPRMC,222649.45,A,3719.0215120,N,12157.1788000,W,18.3873,262.0279,101220,,,,
$GPGGA,222650.45,3719.0200900,N,12157.1913700,W,1,0,0.0,0.0000,M,0.0000,M,0.0000,0
$GPRMC,222650.45,A,3719.0200900,N,12157.1913700,W,19.1528,261.9100,101220,,,,
$GPGGA,222651.45,3719.0185720,N,12157.2045040,W,1,0,0.0,0.0000,M,0.0000,M,0.0000,0
$GPRMC,222651.45,A,3719.0185720,N,12157.2045040,W,20.0628,261.7953,101220,,,,
$GPGGA,222652.45,3719.0169820,N,12157.2182560,W,1,0,0.0,0.0000,M,0.0000,M,0.0000,0
$GPRMC,222652.45,A,3719.0169820,N,12157.2182560,W,21.0097,261.8010,101220,,,,
$GPGGA,222653.45,3719.0153320,N,12157.2326320,W,1,0,0.0,0.0000,M,0.0000,M,0.0000,0
$GPRMC,222653.45,A,3719.0153320,N,12157.2326320,W,21.8754,261.8362,101220,,,,
$GPGGA,222654.45,3719.0136220,N,12157.2475180,W,1,0,0.0,0.0000,M,0.0000,M,0.0000,0
$GPRMC,222654.45,A,3719.0136220,N,12157.2475180,W,22.5174,261.8409,101220,,,,
$GPGGA,222655.45,3719.0119120,N,12157.2627160,W,1,0,0.0,0.0000,M,0.0000,M,0.0000,0
$GPRMC,222655.45,A,3719.0119120,N,12157.2627160,W,22.7480,262.1227,101220,,,,
$GPGGA,222656.45,3719.0102500,N,12157.2779380,W,1,0,0.0,0.0000,M,0.0000,M,0.0000,0
$GPRMC,222656.45,A,3719.0102500,N,12157.2779380,W,22.5952,262.2320,101220,,,,
$GPGGA,222657.45,3719.0086120,N,12157.2930100,W,1,0,0.0,0.0000,M,0.0000,M,0.0000,0
$GPRMC,222657.45,A,3719.0086120,N,12157.2930100,W,22.3470,262.1633,101220,,,,
$GPGGA,222658.45,3719.0069860,N,12157.3079080,W,1,0,0.0,0.0000,M,0.0000,M,0.0000,0
$GPRMC,222658.45,A,3719.0069860,N,12157.3079080,W,22.0808,262.3719,101220,,,,
$GPGGA,222659.45,3719.0054500,N,12157.3226320,W,1,0,0.0,0.0000,M,0.0000,M,0.0000,0
$GPRMC,222659.45,A,3719.0054500,N,12157.3226320,W,21.8035,262.7885,101220,,,,
$GPGGA,222700.45,3719.0040580,N,12157.3372300,W,1,0,0.0,0.0000,M,0.0000,M,0.0000,0
$GPRMC,222700.45,A,3719.0040580,N,12157.3372300,W,21.6473,263.4631,101220,,,,
$GPGGA,222701.45,3719.0027320,N,12157.3518040,W,1,0,0.0,0.0000,M,0.0000,M,0.0000,0
$GPRMC,222701.45,A,3719.0027320,N,12157.3518040,W,21.7435,263.3371,101220,,,,
$GPGGA,222702.45,3719.0012560,N,12157.3665280,W,1,0,0.0,0.0000,M,0.0000,M,0.0000,0
$GPRMC,222702.45,A,3719.0012560,N,12157.3665280,W,22.2162,262.3870,101220,,,,
$GPGGA,222703.45,3718.9996240,N,12157.3816900,W,1,0,0.0,0.0000,M,0.0000,M,0.0000,0
$GPRMC,222703.45,A,3718.9996240,N,12157.3816900,W,23.0603,262.4357,101220,,,,
$GPGGA,222704.45,3718.9980820,N,12157.3975060,W,1,0,0.0,0.0000,M,0.0000,M,0.0000,0
$GPRMC,222704.45,A,3718.9980820,N,12157.3975060,W,24.0104,263.5631,101220,,,,
$GPGGA,222705.45,3718.9968100,N,12157.4140060,W,1,0,0.0,0.0000,M,0.0000,M,0.0000,0
$GPRMC,222705.45,A,3718.9968100,N,12157.4140060,W,24.9620,265.1342,101220,,,,
$GPGGA,222706.45,3718.9958440,N,12157.4311780,W,1,0,0.0,0.0000,M,0.0000,M,0.0000,0
$GPRMC,222706.45,A,3718.9958440,N,12157.4311780,W,25.8929,266.5060,101220,,,,
$GPGGA,222707.64,3718.9949740,N,12157.4526040,W,1,0,0.0,0.0000,M,0.0000,M,0.0000,0
$GPRMC,222707.64,A,3718.9949740,N,12157.4526040,W,26.9954,267.4679,101220,,,,
$GPGGA,222708.66,3718.9943980,N,12157.4714260,W,1,0,0.0,0.0000,M,0.0000,M,0.0000,0
$GPRMC,222708.66,A,3718.9943980,N,12157.4714260,W,27.8919,268.0985,101220,,,,
$GPGGA,222709.65,3718.9940020,N,12157.4903860,W,1,0,0.0,0.0000,M,0.0000,M,0.0000,0
$GPRMC,222709.65,A,3718.9940020,N,12157.4903860,W,28.5898,268.7786,101220,,,,
$GPGGA,222710.66,3718.9937800,N,12157.5102040,W,1,0,0.0,0.0000,M,0.0000,M,0.0000,0
$GPRMC,222710.66,A,3718.9937800,N,12157.5102040,W,29.1479,269.5820,101220,,,,
$GPGGA,222711.66,3718.9937800,N,12157.5299320,W,1,0,0.0,0.0000,M,0.0000,M,0.0000,0
$GPRMC,222711.66,A,3718.9937800,N,12157.5299320,W,29.6450,270.3956,101220,,,,
$GPGGA,222712.67,3718.9939900,N,12157.5504280,W,1,0,0.0,0.0000,M,0.0000,M,0.0000,0
$GPRMC,222712.67,A,3718.9939900,N,12157.5504280,W,30.1490,271.0144,101220,,,,
$GPGGA,222713.66,3718.9943140,N,12157.5708160,W,1,0,0.0,0.0000,M,0.0000,M,0.0000,0
$GPRMC,222713.66,A,3718.9943140,N,12157.5708160,W,30.6299,271.1288,101220,,,,
$GPGGA,222714.65,3718.9946560,N,12157.5914560,W,1,0,0.0,0.0000,M,0.0000,M,0.0000,0
$GPRMC,222714.65,A,3718.9946560,N,12157.5914560,W,31.0394,271.2468,101220,,,,
$GPGGA,222715.66,3718.9950520,N,12157.6127920,W,1,0,0.0,0.0000,M,0.0000,M,0.0000,0
$GPRMC,222715.66,A,3718.9950520,N,12157.6127920,W,31.3192,271.2873,101220,,,,
$GPGGA,222716.66,3718.9954240,N,12157.6339960,W,1,0,0.0,0.0000,M,0.0000,M,0.0000,0
$GPRMC,222716.66,A,3718.9954240,N,12157.6339960,W,31.5112,271.1495,101220,,,,
$GPGGA,222717.77,3718.9957900,N,12157.6577740,W,1,0,0.0,0.0000,M,0.0000,M,0.0000,0
$GPRMC,222717.77,A,3718.9957900,N,12157.6577740,W,31.6252,270.9355,101220,,,,
$GPGGA,222718.56,3718.9960180,N,12157.6746880,W,1,0,0.0,0.0000,M,0.0000,M,0.0000,0
$GPRMC,222718.56,A,3718.9960180,N,12157.6746880,W,31.6378,270.8939,101220,,,,
$GPGGA,222719.55,3718.9963000,N,12157.6959160,W,1,0,0.0,0.0000,M,0.0000,M,0.0000,0
$GPRMC,222719.55,A,3718.9963000,N,12157.6959160,W,31.6178,270.9943,101220,,,,
$GPGGA,222720.56,3718.9966300,N,12157.7175460,W,1,0,0.0,0.0000,M,0.0000,M,0.0000,0
$GPRMC,222720.56,A,3718.9966300,N,12157.7175460,W,31.5462,271.1106,101220,,,,
$GPGGA,222721.55,3718.9969660,N,12157.7386540,W,1,0,0.0,0.0000,M,0.0000,M,0.0000,0
$GPRMC,222721.55,A,3718.9969660,N,12157.7386540,W,31.4204,271.0853,101220,,,,
$GPGGA,222722.45,3718.9972300,N,12157.7575840,W,1,0,0.0,0.0000,M,0.0000,M,0.0000,0
$GPRMC,222722.45,A,3718.9972300,N,12157.7575840,W,31.2878,270.9627,101220,,,,
$GPGGA,222723.76,3718.9976140,N,12157.7851720,W,1,0,0.0,0.0000,M,0.0000,M,0.0000,0
$GPRMC,222723.76,A,3718.9976140,N,12157.7851720,W,30.8804,271.1252,101220,,,,
$GPGGA,222724.55,3718.9978180,N,12157.8016420,W,1,0,0.0,0.0000,M,0.0000,M,0.0000,0
$GPRMC,222724.55,A,3718.9978180,N,12157.8016420,W,30.5462,270.8111,101220,,,,
$GPGGA,222725.46,3718.9979380,N,12157.8204520,W,1,0,0.0,0.0000,M,0.0000,M,0.0000,0
$GPRMC,222725.46,A,3718.9979380,N,12157.8204520,W,30.2510,270.0776,101220,,,,
$GPGGA,222726.65,3718.9978060,N,12157.8445600,W,1,0,0.0,0.0000,M,0.0000,M,0.0000,0
$GPRMC,222726.65,A,3718.9978060,N,12157.8445600,W,29.9211,269.1943,101220,,,,
$GPGGA,222727.67,3718.9974400,N,12157.8651340,W,1,0,0.0,0.0000,M,0.0000,M,0.0000,0
$GPRMC,222727.67,A,3718.9974400,N,12157.8651340,W,29.6490,268.3753,101220,,,,
$GPGGA,222728.66,3718.9969000,N,12157.8850000,W,1,0,0.0,0.0000,M,0.0000,M,0.0000,0
$GPRMC,222728.66,A,3718.9969000,N,12157.8850000,W,29.5027,267.8829,101220,,,,
$GPGGA,222729.65,3718.9963000,N,12157.9047160,W,1,0,0.0,0.0000,M,0.0000,M,0.0000,0
$GPRMC,222729.65,A,3718.9963000,N,12157.9047160,W,29.4816,267.8291,101220,,,,
$GPGGA,222730.66,3718.9956940,N,12157.9249180,W,1,0,0.0,0.0000,M,0.0000,M,0.0000,0
$GPRMC,222730.66,A,3718.9956940,N,12157.9249180,W,29.5489,267.7595,101220,,,,
$GPGGA,222731.65,3718.9950700,N,12157.9446340,W,1,0,0.0,0.0000,M,0.0000,M,0.0000,0
$GPRMC,222731.65,A,3718.9950700,N,12157.9446340,W,29.6444,267.6531,101220,,,,
$GPGGA,222732.67,3718.9944040,N,12157.9650820,W,1,0,0.0,0.0000,M,0.0000,M,0.0000,0
$GPRMC,222732.67,A,3718.9944040,N,12157.9650820,W,29.6719,267.6293,101220,,,,
$GPGGA,222733.66,3718.9937620,N,12157.9849720,W,1,0,0.0,0.0000,M,0.0000,M,0.0000,0
$GPRMC,222733.66,A,3718.9937620,N,12157.9849720,W,29.6184,267.5891,101220,,,,
$GPGGA,222734.65,3718.9930840,N,12158.0048320,W,1,0,0.0,0.0000,M,0.0000,M,0.0000,0
$GPRMC,222734.65,A,3718.9930840,N,12158.0048320,W,29.5869,267.3994,101220,,,,
$GPGGA,222735.66,3718.9923460,N,12158.0250940,W,1,0,0.0,0.0000,M,0.0000,M,0.0000,0
$GPRMC,222735.66,A,3718.9923460,N,12158.0250940,W,29.5108,267.2303,101220,,,,
$GPGGA,222736.65,3718.9916200,N,12158.0446720,W,1,0,0.0,0.0000,M,0.0000,M,0.0000,0
$GPRMC,222736.65,A,3718.9916200,N,12158.0446720,W,29.3685,267.4226,101220,,,,
$GPGGA,222737.65,3718.9910500,N,12158.0644540,W,1,0,0.0,0.0000,M,0.0000,M,0.0000,0
$GPRMC,222737.65,A,3718.9910500,N,12158.0644540,W,29.1634,268.4452,101220,,,,
$GPGGA,222738.66,3718.9908640,N,12158.0843260,W,1,0,0.0,0.0000,M,0.0000,M,0.0000,0
$GPRMC,222738.66,A,3718.9908640,N,12158.0843260,W,28.8849,270.2179,101220,,,,
$GPGGA,222739.65,3718.9911220,N,12158.1036160,W,1,0,0.0,0.0000,M,0.0000,M,0.0000,0
$GPRMC,222739.65,A,3718.9911220,N,12158.1036160,W,28.5444,271.5771,101220,,,,
$GPGGA,222740.66,3718.9916800,N,12158.1230980,W,1,0,0.0,0.0000,M,0.0000,M,0.0000,0
$GPRMC,222740.66,A,3718.9916800,N,12158.1230980,W,28.1670,272.4338,101220,,,,
$GPGGA,222741.75,3718.9924960,N,12158.1435700,W,1,0,0.0,0.0000,M,0.0000,M,0.0000,0
$GPRMC,222741.75,A,3718.9924960,N,12158.1435700,W,27.7521,273.2039,101220,,,,
$GPGGA,222742.44,3718.9931080,N,12158.1564940,W,1,0,0.0,0.0000,M,0.0000,M,0.0000,0
$GPRMC,222742.44,A,3718.9931080,N,12158.1564940,W,27.4869,273.4249,101220,,,,
$GPGGA,222743.66,3718.9941460,N,12158.1789340,W,1,0,0.0,0.0000,M,0.0000,M,0.0000,0
$GPRMC,222743.66,A,3718.9941460,N,12158.1789340,W,27.0241,272.9358,101220,,,,
$GPGGA,222744.75,3718.9948900,N,12158.1987400,W,1,0,0.0,0.0000,M,0.0000,M,0.0000,0
$GPRMC,222744.75,A,3718.9948900,N,12158.1987400,W,26.6282,272.3172,101220,,,,
$GPGGA,222745.46,3718.9952620,N,12158.2114540,W,1,0,0.0,0.0000,M,0.0000,M,0.0000,0
$GPRMC,222745.46,A,3718.9952620,N,12158.2114540,W,26.3786,271.8994,101220,,,,
$GPGGA,222746.65,3718.9958440,N,12158.2325140,W,1,0,0.0,0.0000,M,0.0000,M,0.0000,0
$GPRMC,222746.65,A,3718.9958440,N,12158.2325140,W,25.9652,272.2770,101220,,,,
$GPGGA,222747.75,3718.9966960,N,12158.2516480,W,1,0,0.0,0.0000,M,0.0000,M,0.0000,0
$GPRMC,222747.75,A,3718.9966960,N,12158.2516480,W,25.5922,273.9974,101220,,,,
$GPGGA,222748.46,3718.9975360,N,12158.2638460,W,1,0,0.0,0.0000,M,0.0000,M,0.0000,0
$GPRMC,222748.46,A,3718.9975360,N,12158.2638460,W,25.3717,275.1821,101220,,,,
$GPGGA,222749.65,3718.9993240,N,12158.2840600,W,1,0,0.0,0.0000,M,0.0000,M,0.0000,0
$GPRMC,222749.65,A,3718.9993240,N,12158.2840600,W,25.0034,277.0114,101220,,,,
$GPGGA,222750.66,3719.0011840,N,12158.3007520,W,1,0,0.0,0.0000,M,0.0000,M,0.0000,0
$GPRMC,222750.66,A,3719.0011840,N,12158.3007520,W,24.0450,278.5655,101220,,,,
$GPGGA,222751.65,3719.0033440,N,12158.3162500,W,1,0,0.0,0.0000,M,0.0000,M,0.0000,0
$GPRMC,222751.65,A,3719.0033440,N,12158.3162500,W,22.8830,280.8140,101220,,,,
$GPGGA,222752.65,3719.0060380,N,12158.3309920,W,1,0,0.0,0.0000,M,0.0000,M,0.0000,0
$GPRMC,222752.65,A,3719.0060380,N,12158.3309920,W,22.3607,284.5685,101220,,,,
$GPGGA,222753.66,3719.0096620,N,12158.3456200,W,1,0,0.0,0.0000,M,0.0000,M,0.0000,0
$GPRMC,222753.66,A,3719.0096620,N,12158.3456200,W,22.4400,289.0226,101220,,,,
$GPGGA,222754.65,3719.0140420,N,12158.3596720,W,1,0,0.0,0.0000,M,0.0000,M,0.0000,0
$GPRMC,222754.65,A,3719.0140420,N,12158.3596720,W,22.5101,292.7439,101220,,,,
$GPGGA,222755.66,3719.0191240,N,12158.3736040,W,1,0,0.0,0.0000,M,0.0000,M,0.0000,0
$GPRMC,222755.66,A,3719.0191240,N,12158.3736040,W,22.3674,295.6350,101220,,,,
$GPGGA,222756.65,3719.0244580,N,12158.3869900,W,1,0,0.0,0.0000,M,0.0000,M,0.0000,0
$GPRMC,222756.65,A,3719.0244580,N,12158.3869900,W,22.0151,296.8899,101220,,,,
$GPGGA,222757.64,3719.0297380,N,12158.4000280,W,1,0,0.0,0.0000,M,0.0000,M,0.0000,0
$GPRMC,222757.64,A,3719.0297380,N,12158.4000280,W,21.4757,296.6862,101220,,,,
$GPGGA,222758.66,3719.0349160,N,12158.4129400,W,1,0,0.0,0.0000,M,0.0000,M,0.0000,0
$GPRMC,222758.66,A,3719.0349160,N,12158.4129400,W,20.6078,296.4785,101220,,,,
$GPGGA,222759.65,3719.0396920,N,12158.4248920,W,1,0,0.0,0.0000,M,0.0000,M,0.0000,0
$GPRMC,222759.65,A,3719.0396920,N,12158.4248920,W,19.1416,296.3905,101220,,,,
$GPGGA,222800.66,3719.0441080,N,12158.4359260,W,1,0,0.0,0.0000,M,0.0000,M,0.0000,0
$GPRMC,222800.66,A,3719.0441080,N,12158.4359260,W,16.6067,296.8063,101220,,,,
$GPGGA,222801.66,3719.0481520,N,12158.4447340,W,1,0,0.0,0.0000,M,0.0000,M,0.0000,0
$GPRMC,222801.66,A,3719.0481520,N,12158.4447340,W,13.5691,302.2642,101220,,,,
$GPGGA,222802.65,3719.0523280,N,12158.4510100,W,1,0,0.0,0.0000,M,0.0000,M,0.0000,0
$GPRMC,222802.65,A,3719.0523280,N,12158.4510100,W,11.0031,314.7852,101220,,,,
$GPGGA,222803.66,3719.0568400,N,12158.4548560,W,1,0,0.0,0.0000,M,0.0000,M,0.0000,0
$GPRMC,222803.66,A,3719.0568400,N,12158.4548560,W,9.0667,331.2386,101220,,,,
$GPGGA,222804.65,3719.0610760,N,12158.4564640,W,1,0,0.0,0.0000,M,0.0000,M,0.0000,0
$GPRMC,222804.65,A,3719.0610760,N,12158.4564640,W,7.7737,346.4162,101220,,,,
$GPGGA,222805.66,3719.0651620,N,12158.4569560,W,1,0,0.0,0.0000,M,0.0000,M,0.0000,0
$GPRMC,222805.66,A,3719.0651620,N,12158.4569560,W,7.3456,355.3721,101220,,,,
$GPGGA,222806.65,3719.0691520,N,12158.4569920,W,1,0,0.0,0.0000,M,0.0000,M,0.0000,0
$GPRMC,222806.65,A,3719.0691520,N,12158.4569920,W,7.5682,359.5316,101220,,,,
$GPGGA,222807.64,3719.0732920,N,12158.4568060,W,1,0,0.0,0.0000,M,0.0000,M,0.0000,0
$GPRMC,222807.64,A,3719.0732920,N,12158.4568060,W,7.7937,2.0688,101220,,,,
$GPGGA,222808.66,3719.0775340,N,12158.4561040,W,1,0,0.0,0.0000,M,0.0000,M,0.0000,0
$GPRMC,222808.66,A,3719.0775340,N,12158.4561040,W,7.7382,9.2016,101220,,,,
$GPGGA,222809.65,3719.0814400,N,12158.4545080,W,1,0,0.0,0.0000,M,0.0000,M,0.0000,0
$GPRMC,222809.65,A,3719.0814400,N,12158.4545080,W,7.6269,19.8146,101220,,,,
$GPGGA,222810.66,3719.0851600,N,12158.4521620,W,1,0,0.0,0.0000,M,0.0000,M,0.0000,0
$GPRMC,222810.66,A,3719.0851600,N,12158.4521620,W,7.4949,27.9040,101220,,,,
$GPGGA,222811.65,3719.0884000,N,12158.4496660,W,1,0,0.0,0.0000,M,0.0000,M,0.0000,0
$GPRMC,222811.65,A,3719.0884000,N,12158.4496660,W,6.5802,31.8932,101220,,,,
$GPGGA,222812.65,3719.0909500,N,12158.4475120,W,1,0,0.0,0.0000,M,0.0000,M,0.0000,0
$GPRMC,222812.65,A,3719.0909500,N,12158.4475120,W,4.6525,33.8397,101220,,,,
$GPGGA,222813.66,3719.0925520,N,12158.4461080,W,1,0,0.0,0.0000,M,0.0000,M,0.0000,0
$GPRMC,222813.66,A,3719.0925520,N,12158.4461080,W,2.4575,34.4465,101220,,,,
$GPGGA,222814.65,3719.0931940,N,12158.4455380,W,1,0,0.0,0.0000,M,0.0000,M,0.0000,0
$GPRMC,222814.65,A,3719.0931940,N,12158.4455380,W,0.6526,34.5138,101220,,,,
$GPGGA,222815.66,3719.0933140,N,12158.4454180,W,1,0,0.0,0.0000,M,0.0000,M,0.0000,0
$GPRMC,222815.66,A,3719.0933140,N,12158.4454180,W,0.0417,34.5250,101220,,,,
$GPGGA,222816.65,3719.0933080,N,12158.4454060,W,1,0,0.0,0.0000,M,0.0000,M,0.0000,0
$GPRMC,222816.65,A,3719.0933080,N,12158.4454060,W,0.0204,34.5230,101220,,,,
$GPGGA,222817.64,3719.0933080,N,12158.4453940,W,1,0,0.0,0.0000,M,0.0000,M,0.0000,0
$GPRMC,222817.64,A,3719.0933080,N,12158.4453940,W,0.0138,34.5208,101220,,,,
$GPGGA,222818.65,3719.0933020,N,12158.4453940,W,1,0,0.0,0.0000,M,0.0000,M,0.0000,0
$GPRMC,222818.65,A,3719.0933020,N,12158.4453940,W,0.0096,34.5197,101220,,,,
$GPGGA,222819.65,3719.0932960,N,12158.4453940,W,1,0,0.0,0.0000,M,0.0000,M,0.0000,0
$GPRMC,222819.65,A,3719.0932960,N,12158.4453940,W,0.0079,34.5187,101220,,,,
$GPGGA,222820.66,3719.0932960,N,12158.4453940,W,1,0,0.0,0.0000,M,0.0000,M,0.0000,0
$GPRMC,222820.66,A,3719.0932960,N,12158.4453940,W,0.0072,34.5176,101220,,,,
$GPGGA,222821.65,3719.0932900,N,12158.4454000,W,1,0,0.0,0.0000,M,0.0000,M,0.0000,0
$GPRMC,222821.65,A,3719.0932900,N,12158.4454000,W,0.0077,34.5165,101220,,,,
$GPGGA,222822.67,3719.0932900,N,12158.4454000,W,1,0,0.0,0.0000,M,0.0000,M,0.0000,0
$GPRMC,222822.67,A,3719.0932900,N,12158.4454000,W,0.0075,34.5153,101220,,,,
$GPGGA,222823.66,3719.0932840,N,12158.4454060,W,1,0,0.0,0.0000,M,0.0000,M,0.0000,0
$GPRMC,222823.66,A,3719.0932840,N,12158.4454060,W,0.0066,34.5141,101220,,,,
$GPGGA,222824.65,3719.0932840,N,12158.4454060,W,1,0,0.0,0.0000,M,0.0000,M,0.0000,0
$GPRMC,222824.65,A,3719.0932840,N,12158.4454060,W,0.0057,34.5130,101220,,,,
$GPGGA,222825.66,3719.0932780,N,12158.4454120,W,1,0,0.0,0.0000,M,0.0000,M,0.0000,0
$GPRMC,222825.66,A,3719.0932780,N,12158.4454120,W,0.0045,34.5121,101220,,,,
$GPGGA,222826.66,3719.0932780,N,12158.4454120,W,1,0,0.0,0.0000,M,0.0000,M,0.0000,0
$GPRMC,222826.66,A,3719.0932780,N,12158.4454120,W,0.0034,34.5112,101220,,,,
$GPGGA,222827.67,3719.0932780,N,12158.4454120,W,1,0,0.0,0.0000,M,0.0000,M,0.0000,0
$GPRMC,222827.67,A,3719.0932780,N,12158.4454120,W,0.0030,34.5100,101220,,,,
$GPGGA,222828.66,3719.0932780,N,12158.4454120,W,1,0,0.0,0.0000,M,0.0000,M,0.0000,0
$GPRMC,222828.66,A,3719.0932780,N,12158.4454120,W,0.0023,34.5091,101220,,,,
$GPGGA,222829.65,3719.0932780,N,12158.4454120,W,1,0,0.0,0.0000,M,0.0000,M,0.0000,0
$GPRMC,222829.65,A,3719.0932780,N,12158.4454120,W,0.0020,34.5086,101220,,,,
$GPGGA,222830.66,3719.0932780,N,12158.4454120,W,1,0,0.0,0.0000,M,0.0000,M,0.0000,0
$GPRMC,222830.66,A,3719.0932780,N,12158.4454120,W,0.0020,34.5076,101220,,,,
$GPGGA,222831.66,3719.0932780,N,12158.4454120,W,1,0,0.0,0.0000,M,0.0000,M,0.0000,0
$GPRMC,222831.66,A,3719.0932780,N,12158.4454120,W,0.0020,34.5066,101220,,,,
$GPGGA,222832.67,3719.0932780,N,12158.4454120,W,1,0,0.0,0.0000,M,0.0000,M,0.0000,0
$GPRMC,222832.67,A,3719.0932780,N,12158.4454120,W,0.0027,34.5057,101220,,,,
$GPGGA,222833.66,3719.0932780,N,12158.4454120,W,1,0,0.0,0.0000,M,0.0000,M,0.0000,0
$GPRMC,222833.66,A,3719.0932780,N,12158.4454120,W,0.0023,34.5048,101220,,,,
$GPGGA,222834.65,3719.0932780,N,12158.4454120,W,1,0,0.0,0.0000,M,0.0000,M,0.0000,0
$GPRMC,222834.65,A,3719.0932780,N,12158.4454120,W,0.0027,34.5039,101220,,,,
$GPGGA,222835.66,3719.0932780,N,12158.4454120,W,1,0,0.0,0.0000,M,0.0000,M,0.0000,0
$GPRMC,222835.66,A,3719.0932780,N,12158.4454120,W,0.0030,34.5031,101220,,,,
$GPGGA,222836.65,3719.0932780,N,12158.4454120,W,1,0,0.0,0.0000,M,0.0000,M,0.0000,0
$GPRMC,222836.65,A,3719.0932780,N,12158.4454120,W,0.0031,34.5022,101220,,,,
$GPGGA,222837.67,3719.0932780,N,12158.4454120,W,1,0,0.0,0.0000,M,0.0000,M,0.0000,0
$GPRMC,222837.67,A,3719.0932780,N,12158.4454120,W,0.0031,34.5011,101220,,,,
$GPGGA,222838.66,3719.0932780,N,12158.4454120,W,1,0,0.0,0.0000,M,0.0000,M,0.0000,0
$GPRMC,222838.66,A,3719.0932780,N,12158.4454120,W,0.0031,34.5002,101220,,,,
$GPGGA,222839.65,3719.0932780,N,12158.4454120,W,1,0,0.0,0.0000,M,0.0000,M,0.0000,0
$GPRMC,222839.65,A,3719.0932780,N,12158.4454120,W,0.0032,34.4992,101220,,,,
$GPGGA,222840.66,3719.0932780,N,12158.4454120,W,1,0,0.0,0.0000,M,0.0000,M,0.0000,0
$GPRMC,222840.66,A,3719.0932780,N,12158.4454120,W,0.0031,34.4984,101220,,,,
$GPGGA,222841.65,3719.0932780,N,12158.4454120,W,1,0,0.0,0.0000,M,0.0000,M,0.0000,0
$GPRMC,222841.65,A,3719.0932780,N,12158.4454120,W,0.0030,34.4976,101220,,,,
$GPGGA,222842.67,3719.0932780,N,12158.4454120,W,1,0,0.0,0.0000,M,0.0000,M,0.0000,0
$GPRMC,222842.67,A,3719.0932780,N,12158.4454120,W,0.0031,34.4974,101220,,,,
$GPGGA,222843.66,3719.0932780,N,12158.4454120,W,1,0,0.0,0.0000,M,0.0000,M,0.0000,0
$GPRMC,222843.66,A,3719.0932780,N,12158.4454120,W,0.0032,34.4971,101220,,,,
$GPGGA,222844.65,3719.0932780,N,12158.4454120,W,1,0,0.0,0.0000,M,0.0000,M,0.0000,0
$GPRMC,222844.65,A,3719.0932780,N,12158.4454120,W,0.0032,34.4960,101220,,,,
$GPGGA,222845.63,3719.0932780,N,12158.4454120,W,1,0,0.0,0.0000,M,0.0000,M,0.0000,0
$GPRMC,222845.63,A,3719.0932780,N,12158.4454120,W,0.0031,34.4950,101220,,,,
$GPGGA,222846.65,3719.0932780,N,12158.4454120,W,1,0,0.0,0.0000,M,0.0000,M,0.0000,0
$GPRMC,222846.65,A,3719.0932780,N,12158.4454120,W,0.0030,34.4940,101220,,,,
$GPGGA,222847.64,3719.0932780,N,12158.4454120,W,1,0,0.0,0.0000,M,0.0000,M,0.0000,0
$GPRMC,222847.64,A,3719.0932780,N,12158.4454120,W,0.0024,34.4933,101220,,,,
$GPGGA,222848.66,3719.0932780,N,12158.4454120,W,1,0,0.0,0.0000,M,0.0000,M,0.0000,0
$GPRMC,222848.66,A,3719.0932780,N,12158.4454120,W,0.0027,34.4925,101220,,,,
$GPGGA,222849.65,3719.0932780,N,12158.4454120,W,1,0,0.0,0.0000,M,0.0000,M,0.0000,0
$GPRMC,222849.65,A,3719.0932780,N,12158.4454120,W,0.0030,34.4914,101220,,,,
$GPGGA,222850.66,3719.0932780,N,12158.4454120,W,1,0,0.0,0.0000,M,0.0000,M,0.0000,0
$GPRMC,222850.66,A,3719.0932780,N,12158.4454120,W,0.0030,34.4904,101220,,,,
$GPGGA,222851.65,3719.0932780,N,12158.4454120,W,1,0,0.0,0.0000,M,0.0000,M,0.0000,0
$GPRMC,222851.65,A,3719.0932780,N,12158.4454120,W,0.0030,34.4893,101220,,,,
$GPGGA,222852.67,3719.0932780,N,12158.4454120,W,1,0,0.0,0.0000,M,0.0000,M,0.0000,0
$GPRMC,222852.67,A,3719.0932780,N,12158.4454120,W,0.0030,34.4884,101220,,,,
$GPGGA,222853.66,3719.0932780,N,12158.4454120,W,1,0,0.0,0.0000,M,0.0000,M,0.0000,0
$GPRMC,222853.66,A,3719.0932780,N,12158.4454120,W,0.0030,34.4875,101220,,,,
$GPGGA,222854.65,3719.0932780,N,12158.4454120,W,1,0,0.0,0.0000,M,0.0000,M,0.0000,0
$GPRMC,222854.65,A,3719.0932780,N,12158.4454120,W,0.0030,34.4867,101220,,,,
$GPGGA,222855.66,3719.0932780,N,12158.4454120,W,1,0,0.0,0.0000,M,0.0000,M,0.0000,0
$GPRMC,222855.66,A,3719.0932780,N,12158.4454120,W,0.0030,34.4857,101220,,,,
$GPGGA,222856.66,3719.0932780,N,12158.4454120,W,1,0,0.0,0.0000,M,0.0000,M,0.0000,0
$GPRMC,222856.66,A,3719.0932780,N,12158.4454120,W,0.0031,34.4846,101220,,,,
$GPGGA,222857.67,3719.0932780,N,12158.4454120,W,1,0,0.0,0.0000,M,0.0000,M,0.0000,0
$GPRMC,222857.67,A,3719.0932780,N,12158.4454120,W,0.0032,34.4835,101220,,,,
$GPGGA,222858.66,3719.0932780,N,12158.4454120,W,1,0,0.0,0.0000,M,0.0000,M,0.0000,0
$GPRMC,222858.66,A,3719.0932780,N,12158.4454120,W,0.0031,34.4825,101220,,,,
$GPGGA,222859.65,3719.0932780,N,12158.4454120,W,1,0,0.0,0.0000,M,0.0000,M,0.0000,0
$GPRMC,222859.65,A,3719.0932780,N,12158.4454120,W,0.0030,34.4815,101220,,,,
$GPGGA,222900.66,3719.0932780,N,12158.4454120,W,1,0,0.0,0.0000,M,0.0000,M,0.0000,0
$GPRMC,222900.66,A,3719.0932780,N,12158.4454120,W,0.0030,34.4804,101220,,,,
$GPGGA,222901.65,3719.0932780,N,12158.4454120,W,1,0,0.0,0.0000,M,0.0000,M,0.0000,0
$GPRMC,222901.65,A,3719.0932780,N,12158.4454120,W,0.0031,34.4787,101220,,,,
$GPGGA,222902.64,3719.0932780,N,12158.4454120,W,1,0,0.0,0.0000,M,0.0000,M,0.0000,0
$GPRMC,222902.64,A,3719.0932780,N,12158.4454120,W,0.0024,34.4777,101220,,,,
$GPGGA,222903.66,3719.0932780,N,12158.4454120,W,1,0,0.0,0.0000,M,0.0000,M,0.0000,0
$GPRMC,222903.66,A,3719.0932780,N,12158.4454120,W,0.0028,34.4769,101220,,,,
$GPGGA,222904.65,3719.0932780,N,12158.4454120,W,1,0,0.0,0.0000,M,0.0000,M,0.0000,0
$GPRMC,222904.65,A,3719.0932780,N,12158.4454120,W,0.0031,34.4761,101220,,,,
$GPGGA,222905.66,3719.0932780,N,12158.4454120,W,1,0,0.0,0.0000,M,0.0000,M,0.0000,0
$GPRMC,222905.66,A,3719.0932780,N,12158.4454120,W,0.0025,34.4751,101220,,,,
$GPGGA,222906.66,3719.0932780,N,12158.4454120,W,1,0,0.0,0.0000,M,0.0000,M,0.0000,0
$GPRMC,222906.66,A,3719.0932780,N,12158.4454120,W,0.0027,34.4737,101220,,,,
$GPGGA,222907.67,3719.0932780,N,12158.4454120,W,1,0,0.0,0.0000,M,0.0000,M,0.0000,0
$GPRMC,222907.67,A,3719.0932780,N,12158.4454120,W,0.0030,34.4731,101220,,,,
$GPGGA,222908.66,3719.0932780,N,12158.4454120,W,1,0,0.0,0.0000,M,0.0000,M,0.0000,0
$GPRMC,222908.66,A,3719.0932780,N,12158.4454120,W,0.0030,34.4724,101220,,,,
$GPGGA,222909.65,3719.0932780,N,12158.4454120,W,1,0,0.0,0.0000,M,0.0000,M,0.0000,0
$GPRMC,222909.65,A,3719.0932780,N,12158.4454120,W,0.0023,34.4708,101220,,,,
$GPGGA,222910.66,3719.0932780,N,12158.4454120,W,1,0,0.0,0.0000,M,0.0000,M,0.0000,0
$GPRMC,222910.66,A,3719.0932780,N,12158.4454120,W,0.0022,34.4691,101220,,,,
$GPGGA,222911.65,3719.0932780,N,12158.4454120,W,1,0,0.0,0.0000,M,0.0000,M,0.0000,0
$GPRMC,222911.65,A,3719.0932780,N,12158.4454120,W,0.0027,34.4677,101220,,,,
$GPGGA,222912.67,3719.0932780,N,12158.4454120,W,1,0,0.0,0.0000,M,0.0000,M,0.0000,0
$GPRMC,222912.67,A,3719.0932780,N,12158.4454120,W,0.0030,34.4666,101220,,,,
$GPGGA,222913.66,3719.0932780,N,12158.4454120,W,1,0,0.0,0.0000,M,0.0000,M,0.0000,0
$GPRMC,222913.66,A,3719.0932780,N,12158.4454120,W,0.0030,34.4656,101220,,,,
$GPGGA,222914.65,3719.0932780,N,12158.4454120,W,1,0,0.0,0.0000,M,0.0000,M,0.0000,0
$GPRMC,222914.65,A,3719.0932780,N,12158.4454120,W,0.0030,34.4644,101220,,,,
$GPGGA,222915.66,3719.0932780,N,12158.4454120,W,1,0,0.0,0.0000,M,0.0000,M,0.0000,0
$GPRMC,222915.66,A,3719.0932780,N,12158.4454120,W,0.0037,34.4630,101220,,,,
$GPGGA,222916.65,3719.0932780,N,12158.4454120,W,1,0,0.0,0.0000,M,0.0000,M,0.0000,0
$GPRMC,222916.65,A,3719.0932780,N,12158.4454120,W,0.0035,34.4618,101220,,,,
$GPGGA,222917.64,3719.0932780,N,12158.4454120,W,1,0,0.0,0.0000,M,0.0000,M,0.0000,0
$GPRMC,222917.64,A,3719.0932780,N,12158.4454120,W,0.0032,34.4606,101220,,,,
$GPGGA,222918.66,3719.0932780,N,12158.4454120,W,1,0,0.0,0.0000,M,0.0000,M,0.0000,0
$GPRMC,222918.66,A,3719.0932780,N,12158.4454120,W,0.0032,34.4593,101220,,,,
$GPGGA,222919.65,3719.0932780,N,12158.4454120,W,1,0,0.0,0.0000,M,0.0000,M,0.0000,0
$GPRMC,222919.65,A,3719.0932780,N,12158.4454120,W,0.0038,34.4580,101220,,,,
$GPGGA,222920.66,3719.0932780,N,12158.4454120,W,1,0,0.0,0.0000,M,0.0000,M,0.0000,0
$GPRMC,222920.66,A,3719.0932780,N,12158.4454120,W,0.0035,34.4567,101220,,,,
$GPGGA,222921.65,3719.0932780,N,12158.4454120,W,1,0,0.0,0.0000,M,0.0000,M,0.0000,0
$GPRMC,222921.65,A,3719.0932780,N,12158.4454120,W,0.0032,34.4553,101220,,,,
$GPGGA,222922.64,3719.0932780,N,12158.4454120,W,1,0,0.0,0.0000,M,0.0000,M,0.0000,0
$GPRMC,222922.64,A,3719.0932780,N,12158.4454120,W,0.0032,34.4541,101220,,,,
$GPGGA,222923.66,3719.0932780,N,12158.4454120,W,1,0,0.0,0.0000,M,0.0000,M,0.0000,0
$GPRMC,222923.66,A,3719.0932780,N,12158.4454120,W,0.0032,34.4530,101220,,,,
$GPGGA,222924.65,3719.0932780,N,12158.4454120,W,1,0,0.0,0.0000,M,0.0000,M,0.0000,0
$GPRMC,222924.65,A,3719.0932780,N,12158.4454120,W,0.0032,34.4517,101220,,,,
$GPGGA,222925.66,3719.0932780,N,12158.4454120,W,1,0,0.0,0.0000,M,0.0000,M,0.0000,0
$GPRMC,222925.66,A,3719.0932780,N,12158.4454120,W,0.0038,34.4501,101220,,,,
$GPGGA,222926.65,3719.0932780,N,12158.4454120,W,1,0,0.0,0.0000,M,0.0000,M,0.0000,0
$GPRMC,222926.65,A,3719.0932780,N,12158.4454120,W,0.0035,34.4485,101220,,,,
$GPGGA,222927.67,3719.0932780,N,12158.4454120,W,1,0,0.0,0.0000,M,0.0000,M,0.0000,0
$GPRMC,222927.67,A,3719.0932780,N,12158.4454120,W,0.0035,34.4467,101220,,,,
$GPGGA,222928.66,3719.0932780,N,12158.4454120,W,1,0,0.0,0.0000,M,0.0000,M,0.0000,0
$GPRMC,222928.66,A,3719.0932780,N,12158.4454120,W,0.0036,34.4448,101220,,,,
$GPGGA,222929.65,3719.0932780,N,12158.4454120,W,1,0,0.0,0.0000,M,0.0000,M,0.0000,0
$GPRMC,222929.65,A,3719.0932780,N,12158.4454120,W,0.0036,34.4429,101220,,,,
$GPGGA,222930.66,3719.0932780,N,12158.4454120,W,1,0,0.0,0.0000,M,0.0000,M,0.0000,0
$GPRMC,222930.66,A,3719.0932780,N,12158.4454120,W,0.0031,34.4406,101220,,,,
$GPGGA,222931.65,3719.0932780,N,12158.4454120,W,1,0,0.0,0.0000,M,0.0000,M,0.0000,0
$GPRMC,222931.65,A,3719.0932780,N,12158.4454120,W,0.0033,34.4385,101220,,,,
$GPGGA,222932.64,3719.0932780,N,12158.4454120,W,1,0,0.0,0.0000,M,0.0000,M,0.0000,0
$GPRMC,222932.64,A,3719.0932780,N,12158.4454120,W,0.0031,34.4363,101220,,,,
$GPGGA,222933.66,3719.0932780,N,12158.4454120,W,1,0,0.0,0.0000,M,0.0000,M,0.0000,0
$GPRMC,222933.66,A,3719.0932780,N,12158.4454120,W,0.0024,34.4340,101220,,,,
$GPGGA,222934.65,3719.0932780,N,12158.4454120,W,1,0,0.0,0.0000,M,0.0000,M,0.0000,0
$GPRMC,222934.65,A,3719.0932780,N,12158.4454120,W,0.0022,34.4318,101220,,,,
$GPGGA,222935.66,3719.0932720,N,12158.4454120,W,1,0,0.0,0.0000,M,0.0000,M,0.0000,0
$GPRMC,222935.66,A,3719.0932720,N,12158.4454120,W,0.0021,34.4296,101220,,,,
$GPGGA,222936.65,3719.0932720,N,12158.4454180,W,1,0,0.0,0.0000,M,0.0000,M,0.0000,0
$GPRMC,222936.65,A,3719.0932720,N,12158.4454180,W,0.0022,34.4274,101220,,,,
$GPGGA,222937.65,3719.0932720,N,12158.4454240,W,1,0,0.0,0.0000,M,0.0000,M,0.0000,0
$GPRMC,222937.65,A,3719.0932720,N,12158.4454240,W,0.0022,34.4250,101220,,,,
$GPGGA,222938.66,3719.0932720,N,12158.4454240,W,1,0,0.0,0.0000,M,0.0000,M,0.0000,0
$GPRMC,222938.66,A,3719.0932720,N,12158.4454240,W,0.0017,34.4226,101220,,,,
$GPGGA,222939.65,3719.0932720,N,12158.4454240,W,1,0,0.0,0.0000,M,0.0000,M,0.0000,0
$GPRMC,222939.65,A,3719.0932720,N,12158.4454240,W,0.0019,34.4201,101220,,,,
$GPGGA,222940.66,3719.0932720,N,12158.4454240,W,1,0,0.0,0.0000,M,0.0000,M,0.0000,0
$GPRMC,222940.66,A,3719.0932720,N,12158.4454240,W,0.0021,34.4177,101220,,,,
$GPGGA,222941.65,3719.0932720,N,12158.4454240,W,1,0,0.0,0.0000,M,0.0000,M,0.0000,0
$GPRMC,222941.65,A,3719.0932720,N,12158.4454240,W,0.0020,34.4155,101220,,,,
$GPGGA,222942.64,3719.0932720,N,12158.4454240,W,1,0,0.0,0.0000,M,0.0000,M,0.0000,0
$GPRMC,222942.64,A,3719.0932720,N,12158.4454240,W,0.0027,34.4129,101220,,,,
$GPGGA,222943.66,3719.0932780,N,12158.4454240,W,1,0,0.0,0.0000,M,0.0000,M,0.0000,0
$GPRMC,222943.66,A,3719.0932780,N,12158.4454240,W,0.0035,34.4103,101220,,,,
$GPGGA,222944.65,3719.0932780,N,12158.4454240,W,1,0,0.0,0.0000,M,0.0000,M,0.0000,0
$GPRMC,222944.65,A,3719.0932780,N,12158.4454240,W,0.0027,34.4077,101220,,,,
$GPGGA,222945.66,3719.0932780,N,12158.4454240,W,1,0,0.0,0.0000,M,0.0000,M,0.0000,0
$GPRMC,222945.66,A,3719.0932780,N,12158.4454240,W,0.0021,34.4051,101220,,,,
$GPGGA,222946.65,3719.0932780,N,12158.4454240,W,1,0,0.0,0.0000,M,0.0000,M,0.0000,0
$GPRMC,222946.65,A,3719.0932780,N,12158.4454240,W,0.0022,34.4028,101220,,,,
$GPGGA,222947.67,3719.0932780,N,12158.4454180,W,1,0,0.0,0.0000,M,0.0000,M,0.0000,0
$GPRMC,222947.67,A,3719.0932780,N,12158.4454180,W,0.0022,34.4001,101220,,,,
$GPGGA,222948.66,3719.0932780,N,12158.4454180,W,1,0,0.0,0.0000,M,0.0000,M,0.0000,0
$GPRMC,222948.66,A,3719.0932780,N,12158.4454180,W,0.0043,34.3973,101220,,,,
$GPGGA,222949.65,3719.0932780,N,12158.4454180,W,1,0,0.0,0.0000,M,0.0000,M,0.0000,0
$GPRMC,222949.65,A,3719.0932780,N,12158.4454180,W,0.0071,34.3945,101220,,,,
$GPGGA,222950.66,3719.0932720,N,12158.4454240,W,1,0,0.0,0.0000,M,0.0000,M,0.0000,0
$GPRMC,222950.66,A,3719.0932720,N,12158.4454240,W,0.0108,34.3918,101220,,,,
$GPGGA,222951.66,3719.0932720,N,12158.4454240,W,1,0,0.0,0.0000,M,0.0000,M,0.0000,0
$GPRMC,222951.66,A,3719.0932720,N,12158.4454240,W,0.0156,34.3890,101220,,,,
$GPGGA,222952.67,3719.0932660,N,12158.4454300,W,1,0,0.0,0.0000,M,0.0000,M,0.0000,0
$GPRMC,222952.67,A,3719.0932660,N,12158.4454300,W,0.0217,34.3863,101220,,,,
$GPGGA,222953.66,3719.0932600,N,12158.4454300,W,1,0,0.0,0.0000,M,0.0000,M,0.0000,0
$GPRMC,222953.66,A,3719.0932600,N,12158.4454300,W,0.0287,34.3836,101220,,,,
$GPGGA,222954.65,3719.0932480,N,12158.4454360,W,1,0,0.0,0.0000,M,0.0000,M,0.0000,0
$GPRMC,222954.65,A,3719.0932480,N,12158.4454360,W,0.0369,34.3807,101220,,,,
$GPGGA,222955.66,3719.0932360,N,12158.4454420,W,1,0,0.0,0.0000,M,0.0000,M,0.0000,0
$GPRMC,222955.66,A,3719.0932360,N,12158.4454420,W,0.0469,34.3777,101220,,,,
$GPGGA,222956.66,3719.0932180,N,12158.4454480,W,1,0,0.0,0.0000,M,0.0000,M,0.0000,0
$GPRMC,222956.66,A,3719.0932180,N,12158.4454480,W,0.0572,34.3748,101220,,,,
$GPGGA,222957.67,3719.0932420,N,12158.4454180,W,1,0,0.0,0.0000,M,0.0000,M,0.0000,0
$GPRMC,222957.67,A,3719.0932420,N,12158.4454180,W,0.3874,34.3670,101220,,,,
$GPGGA,222958.66,3719.0936920,N,12158.4450520,W,1,0,0.0,0.0000,M,0.0000,M,0.0000,0
$GPRMC,222958.66,A,3719.0936920,N,12158.4450520,W,1.7470,33.6888,101220,,,,
$GPGGA,222959.65,3719.0949400,N,12158.4445240,W,1,0,0.0,0.0000,M,0.0000,M,0.0000,0
$GPRMC,222959.65,A,3719.0949400,N,12158.4445240,W,3.0052,23.3358,101220,,,,
$GPGGA,223000.66,3719.0965960,N,12158.4451000,W,1,0,0.0,0.0000,M,0.0000,M,0.0000,0
$GPRMC,223000.66,A,3719.0965960,N,12158.4451000,W,3.3118,352.5215,101220,,,,
$GPGGA,223001.75,3719.0975320,N,12158.4473440,W,1,0,0.0,0.0000,M,0.0000,M,0.0000,0
$GPRMC,223001.75,A,3719.0975320,N,12158.4473440,W,3.5385,306.5056,101220,,,,
$GPGGA,223002.45,3719.0971840,N,12158.4490960,W,1,0,0.0,0.0000,M,0.0000,M,0.0000,0
$GPRMC,223002.45,A,3719.0971840,N,12158.4490960,W,3.9009,275.2196,101220,,,,
$GPGGA,223003.66,3719.0950480,N,12158.4516520,W,1,0,0.0,0.0000,M,0.0000,M,0.0000,0
$GPRMC,223003.66,A,3719.0950480,N,12158.4516520,W,5.4609,227.4470,101220,,,,
$GPGGA,223004.65,3719.0920840,N,12158.4536500,W,1,0,0.0,0.0000,M,0.0000,M,0.0000,0
$GPRMC,223004.65,A,3719.0920840,N,12158.4536500,W,7.3498,210.5918,101220,,,,
$GPGGA,223005.66,3719.0880520,N,12158.4562240,W,1,0,0.0,0.0000,M,0.0000,M,0.0000,0
$GPRMC,223005.66,A,3719.0880520,N,12158.4562240,W,9.0825,207.5482,101220,,,,
$GPGGA,223006.65,3719.0833480,N,12158.4592420,W,1,0,0.0,0.0000,M,0.0000,M,0.0000,0
$GPRMC,223006.65,A,3719.0833480,N,12158.4592420,W,10.6230,207.2027,101220,,,,
$GPGGA,223007.67,3719.0779360,N,12158.4627340,W,1,0,0.0,0.0000,M,0.0000,M,0.0000,0
$GPRMC,223007.67,A,3719.0779360,N,12158.4627340,W,11.4647,207.6751,101220,,,,
$GPGGA,223008.66,3719.0725120,N,12158.4664180,W,1,0,0.0,0.0000,M,0.0000,M,0.0000,0
$GPRMC,223008.66,A,3719.0725120,N,12158.4664180,W,11.3835,209.1477,101220,,,,
$GPGGA,223009.65,3719.0674720,N,12158.4700960,W,1,0,0.0,0.0000,M,0.0000,M,0.0000,0
$GPRMC,223009.65,A,3719.0674720,N,12158.4700960,W,10.1914,211.0024,101220,,,,
$GPGGA,223010.66,3719.0631820,N,12158.4734560,W,1,0,0.0,0.0000,M,0.0000,M,0.0000,0
$GPRMC,223010.66,A,3719.0631820,N,12158.4734560,W,8.1875,212.5190,101220,,,,
$GPGGA,223011.65,3719.0599720,N,12158.4760540,W,1,0,0.0,0.0000,M,0.0000,M,0.0000,0
$GPRMC,223011.65,A,3719.0599720,N,12158.4760540,W,6.0921,212.8536,101220,,,,
$GPGGA,223012.65,3719.0576140,N,12158.4779740,W,1,0,0.0,0.0000,M,0.0000,M,0.0000,0
$GPRMC,223012.65,A,3719.0576140,N,12158.4779740,W,4.5672,212.8803,101220,,,,
$GPGGA,223013.66,3719.0557600,N,12158.4794860,W,1,0,0.0,0.0000,M,0.0000,M,0.0000,0
$GPRMC,223013.66,A,3719.0557600,N,12158.4794860,W,3.6688,212.9832,101220,,,,
$GPGGA,223014.65,3719.0542300,N,12158.4807520,W,1,0,0.0,0.0000,M,0.0000,M,0.0000,0
$GPRMC,223014.65,A,3719.0542300,N,12158.4807520,W,3.2168,213.1676,101220,,,,
$GPGGA,223015.66,3719.0528020,N,12158.4819520,W,1,0,0.0,0.0000,M,0.0000,M,0.0000,0
$GPRMC,223015.66,A,3719.0528020,N,12158.4819520,W,3.0962,213.3318,101220,,,,
$GPGGA,223016.66,3719.0514040,N,12158.4831220,W,1,0,0.0,0.0000,M,0.0000,M,0.0000,0
$GPRMC,223016.66,A,3719.0514040,N,12158.4831220,W,3.2651,213.3330,101220,,,,
$GPGGA,223017.67,3719.0497900,N,12158.4844540,W,1,0,0.0,0.0000,M,0.0000,M,0.0000,0
$GPRMC,223017.67,A,3719.0497900,N,12158.4844540,W,3.9001,213.2399,101220,,,,
$GPGGA,223018.66,3719.0478580,N,12158.4860560,W,1,0,0.0,0.0000,M,0.0000,M,0.0000,0
$GPRMC,223018.66,A,3719.0478580,N,12158.4860560,W,4.8220,213.0471,101220,,,,
$GPGGA,223019.65,3719.0453680,N,12158.4880900,W,1,0,0.0,0.0000,M,0.0000,M,0.0000,0
$GPRMC,223019.65,A,3719.0453680,N,12158.4880900,W,6.3612,213.0019,101220,,,,
$GPGGA,223020.66,3719.0420440,N,12158.4908560,W,1,0,0.0,0.0000,M,0.0000,M,0.0000,0
$GPRMC,223020.66,A,3719.0420440,N,12158.4908560,W,8.2068,213.3839,101220,,,,
$GPGGA,223021.65,3719.0381920,N,12158.4940840,W,1,0,0.0,0.0000,M,0.0000,M,0.0000,0
$GPRMC,223021.65,A,3719.0381920,N,12158.4940840,W,8.9926,213.7487,101220,,,,
$GPGGA,223022.67,3719.0340520,N,12158.4975760,W,1,0,0.0,0.0000,M,0.0000,M,0.0000,0
$GPRMC,223022.67,A,3719.0340520,N,12158.4975760,W,9.2389,213.7648,101220,,,,
$GPGGA,223023.66,3719.0299360,N,12158.5010260,W,1,0,0.0,0.0000,M,0.0000,M,0.0000,0
$GPRMC,223023.66,A,3719.0299360,N,12158.5010260,W,9.1904,213.8049,101220,,,,
$GPGGA,223024.65,3719.0259400,N,12158.5043740,W,1,0,0.0,0.0000,M,0.0000,M,0.0000,0
$GPRMC,223024.65,A,3719.0259400,N,12158.5043740,W,8.6533,213.7351,101220,,,,
$GPGGA,223025.66,3719.0222860,N,12158.5074400,W,1,0,0.0,0.0000,M,0.0000,M,0.0000,0
$GPRMC,223025.66,A,3719.0222860,N,12158.5074400,W,7.2973,213.7478,101220,,,,
$GPGGA,223026.65,3719.0194660,N,12158.5097920,W,1,0,0.0,0.0000,M,0.0000,M,0.0000,0
$GPRMC,223026.65,A,3719.0194660,N,12158.5097920,W,5.2843,213.5351,101220,,,,
$GPGGA,223027.65,3719.0175700,N,12158.5113400,W,1,0,0.0,0.0000,M,0.0000,M,0.0000,0
$GPRMC,223027.65,A,3719.0175700,N,12158.5113400,W,3.0856,212.8972,101220,,,,
$GPGGA,223028.66,3719.0165920,N,12158.5121260,W,1,0,0.0,0.0000,M,0.0000,M,0.0000,0
$GPRMC,223028.66,A,3719.0165920,N,12158.5121260,W,1.1767,212.4718,101220,,,,
$GPGGA,223029.65,3719.0163340,N,12158.5123300,W,1,0,0.0,0.0000,M,0.0000,M,0.0000,0
$GPRMC,223029.65,A,3719.0163340,N,12158.5123300,W,0.2088,212.3850,101220,,,,
$GPGGA,223030.66,3719.0163280,N,12158.5123420,W,1,0,0.0,0.0000,M,0.0000,M,0.0000,0
$GPRMC,223030.66,A,3719.0163280,N,12158.5123420,W,0.0085,212.3802,101220,,,,
$GPGGA,223031.65,3719.0163340,N,12158.5123420,W,1,0,0.0,0.0000,M,0.0000,M,0.0000,0
$GPRMC,223031.65,A,3719.0163340,N,12158.5123420,W,0.0076,212.3779,101220,,,,
$GPGGA,223032.65,3719.0163340,N,12158.5123480,W,1,0,0.0,0.0000,M,0.0000,M,0.0000,0
$GPRMC,223032.65,A,3719.0163340,N,12158.5123480,W,0.0049,212.3759,101220,,,,
$GPGGA,223033.66,3719.0163340,N,12158.5123420,W,1,0,0.0,0.0000,M,0.0000,M,0.0000,0
$GPRMC,223033.66,A,3719.0163340,N,12158.5123420,W,0.0029,212.3745,101220,,,,
$GPGGA,223034.65,3719.0163340,N,12158.5123420,W,1,0,0.0,0.0000,M,0.0000,M,0.0000,0
$GPRMC,223034.65,A,3719.0163340,N,12158.5123420,W,0.0022,212.3733,101220,,,,
$GPGGA,223035.66,3719.0163340,N,12158.5123420,W,1,0,0.0,0.0000,M,0.0000,M,0.0000,0
$GPRMC,223035.66,A,3719.0163340,N,12158.5123420,W,0.0017,212.3720,101220,,,,
$GPGGA,223036.66,3719.0163340,N,12158.5123420,W,1,0,0.0,0.0000,M,0.0000,M,0.0000,0
$GPRMC,223036.66,A,3719.0163340,N,12158.5123420,W,0.0005,212.3706,101220,,,,
$GPGGA,223037.67,3719.0163340,N,12158.5123420,W,1,0,0.0,0.0000,M,0.0000,M,0.0000,0
$GPRMC,223037.67,A,3719.0163340,N,12158.5123420,W,0.0007,212.3690,101220,,,,
$GPGGA,223038.66,3719.0163340,N,12158.5123420,W,1,0,0.0,0.0000,M,0.0000,M,0.0000,0
$GPRMC,223038.66,A,3719.0163340,N,12158.5123420,W,0.0003,212.3677,101220,,,,
$GPGGA,223039.65,3719.0163340,N,12158.5123420,W,1,0,0.0,0.0000,M,0.0000,M,0.0000,0
$GPRMC,223039.65,A,3719.0163340,N,12158.5123420,W,0.0007,212.3664,101220,,,,
$GPGGA,223040.66,3719.0163340,N,12158.5123420,W,1,0,0.0,0.0000,M,0.0000,M,0.0000,0
$GPRMC,223040.66,A,3719.0163340,N,12158.5123420,W,0.0003,212.3650,101220,,,,
$GPGGA,223041.66,3719.0163340,N,12158.5123420,W,1,0,0.0,0.0000,M,0.0000,M,0.0000,0
$GPRMC,223041.66,A,3719.0163340,N,12158.5123420,W,0.0000,212.3634,101220,,,,
$GPGGA,223042.67,3719.0163340,N,12158.5123420,W,1,0,0.0,0.0000,M,0.0000,M,0.0000,0
$GPRMC,223042.67,A,3719.0163340,N,12158.5123420,W,0.0007,212.3619,101220,,,,
$GPGGA,223043.66,3719.0163340,N,12158.5123420,W,1,0,0.0,0.0000,M,0.0000,M,0.0000,0
$GPRMC,223043.66,A,3719.0163340,N,12158.5123420,W,0.0010,212.3605,101220,,,,
$GPGGA,223044.65,3719.0163340,N,12158.5123420,W,1,0,0.0,0.0000,M,0.0000,M,0.0000,0
$GPRMC,223044.65,A,3719.0163340,N,12158.5123420,W,0.0010,212.3590,101220,,,,
$GPGGA,223045.66,3719.0163340,N,12158.5123360,W,1,0,0.0,0.0000,M,0.0000,M,0.0000,0
$GPRMC,223045.66,A,3719.0163340,N,12158.5123360,W,0.0013,212.3576,101220,,,,
$GPGGA,223046.66,3719.0163340,N,12158.5123360,W,1,0,0.0,0.0000,M,0.0000,M,0.0000,0
$GPRMC,223046.66,A,3719.0163340,N,12158.5123360,W,0.0014,212.3563,101220,,,,
$GPGGA,223047.67,3719.0163340,N,12158.5123420,W,1,0,0.0,0.0000,M,0.0000,M,0.0000,0
$GPRMC,223047.67,A,3719.0163340,N,12158.5123420,W,0.0014,212.3547,101220,,,,
$GPGGA,223048.66,3719.0163340,N,12158.5123420,W,1,0,0.0,0.0000,M,0.0000,M,0.0000,0
$GPRMC,223048.66,A,3719.0163340,N,12158.5123420,W,0.0023,212.3532,101220,,,,
$GPGGA,223049.65,3719.0163340,N,12158.5123420,W,1,0,0.0,0.0000,M,0.0000,M,0.0000,0
$GPRMC,223049.65,A,3719.0163340,N,12158.5123420,W,0.0028,212.3517,101220,,,,
$GPGGA,223050.66,3719.0163340,N,12158.5123420,W,1,0,0.0,0.0000,M,0.0000,M,0.0000,0
$GPRMC,223050.66,A,3719.0163340,N,12158.5123420,W,0.0028,212.3504,101220,,,,
$GPGGA,223051.66,3719.0163340,N,12158.5123420,W,1,0,0.0,0.0000,M,0.0000,M,0.0000,0
$GPRMC,223051.66,A,3719.0163340,N,12158.5123420,W,0.0024,212.3491,101220,,,,
$GPGGA,223052.67,3719.0163340,N,12158.5123480,W,1,0,0.0,0.0000,M,0.0000,M,0.0000,0
$GPRMC,223052.67,A,3719.0163340,N,12158.5123480,W,0.0026,212.3476,101220,,,,
$GPGGA,223053.66,3719.0163340,N,12158.5123480,W,1,0,0.0,0.0000,M,0.0000,M,0.0000,0
$GPRMC,223053.66,A,3719.0163340,N,12158.5123480,W,0.0024,212.3461,101220,,,,
$GPGGA,223054.65,3719.0163340,N,12158.5123480,W,1,0,0.0,0.0000,M,0.0000,M,0.0000,0
$GPRMC,223054.65,A,3719.0163340,N,12158.5123480,W,0.0014,212.3445,101220,,,,
$GPGGA,223055.66,3719.0163340,N,12158.5123480,W,1,0,0.0,0.0000,M,0.0000,M,0.0000,0
$GPRMC,223055.66,A,3719.0163340,N,12158.5123480,W,0.0013,212.3431,101220,,,,
$GPGGA,223056.66,3719.0163340,N,12158.5123480,W,1,0,0.0,0.0000,M,0.0000,M,0.0000,0
$GPRMC,223056.66,A,3719.0163340,N,12158.5123480,W,0.0020,212.3415,101220,,,,
$GPGGA,223057.67,3719.0163340,N,12158.5123480,W,1,0,0.0,0.0000,M,0.0000,M,0.0000,0
$GPRMC,223057.67,A,3719.0163340,N,12158.5123480,W,0.0037,212.3400,101220,,,,
$GPGGA,223058.66,3719.0163340,N,12158.5123480,W,1,0,0.0,0.0000,M,0.0000,M,0.0000,0
$GPRMC,223058.66,A,3719.0163340,N,12158.5123480,W,0.0067,212.3385,101220,,,,
$GPGGA,223059.65,3719.0163340,N,12158.5123480,W,1,0,0.0,0.0000,M,0.0000,M,0.0000,0
$GPRMC,223059.65,A,3719.0163340,N,12158.5123480,W,0.0106,212.3370,101220,,,,
$GPGGA,223100.66,3719.0163340,N,12158.5123480,W,1,0,0.0,0.0000,M,0.0000,M,0.0000,0
$GPRMC,223100.66,A,3719.0163340,N,12158.5123480,W,0.0158,212.3357,101220,,,,
$GPGGA,223101.66,3719.0163400,N,12158.5123420,W,1,0,0.0,0.0000,M,0.0000,M,0.0000,0
$GPRMC,223101.66,A,3719.0163400,N,12158.5123420,W,0.0223,212.3342,101220,,,,
$GPGGA,223102.67,3719.0163400,N,12158.5123360,W,1,0,0.0,0.0000,M,0.0000,M,0.0000,0
$GPRMC,223102.67,A,3719.0163400,N,12158.5123360,W,0.0304,212.3327,101220,,,,
$GPGGA,223103.66,3719.0163460,N,12158.5123300,W,1,0,0.0,0.0000,M,0.0000,M,0.0000,0
$GPRMC,223103.66,A,3719.0163460,N,12158.5123300,W,0.0510,212.3320,101220,,,,
$GPGGA,223104.65,3719.0162800,N,12158.5123660,W,1,0,0.0,0.0000,M,0.0000,M,0.0000,0
$GPRMC,223104.65,A,3719.0162800,N,12158.5123660,W,0.4954,212.3012,101220,,,,
$GPGGA,223105.66,3719.0157460,N,12158.5127620,W,1,0,0.0,0.0000,M,0.0000,M,0.0000,0
$GPRMC,223105.66,A,3719.0157460,N,12158.5127620,W,1.8173,211.9637,101220,,,,
$GPGGA,223106.66,3719.0144560,N,12158.5136380,W,1,0,0.0,0.0000,M,0.0000,M,0.0000,0
$GPRMC,223106.66,A,3719.0144560,N,12158.5136380,W,3.7411,209.8064,101220,,,,
$GPGGA,223107.65,3719.0120980,N,12158.5147720,W,1,0,0.0,0.0000,M,0.0000,M,0.0000,0
$GPRMC,223107.65,A,3719.0120980,N,12158.5147720,W,5.8318,201.8922,101220,,,,
$GPGGA,223108.66,3719.0086780,N,12158.5152880,W,1,0,0.0,0.0000,M,0.0000,M,0.0000,0
$GPRMC,223108.66,A,3719.0086780,N,12158.5152880,W,6.8096,185.0669,101220,,,,
$GPGGA,223109.65,3719.0051560,N,12158.5141180,W,1,0,0.0,0.0000,M,0.0000,M,0.0000,0
$GPRMC,223109.65,A,3719.0051560,N,12158.5141180,W,7.1668,161.8313,101220,,,,
$GPGGA,223110.66,3719.0020960,N,12158.5108780,W,1,0,0.0,0.0000,M,0.0000,M,0.0000,0
$GPRMC,223110.66,A,3719.0020960,N,12158.5108780,W,8.0742,136.3349,101220,,,,
$GPGGA,223111.65,3718.9998640,N,12158.5057840,W,1,0,0.0,0.0000,M,0.0000,M,0.0000,0
$GPRMC,223111.65,A,3718.9998640,N,12158.5057840,W,9.7486,116.5703,101220,,,,
$GPGGA,223112.64,3718.9980700,N,12158.4990160,W,1,0,0.0,0.0000,M,0.0000,M,0.0000,0
$GPRMC,223112.64,A,3718.9980700,N,12158.4990160,W,11.6564,107.5924,101220,,,,
$GPGGA,223113.66,3718.9962520,N,12158.4906580,W,1,0,0.0,0.0000,M,0.0000,M,0.0000,0
$GPRMC,223113.66,A,3718.9962520,N,12158.4906580,W,13.6268,105.1725,101220,,,,
$GPGGA,223114.65,3718.9943020,N,12158.4811660,W,1,0,0.0,0.0000,M,0.0000,M,0.0000,0
$GPRMC,223114.65,A,3718.9943020,N,12158.4811660,W,15.6037,104.3506,101220,,,,
$GPGGA,223115.66,3718.9921240,N,12158.4701380,W,1,0,0.0,0.0000,M,0.0000,M,0.0000,0
$GPRMC,223115.66,A,3718.9921240,N,12158.4701380,W,17.6232,103.9840,101220,,,,
$GPGGA,223116.65,3718.9897420,N,12158.4580300,W,1,0,0.0,0.0000,M,0.0000,M,0.0000,0
$GPRMC,223116.65,A,3718.9897420,N,12158.4580300,W,19.3804,104.0092,101220,,,,
$GPGGA,223117.65,3718.9871620,N,12158.4451360,W,1,0,0.0,0.0000,M,0.0000,M,0.0000,0
$GPRMC,223117.65,A,3718.9871620,N,12158.4451360,W,19.9921,104.2335,101220,,,,
$GPGGA,223118.66,3718.9844860,N,12158.4318880,W,1,0,0.0,0.0000,M,0.0000,M,0.0000,0
$GPRMC,223118.66,A,3718.9844860,N,12158.4318880,W,19.8981,104.3486,101220,,,,
$GPGGA,223119.65,3718.9819060,N,12158.4190180,W,1,0,0.0,0.0000,M,0.0000,M,0.0000,0
$GPRMC,223119.65,A,3718.9819060,N,12158.4190180,W,19.6404,104.0775,101220,,,,
$GPGGA,223120.66,3718.9794520,N,12158.4060400,W,1,0,0.0,0.0000,M,0.0000,M,0.0000,0
$GPRMC,223120.66,A,3718.9794520,N,12158.4060400,W,19.2635,102.9090,101220,,,,
$GPGGA,223121.66,3718.9773760,N,12158.3934940,W,1,0,0.0,0.0000,M,0.0000,M,0.0000,0
$GPRMC,223121.66,A,3718.9773760,N,12158.3934940,W,18.8926,100.9548,101220,,,,
$GPGGA,223122.65,3718.9757200,N,12158.3811400,W,1,0,0.0,0.0000,M,0.0000,M,0.0000,0
$GPRMC,223122.65,A,3718.9757200,N,12158.3811400,W,18.5307,98.5680,101220,,,,
$GPGGA,223123.66,3718.9745440,N,12158.3686540,W,1,0,0.0,0.0000,M,0.0000,M,0.0000,0
$GPRMC,223123.66,A,3718.9745440,N,12158.3686540,W,18.1735,95.6480,101220,,,,
$GPGGA,223124.65,3718.9738000,N,12158.3566000,W,1,0,0.0,0.0000,M,0.0000,M,0.0000,0
$GPRMC,223124.65,A,3718.9738000,N,12158.3566000,W,17.9145,93.8030,101220,,,,
$GPGGA,223125.63,3718.9732720,N,12158.3447080,W,1,0,0.0,0.0000,M,0.0000,M,0.0000,0
$GPRMC,223125.63,A,3718.9732720,N,12158.3447080,W,18.0023,93.2074,101220,,,,
$GPGGA,223126.64,3718.9727320,N,12158.3322520,W,1,0,0.0,0.0000,M,0.0000,M,0.0000,0
$GPRMC,223126.64,A,3718.9727320,N,12158.3322520,W,18.3927,93.2521,101220,,,,
$GPGGA,223127.64,3718.9721260,N,12158.3198080,W,1,0,0.0,0.0000,M,0.0000,M,0.0000,0
$GPRMC,223127.64,A,3718.9721260,N,12158.3198080,W,18.8048,93.8976,101220,,,,
$GPGGA,223128.66,3718.9713760,N,12158.3066560,W,1,0,0.0,0.0000,M,0.0000,M,0.0000,0
$GPRMC,223128.66,A,3718.9713760,N,12158.3066560,W,19.2849,94.2357,101220,,,,
$GPGGA,223129.65,3718.9705780,N,12158.2935940,W,1,0,0.0,0.0000,M,0.0000,M,0.0000,0
$GPRMC,223129.65,A,3718.9705780,N,12158.2935940,W,19.6131,94.4666,101220,,,,
$GPGGA,223130.66,3718.9698040,N,12158.2801180,W,1,0,0.0,0.0000,M,0.0000,M,0.0000,0
$GPRMC,223130.66,A,3718.9698040,N,12158.2801180,W,19.8551,93.6788,101220,,,,
$GPGGA,223131.65,3718.9693120,N,12158.2667320,W,1,0,0.0,0.0000,M,0.0000,M,0.0000,0
$GPRMC,223131.65,A,3718.9693120,N,12158.2667320,W,20.5413,92.0771,101220,,,,
$GPGGA,223132.65,3718.9690600,N,12158.2523980,W,1,0,0.0,0.0000,M,0.0000,M,0.0000,0
$GPRMC,223132.65,A,3718.9690600,N,12158.2523980,W,21.7969,90.8629,101220,,,,
$GPGGA,223133.66,3718.9689820,N,12158.2369900,W,1,0,0.0,0.0000,M,0.0000,M,0.0000,0
$GPRMC,223133.66,A,3718.9689820,N,12158.2369900,W,23.2585,90.0999,101220,,,,
$GPGGA,223134.65,3718.9690180,N,12158.2209340,W,1,0,0.0,0.0000,M,0.0000,M,0.0000,0
$GPRMC,223134.65,A,3718.9690180,N,12158.2209340,W,24.6341,89.7461,101220,,,,
$GPGGA,223135.66,3718.9691800,N,12158.2036060,W,1,0,0.0,0.0000,M,0.0000,M,0.0000,0
$GPRMC,223135.66,A,3718.9691800,N,12158.2036060,W,25.9580,89.0209,101220,,,,
$GPGGA,223136.65,3718.9695340,N,12158.1858700,W,1,0,0.0,0.0000,M,0.0000,M,0.0000,0
$GPRMC,223136.65,A,3718.9695340,N,12158.1858700,W,27.3483,88.2192,101220,,,,
$GPGGA,223137.64,3718.9701040,N,12158.1669640,W,1,0,0.0,0.0000,M,0.0000,M,0.0000,0
$GPRMC,223137.64,A,3718.9701040,N,12158.1669640,W,28.7811,87.5478,101220,,,,
$GPGGA,223138.66,3718.9707760,N,12158.1468160,W,1,0,0.0,0.0000,M,0.0000,M,0.0000,0
$GPRMC,223138.66,A,3718.9707760,N,12158.1468160,W,29.7905,87.5287,101220,,,,
$GPGGA,223139.65,3718.9714060,N,12158.1266080,W,1,0,0.0,0.0000,M,0.0000,M,0.0000,0
$GPRMC,223139.65,A,3718.9714060,N,12158.1266080,W,30.2600,87.8387,101220,,,,
$GPGGA,223140.66,3718.9720300,N,12158.1057760,W,1,0,0.0,0.0000,M,0.0000,M,0.0000,0
$GPRMC,223140.66,A,3718.9720300,N,12158.1057760,W,30.5170,87.8371,101220,,,,
$GPGGA,223141.65,3718.9726780,N,12158.0854360,W,1,0,0.0,0.0000,M,0.0000,M,0.0000,0
$GPRMC,223141.65,A,3718.9726780,N,12158.0854360,W,30.6700,87.5603,101220,,,,
$GPGGA,223142.64,3718.9733740,N,12158.0648020,W,1,0,0.0,0.0000,M,0.0000,M,0.0000,0
$GPRMC,223142.64,A,3718.9733740,N,12158.0648020,W,30.4663,87.6466,101220,,,,
$GPGGA,223143.66,3718.9740340,N,12158.0440420,W,1,0,0.0,0.0000,M,0.0000,M,0.0000,0
$GPRMC,223143.66,A,3718.9740340,N,12158.0440420,W,30.0139,87.6533,101220,,,,
$GPGGA,223144.65,3718.9746640,N,12158.0240680,W,1,0,0.0,0.0000,M,0.0000,M,0.0000,0
$GPRMC,223144.65,A,3718.9746640,N,12158.0240680,W,29.4896,87.6523,101220,,,,
$GPGGA,223145.66,3718.9752820,N,12158.0040580,W,1,0,0.0,0.0000,M,0.0000,M,0.0000,0
$GPRMC,223145.66,A,3718.9752820,N,12158.0040580,W,28.9396,87.8168,101220,,,,
$GPGGA,223146.65,3718.9758400,N,12157.9848220,W,1,0,0.0,0.0000,M,0.0000,M,0.0000,0
$GPRMC,223146.65,A,3718.9758400,N,12157.9848220,W,28.4142,87.8819,101220,,,,
$GPGGA,223147.65,3718.9764160,N,12157.9659460,W,1,0,0.0,0.0000,M,0.0000,M,0.0000,0
$GPRMC,223147.65,A,3718.9764160,N,12157.9659460,W,27.9315,87.6208,101220,,,,
$GPGGA,223148.66,3718.9770340,N,12157.9469860,W,1,0,0.0,0.0000,M,0.0000,M,0.0000,0
$GPRMC,223148.66,A,3718.9770340,N,12157.9469860,W,27.4794,87.5704,101220,,,,
$GPGGA,223149.65,3718.9776100,N,12157.9286440,W,1,0,0.0,0.0000,M,0.0000,M,0.0000,0
$GPRMC,223149.65,A,3718.9776100,N,12157.9286440,W,27.0734,87.7478,101220,,,,
$GPGGA,223150.66,3718.9781860,N,12157.9102780,W,1,0,0.0,0.0000,M,0.0000,M,0.0000,0
$GPRMC,223150.66,A,3718.9781860,N,12157.9102780,W,26.6955,87.5921,101220,,,,
$GPGGA,223151.66,3718.9787680,N,12157.8924520,W,1,0,0.0,0.0000,M,0.0000,M,0.0000,0
$GPRMC,223151.66,A,3718.9787680,N,12157.8924520,W,26.3626,87.6357,101220,,,,
$GPGGA,223152.67,3718.9792960,N,12157.8744820,W,1,0,0.0,0.0000,M,0.0000,M,0.0000,0
$GPRMC,223152.67,A,3718.9792960,N,12157.8744820,W,26.1823,87.8843,101220,,,,
$GPGGA,223153.66,3718.9797640,N,12157.8568960,W,1,0,0.0,0.0000,M,0.0000,M,0.0000,0
$GPRMC,223153.66,A,3718.9797640,N,12157.8568960,W,26.2089,88.4440,101220,,,,
$GPGGA,223154.65,3718.9800460,N,12157.8392500,W,1,0,0.0,0.0000,M,0.0000,M,0.0000,0
$GPRMC,223154.65,A,3718.9800460,N,12157.8392500,W,26.4740,89.1975,101220,,,,
$GPGGA,223155.66,3718.9801180,N,12157.8210460,W,1,0,0.0,0.0000,M,0.0000,M,0.0000,0
$GPRMC,223155.66,A,3718.9801180,N,12157.8210460,W,26.6214,90.0279,101220,,,,
$GPGGA,223156.66,3718.9800160,N,12157.8031720,W,1,0,0.0,0.0000,M,0.0000,M,0.0000,0
$GPRMC,223156.66,A,3718.9800160,N,12157.8031720,W,26.5465,90.5732,101220,,,,
$GPGGA,223157.67,3718.9798000,N,12157.7849920,W,1,0,0.0,0.0000,M,0.0000,M,0.0000,0
$GPRMC,223157.67,A,3718.9798000,N,12157.7849920,W,26.6128,90.8743,101220,,,,
$GPGGA,223158.66,3718.9795420,N,12157.7670640,W,1,0,0.0,0.0000,M,0.0000,M,0.0000,0
$GPRMC,223158.66,A,3718.9795420,N,12157.7670640,W,26.8535,91.0257,101220,,,,
$GPGGA,223159.65,3718.9792720,N,12157.7489320,W,1,0,0.0,0.0000,M,0.0000,M,0.0000,0
$GPRMC,223159.65,A,3718.9792720,N,12157.7489320,W,27.1782,90.9466,101220,,,,
$GPGGA,223200.66,3718.9790200,N,12157.7301640,W,1,0,0.0,0.0000,M,0.0000,M,0.0000,0
$GPRMC,223200.66,A,3718.9790200,N,12157.7301640,W,27.5482,90.8181,101220,,,,
$GPGGA,223201.67,3718.9787920,N,12157.7113000,W,1,0,0.0,0.0000,M,0.0000,M,0.0000,0
$GPRMC,223201.67,A,3718.9787920,N,12157.7113000,W,27.9599,90.7684,101220,,,,
$GPGGA,223202.64,3718.9785580,N,12157.6927660,W,1,0,0.0,0.0000,M,0.0000,M,0.0000,0
$GPRMC,223202.64,A,3718.9785580,N,12157.6927660,W,28.2536,90.8262,101220,,,,
$GPGGA,223203.65,3718.9783060,N,12157.6733260,W,1,0,0.0,0.0000,M,0.0000,M,0.0000,0
$GPRMC,223203.65,A,3718.9783060,N,12157.6733260,W,28.5224,90.8948,101220,,,,
$GPGGA,223204.65,3718.9780360,N,12157.6539940,W,1,0,0.0,0.0000,M,0.0000,M,0.0000,0
$GPRMC,223204.65,A,3718.9780360,N,12157.6539940,W,28.8024,90.9679,101220,,,,
$GPGGA,223205.66,3718.9777420,N,12157.6341400,W,1,0,0.0,0.0000,M,0.0000,M,0.0000,0
$GPRMC,223205.66,A,3718.9777420,N,12157.6341400,W,29.1854,91.0216,101220,,,,
$GPGGA,223206.65,3718.9774420,N,12157.6144000,W,1,0,0.0,0.0000,M,0.0000,M,0.0000,0
$GPRMC,223206.65,A,3718.9774420,N,12157.6144000,W,29.7415,90.9644,101220,,,,
$GPGGA,223207.67,3718.9771840,N,12157.5937960,W,1,0,0.0,0.0000,M,0.0000,M,0.0000,0
$GPRMC,223207.67,A,3718.9771840,N,12157.5937960,W,30.4279,90.7800,101220,,,,
$GPGGA,223208.66,3718.9769860,N,12157.5731620,W,1,0,0.0,0.0000,M,0.0000,M,0.0000,0
$GPRMC,223208.66,A,3718.9769860,N,12157.5731620,W,31.0145,90.6337,101220,,,,
$GPGGA,223209.65,3718.9767940,N,12157.5521740,W,1,0,0.0,0.0000,M,0.0000,M,0.0000,0
$GPRMC,223209.65,A,3718.9767940,N,12157.5521740,W,31.3955,90.7579,101220,,,,
$GPGGA,223210.66,3718.9766260,N,12157.5305620,W,1,0,0.0,0.0000,M,0.0000,M,0.0000,0
$GPRMC,223210.66,A,3718.9766260,N,12157.5305620,W,31.6951,90.3184,101220,,,,
$GPGGA,223211.65,3718.9766320,N,12157.5093400,W,1,0,0.0,0.0000,M,0.0000,M,0.0000,0
$GPRMC,223211.65,A,3718.9766320,N,12157.5093400,W,31.8248,89.5643,101220,,,,
$GPGGA,223212.66,3718.9769020,N,12157.4875600,W,1,0,0.0,0.0000,M,0.0000,M,0.0000,0
$GPRMC,223212.66,A,3718.9769020,N,12157.4875600,W,31.8100,88.6433,101220,,,,
$GPGGA,223213.66,3718.9773940,N,12157.4661220,W,1,0,0.0,0.0000,M,0.0000,M,0.0000,0
$GPRMC,223213.66,A,3718.9773940,N,12157.4661220,W,31.5853,88.1096,101220,,,,
$GPGGA,223214.65,3718.9779460,N,12157.4450860,W,1,0,0.0,0.0000,M,0.0000,M,0.0000,0
$GPRMC,223214.65,A,3718.9779460,N,12157.4450860,W,31.2300,88.0493,101220,,,,
$GPGGA,223215.66,3718.9784800,N,12157.4238340,W,1,0,0.0,0.0000,M,0.0000,M,0.0000,0
$GPRMC,223215.66,A,3718.9784800,N,12157.4238340,W,30.8325,88.2123,101220,,,,
$GPGGA,223216.66,3718.9790200,N,12157.4032780,W,1,0,0.0,0.0000,M,0.0000,M,0.0000,0
$GPRMC,223216.66,A,3718.9790200,N,12157.4032780,W,30.4366,87.9124,101220,,,,
$GPGGA,223217.67,3718.9797580,N,12157.3826200,W,1,0,0.0,0.0000,M,0.0000,M,0.0000,0
$GPRMC,223217.67,A,3718.9797580,N,12157.3826200,W,30.0437,86.7337,101220,,,,
$GPGGA,223218.66,3718.9808140,N,12157.3626280,W,1,0,0.0,0.0000,M,0.0000,M,0.0000,0
$GPRMC,223218.66,A,3718.9808140,N,12157.3626280,W,29.7015,85.7147,101220,,,,
$GPGGA,223219.65,3718.9820500,N,12157.3428220,W,1,0,0.0,0.0000,M,0.0000,M,0.0000,0
$GPRMC,223219.65,A,3718.9820500,N,12157.3428220,W,29.3834,85.3114,101220,,,,
$GPGGA,223220.66,3718.9833460,N,12157.3228420,W,1,0,0.0,0.0000,M,0.0000,M,0.0000,0
$GPRMC,223220.66,A,3718.9833460,N,12157.3228420,W,29.0346,85.2940,101220,,,,
$GPGGA,223221.65,3718.9845040,N,12157.3035400,W,1,0,0.0,0.0000,M,0.0000,M,0.0000,0
$GPRMC,223221.65,A,3718.9845040,N,12157.3035400,W,28.6686,86.1019,101220,,,,
$GPGGA,223222.67,3718.9853980,N,12157.2840760,W,1,0,0.0,0.0000,M,0.0000,M,0.0000,0
$GPRMC,223222.67,A,3718.9853980,N,12157.2840760,W,28.2777,87.3095,101220,,,,
$GPGGA,223223.66,3718.9859260,N,12157.2651880,W,1,0,0.0,0.0000,M,0.0000,M,0.0000,0
$GPRMC,223223.66,A,3718.9859260,N,12157.2651880,W,27.8935,88.4724,101220,,,,
$GPGGA,223224.65,3718.9862260,N,12157.2466360,W,1,0,0.0,0.0000,M,0.0000,M,0.0000,0
$GPRMC,223224.65,A,3718.9862260,N,12157.2466360,W,27.5460,88.9191,101220,,,,
$GPGGA,223225.66,3718.9865320,N,12157.2278620,W,1,0,0.0,0.0000,M,0.0000,M,0.0000,0
$GPRMC,223225.66,A,3718.9865320,N,12157.2278620,W,27.1763,88.5891,101220,,,,
$GPGGA,223226.65,3718.9869040,N,12157.2097360,W,1,0,0.0,0.0000,M,0.0000,M,0.0000,0
$GPRMC,223226.65,A,3718.9869040,N,12157.2097360,W,26.7751,88.3223,101220,,,,
$GPGGA,223227.67,3718.9873000,N,12157.1915320,W,1,0,0.0,0.0000,M,0.0000,M,0.0000,0
$GPRMC,223227.67,A,3718.9873000,N,12157.1915320,W,26.3399,88.2507,101220,,,,
$GPGGA,223228.66,3718.9876900,N,12157.1740120,W,1,0,0.0,0.0000,M,0.0000,M,0.0000,0
$GPRMC,223228.66,A,3718.9876900,N,12157.1740120,W,25.9048,88.2582,101220,,,,
$GPGGA,223229.65,3718.9880560,N,12157.1568580,W,1,0,0.0,0.0000,M,0.0000,M,0.0000,0
$GPRMC,223229.65,A,3718.9880560,N,12157.1568580,W,24.9536,88.3196,101220,,,,
$GPGGA,223230.66,3718.9883860,N,12157.1404840,W,1,0,0.0,0.0000,M,0.0000,M,0.0000,0
$GPRMC,223230.66,A,3718.9883860,N,12157.1404840,W,22.6857,88.4189,101220,,,,
$GPGGA,223231.65,3718.9886500,N,12157.1261980,W,1,0,0.0,0.0000,M,0.0000,M,0.0000,0
$GPRMC,223231.65,A,3718.9886500,N,12157.1261980,W,19.9585,88.4431,101220,,,,
$GPGGA,223232.67,3718.9888720,N,12157.1135500,W,1,0,0.0,0.0000,M,0.0000,M,0.0000,0
$GPRMC,223232.67,A,3718.9888720,N,12157.1135500,W,16.7708,88.5444,101220,,,,
$GPGGA,223233.66,3718.9887820,N,12157.1034280,W,1,0,0.0,0.0000,M,0.0000,M,0.0000,0
$GPRMC,223233.66,A,3718.9887820,N,12157.1034280,W,13.2603,92.9659,101220,,,,
$GPGGA,223234.59,3718.9877320,N,12157.0961980,W,1,0,0.0,0.0000,M,0.0000,M,0.0000,0
$GPRMC,223234.59,A,3718.9877320,N,12157.0961980,W,10.4637,105.1928,101220,,,,
$GPGGA,223235.78,3718.9848280,N,12157.0898020,W,1,0,0.0,0.0000,M,0.0000,M,0.0000,0
$GPRMC,223235.78,A,3718.9848280,N,12157.0898020,W,7.9640,129.4725,101220,,,,
$GPGGA,223236.65,3718.9820320,N,12157.0875220,W,1,0,0.0,0.0000,M,0.0000,M,0.0000,0
$GPRMC,223236.65,A,3718.9820320,N,12157.0875220,W,6.4351,149.6973,101220,,,,
$GPGGA,223237.67,3718.9792060,N,12157.0864180,W,1,0,0.0,0.0000,M,0.0000,M,0.0000,0
$GPRMC,223237.67,A,3718.9792060,N,12157.0864180,W,4.4121,163.9026,101220,,,,
$GPGGA,223238.65,3718.9773520,N,12157.0859440,W,1,0,0.0,0.0000,M,0.0000,M,0.0000,0
$GPRMC,223238.65,A,3718.9773520,N,12157.0859440,W,2.7418,167.2304,101220,,,,
$GPGGA,223239.65,3718.9763200,N,12157.0856800,W,1,0,0.0,0.0000,M,0.0000,M,0.0000,0
$GPRMC,223239.65,A,3718.9763200,N,12157.0856800,W,1.2121,167.4852,101220,,,,
$GPGGA,223240.66,3718.9759960,N,12157.0856140,W,1,0,0.0,0.0000,M,0.0000,M,0.0000,0
$GPRMC,223240.66,A,3718.9759960,N,12157.0856140,W,0.2504,167.5320,101220,,,,
$GPGGA,223241.65,3718.9759540,N,12157.0856200,W,1,0,0.0,0.0000,M,0.0000,M,0.0000,0
$GPRMC,223241.65,A,3718.9759540,N,12157.0856200,W,0.0320,167.5332,101220,,,,
$GPGGA,223242.65,3718.9759420,N,12157.0856260,W,1,0,0.0,0.0000,M,0.0000,M,0.0000,0
$GPRMC,223242.65,A,3718.9759420,N,12157.0856260,W,0.0228,167.5313,101220,,,,
$GPGGA,223243.66,3718.9759300,N,12157.0856380,W,1,0,0.0,0.0000,M,0.0000,M,0.0000,0
$GPRMC,223243.66,A,3718.9759300,N,12157.0856380,W,0.0136,167.5289,101220,,,,
$GPGGA,223244.65,3718.9759300,N,12157.0856380,W,1,0,0.0,0.0000,M,0.0000,M,0.0000,0
$GPRMC,223244.65,A,3718.9759300,N,12157.0856380,W,0.0072,167.5270,101220,,,,
$GPGGA,223245.66,3718.9759360,N,12157.0856380,W,1,0,0.0,0.0000,M,0.0000,M,0.0000,0
$GPRMC,223245.66,A,3718.9759360,N,12157.0856380,W,0.0091,167.5250,101220,,,,
$GPGGA,223246.65,3718.9759360,N,12157.0856380,W,1,0,0.0,0.0000,M,0.0000,M,0.0000,0
$GPRMC,223246.65,A,3718.9759360,N,12157.0856380,W,0.0163,167.5228,101220,,,,
$GPGGA,223247.67,3718.9759420,N,12157.0856380,W,1,0,0.0,0.0000,M,0.0000,M,0.0000,0
$GPRMC,223247.67,A,3718.9759420,N,12157.0856380,W,0.0260,167.5208,101220,,,,
$GPGGA,223248.66,3718.9759480,N,12157.0856320,W,1,0,0.0,0.0000,M,0.0000,M,0.0000,0
$GPRMC,223248.66,A,3718.9759480,N,12157.0856320,W,0.0321,167.5217,101220,,,,
$GPGGA,223249.65,3718.9758580,N,12157.0855900,W,1,0,0.0,0.0000,M,0.0000,M,0.0000,0
$GPRMC,223249.65,A,3718.9758580,N,12157.0855900,W,0.5946,167.5393,101220,,,,
$GPGGA,223250.66,3718.9750960,N,12157.0853260,W,1,0,0.0,0.0000,M,0.0000,M,0.0000,0
$GPRMC,223250.66,A,3718.9750960,N,12157.0853260,W,2.3885,166.5313,101220,,,,
$GPGGA,223251.66,3718.9734400,N,12157.0844380,W,1,0,0.0,0.0000,M,0.0000,M,0.0000,0
$GPRMC,223251.66,A,3718.9734400,N,12157.0844380,W,4.2411,159.4058,101220,,,,
$GPGGA,223252.67,3718.9712200,N,12157.0823440,W,1,0,0.0,0.0000,M,0.0000,M,0.0000,0
$GPRMC,223252.67,A,3718.9712200,N,12157.0823440,W,6.0183,143.6649,101220,,,,
$GPGGA,223253.66,3718.9691800,N,12157.0787200,W,1,0,0.0,0.0000,M,0.0000,M,0.0000,0
$GPRMC,223253.66,A,3718.9691800,N,12157.0787200,W,7.2796,123.6327,101220,,,,
$GPGGA,223254.65,3718.9680880,N,12157.0739080,W,1,0,0.0,0.0000,M,0.0000,M,0.0000,0
$GPRMC,223254.65,A,3718.9680880,N,12157.0739080,W,8.0875,102.9110,101220,,,,
$GPGGA,223255.66,3718.9678720,N,12157.0680400,W,1,0,0.0,0.0000,M,0.0000,M,0.0000,0
$GPRMC,223255.66,A,3718.9678720,N,12157.0680400,W,9.3007,91.9987,101220,,,,
$GPGGA,223256.65,3718.9678900,N,12157.0614040,W,1,0,0.0,0.0000,M,0.0000,M,0.0000,0
$GPRMC,223256.65,A,3718.9678900,N,12157.0614040,W,10.3257,90.2455,101220,,,,
$GPGGA,223257.66,3718.9678420,N,12157.0542220,W,1,0,0.0,0.0000,M,0.0000,M,0.0000,0
$GPRMC,223257.66,A,3718.9678420,N,12157.0542220,W,10.5245,90.9677,101220,,,,
$GPGGA,223258.66,3718.9677160,N,12157.0472680,W,1,0,0.0,0.0000,M,0.0000,M,0.0000,0
$GPRMC,223258.66,A,3718.9677160,N,12157.0472680,W,10.0429,91.6656,101220,,,,
$GPGGA,223259.65,3718.9675540,N,12157.0409620,W,1,0,0.0,0.0000,M,0.0000,M,0.0000,0
$GPRMC,223259.65,A,3718.9675540,N,12157.0409620,W,8.6287,92.0898,101220,,,,
$GPGGA,223300.66,3718.9673980,N,12157.0357240,W,1,0,0.0,0.0000,M,0.0000,M,0.0000,0
$GPRMC,223300.66,A,3718.9673980,N,12157.0357240,W,6.6047,92.3932,101220,,,,
$GPGGA,223301.65,3718.9672780,N,12157.0319860,W,1,0,0.0,0.0000,M,0.0000,M,0.0000,0
$GPRMC,223301.65,A,3718.9672780,N,12157.0319860,W,4.5932,92.4727,101220,,,,
$GPGGA,223302.65,3718.9671940,N,12157.0295320,W,1,0,0.0,0.0000,M,0.0000,M,0.0000,0
$GPRMC,223302.65,A,3718.9671940,N,12157.0295320,W,2.8177,92.4668,101220,,,,
$GPGGA,223303.66,3718.9671400,N,12157.0280800,W,1,0,0.0,0.0000,M,0.0000,M,0.0000,0
$GPRMC,223303.66,A,3718.9671400,N,12157.0280800,W,1.4180,92.4554,101220,,,,
$GPGGA,223304.65,3718.9671220,N,12157.0274980,W,1,0,0.0,0.0000,M,0.0000,M,0.0000,0
$GPRMC,223304.65,A,3718.9671220,N,12157.0274980,W,0.3911,92.4392,101220,,,,
$GPGGA,223305.66,3718.9671160,N,12157.0273900,W,1,0,0.0,0.0000,M,0.0000,M,0.0000,0
$GPRMC,223305.66,A,3718.9671160,N,12157.0273900,W,0.0243,92.4322,101220,,,,
$GPGGA,223306.65,3718.9671100,N,12157.0273900,W,1,0,0.0,0.0000,M,0.0000,M,0.0000,0
$GPRMC,223306.65,A,3718.9671100,N,12157.0273900,W,0.0056,92.4290,101220,,,,
$GPGGA,223307.65,3718.9671100,N,12157.0273900,W,1,0,0.0,0.0000,M,0.0000,M,0.0000,0
$GPRMC,223307.65,A,3718.9671100,N,12157.0273900,W,0.0044,92.4273,101220,,,,
$GPGGA,223308.66,3718.9671100,N,12157.0273900,W,1,0,0.0,0.0000,M,0.0000,M,0.0000,0
$GPRMC,223308.66,A,3718.9671100,N,12157.0273900,W,0.0040,92.4261,101220,,,,
$GPGGA,223309.65,3718.9671100,N,12157.0273900,W,1,0,0.0,0.0000,M,0.0000,M,0.0000,0
$GPRMC,223309.65,A,3718.9671100,N,12157.0273900,W,0.0041,92.4244,101220,,,,
$GPGGA,223310.66,3718.9671100,N,12157.0273900,W,1,0,0.0,0.0000,M,0.0000,M,0.0000,0
$GPRMC,223310.66,A,3718.9671100,N,12157.0273900,W,0.0035,92.4229,101220,,,,
$GPGGA,223311.66,3718.9671100,N,12157.0273900,W,1,0,0.0,0.0000,M,0.0000,M,0.0000,0
$GPRMC,223311.66,A,3718.9671100,N,12157.0273900,W,0.0031,92.4214,101220,,,,
$GPGGA,223312.67,3718.9671100,N,12157.0273900,W,1,0,0.0,0.0000,M,0.0000,M,0.0000,0
$GPRMC,223312.67,A,3718.9671100,N,12157.0273900,W,0.0023,92.4195,101220,,,,
$GPGGA,223313.66,3718.9671100,N,12157.0273900,W,1,0,0.0,0.0000,M,0.0000,M,0.0000,0
$GPRMC,223313.66,A,3718.9671100,N,12157.0273900,W,0.0020,92.4176,101220,,,,
$GPGGA,223314.65,3718.9671100,N,12157.0273900,W,1,0,0.0,0.0000,M,0.0000,M,0.0000,0
$GPRMC,223314.65,A,3718.9671100,N,12157.0273900,W,0.0020,92.4159,101220,,,,
$GPGGA,223315.66,3718.9671100,N,12157.0273900,W,1,0,0.0,0.0000,M,0.0000,M,0.0000,0
$GPRMC,223315.66,A,3718.9671100,N,12157.0273900,W,0.0016,92.4143,101220,,,,
$GPGGA,223316.66,3718.9671100,N,12157.0273900,W,1,0,0.0,0.0000,M,0.0000,M,0.0000,0
$GPRMC,223316.66,A,3718.9671100,N,12157.0273900,W,0.0020,92.4127,101220,,,,
$GPGGA,223317.67,3718.9671100,N,12157.0273900,W,1,0,0.0,0.0000,M,0.0000,M,0.0000,0
$GPRMC,223317.67,A,3718.9671100,N,12157.0273900,W,0.0014,92.4111,101220,,,,
$GPGGA,223318.76,3718.9671100,N,12157.0273900,W,1,0,0.0,0.0000,M,0.0000,M,0.0000,0
$GPRMC,223318.76,A,3718.9671100,N,12157.0273900,W,0.0010,92.4090,101220,,,,
$GPGGA,223319.45,3718.9671100,N,12157.0273900,W,1,0,0.0,0.0000,M,0.0000,M,0.0000,0
$GPRMC,223319.45,A,3718.9671100,N,12157.0273900,W,0.0010,92.4078,101220,,,,
$GPGGA,223320.66,3718.9671100,N,12157.0273900,W,1,0,0.0,0.0000,M,0.0000,M,0.0000,0
$GPRMC,223320.66,A,3718.9671100,N,12157.0273900,W,0.0017,92.4059,101220,,,,
$GPGGA,223321.65,3718.9671100,N,12157.0273900,W,1,0,0.0,0.0000,M,0.0000,M,0.0000,0
$GPRMC,223321.65,A,3718.9671100,N,12157.0273900,W,0.0027,92.4042,101220,,,,
$GPGGA,223322.65,3718.9671100,N,12157.0273900,W,1,0,0.0,0.0000,M,0.0000,M,0.0000,0
$GPRMC,223322.65,A,3718.9671100,N,12157.0273900,W,0.0020,92.4028,101220,,,,
$GPGGA,223323.66,3718.9671100,N,12157.0273900,W,1,0,0.0,0.0000,M,0.0000,M,0.0000,0
$GPRMC,223323.66,A,3718.9671100,N,12157.0273900,W,0.0018,92.4014,101220,,,,
$GPGGA,223324.65,3718.9671100,N,12157.0273900,W,1,0,0.0,0.0000,M,0.0000,M,0.0000,0
$GPRMC,223324.65,A,3718.9671100,N,12157.0273900,W,0.0016,92.3999,101220,,,,
$GPGGA,223325.66,3718.9671100,N,12157.0273900,W,1,0,0.0,0.0000,M,0.0000,M,0.0000,0
$GPRMC,223325.66,A,3718.9671100,N,12157.0273900,W,0.0014,92.3984,101220,,,,
$GPGGA,223326.65,3718.9671100,N,12157.0273900,W,1,0,0.0,0.0000,M,0.0000,M,0.0000,0
$GPRMC,223326.65,A,3718.9671100,N,12157.0273900,W,0.0018,92.3963,101220,,,,
$GPGGA,223327.65,3718.9671100,N,12157.0273900,W,1,0,0.0,0.0000,M,0.0000,M,0.0000,0
$GPRMC,223327.65,A,3718.9671100,N,12157.0273900,W,0.0016,92.3945,101220,,,,
$GPGGA,223328.66,3718.9671100,N,12157.0273900,W,1,0,0.0,0.0000,M,0.0000,M,0.0000,0
$GPRMC,223328.66,A,3718.9671100,N,12157.0273900,W,0.0020,92.3929,101220,,,,
$GPGGA,223329.65,3718.9671100,N,12157.0273900,W,1,0,0.0,0.0000,M,0.0000,M,0.0000,0
$GPRMC,223329.65,A,3718.9671100,N,12157.0273900,W,0.0022,92.3914,101220,,,,
$GPGGA,223330.66,3718.9671100,N,12157.0273900,W,1,0,0.0,0.0000,M,0.0000,M,0.0000,0
$GPRMC,223330.66,A,3718.9671100,N,12157.0273900,W,0.0022,92.3898,101220,,,,
$GPGGA,223331.65,3718.9671100,N,12157.0273900,W,1,0,0.0,0.0000,M,0.0000,M,0.0000,0
$GPRMC,223331.65,A,3718.9671100,N,12157.0273900,W,0.0022,92.3883,101220,,,,
$GPGGA,223332.65,3718.9671100,N,12157.0273900,W,1,0,0.0,0.0000,M,0.0000,M,0.0000,0
$GPRMC,223332.65,A,3718.9671100,N,12157.0273900,W,0.0022,92.3865,101220,,,,
$GPGGA,223333.66,3718.9671100,N,12157.0273900,W,1,0,0.0,0.0000,M,0.0000,M,0.0000,0
$GPRMC,223333.66,A,3718.9671100,N,12157.0273900,W,0.0022,92.3847,101220,,,,
$GPGGA,223334.65,3718.9671100,N,12157.0273900,W,1,0,0.0,0.0000,M,0.0000,M,0.0000,0
$GPRMC,223334.65,A,3718.9671100,N,12157.0273900,W,0.0022,92.3831,101220,,,,
$GPGGA,223335.66,3718.9671100,N,12157.0273900,W,1,0,0.0,0.0000,M,0.0000,M,0.0000,0
$GPRMC,223335.66,A,3718.9671100,N,12157.0273900,W,0.0021,92.3815,101220,,,,
$GPGGA,223336.65,3718.9671100,N,12157.0273900,W,1,0,0.0,0.0000,M,0.0000,M,0.0000,0
$GPRMC,223336.65,A,3718.9671100,N,12157.0273900,W,0.0020,92.3800,101220,,,,
$GPGGA,223337.75,3718.9671100,N,12157.0273900,W,1,0,0.0,0.0000,M,0.0000,M,0.0000,0
$GPRMC,223337.75,A,3718.9671100,N,12157.0273900,W,0.0020,92.3782,101220,,,,
$GPGGA,223338.46,3718.9671100,N,12157.0273900,W,1,0,0.0,0.0000,M,0.0000,M,0.0000,0
$GPRMC,223338.46,A,3718.9671100,N,12157.0273900,W,0.0021,92.3771,101220,,,,
$GPGGA,223339.65,3718.9671100,N,12157.0273900,W,1,0,0.0,0.0000,M,0.0000,M,0.0000,0
$GPRMC,223339.65,A,3718.9671100,N,12157.0273900,W,0.0022,92.3749,101220,,,,
$GPGGA,223340.66,3718.9671100,N,12157.0273900,W,1,0,0.0,0.0000,M,0.0000,M,0.0000,0
$GPRMC,223340.66,A,3718.9671100,N,12157.0273900,W,0.0028,92.3732,101220,,,,
$GPGGA,223341.65,3718.9671100,N,12157.0273900,W,1,0,0.0,0.0000,M,0.0000,M,0.0000,0
$GPRMC,223341.65,A,3718.9671100,N,12157.0273900,W,0.0032,92.3718,101220,,,,
$GPGGA,223342.64,3718.9671100,N,12157.0273900,W,1,0,0.0,0.0000,M,0.0000,M,0.0000,0
$GPRMC,223342.64,A,3718.9671100,N,12157.0273900,W,0.0032,92.3703,101220,,,,
$GPGGA,223343.66,3718.9671100,N,12157.0273900,W,1,0,0.0,0.0000,M,0.0000,M,0.0000,0
$GPRMC,223343.66,A,3718.9671100,N,12157.0273900,W,0.0026,92.3687,101220,,,,
$GPGGA,223344.65,3718.9671100,N,12157.0273900,W,1,0,0.0,0.0000,M,0.0000,M,0.0000,0
$GPRMC,223344.65,A,3718.9671100,N,12157.0273900,W,0.0022,92.3671,101220,,,,
$GPGGA,223345.66,3718.9671100,N,12157.0273900,W,1,0,0.0,0.0000,M,0.0000,M,0.0000,0
$GPRMC,223345.66,A,3718.9671100,N,12157.0273900,W,0.0022,92.3654,101220,,,,
$GPGGA,223346.65,3718.9671100,N,12157.0273900,W,1,0,0.0,0.0000,M,0.0000,M,0.0000,0
$GPRMC,223346.65,A,3718.9671100,N,12157.0273900,W,0.0014,92.3638,101220,,,,
$GPGGA,223347.67,3718.9671100,N,12157.0273900,W,1,0,0.0,0.0000,M,0.0000,M,0.0000,0
$GPRMC,223347.67,A,3718.9671100,N,12157.0273900,W,0.0013,92.3622,101220,,,,
$GPGGA,223348.66,3718.9671100,N,12157.0273900,W,1,0,0.0,0.0000,M,0.0000,M,0.0000,0
$GPRMC,223348.66,A,3718.9671100,N,12157.0273900,W,0.0018,92.3609,101220,,,,
$GPGGA,223349.64,3718.9671100,N,12157.0273900,W,1,0,0.0,0.0000,M,0.0000,M,0.0000,0
$GPRMC,223349.64,A,3718.9671100,N,12157.0273900,W,0.0034,92.3593,101220,,,,
$GPGGA,223350.66,3718.9671100,N,12157.0273900,W,1,0,0.0,0.0000,M,0.0000,M,0.0000,0
$GPRMC,223350.66,A,3718.9671100,N,12157.0273900,W,0.0054,92.3575,101220,,,,
$GPGGA,223351.65,3718.9671100,N,12157.0273900,W,1,0,0.0,0.0000,M,0.0000,M,0.0000,0
$GPRMC,223351.65,A,3718.9671100,N,12157.0273900,W,0.0083,92.3558,101220,,,,
$GPGGA,223352.67,3718.9671100,N,12157.0273960,W,1,0,0.0,0.0000,M,0.0000,M,0.0000,0
$GPRMC,223352.67,A,3718.9671100,N,12157.0273960,W,0.0122,92.3542,101220,,,,
$GPGGA,223353.66,3718.9671100,N,12157.0273960,W,1,0,0.0,0.0000,M,0.0000,M,0.0000,0
$GPRMC,223353.66,A,3718.9671100,N,12157.0273960,W,0.0165,92.3525,101220,,,,
$GPGGA,223354.65,3718.9671100,N,12157.0274020,W,1,0,0.0,0.0000,M,0.0000,M,0.0000,0
$GPRMC,223354.65,A,3718.9671100,N,12157.0274020,W,0.0222,92.3508,101220,,,,
$GPGGA,223355.66,3718.9671160,N,12157.0274080,W,1,0,0.0,0.0000,M,0.0000,M,0.0000,0
$GPRMC,223355.66,A,3718.9671160,N,12157.0274080,W,0.0336,92.3492,101220,,,,
$GPGGA,223356.66,3718.9671100,N,12157.0272160,W,1,0,0.0,0.0000,M,0.0000,M,0.0000,0
$GPRMC,223356.66,A,3718.9671100,N,12157.0272160,W,0.6550,92.3235,101220,,,,
$GPGGA,223357.67,3718.9670980,N,12157.0264000,W,1,0,0.0,0.0000,M,0.0000,M,0.0000,0
$GPRMC,223357.67,A,3718.9670980,N,12157.0264000,W,1.7896,92.2652,101220,,,,
$GPGGA,223358.66,3718.9670680,N,12157.0246660,W,1,0,0.0,0.0000,M,0.0000,M,0.0000,0
$GPRMC,223358.66,A,3718.9670680,N,12157.0246660,W,3.4055,91.8478,101220,,,,
$GPGGA,223359.65,3718.9671220,N,12157.0217860,W,1,0,0.0,0.0000,M,0.0000,M,0.0000,0
$GPRMC,223359.65,A,3718.9671220,N,12157.0217860,W,5.2700,89.0480,101220,,,,
$GPGGA,223400.66,3718.9675660,N,12157.0176640,W,1,0,0.0,0.0000,M,0.0000,M,0.0000,0
$GPRMC,223400.66,A,3718.9675660,N,12157.0176640,W,6.7010,81.5176,101220,,,,
$GPGGA,223401.66,3718.9687900,N,12157.0133020,W,1,0,0.0,0.0000,M,0.0000,M,0.0000,0
$GPRMC,223401.66,A,3718.9687900,N,12157.0133020,W,7.0155,68.6205,101220,,,,
$GPGGA,223402.67,3718.9709680,N,12157.0095220,W,1,0,0.0,0.0000,M,0.0000,M,0.0000,0
$GPRMC,223402.67,A,3718.9709680,N,12157.0095220,W,6.8136,51.3176,101220,,,,
$GPGGA,223403.66,3718.9739620,N,12157.0073740,W,1,0,0.0,0.0000,M,0.0000,M,0.0000,0
$GPRMC,223403.66,A,3718.9739620,N,12157.0073740,W,6.5606,25.5639,101220,,,,
$GPGGA,223404.44,3718.9766860,N,12157.0069420,W,1,0,0.0,0.0000,M,0.0000,M,0.0000,0
$GPRMC,223404.44,A,3718.9766860,N,12157.0069420,W,6.9766,8.4573,101220,,,,
$GPGGA,223405.44,3718.9809100,N,12157.0070620,W,1,0,0.0,0.0000,M,0.0000,M,0.0000,0
$GPRMC,223405.44,A,3718.9809100,N,12157.0070620,W,8.9728,359.6349,101220,,,,
$GPGGA,223406.44,3718.9866160,N,12157.0071340,W,1,0,0.0,0.0000,M,0.0000,M,0.0000,0
$GPRMC,223406.44,A,3718.9866160,N,12157.0071340,W,12.1814,359.9008,101220,,,,
$GPGGA,223407.44,3718.9939480,N,12157.0071640,W,1,0,0.0,0.0000,M,0.0000,M,0.0000,0
$GPRMC,223407.44,A,3718.9939480,N,12157.0071640,W,14.6589,0.0870,101220,,,,
$GPGGA,223408.44,3719.0021800,N,12157.0072000,W,1,0,0.0,0.0000,M,0.0000,M,0.0000,0
$GPRMC,223408.44,A,3719.0021800,N,12157.0072000,W,15.4251,359.9966,101220,,,,
$GPGGA,223409.44,3719.0104120,N,12157.0072420,W,1,0,0.0,0.0000,M,0.0000,M,0.0000,0
$GPRMC,223409.44,A,3719.0104120,N,12157.0072420,W,14.7177,359.7624,101220,,,,
$GPGGA,223410.44,3719.0177980,N,12157.0073260,W,1,0,0.0,0.0000,M,0.0000,M,0.0000,0
$GPRMC,223410.44,A,3719.0177980,N,12157.0073260,W,12.1731,359.3106,101220,,,,
$GPGGA,223411.44,3719.0233420,N,12157.0074520,W,1,0,0.0,0.0000,M,0.0000,M,0.0000,0
$GPRMC,223411.44,A,3719.0233420,N,12157.0074520,W,8.2101,358.9457,101220,,,,
$GPGGA,223412.44,3719.0266240,N,12157.0075360,W,1,0,0.0,0.0000,M,0.0000,M,0.0000,0
$GPRMC,223412.44,A,3719.0266240,N,12157.0075360,W,4.0282,358.9236,101220,,,,
$GPGGA,223413.44,3719.0278900,N,12157.0075600,W,1,0,0.0,0.0000,M,0.0000,M,0.0000,0
$GPRMC,223413.44,A,3719.0278900,N,12157.0075600,W,1.0294,358.9894,101220,,,,
$GPGGA,223414.44,3719.0280820,N,12157.0075600,W,1,0,0.0,0.0000,M,0.0000,M,0.0000,0
$GPRMC,223414.44,A,3719.0280820,N,12157.0075600,W,0.0141,358.9880,101220,,,,
$GPGGA,223415.44,3719.0280820,N,12157.0075600,W,1,0,0.0,0.0000,M,0.0000,M,0.0000,0
$GPRMC,223415.44,A,3719.0280820,N,12157.0075600,W,0.0059,358.9874,101220,,,,
$GPGGA,223416.44,3719.0280820,N,12157.0075600,W,1,0,0.0,0.0000,M,0.0000,M,0.0000,0
$GPRMC,223416.44,A,3719.0280820,N,12157.0075600,W,0.0068,358.9845,101220,,,,
$GPGGA,223417.44,3719.0280820,N,12157.0075600,W,1,0,0.0,0.0000,M,0.0000,M,0.0000,0
$GPRMC,223417.44,A,3719.0280820,N,12157.0075600,W,0.0068,358.9826,101220,,,,
$GPGGA,223418.44,3719.0280820,N,12157.0075600,W,1,0,0.0,0.0000,M,0.0000,M,0.0000,0
$GPRMC,223418.44,A,3719.0280820,N,12157.0075600,W,0.0072,358.9810,101220,,,,
$GPGGA,223419.44,3719.0280760,N,12157.0075600,W,1,0,0.0,0.0000,M,0.0000,M,0.0000,0
$GPRMC,223419.44,A,3719.0280760,N,12157.0075600,W,0.0072,358.9794,101220,,,,
$GPGGA,223420.44,3719.0280760,N,12157.0075600,W,1,0,0.0,0.0000,M,0.0000,M,0.0000,0
$GPRMC,223420.44,A,3719.0280760,N,12157.0075600,W,0.0072,358.9776,101220,,,,
$GPGGA,223421.44,3719.0280760,N,12157.0075540,W,1,0,0.0,0.0000,M,0.0000,M,0.0000,0
$GPRMC,223421.44,A,3719.0280760,N,12157.0075540,W,0.0069,358.9759,101220,,,,
$GPGGA,223422.44,3719.0280700,N,12157.0075540,W,1,0,0.0,0.0000,M,0.0000,M,0.0000,0
$GPRMC,223422.44,A,3719.0280700,N,12157.0075540,W,0.0064,358.9741,101220,,,,
$GPGGA,223423.44,3719.0280700,N,12157.0075540,W,1,0,0.0,0.0000,M,0.0000,M,0.0000,0
$GPRMC,223423.44,A,3719.0280700,N,12157.0075540,W,0.0061,358.9726,101220,,,,
$GPGGA,223424.44,3719.0280640,N,12157.0075540,W,1,0,0.0,0.0000,M,0.0000,M,0.0000,0
$GPRMC,223424.44,A,3719.0280640,N,12157.0075540,W,0.0060,358.9709,101220,,,,
$GPGGA,223425.44,3719.0280640,N,12157.0075480,W,1,0,0.0,0.0000,M,0.0000,M,0.0000,0
$GPRMC,223425.44,A,3719.0280640,N,12157.0075480,W,0.0060,358.9692,101220,,,,
$GPGGA,223426.44,3719.0280580,N,12157.0075540,W,1,0,0.0,0.0000,M,0.0000,M,0.0000,0
$GPRMC,223426.44,A,3719.0280580,N,12157.0075540,W,0.0050,358.9674,101220,,,,
$GPGGA,223427.44,3719.0280580,N,12157.0075540,W,1,0,0.0,0.0000,M,0.0000,M,0.0000,0
$GPRMC,223427.44,A,3719.0280580,N,12157.0075540,W,0.0047,358.9658,101220,,,,
$GPGGA,223428.44,3719.0280580,N,12157.0075540,W,1,0,0.0,0.0000,M,0.0000,M,0.0000,0
$GPRMC,223428.44,A,3719.0280580,N,12157.0075540,W,0.0048,358.9643,101220,,,,
$GPGGA,223429.44,3719.0280580,N,12157.0075540,W,1,0,0.0,0.0000,M,0.0000,M,0.0000,0
$GPRMC,223429.44,A,3719.0280580,N,12157.0075540,W,0.0043,358.9627,101220,,,,
$GPGGA,223430.44,3719.0280580,N,12157.0075540,W,1,0,0.0,0.0000,M,0.0000,M,0.0000,0
$GPRMC,223430.44,A,3719.0280580,N,12157.0075540,W,0.0041,358.9611,101220,,,,
$GPGGA,223431.44,3719.0280580,N,12157.0075540,W,1,0,0.0,0.0000,M,0.0000,M,0.0000,0
$GPRMC,223431.44,A,3719.0280580,N,12157.0075540,W,0.0037,358.9594,101220,,,,
$GPGGA,223432.44,3719.0280580,N,12157.0075540,W,1,0,0.0,0.0000,M,0.0000,M,0.0000,0
$GPRMC,223432.44,A,3719.0280580,N,12157.0075540,W,0.0031,358.9577,101220,,,,
$GPGGA,223433.44,3719.0280580,N,12157.0075540,W,1,0,0.0,0.0000,M,0.0000,M,0.0000,0
$GPRMC,223433.44,A,3719.0280580,N,12157.0075540,W,0.0031,358.9561,101220,,,,
$GPGGA,223434.44,3719.0280580,N,12157.0075540,W,1,0,0.0,0.0000,M,0.0000,M,0.0000,0
$GPRMC,223434.44,A,3719.0280580,N,12157.0075540,W,0.0032,358.9543,101220,,,,
$GPGGA,223435.44,3719.0280580,N,12157.0075540,W,1,0,0.0,0.0000,M,0.0000,M,0.0000,0
$GPRMC,223435.44,A,3719.0280580,N,12157.0075540,W,0.0028,358.9527,101220,,,,
$GPGGA,223436.44,3719.0280520,N,12157.0075540,W,1,0,0.0,0.0000,M,0.0000,M,0.0000,0
$GPRMC,223436.44,A,3719.0280520,N,12157.0075540,W,0.0025,358.9511,101220,,,,
$GPGGA,223437.44,3719.0280340,N,12157.0075540,W,1,0,0.0,0.0000,M,0.0000,M,0.0000,0
$GPRMC,223437.44,A,3719.0280340,N,12157.0075540,W,0.0028,358.9496,101220,,,,
$GPGGA,223438.44,3719.0280280,N,12157.0075480,W,1,0,0.0,0.0000,M,0.0000,M,0.0000,0
$GPRMC,223438.44,A,3719.0280280,N,12157.0075480,W,0.0026,358.9480,101220,,,,
$GPGGA,223439.44,3719.0280280,N,12157.0075480,W,1,0,0.0,0.0000,M,0.0000,M,0.0000,0
$GPRMC,223439.44,A,3719.0280280,N,12157.0075480,W,0.0025,358.9464,101220,,,,
$GPGGA,223440.44,3719.0280280,N,12157.0075480,W,1,0,0.0,0.0000,M,0.0000,M,0.0000,0
$GPRMC,223440.44,A,3719.0280280,N,12157.0075480,W,0.0030,358.9448,101220,,,,
$GPGGA,223441.44,3719.0280280,N,12157.0075480,W,1,0,0.0,0.0000,M,0.0000,M,0.0000,0
$GPRMC,223441.44,A,3719.0280280,N,12157.0075480,W,0.0032,358.9431,101220,,,,
$GPGGA,223442.44,3719.0280280,N,12157.0075480,W,1,0,0.0,0.0000,M,0.0000,M,0.0000,0
$GPRMC,223442.44,A,3719.0280280,N,12157.0075480,W,0.0031,358.9415,101220,,,,
$GPGGA,223443.44,3719.0280280,N,12157.0075480,W,1,0,0.0,0.0000,M,0.0000,M,0.0000,0
$GPRMC,223443.44,A,3719.0280280,N,12157.0075480,W,0.0034,358.9399,101220,,,,
$GPGGA,223444.44,3719.0280280,N,12157.0075480,W,1,0,0.0,0.0000,M,0.0000,M,0.0000,0
$GPRMC,223444.44,A,3719.0280280,N,12157.0075480,W,0.0040,358.9385,101220,,,,
$GPGGA,223445.44,3719.0280280,N,12157.0075480,W,1,0,0.0,0.0000,M,0.0000,M,0.0000,0
$GPRMC,223445.44,A,3719.0280280,N,12157.0075480,W,0.0040,358.9369,101220,,,,
$GPGGA,223446.44,3719.0280280,N,12157.0075480,W,1,0,0.0,0.0000,M,0.0000,M,0.0000,0
$GPRMC,223446.44,A,3719.0280280,N,12157.0075480,W,0.0040,358.9352,101220,,,,
$GPGGA,223447.44,3719.0280280,N,12157.0075480,W,1,0,0.0,0.0000,M,0.0000,M,0.0000,0
$GPRMC,223447.44,A,3719.0280280,N,12157.0075480,W,0.0040,358.9335,101220,,,,
$GPGGA,223448.44,3719.0280280,N,12157.0075480,W,1,0,0.0,0.0000,M,0.0000,M,0.0000,0
$GPRMC,223448.44,A,3719.0280280,N,12157.0075480,W,0.0040,358.9319,101220,,,,
$GPGGA,223449.44,3719.0280280,N,12157.0075480,W,1,0,0.0,0.0000,M,0.0000,M,0.0000,0
$GPRMC,223449.44,A,3719.0280280,N,12157.0075480,W,0.0040,358.9304,101220,,,,
$GPGGA,223450.44,3719.0280280,N,12157.0075480,W,1,0,0.0,0.0000,M,0.0000,M,0.0000,0
$GPRMC,223450.44,A,3719.0280280,N,12157.0075480,W,0.0040,358.9289,101220,,,,
$GPGGA,223451.44,3719.0280280,N,12157.0075480,W,1,0,0.0,0.0000,M,0.0000,M,0.0000,0
$GPRMC,223451.44,A,3719.0280280,N,12157.0075480,W,0.0040,358.9274,101220,,,,
$GPGGA,223452.44,3719.0280280,N,12157.0075480,W,1,0,0.0,0.0000,M,0.0000,M,0.0000,0
$GPRMC,223452.44,A,3719.0280280,N,12157.0075480,W,0.0041,358.9258,101220,,,,
$GPGGA,223453.44,3719.0280280,N,12157.0075480,W,1,0,0.0,0.0000,M,0.0000,M,0.0000,0
$GPRMC,223453.44,A,3719.0280280,N,12157.0075480,W,0.0045,358.9242,101220,,,,
$GPGGA,223454.44,3719.0280280,N,12157.0075480,W,1,0,0.0,0.0000,M,0.0000,M,0.0000,0
$GPRMC,223454.44,A,3719.0280280,N,12157.0075480,W,0.0051,358.9225,101220,,,,
$GPGGA,223455.44,3719.0280280,N,12157.0075480,W,1,0,0.0,0.0000,M,0.0000,M,0.0000,0
$GPRMC,223455.44,A,3719.0280280,N,12157.0075480,W,0.0047,358.9211,101220,,,,
$GPGGA,223456.44,3719.0280280,N,12157.0075480,W,1,0,0.0,0.0000,M,0.0000,M,0.0000,0
$GPRMC,223456.44,A,3719.0280280,N,12157.0075480,W,0.0041,358.9196,101220,,,,
$GPGGA,223457.44,3719.0280280,N,12157.0075480,W,1,0,0.0,0.0000,M,0.0000,M,0.0000,0
$GPRMC,223457.44,A,3719.0280280,N,12157.0075480,W,0.0043,358.9180,101220,,,,
$GPGGA,223458.44,3719.0280280,N,12157.0075480,W,1,0,0.0,0.0000,M,0.0000,M,0.0000,0
$GPRMC,223458.44,A,3719.0280280,N,12157.0075480,W,0.0045,358.9164,101220,,,,
$GPGGA,223459.44,3719.0280280,N,12157.0075480,W,1,0,0.0,0.0000,M,0.0000,M,0.0000,0
$GPRMC,223459.44,A,3719.0280280,N,12157.0075480,W,0.0045,358.9148,101220,,,,
$GPGGA,223500.44,3719.0280280,N,12157.0075480,W,1,0,0.0,0.0000,M,0.0000,M,0.0000,0
$GPRMC,223500.44,A,3719.0280280,N,12157.0075480,W,0.0043,358.9133,101220,,,,
$GPGGA,223501.44,3719.0280280,N,12157.0075480,W,1,0,0.0,0.0000,M,0.0000,M,0.0000,0
$GPRMC,223501.44,A,3719.0280280,N,12157.0075480,W,0.0043,358.9118,101220,,,,
$GPGGA,223502.44,3719.0280280,N,12157.0075480,W,1,0,0.0,0.0000,M,0.0000,M,0.0000,0
$GPRMC,223502.44,A,3719.0280280,N,12157.0075480,W,0.0043,358.9102,101220,,,,
$GPGGA,223503.44,3719.0280280,N,12157.0075480,W,1,0,0.0,0.0000,M,0.0000,M,0.0000,0
$GPRMC,223503.44,A,3719.0280280,N,12157.0075480,W,0.0041,358.9086,101220,,,,
$GPGGA,223504.44,3719.0280280,N,12157.0075480,W,1,0,0.0,0.0000,M,0.0000,M,0.0000,0
$GPRMC,223504.44,A,3719.0280280,N,12157.0075480,W,0.0041,358.9070,101220,,,,
$GPGGA,223505.44,3719.0280280,N,12157.0075480,W,1,0,0.0,0.0000,M,0.0000,M,0.0000,0
$GPRMC,223505.44,A,3719.0280280,N,12157.0075480,W,0.0041,358.9054,101220,,,,
$GPGGA,223506.44,3719.0280280,N,12157.0075480,W,1,0,0.0,0.0000,M,0.0000,M,0.0000,0
$GPRMC,223506.44,A,3719.0280280,N,12157.0075480,W,0.0041,358.9038,101220,,,,
$GPGGA,223507.44,3719.0280280,N,12157.0075480,W,1,0,0.0,0.0000,M,0.0000,M,0.0000,0
$GPRMC,223507.44,A,3719.0280280,N,12157.0075480,W,0.0036,358.9023,101220,,,,
$GPGGA,223508.44,3719.0280280,N,12157.0075480,W,1,0,0.0,0.0000,M,0.0000,M,0.0000,0
$GPRMC,223508.44,A,3719.0280280,N,12157.0075480,W,0.0030,358.9009,101220,,,,
$GPGGA,223509.44,3719.0280280,N,12157.0075480,W,1,0,0.0,0.0000,M,0.0000,M,0.0000,0
$GPRMC,223509.44,A,3719.0280280,N,12157.0075480,W,0.0031,358.8994,101220,,,,
$GPGGA,223510.44,3719.0280280,N,12157.0075480,W,1,0,0.0,0.0000,M,0.0000,M,0.0000,0
$GPRMC,223510.44,A,3719.0280280,N,12157.0075480,W,0.0032,358.8978,101220,,,,
$GPGGA,223511.44,3719.0280280,N,12157.0075480,W,1,0,0.0,0.0000,M,0.0000,M,0.0000,0
$GPRMC,223511.44,A,3719.0280280,N,12157.0075480,W,0.0032,358.8962,101220,,,,
$GPGGA,223512.44,3719.0280280,N,12157.0075480,W,1,0,0.0,0.0000,M,0.0000,M,0.0000,0
$GPRMC,223512.44,A,3719.0280280,N,12157.0075480,W,0.0032,358.8946,101220,,,,
$GPGGA,223513.44,3719.0280280,N,12157.0075480,W,1,0,0.0,0.0000,M,0.0000,M,0.0000,0
$GPRMC,223513.44,A,3719.0280280,N,12157.0075480,W,0.0032,358.8931,101220,,,,
$GPGGA,223514.44,3719.0280280,N,12157.0075480,W,1,0,0.0,0.0000,M,0.0000,M,0.0000,0
$GPRMC,223514.44,A,3719.0280280,N,12157.0075480,W,0.0031,358.8915,101220,,,,
$GPGGA,223515.44,3719.0280280,N,12157.0075480,W,1,0,0.0,0.0000,M,0.0000,M,0.0000,0
$GPRMC,223515.44,A,3719.0280280,N,12157.0075480,W,0.0030,358.8901,101220,,,,
$GPGGA,223516.44,3719.0280280,N,12157.0075480,W,1,0,0.0,0.0000,M,0.0000,M,0.0000,0
$GPRMC,223516.44,A,3719.0280280,N,12157.0075480,W,0.0030,358.8885,101220,,,,
$GPGGA,223517.44,3719.0280280,N,12157.0075480,W,1,0,0.0,0.0000,M,0.0000,M,0.0000,0
$GPRMC,223517.44,A,3719.0280280,N,12157.0075480,W,0.0030,358.8869,101220,,,,
$GPGGA,223518.44,3719.0280280,N,12157.0075480,W,1,0,0.0,0.0000,M,0.0000,M,0.0000,0
$GPRMC,223518.44,A,3719.0280280,N,12157.0075480,W,0.0026,358.8853,101220,,,,
$GPGGA,223519.44,3719.0280280,N,12157.0075480,W,1,0,0.0,0.0000,M,0.0000,M,0.0000,0
$GPRMC,223519.44,A,3719.0280280,N,12157.0075480,W,0.0021,358.8839,101220,,,,
$GPGGA,223520.44,3719.0280280,N,12157.0075480,W,1,0,0.0,0.0000,M,0.0000,M,0.0000,0
$GPRMC,223520.44,A,3719.0280280,N,12157.0075480,W,0.0022,358.8824,101220,,,,
$GPGGA,223521.44,3719.0280280,N,12157.0075480,W,1,0,0.0,0.0000,M,0.0000,M,0.0000,0
$GPRMC,223521.44,A,3719.0280280,N,12157.0075480,W,0.0022,358.8809,101220,,,,
$GPGGA,223522.44,3719.0280280,N,12157.0075480,W,1,0,0.0,0.0000,M,0.0000,M,0.0000,0
$GPRMC,223522.44,A,3719.0280280,N,12157.0075480,W,0.0022,358.8793,101220,,,,
$GPGGA,223523.44,3719.0280280,N,12157.0075480,W,1,0,0.0,0.0000,M,0.0000,M,0.0000,0
$GPRMC,223523.44,A,3719.0280280,N,12157.0075480,W,0.0019,358.8777,101220,,,,
$GPGGA,223524.44,3719.0280280,N,12157.0075480,W,1,0,0.0,0.0000,M,0.0000,M,0.0000,0
$GPRMC,223524.44,A,3719.0280280,N,12157.0075480,W,0.0020,358.8761,101220,,,,
$GPGGA,223525.44,3719.0280280,N,12157.0075480,W,1,0,0.0,0.0000,M,0.0000,M,0.0000,0
$GPRMC,223525.44,A,3719.0280280,N,12157.0075480,W,0.0022,358.8747,101220,,,,
$GPGGA,223526.44,3719.0280280,N,12157.0075480,W,1,0,0.0,0.0000,M,0.0000,M,0.0000,0
$GPRMC,223526.44,A,3719.0280280,N,12157.0075480,W,0.0012,358.8733,101220,,,,
$GPGGA,223527.44,3719.0280280,N,12157.0075480,W,1,0,0.0,0.0000,M,0.0000,M,0.0000,0
$GPRMC,223527.44,A,3719.0280280,N,12157.0075480,W,0.0012,358.8718,101220,,,,
$GPGGA,223528.44,3719.0280280,N,12157.0075480,W,1,0,0.0,0.0000,M,0.0000,M,0.0000,0
$GPRMC,223528.44,A,3719.0280280,N,12157.0075480,W,0.0018,358.8703,101220,,,,
$GPGGA,223529.44,3719.0280280,N,12157.0075480,W,1,0,0.0,0.0000,M,0.0000,M,0.0000,0
$GPRMC,223529.44,A,3719.0280280,N,12157.0075480,W,0.0026,358.8687,101220,,,,
$GPGGA,223530.64,3719.0280280,N,12157.0075480,W,1,0,0.0,0.0000,M,0.0000,M,0.0000,0
$GPRMC,223530.64,A,3719.0280280,N,12157.0075480,W,0.0043,358.8667,101220,,,,
$GPGGA,223531.65,3719.0280280,N,12157.0075480,W,1,0,0.0,0.0000,M,0.0000,M,0.0000,0
$GPRMC,223531.65,A,3719.0280280,N,12157.0075480,W,0.0063,358.8653,101220,,,,
$GPGGA,223532.65,3719.0280280,N,12157.0075480,W,1,0,0.0,0.0000,M,0.0000,M,0.0000,0
$GPRMC,223532.65,A,3719.0280280,N,12157.0075480,W,0.0090,358.8639,101220,,,,
$GPGGA,223533.66,3719.0280280,N,12157.0075480,W,1,0,0.0,0.0000,M,0.0000,M,0.0000,0
$GPRMC,223533.66,A,3719.0280280,N,12157.0075480,W,0.0121,358.8623,101220,,,,
$GPGGA,223534.65,3719.0280280,N,12157.0075480,W,1,0,0.0,0.0000,M,0.0000,M,0.0000,0
$GPRMC,223534.65,A,3719.0280280,N,12157.0075480,W,0.0158,358.8607,101220,,,,
$GPGGA,223535.67,3719.0280280,N,12157.0075480,W,1,0,0.0,0.0000,M,0.0000,M,0.0000,0
$GPRMC,223535.67,A,3719.0280280,N,12157.0075480,W,0.0201,358.8592,101220,,,,
$GPGGA,223536.65,3719.0280280,N,12157.0075480,W,1,0,0.0,0.0000,M,0.0000,M,0.0000,0
$GPRMC,223536.65,A,3719.0280280,N,12157.0075480,W,0.0251,358.8578,101220,,,,
$GPGGA,223537.65,3719.0280280,N,12157.0075480,W,1,0,0.0,0.0000,M,0.0000,M,0.0000,0
$GPRMC,223537.65,A,3719.0280280,N,12157.0075480,W,0.0312,358.8563,101220,,,,
$GPGGA,223538.66,3719.0280280,N,12157.0075480,W,1,0,0.0,0.0000,M,0.0000,M,0.0000,0
$GPRMC,223538.66,A,3719.0280280,N,12157.0075480,W,0.0383,358.8547,101220,,,,
$GPGGA,223539.65,3719.0280340,N,12157.0075540,W,1,0,0.0,0.0000,M,0.0000,M,0.0000,0
$GPRMC,223539.65,A,3719.0280340,N,12157.0075540,W,0.1931,358.8489,101220,,,,
$GPGGA,223540.67,3719.0284660,N,12157.0075900,W,1,0,0.0,0.0000,M,0.0000,M,0.0000,0
$GPRMC,223540.67,A,3719.0284660,N,12157.0075900,W,1.7480,358.4392,101220,,,,
$GPGGA,223541.65,3719.0299660,N,12157.0078360,W,1,0,0.0,0.0000,M,0.0000,M,0.0000,0
$GPRMC,223541.65,A,3719.0299660,N,12157.0078360,W,3.9887,354.5270,101220,,,,
$GPGGA,223542.75,3719.0326300,N,12157.0091800,W,1,0,0.0,0.0000,M,0.0000,M,0.0000,0
$GPRMC,223542.75,A,3719.0326300,N,12157.0091800,W,5.8373,336.6712,101220,,,,
$GPGGA,223543.46,3719.0343940,N,12157.0112560,W,1,0,0.0,0.0000,M,0.0000,M,0.0000,0
$GPRMC,223543.46,A,3719.0343940,N,12157.0112560,W,6.8602,319.5043,101220,,,,
$GPGGA,223544.65,3719.0364940,N,12157.0167400,W,1,0,0.0,0.0000,M,0.0000,M,0.0000,0
$GPRMC,223544.65,A,3719.0364940,N,12157.0167400,W,8.8324,289.9765,101220,,,,
$GPGGA,223545.67,3719.0370520,N,12157.0233880,W,1,0,0.0,0.0000,M,0.0000,M,0.0000,0
$GPRMC,223545.67,A,3719.0370520,N,12157.0233880,W,10.9833,273.4067,101220,,,,
$GPGGA,223546.65,3719.0367280,N,12157.0314640,W,1,0,0.0,0.0000,M,0.0000,M,0.0000,0
$GPRMC,223546.65,A,3719.0367280,N,12157.0314640,W,13.1772,266.6018,101220,,,,
$GPGGA,223547.65,3719.0359900,N,12157.0410220,W,1,0,0.0,0.0000,M,0.0000,M,0.0000,0
$GPRMC,223547.65,A,3719.0359900,N,12157.0410220,W,15.4416,264.4610,101220,,,,
$GPGGA,223548.66,3719.0350000,N,12157.0523920,W,1,0,0.0,0.0000,M,0.0000,M,0.0000,0
$GPRMC,223548.66,A,3719.0350000,N,12157.0523920,W,17.8638,263.8144,101220,,,,
$GPGGA,223549.65,3719.0337640,N,12157.0651060,W,1,0,0.0,0.0000,M,0.0000,M,0.0000,0
$GPRMC,223549.65,A,3719.0337640,N,12157.0651060,W,20.2622,263.3864,101220,,,,
$GPGGA,223550.65,3719.0323420,N,12157.0794100,W,1,0,0.0,0.0000,M,0.0000,M,0.0000,0
$GPRMC,223550.65,A,3719.0323420,N,12157.0794100,W,22.5724,263.0151,101220,,,,
$GPGGA,223551.66,3719.0306980,N,12157.0954720,W,1,0,0.0,0.0000,M,0.0000,M,0.0000,0
$GPRMC,223551.66,A,3719.0306980,N,12157.0954720,W,24.6725,262.6047,101220,,,,
$GPGGA,223552.65,3719.0288980,N,12157.1124880,W,1,0,0.0,0.0000,M,0.0000,M,0.0000,0
$GPRMC,223552.65,A,3719.0288980,N,12157.1124880,W,26.4650,262.4736,101220,,,,
$GPGGA,223553.66,3719.0269060,N,12157.1310760,W,1,0,0.0,0.0000,M,0.0000,M,0.0000,0
$GPRMC,223553.66,A,3719.0269060,N,12157.1310760,W,28.2034,262.2813,101220,,,,
$GPGGA,223554.65,3719.0247760,N,12157.1503060,W,1,0,0.0,0.0000,M,0.0000,M,0.0000,0
$GPRMC,223554.65,A,3719.0247760,N,12157.1503060,W,29.6299,261.9734,101220,,,,
$GPGGA,223555.64,3719.0224840,N,12157.1702980,W,1,0,0.0,0.0000,M,0.0000,M,0.0000,0
$GPRMC,223555.64,A,3719.0224840,N,12157.1702980,W,30.3984,261.7890,101220,,,,
$GPGGA,223556.65,3719.0201020,N,12157.1909320,W,1,0,0.0,0.0000,M,0.0000,M,0.0000,0
$GPRMC,223556.65,A,3719.0201020,N,12157.1909320,W,30.4663,261.7667,101220,,,,
$GPGGA,223557.65,3719.0177440,N,12157.2111700,W,1,0,0.0,0.0000,M,0.0000,M,0.0000,0
$GPRMC,223557.65,A,3719.0177440,N,12157.2111700,W,30.3718,261.6483,101220,,,,
$GPGGA,223558.66,3719.0153380,N,12157.2317860,W,1,0,0.0,0.0000,M,0.0000,M,0.0000,0
$GPRMC,223558.66,A,3719.0153380,N,12157.2317860,W,30.3467,261.7558,101220,,,,
$GPGGA,223559.65,3719.0130220,N,12157.2519460,W,1,0,0.0,0.0000,M,0.0000,M,0.0000,0
$GPRMC,223559.65,A,3719.0130220,N,12157.2519460,W,30.2632,261.8981,101220,,,,
$GPGGA,223600.65,3719.0108080,N,12157.2720040,W,1,0,0.0,0.0000,M,0.0000,M,0.0000,0
$GPRMC,223600.65,A,3719.0108080,N,12157.2720040,W,29.9609,262.3158,101220,,,,
$GPGGA,223601.66,3719.0087200,N,12157.2922180,W,1,0,0.0,0.0000,M,0.0000,M,0.0000,0
$GPRMC,223601.66,A,3719.0087200,N,12157.2922180,W,29.7505,262.6324,101220,,,,
$GPGGA,223602.65,3719.0066320,N,12157.3120660,W,1,0,0.0,0.0000,M,0.0000,M,0.0000,0
$GPRMC,223602.65,A,3719.0066320,N,12157.3120660,W,29.8728,262.3498,101220,,,,
$GPGGA,223603.66,3719.0044300,N,12157.3323640,W,1,0,0.0,0.0000,M,0.0000,M,0.0000,0
$GPRMC,223603.66,A,3719.0044300,N,12157.3323640,W,29.7532,262.1366,101220,,,,
$GPGGA,223604.65,3719.0022400,N,12157.3520980,W,1,0,0.0,0.0000,M,0.0000,M,0.0000,0
$GPRMC,223604.65,A,3719.0022400,N,12157.3520980,W,29.7257,261.9805,101220,,,,
$GPGGA,223605.67,3719.0000560,N,12157.3724800,W,1,0,0.0,0.0000,M,0.0000,M,0.0000,0
$GPRMC,223605.67,A,3719.0000560,N,12157.3724800,W,30.2116,262.7534,101220,,,,
$GPGGA,223606.66,3718.9981300,N,12157.3927900,W,1,0,0.0,0.0000,M,0.0000,M,0.0000,0
$GPRMC,223606.66,A,3718.9981300,N,12157.3927900,W,30.8403,263.3653,101220,,,,
$GPGGA,223607.65,3718.9961980,N,12157.4136580,W,1,0,0.0,0.0000,M,0.0000,M,0.0000,0
$GPRMC,223607.65,A,3718.9961980,N,12157.4136580,W,31.5562,263.3831,101220,,,,
$GPGGA,223608.66,3718.9943680,N,12157.4353420,W,1,0,0.0,0.0000,M,0.0000,M,0.0000,0
$GPRMC,223608.66,A,3718.9943680,N,12157.4353420,W,32.3371,264.7368,101220,,,,
$GPGGA,223609.65,3718.9930480,N,12157.4572840,W,1,0,0.0,0.0000,M,0.0000,M,0.0000,0
$GPRMC,223609.65,A,3718.9930480,N,12157.4572840,W,33.1376,266.6820,101220,,,,
$GPGGA,223610.67,3718.9922320,N,12157.4802520,W,1,0,0.0,0.0000,M,0.0000,M,0.0000,0
$GPRMC,223610.67,A,3718.9922320,N,12157.4802520,W,33.9573,268.1484,101220,,,,
$GPGGA,223611.66,3718.9918360,N,12157.5033160,W,1,0,0.0,0.0000,M,0.0000,M,0.0000,0
$GPRMC,223611.66,A,3718.9918360,N,12157.5033160,W,34.6859,269.2782,101220,,,,
$GPGGA,223612.65,3718.9917880,N,12157.5268000,W,1,0,0.0,0.0000,M,0.0000,M,0.0000,0
$GPRMC,223612.65,A,3718.9917880,N,12157.5268000,W,35.3346,270.2428,101220,,,,
$GPGGA,223613.66,3718.9920100,N,12157.5512080,W,1,0,0.0,0.0000,M,0.0000,M,0.0000,0
$GPRMC,223613.66,A,3718.9920100,N,12157.5512080,W,35.9440,270.9464,101220,,,,
$GPGGA,223614.65,3718.9924000,N,12157.5754480,W,1,0,0.0,0.0000,M,0.0000,M,0.0000,0
$GPRMC,223614.65,A,3718.9924000,N,12157.5754480,W,36.4524,271.1762,101220,,,,
$GPGGA,223615.67,3718.9928440,N,12157.6005040,W,1,0,0.0,0.0000,M,0.0000,M,0.0000,0
$GPRMC,223615.67,A,3718.9928440,N,12157.6005040,W,36.4642,271.2529,101220,,,,
$GPGGA,223616.66,3718.9932640,N,12157.6247920,W,1,0,0.0,0.0000,M,0.0000,M,0.0000,0
$GPRMC,223616.66,A,3718.9932640,N,12157.6247920,W,36.0559,271.1384,101220,,,,
$GPGGA,223617.65,3718.9936420,N,12157.6488940,W,1,0,0.0,0.0000,M,0.0000,M,0.0000,0
$GPRMC,223617.65,A,3718.9936420,N,12157.6488940,W,35.5206,271.0130,101220,,,,
$GPGGA,223618.66,3718.9940020,N,12157.6729240,W,1,0,0.0,0.0000,M,0.0000,M,0.0000,0
$GPRMC,223618.66,A,3718.9940020,N,12157.6729240,W,34.9204,270.9747,101220,,,,
$GPGGA,223619.65,3718.9943260,N,12157.6960780,W,1,0,0.0,0.0000,M,0.0000,M,0.0000,0
$GPRMC,223619.65,A,3718.9943260,N,12157.6960780,W,34.2750,270.9601,101220,,,,
$GPGGA,223620.64,3718.9946560,N,12157.7189860,W,1,0,0.0,0.0000,M,0.0000,M,0.0000,0
$GPRMC,223620.64,A,3718.9946560,N,12157.7189860,W,33.6563,271.0913,101220,,,,
$GPGGA,223621.65,3718.9950100,N,12157.7418160,W,1,0,0.0,0.0000,M,0.0000,M,0.0000,0
$GPRMC,223621.65,A,3718.9950100,N,12157.7418160,W,33.1195,271.0560,101220,,,,
$GPGGA,223622.65,3718.9953340,N,12157.7640040,W,1,0,0.0,0.0000,M,0.0000,M,0.0000,0
$GPRMC,223622.65,A,3718.9953340,N,12157.7640040,W,32.7599,270.8837,101220,,,,
$GPGGA,223623.66,3718.9955800,N,12157.7863420,W,1,0,0.0,0.0000,M,0.0000,M,0.0000,0
$GPRMC,223623.66,A,3718.9955800,N,12157.7863420,W,32.6694,270.6214,101220,,,,
$GPGGA,223624.65,3718.9957420,N,12157.8082120,W,1,0,0.0,0.0000,M,0.0000,M,0.0000,0
$GPRMC,223624.65,A,3718.9957420,N,12157.8082120,W,32.4932,270.2174,101220,,,,
$GPGGA,223625.66,3718.9957300,N,12157.8305080,W,1,0,0.0,0.0000,M,0.0000,M,0.0000,0
$GPRMC,223625.66,A,3718.9957300,N,12157.8305080,W,32.6001,269.6013,101220,,,,
$GPGGA,223626.66,3718.9955260,N,12157.8524620,W,1,0,0.0,0.0000,M,0.0000,M,0.0000,0
$GPRMC,223626.66,A,3718.9955260,N,12157.8524620,W,32.6185,269.0078,101220,,,,
$GPGGA,223627.65,3718.9951600,N,12157.8741400,W,1,0,0.0,0.0000,M,0.0000,M,0.0000,0
$GPRMC,223627.65,A,3718.9951600,N,12157.8741400,W,32.3433,268.6271,101220,,,,
$GPGGA,223628.66,3718.9947700,N,12157.8962440,W,1,0,0.0,0.0000,M,0.0000,M,0.0000,0
$GPRMC,223628.66,A,3718.9947700,N,12157.8962440,W,31.9301,269.0432,101220,,,,
$GPGGA,223629.65,3718.9946320,N,12157.9174240,W,1,0,0.0,0.0000,M,0.0000,M,0.0000,0
$GPRMC,223629.65,A,3718.9946320,N,12157.9174240,W,31.0389,269.9425,101220,,,,
$GPGGA,223630.64,3718.9946680,N,12157.9376980,W,1,0,0.0,0.0000,M,0.0000,M,0.0000,0
$GPRMC,223630.64,A,3718.9946680,N,12157.9376980,W,29.3458,270.0678,101220,,,,
$GPGGA,223631.66,3718.9946980,N,12157.9572100,W,1,0,0.0,0.0000,M,0.0000,M,0.0000,0
$GPRMC,223631.66,A,3718.9946980,N,12157.9572100,W,27.8443,270.0413,101220,,,,
$GPGGA,223632.65,3718.9947640,N,12157.9756960,W,1,0,0.0,0.0000,M,0.0000,M,0.0000,0
$GPRMC,223632.65,A,3718.9947640,N,12157.9756960,W,27.3864,270.2197,101220,,,,
$GPGGA,223633.66,3718.9947640,N,12157.9944280,W,1,0,0.0,0.0000,M,0.0000,M,0.0000,0
$GPRMC,223633.66,A,3718.9947640,N,12157.9944280,W,27.3276,269.5365,101220,,,,
$GPGGA,223634.65,3718.9945240,N,12158.0127520,W,1,0,0.0,0.0000,M,0.0000,M,0.0000,0
$GPRMC,223634.65,A,3718.9945240,N,12158.0127520,W,27.3026,268.4644,101220,,,,
$GPGGA,223635.67,3718.9940260,N,12158.0314900,W,1,0,0.0,0.0000,M,0.0000,M,0.0000,0
$GPRMC,223635.67,A,3718.9940260,N,12158.0314900,W,27.2736,267.6230,101220,,,,
$GPGGA,223636.66,3718.9934020,N,12158.0497300,W,1,0,0.0,0.0000,M,0.0000,M,0.0000,0
$GPRMC,223636.66,A,3718.9934020,N,12158.0497300,W,27.1935,267.4106,101220,,,,
$GPGGA,223637.65,3718.9927720,N,12158.0678800,W,1,0,0.0,0.0000,M,0.0000,M,0.0000,0
$GPRMC,223637.65,A,3718.9927720,N,12158.0678800,W,26.7673,267.4443,101220,,,,
$GPGGA,223638.66,3718.9921660,N,12158.0858500,W,1,0,0.0,0.0000,M,0.0000,M,0.0000,0
$GPRMC,223638.66,A,3718.9921660,N,12158.0858500,W,25.7798,267.5875,101220,,,,
$GPGGA,223639.65,3718.9916800,N,12158.1027580,W,1,0,0.0,0.0000,M,0.0000,M,0.0000,0
$GPRMC,223639.65,A,3718.9916800,N,12158.1027580,W,24.6465,268.3987,101220,,,,
$GPGGA,223640.75,3718.9915600,N,12158.1206380,W,1,0,0.0,0.0000,M,0.0000,M,0.0000,0
$GPRMC,223640.75,A,3718.9915600,N,12158.1206380,W,23.7486,270.4686,101220,,,,
$GPGGA,223641.56,3718.9918180,N,12158.1335920,W,1,0,0.0,0.0000,M,0.0000,M,0.0000,0
$GPRMC,223641.56,A,3718.9918180,N,12158.1335920,W,23.4215,271.9641,101220,,,,
$GPGGA,223642.44,3718.9923520,N,12158.1475720,W,1,0,0.0,0.0000,M,0.0000,M,0.0000,0
$GPRMC,223642.44,A,3718.9923520,N,12158.1475720,W,23.1867,273.1589,101220,,,,
$GPGGA,223643.66,3718.9933600,N,12158.1665320,W,1,0,0.0,0.0000,M,0.0000,M,0.0000,0
$GPRMC,223643.66,A,3718.9933600,N,12158.1665320,W,22.9017,274.0522,101220,,,,
$GPGGA,223644.65,3718.9942420,N,12158.1817540,W,1,0,0.0,0.0000,M,0.0000,M,0.0000,0
$GPRMC,223644.65,A,3718.9942420,N,12158.1817540,W,22.6784,273.8101,101220,,,,
$GPGGA,223645.67,3718.9949500,N,12158.1971980,W,1,0,0.0,0.0000,M,0.0000,M,0.0000,0
$GPRMC,223645.67,A,3718.9949500,N,12158.1971980,W,22.4522,272.5661,101220,,,,
$GPGGA,223646.66,3718.9953640,N,12158.2121560,W,1,0,0.0,0.0000,M,0.0000,M,0.0000,0
$GPRMC,223646.66,A,3718.9953640,N,12158.2121560,W,22.2266,271.4771,101220,,,,
$GPGGA,223647.65,3718.9956880,N,12158.2269760,W,1,0,0.0,0.0000,M,0.0000,M,0.0000,0
$GPRMC,223647.65,A,3718.9956880,N,12158.2269760,W,22.0063,271.5447,101220,,,,
$GPGGA,223648.66,3718.9961500,N,12158.2420300,W,1,0,0.0,0.0000,M,0.0000,M,0.0000,0
$GPRMC,223648.66,A,3718.9961500,N,12158.2420300,W,21.7892,272.5517,101220,,,,
$GPGGA,223649.65,3718.9968700,N,12158.2565440,W,1,0,0.0,0.0000,M,0.0000,M,0.0000,0
$GPRMC,223649.65,A,3718.9968700,N,12158.2565440,W,21.6031,274.0650,101220,,,,
$GPGGA,223650.64,3718.9978960,N,12158.2709140,W,1,0,0.0,0.0000,M,0.0000,M,0.0000,0
$GPRMC,223650.64,A,3718.9978960,N,12158.2709140,W,21.4256,275.6162,101220,,,,
$GPGGA,223651.65,3718.9992640,N,12158.2854040,W,1,0,0.0,0.0000,M,0.0000,M,0.0000,0
$GPRMC,223651.65,A,3718.9992640,N,12158.2854040,W,21.2114,277.1831,101220,,,,
$GPGGA,223652.65,3719.0009140,N,12158.2994440,W,1,0,0.0,0.0000,M,0.0000,M,0.0000,0
$GPRMC,223652.65,A,3719.0009140,N,12158.2994440,W,21.0232,278.8717,101220,,,,
$GPGGA,223653.66,3719.0029180,N,12158.3136280,W,1,0,0.0,0.0000,M,0.0000,M,0.0000,0
$GPRMC,223653.66,A,3719.0029180,N,12158.3136280,W,20.8672,280.5685,101220,,,,
$GPGGA,223654.65,3719.0052760,N,12158.3272900,W,1,0,0.0,0.0000,M,0.0000,M,0.0000,0
$GPRMC,223654.65,A,3719.0052760,N,12158.3272900,W,20.7380,283.3855,101220,,,,
$GPGGA,223655.67,3719.0083780,N,12158.3409220,W,1,0,0.0,0.0000,M,0.0000,M,0.0000,0
$GPRMC,223655.67,A,3719.0083780,N,12158.3409220,W,20.6631,287.4011,101220,,,,
$GPGGA,223656.66,3719.0120980,N,12158.3540200,W,1,0,0.0,0.0000,M,0.0000,M,0.0000,0
$GPRMC,223656.66,A,3719.0120980,N,12158.3540200,W,20.7484,290.6360,101220,,,,
$GPGGA,223657.65,3719.0164060,N,12158.3669200,W,1,0,0.0,0.0000,M,0.0000,M,0.0000,0
$GPRMC,223657.65,A,3719.0164060,N,12158.3669200,W,21.0827,293.8237,101220,,,,
$GPGGA,223658.66,3719.0214280,N,12158.3800300,W,1,0,0.0,0.0000,M,0.0000,M,0.0000,0
$GPRMC,223658.66,A,3719.0214280,N,12158.3800300,W,21.1355,296.2910,101220,,,,
$GPGGA,223659.65,3719.0265040,N,12158.3925640,W,1,0,0.0,0.0000,M,0.0000,M,0.0000,0
$GPRMC,223659.65,A,3719.0265040,N,12158.3925640,W,20.7567,296.8293,101220,,,,
$GPGGA,223700.67,3719.0315800,N,12158.4050920,W,1,0,0.0,0.0000,M,0.0000,M,0.0000,0
$GPRMC,223700.67,A,3719.0315800,N,12158.4050920,W,20.1623,296.6035,101220,,,,
$GPGGA,223701.66,3719.0363200,N,12158.4168340,W,1,0,0.0,0.0000,M,0.0000,M,0.0000,0
$GPRMC,223701.66,A,3719.0363200,N,12158.4168340,W,18.8725,296.5359,101220,,,,
$GPGGA,223702.65,3719.0406820,N,12158.4276040,W,1,0,0.0,0.0000,M,0.0000,M,0.0000,0
$GPRMC,223702.65,A,3719.0406820,N,12158.4276040,W,16.8624,296.6753,101220,,,,
$GPGGA,223703.66,3719.0445220,N,12158.4370060,W,1,0,0.0,0.0000,M,0.0000,M,0.0000,0
$GPRMC,223703.66,A,3719.0445220,N,12158.4370060,W,13.9315,297.1115,101220,,,,
$GPGGA,223704.66,3719.0476960,N,12158.4443320,W,1,0,0.0,0.0000,M,0.0000,M,0.0000,0
$GPRMC,223704.66,A,3719.0476960,N,12158.4443320,W,11.0674,299.2905,101220,,,,
$GPGGA,223705.64,3719.0507260,N,12158.4499180,W,1,0,0.0,0.0000,M,0.0000,M,0.0000,0
$GPRMC,223705.64,A,3719.0507260,N,12158.4499180,W,9.1661,306.6442,101220,,,,
$GPGGA,223706.66,3719.0540980,N,12158.4539020,W,1,0,0.0,0.0000,M,0.0000,M,0.0000,0
$GPRMC,223706.66,A,3719.0540980,N,12158.4539020,W,7.7923,320.4793,101220,,,,
$GPGGA,223707.65,3719.0576440,N,12158.4560200,W,1,0,0.0,0.0000,M,0.0000,M,0.0000,0
$GPRMC,223707.65,A,3719.0576440,N,12158.4560200,W,6.9343,337.6336,101220,,,,
$GPGGA,223708.66,3719.0612380,N,12158.4570820,W,1,0,0.0,0.0000,M,0.0000,M,0.0000,0
$GPRMC,223708.66,A,3719.0612380,N,12158.4570820,W,6.6189,346.5101,101220,,,,
$GPGGA,223709.65,3719.0645260,N,12158.4584080,W,1,0,0.0,0.0000,M,0.0000,M,0.0000,0
$GPRMC,223709.65,A,3719.0645260,N,12158.4584080,W,6.3655,338.8780,101220,,,,
$GPGGA,223710.67,3719.0673400,N,12158.4605980,W,1,0,0.0,0.0000,M,0.0000,M,0.0000,0
$GPRMC,223710.67,A,3719.0673400,N,12158.4605980,W,5.8726,327.2472,101220,,,,
$GPGGA,223711.66,3719.0699500,N,12158.4621400,W,1,0,0.0,0.0000,M,0.0000,M,0.0000,0
$GPRMC,223711.66,A,3719.0699500,N,12158.4621400,W,4.8857,336.6247,101220,,,,
$GPGGA,223712.65,3719.0723740,N,12158.4622540,W,1,0,0.0,0.0000,M,0.0000,M,0.0000,0
$GPRMC,223712.65,A,3719.0723740,N,12158.4622540,W,4.0260,357.1287,101220,,,,
$GPGGA,223713.66,3719.0743240,N,12158.4614740,W,1,0,0.0,0.0000,M,0.0000,M,0.0000,0
$GPRMC,223713.66,A,3719.0743240,N,12158.4614740,W,3.1412,14.6743,101220,,,,
$GPGGA,223714.65,3719.0755060,N,12158.4605260,W,1,0,0.0,0.0000,M,0.0000,M,0.0000,0
$GPRMC,223714.65,A,3719.0755060,N,12158.4605260,W,1.7397,27.0216,101220,,,,
$GPGGA,223715.65,3719.0759140,N,12158.4601000,W,1,0,0.0,0.0000,M,0.0000,M,0.0000,0
$GPRMC,223715.65,A,3719.0759140,N,12158.4601000,W,0.4502,31.1131,101220,,,,
$GPGGA,223716.66,3719.0759680,N,12158.4600280,W,1,0,0.0,0.0000,M,0.0000,M,0.0000,0
$GPRMC,223716.66,A,3719.0759680,N,12158.4600280,W,0.0514,31.2418,101220,,,,
$GPGGA,223717.65,3719.0760040,N,12158.4599740,W,1,0,0.0,0.0000,M,0.0000,M,0.0000,0
$GPRMC,223717.65,A,3719.0760040,N,12158.4599740,W,0.2992,31.2423,101220,,,,
$GPGGA,223718.66,3719.0762740,N,12158.4597460,W,1,0,0.0,0.0000,M,0.0000,M,0.0000,0
$GPRMC,223718.66,A,3719.0762740,N,12158.4597460,W,0.9167,31.3568,101220,,,,
$GPGGA,223719.65,3719.0767360,N,12158.4593500,W,1,0,0.0,0.0000,M,0.0000,M,0.0000,0
$GPRMC,223719.65,A,3719.0767360,N,12158.4593500,W,1.0840,31.7170,101220,,,,
$GPGGA,223720.64,3719.0772100,N,12158.4589480,W,1,0,0.0,0.0000,M,0.0000,M,0.0000,0
$GPRMC,223720.64,A,3719.0772100,N,12158.4589480,W,1.1692,32.2351,101220,,,,
$GPGGA,223721.65,3719.0778280,N,12158.4584080,W,1,0,0.0,0.0000,M,0.0000,M,0.0000,0
$GPRMC,223721.65,A,3719.0778280,N,12158.4584080,W,1.6595,32.8687,101220,,,,
$GPGGA,223722.65,3719.0786500,N,12158.4577000,W,1,0,0.0,0.0000,M,0.0000,M,0.0000,0
$GPRMC,223722.65,A,3719.0786500,N,12158.4577000,W,1.9909,33.2722,101220,,,,
$GPGGA,223723.66,3719.0796700,N,12158.4568300,W,1,0,0.0,0.0000,M,0.0000,M,0.0000,0
$GPRMC,223723.66,A,3719.0796700,N,12158.4568300,W,2.7531,33.5602,101220,,,,
$GPGGA,223724.65,3719.0812180,N,12158.4555280,W,1,0,0.0,0.0000,M,0.0000,M,0.0000,0
$GPRMC,223724.65,A,3719.0812180,N,12158.4555280,W,4.2769,33.6345,101220,,,,
$GPGGA,223725.67,3719.0836000,N,12158.4535300,W,1,0,0.0,0.0000,M,0.0000,M,0.0000,0
$GPRMC,223725.67,A,3719.0836000,N,12158.4535300,W,6.1039,33.5394,101220,,,,
$GPGGA,223726.65,3719.0864860,N,12158.4511360,W,1,0,0.0,0.0000,M,0.0000,M,0.0000,0
$GPRMC,223726.65,A,3719.0864860,N,12158.4511360,W,6.6691,33.4679,101220,,,,
$GPGGA,223727.64,3719.0893540,N,12158.4487000,W,1,0,0.0,0.0000,M,0.0000,M,0.0000,0
$GPRMC,223727.64,A,3719.0893540,N,12158.4487000,W,6.1355,33.9644,101220,,,,
$GPGGA,223728.67,3719.0920180,N,12158.4464260,W,1,0,0.0,0.0000,M,0.0000,M,0.0000,0
$GPRMC,223728.67,A,3719.0920180,N,12158.4464260,W,5.5146,34.0901,101220,,,,
$GPGGA,223729.66,3719.0944480,N,12158.4448480,W,1,0,0.0,0.0000,M,0.0000,M,0.0000,0
$GPRMC,223729.66,A,3719.0944480,N,12158.4448480,W,4.6464,24.8346,101220,,,,
$GPGGA,223730.67,3719.0965840,N,12158.4452320,W,1,0,0.0,0.0000,M,0.0000,M,0.0000,0
$GPRMC,223730.67,A,3719.0965840,N,12158.4452320,W,3.8014,351.6125,101220,,,,
$GPGGA,223731.65,3719.0974840,N,12158.4473680,W,1,0,0.0,0.0000,M,0.0000,M,0.0000,0
$GPRMC,223731.65,A,3719.0974840,N,12158.4473680,W,3.6484,308.0529,101220,,,,
$GPGGA,223732.64,3719.0968300,N,12158.4497920,W,1,0,0.0,0.0000,M,0.0000,M,0.0000,0
$GPRMC,223732.64,A,3719.0968300,N,12158.4497920,W,4.0150,262.8198,101220,,,,
$GPGGA,223733.66,3719.0948020,N,12158.4516700,W,1,0,0.0,0.0000,M,0.0000,M,0.0000,0
$GPRMC,223733.66,A,3719.0948020,N,12158.4516700,W,5.3536,224.1499,101220,,,,
$GPGGA,223734.65,3719.0917360,N,12158.4534520,W,1,0,0.0,0.0000,M,0.0000,M,0.0000,0
$GPRMC,223734.65,A,3719.0917360,N,12158.4534520,W,7.5602,208.0743,101220,,,,
$GPGGA,223735.67,3719.0872600,N,12158.4561160,W,1,0,0.0,0.0000,M,0.0000,M,0.0000,0
$GPRMC,223735.67,A,3719.0872600,N,12158.4561160,W,10.6054,206.2153,101220,,,,
$GPGGA,223736.65,3719.0814640,N,12158.4598360,W,1,0,0.0,0.0000,M,0.0000,M,0.0000,0
$GPRMC,223736.65,A,3719.0814640,N,12158.4598360,W,13.8327,207.6842,101220,,,,
$GPGGA,223737.75,3719.0734960,N,12158.4654100,W,1,0,0.0,0.0000,M,0.0000,M,0.0000,0
$GPRMC,223737.75,A,3719.0734960,N,12158.4654100,W,16.7596,210.3265,101220,,,,
$GPGGA,223738.46,3719.0676940,N,12158.4698380,W,1,0,0.0,0.0000,M,0.0000,M,0.0000,0
$GPRMC,223738.46,A,3719.0676940,N,12158.4698380,W,18.1735,211.7986,101220,,,,
$GPGGA,223739.75,3719.0566000,N,12158.4787840,W,1,0,0.0,0.0000,M,0.0000,M,0.0000,0
$GPRMC,223739.75,A,3719.0566000,N,12158.4787840,W,19.0891,213.2224,101220,,,,
$GPGGA,223740.44,3719.0506900,N,12158.4836740,W,1,0,0.0,0.0000,M,0.0000,M,0.0000,0
$GPRMC,223740.44,A,3719.0506900,N,12158.4836740,W,18.9937,213.5512,101220,,,,
$GPGGA,223741.65,3719.0404480,N,12158.4922240,W,1,0,0.0,0.0000,M,0.0000,M,0.0000,0
$GPRMC,223741.65,A,3719.0404480,N,12158.4922240,W,18.6858,213.7720,101220,,,,
$GPGGA,223742.64,3719.0322940,N,12158.4990520,W,1,0,0.0,0.0000,M,0.0000,M,0.0000,0
$GPRMC,223742.64,A,3719.0322940,N,12158.4990520,W,17.6759,213.8194,101220,,,,
$GPGGA,223743.66,3719.0246560,N,12158.5054480,W,1,0,0.0,0.0000,M,0.0000,M,0.0000,0
$GPRMC,223743.66,A,3719.0246560,N,12158.5054480,W,15.2496,213.8243,101220,,,,
$GPGGA,223744.66,3719.0184820,N,12158.5105300,W,1,0,0.0,0.0000,M,0.0000,M,0.0000,0
$GPRMC,223744.66,A,3719.0184820,N,12158.5105300,W,12.3126,212.5113,101220,,,,
$GPGGA,223745.77,3719.0127700,N,12158.5142140,W,1,0,0.0,0.0000,M,0.0000,M,0.0000,0
$GPRMC,223745.77,A,3719.0127700,N,12158.5142140,W,9.2036,201.8143,101220,,,,
$GPGGA,223746.46,3719.0096800,N,12158.5149160,W,1,0,0.0,0.0000,M,0.0000,M,0.0000,0
$GPRMC,223746.46,A,3719.0096800,N,12158.5149160,W,8.2021,189.2536,101220,,,,
$GPGGA,223747.65,3719.0049700,N,12158.5136800,W,1,0,0.0,0.0000,M,0.0000,M,0.0000,0
$GPRMC,223747.65,A,3719.0049700,N,12158.5136800,W,7.5971,160.7599,101220,,,,
$GPGGA,223748.66,3719.0020000,N,12158.5102600,W,1,0,0.0,0.0000,M,0.0000,M,0.0000,0
$GPRMC,223748.66,A,3719.0020000,N,12158.5102600,W,7.7352,133.5848,101220,,,,
$GPGGA,223749.65,3719.0000440,N,12158.5055680,W,1,0,0.0,0.0000,M,0.0000,M,0.0000,0
$GPRMC,223749.65,A,3719.0000440,N,12158.5055680,W,8.4473,117.0588,101220,,,,
$GPGGA,223750.67,3718.9984180,N,12158.4998500,W,1,0,0.0,0.0000,M,0.0000,M,0.0000,0
$GPRMC,223750.67,A,3718.9984180,N,12158.4998500,W,9.3933,109.3868,101220,,,,
$GPGGA,223751.66,3718.9969540,N,12158.4933820,W,1,0,0.0,0.0000,M,0.0000,M,0.0000,0
$GPRMC,223751.66,A,3718.9969540,N,12158.4933820,W,10.7325,105.8845,101220,,,,
$GPGGA,223752.65,3718.9954000,N,12158.4858880,W,1,0,0.0,0.0000,M,0.0000,M,0.0000,0
$GPRMC,223752.65,A,3718.9954000,N,12158.4858880,W,12.4725,104.8477,101220,,,,
$GPGGA,223753.66,3718.9935760,N,12158.4769300,W,1,0,0.0,0.0000,M,0.0000,M,0.0000,0
$GPRMC,223753.66,A,3718.9935760,N,12158.4769300,W,14.4907,104.7220,101220,,,,
$GPGGA,223754.65,3718.9915120,N,12158.4668440,W,1,0,0.0,0.0000,M,0.0000,M,0.0000,0
$GPRMC,223754.65,A,3718.9915120,N,12158.4668440,W,16.5228,104.5297,101220,,,,
$GPGGA,223755.66,3718.9891780,N,12158.4552460,W,1,0,0.0,0.0000,M,0.0000,M,0.0000,0
$GPRMC,223755.66,A,3718.9891780,N,12158.4552460,W,18.5152,104.3454,101220,,,,
$GPGGA,223756.66,3718.9866700,N,12158.4426460,W,1,0,0.0,0.0000,M,0.0000,M,0.0000,0
$GPRMC,223756.66,A,3718.9866700,N,12158.4426460,W,19.7520,104.1979,101220,,,,
$GPGGA,223757.65,3718.9841140,N,12158.4297340,W,1,0,0.0,0.0000,M,0.0000,M,0.0000,0
$GPRMC,223757.65,A,3718.9841140,N,12158.4297340,W,19.8985,104.2221,101220,,,,
$GPGGA,223758.66,3718.9815340,N,12158.4165640,W,1,0,0.0,0.0000,M,0.0000,M,0.0000,0
$GPRMC,223758.66,A,3718.9815340,N,12158.4165640,W,19.5469,103.8947,101220,,,,
$GPGGA,223759.65,3718.9792060,N,12158.4038800,W,1,0,0.0,0.0000,M,0.0000,M,0.0000,0
$GPRMC,223759.65,A,3718.9792060,N,12158.4038800,W,19.2932,102.7896,101220,,,,
$GPGGA,223800.67,3718.9771360,N,12158.3909080,W,1,0,0.0,0.0000,M,0.0000,M,0.0000,0
$GPRMC,223800.67,A,3718.9771360,N,12158.3909080,W,19.3869,100.7951,101220,,,,
$GPGGA,223801.66,3718.9755280,N,12158.3779960,W,1,0,0.0,0.0000,M,0.0000,M,0.0000,0
$GPRMC,223801.66,A,3718.9755280,N,12158.3779960,W,19.6757,97.7333,101220,,,,
$GPGGA,223802.65,3718.9744900,N,12158.3647480,W,1,0,0.0,0.0000,M,0.0000,M,0.0000,0
$GPRMC,223802.65,A,3718.9744900,N,12158.3647480,W,20.0062,94.9175,101220,,,,
$GPGGA,223803.66,3718.9737940,N,12158.3509420,W,1,0,0.0,0.0000,M,0.0000,M,0.0000,0
$GPRMC,223803.66,A,3718.9737940,N,12158.3509420,W,20.4400,93.4996,101220,,,,
$GPGGA,223804.65,3718.9731700,N,12158.3371060,W,1,0,0.0,0.0000,M,0.0000,M,0.0000,0
$GPRMC,223804.65,A,3718.9731700,N,12158.3371060,W,20.9234,93.6508,101220,,,,
$GPGGA,223805.67,3718.9724440,N,12158.3225920,W,1,0,0.0,0.0000,M,0.0000,M,0.0000,0
$GPRMC,223805.67,A,3718.9724440,N,12158.3225920,W,21.3244,94.1859,101220,,,,
$GPGGA,223806.66,3718.9715980,N,12158.3083000,W,1,0,0.0,0.0000,M,0.0000,M,0.0000,0
$GPRMC,223806.66,A,3718.9715980,N,12158.3083000,W,21.2389,94.8138,101220,,,,
$GPGGA,223807.65,3718.9707220,N,12158.2942840,W,1,0,0.0,0.0000,M,0.0000,M,0.0000,0
$GPRMC,223807.65,A,3718.9707220,N,12158.2942840,W,20.9114,94.6309,101220,,,,
$GPGGA,223808.66,3718.9700200,N,12158.2799500,W,1,0,0.0,0.0000,M,0.0000,M,0.0000,0
$GPRMC,223808.66,A,3718.9700200,N,12158.2799500,W,20.8423,93.0887,101220,,,,
$GPGGA,223809.65,3718.9696660,N,12158.2659280,W,1,0,0.0,0.0000,M,0.0000,M,0.0000,0
$GPRMC,223809.65,A,3718.9696660,N,12158.2659280,W,21.0778,91.4987,101220,,,,
$GPGGA,223810.67,3718.9694980,N,12158.2513180,W,1,0,0.0,0.0000,M,0.0000,M,0.0000,0
$GPRMC,223810.67,A,3718.9694980,N,12158.2513180,W,21.6416,90.8071,101220,,,,
$GPGGA,223811.66,3718.9694980,N,12158.2365460,W,1,0,0.0,0.0000,M,0.0000,M,0.0000,0
$GPRMC,223811.66,A,3718.9694980,N,12158.2365460,W,22.3663,89.7515,101220,,,,
$GPGGA,223812.65,3718.9697920,N,12158.2213300,W,1,0,0.0,0.0000,M,0.0000,M,0.0000,0
$GPRMC,223812.65,A,3718.9697920,N,12158.2213300,W,23.1957,88.3372,101220,,,,
$GPGGA,223813.77,3718.9704760,N,12158.2034020,W,1,0,0.0,0.0000,M,0.0000,M,0.0000,0
$GPRMC,223813.77,A,3718.9704760,N,12158.2034020,W,24.3011,87.1825,101220,,,,
$GPGGA,223814.46,3718.9709800,N,12158.1918520,W,1,0,0.0,0.0000,M,0.0000,M,0.0000,0
$GPRMC,223814.46,A,3718.9709800,N,12158.1918520,W,25.0616,87.1259,101220,,,,
$GPGGA,223815.77,3718.9719100,N,12158.1689980,W,1,0,0.0,0.0000,M,0.0000,M,0.0000,0
$GPRMC,223815.77,A,3718.9719100,N,12158.1689980,W,26.5398,87.4447,101220,,,,
$GPGGA,223816.46,3718.9723660,N,12158.1563620,W,1,0,0.0,0.0000,M,0.0000,M,0.0000,0
$GPRMC,223816.46,A,3718.9723660,N,12158.1563620,W,27.2983,87.6828,101220,,,,
$GPGGA,223817.65,3718.9730800,N,12158.1340900,W,1,0,0.0,0.0000,M,0.0000,M,0.0000,0
$GPRMC,223817.65,A,3718.9730800,N,12158.1340900,W,28.0070,88.0509,101220,,,,
$GPGGA,223818.76,3718.9737040,N,12158.1129400,W,1,0,0.0,0.0000,M,0.0000,M,0.0000,0
$GPRMC,223818.76,A,3718.9737040,N,12158.1129400,W,27.8512,88.0121,101220,,,,
$GPGGA,223819.45,3718.9741060,N,12158.1000400,W,1,0,0.0,0.0000,M,0.0000,M,0.0000,0
$GPRMC,223819.45,A,3718.9741060,N,12158.1000400,W,27.6179,87.9066,101220,,,,
$GPGGA,223820.67,3718.9748860,N,12158.0775580,W,1,0,0.0,0.0000,M,0.0000,M,0.0000,0
$GPRMC,223820.67,A,3718.9748860,N,12158.0775580,W,27.1526,87.5779,101220,,,,
$GPGGA,223821.66,3718.9755580,N,12158.0594920,W,1,0,0.0,0.0000,M,0.0000,M,0.0000,0
$GPRMC,223821.66,A,3718.9755580,N,12158.0594920,W,26.7304,87.6675,101220,,,,
$GPGGA,223822.65,3718.9761580,N,12158.0416420,W,1,0,0.0,0.0000,M,0.0000,M,0.0000,0
$GPRMC,223822.65,A,3718.9761580,N,12158.0416420,W,26.7575,87.8438,101220,,,,
$GPGGA,223823.66,3718.9767580,N,12158.0230840,W,1,0,0.0,0.0000,M,0.0000,M,0.0000,0
$GPRMC,223823.66,A,3718.9767580,N,12158.0230840,W,27.4224,87.8679,101220,,,,
$GPGGA,223824.65,3718.9773580,N,12158.0044180,W,1,0,0.0,0.0000,M,0.0000,M,0.0000,0
$GPRMC,223824.65,A,3718.9773580,N,12158.0044180,W,28.3351,87.8899,101220,,,,
$GPGGA,223825.64,3718.9779640,N,12157.9851880,W,1,0,0.0,0.0000,M,0.0000,M,0.0000,0
$GPRMC,223825.64,A,3718.9779640,N,12157.9851880,W,29.3138,87.9185,101220,,,,
$GPGGA,223826.65,3718.9786120,N,12157.9648000,W,1,0,0.0,0.0000,M,0.0000,M,0.0000,0
$GPRMC,223826.65,A,3718.9786120,N,12157.9648000,W,30.3523,87.8975,101220,,,,
$GPGGA,223827.64,3718.9792600,N,12157.9440460,W,1,0,0.0,0.0000,M,0.0000,M,0.0000,0
$GPRMC,223827.64,A,3718.9792600,N,12157.9440460,W,31.1459,87.9873,101220,,,,
$GPGGA,223828.66,3718.9799080,N,12157.9226320,W,1,0,0.0,0.0000,M,0.0000,M,0.0000,0
$GPRMC,223828.66,A,3718.9799080,N,12157.9226320,W,31.1299,88.0719,101220,,,,
$GPGGA,223829.65,3718.9804960,N,12157.9018300,W,1,0,0.0,0.0000,M,0.0000,M,0.0000,0
$GPRMC,223829.65,A,3718.9804960,N,12157.9018300,W,30.7367,88.2081,101220,,,,
$GPGGA,223830.66,3718.9810660,N,12157.8810280,W,1,0,0.0,0.0000,M,0.0000,M,0.0000,0
$GPRMC,223830.66,A,3718.9810660,N,12157.8810280,W,30.3476,88.2337,101220,,,,
$GPGGA,223831.65,3718.9816180,N,12157.8608380,W,1,0,0.0,0.0000,M,0.0000,M,0.0000,0
$GPRMC,223831.65,A,3718.9816180,N,12157.8608380,W,29.9857,88.3472,101220,,,,
$GPGGA,223832.65,3718.9820200,N,12157.8406420,W,1,0,0.0,0.0000,M,0.0000,M,0.0000,0
$GPRMC,223832.65,A,3718.9820200,N,12157.8406420,W,29.6551,89.2138,101220,,,,
$GPGGA,223833.66,3718.9821580,N,12157.8204580,W,1,0,0.0,0.0000,M,0.0000,M,0.0000,0
$GPRMC,223833.66,A,3718.9821580,N,12157.8204580,W,29.5122,90.1609,101220,,,,
$GPGGA,223834.65,3718.9820560,N,12157.8006220,W,1,0,0.0,0.0000,M,0.0000,M,0.0000,0
$GPRMC,223834.65,A,3718.9820560,N,12157.8006220,W,29.4035,90.9753,101220,,,,
$GPGGA,223835.67,3718.9817920,N,12157.7805220,W,1,0,0.0,0.0000,M,0.0000,M,0.0000,0
$GPRMC,223835.67,A,3718.9817920,N,12157.7805220,W,29.2350,91.2457,101220,,,,
$GPGGA,223836.65,3718.9814800,N,12157.7610340,W,1,0,0.0,0.0000,M,0.0000,M,0.0000,0
$GPRMC,223836.65,A,3718.9814800,N,12157.7610340,W,29.1304,91.3788,101220,,,,
$GPGGA,223837.65,3718.9811860,N,12157.7414260,W,1,0,0.0,0.0000,M,0.0000,M,0.0000,0
$GPRMC,223837.65,A,3718.9811860,N,12157.7414260,W,29.1652,91.3041,101220,,,,
$GPGGA,223838.66,3718.9809100,N,12157.7213680,W,1,0,0.0,0.0000,M,0.0000,M,0.0000,0
$GPRMC,223838.66,A,3718.9809100,N,12157.7213680,W,29.2871,91.1141,101220,,,,
$GPGGA,223839.65,3718.9806640,N,12157.7017540,W,1,0,0.0,0.0000,M,0.0000,M,0.0000,0
$GPRMC,223839.65,A,3718.9806640,N,12157.7017540,W,29.4610,91.2180,101220,,,,
$GPGGA,223840.66,3718.9803640,N,12157.6814320,W,1,0,0.0,0.0000,M,0.0000,M,0.0000,0
$GPRMC,223840.66,A,3718.9803640,N,12157.6814320,W,29.6821,91.2690,101220,,,,
$GPGGA,223841.66,3718.9800880,N,12157.6614460,W,1,0,0.0,0.0000,M,0.0000,M,0.0000,0
$GPRMC,223841.66,A,3718.9800880,N,12157.6614460,W,29.8628,91.1497,101220,,,,
$GPGGA,223842.65,3718.9798000,N,12157.6412860,W,1,0,0.0,0.0000,M,0.0000,M,0.0000,0
$GPRMC,223842.65,A,3718.9798000,N,12157.6412860,W,29.9722,91.1715,101220,,,,
$GPGGA,223843.66,3718.9795060,N,12157.6207780,W,1,0,0.0,0.0000,M,0.0000,M,0.0000,0
$GPRMC,223843.66,A,3718.9795060,N,12157.6207780,W,30.0212,91.1280,101220,,,,
$GPGGA,223844.65,3718.9792420,N,12157.6006180,W,1,0,0.0,0.0000,M,0.0000,M,0.0000,0
$GPRMC,223844.65,A,3718.9792420,N,12157.6006180,W,30.0789,91.0544,101220,,,,
$GPGGA,223845.67,3718.9789840,N,12157.5799360,W,1,0,0.0,0.0000,M,0.0000,M,0.0000,0
$GPRMC,223845.67,A,3718.9789840,N,12157.5799360,W,30.1651,91.2286,101220,,,,
$GPGGA,223846.66,3718.9786960,N,12157.5596800,W,1,0,0.0,0.0000,M,0.0000,M,0.0000,0
$GPRMC,223846.66,A,3718.9786960,N,12157.5596800,W,30.2707,91.2695,101220,,,,
$GPGGA,223847.65,3718.9784080,N,12157.5393880,W,1,0,0.0,0.0000,M,0.0000,M,0.0000,0
$GPRMC,223847.65,A,3718.9784080,N,12157.5393880,W,30.3684,91.1240,101220,,,,
$GPGGA,223848.66,3718.9782040,N,12157.5185320,W,1,0,0.0,0.0000,M,0.0000,M,0.0000,0
$GPRMC,223848.66,A,3718.9782040,N,12157.5185320,W,30.4020,90.7934,101220,,,,
$GPGGA,223849.65,3718.9780480,N,12157.4981920,W,1,0,0.0,0.0000,M,0.0000,M,0.0000,0
$GPRMC,223849.65,A,3718.9780480,N,12157.4981920,W,30.2132,90.8019,101220,,,,
$GPGGA,223850.65,3718.9779280,N,12157.4779300,W,1,0,0.0,0.0000,M,0.0000,M,0.0000,0
$GPRMC,223850.65,A,3718.9779280,N,12157.4779300,W,30.0940,90.4823,101220,,,,
$GPGGA,223851.66,3718.9779880,N,12157.4573200,W,1,0,0.0,0.0000,M,0.0000,M,0.0000,0
$GPRMC,223851.66,A,3718.9779880,N,12157.4573200,W,29.9267,89.5433,101220,,,,
$GPGGA,223852.75,3718.9783960,N,12157.4353120,W,1,0,0.0,0.0000,M,0.0000,M,0.0000,0
$GPRMC,223852.75,A,3718.9783960,N,12157.4353120,W,29.5989,88.5453,101220,,,,
$GPGGA,223853.46,3718.9787440,N,12157.4211700,W,1,0,0.0,0.0000,M,0.0000,M,0.0000,0
$GPRMC,223853.46,A,3718.9787440,N,12157.4211700,W,29.3587,88.4035,101220,,,,
$GPGGA,223854.76,3718.9794400,N,12157.3956520,W,1,0,0.0,0.0000,M,0.0000,M,0.0000,0
$GPRMC,223854.76,A,3718.9794400,N,12157.3956520,W,28.9120,87.9813,101220,,,,
$GPGGA,223855.55,3718.9799860,N,12157.3802440,W,1,0,0.0,0.0000,M,0.0000,M,0.0000,0
$GPRMC,223855.55,A,3718.9799860,N,12157.3802440,W,28.6687,87.2449,101220,,,,
$GPGGA,223856.46,3718.9808080,N,12157.3626940,W,1,0,0.0,0.0000,M,0.0000,M,0.0000,0
$GPRMC,223856.46,A,3718.9808080,N,12157.3626940,W,28.4144,86.3819,101220,,,,
$GPGGA,223857.75,3718.9822780,N,12157.3381240,W,1,0,0.0,0.0000,M,0.0000,M,0.0000,0
$GPRMC,223857.75,A,3718.9822780,N,12157.3381240,W,28.0447,85.5629,101220,,,,
$GPGGA,223858.46,3718.9831540,N,12157.3247200,W,1,0,0.0,0.0000,M,0.0000,M,0.0000,0
$GPRMC,223858.46,A,3718.9831540,N,12157.3247200,W,27.7671,85.3729,101220,,,,
$GPGGA,223859.65,3718.9845520,N,12157.3026400,W,1,0,0.0,0.0000,M,0.0000,M,0.0000,0
$GPRMC,223859.65,A,3718.9845520,N,12157.3026400,W,27.3281,86.1855,101220,,,,
$GPGGA,223900.65,3718.9854100,N,12157.2842380,W,1,0,0.0,0.0000,M,0.0000,M,0.0000,0
$GPRMC,223900.65,A,3718.9854100,N,12157.2842380,W,27.2821,87.4843,101220,,,,
$GPGGA,223901.66,3718.9859560,N,12157.2655240,W,1,0,0.0,0.0000,M,0.0000,M,0.0000,0
$GPRMC,223901.66,A,3718.9859560,N,12157.2655240,W,27.4330,88.5038,101220,,,,
$GPGGA,223902.75,3718.9863340,N,12157.2453220,W,1,0,0.0,0.0000,M,0.0000,M,0.0000,0
$GPRMC,223902.75,A,3718.9863340,N,12157.2453220,W,27.3626,89.0199,101220,,,,
$GPGGA,223903.46,3718.9865440,N,12157.2321760,W,1,0,0.0,0.0000,M,0.0000,M,0.0000,0
$GPRMC,223903.46,A,3718.9865440,N,12157.2321760,W,27.1558,88.9836,101220,,,,
$GPGGA,223904.65,3718.9869580,N,12157.2104380,W,1,0,0.0,0.0000,M,0.0000,M,0.0000,0
$GPRMC,223904.65,A,3718.9869580,N,12157.2104380,W,26.6853,88.6160,101220,,,,
$GPGGA,223905.67,3718.9873720,N,12157.1923000,W,1,0,0.0,0.0000,M,0.0000,M,0.0000,0
$GPRMC,223905.67,A,3718.9873720,N,12157.1923000,W,26.2473,88.4422,101220,,,,
$GPGGA,223906.66,3718.9877860,N,12157.1748160,W,1,0,0.0,0.0000,M,0.0000,M,0.0000,0
$GPRMC,223906.66,A,3718.9877860,N,12157.1748160,W,25.8203,88.5576,101220,,,,
$GPGGA,223907.65,3718.9882060,N,12157.1576560,W,1,0,0.0,0.0000,M,0.0000,M,0.0000,0
$GPRMC,223907.65,A,3718.9882060,N,12157.1576560,W,25.1907,88.7653,101220,,,,
$GPGGA,223908.66,3718.9885180,N,12157.1410000,W,1,0,0.0,0.0000,M,0.0000,M,0.0000,0
$GPRMC,223908.66,A,3718.9885180,N,12157.1410000,W,23.4034,88.9239,101220,,,,
$GPGGA,223909.65,3718.9886920,N,12157.1261440,W,1,0,0.0,0.0000,M,0.0000,M,0.0000,0
$GPRMC,223909.65,A,3718.9886920,N,12157.1261440,W,20.6099,88.8479,101220,,,,
$GPGGA,223910.67,3718.9888720,N,12157.1131420,W,1,0,0.0,0.0000,M,0.0000,M,0.0000,0
$GPRMC,223910.67,A,3718.9888720,N,12157.1131420,W,17.1596,89.0668,101220,,,,
$GPGGA,223911.66,3718.9887760,N,12157.1029120,W,1,0,0.0,0.0000,M,0.0000,M,0.0000,0
$GPRMC,223911.66,A,3718.9887760,N,12157.1029120,W,13.2946,93.0723,101220,,,,
$GPGGA,223912.65,3718.9876120,N,12157.0953100,W,1,0,0.0,0.0000,M,0.0000,M,0.0000,0
$GPRMC,223912.65,A,3718.9876120,N,12157.0953100,W,9.9411,107.0349,101220,,,,
$GPGGA,223913.66,3718.9851460,N,12157.0901080,W,1,0,0.0,0.0000,M,0.0000,M,0.0000,0
$GPRMC,223913.66,A,3718.9851460,N,12157.0901080,W,7.8555,127.0921,101220,,,,
$GPGGA,223914.65,3718.9819900,N,12157.0873960,W,1,0,0.0,0.0000,M,0.0000,M,0.0000,0
$GPRMC,223914.65,A,3718.9819900,N,12157.0873960,W,6.3023,149.4328,101220,,,,
$GPGGA,223915.64,3718.9791700,N,12157.0863640,W,1,0,0.0,0.0000,M,0.0000,M,0.0000,0
$GPRMC,223915.64,A,3718.9791700,N,12157.0863640,W,4.5486,164.1080,101220,,,,
$GPGGA,223916.66,3718.9772140,N,12157.0859020,W,1,0,0.0,0.0000,M,0.0000,M,0.0000,0
$GPRMC,223916.66,A,3718.9772140,N,12157.0859020,W,2.6662,168.1978,101220,,,,
$GPGGA,223917.64,3718.9763320,N,12157.0856800,W,1,0,0.0,0.0000,M,0.0000,M,0.0000,0
$GPRMC,223917.64,A,3718.9763320,N,12157.0856800,W,0.7388,168.4691,101220,,,,
$GPGGA,223918.66,3718.9761400,N,12157.0856380,W,1,0,0.0,0.0000,M,0.0000,M,0.0000,0
$GPRMC,223918.66,A,3718.9761400,N,12157.0856380,W,0.0086,168.4938,101220,,,,
$GPGGA,223919.65,3718.9761400,N,12157.0856380,W,1,0,0.0,0.0000,M,0.0000,M,0.0000,0
$GPRMC,223919.65,A,3718.9761400,N,12157.0856380,W,0.0073,168.4912,101220,,,,
$GPGGA,223920.64,3718.9761460,N,12157.0856380,W,1,0,0.0,0.0000,M,0.0000,M,0.0000,0
$GPRMC,223920.64,A,3718.9761460,N,12157.0856380,W,0.0072,168.4893,101220,,,,
$GPGGA,223921.66,3718.9761460,N,12157.0856380,W,1,0,0.0,0.0000,M,0.0000,M,0.0000,0
$GPRMC,223921.66,A,3718.9761460,N,12157.0856380,W,0.0070,168.4878,101220,,,,
$GPGGA,223922.65,3718.9761460,N,12157.0856380,W,1,0,0.0,0.0000,M,0.0000,M,0.0000,0
$GPRMC,223922.65,A,3718.9761460,N,12157.0856380,W,0.0058,168.4861,101220,,,,
$GPGGA,223923.66,3718.9761520,N,12157.0856320,W,1,0,0.0,0.0000,M,0.0000,M,0.0000,0
$GPRMC,223923.66,A,3718.9761520,N,12157.0856320,W,0.0032,168.4841,101220,,,,
$GPGGA,223924.65,3718.9761520,N,12157.0856320,W,1,0,0.0,0.0000,M,0.0000,M,0.0000,0
$GPRMC,223924.65,A,3718.9761520,N,12157.0856320,W,0.0014,168.4822,101220,,,,
$GPGGA,223925.64,3718.9761520,N,12157.0856320,W,1,0,0.0,0.0000,M,0.0000,M,0.0000,0
$GPRMC,223925.64,A,3718.9761520,N,12157.0856320,W,0.0010,168.4806,101220,,,,
$GPGGA,223926.65,3718.9761520,N,12157.0856320,W,1,0,0.0,0.0000,M,0.0000,M,0.0000,0
$GPRMC,223926.65,A,3718.9761520,N,12157.0856320,W,0.0013,168.4788,101220,,,,
$GPGGA,223927.64,3718.9761520,N,12157.0856320,W,1,0,0.0,0.0000,M,0.0000,M,0.0000,0
$GPRMC,223927.64,A,3718.9761520,N,12157.0856320,W,0.0011,168.4769,101220,,,,
$GPGGA,223928.67,3718.9761520,N,12157.0856320,W,1,0,0.0,0.0000,M,0.0000,M,0.0000,0
$GPRMC,223928.67,A,3718.9761520,N,12157.0856320,W,0.0010,168.4752,101220,,,,
$GPGGA,223929.65,3718.9761520,N,12157.0856320,W,1,0,0.0,0.0000,M,0.0000,M,0.0000,0
$GPRMC,223929.65,A,3718.9761520,N,12157.0856320,W,0.0013,168.4733,101220,,,,
$GPGGA,223930.64,3718.9761520,N,12157.0856380,W,1,0,0.0,0.0000,M,0.0000,M,0.0000,0
$GPRMC,223930.64,A,3718.9761520,N,12157.0856380,W,0.0005,168.4715,101220,,,,
$GPGGA,223931.65,3718.9761460,N,12157.0856380,W,1,0,0.0,0.0000,M,0.0000,M,0.0000,0
$GPRMC,223931.65,A,3718.9761460,N,12157.0856380,W,0.0000,168.4697,101220,,,,
$GPGGA,223932.64,3718.9761460,N,12157.0856380,W,1,0,0.0,0.0000,M,0.0000,M,0.0000,0
$GPRMC,223932.64,A,3718.9761460,N,12157.0856380,W,0.0009,168.4681,101220,,,,
$GPGGA,223933.66,3718.9761400,N,12157.0856440,W,1,0,0.0,0.0000,M,0.0000,M,0.0000,0
$GPRMC,223933.66,A,3718.9761400,N,12157.0856440,W,0.0032,168.4673,101220,,,,
$GPGGA,223934.65,3718.9761400,N,12157.0856440,W,1,0,0.0,0.0000,M,0.0000,M,0.0000,0
$GPRMC,223934.65,A,3718.9761400,N,12157.0856440,W,0.0054,168.4655,101220,,,,
$GPGGA,223935.67,3718.9761340,N,12157.0856440,W,1,0,0.0,0.0000,M,0.0000,M,0.0000,0
$GPRMC,223935.67,A,3718.9761340,N,12157.0856440,W,0.0090,168.4639,101220,,,,
$GPGGA,223936.65,3718.9761280,N,12157.0856500,W,1,0,0.0,0.0000,M,0.0000,M,0.0000,0
$GPRMC,223936.65,A,3718.9761280,N,12157.0856500,W,0.0138,168.4625,101220,,,,
$GPGGA,223937.64,3718.9761220,N,12157.0856500,W,1,0,0.0,0.0000,M,0.0000,M,0.0000,0
$GPRMC,223937.64,A,3718.9761220,N,12157.0856500,W,0.0196,168.4609,101220,,,,
$GPGGA,223938.63,3718.9761160,N,12157.0856500,W,1,0,0.0,0.0000,M,0.0000,M,0.0000,0
$GPRMC,223938.63,A,3718.9761160,N,12157.0856500,W,0.0266,168.4594,101220,,,,
$GPGGA,223939.65,3718.9761100,N,12157.0856500,W,1,0,0.0,0.0000,M,0.0000,M,0.0000,0
$GPRMC,223939.65,A,3718.9761100,N,12157.0856500,W,0.0349,168.4578,101220,,,,
$GPGGA,223940.67,3718.9761100,N,12157.0856440,W,1,0,0.0,0.0000,M,0.0000,M,0.0000,0
$GPRMC,223940.67,A,3718.9761100,N,12157.0856440,W,0.0356,168.4598,101220,,,,
$GPGGA,223941.65,3718.9759600,N,12157.0856020,W,1,0,0.0,0.0000,M,0.0000,M,0.0000,0
$GPRMC,223941.65,A,3718.9759600,N,12157.0856020,W,0.7424,168.4700,101220,,,,
$GPGGA,223942.64,3718.9750960,N,12157.0852900,W,1,0,0.0,0.0000,M,0.0000,M,0.0000,0
$GPRMC,223942.64,A,3718.9750960,N,12157.0852900,W,2.5783,166.6035,101220,,,,
$GPGGA,223943.66,3718.9732840,N,12157.0842400,W,1,0,0.0,0.0000,M,0.0000,M,0.0000,0
$GPRMC,223943.66,A,3718.9732840,N,12157.0842400,W,4.5448,158.1934,101220,,,,
$GPGGA,223944.65,3718.9710640,N,12157.0819540,W,1,0,0.0,0.0000,M,0.0000,M,0.0000,0
$GPRMC,223944.65,A,3718.9710640,N,12157.0819540,W,6.3351,141.7807,101220,,,,
$GPGGA,223945.67,3718.9690780,N,12157.0778920,W,1,0,0.0,0.0000,M,0.0000,M,0.0000,0
$GPRMC,223945.67,A,3718.9690780,N,12157.0778920,W,7.9532,120.7098,101220,,,,
$GPGGA,223946.66,3718.9681120,N,12157.0725700,W,1,0,0.0,0.0000,M,0.0000,M,0.0000,0
$GPRMC,223946.66,A,3718.9681120,N,12157.0725700,W,8.7630,100.8546,101220,,,,
$GPGGA,223947.75,3718.9679680,N,12157.0661440,W,1,0,0.0,0.0000,M,0.0000,M,0.0000,0
$GPRMC,223947.75,A,3718.9679680,N,12157.0661440,W,8.7917,91.0396,101220,,,,
$GPGGA,223948.46,3718.9679020,N,12157.0619560,W,1,0,0.0,0.0000,M,0.0000,M,0.0000,0
$GPRMC,223948.46,A,3718.9679020,N,12157.0619560,W,8.6491,91.6063,101220,,,,
$GPGGA,223949.65,3718.9673560,N,12157.0551580,W,1,0,0.0,0.0000,M,0.0000,M,0.0000,0
$GPRMC,223949.65,A,3718.9673560,N,12157.0551580,W,7.9866,97.6996,101220,,,,
$GPGGA,223950.76,3718.9665520,N,12157.0498720,W,1,0,0.0,0.0000,M,0.0000,M,0.0000,0
$GPRMC,223950.76,A,3718.9665520,N,12157.0498720,W,5.9490,101.0327,101220,,,,
$GPGGA,223951.46,3718.9663000,N,12157.0475860,W,1,0,0.0,0.0000,M,0.0000,M,0.0000,0
$GPRMC,223951.46,A,3718.9663000,N,12157.0475860,W,4.1897,98.8046,101220,,,,
$GPGGA,223952.75,3718.9661740,N,12157.0452040,W,1,0,0.0,0.0000,M,0.0000,M,0.0000,0
$GPRMC,223952.75,A,3718.9661740,N,12157.0452040,W,1.4622,94.9179,101220,,,,
$GPGGA,223953.46,3718.9661560,N,12157.0447960,W,1,0,0.0,0.0000,M,0.0000,M,0.0000,0
$GPRMC,223953.46,A,3718.9661560,N,12157.0447960,W,0.5720,94.6249,101220,,,,
$GPGGA,223954.65,3718.9661440,N,12157.0446820,W,1,0,0.0,0.0000,M,0.0000,M,0.0000,0
$GPRMC,223954.65,A,3718.9661440,N,12157.0446820,W,0.0202,94.6122,101220,,,,
$GPGGA,223955.65,3718.9661380,N,12157.0446820,W,1,0,0.0,0.0000,M,0.0000,M,0.0000,0
$GPRMC,223955.65,A,3718.9661380,N,12157.0446820,W,0.0097,94.6089,101220,,,,
$GPGGA,223956.66,3718.9661380,N,12157.0446820,W,1,0,0.0,0.0000,M,0.0000,M,0.0000,0
$GPRMC,223956.66,A,3718.9661380,N,12157.0446820,W,0.0084,94.6062,101220,,,,
$GPGGA,223957.65,3718.9661380,N,12157.0446760,W,1,0,0.0,0.0000,M,0.0000,M,0.0000,0
$GPRMC,223957.65,A,3718.9661380,N,12157.0446760,W,0.0074,94.6044,101220,,,,
$GPGGA,223958.66,3718.9661380,N,12157.0446760,W,1,0,0.0,0.0000,M,0.0000,M,0.0000,0
$GPRMC,223958.66,A,3718.9661380,N,12157.0446760,W,0.0058,94.6024,101220,,,,
$GPGGA,223959.65,3718.9661380,N,12157.0446760,W,1,0,0.0,0.0000,M,0.0000,M,0.0000,0
$GPRMC,223959.65,A,3718.9661380,N,12157.0446760,W,0.0046,94.6004,101220,,,,
$GPGGA,224000.75,3718.9661380,N,12157.0446760,W,1,0,0.0,0.0000,M,0.0000,M,0.0000,0
$GPRMC,224000.75,A,3718.9661380,N,12157.0446760,W,0.0037,94.5980,101220,,,,
$GPGGA,224001.46,3718.9661380,N,12157.0446760,W,1,0,0.0,0.0000,M,0.0000,M,0.0000,0
$GPRMC,224001.46,A,3718.9661380,N,12157.0446760,W,0.0030,94.5965,101220,,,,
$GPGGA,224002.75,3718.9661380,N,12157.0446760,W,1,0,0.0,0.0000,M,0.0000,M,0.0000,0
$GPRMC,224002.75,A,3718.9661380,N,12157.0446760,W,0.0022,94.5941,101220,,,,
$GPGGA,224003.56,3718.9661380,N,12157.0446760,W,1,0,0.0,0.0000,M,0.0000,M,0.0000,0
$GPRMC,224003.56,A,3718.9661380,N,12157.0446760,W,0.0022,94.5926,101220,,,,
$GPGGA,224004.45,3718.9661380,N,12157.0446760,W,1,0,0.0,0.0000,M,0.0000,M,0.0000,0
$GPRMC,224004.45,A,3718.9661380,N,12157.0446760,W,0.0019,94.5909,101220,,,,
$GPGGA,224005.67,3718.9661380,N,12157.0446760,W,1,0,0.0,0.0000,M,0.0000,M,0.0000,0
$GPRMC,224005.67,A,3718.9661380,N,12157.0446760,W,0.0014,94.5885,101220,,,,
$GPGGA,224006.76,3718.9661380,N,12157.0446760,W,1,0,0.0,0.0000,M,0.0000,M,0.0000,0
$GPRMC,224006.76,A,3718.9661380,N,12157.0446760,W,0.0020,94.5862,101220,,,,
$GPGGA,224007.45,3718.9661380,N,12157.0446760,W,1,0,0.0,0.0000,M,0.0000,M,0.0000,0
$GPRMC,224007.45,A,3718.9661380,N,12157.0446760,W,0.0019,94.5848,101220,,,,
$GPGGA,224008.66,3718.9661320,N,12157.0446760,W,1,0,0.0,0.0000,M,0.0000,M,0.0000,0
$GPRMC,224008.66,A,3718.9661320,N,12157.0446760,W,0.0023,94.5826,101220,,,,
$GPGGA,224009.65,3718.9661320,N,12157.0446760,W,1,0,0.0,0.0000,M,0.0000,M,0.0000,0
$GPRMC,224009.65,A,3718.9661320,N,12157.0446760,W,0.0028,94.5809,101220,,,,
$GPGGA,224010.75,3718.9661320,N,12157.0446760,W,1,0,0.0,0.0000,M,0.0000,M,0.0000,0
$GPRMC,224010.75,A,3718.9661320,N,12157.0446760,W,0.0028,94.5789,101220,,,,
$GPGGA,224011.46,3718.9661320,N,12157.0446760,W,1,0,0.0,0.0000,M,0.0000,M,0.0000,0
$GPRMC,224011.46,A,3718.9661320,N,12157.0446760,W,0.0026,94.5775,101220,,,,
$GPGGA,224012.75,3718.9661320,N,12157.0446700,W,1,0,0.0,0.0000,M,0.0000,M,0.0000,0
$GPRMC,224012.75,A,3718.9661320,N,12157.0446700,W,0.0022,94.5749,101220,,,,
$GPGGA,224013.46,3718.9661320,N,12157.0446700,W,1,0,0.0,0.0000,M,0.0000,M,0.0000,0
$GPRMC,224013.46,A,3718.9661320,N,12157.0446700,W,0.0022,94.5735,101220,,,,
$GPGGA,224014.65,3718.9661320,N,12157.0446700,W,1,0,0.0,0.0000,M,0.0000,M,0.0000,0
$GPRMC,224014.65,A,3718.9661320,N,12157.0446700,W,0.0022,94.5714,101220,,,,
$GPGGA,224015.67,3718.9661320,N,12157.0446700,W,1,0,0.0,0.0000,M,0.0000,M,0.0000,0
$GPRMC,224015.67,A,3718.9661320,N,12157.0446700,W,0.0021,94.5696,101220,,,,
$GPGGA,224016.66,3718.9661320,N,12157.0446700,W,1,0,0.0,0.0000,M,0.0000,M,0.0000,0
$GPRMC,224016.66,A,3718.9661320,N,12157.0446700,W,0.0013,94.5679,101220,,,,
$GPGGA,224017.65,3718.9661320,N,12157.0446700,W,1,0,0.0,0.0000,M,0.0000,M,0.0000,0
$GPRMC,224017.65,A,3718.9661320,N,12157.0446700,W,0.0017,94.5659,101220,,,,
$GPGGA,224018.66,3718.9661320,N,12157.0446700,W,1,0,0.0,0.0000,M,0.0000,M,0.0000,0
$GPRMC,224018.66,A,3718.9661320,N,12157.0446700,W,0.0016,94.5640,101220,,,,
$GPGGA,224019.75,3718.9661320,N,12157.0446700,W,1,0,0.0,0.0000,M,0.0000,M,0.0000,0
$GPRMC,224019.75,A,3718.9661320,N,12157.0446700,W,0.0014,94.5621,101220,,,,
$GPGGA,224020.45,3718.9661320,N,12157.0446700,W,1,0,0.0,0.0000,M,0.0000,M,0.0000,0
$GPRMC,224020.45,A,3718.9661320,N,12157.0446700,W,0.0012,94.5609,101220,,,,
$GPGGA,224021.66,3718.9661320,N,12157.0446760,W,1,0,0.0,0.0000,M,0.0000,M,0.0000,0
$GPRMC,224021.66,A,3718.9661320,N,12157.0446760,W,0.0010,94.5588,101220,,,,
$GPGGA,224022.74,3718.9661380,N,12157.0446760,W,1,0,0.0,0.0000,M,0.0000,M,0.0000,0
$GPRMC,224022.74,A,3718.9661380,N,12157.0446760,W,0.0010,94.5567,101220,,,,
$GPGGA,224023.43,3718.9661380,N,12157.0446760,W,1,0,0.0,0.0000,M,0.0000,M,0.0000,0
$GPRMC,224023.43,A,3718.9661380,N,12157.0446760,W,0.0010,94.5553,101220,,,,
$GPGGA,224024.66,3718.9661380,N,12157.0446760,W,1,0,0.0,0.0000,M,0.0000,M,0.0000,0
$GPRMC,224024.66,A,3718.9661380,N,12157.0446760,W,0.0010,94.5529,101220,,,,
$GPGGA,224025.67,3718.9661380,N,12157.0446760,W,1,0,0.0,0.0000,M,0.0000,M,0.0000,0
$GPRMC,224025.67,A,3718.9661380,N,12157.0446760,W,0.0010,94.5510,101220,,,,
$GPGGA,224026.66,3718.9661440,N,12157.0446760,W,1,0,0.0,0.0000,M,0.0000,M,0.0000,0
$GPRMC,224026.66,A,3718.9661440,N,12157.0446760,W,0.0003,94.5493,101220,,,,
$GPGGA,224027.65,3718.9661440,N,12157.0446760,W,1,0,0.0,0.0000,M,0.0000,M,0.0000,0
$GPRMC,224027.65,A,3718.9661440,N,12157.0446760,W,0.0006,94.5477,101220,,,,
$GPGGA,224028.66,3718.9661440,N,12157.0446760,W,1,0,0.0,0.0000,M,0.0000,M,0.0000,0
$GPRMC,224028.66,A,3718.9661440,N,12157.0446760,W,0.0003,94.5460,101220,,,,
$GPGGA,224029.66,3718.9661440,N,12157.0446760,W,1,0,0.0,0.0000,M,0.0000,M,0.0000,0
$GPRMC,224029.66,A,3718.9661440,N,12157.0446760,W,0.0000,94.5444,101220,,,,
$GPGGA,224030.67,3718.9661440,N,12157.0446760,W,1,0,0.0,0.0000,M,0.0000,M,0.0000,0
$GPRMC,224030.67,A,3718.9661440,N,12157.0446760,W,0.0000,94.5425,101220,,,,
$GPGGA,224031.66,3718.9661440,N,12157.0446760,W,1,0,0.0,0.0000,M,0.0000,M,0.0000,0
$GPRMC,224031.66,A,3718.9661440,N,12157.0446760,W,0.0007,94.5406,101220,,,,
$GPGGA,224032.65,3718.9661440,N,12157.0446760,W,1,0,0.0,0.0000,M,0.0000,M,0.0000,0
$GPRMC,224032.65,A,3718.9661440,N,12157.0446760,W,0.0013,94.5388,101220,,,,
$GPGGA,224033.76,3718.9661440,N,12157.0446460,W,1,0,0.0,0.0000,M,0.0000,M,0.0000,0
$GPRMC,224033.76,A,3718.9661440,N,12157.0446460,W,0.2279,94.5372,101220,,,,
$GPGGA,224034.45,3718.9661260,N,12157.0443760,W,1,0,0.0,0.0000,M,0.0000,M,0.0000,0
$GPRMC,224034.45,A,3718.9661260,N,12157.0443760,W,0.8288,94.5239,101220,,,,
$GPGGA,224035.65,3718.9660480,N,12157.0430800,W,1,0,0.0,0.0000,M,0.0000,M,0.0000,0
$GPRMC,224035.65,A,3718.9660480,N,12157.0430800,W,2.5564,94.4635,101220,,,,
$GPGGA,224036.66,3718.9659160,N,12157.0407580,W,1,0,0.0,0.0000,M,0.0000,M,0.0000,0
$GPRMC,224036.66,A,3718.9659160,N,12157.0407580,W,4.2269,94.0898,101220,,,,
$GPGGA,224037.65,3718.9657660,N,12157.0375360,W,1,0,0.0,0.0000,M,0.0000,M,0.0000,0
$GPRMC,224037.65,A,3718.9657660,N,12157.0375360,W,5.1554,93.4529,101220,,,,
$GPGGA,224038.66,3718.9656220,N,12157.0339360,W,1,0,0.0,0.0000,M,0.0000,M,0.0000,0
$GPRMC,224038.66,A,3718.9656220,N,12157.0339360,W,5.2359,92.9862,101220,,,,
$GPGGA,224039.65,3718.9654960,N,12157.0304680,W,1,0,0.0,0.0000,M,0.0000,M,0.0000,0
$GPRMC,224039.65,A,3718.9654960,N,12157.0304680,W,5.0640,92.7508,101220,,,,
$GPGGA,224040.67,3718.9653700,N,12157.0270420,W,1,0,0.0,0.0000,M,0.0000,M,0.0000,0
$GPRMC,224040.67,A,3718.9653700,N,12157.0270420,W,4.8818,92.6112,101220,,,,
$GPGGA,224041.66,3718.9652440,N,12157.0236400,W,1,0,0.0,0.0000,M,0.0000,M,0.0000,0
$GPRMC,224041.66,A,3718.9652440,N,12157.0236400,W,5.3265,92.5344,101220,,,,
$GPGGA,224042.65,3718.9651420,N,12157.0198900,W,1,0,0.0,0.0000,M,0.0000,M,0.0000,0
$GPRMC,224042.65,A,3718.9651420,N,12157.0198900,W,5.8076,91.8779,101220,,,,
$GPGGA,224043.66,3718.9652080,N,12157.0158820,W,1,0,0.0,0.0000,M,0.0000,M,0.0000,0
$GPRMC,224043.66,A,3718.9652080,N,12157.0158820,W,5.7832,88.2525,101220,,,,
$GPGGA,224044.65,3718.9656520,N,12157.0120660,W,1,0,0.0,0.0000,M,0.0000,M,0.0000,0
$GPRMC,224044.65,A,3718.9656520,N,12157.0120660,W,5.8163,81.0018,101220,,,,
$GPGGA,224045.67,3718.9667740,N,12157.0083220,W,1,0,0.0,0.0000,M,0.0000,M,0.0000,0
$GPRMC,224045.67,A,3718.9667740,N,12157.0083220,W,6.0238,68.0862,101220,,,,
$GPGGA,224046.66,3718.9688380,N,12157.0052380,W,1,0,0.0,0.0000,M,0.0000,M,0.0000,0
$GPRMC,224046.66,A,3718.9688380,N,12157.0052380,W,6.3039,48.2781,101220,,,,
$GPGGA,224047.65,3718.9719460,N,12157.0032160,W,1,0,0.0,0.0000,M,0.0000,M,0.0000,0
$GPRMC,224047.65,A,3718.9719460,N,12157.0032160,W,7.1298,25.4120,101220,,,,
$GPGGA,224048.76,3718.9765240,N,12157.0021780,W,1,0,0.0,0.0000,M,0.0000,M,0.0000,0
$GPRMC,224048.76,A,3718.9765240,N,12157.0021780,W,8.5734,8.5614,101220,,,,
$GPGGA,224049.45,3718.9799800,N,12157.0018120,W,1,0,0.0,0.0000,M,0.0000,M,0.0000,0
$GPRMC,224049.45,A,3718.9799800,N,12157.0018120,W,9.8851,5.2933,101220,,,,
$GPGGA,224050.65,3718.9871200,N,12157.0012000,W,1,0,0.0,0.0000,M,0.0000,M,0.0000,0
$GPRMC,224050.65,A,3718.9871200,N,12157.0012000,W,12.3544,4.0443,101220,,,,
$GPGGA,224051.66,3718.9943440,N,12157.0007320,W,1,0,0.0,0.0000,M,0.0000,M,0.0000,0
$GPRMC,224051.66,A,3718.9943440,N,12157.0007320,W,13.7703,2.7659,101220,,,,
$GPGGA,224052.65,3719.0018500,N,12157.0004320,W,1,0,0.0,0.0000,M,0.0000,M,0.0000,0
$GPRMC,224052.65,A,3719.0018500,N,12157.0004320,W,14.1445,1.5482,101220,,,,
$GPGGA,224053.66,3719.0095780,N,12157.0002700,W,1,0,0.0,0.0000,M,0.0000,M,0.0000,0
$GPRMC,224053.66,A,3719.0095780,N,12157.0002700,W,14.0198,0.7273,101220,,,,
$GPGGA,224054.65,3719.0168920,N,12157.0002100,W,1,0,0.0,0.0000,M,0.0000,M,0.0000,0
$GPRMC,224054.65,A,3719.0168920,N,12157.0002100,W,13.1183,0.2249,101220,,,,
$GPGGA,224055.66,3719.0235100,N,12157.0001680,W,1,0,0.0,0.0000,M,0.0000,M,0.0000,0
$GPRMC,224055.66,A,3719.0235100,N,12157.0001680,W,10.8379,0.1943,101220,,,,
$GPGGA,224056.66,3719.0285500,N,12157.0000480,W,1,0,0.0,0.0000,M,0.0000,M,0.0000,0
$GPRMC,224056.66,A,3719.0285500,N,12157.0000480,W,7.8609,1.4977,101220,,,,
$GPGGA,224057.65,3719.0319640,N,12156.9994480,W,1,0,0.0,0.0000,M,0.0000,M,0.0000,0
$GPRMC,224057.65,A,3719.0319640,N,12156.9994480,W,5.4508,11.7026,101220,,,,
$GPGGA,224058.66,3719.0340880,N,12156.9974740,W,1,0,0.0,0.0000,M,0.0000,M,0.0000,0
$GPRMC,224058.66,A,3719.0340880,N,12156.9974740,W,4.7192,40.1719,101220,,,,
$GPGGA,224059.65,3719.0349640,N,12156.9943780,W,1,0,0.0,0.0000,M,0.0000,M,0.0000,0
$GPRMC,224059.65,A,3719.0349640,N,12156.9943780,W,5.2759,69.6859,101220,,,,
$GPGGA,224100.65,3719.0351740,N,12156.9904780,W,1,0,0.0,0.0000,M,0.0000,M,0.0000,0
$GPRMC,224100.65,A,3719.0351740,N,12156.9904780,W,6.4352,85.3246,101220,,,,
$GPGGA,224101.66,3719.0351380,N,12156.9856000,W,1,0,0.0,0.0000,M,0.0000,M,0.0000,0
$GPRMC,224101.66,A,3719.0351380,N,12156.9856000,W,7.8110,90.7282,101220,,,,
$GPGGA,224102.75,3719.0349160,N,12156.9793780,W,1,0,0.0,0.0000,M,0.0000,M,0.0000,0
$GPRMC,224102.75,A,3719.0349160,N,12156.9793780,W,9.1223,92.6724,101220,,,,
$GPGGA,224103.46,3719.0347300,N,12156.9748120,W,1,0,0.0,0.0000,M,0.0000,M,0.0000,0
$GPRMC,224103.46,A,3719.0347300,N,12156.9748120,W,9.6290,92.8307,101220,,,,
$GPGGA,224104.66,3719.0344780,N,12156.9669160,W,1,0,0.0,0.0000,M,0.0000,M,0.0000,0
$GPRMC,224104.66,A,3719.0344780,N,12156.9669160,W,9.6996,91.4370,101220,,,,
$GPGGA,224105.67,3719.0344660,N,12156.9603880,W,1,0,0.0,0.0000,M,0.0000,M,0.0000,0
$GPRMC,224105.67,A,3719.0344660,N,12156.9603880,W,9.3844,89.8715,101220,,,,
$GPGGA,224106.76,3719.0344720,N,12156.9535660,W,1,0,0.0,0.0000,M,0.0000,M,0.0000,0
$GPRMC,224106.76,A,3719.0344720,N,12156.9535660,W,9.0301,90.3060,101220,,,,
$GPGGA,224107.45,3719.0345200,N,12156.9495640,W,1,0,0.0,0.0000,M,0.0000,M,0.0000,0
$GPRMC,224107.45,A,3719.0345200,N,12156.9495640,W,8.2368,88.7907,101220,,,,
$GPGGA,224108.66,3719.0351800,N,12156.9437620,W,1,0,0.0,0.0000,M,0.0000,M,0.0000,0
$GPRMC,224108.66,A,3719.0351800,N,12156.9437620,W,5.9057,75.5383,101220,,,,
$GPGGA,224109.65,3719.0366020,N,12156.9409000,W,1,0,0.0,0.0000,M,0.0000,M,0.0000,0
$GPRMC,224109.65,A,3719.0366020,N,12156.9409000,W,4.5787,54.4283,101220,,,,
$GPGGA,224110.64,3719.0385220,N,12156.9393820,W,1,0,0.0,0.0000,M,0.0000,M,0.0000,0
$GPRMC,224110.64,A,3719.0385220,N,12156.9393820,W,4.2054,32.4759,101220,,,,
$GPGGA,224111.66,3719.0407720,N,12156.9386740,W,1,0,0.0,0.0000,M,0.0000,M,0.0000,0
$GPRMC,224111.66,A,3719.0407720,N,12156.9386740,W,4.5036,15.2076,101220,,,,
$GPGGA,224112.65,3719.0434540,N,12156.9384520,W,1,0,0.0,0.0000,M,0.0000,M,0.0000,0
$GPRMC,224112.65,A,3719.0434540,N,12156.9384520,W,5.6384,5.4590,101220,,,,
$GPGGA,224113.66,3719.0469340,N,12156.9384400,W,1,0,0.0,0.0000,M,0.0000,M,0.0000,0
$GPRMC,224113.66,A,3719.0469340,N,12156.9384400,W,6.9004,0.5304,101220,,,,
$GPGGA,224114.65,3719.0507740,N,12156.9386320,W,1,0,0.0,0.0000,M,0.0000,M,0.0000,0
$GPRMC,224114.65,A,3719.0507740,N,12156.9386320,W,7.3649,358.1989,101220,,,,
$GPGGA,224115.64,3719.0547100,N,12156.9388480,W,1,0,0.0,0.0000,M,0.0000,M,0.0000,0
$GPRMC,224115.64,A,3719.0547100,N,12156.9388480,W,7.3270,358.0394,101220,,,,
$GPGGA,224116.66,3719.0586520,N,12156.9390520,W,1,0,0.0,0.0000,M,0.0000,M,0.0000,0
$GPRMC,224116.66,A,3719.0586520,N,12156.9390520,W,7.0021,358.1693,101220,,,,
$GPGGA,224117.65,3719.0622400,N,12156.9392200,W,1,0,0.0,0.0000,M,0.0000,M,0.0000,0
$GPRMC,224117.65,A,3719.0622400,N,12156.9392200,W,6.3531,357.9156,101220,,,,
$GPGGA,224118.66,3719.0654500,N,12156.9393520,W,1,0,0.0,0.0000,M,0.0000,M,0.0000,0
$GPRMC,224118.66,A,3719.0654500,N,12156.9393520,W,5.2573,358.6399,101220,,,,
$GPGGA,224119.65,3719.0679220,N,12156.9391120,W,1,0,0.0,0.0000,M,0.0000,M,0.0000,0
$GPRMC,224119.65,A,3719.0679220,N,12156.9391120,W,4.0548,6.3149,101220,,,,
$GPGGA,224120.64,3719.0696200,N,12156.9379180,W,1,0,0.0,0.0000,M,0.0000,M,0.0000,0
$GPRMC,224120.64,A,3719.0696200,N,12156.9379180,W,3.3694,30.2380,101220,,,,
$GPGGA,224121.66,3719.0703640,N,12156.9357820,W,1,0,0.0,0.0000,M,0.0000,M,0.0000,0
$GPRMC,224121.66,A,3719.0703640,N,12156.9357820,W,3.5698,62.5358,101220,,,,
$GPGGA,224122.65,3719.0704360,N,12156.9331120,W,1,0,0.0,0.0000,M,0.0000,M,0.0000,0
$GPRMC,224122.65,A,3719.0704360,N,12156.9331120,W,4.4145,84.0169,101220,,,,
$GPGGA,224123.66,3719.0703760,N,12156.9297880,W,1,0,0.0,0.0000,M,0.0000,M,0.0000,0
$GPRMC,224123.66,A,3719.0703760,N,12156.9297880,W,5.2945,90.2697,101220,,,,
$GPGGA,224124.65,3719.0703340,N,12156.9260620,W,1,0,0.0,0.0000,M,0.0000,M,0.0000,0
$GPRMC,224124.65,A,3719.0703340,N,12156.9260620,W,5.6788,90.6731,101220,,,,
$GPGGA,224125.44,3719.0702980,N,12156.9230200,W,1,0,0.0,0.0000,M,0.0000,M,0.0000,0
$GPRMC,224125.44,A,3719.0702980,N,12156.9230200,W,5.6287,91.0293,101220,,,,
$GPGGA,224126.44,3719.0702260,N,12156.9193600,W,1,0,0.0,0.0000,M,0.0000,M,0.0000,0
$GPRMC,224126.44,A,3719.0702260,N,12156.9193600,W,5.1219,91.1195,101220,,,,
$GPGGA,224127.44,3719.0702260,N,12156.9161980,W,1,0,0.0,0.0000,M,0.0000,M,0.0000,0
$GPRMC,224127.44,A,3719.0702260,N,12156.9161980,W,4.1930,89.4211,101220,,,,
$GPGGA,224128.44,3719.0704720,N,12156.9136660,W,1,0,0.0,0.0000,M,0.0000,M,0.0000,0
$GPRMC,224128.44,A,3719.0704720,N,12156.9136660,W,3.4014,82.9606,101220,,,,
$GPGGA,224129.44,3719.0711800,N,12156.9118060,W,1,0,0.0,0.0000,M,0.0000,M,0.0000,0
$GPRMC,224129.44,A,3719.0711800,N,12156.9118060,W,2.8265,66.7064,101220,,,,
$GPGGA,224130.44,3719.0723320,N,12156.9108340,W,1,0,0.0,0.0000,M,0.0000,M,0.0000,0
$GPRMC,224130.44,A,3719.0723320,N,12156.9108340,W,2.2886,41.0872,101220,,,,
$GPGGA,224131.44,3719.0734540,N,12156.9107260,W,1,0,0.0,0.0000,M,0.0000,M,0.0000,0
$GPRMC,224131.44,A,3719.0734540,N,12156.9107260,W,1.7025,15.8204,101220,,,,
$GPGGA,224132.44,3719.0741560,N,12156.9109120,W,1,0,0.0,0.0000,M,0.0000,M,0.0000,0
$GPRMC,224132.44,A,3719.0741560,N,12156.9109120,W,0.8075,2.8176,101220,,,,
$GPGGA,224133.44,3719.0744200,N,12156.9109660,W,1,0,0.0,0.0000,M,0.0000,M,0.0000,0
$GPRMC,224133.44,A,3719.0744200,N,12156.9109660,W,0.2041,1.0117,101220,,,,
$GPGGA,224134.44,3719.0744620,N,12156.9109900,W,1,0,0.0,0.0000,M,0.0000,M,0.0000,0
$GPRMC,224134.44,A,3719.0744620,N,12156.9109900,W,0.0682,1.0170,101220,,,,
$GPGGA,224135.44,3719.0744800,N,12156.9110140,W,1,0,0.0,0.0000,M,0.0000,M,0.0000,0
$GPRMC,224135.44,A,3719.0744800,N,12156.9110140,W,0.0636,1.0160,101220,,,,
$GPGGA,224136.44,3719.0744920,N,12156.9110260,W,1,0,0.0,0.0000,M,0.0000,M,0.0000,0
$GPRMC,224136.44,A,3719.0744920,N,12156.9110260,W,0.0281,1.0142,101220,,,,
$GPGGA,224137.44,3719.0745040,N,12156.9110380,W,1,0,0.0,0.0000,M,0.0000,M,0.0000,0
$GPRMC,224137.44,A,3719.0745040,N,12156.9110380,W,0.0231,1.0126,101220,,,,
$GPGGA,224138.44,3719.0745100,N,12156.9110440,W,1,0,0.0,0.0000,M,0.0000,M,0.0000,0
$GPRMC,224138.44,A,3719.0745100,N,12156.9110440,W,0.0182,1.0105,101220,,,,
$GPGGA,224139.44,3719.0745160,N,12156.9110500,W,1,0,0.0,0.0000,M,0.0000,M,0.0000,0
$GPRMC,224139.44,A,3719.0745160,N,12156.9110500,W,0.0150,1.0079,101220,,,,
$GPGGA,224140.44,3719.0745220,N,12156.9110500,W,1,0,0.0,0.0000,M,0.0000,M,0.0000,0
$GPRMC,224140.44,A,3719.0745220,N,12156.9110500,W,0.0113,1.0062,101220,,,,
$GPGGA,224141.44,3719.0745220,N,12156.9110500,W,1,0,0.0,0.0000,M,0.0000,M,0.0000,0
$GPRMC,224141.44,A,3719.0745220,N,12156.9110500,W,0.0091,1.0046,101220,,,,
$GPGGA,224142.44,3719.0745280,N,12156.9110500,W,1,0,0.0,0.0000,M,0.0000,M,0.0000,0
$GPRMC,224142.44,A,3719.0745280,N,12156.9110500,W,0.0072,1.0031,101220,,,,
$GPGGA,224143.44,3719.0745340,N,12156.9110500,W,1,0,0.0,0.0000,M,0.0000,M,0.0000,0
$GPRMC,224143.44,A,3719.0745340,N,12156.9110500,W,0.0061,1.0012,101220,,,,
$GPGGA,224144.44,3719.0745340,N,12156.9110500,W,1,0,0.0,0.0000,M,0.0000,M,0.0000,0
$GPRMC,224144.44,A,3719.0745340,N,12156.9110500,W,0.0056,0.9991,101220,,,,
$GPGGA,224145.44,3719.0745340,N,12156.9110440,W,1,0,0.0,0.0000,M,0.0000,M,0.0000,0
$GPRMC,224145.44,A,3719.0745340,N,12156.9110440,W,0.0051,0.9973,101220,,,,
$GPGGA,224146.44,3719.0745340,N,12156.9110380,W,1,0,0.0,0.0000,M,0.0000,M,0.0000,0
$GPRMC,224146.44,A,3719.0745340,N,12156.9110380,W,0.0040,0.9955,101220,,,,
$GPGGA,224147.44,3719.0745400,N,12156.9110380,W,1,0,0.0,0.0000,M,0.0000,M,0.0000,0
$GPRMC,224147.44,A,3719.0745400,N,12156.9110380,W,0.0028,0.9935,101220,,,,
$GPGGA,224148.44,3719.0745400,N,12156.9110320,W,1,0,0.0,0.0000,M,0.0000,M,0.0000,0
$GPRMC,224148.44,A,3719.0745400,N,12156.9110320,W,0.0028,0.9914,101220,,,,
$GPGGA,224149.44,3719.0745400,N,12156.9110320,W,1,0,0.0,0.0000,M,0.0000,M,0.0000,0
$GPRMC,224149.44,A,3719.0745400,N,12156.9110320,W,0.0022,0.9895,101220,,,,
$GPGGA,224150.44,3719.0745400,N,12156.9110320,W,1,0,0.0,0.0000,M,0.0000,M,0.0000,0
$GPRMC,224150.44,A,3719.0745400,N,12156.9110320,W,0.0012,0.9877,101220,,,,
$GPGGA,224151.44,3719.0745400,N,12156.9110320,W,1,0,0.0,0.0000,M,0.0000,M,0.0000,0
$GPRMC,224151.44,A,3719.0745400,N,12156.9110320,W,0.0006,0.9860,101220,,,,
$GPGGA,224152.44,3719.0745400,N,12156.9110320,W,1,0,0.0,0.0000,M,0.0000,M,0.0000,0
$GPRMC,224152.44,A,3719.0745400,N,12156.9110320,W,0.0006,0.9841,101220,,,,
$GPGGA,224153.44,3719.0745400,N,12156.9110320,W,1,0,0.0,0.0000,M,0.0000,M,0.0000,0
$GPRMC,224153.44,A,3719.0745400,N,12156.9110320,W,0.0014,0.9821,101220,,,,
$GPGGA,224154.44,3719.0745400,N,12156.9110320,W,1,0,0.0,0.0000,M,0.0000,M,0.0000,0
$GPRMC,224154.44,A,3719.0745400,N,12156.9110320,W,0.0014,0.9801,101220,,,,
$GPGGA,224155.44,3719.0745400,N,12156.9110320,W,1,0,0.0,0.0000,M,0.0000,M,0.0000,0
$GPRMC,224155.44,A,3719.0745400,N,12156.9110320,W,0.0014,0.9782,101220,,,,
$GPGGA,224156.44,3719.0745400,N,12156.9110320,W,1,0,0.0,0.0000,M,0.0000,M,0.0000,0
$GPRMC,224156.44,A,3719.0745400,N,12156.9110320,W,0.0014,0.9763,101220,,,,
$GPGGA,224157.44,3719.0745400,N,12156.9110320,W,1,0,0.0,0.0000,M,0.0000,M,0.0000,0
$GPRMC,224157.44,A,3719.0745400,N,12156.9110320,W,0.0018,0.9744,101220,,,,
$GPGGA,224158.44,3719.0745400,N,12156.9110320,W,1,0,0.0,0.0000,M,0.0000,M,0.0000,0
$GPRMC,224158.44,A,3719.0745400,N,12156.9110320,W,0.0022,0.9725,101220,,,,
$GPGGA,224159.44,3719.0745400,N,12156.9110320,W,1,0,0.0,0.0000,M,0.0000,M,0.0000,0
$GPRMC,224159.44,A,3719.0745400,N,12156.9110320,W,0.0022,0.9707,101220,,,,
$GPGGA,224200.44,3719.0745400,N,12156.9110320,W,1,0,0.0,0.0000,M,0.0000,M,0.0000,0
$GPRMC,224200.44,A,3719.0745400,N,12156.9110320,W,0.0022,0.9688,101220,,,,
$GPGGA,224201.44,3719.0745400,N,12156.9110320,W,1,0,0.0,0.0000,M,0.0000,M,0.0000,0
$GPRMC,224201.44,A,3719.0745400,N,12156.9110320,W,0.0021,0.9667,101220,,,,
$GPGGA,224202.44,3719.0745400,N,12156.9110320,W,1,0,0.0,0.0000,M,0.0000,M,0.0000,0
$GPRMC,224202.44,A,3719.0745400,N,12156.9110320,W,0.0021,0.9647,101220,,,,
$GPGGA,224203.44,3719.0745400,N,12156.9110320,W,1,0,0.0,0.0000,M,0.0000,M,0.0000,0
$GPRMC,224203.44,A,3719.0745400,N,12156.9110320,W,0.0021,0.9628,101220,,,,
$GPGGA,224204.44,3719.0745400,N,12156.9110320,W,1,0,0.0,0.0000,M,0.0000,M,0.0000,0
$GPRMC,224204.44,A,3719.0745400,N,12156.9110320,W,0.0021,0.9610,101220,,,,
$GPGGA,224205.44,3719.0745400,N,12156.9110320,W,1,0,0.0,0.0000,M,0.0000,M,0.0000,0
$GPRMC,224205.44,A,3719.0745400,N,12156.9110320,W,0.0021,0.9593,101220,,,,
$GPGGA,224206.44,3719.0745400,N,12156.9110320,W,1,0,0.0,0.0000,M,0.0000,M,0.0000,0
$GPRMC,224206.44,A,3719.0745400,N,12156.9110320,W,0.0033,0.9573,101220,,,,
$GPGGA,224207.44,3719.0745400,N,12156.9110320,W,1,0,0.0,0.0000,M,0.0000,M,0.0000,0
$GPRMC,224207.44,A,3719.0745400,N,12156.9110320,W,0.0064,0.9562,101220,,,,
$GPGGA,224208.44,3719.0745400,N,12156.9110260,W,1,0,0.0,0.0000,M,0.0000,M,0.0000,0
$GPRMC,224208.44,A,3719.0745400,N,12156.9110260,W,0.0051,0.9546,101220,,,,
$GPGGA,224209.44,3719.0745340,N,12156.9110260,W,1,0,0.0,0.0000,M,0.0000,M,0.0000,0
$GPRMC,224209.44,A,3719.0745340,N,12156.9110260,W,0.0017,0.9515,101220,,,,
$GPGGA,224210.44,3719.0745340,N,12156.9110260,W,1,0,0.0,0.0000,M,0.0000,M,0.0000,0
$GPRMC,224210.44,A,3719.0745340,N,12156.9110260,W,0.0016,0.9499,101220,,,,
$GPGGA,224211.44,3719.0745340,N,12156.9110260,W,1,0,0.0,0.0000,M,0.0000,M,0.0000,0
$GPRMC,224211.44,A,3719.0745340,N,12156.9110260,W,0.0010,0.9480,101220,,,,
$GPGGA,224212.44,3719.0745340,N,12156.9110260,W,1,0,0.0,0.0000,M,0.0000,M,0.0000,0
$GPRMC,224212.44,A,3719.0745340,N,12156.9110260,W,0.0033,0.9462,101220,,,,
$GPGGA,224213.44,3719.0745340,N,12156.9110320,W,1,0,0.0,0.0000,M,0.0000,M,0.0000,0
$GPRMC,224213.44,A,3719.0745340,N,12156.9110320,W,0.0044,0.9442,101220,,,,
$GPGGA,224214.44,3719.0745340,N,12156.9110260,W,1,0,0.0,0.0000,M,0.0000,M,0.0000,0
$GPRMC,224214.44,A,3719.0745340,N,12156.9110260,W,0.0026,0.9419,101220,,,,
$GPGGA,224215.44,3719.0745340,N,12156.9110260,W,1,0,0.0,0.0000,M,0.0000,M,0.0000,0
$GPRMC,224215.44,A,3719.0745340,N,12156.9110260,W,0.0027,0.9401,101220,,,,
$GPGGA,224216.44,3719.0745340,N,12156.9110260,W,1,0,0.0,0.0000,M,0.0000,M,0.0000,0
$GPRMC,224216.44,A,3719.0745340,N,12156.9110260,W,0.0025,0.9382,101220,,,,
$GPGGA,224217.44,3719.0745340,N,12156.9110260,W,1,0,0.0,0.0000,M,0.0000,M,0.0000,0
$GPRMC,224217.44,A,3719.0745340,N,12156.9110260,W,0.0022,0.9363,101220,,,,

