$GPGGA,225242.43,3719.0745640,N,12156.9109420,W,1,0,0.0,0.0000,M,0.0000,M,0.0000,0
$GPRMC,225242.43,A,3719.0745640,N,12156.9109420,W,0.0024,1.1163,101220,,,,
$GPGGA,225243.43,3719.0745640,N,12156.9109420,W,1,0,0.0,0.0000,M,0.0000,M,0.0000,0
$GPRMC,225243.43,A,3719.0745640,N,12156.9109420,W,0.0042,1.1154,101220,,,,
$GPGGA,225244.43,3719.0745640,N,12156.9109420,W,1,0,0.0,0.0000,M,0.0000,M,0.0000,0
$GPRMC,225244.43,A,3719.0745640,N,12156.9109420,W,0.0054,1.1149,101220,,,,
$GPGGA,225245.43,3719.0745640,N,12156.9109360,W,1,0,0.0,0.0000,M,0.0000,M,0.0000,0
$GPRMC,225245.43,A,3719.0745640,N,12156.9109360,W,0.0082,1.1147,101220,,,,
$GPGGA,225246.43,3719.0745640,N,12156.9109300,W,1,0,0.0,0.0000,M,0.0000,M,0.0000,0
$GPRMC,225246.43,A,3719.0745640,N,12156.9109300,W,0.0143,1.1140,101220,,,,
$GPGGA,225247.43,3719.0745700,N,12156.9109180,W,1,0,0.0,0.0000,M,0.0000,M,0.0000,0
$GPRMC,225247.43,A,3719.0745700,N,12156.9109180,W,0.0208,1.1138,101220,,,,
$GPGGA,225248.43,3719.0745700,N,12156.9109000,W,1,0,0.0,0.0000,M,0.0000,M,0.0000,0
$GPRMC,225248.43,A,3719.0745700,N,12156.9109000,W,0.0310,1.1132,101220,,,,
$GPGGA,225249.43,3719.0745700,N,12156.9108760,W,1,0,0.0,0.0000,M,0.0000,M,0.0000,0
$GPRMC,225249.43,A,3719.0745700,N,12156.9108760,W,0.0399,1.1120,101220,,,,
$GPGGA,225250.43,3719.0745700,N,12156.9108580,W,1,0,0.0,0.0000,M,0.0000,M,0.0000,0
$GPRMC,225250.43,A,3719.0745700,N,12156.9108580,W,0.0533,0.6657,101220,,,,
$GPGGA,225251.43,3719.0745280,N,12156.9108940,W,1,0,0.0,0.0000,M,0.0000,M,0.0000,0
$GPRMC,225251.43,A,3719.0745280,N,12156.9108940,W,0.1797,358.6699,101220,,,,
$GPGGA,225252.43,3719.0743480,N,12156.9109180,W,1,0,0.0,0.0000,M,0.0000,M,0.0000,0
$GPRMC,225252.43,A,3719.0743480,N,12156.9109180,W,0.4639,358.1562,101220,,,,
$GPGGA,225253.43,3719.0740300,N,12156.9107680,W,1,0,0.0,0.0000,M,0.0000,M,0.0000,0
$GPRMC,225253.43,A,3719.0740300,N,12156.9107680,W,0.7264,3.7855,101220,,,,
$GPGGA,225254.43,3719.0735740,N,12156.9105340,W,1,0,0.0,0.0000,M,0.0000,M,0.0000,0
$GPRMC,225254.43,A,3719.0735740,N,12156.9105340,W,0.9093,14.1057,101220,,,,
$GPGGA,225255.43,3719.0729860,N,12156.9103660,W,1,0,0.0,0.0000,M,0.0000,M,0.0000,0
$GPRMC,225255.43,A,3719.0729860,N,12156.9103660,W,0.9687,26.7397,101220,,,,
$GPGGA,225256.43,3719.0723800,N,12156.9103480,W,1,0,0.0,0.0000,M,0.0000,M,0.0000,0
$GPRMC,225256.43,A,3719.0723800,N,12156.9103480,W,0.7939,39.1206,101220,,,,
$GPGGA,225257.43,3719.0719600,N,12156.9104080,W,1,0,0.0,0.0000,M,0.0000,M,0.0000,0
$GPRMC,225257.43,A,3719.0719600,N,12156.9104080,W,0.3890,46.8282,101220,,,,
$GPGGA,225258.43,3719.0718040,N,12156.9103960,W,1,0,0.0,0.0000,M,0.0000,M,0.0000,0
$GPRMC,225258.43,A,3719.0718040,N,12156.9103960,W,0.1614,48.8400,101220,,,,
$GPGGA,225259.43,3719.0717800,N,12156.9101560,W,1,0,0.0,0.0000,M,0.0000,M,0.0000,0
$GPRMC,225259.43,A,3719.0717800,N,12156.9101560,W,0.5624,51.8779,101220,,,,
$GPGGA,225300.43,3719.0719240,N,12156.9094300,W,1,0,0.0,0.0000,M,0.0000,M,0.0000,0
$GPRMC,225300.43,A,3719.0719240,N,12156.9094300,W,1.4288,61.7078,101220,,,,
$GPGGA,225301.43,3719.0721460,N,12156.9079660,W,1,0,0.0,0.0000,M,0.0000,M,0.0000,0
$GPRMC,225301.43,A,3719.0721460,N,12156.9079660,W,2.6451,77.5288,101220,,,,
$GPGGA,225302.43,3719.0722000,N,12156.9056440,W,1,0,0.0,0.0000,M,0.0000,M,0.0000,0
$GPRMC,225302.43,A,3719.0722000,N,12156.9056440,W,4.0777,90.9704,101220,,,,
$GPGGA,225303.43,3719.0719120,N,12156.9025060,W,1,0,0.0,0.0000,M,0.0000,M,0.0000,0
$GPRMC,225303.43,A,3719.0719120,N,12156.9025060,W,5.0820,95.7313,101220,,,,
$GPGGA,225304.43,3719.0714380,N,12156.8989840,W,1,0,0.0,0.0000,M,0.0000,M,0.0000,0
$GPRMC,225304.43,A,3719.0714380,N,12156.8989840,W,5.2048,95.0400,101220,,,,
$GPGGA,225305.43,3719.0710480,N,12156.8956360,W,1,0,0.0,0.0000,M,0.0000,M,0.0000,0
$GPRMC,225305.43,A,3719.0710480,N,12156.8956360,W,4.6053,92.3899,101220,,,,
$GPGGA,225306.43,3719.0708380,N,12156.8929000,W,1,0,0.0,0.0000,M,0.0000,M,0.0000,0
$GPRMC,225306.43,A,3719.0708380,N,12156.8929000,W,3.3449,90.0361,101220,,,,
$GPGGA,225307.43,3719.0706580,N,12156.8911420,W,1,0,0.0,0.0000,M,0.0000,M,0.0000,0
$GPRMC,225307.43,A,3719.0706580,N,12156.8911420,W,1.8700,89.0280,101220,,,,
$GPGGA,225308.43,3719.0704600,N,12156.8901040,W,1,0,0.0,0.0000,M,0.0000,M,0.0000,0
$GPRMC,225308.43,A,3719.0704600,N,12156.8901040,W,1.2992,88.5869,101220,,,,
$GPGGA,225309.43,3719.0698480,N,12156.8890540,W,1,0,0.0,0.0000,M,0.0000,M,0.0000,0
$GPRMC,225309.43,A,3719.0698480,N,12156.8890540,W,1.8346,90.1339,101220,,,,
$GPGGA,225310.43,3719.0680480,N,12156.8876020,W,1,0,0.0,0.0000,M,0.0000,M,0.0000,0
$GPRMC,225310.43,A,3719.0680480,N,12156.8876020,W,2.3518,103.0691,101220,,,,
$GPGGA,225311.43,3719.0652700,N,12156.8860240,W,1,0,0.0,0.0000,M,0.0000,M,0.0000,0
$GPRMC,225311.43,A,3719.0652700,N,12156.8860240,W,3.0864,131.2625,101220,,,,
$GPGGA,225312.43,3719.0635240,N,12156.8849380,W,1,0,0.0,0.0000,M,0.0000,M,0.0000,0
$GPRMC,225312.43,A,3719.0635240,N,12156.8849380,W,4.4139,161.4858,101220,,,,
$GPGGA,225313.43,3719.0622400,N,12156.8842180,W,1,0,0.0,0.0000,M,0.0000,M,0.0000,0
$GPRMC,225313.43,A,3719.0622400,N,12156.8842180,W,5.1724,178.0719,101220,,,,
$GPGGA,225314.43,3719.0594140,N,12156.8834800,W,1,0,0.0,0.0000,M,0.0000,M,0.0000,0
$GPRMC,225314.43,A,3719.0594140,N,12156.8834800,W,5.3720,179.8316,101220,,,,
$GPGGA,225315.43,3719.0566360,N,12156.8830000,W,1,0,0.0,0.0000,M,0.0000,M,0.0000,0
$GPRMC,225315.43,A,3719.0566360,N,12156.8830000,W,5.6186,178.7976,101220,,,,
$GPGGA,225316.43,3719.0539180,N,12156.8828920,W,1,0,0.0,0.0000,M,0.0000,M,0.0000,0
$GPRMC,225316.43,A,3719.0539180,N,12156.8828920,W,5.1394,177.6226,101220,,,,
$GPGGA,225317.43,3719.0515720,N,12156.8831320,W,1,0,0.0,0.0000,M,0.0000,M,0.0000,0
$GPRMC,225317.43,A,3719.0515720,N,12156.8831320,W,4.2635,177.0010,101220,,,,
$GPGGA,225318.43,3719.0498380,N,12156.8837800,W,1,0,0.0,0.0000,M,0.0000,M,0.0000,0
$GPRMC,225318.43,A,3719.0498380,N,12156.8837800,W,3.9685,177.0126,101220,,,,
$GPGGA,225319.43,3719.0482300,N,12156.8846500,W,1,0,0.0,0.0000,M,0.0000,M,0.0000,0
$GPRMC,225319.43,A,3719.0482300,N,12156.8846500,W,4.4678,177.5128,101220,,,,
$GPGGA,225320.43,3719.0459020,N,12156.8852320,W,1,0,0.0,0.0000,M,0.0000,M,0.0000,0
$GPRMC,225320.43,A,3719.0459020,N,12156.8852320,W,5.5204,178.4983,101220,,,,
$GPGGA,225321.43,3719.0431000,N,12156.8857720,W,1,0,0.0,0.0000,M,0.0000,M,0.0000,0
$GPRMC,225321.43,A,3719.0431000,N,12156.8857720,W,5.9713,179.7734,101220,,,,
$GPGGA,225322.43,3719.0402620,N,12156.8861980,W,1,0,0.0,0.0000,M,0.0000,M,0.0000,0
$GPRMC,225322.43,A,3719.0402620,N,12156.8861980,W,5.3134,179.7327,101220,,,,
$GPGGA,225323.43,3719.0379580,N,12156.8864620,W,1,0,0.0,0.0000,M,0.0000,M,0.0000,0
$GPRMC,225323.43,A,3719.0379580,N,12156.8864620,W,3.7458,178.1561,101220,,,,
$GPGGA,225324.43,3719.0367520,N,12156.8867380,W,1,0,0.0,0.0000,M,0.0000,M,0.0000,0
$GPRMC,225324.43,A,3719.0367520,N,12156.8867380,W,2.2249,177.0571,101220,,,,
$GPGGA,225325.43,3719.0363020,N,12156.8869900,W,1,0,0.0,0.0000,M,0.0000,M,0.0000,0
$GPRMC,225325.43,A,3719.0363020,N,12156.8869900,W,1.9074,176.3553,101220,,,,
$GPGGA,225326.43,3719.0357080,N,12156.8873380,W,1,0,0.0,0.0000,M,0.0000,M,0.0000,0
$GPRMC,225326.43,A,3719.0357080,N,12156.8873380,W,2.3084,182.4245,101220,,,,
$GPGGA,225327.43,3719.0347300,N,12156.8883040,W,1,0,0.0,0.0000,M,0.0000,M,0.0000,0
$GPRMC,225327.43,A,3719.0347300,N,12156.8883040,W,2.5916,204.1959,101220,,,,
$GPGGA,225328.43,3719.0340880,N,12156.8900800,W,1,0,0.0,0.0000,M,0.0000,M,0.0000,0
$GPRMC,225328.43,A,3719.0340880,N,12156.8900800,W,3.1863,234.9107,101220,,,,
$GPGGA,225329.43,3719.0339500,N,12156.8926600,W,1,0,0.0,0.0000,M,0.0000,M,0.0000,0
$GPRMC,225329.43,A,3719.0339500,N,12156.8926600,W,4.6615,260.4873,101220,,,,
$GPGGA,225330.43,3719.0341300,N,12156.8964880,W,1,0,0.0,0.0000,M,0.0000,M,0.0000,0
$GPRMC,225330.43,A,3719.0341300,N,12156.8964880,W,6.7762,272.6117,101220,,,,
$GPGGA,225331.43,3719.0344900,N,12156.9018100,W,1,0,0.0,0.0000,M,0.0000,M,0.0000,0
$GPRMC,225331.43,A,3719.0344900,N,12156.9018100,W,8.9501,274.6205,101220,,,,
$GPGGA,225332.43,3719.0348440,N,12156.9084640,W,1,0,0.0,0.0000,M,0.0000,M,0.0000,0
$GPRMC,225332.43,A,3719.0348440,N,12156.9084640,W,10.7209,273.6447,101220,,,,
$GPGGA,225333.43,3719.0351920,N,12156.9161260,W,1,0,0.0,0.0000,M,0.0000,M,0.0000,0
$GPRMC,225333.43,A,3719.0351920,N,12156.9161260,W,11.9240,273.1912,101220,,,,
$GPGGA,225334.43,3719.0355460,N,12156.9244240,W,1,0,0.0,0.0000,M,0.0000,M,0.0000,0
$GPRMC,225334.43,A,3719.0355460,N,12156.9244240,W,12.4896,273.0015,101220,,,,
$GPGGA,225335.43,3719.0359000,N,12156.9328720,W,1,0,0.0,0.0000,M,0.0000,M,0.0000,0
$GPRMC,225335.43,A,3719.0359000,N,12156.9328720,W,12.4064,273.0988,101220,,,,
$GPGGA,225336.43,3719.0362900,N,12156.9411340,W,1,0,0.0,0.0000,M,0.0000,M,0.0000,0
$GPRMC,225336.43,A,3719.0362900,N,12156.9411340,W,12.0608,273.6542,101220,,,,
$GPGGA,225337.43,3719.0367280,N,12156.9491620,W,1,0,0.0,0.0000,M,0.0000,M,0.0000,0
$GPRMC,225337.43,A,3719.0367280,N,12156.9491620,W,11.7332,274.0425,101220,,,,
$GPGGA,225338.43,3719.0371540,N,12156.9569920,W,1,0,0.0,0.0000,M,0.0000,M,0.0000,0
$GPRMC,225338.43,A,3719.0371540,N,12156.9569920,W,11.4552,273.9641,101220,,,,
$GPGGA,225339.43,3719.0375680,N,12156.9646240,W,1,0,0.0,0.0000,M,0.0000,M,0.0000,0
$GPRMC,225339.43,A,3719.0375680,N,12156.9646240,W,11.1093,273.9373,101220,,,,
$GPGGA,225340.43,3719.0379520,N,12156.9719080,W,1,0,0.0,0.0000,M,0.0000,M,0.0000,0
$GPRMC,225340.43,A,3719.0379520,N,12156.9719080,W,10.3518,273.8523,101220,,,,
$GPGGA,225341.43,3719.0382880,N,12156.9784300,W,1,0,0.0,0.0000,M,0.0000,M,0.0000,0
$GPRMC,225341.43,A,3719.0382880,N,12156.9784300,W,8.8963,273.9213,101220,,,,
$GPGGA,225342.43,3719.0385820,N,12156.9838300,W,1,0,0.0,0.0000,M,0.0000,M,0.0000,0
$GPRMC,225342.43,A,3719.0385820,N,12156.9838300,W,7.0702,273.9720,101220,,,,
$GPGGA,225343.43,3719.0388100,N,12156.9880060,W,1,0,0.0,0.0000,M,0.0000,M,0.0000,0
$GPRMC,225343.43,A,3719.0388100,N,12156.9880060,W,5.3078,273.9011,101220,,,,
$GPGGA,225344.43,3719.0389660,N,12156.9910120,W,1,0,0.0,0.0000,M,0.0000,M,0.0000,0
$GPRMC,225344.43,A,3719.0389660,N,12156.9910120,W,3.5946,273.8046,101220,,,,
$GPGGA,225345.43,3719.0390620,N,12156.9929200,W,1,0,0.0,0.0000,M,0.0000,M,0.0000,0
$GPRMC,225345.43,A,3719.0390620,N,12156.9929200,W,2.0819,273.7677,101220,,,,
$GPGGA,225346.43,3719.0391040,N,12156.9938440,W,1,0,0.0,0.0000,M,0.0000,M,0.0000,0
$GPRMC,225346.43,A,3719.0391040,N,12156.9938440,W,0.7677,273.6906,101220,,,,
$GPGGA,225347.43,3719.0391100,N,12156.9940540,W,1,0,0.0,0.0000,M,0.0000,M,0.0000,0
$GPRMC,225347.43,A,3719.0391100,N,12156.9940540,W,0.0442,273.6809,101220,,,,
$GPGGA,225348.43,3719.0391100,N,12156.9940540,W,1,0,0.0,0.0000,M,0.0000,M,0.0000,0
$GPRMC,225348.43,A,3719.0391100,N,12156.9940540,W,0.0036,273.6807,101220,,,,
$GPGGA,225349.43,3719.0391100,N,12156.9940540,W,1,0,0.0,0.0000,M,0.0000,M,0.0000,0
$GPRMC,225349.43,A,3719.0391100,N,12156.9940540,W,0.0040,273.6789,101220,,,,
$GPGGA,225350.43,3719.0391100,N,12156.9940540,W,1,0,0.0,0.0000,M,0.0000,M,0.0000,0
$GPRMC,225350.43,A,3719.0391100,N,12156.9940540,W,0.0034,273.6779,101220,,,,
$GPGGA,225351.43,3719.0391100,N,12156.9940540,W,1,0,0.0,0.0000,M,0.0000,M,0.0000,0
$GPRMC,225351.43,A,3719.0391100,N,12156.9940540,W,0.0028,273.6772,101220,,,,
$GPGGA,225352.43,3719.0391100,N,12156.9940540,W,1,0,0.0,0.0000,M,0.0000,M,0.0000,0
$GPRMC,225352.43,A,3719.0391100,N,12156.9940540,W,0.0022,273.6779,101220,,,,
$GPGGA,225353.43,3719.0391100,N,12156.9940480,W,1,0,0.0,0.0000,M,0.0000,M,0.0000,0
$GPRMC,225353.43,A,3719.0391100,N,12156.9940480,W,0.0021,273.6791,101220,,,,
$GPGGA,225354.43,3719.0391100,N,12156.9940480,W,1,0,0.0,0.0000,M,0.0000,M,0.0000,0
$GPRMC,225354.43,A,3719.0391100,N,12156.9940480,W,0.0020,273.6786,101220,,,,
$GPGGA,225355.43,3719.0391100,N,12156.9940480,W,1,0,0.0,0.0000,M,0.0000,M,0.0000,0
$GPRMC,225355.43,A,3719.0391100,N,12156.9940480,W,0.0020,273.6779,101220,,,,
$GPGGA,225356.43,3719.0391100,N,12156.9940540,W,1,0,0.0,0.0000,M,0.0000,M,0.0000,0
$GPRMC,225356.43,A,3719.0391100,N,12156.9940540,W,0.0021,273.6772,101220,,,,
$GPGGA,225357.43,3719.0391100,N,12156.9940540,W,1,0,0.0,0.0000,M,0.0000,M,0.0000,0
$GPRMC,225357.43,A,3719.0391100,N,12156.9940540,W,0.0025,273.6764,101220,,,,
$GPGGA,225358.43,3719.0391100,N,12156.9940540,W,1,0,0.0,0.0000,M,0.0000,M,0.0000,0
$GPRMC,225358.43,A,3719.0391100,N,12156.9940540,W,0.0032,273.6756,101220,,,,
$GPGGA,225359.43,3719.0391100,N,12156.9940540,W,1,0,0.0,0.0000,M,0.0000,M,0.0000,0
$GPRMC,225359.43,A,3719.0391100,N,12156.9940540,W,0.0036,273.6748,101220,,,,
$GPGGA,225400.43,3719.0391100,N,12156.9940540,W,1,0,0.0,0.0000,M,0.0000,M,0.0000,0
$GPRMC,225400.43,A,3719.0391100,N,12156.9940540,W,0.0039,273.6740,101220,,,,
$GPGGA,225401.43,3719.0391100,N,12156.9940540,W,1,0,0.0,0.0000,M,0.0000,M,0.0000,0
$GPRMC,225401.43,A,3719.0391100,N,12156.9940540,W,0.0040,273.6733,101220,,,,
$GPGGA,225402.43,3719.0391100,N,12156.9940540,W,1,0,0.0,0.0000,M,0.0000,M,0.0000,0
$GPRMC,225402.43,A,3719.0391100,N,12156.9940540,W,0.0039,273.6727,101220,,,,
$GPGGA,225403.43,3719.0391100,N,12156.9940540,W,1,0,0.0,0.0000,M,0.0000,M,0.0000,0
$GPRMC,225403.43,A,3719.0391100,N,12156.9940540,W,0.0042,273.6722,101220,,,,
$GPGGA,225404.43,3719.0391100,N,12156.9940540,W,1,0,0.0,0.0000,M,0.0000,M,0.0000,0
$GPRMC,225404.43,A,3719.0391100,N,12156.9940540,W,0.0042,273.6713,101220,,,,
$GPGGA,225405.43,3719.0391100,N,12156.9940540,W,1,0,0.0,0.0000,M,0.0000,M,0.0000,0
$GPRMC,225405.43,A,3719.0391100,N,12156.9940540,W,0.0042,273.6703,101220,,,,
$GPGGA,225406.43,3719.0391100,N,12156.9940480,W,1,0,0.0,0.0000,M,0.0000,M,0.0000,0
$GPRMC,225406.43,A,3719.0391100,N,12156.9940480,W,0.0042,273.6698,101220,,,,
$GPGGA,225407.43,3719.0391100,N,12156.9940480,W,1,0,0.0,0.0000,M,0.0000,M,0.0000,0
$GPRMC,225407.43,A,3719.0391100,N,12156.9940480,W,0.0042,273.6693,101220,,,,
$GPGGA,225408.43,3719.0391100,N,12156.9940480,W,1,0,0.0,0.0000,M,0.0000,M,0.0000,0
$GPRMC,225408.43,A,3719.0391100,N,12156.9940480,W,0.0042,273.6687,101220,,,,
$GPGGA,225409.43,3719.0391100,N,12156.9940480,W,1,0,0.0,0.0000,M,0.0000,M,0.0000,0
$GPRMC,225409.43,A,3719.0391100,N,12156.9940480,W,0.0042,273.6680,101220,,,,
$GPGGA,225410.43,3719.0391100,N,12156.9940480,W,1,0,0.0,0.0000,M,0.0000,M,0.0000,0
$GPRMC,225410.43,A,3719.0391100,N,12156.9940480,W,0.0040,273.6672,101220,,,,
$GPGGA,225411.43,3719.0391100,N,12156.9940480,W,1,0,0.0,0.0000,M,0.0000,M,0.0000,0
$GPRMC,225411.43,A,3719.0391100,N,12156.9940480,W,0.0036,273.6665,101220,,,,
$GPGGA,225412.43,3719.0391040,N,12156.9940480,W,1,0,0.0,0.0000,M,0.0000,M,0.0000,0
$GPRMC,225412.43,A,3719.0391040,N,12156.9940480,W,0.0036,273.6658,101220,,,,
$GPGGA,225413.43,3719.0391040,N,12156.9940480,W,1,0,0.0,0.0000,M,0.0000,M,0.0000,0
$GPRMC,225413.43,A,3719.0391040,N,12156.9940480,W,0.0033,273.6653,101220,,,,
$GPGGA,225414.43,3719.0391040,N,12156.9940480,W,1,0,0.0,0.0000,M,0.0000,M,0.0000,0
$GPRMC,225414.43,A,3719.0391040,N,12156.9940480,W,0.0032,273.6646,101220,,,,
$GPGGA,225415.43,3719.0391040,N,12156.9940480,W,1,0,0.0,0.0000,M,0.0000,M,0.0000,0
$GPRMC,225415.43,A,3719.0391040,N,12156.9940480,W,0.0033,273.6641,101220,,,,
$GPGGA,225416.43,3719.0391040,N,12156.9940480,W,1,0,0.0,0.0000,M,0.0000,M,0.0000,0
$GPRMC,225416.43,A,3719.0391040,N,12156.9940480,W,0.0028,273.6633,101220,,,,
$GPGGA,225417.43,3719.0391040,N,12156.9940480,W,1,0,0.0,0.0000,M,0.0000,M,0.0000,0
$GPRMC,225417.43,A,3719.0391040,N,12156.9940480,W,0.0028,273.6626,101220,,,,
$GPGGA,225418.43,3719.0391040,N,12156.9940480,W,1,0,0.0,0.0000,M,0.0000,M,0.0000,0
$GPRMC,225418.43,A,3719.0391040,N,12156.9940480,W,0.0022,273.6619,101220,,,,
$GPGGA,225419.43,3719.0391040,N,12156.9940480,W,1,0,0.0,0.0000,M,0.0000,M,0.0000,0
$GPRMC,225419.43,A,3719.0391040,N,12156.9940480,W,0.0014,273.6612,101220,,,,
$GPGGA,225420.43,3719.0391040,N,12156.9940480,W,1,0,0.0,0.0000,M,0.0000,M,0.0000,0
$GPRMC,225420.43,A,3719.0391040,N,12156.9940480,W,0.0020,273.6605,101220,,,,
$GPGGA,225421.43,3719.0391040,N,12156.9940480,W,1,0,0.0,0.0000,M,0.0000,M,0.0000,0
$GPRMC,225421.43,A,3719.0391040,N,12156.9940480,W,0.0026,273.6596,101220,,,,
$GPGGA,225422.43,3719.0391040,N,12156.9940480,W,1,0,0.0,0.0000,M,0.0000,M,0.0000,0
$GPRMC,225422.43,A,3719.0391040,N,12156.9940480,W,0.0022,273.6588,101220,,,,
$GPGGA,225423.43,3719.0391040,N,12156.9940480,W,1,0,0.0,0.0000,M,0.0000,M,0.0000,0
$GPRMC,225423.43,A,3719.0391040,N,12156.9940480,W,0.0017,273.6581,101220,,,,
$GPGGA,225424.43,3719.0391100,N,12156.9940480,W,1,0,0.0,0.0000,M,0.0000,M,0.0000,0
$GPRMC,225424.43,A,3719.0391100,N,12156.9940480,W,0.0012,273.6573,101220,,,,
$GPGGA,225425.43,3719.0391100,N,12156.9940480,W,1,0,0.0,0.0000,M,0.0000,M,0.0000,0
$GPRMC,225425.43,A,3719.0391100,N,12156.9940480,W,0.0014,273.6566,101220,,,,
$GPGGA,225426.43,3719.0391100,N,12156.9940480,W,1,0,0.0,0.0000,M,0.0000,M,0.0000,0
$GPRMC,225426.43,A,3719.0391100,N,12156.9940480,W,0.0012,273.6559,101220,,,,
$GPGGA,225427.43,3719.0391100,N,12156.9940480,W,1,0,0.0,0.0000,M,0.0000,M,0.0000,0
$GPRMC,225427.43,A,3719.0391100,N,12156.9940480,W,0.0012,273.6553,101220,,,,
$GPGGA,225428.43,3719.0391100,N,12156.9940480,W,1,0,0.0,0.0000,M,0.0000,M,0.0000,0
$GPRMC,225428.43,A,3719.0391100,N,12156.9940480,W,0.0012,273.6546,101220,,,,
$GPGGA,225429.43,3719.0391100,N,12156.9940480,W,1,0,0.0,0.0000,M,0.0000,M,0.0000,0
$GPRMC,225429.43,A,3719.0391100,N,12156.9940480,W,0.0006,273.6538,101220,,,,
$GPGGA,225430.43,3719.0391100,N,12156.9940480,W,1,0,0.0,0.0000,M,0.0000,M,0.0000,0
$GPRMC,225430.43,A,3719.0391100,N,12156.9940480,W,0.0000,273.6531,101220,,,,
$GPGGA,225431.43,3719.0391100,N,12156.9940540,W,1,0,0.0,0.0000,M,0.0000,M,0.0000,0
$GPRMC,225431.43,A,3719.0391100,N,12156.9940540,W,0.0000,273.6523,101220,,,,
$GPGGA,225432.43,3719.0391100,N,12156.9940540,W,1,0,0.0,0.0000,M,0.0000,M,0.0000,0
$GPRMC,225432.43,A,3719.0391100,N,12156.9940540,W,0.0000,273.6516,101220,,,,
$GPGGA,225433.43,3719.0391100,N,12156.9940540,W,1,0,0.0,0.0000,M,0.0000,M,0.0000,0
$GPRMC,225433.43,A,3719.0391100,N,12156.9940540,W,0.0000,273.6509,101220,,,,
$GPGGA,225434.43,3719.0391160,N,12156.9940540,W,1,0,0.0,0.0000,M,0.0000,M,0.0000,0
$GPRMC,225434.43,A,3719.0391160,N,12156.9940540,W,0.0000,273.6501,101220,,,,
$GPGGA,225435.43,3719.0391160,N,12156.9940540,W,1,0,0.0,0.0000,M,0.0000,M,0.0000,0
$GPRMC,225435.43,A,3719.0391160,N,12156.9940540,W,0.0000,273.6493,101220,,,,
$GPGGA,225436.43,3719.0391160,N,12156.9940540,W,1,0,0.0,0.0000,M,0.0000,M,0.0000,0
$GPRMC,225436.43,A,3719.0391160,N,12156.9940540,W,0.0004,273.6486,101220,,,,
$GPGGA,225437.43,3719.0391160,N,12156.9940540,W,1,0,0.0,0.0000,M,0.0000,M,0.0000,0
$GPRMC,225437.43,A,3719.0391160,N,12156.9940540,W,0.0012,273.6478,101220,,,,
$GPGGA,225438.43,3719.0391160,N,12156.9940540,W,1,0,0.0,0.0000,M,0.0000,M,0.0000,0
$GPRMC,225438.43,A,3719.0391160,N,12156.9940540,W,0.0014,273.6470,101220,,,,
$GPGGA,225439.43,3719.0391160,N,12156.9940600,W,1,0,0.0,0.0000,M,0.0000,M,0.0000,0
$GPRMC,225439.43,A,3719.0391160,N,12156.9940600,W,0.0012,273.6463,101220,,,,
$GPGGA,225440.43,3719.0391160,N,12156.9940600,W,1,0,0.0,0.0000,M,0.0000,M,0.0000,0
$GPRMC,225440.43,A,3719.0391160,N,12156.9940600,W,0.0012,273.6457,101220,,,,
$GPGGA,225441.43,3719.0391160,N,12156.9940600,W,1,0,0.0,0.0000,M,0.0000,M,0.0000,0
$GPRMC,225441.43,A,3719.0391160,N,12156.9940600,W,0.0014,273.6451,101220,,,,
$GPGGA,225442.43,3719.0391160,N,12156.9940600,W,1,0,0.0,0.0000,M,0.0000,M,0.0000,0
$GPRMC,225442.43,A,3719.0391160,N,12156.9940600,W,0.0014,273.6443,101220,,,,
$GPGGA,225443.43,3719.0391160,N,12156.9940600,W,1,0,0.0,0.0000,M,0.0000,M,0.0000,0
$GPRMC,225443.43,A,3719.0391160,N,12156.9940600,W,0.0014,273.6436,101220,,,,
$GPGGA,225444.43,3719.0391160,N,12156.9940600,W,1,0,0.0,0.0000,M,0.0000,M,0.0000,0
$GPRMC,225444.43,A,3719.0391160,N,12156.9940600,W,0.0014,273.6430,101220,,,,
$GPGGA,225445.43,3719.0391160,N,12156.9940600,W,1,0,0.0,0.0000,M,0.0000,M,0.0000,0
$GPRMC,225445.43,A,3719.0391160,N,12156.9940600,W,0.0014,273.6425,101220,,,,
$GPGGA,225446.43,3719.0391160,N,12156.9940600,W,1,0,0.0,0.0000,M,0.0000,M,0.0000,0
$GPRMC,225446.43,A,3719.0391160,N,12156.9940600,W,0.0014,273.6418,101220,,,,
$GPGGA,225447.43,3719.0391160,N,12156.9940600,W,1,0,0.0,0.0000,M,0.0000,M,0.0000,0
$GPRMC,225447.43,A,3719.0391160,N,12156.9940600,W,0.0014,273.6411,101220,,,,
$GPGGA,225448.43,3719.0391160,N,12156.9940600,W,1,0,0.0,0.0000,M,0.0000,M,0.0000,0
$GPRMC,225448.43,A,3719.0391160,N,12156.9940600,W,0.0014,273.6404,101220,,,,
$GPGGA,225449.43,3719.0391160,N,12156.9940600,W,1,0,0.0,0.0000,M,0.0000,M,0.0000,0
$GPRMC,225449.43,A,3719.0391160,N,12156.9940600,W,0.0014,273.6397,101220,,,,
$GPGGA,225450.43,3719.0391160,N,12156.9940600,W,1,0,0.0,0.0000,M,0.0000,M,0.0000,0
$GPRMC,225450.43,A,3719.0391160,N,12156.9940600,W,0.0014,273.6390,101220,,,,
$GPGGA,225451.43,3719.0391160,N,12156.9940600,W,1,0,0.0,0.0000,M,0.0000,M,0.0000,0
$GPRMC,225451.43,A,3719.0391160,N,12156.9940600,W,0.0014,273.6384,101220,,,,
$GPGGA,225452.43,3719.0391160,N,12156.9940600,W,1,0,0.0,0.0000,M,0.0000,M,0.0000,0
$GPRMC,225452.43,A,3719.0391160,N,12156.9940600,W,0.0014,273.6377,101220,,,,
$GPGGA,225453.43,3719.0391160,N,12156.9940600,W,1,0,0.0,0.0000,M,0.0000,M,0.0000,0
$GPRMC,225453.43,A,3719.0391160,N,12156.9940600,W,0.0014,273.6370,101220,,,,
$GPGGA,225454.43,3719.0391160,N,12156.9940600,W,1,0,0.0,0.0000,M,0.0000,M,0.0000,0
$GPRMC,225454.43,A,3719.0391160,N,12156.9940600,W,0.0018,273.6362,101220,,,,
$GPGGA,225455.43,3719.0391160,N,12156.9940600,W,1,0,0.0,0.0000,M,0.0000,M,0.0000,0
$GPRMC,225455.43,A,3719.0391160,N,12156.9940600,W,0.0019,273.6355,101220,,,,
$GPGGA,225456.43,3719.0391160,N,12156.9940600,W,1,0,0.0,0.0000,M,0.0000,M,0.0000,0
$GPRMC,225456.43,A,3719.0391160,N,12156.9940600,W,0.0014,273.6348,101220,,,,
$GPGGA,225457.43,3719.0391160,N,12156.9940600,W,1,0,0.0,0.0000,M,0.0000,M,0.0000,0
$GPRMC,225457.43,A,3719.0391160,N,12156.9940600,W,0.0014,273.6342,101220,,,,
$GPGGA,225458.43,3719.0391160,N,12156.9940600,W,1,0,0.0,0.0000,M,0.0000,M,0.0000,0
$GPRMC,225458.43,A,3719.0391160,N,12156.9940600,W,0.0012,273.6335,101220,,,,
$GPGGA,225459.43,3719.0391160,N,12156.9940600,W,1,0,0.0,0.0000,M,0.0000,M,0.0000,0
$GPRMC,225459.43,A,3719.0391160,N,12156.9940600,W,0.0012,273.6328,101220,,,,
$GPGGA,225500.43,3719.0391160,N,12156.9940600,W,1,0,0.0,0.0000,M,0.0000,M,0.0000,0
$GPRMC,225500.43,A,3719.0391160,N,12156.9940600,W,0.0012,273.6322,101220,,,,
$GPGGA,225501.43,3719.0391160,N,12156.9940600,W,1,0,0.0,0.0000,M,0.0000,M,0.0000,0
$GPRMC,225501.43,A,3719.0391160,N,12156.9940600,W,0.0012,273.6317,101220,,,,
$GPGGA,225502.43,3719.0391160,N,12156.9940600,W,1,0,0.0,0.0000,M,0.0000,M,0.0000,0
$GPRMC,225502.43,A,3719.0391160,N,12156.9940600,W,0.0012,273.6310,101220,,,,
$GPGGA,225503.43,3719.0391160,N,12156.9940600,W,1,0,0.0,0.0000,M,0.0000,M,0.0000,0
$GPRMC,225503.43,A,3719.0391160,N,12156.9940600,W,0.0010,273.6304,101220,,,,
$GPGGA,225504.43,3719.0391160,N,12156.9940600,W,1,0,0.0,0.0000,M,0.0000,M,0.0000,0
$GPRMC,225504.43,A,3719.0391160,N,12156.9940600,W,0.0010,273.6298,101220,,,,
$GPGGA,225505.43,3719.0391160,N,12156.9940600,W,1,0,0.0,0.0000,M,0.0000,M,0.0000,0
$GPRMC,225505.43,A,3719.0391160,N,12156.9940600,W,0.0010,273.6291,101220,,,,
$GPGGA,225506.43,3719.0391160,N,12156.9940600,W,1,0,0.0,0.0000,M,0.0000,M,0.0000,0
$GPRMC,225506.43,A,3719.0391160,N,12156.9940600,W,0.0010,273.6284,101220,,,,
$GPGGA,225507.43,3719.0391160,N,12156.9940600,W,1,0,0.0,0.0000,M,0.0000,M,0.0000,0
$GPRMC,225507.43,A,3719.0391160,N,12156.9940600,W,0.0010,273.6278,101220,,,,
$GPGGA,225508.43,3719.0391160,N,12156.9940600,W,1,0,0.0,0.0000,M,0.0000,M,0.0000,0
$GPRMC,225508.43,A,3719.0391160,N,12156.9940600,W,0.0006,273.6272,101220,,,,
$GPGGA,225509.43,3719.0391160,N,12156.9940600,W,1,0,0.0,0.0000,M,0.0000,M,0.0000,0
$GPRMC,225509.43,A,3719.0391160,N,12156.9940600,W,0.0004,273.6264,101220,,,,
$GPGGA,225510.43,3719.0391160,N,12156.9940600,W,1,0,0.0,0.0000,M,0.0000,M,0.0000,0
$GPRMC,225510.43,A,3719.0391160,N,12156.9940600,W,0.0010,273.6256,101220,,,,
$GPGGA,225511.43,3719.0391160,N,12156.9940600,W,1,0,0.0,0.0000,M,0.0000,M,0.0000,0
$GPRMC,225511.43,A,3719.0391160,N,12156.9940600,W,0.0014,273.6251,101220,,,,
$GPGGA,225512.43,3719.0391160,N,12156.9940600,W,1,0,0.0,0.0000,M,0.0000,M,0.0000,0
$GPRMC,225512.43,A,3719.0391160,N,12156.9940600,W,0.0027,273.6246,101220,,,,
$GPGGA,225513.43,3719.0391100,N,12156.9940600,W,1,0,0.0,0.0000,M,0.0000,M,0.0000,0
$GPRMC,225513.43,A,3719.0391100,N,12156.9940600,W,0.0039,273.6240,101220,,,,
$GPGGA,225514.43,3719.0391100,N,12156.9940960,W,1,0,0.0,0.0000,M,0.0000,M,0.0000,0
$GPRMC,225514.43,A,3719.0391100,N,12156.9940960,W,0.2352,273.6184,101220,,,,
$GPGGA,225515.43,3719.0391280,N,12156.9946780,W,1,0,0.0,0.0000,M,0.0000,M,0.0000,0
$GPRMC,225515.43,A,3719.0391280,N,12156.9946780,W,1.7431,273.4749,101220,,,,
$GPGGA,225516.43,3719.0391880,N,12156.9967960,W,1,0,0.0,0.0000,M,0.0000,M,0.0000,0
$GPRMC,225516.43,A,3719.0391880,N,12156.9967960,W,4.6437,272.5459,101220,,,,
$GPGGA,225517.43,3719.0391700,N,12157.0009480,W,1,0,0.0,0.0000,M,0.0000,M,0.0000,0
$GPRMC,225517.43,A,3719.0391700,N,12157.0009480,W,7.6351,270.0186,101220,,,,
$GPGGA,225518.43,3719.0389120,N,12157.0070560,W,1,0,0.0,0.0000,M,0.0000,M,0.0000,0
$GPRMC,225518.43,A,3719.0389120,N,12157.0070560,W,10.5884,267.0435,101220,,,,
$GPGGA,225519.43,3719.0384020,N,12157.0151920,W,1,0,0.0,0.0000,M,0.0000,M,0.0000,0
$GPRMC,225519.43,A,3719.0384020,N,12157.0151920,W,13.5101,265.4833,101220,,,,
$GPGGA,225520.43,3719.0377120,N,12157.0251760,W,1,0,0.0,0.0000,M,0.0000,M,0.0000,0
$GPRMC,225520.43,A,3719.0377120,N,12157.0251760,W,16.0628,265.0277,101220,,,,
$GPGGA,225521.43,3719.0369020,N,12157.0367320,W,1,0,0.0,0.0000,M,0.0000,M,0.0000,0
$GPRMC,225521.43,A,3719.0369020,N,12157.0367320,W,18.2731,265.0088,101220,,,,
$GPGGA,225522.43,3719.0359780,N,12157.0497880,W,1,0,0.0,0.0000,M,0.0000,M,0.0000,0
$GPRMC,225522.43,A,3719.0359780,N,12157.0497880,W,20.4891,264.9409,101220,,,,
$GPGGA,225523.43,3719.0349220,N,12157.0643020,W,1,0,0.0,0.0000,M,0.0000,M,0.0000,0
$GPRMC,225523.43,A,3719.0349220,N,12157.0643020,W,22.5121,264.6982,101220,,,,
$GPGGA,225524.43,3719.0337040,N,12157.0800760,W,1,0,0.0,0.0000,M,0.0000,M,0.0000,0
$GPRMC,225524.43,A,3719.0337040,N,12157.0800760,W,24.2431,264.2406,101220,,,,
$GPGGA,225525.43,3719.0322520,N,12157.0969420,W,1,0,0.0,0.0000,M,0.0000,M,0.0000,0
$GPRMC,225525.43,A,3719.0322520,N,12157.0969420,W,25.8481,263.4918,101220,,,,
$GPGGA,225526.43,3719.0305180,N,12157.1147800,W,1,0,0.0,0.0000,M,0.0000,M,0.0000,0
$GPRMC,225526.43,A,3719.0305180,N,12157.1147800,W,27.1897,262.7393,101220,,,,
$GPGGA,225527.43,3719.0285260,N,12157.1333500,W,1,0,0.0,0.0000,M,0.0000,M,0.0000,0
$GPRMC,225527.43,A,3719.0285260,N,12157.1333500,W,28.1807,262.0936,101220,,,,
$GPGGA,225528.43,3719.0263300,N,12157.1525080,W,1,0,0.0,0.0000,M,0.0000,M,0.0000,0
$GPRMC,225528.43,A,3719.0263300,N,12157.1525080,W,29.0254,261.5121,101220,,,,
$GPGGA,225529.43,3719.0238700,N,12157.1721820,W,1,0,0.0,0.0000,M,0.0000,M,0.0000,0
$GPRMC,225529.43,A,3719.0238700,N,12157.1721820,W,29.8017,260.7697,101220,,,,
$GPGGA,225530.43,3719.0211820,N,12157.1922580,W,1,0,0.0,0.0000,M,0.0000,M,0.0000,0
$GPRMC,225530.43,A,3719.0211820,N,12157.1922580,W,30.2638,260.3823,101220,,,,
$GPGGA,225531.43,3719.0184520,N,12157.2124660,W,1,0,0.0,0.0000,M,0.0000,M,0.0000,0
$GPRMC,225531.43,A,3719.0184520,N,12157.2124660,W,30.1597,260.4846,101220,,,,
$GPGGA,225532.43,3719.0158360,N,12157.2324820,W,1,0,0.0,0.0000,M,0.0000,M,0.0000,0
$GPRMC,225532.43,A,3719.0158360,N,12157.2324820,W,29.7362,260.8663,101220,,,,
$GPGGA,225533.43,3719.0133820,N,12157.2522400,W,1,0,0.0,0.0000,M,0.0000,M,0.0000,0
$GPRMC,225533.43,A,3719.0133820,N,12157.2522400,W,29.3646,261.3681,101220,,,,
$GPGGA,225534.43,3719.0110420,N,12157.2718180,W,1,0,0.0,0.0000,M,0.0000,M,0.0000,0
$GPRMC,225534.43,A,3719.0110420,N,12157.2718180,W,29.1618,261.6120,101220,,,,
$GPGGA,225535.43,3719.0087800,N,12157.2913240,W,1,0,0.0,0.0000,M,0.0000,M,0.0000,0
$GPRMC,225535.43,A,3719.0087800,N,12157.2913240,W,29.0910,261.8588,101220,,,,
$GPGGA,225536.43,3719.0066200,N,12157.3108420,W,1,0,0.0,0.0000,M,0.0000,M,0.0000,0
$GPRMC,225536.43,A,3719.0066200,N,12157.3108420,W,29.1500,262.4328,101220,,,,
$GPGGA,225537.43,3719.0046700,N,12157.3304980,W,1,0,0.0,0.0000,M,0.0000,M,0.0000,0
$GPRMC,225537.43,A,3719.0046700,N,12157.3304980,W,29.3729,263.4272,101220,,,,
$GPGGA,225538.43,3719.0029960,N,12157.3503820,W,1,0,0.0,0.0000,M,0.0000,M,0.0000,0
$GPRMC,225538.43,A,3719.0029960,N,12157.3503820,W,29.7104,264.3663,101220,,,,
$GPGGA,225539.43,3719.0015020,N,12157.3705300,W,1,0,0.0,0.0000,M,0.0000,M,0.0000,0
$GPRMC,225539.43,A,3719.0015020,N,12157.3705300,W,30.0784,264.8364,101220,,,,
$GPGGA,225540.43,3719.0000800,N,12157.3909360,W,1,0,0.0,0.0000,M,0.0000,M,0.0000,0
$GPRMC,225540.43,A,3719.0000800,N,12157.3909360,W,30.4135,265.1816,101220,,,,
$GPGGA,225541.43,3718.9987960,N,12157.4115340,W,1,0,0.0,0.0000,M,0.0000,M,0.0000,0
$GPRMC,225541.43,A,3718.9987960,N,12157.4115340,W,30.5909,265.8680,101220,,,,
$GPGGA,225542.43,3718.9977340,N,12157.4322040,W,1,0,0.0,0.0000,M,0.0000,M,0.0000,0
$GPRMC,225542.43,A,3718.9977340,N,12157.4322040,W,30.6005,266.6421,101220,,,,
$GPGGA,225543.43,3718.9968820,N,12157.4528860,W,1,0,0.0,0.0000,M,0.0000,M,0.0000,0
$GPRMC,225543.43,A,3718.9968820,N,12157.4528860,W,30.6021,267.4001,101220,,,,
$GPGGA,225544.43,3718.9962580,N,12157.4735980,W,1,0,0.0,0.0000,M,0.0000,M,0.0000,0
$GPRMC,225544.43,A,3718.9962580,N,12157.4735980,W,30.6346,268.2623,101220,,,,
$GPGGA,225545.43,3718.9959160,N,12157.4943580,W,1,0,0.0,0.0000,M,0.0000,M,0.0000,0
$GPRMC,225545.43,A,3718.9959160,N,12157.4943580,W,30.7021,269.2306,101220,,,,
$GPGGA,225546.43,3718.9958140,N,12157.5151780,W,1,0,0.0,0.0000,M,0.0000,M,0.0000,0
$GPRMC,225546.43,A,3718.9958140,N,12157.5151780,W,30.7947,270.0094,101220,,,,
$GPGGA,225547.43,3718.9959220,N,12157.5360580,W,1,0,0.0,0.0000,M,0.0000,M,0.0000,0
$GPRMC,225547.43,A,3718.9959220,N,12157.5360580,W,30.8809,270.6659,101220,,,,
$GPGGA,225548.43,3718.9961980,N,12157.5569980,W,1,0,0.0,0.0000,M,0.0000,M,0.0000,0
$GPRMC,225548.43,A,3718.9961980,N,12157.5569980,W,30.9762,271.0304,101220,,,,
$GPGGA,225549.43,3718.9965520,N,12157.5780040,W,1,0,0.0,0.0000,M,0.0000,M,0.0000,0
$GPRMC,225549.43,A,3718.9965520,N,12157.5780040,W,31.1000,271.0948,101220,,,,
$GPGGA,225550.43,3718.9969120,N,12157.5990820,W,1,0,0.0,0.0000,M,0.0000,M,0.0000,0
$GPRMC,225550.43,A,3718.9969120,N,12157.5990820,W,31.2091,271.1367,101220,,,,
$GPGGA,225551.43,3718.9972480,N,12157.6202260,W,1,0,0.0,0.0000,M,0.0000,M,0.0000,0
$GPRMC,225551.43,A,3718.9972480,N,12157.6202260,W,31.2920,271.1242,101220,,,,
$GPGGA,225552.43,3718.9975720,N,12157.6414240,W,1,0,0.0,0.0000,M,0.0000,M,0.0000,0
$GPRMC,225552.43,A,3718.9975720,N,12157.6414240,W,31.3458,271.0561,101220,,,,
$GPGGA,225553.43,3718.9978840,N,12157.6626400,W,1,0,0.0,0.0000,M,0.0000,M,0.0000,0
$GPRMC,225553.43,A,3718.9978840,N,12157.6626400,W,31.3487,271.0338,101220,,,,
$GPGGA,225554.43,3718.9982020,N,12157.6838320,W,1,0,0.0,0.0000,M,0.0000,M,0.0000,0
$GPRMC,225554.43,A,3718.9982020,N,12157.6838320,W,31.2591,271.1792,101220,,,,
$GPGGA,225555.43,3718.9985620,N,12157.7049520,W,1,0,0.0,0.0000,M,0.0000,M,0.0000,0
$GPRMC,225555.43,A,3718.9985620,N,12157.7049520,W,31.0928,271.2623,101220,,,,
$GPGGA,225556.43,3718.9989220,N,12157.7258860,W,1,0,0.0,0.0000,M,0.0000,M,0.0000,0
$GPRMC,225556.43,A,3718.9989220,N,12157.7258860,W,30.7448,271.1875,101220,,,,
$GPGGA,225557.43,3718.9992580,N,12157.7465020,W,1,0,0.0,0.0000,M,0.0000,M,0.0000,0
$GPRMC,225557.43,A,3718.9992580,N,12157.7465020,W,30.1758,271.1233,101220,,,,
$GPGGA,225558.43,3718.9995280,N,12157.7667280,W,1,0,0.0,0.0000,M,0.0000,M,0.0000,0
$GPRMC,225558.43,A,3718.9995280,N,12157.7667280,W,29.6131,270.8450,101220,,,,
$GPGGA,225559.43,3718.9997260,N,12157.7866000,W,1,0,0.0,0.0000,M,0.0000,M,0.0000,0
$GPRMC,225559.43,A,3718.9997260,N,12157.7866000,W,29.1456,270.6385,101220,,,,
$GPGGA,225600.43,3718.9998940,N,12157.8062020,W,1,0,0.0,0.0000,M,0.0000,M,0.0000,0
$GPRMC,225600.43,A,3718.9998940,N,12157.8062020,W,28.8155,270.6722,101220,,,,
$GPGGA,225601.43,3719.0000140,N,12157.8256240,W,1,0,0.0,0.0000,M,0.0000,M,0.0000,0
$GPRMC,225601.43,A,3719.0000140,N,12157.8256240,W,28.5943,270.2570,101220,,,,
$GPGGA,225602.43,3718.9999480,N,12157.8449260,W,1,0,0.0,0.0000,M,0.0000,M,0.0000,0
$GPRMC,225602.43,A,3718.9999480,N,12157.8449260,W,28.4452,269.3860,101220,,,,
$GPGGA,225603.43,3718.9996480,N,12157.8641320,W,1,0,0.0,0.0000,M,0.0000,M,0.0000,0
$GPRMC,225603.43,A,3718.9996480,N,12157.8641320,W,28.3272,268.5187,101220,,,,
$GPGGA,225604.43,3718.9991440,N,12157.8832660,W,1,0,0.0,0.0000,M,0.0000,M,0.0000,0
$GPRMC,225604.43,A,3718.9991440,N,12157.8832660,W,28.2430,267.9449,101220,,,,
$GPGGA,225605.43,3718.9985440,N,12157.9023580,W,1,0,0.0,0.0000,M,0.0000,M,0.0000,0
$GPRMC,225605.43,A,3718.9985440,N,12157.9023580,W,28.2344,267.6873,101220,,,,
$GPGGA,225606.43,3718.9979080,N,12157.9214860,W,1,0,0.0,0.0000,M,0.0000,M,0.0000,0
$GPRMC,225606.43,A,3718.9979080,N,12157.9214860,W,28.3232,267.5760,101220,,,,
$GPGGA,225607.43,3718.9972900,N,12157.9406560,W,1,0,0.0,0.0000,M,0.0000,M,0.0000,0
$GPRMC,225607.43,A,3718.9972900,N,12157.9406560,W,28.3173,267.6812,101220,,,,
$GPGGA,225608.43,3718.9966900,N,12157.9597540,W,1,0,0.0,0.0000,M,0.0000,M,0.0000,0
$GPRMC,225608.43,A,3718.9966900,N,12157.9597540,W,28.1613,267.7197,101220,,,,
$GPGGA,225609.43,3718.9960780,N,12157.9787500,W,1,0,0.0,0.0000,M,0.0000,M,0.0000,0
$GPRMC,225609.43,A,3718.9960780,N,12157.9787500,W,28.0046,267.5811,101220,,,,
$GPGGA,225610.43,3718.9954360,N,12157.9976440,W,1,0,0.0,0.0000,M,0.0000,M,0.0000,0
$GPRMC,225610.43,A,3718.9954360,N,12157.9976440,W,27.8815,267.4906,101220,,,,
$GPGGA,225611.43,3718.9947580,N,12158.0164720,W,1,0,0.0,0.0000,M,0.0000,M,0.0000,0
$GPRMC,225611.43,A,3718.9947580,N,12158.0164720,W,27.8148,267.3727,101220,,,,
$GPGGA,225612.43,3718.9940800,N,12158.0352580,W,1,0,0.0,0.0000,M,0.0000,M,0.0000,0
$GPRMC,225612.43,A,3718.9940800,N,12158.0352580,W,27.7624,267.4202,101220,,,,
$GPGGA,225613.43,3718.9934200,N,12158.0539780,W,1,0,0.0,0.0000,M,0.0000,M,0.0000,0
$GPRMC,225613.43,A,3718.9934200,N,12158.0539780,W,27.6081,267.4475,101220,,,,
$GPGGA,225614.43,3718.9927720,N,12158.0725600,W,1,0,0.0,0.0000,M,0.0000,M,0.0000,0
$GPRMC,225614.43,A,3718.9927720,N,12158.0725600,W,27.3496,267.4784,101220,,,,
$GPGGA,225615.43,3718.9922020,N,12158.0909560,W,1,0,0.0,0.0000,M,0.0000,M,0.0000,0
$GPRMC,225615.43,A,3718.9922020,N,12158.0909560,W,27.0275,268.0659,101220,,,,
$GPGGA,225616.43,3718.9919080,N,12158.1091420,W,1,0,0.0,0.0000,M,0.0000,M,0.0000,0
$GPRMC,225616.43,A,3718.9919080,N,12158.1091420,W,26.6659,269.5656,101220,,,,
$GPGGA,225617.43,3718.9920640,N,12158.1270760,W,1,0,0.0,0.0000,M,0.0000,M,0.0000,0
$GPRMC,225617.43,A,3718.9920640,N,12158.1270760,W,26.2986,271.5297,101220,,,,
$GPGGA,225618.43,3718.9926520,N,12158.1447340,W,1,0,0.0,0.0000,M,0.0000,M,0.0000,0
$GPRMC,225618.43,A,3718.9926520,N,12158.1447340,W,25.9164,272.9833,101220,,,,
$GPGGA,225619.43,3718.9934320,N,12158.1620140,W,1,0,0.0,0.0000,M,0.0000,M,0.0000,0
$GPRMC,225619.43,A,3718.9934320,N,12158.1620140,W,25.1306,273.3514,101220,,,,
$GPGGA,225620.43,3718.9941940,N,12158.1785320,W,1,0,0.0,0.0000,M,0.0000,M,0.0000,0
$GPRMC,225620.43,A,3718.9941940,N,12158.1785320,W,23.6419,273.0952,101220,,,,
$GPGGA,225621.43,3718.9948300,N,12158.1939640,W,1,0,0.0,0.0000,M,0.0000,M,0.0000,0
$GPRMC,225621.43,A,3718.9948300,N,12158.1939640,W,22.0419,272.4151,101220,,,,
$GPGGA,225622.43,3718.9952920,N,12158.2084420,W,1,0,0.0,0.0000,M,0.0000,M,0.0000,0
$GPRMC,225622.43,A,3718.9952920,N,12158.2084420,W,20.8371,271.9994,101220,,,,
$GPGGA,225623.43,3718.9956760,N,12158.2222780,W,1,0,0.0,0.0000,M,0.0000,M,0.0000,0
$GPRMC,225623.43,A,3718.9956760,N,12158.2222780,W,20.1221,271.8649,101220,,,,
$GPGGA,225624.43,3718.9960780,N,12158.2357660,W,1,0,0.0,0.0000,M,0.0000,M,0.0000,0
$GPRMC,225624.43,A,3718.9960780,N,12158.2357660,W,19.7825,272.2784,101220,,,,
$GPGGA,225625.43,3718.9966120,N,12158.2490440,W,1,0,0.0,0.0000,M,0.0000,M,0.0000,0
$GPRMC,225625.43,A,3718.9966120,N,12158.2490440,W,19.4970,273.1788,101220,,,,
$GPGGA,225626.43,3718.9973560,N,12158.2621180,W,1,0,0.0,0.0000,M,0.0000,M,0.0000,0
$GPRMC,225626.43,A,3718.9973560,N,12158.2621180,W,19.2328,274.5516,101220,,,,
$GPGGA,225627.43,3718.9983820,N,12158.2750000,W,1,0,0.0,0.0000,M,0.0000,M,0.0000,0
$GPRMC,225627.43,A,3718.9983820,N,12158.2750000,W,18.9808,276.1996,101220,,,,
$GPGGA,225628.43,3718.9996660,N,12158.2876660,W,1,0,0.0,0.0000,M,0.0000,M,0.0000,0
$GPRMC,225628.43,A,3718.9996660,N,12158.2876660,W,18.7314,277.6661,101220,,,,
$GPGGA,225629.43,3719.0011540,N,12158.3001400,W,1,0,0.0,0.0000,M,0.0000,M,0.0000,0
$GPRMC,225629.43,A,3719.0011540,N,12158.3001400,W,18.5106,278.8391,101220,,,,
$GPGGA,225630.43,3719.0028280,N,12158.3124400,W,1,0,0.0,0.0000,M,0.0000,M,0.0000,0
$GPRMC,225630.43,A,3719.0028280,N,12158.3124400,W,18.3322,280.0677,101220,,,,
$GPGGA,225631.43,3719.0047840,N,12158.3245660,W,1,0,0.0,0.0000,M,0.0000,M,0.0000,0
$GPRMC,225631.43,A,3719.0047840,N,12158.3245660,W,18.2076,282.2265,101220,,,,
$GPGGA,225632.43,3719.0072380,N,12158.3364880,W,1,0,0.0,0.0000,M,0.0000,M,0.0000,0
$GPRMC,225632.43,A,3719.0072380,N,12158.3364880,W,18.1248,285.7753,101220,,,,
$GPGGA,225633.43,3719.0103100,N,12158.3481220,W,1,0,0.0,0.0000,M,0.0000,M,0.0000,0
$GPRMC,225633.43,A,3719.0103100,N,12158.3481220,W,18.0449,289.5470,101220,,,,
$GPGGA,225634.43,3719.0139400,N,12158.3594920,W,1,0,0.0,0.0000,M,0.0000,M,0.0000,0
$GPRMC,225634.43,A,3719.0139400,N,12158.3594920,W,18.1289,292.7548,101220,,,,
$GPGGA,225635.43,3719.0180260,N,12158.3707600,W,1,0,0.0,0.0000,M,0.0000,M,0.0000,0
$GPRMC,225635.43,A,3719.0180260,N,12158.3707600,W,18.3998,295.0812,101220,,,,
$GPGGA,225636.43,3719.0224000,N,12158.3819920,W,1,0,0.0,0.0000,M,0.0000,M,0.0000,0
$GPRMC,225636.43,A,3719.0224000,N,12158.3819920,W,18.3944,296.4093,101220,,,,
$GPGGA,225637.43,3719.0268280,N,12158.3929840,W,1,0,0.0,0.0000,M,0.0000,M,0.0000,0
$GPRMC,225637.43,A,3719.0268280,N,12158.3929840,W,17.9325,296.8866,101220,,,,
$GPGGA,225638.43,3719.0310880,N,12158.4035320,W,1,0,0.0,0.0000,M,0.0000,M,0.0000,0
$GPRMC,225638.43,A,3719.0310880,N,12158.4035320,W,16.8943,296.8491,101220,,,,
$GPGGA,225639.43,3719.0350000,N,12158.4132160,W,1,0,0.0,0.0000,M,0.0000,M,0.0000,0
$GPRMC,225639.43,A,3719.0350000,N,12158.4132160,W,15.1151,296.9191,101220,,,,
$GPGGA,225640.43,3719.0384680,N,12158.4217840,W,1,0,0.0,0.0000,M,0.0000,M,0.0000,0
$GPRMC,225640.43,A,3719.0384680,N,12158.4217840,W,13.3374,296.8279,101220,,,,
$GPGGA,225641.43,3719.0414920,N,12158.4294340,W,1,0,0.0,0.0000,M,0.0000,M,0.0000,0
$GPRMC,225641.43,A,3719.0414920,N,12158.4294340,W,11.9326,296.6968,101220,,,,
$GPGGA,225642.43,3719.0441440,N,12158.4362560,W,1,0,0.0,0.0000,M,0.0000,M,0.0000,0
$GPRMC,225642.43,A,3719.0441440,N,12158.4362560,W,10.5100,296.8614,101220,,,,
$GPGGA,225643.43,3719.0466100,N,12158.4420220,W,1,0,0.0,0.0000,M,0.0000,M,0.0000,0
$GPRMC,225643.43,A,3719.0466100,N,12158.4420220,W,8.6951,298.4713,101220,,,,
$GPGGA,225644.43,3719.0489620,N,12158.4465580,W,1,0,0.0,0.0000,M,0.0000,M,0.0000,0
$GPRMC,225644.43,A,3719.0489620,N,12158.4465580,W,7.1951,302.4196,101220,,,,
$GPGGA,225645.43,3719.0512840,N,12158.4501880,W,1,0,0.0,0.0000,M,0.0000,M,0.0000,0
$GPRMC,225645.43,A,3719.0512840,N,12158.4501880,W,6.5096,309.1152,101220,,,,
$GPGGA,225646.43,3719.0538640,N,12158.4529960,W,1,0,0.0,0.0000,M,0.0000,M,0.0000,0
$GPRMC,225646.43,A,3719.0538640,N,12158.4529960,W,5.9499,319.5931,101220,,,,
$GPGGA,225647.43,3719.0566420,N,12158.4548020,W,1,0,0.0,0.0000,M,0.0000,M,0.0000,0
$GPRMC,225647.43,A,3719.0566420,N,12158.4548020,W,5.4602,332.5487,101220,,,,
$GPGGA,225648.43,3719.0593360,N,12158.4558100,W,1,0,0.0,0.0000,M,0.0000,M,0.0000,0
$GPRMC,225648.43,A,3719.0593360,N,12158.4558100,W,4.8236,342.4366,101220,,,,
$GPGGA,225649.43,3719.0616100,N,12158.4565420,W,1,0,0.0,0.0000,M,0.0000,M,0.0000,0
$GPRMC,225649.43,A,3719.0616100,N,12158.4565420,W,3.8018,344.8573,101220,,,,
$GPGGA,225650.43,3719.0632720,N,12158.4571420,W,1,0,0.0,0.0000,M,0.0000,M,0.0000,0
$GPRMC,225650.43,A,3719.0632720,N,12158.4571420,W,2.7106,343.9805,101220,,,,
$GPGGA,225651.43,3719.0644840,N,12158.4575920,W,1,0,0.0,0.0000,M,0.0000,M,0.0000,0
$GPRMC,225651.43,A,3719.0644840,N,12158.4575920,W,2.1044,343.2804,101220,,,,
$GPGGA,225652.43,3719.0655340,N,12158.4579820,W,1,0,0.0,0.0000,M,0.0000,M,0.0000,0
$GPRMC,225652.43,A,3719.0655340,N,12158.4579820,W,2.0168,343.0313,101220,,,,
$GPGGA,225653.43,3719.0666140,N,12158.4583600,W,1,0,0.0,0.0000,M,0.0000,M,0.0000,0
$GPRMC,225653.43,A,3719.0666140,N,12158.4583600,W,2.1034,343.5056,101220,,,,
$GPGGA,225654.43,3719.0677360,N,12158.4586600,W,1,0,0.0,0.0000,M,0.0000,M,0.0000,0
$GPRMC,225654.43,A,3719.0677360,N,12158.4586600,W,2.1000,345.7292,101220,,,,
$GPGGA,225655.43,3719.0689060,N,12158.4588400,W,1,0,0.0,0.0000,M,0.0000,M,0.0000,0
$GPRMC,225655.43,A,3719.0689060,N,12158.4588400,W,2.2809,349.4084,101220,,,,
$GPGGA,225656.43,3719.0703580,N,12158.4589480,W,1,0,0.0,0.0000,M,0.0000,M,0.0000,0
$GPRMC,225656.43,A,3719.0703580,N,12158.4589480,W,3.1665,353.5256,101220,,,,
$GPGGA,225657.43,3719.0725180,N,12158.4588820,W,1,0,0.0,0.0000,M,0.0000,M,0.0000,0
$GPRMC,225657.43,A,3719.0725180,N,12158.4588820,W,4.8784,359.2194,101220,,,,
$GPGGA,225658.43,3719.0756500,N,12158.4581920,W,1,0,0.0,0.0000,M,0.0000,M,0.0000,0
$GPRMC,225658.43,A,3719.0756500,N,12158.4581920,W,6.7859,9.4054,101220,,,,
$GPGGA,225659.43,3719.0794900,N,12158.4563080,W,1,0,0.0,0.0000,M,0.0000,M,0.0000,0
$GPRMC,225659.43,A,3719.0794900,N,12158.4563080,W,8.2770,22.2590,101220,,,,
$GPGGA,225700.43,3719.0835400,N,12158.4534040,W,1,0,0.0,0.0000,M,0.0000,M,0.0000,0
$GPRMC,225700.43,A,3719.0835400,N,12158.4534040,W,8.7972,30.3870,101220,,,,
$GPGGA,225701.43,3719.0874160,N,12158.4502000,W,1,0,0.0,0.0000,M,0.0000,M,0.0000,0
$GPRMC,225701.43,A,3719.0874160,N,12158.4502000,W,8.2366,33.3798,101220,,,,
$GPGGA,225702.43,3719.0908060,N,12158.4473200,W,1,0,0.0,0.0000,M,0.0000,M,0.0000,0
$GPRMC,225702.43,A,3719.0908060,N,12158.4473200,W,6.8114,33.8490,101220,,,,
$GPGGA,225703.43,3719.0934940,N,12158.4452380,W,1,0,0.0,0.0000,M,0.0000,M,0.0000,0
$GPRMC,225703.43,A,3719.0934940,N,12158.4452380,W,4.9179,30.1705,101220,,,,
$GPGGA,225704.43,3719.0955880,N,12158.4446680,W,1,0,0.0,0.0000,M,0.0000,M,0.0000,0
$GPRMC,225704.43,A,3719.0955880,N,12158.4446680,W,3.4917,10.9200,101220,,,,
$GPGGA,225705.43,3719.0970220,N,12158.4459880,W,1,0,0.0,0.0000,M,0.0000,M,0.0000,0
$GPRMC,225705.43,A,3719.0970220,N,12158.4459880,W,3.2701,333.7986,101220,,,,
$GPGGA,225706.43,3719.0972740,N,12158.4484180,W,1,0,0.0,0.0000,M,0.0000,M,0.0000,0
$GPRMC,225706.43,A,3719.0972740,N,12158.4484180,W,3.7396,290.0998,101220,,,,
$GPGGA,225707.43,3719.0959780,N,12158.4508000,W,1,0,0.0,0.0000,M,0.0000,M,0.0000,0
$GPRMC,225707.43,A,3719.0959780,N,12158.4508000,W,4.8456,245.5387,101220,,,,
$GPGGA,225708.43,3719.0932900,N,12158.4527680,W,1,0,0.0,0.0000,M,0.0000,M,0.0000,0
$GPRMC,225708.43,A,3719.0932900,N,12158.4527680,W,6.9371,214.9242,101220,,,,
$GPGGA,225709.43,3719.0893720,N,12158.4552040,W,1,0,0.0,0.0000,M,0.0000,M,0.0000,0
$GPRMC,225709.43,A,3719.0893720,N,12158.4552040,W,9.3116,207.4080,101220,,,,
$GPGGA,225710.43,3719.0844580,N,12158.4586420,W,1,0,0.0,0.0000,M,0.0000,M,0.0000,0
$GPRMC,225710.43,A,3719.0844580,N,12158.4586420,W,11.4713,209.6152,101220,,,,
$GPGGA,225711.43,3719.0786380,N,12158.4628780,W,1,0,0.0,0.0000,M,0.0000,M,0.0000,0
$GPRMC,225711.43,A,3719.0786380,N,12158.4628780,W,13.3917,210.0998,101220,,,,
$GPGGA,225712.43,3719.0719240,N,12158.4676660,W,1,0,0.0,0.0000,M,0.0000,M,0.0000,0
$GPRMC,225712.43,A,3719.0719240,N,12158.4676660,W,15.1902,209.8649,101220,,,,
$GPGGA,225713.43,3719.0645260,N,12158.4730960,W,1,0,0.0,0.0000,M,0.0000,M,0.0000,0
$GPRMC,225713.43,A,3719.0645260,N,12158.4730960,W,16.3637,211.0323,101220,,,,
$GPGGA,225714.43,3719.0569240,N,12158.4789940,W,1,0,0.0,0.0000,M,0.0000,M,0.0000,0
$GPRMC,225714.43,A,3719.0569240,N,12158.4789940,W,16.5667,212.1682,101220,,,,
$GPGGA,225715.43,3719.0494420,N,12158.4849520,W,1,0,0.0,0.0000,M,0.0000,M,0.0000,0
$GPRMC,225715.43,A,3719.0494420,N,12158.4849520,W,16.2413,212.6186,101220,,,,
$GPGGA,225716.43,3719.0421880,N,12158.4908140,W,1,0,0.0,0.0000,M,0.0000,M,0.0000,0
$GPRMC,225716.43,A,3719.0421880,N,12158.4908140,W,15.5355,213.0583,101220,,,,
$GPGGA,225717.43,3719.0354980,N,12158.4963100,W,1,0,0.0,0.0000,M,0.0000,M,0.0000,0
$GPRMC,225717.43,A,3719.0354980,N,12158.4963100,W,13.8275,213.4878,101220,,,,
$GPGGA,225718.43,3719.0298520,N,12158.5010260,W,1,0,0.0,0.0000,M,0.0000,M,0.0000,0
$GPRMC,225718.43,A,3719.0298520,N,12158.5010260,W,11.3092,213.7957,101220,,,,
$GPGGA,225719.43,3719.0253400,N,12158.5048060,W,1,0,0.0,0.0000,M,0.0000,M,0.0000,0
$GPRMC,225719.43,A,3719.0253400,N,12158.5048060,W,8.8273,213.8046,101220,,,,
$GPGGA,225720.43,3719.0219140,N,12158.5076740,W,1,0,0.0,0.0000,M,0.0000,M,0.0000,0
$GPRMC,225720.43,A,3719.0219140,N,12158.5076740,W,6.4025,213.7085,101220,,,,
$GPGGA,225721.43,3719.0195440,N,12158.5096600,W,1,0,0.0,0.0000,M,0.0000,M,0.0000,0
$GPRMC,225721.43,A,3719.0195440,N,12158.5096600,W,4.2121,213.6401,101220,,,,
$GPGGA,225722.43,3719.0180800,N,12158.5108780,W,1,0,0.0,0.0000,M,0.0000,M,0.0000,0
$GPRMC,225722.43,A,3719.0180800,N,12158.5108780,W,2.3549,213.4973,101220,,,,
$GPGGA,225723.43,3719.0173720,N,12158.5114660,W,1,0,0.0,0.0000,M,0.0000,M,0.0000,0
$GPRMC,225723.43,A,3719.0173720,N,12158.5114660,W,0.8332,213.4249,101220,,,,
$GPGGA,225724.43,3719.0171800,N,12158.5116280,W,1,0,0.0,0.0000,M,0.0000,M,0.0000,0
$GPRMC,225724.43,A,3719.0171800,N,12158.5116280,W,0.0958,213.4082,101220,,,,
$GPGGA,225725.43,3719.0171800,N,12158.5116340,W,1,0,0.0,0.0000,M,0.0000,M,0.0000,0
$GPRMC,225725.43,A,3719.0171800,N,12158.5116340,W,0.0055,213.4079,101220,,,,
$GPGGA,225726.43,3719.0171800,N,12158.5116400,W,1,0,0.0,0.0000,M,0.0000,M,0.0000,0
$GPRMC,225726.43,A,3719.0171800,N,12158.5116400,W,0.0030,213.4060,101220,,,,
$GPGGA,225727.43,3719.0171860,N,12158.5116400,W,1,0,0.0,0.0000,M,0.0000,M,0.0000,0
$GPRMC,225727.43,A,3719.0171860,N,12158.5116400,W,0.0022,213.4045,101220,,,,
$GPGGA,225728.43,3719.0171860,N,12158.5116400,W,1,0,0.0,0.0000,M,0.0000,M,0.0000,0
$GPRMC,225728.43,A,3719.0171860,N,12158.5116400,W,0.0034,213.4036,101220,,,,
$GPGGA,225729.43,3719.0171860,N,12158.5116400,W,1,0,0.0,0.0000,M,0.0000,M,0.0000,0
$GPRMC,225729.43,A,3719.0171860,N,12158.5116400,W,0.0065,213.4028,101220,,,,
$GPGGA,225730.43,3719.0171920,N,12158.5116400,W,1,0,0.0,0.0000,M,0.0000,M,0.0000,0
$GPRMC,225730.43,A,3719.0171920,N,12158.5116400,W,0.0106,213.4021,101220,,,,
$GPGGA,225731.43,3719.0171980,N,12158.5116280,W,1,0,0.0,0.0000,M,0.0000,M,0.0000,0
$GPRMC,225731.43,A,3719.0171980,N,12158.5116280,W,0.0163,213.4012,101220,,,,
$GPGGA,225732.43,3719.0172040,N,12158.5116220,W,1,0,0.0,0.0000,M,0.0000,M,0.0000,0
$GPRMC,225732.43,A,3719.0172040,N,12158.5116220,W,0.0228,213.4005,101220,,,,
$GPGGA,225733.43,3719.0172160,N,12158.5116100,W,1,0,0.0,0.0000,M,0.0000,M,0.0000,0
$GPRMC,225733.43,A,3719.0172160,N,12158.5116100,W,0.0301,213.3999,101220,,,,
$GPGGA,225734.43,3719.0172220,N,12158.5115980,W,1,0,0.0,0.0000,M,0.0000,M,0.0000,0
$GPRMC,225734.43,A,3719.0172220,N,12158.5115980,W,0.1280,213.3964,101220,,,,
$GPGGA,225735.43,3719.0170000,N,12158.5117600,W,1,0,0.0,0.0000,M,0.0000,M,0.0000,0
$GPRMC,225735.43,A,3719.0170000,N,12158.5117600,W,1.1701,213.2890,101220,,,,
$GPGGA,225736.43,3719.0159920,N,12158.5125220,W,1,0,0.0,0.0000,M,0.0000,M,0.0000,0
$GPRMC,225736.43,A,3719.0159920,N,12158.5125220,W,3.4037,212.4987,101220,,,,
$GPGGA,225737.43,3719.0138200,N,12158.5139200,W,1,0,0.0,0.0000,M,0.0000,M,0.0000,0
$GPRMC,225737.43,A,3719.0138200,N,12158.5139200,W,5.6117,207.9505,101220,,,,
$GPGGA,225738.43,3719.0105080,N,12158.5151140,W,1,0,0.0,0.0000,M,0.0000,M,0.0000,0
$GPRMC,225738.43,A,3719.0105080,N,12158.5151140,W,7.1224,194.9597,101220,,,,
$GPGGA,225739.43,3719.0065840,N,12158.5148440,W,1,0,0.0,0.0000,M,0.0000,M,0.0000,0
$GPRMC,225739.43,A,3719.0065840,N,12158.5148440,W,7.6290,172.8467,101220,,,,
$GPGGA,225740.43,3719.0030920,N,12158.5123960,W,1,0,0.0,0.0000,M,0.0000,M,0.0000,0
$GPRMC,225740.43,A,3719.0030920,N,12158.5123960,W,7.6939,145.8361,101220,,,,
$GPGGA,225741.43,3719.0006680,N,12158.5081180,W,1,0,0.0,0.0000,M,0.0000,M,0.0000,0
$GPRMC,225741.43,A,3719.0006680,N,12158.5081180,W,8.3860,122.5579,101220,,,,
$GPGGA,225742.43,3718.9988680,N,12158.5022260,W,1,0,0.0,0.0000,M,0.0000,M,0.0000,0
$GPRMC,225742.43,A,3718.9988680,N,12158.5022260,W,10.4772,110.0664,101220,,,,
$GPGGA,225743.43,3718.9970620,N,12158.4945100,W,1,0,0.0,0.0000,M,0.0000,M,0.0000,0
$GPRMC,225743.43,A,3718.9970620,N,12158.4945100,W,13.2445,105.9188,101220,,,,
$GPGGA,225744.43,3718.9950880,N,12158.4851260,W,1,0,0.0,0.0000,M,0.0000,M,0.0000,0
$GPRMC,225744.43,A,3718.9950880,N,12158.4851260,W,15.3679,104.8529,101220,,,,
$GPGGA,225745.43,3718.9929580,N,12158.4746500,W,1,0,0.0,0.0000,M,0.0000,M,0.0000,0
$GPRMC,225745.43,A,3718.9929580,N,12158.4746500,W,16.5252,104.3552,101220,,,,
$GPGGA,225746.43,3718.9907680,N,12158.4635800,W,1,0,0.0,0.0000,M,0.0000,M,0.0000,0
$GPRMC,225746.43,A,3718.9907680,N,12158.4635800,W,17.1751,104.0410,101220,,,,
$GPGGA,225747.43,3718.9885060,N,12158.4520780,W,1,0,0.0,0.0000,M,0.0000,M,0.0000,0
$GPRMC,225747.43,A,3718.9885060,N,12158.4520780,W,17.8285,104.0676,101220,,,,
$GPGGA,225748.43,3718.9861540,N,12158.4401620,W,1,0,0.0,0.0000,M,0.0000,M,0.0000,0
$GPRMC,225748.43,A,3718.9861540,N,12158.4401620,W,18.4229,104.0376,101220,,,,
$GPGGA,225749.43,3718.9837300,N,12158.4278740,W,1,0,0.0,0.0000,M,0.0000,M,0.0000,0
$GPRMC,225749.43,A,3718.9837300,N,12158.4278740,W,18.9809,103.9832,101220,,,,
$GPGGA,225750.43,3718.9812880,N,12158.4151660,W,1,0,0.0,0.0000,M,0.0000,M,0.0000,0
$GPRMC,225750.43,A,3718.9812880,N,12158.4151660,W,19.6285,103.5664,101220,,,,
$GPGGA,225751.43,3718.9789240,N,12158.4020620,W,1,0,0.0,0.0000,M,0.0000,M,0.0000,0
$GPRMC,225751.43,A,3718.9789240,N,12158.4020620,W,20.0152,102.3097,101220,,,,
$GPGGA,225752.43,3718.9768360,N,12158.3887600,W,1,0,0.0,0.0000,M,0.0000,M,0.0000,0
$GPRMC,225752.43,A,3718.9768360,N,12158.3887600,W,20.0739,100.3961,101220,,,,
$GPGGA,225753.43,3718.9752100,N,12158.3752420,W,1,0,0.0,0.0000,M,0.0000,M,0.0000,0
$GPRMC,225753.43,A,3718.9752100,N,12158.3752420,W,20.3502,97.4666,101220,,,,
$GPGGA,225754.43,3718.9741480,N,12158.3614180,W,1,0,0.0,0.0000,M,0.0000,M,0.0000,0
$GPRMC,225754.43,A,3718.9741480,N,12158.3614180,W,20.7450,94.5730,101220,,,,
$GPGGA,225755.43,3718.9734460,N,12158.3472640,W,1,0,0.0,0.0000,M,0.0000,M,0.0000,0
$GPRMC,225755.43,A,3718.9734460,N,12158.3472640,W,21.1728,93.4773,101220,,,,
$GPGGA,225756.43,3718.9727740,N,12158.3328040,W,1,0,0.0,0.0000,M,0.0000,M,0.0000,0
$GPRMC,225756.43,A,3718.9727740,N,12158.3328040,W,21.6452,93.6661,101220,,,,
$GPGGA,225757.43,3718.9719940,N,12158.3180140,W,1,0,0.0,0.0000,M,0.0000,M,0.0000,0
$GPRMC,225757.43,A,3718.9719940,N,12158.3180140,W,22.1590,94.0868,101220,,,,
$GPGGA,225758.43,3718.9711240,N,12158.3028700,W,1,0,0.0,0.0000,M,0.0000,M,0.0000,0
$GPRMC,225758.43,A,3718.9711240,N,12158.3028700,W,22.7024,94.4177,101220,,,,
$GPGGA,225759.43,3718.9701580,N,12158.2873540,W,1,0,0.0,0.0000,M,0.0000,M,0.0000,0
$GPRMC,225759.43,A,3718.9701580,N,12158.2873540,W,23.3135,94.6801,101220,,,,
$GPGGA,225800.43,3718.9691800,N,12158.2713940,W,1,0,0.0,0.0000,M,0.0000,M,0.0000,0
$GPRMC,225800.43,A,3718.9691800,N,12158.2713940,W,23.9842,94.3000,101220,,,,
$GPGGA,225801.43,3718.9683040,N,12158.2549480,W,1,0,0.0,0.0000,M,0.0000,M,0.0000,0
$GPRMC,225801.43,A,3718.9683040,N,12158.2549480,W,24.7311,93.5949,101220,,,,
$GPGGA,225802.43,3718.9676200,N,12158.2379560,W,1,0,0.0,0.0000,M,0.0000,M,0.0000,0
$GPRMC,225802.43,A,3718.9676200,N,12158.2379560,W,25.5583,92.4869,101220,,,,
$GPGGA,225803.43,3718.9672600,N,12158.2203640,W,1,0,0.0,0.0000,M,0.0000,M,0.0000,0
$GPRMC,225803.43,A,3718.9672600,N,12158.2203640,W,26.4408,90.7775,101220,,,,
$GPGGA,225804.43,3718.9673200,N,12158.2021780,W,1,0,0.0,0.0000,M,0.0000,M,0.0000,0
$GPRMC,225804.43,A,3718.9673200,N,12158.2021780,W,27.3362,89.1702,101220,,,,
$GPGGA,225805.43,3718.9677160,N,12158.1833860,W,1,0,0.0,0.0000,M,0.0000,M,0.0000,0
$GPRMC,225805.43,A,3718.9677160,N,12158.1833860,W,28.1849,88.1465,101220,,,,
$GPGGA,225806.43,3718.9682680,N,12158.1640960,W,1,0,0.0,0.0000,M,0.0000,M,0.0000,0
$GPRMC,225806.43,A,3718.9682680,N,12158.1640960,W,28.8198,87.8898,101220,,,,
$GPGGA,225807.43,3718.9688440,N,12158.1444520,W,1,0,0.0,0.0000,M,0.0000,M,0.0000,0
$GPRMC,225807.43,A,3718.9688440,N,12158.1444520,W,29.2616,87.8767,101220,,,,
$GPGGA,225808.43,3718.9694440,N,12158.1244840,W,1,0,0.0,0.0000,M,0.0000,M,0.0000,0
$GPRMC,225808.43,A,3718.9694440,N,12158.1244840,W,29.7658,87.8247,101220,,,,
$GPGGA,225809.43,3718.9700800,N,12158.1041740,W,1,0,0.0,0.0000,M,0.0000,M,0.0000,0
$GPRMC,225809.43,A,3718.9700800,N,12158.1041740,W,30.3044,87.7266,101220,,,,
$GPGGA,225810.43,3718.9707520,N,12158.0834980,W,1,0,0.0,0.0000,M,0.0000,M,0.0000,0
$GPRMC,225810.43,A,3718.9707520,N,12158.0834980,W,30.8453,87.5987,101220,,,,
$GPGGA,225811.43,3718.9714600,N,12158.0624740,W,1,0,0.0,0.0000,M,0.0000,M,0.0000,0
$GPRMC,225811.43,A,3718.9714600,N,12158.0624740,W,31.3305,87.6419,101220,,,,
$GPGGA,225812.43,3718.9721440,N,12158.0411500,W,1,0,0.0,0.0000,M,0.0000,M,0.0000,0
$GPRMC,225812.43,A,3718.9721440,N,12158.0411500,W,31.6799,87.7634,101220,,,,
$GPGGA,225813.43,3718.9728220,N,12158.0196640,W,1,0,0.0,0.0000,M,0.0000,M,0.0000,0
$GPRMC,225813.43,A,3718.9728220,N,12158.0196640,W,31.8339,87.7818,101220,,,,
$GPGGA,225814.43,3718.9735000,N,12157.9981240,W,1,0,0.0,0.0000,M,0.0000,M,0.0000,0
$GPRMC,225814.43,A,3718.9735000,N,12157.9981240,W,31.8479,87.7556,101220,,,,
$GPGGA,225815.43,3718.9741780,N,12157.9766080,W,1,0,0.0,0.0000,M,0.0000,M,0.0000,0
$GPRMC,225815.43,A,3718.9741780,N,12157.9766080,W,31.7582,87.7596,101220,,,,
$GPGGA,225816.43,3718.9748380,N,12157.9551520,W,1,0,0.0,0.0000,M,0.0000,M,0.0000,0
$GPRMC,225816.43,A,3718.9748380,N,12157.9551520,W,31.6820,87.8309,101220,,,,
$GPGGA,225817.43,3718.9754860,N,12157.9337440,W,1,0,0.0,0.0000,M,0.0000,M,0.0000,0
$GPRMC,225817.43,A,3718.9754860,N,12157.9337440,W,31.6097,87.9114,101220,,,,
$GPGGA,225818.43,3718.9761100,N,12157.9124320,W,1,0,0.0,0.0000,M,0.0000,M,0.0000,0
$GPRMC,225818.43,A,3718.9761100,N,12157.9124320,W,31.3663,87.9614,101220,,,,
$GPGGA,225819.43,3718.9767040,N,12157.8913480,W,1,0,0.0,0.0000,M,0.0000,M,0.0000,0
$GPRMC,225819.43,A,3718.9767040,N,12157.8913480,W,30.9747,87.9871,101220,,,,
$GPGGA,225820.43,3718.9772800,N,12157.8705280,W,1,0,0.0,0.0000,M,0.0000,M,0.0000,0
$GPRMC,225820.43,A,3718.9772800,N,12157.8705280,W,30.5826,88.2545,101220,,,,
$GPGGA,225821.43,3718.9777240,N,12157.8499540,W,1,0,0.0,0.0000,M,0.0000,M,0.0000,0
$GPRMC,225821.43,A,3718.9777240,N,12157.8499540,W,30.2558,89.0061,101220,,,,
$GPGGA,225822.43,3718.9779220,N,12157.8295180,W,1,0,0.0,0.0000,M,0.0000,M,0.0000,0
$GPRMC,225822.43,A,3718.9779220,N,12157.8295180,W,30.1812,89.7895,101220,,,,
$GPGGA,225823.43,3718.9778980,N,12157.8090280,W,1,0,0.0,0.0000,M,0.0000,M,0.0000,0
$GPRMC,225823.43,A,3718.9778980,N,12157.8090280,W,30.3914,90.4749,101220,,,,
$GPGGA,225824.43,3718.9777060,N,12157.7883340,W,1,0,0.0,0.0000,M,0.0000,M,0.0000,0
$GPRMC,225824.43,A,3718.9777060,N,12157.7883340,W,30.7401,90.9055,101220,,,,
$GPGGA,225825.43,3718.9774300,N,12157.7674240,W,1,0,0.0,0.0000,M,0.0000,M,0.0000,0
$GPRMC,225825.43,A,3718.9774300,N,12157.7674240,W,31.0263,91.0939,101220,,,,
$GPGGA,225826.43,3718.9770880,N,12157.7464000,W,1,0,0.0,0.0000,M,0.0000,M,0.0000,0
$GPRMC,225826.43,A,3718.9770880,N,12157.7464000,W,31.0843,91.1683,101220,,,,
$GPGGA,225827.43,3718.9767760,N,12157.7253760,W,1,0,0.0,0.0000,M,0.0000,M,0.0000,0
$GPRMC,225827.43,A,3718.9767760,N,12157.7253760,W,31.0659,91.0141,101220,,,,
$GPGGA,225828.43,3718.9765240,N,12157.7043160,W,1,0,0.0,0.0000,M,0.0000,M,0.0000,0
$GPRMC,225828.43,A,3718.9765240,N,12157.7043160,W,31.1816,90.8653,101220,,,,
$GPGGA,225829.43,3718.9762960,N,12157.6831600,W,1,0,0.0,0.0000,M,0.0000,M,0.0000,0
$GPRMC,225829.43,A,3718.9762960,N,12157.6831600,W,31.3258,90.7964,101220,,,,
$GPGGA,225830.43,3718.9760620,N,12157.6619500,W,1,0,0.0,0.0000,M,0.0000,M,0.0000,0
$GPRMC,225830.43,A,3718.9760620,N,12157.6619500,W,31.3468,90.8375,101220,,,,
$GPGGA,225831.43,3718.9758040,N,12157.6407700,W,1,0,0.0,0.0000,M,0.0000,M,0.0000,0
$GPRMC,225831.43,A,3718.9758040,N,12157.6407700,W,31.2458,90.9044,101220,,,,
$GPGGA,225832.43,3718.9755280,N,12157.6196740,W,1,0,0.0,0.0000,M,0.0000,M,0.0000,0
$GPRMC,225832.43,A,3718.9755280,N,12157.6196740,W,31.0776,91.0687,101220,,,,
$GPGGA,225833.43,3718.9752100,N,12157.5987460,W,1,0,0.0,0.0000,M,0.0000,M,0.0000,0
$GPRMC,225833.43,A,3718.9752100,N,12157.5987460,W,30.7549,91.1326,101220,,,,
$GPGGA,225834.43,3718.9749160,N,12157.5780520,W,1,0,0.0,0.0000,M,0.0000,M,0.0000,0
$GPRMC,225834.43,A,3718.9749160,N,12157.5780520,W,30.4048,91.0508,101220,,,,
$GPGGA,225835.43,3718.9746400,N,12157.5575500,W,1,0,0.0,0.0000,M,0.0000,M,0.0000,0
$GPRMC,225835.43,A,3718.9746400,N,12157.5575500,W,30.2165,90.9792,101220,,,,
$GPGGA,225836.43,3718.9744300,N,12157.5370840,W,1,0,0.0,0.0000,M,0.0000,M,0.0000,0
$GPRMC,225836.43,A,3718.9744300,N,12157.5370840,W,30.2945,90.5998,101220,,,,
$GPGGA,225837.43,3718.9743880,N,12157.5165220,W,1,0,0.0,0.0000,M,0.0000,M,0.0000,0
$GPRMC,225837.43,A,3718.9743880,N,12157.5165220,W,30.5054,89.7889,101220,,,,
$GPGGA,225838.43,3718.9745860,N,12157.4957920,W,1,0,0.0,0.0000,M,0.0000,M,0.0000,0
$GPRMC,225838.43,A,3718.9745860,N,12157.4957920,W,30.7490,89.0326,101220,,,,
$GPGGA,225839.43,3718.9749580,N,12157.4749660,W,1,0,0.0,0.0000,M,0.0000,M,0.0000,0
$GPRMC,225839.43,A,3718.9749580,N,12157.4749660,W,30.7654,88.5010,101220,,,,
$GPGGA,225840.43,3718.9754980,N,12157.4542540,W,1,0,0.0,0.0000,M,0.0000,M,0.0000,0
$GPRMC,225840.43,A,3718.9754980,N,12157.4542540,W,30.4450,87.8673,101220,,,,
$GPGGA,225841.43,3718.9762300,N,12157.4337940,W,1,0,0.0,0.0000,M,0.0000,M,0.0000,0
$GPRMC,225841.43,A,3718.9762300,N,12157.4337940,W,30.0661,87.0564,101220,,,,
$GPGGA,225842.43,3718.9771780,N,12157.4136040,W,1,0,0.0,0.0000,M,0.0000,M,0.0000,0
$GPRMC,225842.43,A,3718.9771780,N,12157.4136040,W,29.6974,86.3993,101220,,,,
$GPGGA,225843.43,3718.9782880,N,12157.3936720,W,1,0,0.0,0.0000,M,0.0000,M,0.0000,0
$GPRMC,225843.43,A,3718.9782880,N,12157.3936720,W,29.3324,85.7566,101220,,,,
$GPGGA,225844.43,3718.9795540,N,12157.3739980,W,1,0,0.0,0.0000,M,0.0000,M,0.0000,0
$GPRMC,225844.43,A,3718.9795540,N,12157.3739980,W,28.9994,85.0929,101220,,,,
$GPGGA,225845.43,3718.9809640,N,12157.3545520,W,1,0,0.0,0.0000,M,0.0000,M,0.0000,0
$GPRMC,225845.43,A,3718.9809640,N,12157.3545520,W,28.7014,84.8073,101220,,,,
$GPGGA,225846.43,3718.9823680,N,12157.3353040,W,1,0,0.0,0.0000,M,0.0000,M,0.0000,0
$GPRMC,225846.43,A,3718.9823680,N,12157.3353040,W,28.3965,84.8285,101220,,,,
$GPGGA,225847.43,3718.9837000,N,12157.3162660,W,1,0,0.0,0.0000,M,0.0000,M,0.0000,0
$GPRMC,225847.43,A,3718.9837000,N,12157.3162660,W,28.0628,85.2136,101220,,,,
$GPGGA,225848.43,3718.9848220,N,12157.2974500,W,1,0,0.0,0.0000,M,0.0000,M,0.0000,0
$GPRMC,225848.43,A,3718.9848220,N,12157.2974500,W,27.6937,86.3033,101220,,,,
$GPGGA,225849.43,3718.9855960,N,12157.2788560,W,1,0,0.0,0.0000,M,0.0000,M,0.0000,0
$GPRMC,225849.43,A,3718.9855960,N,12157.2788560,W,27.3256,87.7402,101220,,,,
$GPGGA,225850.43,3718.9860460,N,12157.2604840,W,1,0,0.0,0.0000,M,0.0000,M,0.0000,0
$GPRMC,225850.43,A,3718.9860460,N,12157.2604840,W,26.9793,88.6708,101220,,,,
$GPGGA,225851.43,3718.9863340,N,12157.2423340,W,1,0,0.0,0.0000,M,0.0000,M,0.0000,0
$GPRMC,225851.43,A,3718.9863340,N,12157.2423340,W,26.6593,88.7399,101220,,,,
$GPGGA,225852.43,3718.9866640,N,12157.2244780,W,1,0,0.0,0.0000,M,0.0000,M,0.0000,0
$GPRMC,225852.43,A,3718.9866640,N,12157.2244780,W,25.9918,88.5083,101220,,,,
$GPGGA,225853.43,3718.9870360,N,12157.2073660,W,1,0,0.0,0.0000,M,0.0000,M,0.0000,0
$GPRMC,225853.43,A,3718.9870360,N,12157.2073660,W,24.4121,88.3936,101220,,,,
$GPGGA,225854.43,3718.9873660,N,12157.1915860,W,1,0,0.0,0.0000,M,0.0000,M,0.0000,0
$GPRMC,225854.43,A,3718.9873660,N,12157.1915860,W,22.1847,88.5856,101220,,,,
$GPGGA,225855.43,3718.9876360,N,12157.1773120,W,1,0,0.0,0.0000,M,0.0000,M,0.0000,0
$GPRMC,225855.43,A,3718.9876360,N,12157.1773120,W,20.0401,88.6605,101220,,,,
$GPGGA,225856.43,3718.9878640,N,12157.1643160,W,1,0,0.0,0.0000,M,0.0000,M,0.0000,0
$GPRMC,225856.43,A,3718.9878640,N,12157.1643160,W,18.4950,88.6501,101220,,,,
$GPGGA,225857.43,3718.9880680,N,12157.1521120,W,1,0,0.0,0.0000,M,0.0000,M,0.0000,0
$GPRMC,225857.43,A,3718.9880680,N,12157.1521120,W,17.7353,88.7796,101220,,,,
$GPGGA,225858.43,3718.9882540,N,12157.1402380,W,1,0,0.0,0.0000,M,0.0000,M,0.0000,0
$GPRMC,225858.43,A,3718.9882540,N,12157.1402380,W,17.3767,88.7943,101220,,,,
$GPGGA,225859.43,3718.9884700,N,12157.1286220,W,1,0,0.0,0.0000,M,0.0000,M,0.0000,0
$GPRMC,225859.43,A,3718.9884700,N,12157.1286220,W,16.8883,88.3854,101220,,,,
$GPGGA,225900.43,3718.9887160,N,12157.1175640,W,1,0,0.0,0.0000,M,0.0000,M,0.0000,0
$GPRMC,225900.43,A,3718.9887160,N,12157.1175640,W,15.6250,88.3264,101220,,,,
$GPGGA,225901.43,3718.9888480,N,12157.1076880,W,1,0,0.0,0.0000,M,0.0000,M,0.0000,0
$GPRMC,225901.43,A,3718.9888480,N,12157.1076880,W,13.4316,89.8209,101220,,,,
$GPGGA,225902.43,3718.9884040,N,12157.0994560,W,1,0,0.0,0.0000,M,0.0000,M,0.0000,0
$GPRMC,225902.43,A,3718.9884040,N,12157.0994560,W,11.0508,97.9145,101220,,,,
$GPGGA,225903.43,3718.9866760,N,12157.0930960,W,1,0,0.0,0.0000,M,0.0000,M,0.0000,0
$GPRMC,225903.43,A,3718.9866760,N,12157.0930960,W,9.3596,116.3176,101220,,,,
$GPGGA,225904.43,3718.9834120,N,12157.0888120,W,1,0,0.0,0.0000,M,0.0000,M,0.0000,0
$GPRMC,225904.43,A,3718.9834120,N,12157.0888120,W,8.7885,140.7997,101220,,,,
$GPGGA,225905.43,3718.9791820,N,12157.0865320,W,1,0,0.0,0.0000,M,0.0000,M,0.0000,0
$GPRMC,225905.43,A,3718.9791820,N,12157.0865320,W,8.5656,160.8092,101220,,,,
$GPGGA,225906.43,3718.9748680,N,12157.0848640,W,1,0,0.0,0.0000,M,0.0000,M,0.0000,0
$GPRMC,225906.43,A,3718.9748680,N,12157.0848640,W,8.1635,160.9986,101220,,,,
$GPGGA,225907.43,3718.9713580,N,12157.0820860,W,1,0,0.0,0.0000,M,0.0000,M,0.0000,0
$GPRMC,225907.43,A,3718.9713580,N,12157.0820860,W,7.5459,142.2210,101220,,,,
$GPGGA,225908.43,3718.9691440,N,12157.0781020,W,1,0,0.0,0.0000,M,0.0000,M,0.0000,0
$GPRMC,225908.43,A,3718.9691440,N,12157.0781020,W,7.1368,120.4315,101220,,,,
$GPGGA,225909.43,3718.9681600,N,12157.0735360,W,1,0,0.0,0.0000,M,0.0000,M,0.0000,0
$GPRMC,225909.43,A,3718.9681600,N,12157.0735360,W,7.1338,102.2661,101220,,,,
$GPGGA,225910.43,3718.9679860,N,12157.0685680,W,1,0,0.0,0.0000,M,0.0000,M,0.0000,0
$GPRMC,225910.43,A,3718.9679860,N,12157.0685680,W,7.7341,91.7099,101220,,,,
$GPGGA,225911.43,3718.9679380,N,12157.0630840,W,1,0,0.0,0.0000,M,0.0000,M,0.0000,0
$GPRMC,225911.43,A,3718.9679380,N,12157.0630840,W,8.3906,91.0366,101220,,,,
$GPGGA,225912.43,3718.9678540,N,12157.0573480,W,1,0,0.0,0.0000,M,0.0000,M,0.0000,0
$GPRMC,225912.43,A,3718.9678540,N,12157.0573480,W,8.4615,91.4598,101220,,,,
$GPGGA,225913.43,3718.9677460,N,12157.0516960,W,1,0,0.0,0.0000,M,0.0000,M,0.0000,0
$GPRMC,225913.43,A,3718.9677460,N,12157.0516960,W,8.2071,91.8403,101220,,,,
$GPGGA,225914.43,3718.9675780,N,12157.0463560,W,1,0,0.0,0.0000,M,0.0000,M,0.0000,0
$GPRMC,225914.43,A,3718.9675780,N,12157.0463560,W,7.4430,92.5603,101220,,,,
$GPGGA,225915.43,3718.9674460,N,12157.0417960,W,1,0,0.0,0.0000,M,0.0000,M,0.0000,0
$GPRMC,225915.43,A,3718.9674460,N,12157.0417960,W,5.9907,92.2935,101220,,,,
$GPGGA,225916.43,3718.9673560,N,12157.0383040,W,1,0,0.0,0.0000,M,0.0000,M,0.0000,0
$GPRMC,225916.43,A,3718.9673560,N,12157.0383040,W,4.3580,91.9359,101220,,,,
$GPGGA,225917.43,3718.9672840,N,12157.0358740,W,1,0,0.0,0.0000,M,0.0000,M,0.0000,0
$GPRMC,225917.43,A,3718.9672840,N,12157.0358740,W,2.8606,92.4929,101220,,,,
$GPGGA,225918.43,3718.9672300,N,12157.0344220,W,1,0,0.0,0.0000,M,0.0000,M,0.0000,0
$GPRMC,225918.43,A,3718.9672300,N,12157.0344220,W,1.4874,92.6880,101220,,,,
$GPGGA,225919.43,3718.9672180,N,12157.0338280,W,1,0,0.0,0.0000,M,0.0000,M,0.0000,0
$GPRMC,225919.43,A,3718.9672180,N,12157.0338280,W,0.4261,92.7274,101220,,,,
$GPGGA,225920.43,3718.9672120,N,12157.0337260,W,1,0,0.0,0.0000,M,0.0000,M,0.0000,0
$GPRMC,225920.43,A,3718.9672120,N,12157.0337260,W,0.0117,92.7249,101220,,,,
$GPGGA,225921.43,3718.9672120,N,12157.0337200,W,1,0,0.0,0.0000,M,0.0000,M,0.0000,0
$GPRMC,225921.43,A,3718.9672120,N,12157.0337200,W,0.0046,92.7241,101220,,,,
$GPGGA,225922.43,3718.9672180,N,12157.0337200,W,1,0,0.0,0.0000,M,0.0000,M,0.0000,0
$GPRMC,225922.43,A,3718.9672180,N,12157.0337200,W,0.0038,92.7236,101220,,,,
$GPGGA,225923.43,3718.9672180,N,12157.0337200,W,1,0,0.0,0.0000,M,0.0000,M,0.0000,0
$GPRMC,225923.43,A,3718.9672180,N,12157.0337200,W,0.0030,92.7233,101220,,,,
$GPGGA,225924.43,3718.9672180,N,12157.0337200,W,1,0,0.0,0.0000,M,0.0000,M,0.0000,0
$GPRMC,225924.43,A,3718.9672180,N,12157.0337200,W,0.0017,92.7226,101220,,,,
$GPGGA,225925.43,3718.9672180,N,12157.0337200,W,1,0,0.0,0.0000,M,0.0000,M,0.0000,0
$GPRMC,225925.43,A,3718.9672180,N,12157.0337200,W,0.0010,92.7219,101220,,,,
$GPGGA,225926.43,3718.9672180,N,12157.0337200,W,1,0,0.0,0.0000,M,0.0000,M,0.0000,0
$GPRMC,225926.43,A,3718.9672180,N,12157.0337200,W,0.0010,92.7212,101220,,,,
$GPGGA,225927.43,3718.9672180,N,12157.0337200,W,1,0,0.0,0.0000,M,0.0000,M,0.0000,0
$GPRMC,225927.43,A,3718.9672180,N,12157.0337200,W,0.0006,92.7203,101220,,,,
$GPGGA,225928.43,3718.9672180,N,12157.0337200,W,1,0,0.0,0.0000,M,0.0000,M,0.0000,0
$GPRMC,225928.43,A,3718.9672180,N,12157.0337200,W,0.0000,92.7194,101220,,,,
$GPGGA,225929.43,3718.9672180,N,12157.0337200,W,1,0,0.0,0.0000,M,0.0000,M,0.0000,0
$GPRMC,225929.43,A,3718.9672180,N,12157.0337200,W,0.0000,92.7185,101220,,,,
$GPGGA,225930.43,3718.9672180,N,12157.0337200,W,1,0,0.0,0.0000,M,0.0000,M,0.0000,0
$GPRMC,225930.43,A,3718.9672180,N,12157.0337200,W,0.0000,92.7178,101220,,,,
$GPGGA,225931.43,3718.9672180,N,12157.0337200,W,1,0,0.0,0.0000,M,0.0000,M,0.0000,0
$GPRMC,225931.43,A,3718.9672180,N,12157.0337200,W,0.0006,92.7170,101220,,,,
$GPGGA,225932.43,3718.9672180,N,12157.0337200,W,1,0,0.0,0.0000,M,0.0000,M,0.0000,0
$GPRMC,225932.43,A,3718.9672180,N,12157.0337200,W,0.0012,92.7162,101220,,,,
$GPGGA,225933.43,3718.9672180,N,12157.0337200,W,1,0,0.0,0.0000,M,0.0000,M,0.0000,0
$GPRMC,225933.43,A,3718.9672180,N,12157.0337200,W,0.0012,92.7155,101220,,,,
$GPGGA,225934.43,3718.9672180,N,12157.0337200,W,1,0,0.0,0.0000,M,0.0000,M,0.0000,0
$GPRMC,225934.43,A,3718.9672180,N,12157.0337200,W,0.0012,92.7145,101220,,,,
$GPGGA,225935.43,3718.9672180,N,12157.0337200,W,1,0,0.0,0.0000,M,0.0000,M,0.0000,0
$GPRMC,225935.43,A,3718.9672180,N,12157.0337200,W,0.0006,92.7140,101220,,,,
$GPGGA,225936.43,3718.9672180,N,12157.0337200,W,1,0,0.0,0.0000,M,0.0000,M,0.0000,0
$GPRMC,225936.43,A,3718.9672180,N,12157.0337200,W,0.0004,92.7134,101220,,,,
$GPGGA,225937.43,3718.9672180,N,12157.0337200,W,1,0,0.0,0.0000,M,0.0000,M,0.0000,0
$GPRMC,225937.43,A,3718.9672180,N,12157.0337200,W,0.0006,92.7126,101220,,,,
$GPGGA,225938.43,3718.9672180,N,12157.0337200,W,1,0,0.0,0.0000,M,0.0000,M,0.0000,0
$GPRMC,225938.43,A,3718.9672180,N,12157.0337200,W,0.0006,92.7117,101220,,,,
$GPGGA,225939.43,3718.9672180,N,12157.0337200,W,1,0,0.0,0.0000,M,0.0000,M,0.0000,0
$GPRMC,225939.43,A,3718.9672180,N,12157.0337200,W,0.0012,92.7108,101220,,,,
$GPGGA,225940.43,3718.9672180,N,12157.0337200,W,1,0,0.0,0.0000,M,0.0000,M,0.0000,0
$GPRMC,225940.43,A,3718.9672180,N,12157.0337200,W,0.0006,92.7101,101220,,,,
$GPGGA,225941.43,3718.9672180,N,12157.0337200,W,1,0,0.0,0.0000,M,0.0000,M,0.0000,0
$GPRMC,225941.43,A,3718.9672180,N,12157.0337200,W,0.0004,92.7093,101220,,,,
$GPGGA,225942.43,3718.9672180,N,12157.0337200,W,1,0,0.0,0.0000,M,0.0000,M,0.0000,0
$GPRMC,225942.43,A,3718.9672180,N,12157.0337200,W,0.0012,92.7084,101220,,,,
$GPGGA,225943.43,3718.9672180,N,12157.0337200,W,1,0,0.0,0.0000,M,0.0000,M,0.0000,0
$GPRMC,225943.43,A,3718.9672180,N,12157.0337200,W,0.0012,92.7073,101220,,,,
$GPGGA,225944.43,3718.9672180,N,12157.0337200,W,1,0,0.0,0.0000,M,0.0000,M,0.0000,0
$GPRMC,225944.43,A,3718.9672180,N,12157.0337200,W,0.0006,92.7062,101220,,,,
$GPGGA,225945.43,3718.9672180,N,12157.0337200,W,1,0,0.0,0.0000,M,0.0000,M,0.0000,0
$GPRMC,225945.43,A,3718.9672180,N,12157.0337200,W,0.0004,92.7056,101220,,,,
$GPGGA,225946.43,3718.9672180,N,12157.0337200,W,1,0,0.0,0.0000,M,0.0000,M,0.0000,0
$GPRMC,225946.43,A,3718.9672180,N,12157.0337200,W,0.0012,92.7050,101220,,,,
$GPGGA,225947.43,3718.9672180,N,12157.0337200,W,1,0,0.0,0.0000,M,0.0000,M,0.0000,0
$GPRMC,225947.43,A,3718.9672180,N,12157.0337200,W,0.0012,92.7044,101220,,,,
$GPGGA,225948.43,3718.9672180,N,12157.0337200,W,1,0,0.0,0.0000,M,0.0000,M,0.0000,0
$GPRMC,225948.43,A,3718.9672180,N,12157.0337200,W,0.0012,92.7037,101220,,,,
$GPGGA,225949.43,3718.9672180,N,12157.0337200,W,1,0,0.0,0.0000,M,0.0000,M,0.0000,0
$GPRMC,225949.43,A,3718.9672180,N,12157.0337200,W,0.0014,92.7028,101220,,,,
$GPGGA,225950.43,3718.9672180,N,12157.0337200,W,1,0,0.0,0.0000,M,0.0000,M,0.0000,0
$GPRMC,225950.43,A,3718.9672180,N,12157.0337200,W,0.0008,92.7020,101220,,,,
$GPGGA,225951.43,3718.9672180,N,12157.0337200,W,1,0,0.0,0.0000,M,0.0000,M,0.0000,0
$GPRMC,225951.43,A,3718.9672180,N,12157.0337200,W,0.0004,92.7012,101220,,,,
$GPGGA,225952.43,3718.9672180,N,12157.0337200,W,1,0,0.0,0.0000,M,0.0000,M,0.0000,0
$GPRMC,225952.43,A,3718.9672180,N,12157.0337200,W,0.0012,92.7004,101220,,,,
$GPGGA,225953.43,3718.9672180,N,12157.0337200,W,1,0,0.0,0.0000,M,0.0000,M,0.0000,0
$GPRMC,225953.43,A,3718.9672180,N,12157.0337200,W,0.0012,92.6998,101220,,,,
$GPGGA,225954.43,3718.9672180,N,12157.0337200,W,1,0,0.0,0.0000,M,0.0000,M,0.0000,0
$GPRMC,225954.43,A,3718.9672180,N,12157.0337200,W,0.0010,92.6991,101220,,,,
$GPGGA,225955.43,3718.9672180,N,12157.0337200,W,1,0,0.0,0.0000,M,0.0000,M,0.0000,0
$GPRMC,225955.43,A,3718.9672180,N,12157.0337200,W,0.0010,92.6982,101220,,,,
$GPGGA,225956.43,3718.9672180,N,12157.0337200,W,1,0,0.0,0.0000,M,0.0000,M,0.0000,0
$GPRMC,225956.43,A,3718.9672180,N,12157.0337200,W,0.0006,92.6971,101220,,,,
$GPGGA,225957.43,3718.9672180,N,12157.0337200,W,1,0,0.0,0.0000,M,0.0000,M,0.0000,0
$GPRMC,225957.43,A,3718.9672180,N,12157.0337200,W,0.0004,92.6964,101220,,,,
$GPGGA,225958.43,3718.9672180,N,12157.0337200,W,1,0,0.0,0.0000,M,0.0000,M,0.0000,0
$GPRMC,225958.43,A,3718.9672180,N,12157.0337200,W,0.0010,92.6958,101220,,,,
$GPGGA,225959.43,3718.9672180,N,12157.0337200,W,1,0,0.0,0.0000,M,0.0000,M,0.0000,0
$GPRMC,225959.43,A,3718.9672180,N,12157.0337200,W,0.0012,92.6951,101220,,,,
$GPGGA,230000.43,3718.9672180,N,12157.0337200,W,1,0,0.0,0.0000,M,0.0000,M,0.0000,0
$GPRMC,230000.43,A,3718.9672180,N,12157.0337200,W,0.0014,92.6939,101220,,,,
$GPGGA,230001.43,3718.9672180,N,12157.0337200,W,1,0,0.0,0.0000,M,0.0000,M,0.0000,0
$GPRMC,230001.43,A,3718.9672180,N,12157.0337200,W,0.0012,92.6929,101220,,,,
$GPGGA,230002.43,3718.9672180,N,12157.0337200,W,1,0,0.0,0.0000,M,0.0000,M,0.0000,0
$GPRMC,230002.43,A,3718.9672180,N,12157.0337200,W,0.0010,92.6921,101220,,,,
$GPGGA,230003.43,3718.9672180,N,12157.0337200,W,1,0,0.0,0.0000,M,0.0000,M,0.0000,0
$GPRMC,230003.43,A,3718.9672180,N,12157.0337200,W,0.0006,92.6913,101220,,,,
$GPGGA,230004.43,3718.9672180,N,12157.0337200,W,1,0,0.0,0.0000,M,0.0000,M,0.0000,0
$GPRMC,230004.43,A,3718.9672180,N,12157.0337200,W,0.0004,92.6907,101220,,,,
$GPGGA,230005.43,3718.9672180,N,12157.0337200,W,1,0,0.0,0.0000,M,0.0000,M,0.0000,0
$GPRMC,230005.43,A,3718.9672180,N,12157.0337200,W,0.0012,92.6900,101220,,,,
$GPGGA,230006.43,3718.9672180,N,12157.0337200,W,1,0,0.0,0.0000,M,0.0000,M,0.0000,0
$GPRMC,230006.43,A,3718.9672180,N,12157.0337200,W,0.0014,92.6891,101220,,,,
$GPGGA,230007.43,3718.9672180,N,12157.0337200,W,1,0,0.0,0.0000,M,0.0000,M,0.0000,0
$GPRMC,230007.43,A,3718.9672180,N,12157.0337200,W,0.0014,92.6882,101220,,,,
$GPGGA,230008.43,3718.9672180,N,12157.0337200,W,1,0,0.0,0.0000,M,0.0000,M,0.0000,0
$GPRMC,230008.43,A,3718.9672180,N,12157.0337200,W,0.0012,92.6874,101220,,,,
$GPGGA,230009.43,3718.9672180,N,12157.0337200,W,1,0,0.0,0.0000,M,0.0000,M,0.0000,0
$GPRMC,230009.43,A,3718.9672180,N,12157.0337200,W,0.0010,92.6868,101220,,,,
$GPGGA,230010.43,3718.9672180,N,12157.0337200,W,1,0,0.0,0.0000,M,0.0000,M,0.0000,0
$GPRMC,230010.43,A,3718.9672180,N,12157.0337200,W,0.0010,92.6862,101220,,,,
$GPGGA,230011.43,3718.9672180,N,12157.0337200,W,1,0,0.0,0.0000,M,0.0000,M,0.0000,0
$GPRMC,230011.43,A,3718.9672180,N,12157.0337200,W,0.0010,92.6856,101220,,,,
$GPGGA,230012.43,3718.9672180,N,12157.0337200,W,1,0,0.0,0.0000,M,0.0000,M,0.0000,0
$GPRMC,230012.43,A,3718.9672180,N,12157.0337200,W,0.0012,92.6848,101220,,,,
$GPGGA,230013.43,3718.9672180,N,12157.0337200,W,1,0,0.0,0.0000,M,0.0000,M,0.0000,0
$GPRMC,230013.43,A,3718.9672180,N,12157.0337200,W,0.0018,92.6840,101220,,,,
$GPGGA,230014.43,3718.9672180,N,12157.0337200,W,1,0,0.0,0.0000,M,0.0000,M,0.0000,0
$GPRMC,230014.43,A,3718.9672180,N,12157.0337200,W,0.0022,92.6831,101220,,,,
$GPGGA,230015.43,3718.9672180,N,12157.0337200,W,1,0,0.0,0.0000,M,0.0000,M,0.0000,0
$GPRMC,230015.43,A,3718.9672180,N,12157.0337200,W,0.0025,92.6822,101220,,,,
$GPGGA,230016.43,3718.9672180,N,12157.0337200,W,1,0,0.0,0.0000,M,0.0000,M,0.0000,0
$GPRMC,230016.43,A,3718.9672180,N,12157.0337200,W,0.0028,92.6814,101220,,,,
$GPGGA,230017.43,3718.9672180,N,12157.0337200,W,1,0,0.0,0.0000,M,0.0000,M,0.0000,0
$GPRMC,230017.43,A,3718.9672180,N,12157.0337200,W,0.0032,92.6806,101220,,,,
$GPGGA,230018.43,3718.9672180,N,12157.0337200,W,1,0,0.0,0.0000,M,0.0000,M,0.0000,0
$GPRMC,230018.43,A,3718.9672180,N,12157.0337200,W,0.0040,92.6801,101220,,,,
$GPGGA,230019.43,3718.9672180,N,12157.0337200,W,1,0,0.0,0.0000,M,0.0000,M,0.0000,0
$GPRMC,230019.43,A,3718.9672180,N,12157.0337200,W,0.0045,92.6794,101220,,,,
$GPGGA,230020.43,3718.9672180,N,12157.0337200,W,1,0,0.0,0.0000,M,0.0000,M,0.0000,0
$GPRMC,230020.43,A,3718.9672180,N,12157.0337200,W,0.0045,92.6785,101220,,,,
$GPGGA,230021.43,3718.9672180,N,12157.0337200,W,1,0,0.0,0.0000,M,0.0000,M,0.0000,0
$GPRMC,230021.43,A,3718.9672180,N,12157.0337200,W,0.0045,92.6777,101220,,,,
$GPGGA,230022.43,3718.9672180,N,12157.0337200,W,1,0,0.0,0.0000,M,0.0000,M,0.0000,0
$GPRMC,230022.43,A,3718.9672180,N,12157.0337200,W,0.0043,92.6771,101220,,,,
$GPGGA,230023.43,3718.9672180,N,12157.0337200,W,1,0,0.0,0.0000,M,0.0000,M,0.0000,0
$GPRMC,230023.43,A,3718.9672180,N,12157.0337200,W,0.0037,92.6764,101220,,,,
$GPGGA,230024.43,3718.9672180,N,12157.0337200,W,1,0,0.0,0.0000,M,0.0000,M,0.0000,0
$GPRMC,230024.43,A,3718.9672180,N,12157.0337200,W,0.0022,92.6755,101220,,,,
$GPGGA,230025.43,3718.9672180,N,12157.0337140,W,1,0,0.0,0.0000,M,0.0000,M,0.0000,0
$GPRMC,230025.43,A,3718.9672180,N,12157.0337140,W,0.0014,92.6747,101220,,,,
$GPGGA,230026.43,3718.9672120,N,12157.0337140,W,1,0,0.0,0.0000,M,0.0000,M,0.0000,0
$GPRMC,230026.43,A,3718.9672120,N,12157.0337140,W,0.0030,92.6738,101220,,,,
$GPGGA,230027.43,3718.9672120,N,12157.0337140,W,1,0,0.0,0.0000,M,0.0000,M,0.0000,0
$GPRMC,230027.43,A,3718.9672120,N,12157.0337140,W,0.0067,92.6732,101220,,,,
$GPGGA,230028.43,3718.9672180,N,12157.0336780,W,1,0,0.0,0.0000,M,0.0000,M,0.0000,0
$GPRMC,230028.43,A,3718.9672180,N,12157.0336780,W,0.2016,92.6696,101220,,,,
$GPGGA,230029.43,3718.9672120,N,12157.0333900,W,1,0,0.0,0.0000,M,0.0000,M,0.0000,0
$GPRMC,230029.43,A,3718.9672120,N,12157.0333900,W,0.7451,92.6529,101220,,,,
$GPGGA,230030.43,3718.9671880,N,12157.0326760,W,1,0,0.0,0.0000,M,0.0000,M,0.0000,0
$GPRMC,230030.43,A,3718.9671880,N,12157.0326760,W,1.3256,92.6188,101220,,,,
$GPGGA,230031.43,3718.9671580,N,12157.0316080,W,1,0,0.0,0.0000,M,0.0000,M,0.0000,0
$GPRMC,230031.43,A,3718.9671580,N,12157.0316080,W,1.8817,92.6146,101220,,,,
$GPGGA,230032.43,3718.9670980,N,12157.0300300,W,1,0,0.0,0.0000,M,0.0000,M,0.0000,0
$GPRMC,230032.43,A,3718.9670980,N,12157.0300300,W,2.9564,93.0214,101220,,,,
$GPGGA,230033.43,3718.9669840,N,12157.0274800,W,1,0,0.0,0.0000,M,0.0000,M,0.0000,0
$GPRMC,230033.43,A,3718.9669840,N,12157.0274800,W,4.6982,93.3013,101220,,,,
$GPGGA,230034.43,3718.9669420,N,12157.0236160,W,1,0,0.0,0.0000,M,0.0000,M,0.0000,0
$GPRMC,230034.43,A,3718.9669420,N,12157.0236160,W,6.6001,90.8501,101220,,,,
$GPGGA,230035.43,3718.9672720,N,12157.0187260,W,1,0,0.0,0.0000,M,0.0000,M,0.0000,0
$GPRMC,230035.43,A,3718.9672720,N,12157.0187260,W,7.6870,83.6910,101220,,,,
$GPGGA,230036.43,3718.9684180,N,12157.0138780,W,1,0,0.0,0.0000,M,0.0000,M,0.0000,0
$GPRMC,230036.43,A,3718.9684180,N,12157.0138780,W,7.2943,70.6338,101220,,,,
$GPGGA,230037.43,3718.9704400,N,12157.0100500,W,1,0,0.0,0.0000,M,0.0000,M,0.0000,0
$GPRMC,230037.43,A,3718.9704400,N,12157.0100500,W,6.4246,53.2450,101220,,,,
$GPGGA,230038.43,3718.9730920,N,12157.0076740,W,1,0,0.0,0.0000,M,0.0000,M,0.0000,0
$GPRMC,230038.43,A,3718.9730920,N,12157.0076740,W,5.8786,32.6248,101220,,,,
$GPGGA,230039.43,3718.9761160,N,12157.0068280,W,1,0,0.0,0.0000,M,0.0000,M,0.0000,0
$GPRMC,230039.43,A,3718.9761160,N,12157.0068280,W,5.9579,11.3289,101220,,,,
$GPGGA,230040.43,3718.9795360,N,12157.0068460,W,1,0,0.0,0.0000,M,0.0000,M,0.0000,0
$GPRMC,230040.43,A,3718.9795360,N,12157.0068460,W,6.8801,0.7264,101220,,,,
$GPGGA,230041.43,3718.9835620,N,12157.0069180,W,1,0,0.0,0.0000,M,0.0000,M,0.0000,0
$GPRMC,230041.43,A,3718.9835620,N,12157.0069180,W,7.9805,359.7696,101220,,,,
$GPGGA,230042.43,3718.9880440,N,12157.0069780,W,1,0,0.0,0.0000,M,0.0000,M,0.0000,0
$GPRMC,230042.43,A,3718.9880440,N,12157.0069780,W,8.5251,359.8586,101220,,,,
$GPGGA,230043.43,3718.9926400,N,12157.0070380,W,1,0,0.0,0.0000,M,0.0000,M,0.0000,0
$GPRMC,230043.43,A,3718.9926400,N,12157.0070380,W,8.4365,359.6717,101220,,,,
$GPGGA,230044.43,3718.9971100,N,12157.0071160,W,1,0,0.0,0.0000,M,0.0000,M,0.0000,0
$GPRMC,230044.43,A,3718.9971100,N,12157.0071160,W,8.0190,359.5111,101220,,,,
$GPGGA,230045.43,3719.0012020,N,12157.0071700,W,1,0,0.0,0.0000,M,0.0000,M,0.0000,0
$GPRMC,230045.43,A,3719.0012020,N,12157.0071700,W,7.0101,359.6843,101220,,,,
$GPGGA,230046.43,3719.0046100,N,12157.0072000,W,1,0,0.0,0.0000,M,0.0000,M,0.0000,0
$GPRMC,230046.43,A,3719.0046100,N,12157.0072000,W,5.5407,359.8510,101220,,,,
$GPGGA,230047.43,3719.0071840,N,12157.0072180,W,1,0,0.0,0.0000,M,0.0000,M,0.0000,0
$GPRMC,230047.43,A,3719.0071840,N,12157.0072180,W,4.0038,359.8433,101220,,,,
$GPGGA,230048.43,3719.0090020,N,12157.0072360,W,1,0,0.0,0.0000,M,0.0000,M,0.0000,0
$GPRMC,230048.43,A,3719.0090020,N,12157.0072360,W,2.7799,359.7953,101220,,,,
$GPGGA,230049.43,3719.0102200,N,12157.0072420,W,1,0,0.0,0.0000,M,0.0000,M,0.0000,0
$GPRMC,230049.43,A,3719.0102200,N,12157.0072420,W,1.6917,359.8488,101220,,,,
$GPGGA,230050.43,3719.0108020,N,12157.0072480,W,1,0,0.0,0.0000,M,0.0000,M,0.0000,0
$GPRMC,230050.43,A,3719.0108020,N,12157.0072480,W,0.5531,359.8741,101220,,,,
$GPGGA,230051.43,3719.0109040,N,12157.0072480,W,1,0,0.0,0.0000,M,0.0000,M,0.0000,0
$GPRMC,230051.43,A,3719.0109040,N,12157.0072480,W,0.0118,359.8772,101220,,,,
$GPGGA,230052.43,3719.0109100,N,12157.0072480,W,1,0,0.0,0.0000,M,0.0000,M,0.0000,0
$GPRMC,230052.43,A,3719.0109100,N,12157.0072480,W,0.0022,359.8769,101220,,,,
$GPGGA,230053.43,3719.0109100,N,12157.0072480,W,1,0,0.0,0.0000,M,0.0000,M,0.0000,0
$GPRMC,230053.43,A,3719.0109100,N,12157.0072480,W,0.0025,359.8751,101220,,,,
$GPGGA,230054.43,3719.0109100,N,12157.0072420,W,1,0,0.0,0.0000,M,0.0000,M,0.0000,0
$GPRMC,230054.43,A,3719.0109100,N,12157.0072420,W,0.0030,359.8744,101220,,,,
$GPGGA,230055.43,3719.0109100,N,12157.0072420,W,1,0,0.0,0.0000,M,0.0000,M,0.0000,0
$GPRMC,230055.43,A,3719.0109100,N,12157.0072420,W,0.0032,359.8739,101220,,,,
$GPGGA,230056.43,3719.0109100,N,12157.0072420,W,1,0,0.0,0.0000,M,0.0000,M,0.0000,0
$GPRMC,230056.43,A,3719.0109100,N,12157.0072420,W,0.0031,359.8732,101220,,,,
$GPGGA,230057.43,3719.0109100,N,12157.0072360,W,1,0,0.0,0.0000,M,0.0000,M,0.0000,0
$GPRMC,230057.43,A,3719.0109100,N,12157.0072360,W,0.0030,359.8726,101220,,,,
$GPGGA,230058.43,3719.0109100,N,12157.0072360,W,1,0,0.0,0.0000,M,0.0000,M,0.0000,0
$GPRMC,230058.43,A,3719.0109100,N,12157.0072360,W,0.0034,359.8717,101220,,,,
$GPGGA,230059.43,3719.0109100,N,12157.0072360,W,1,0,0.0,0.0000,M,0.0000,M,0.0000,0
$GPRMC,230059.43,A,3719.0109100,N,12157.0072360,W,0.0036,359.8707,101220,,,,
$GPGGA,230100.43,3719.0109100,N,12157.0072360,W,1,0,0.0,0.0000,M,0.0000,M,0.0000,0
$GPRMC,230100.43,A,3719.0109100,N,12157.0072360,W,0.0027,359.8702,101220,,,,
$GPGGA,230101.43,3719.0109100,N,12157.0072360,W,1,0,0.0,0.0000,M,0.0000,M,0.0000,0
$GPRMC,230101.43,A,3719.0109100,N,12157.0072360,W,0.0022,359.8697,101220,,,,
$GPGGA,230102.43,3719.0109100,N,12157.0072360,W,1,0,0.0,0.0000,M,0.0000,M,0.0000,0
$GPRMC,230102.43,A,3719.0109100,N,12157.0072360,W,0.0026,359.8690,101220,,,,
$GPGGA,230103.43,3719.0109100,N,12157.0072360,W,1,0,0.0,0.0000,M,0.0000,M,0.0000,0
$GPRMC,230103.43,A,3719.0109100,N,12157.0072360,W,0.0028,359.8683,101220,,,,
$GPGGA,230104.43,3719.0109100,N,12157.0072360,W,1,0,0.0,0.0000,M,0.0000,M,0.0000,0
$GPRMC,230104.43,A,3719.0109100,N,12157.0072360,W,0.0022,359.8676,101220,,,,
$GPGGA,230105.43,3719.0109100,N,12157.0072360,W,1,0,0.0,0.0000,M,0.0000,M,0.0000,0
$GPRMC,230105.43,A,3719.0109100,N,12157.0072360,W,0.0021,359.8670,101220,,,,
$GPGGA,230106.43,3719.0109100,N,12157.0072360,W,1,0,0.0,0.0000,M,0.0000,M,0.0000,0
$GPRMC,230106.43,A,3719.0109100,N,12157.0072360,W,0.0020,359.8664,101220,,,,
$GPGGA,230107.43,3719.0109100,N,12157.0072360,W,1,0,0.0,0.0000,M,0.0000,M,0.0000,0
$GPRMC,230107.43,A,3719.0109100,N,12157.0072360,W,0.0021,359.8659,101220,,,,
$GPGGA,230108.43,3719.0109100,N,12157.0072360,W,1,0,0.0,0.0000,M,0.0000,M,0.0000,0
$GPRMC,230108.43,A,3719.0109100,N,12157.0072360,W,0.0021,359.8652,101220,,,,
$GPGGA,230109.43,3719.0109100,N,12157.0072360,W,1,0,0.0,0.0000,M,0.0000,M,0.0000,0
$GPRMC,230109.43,A,3719.0109100,N,12157.0072360,W,0.0020,359.8645,101220,,,,
$GPGGA,230110.43,3719.0109100,N,12157.0072360,W,1,0,0.0,0.0000,M,0.0000,M,0.0000,0
$GPRMC,230110.43,A,3719.0109100,N,12157.0072360,W,0.0021,359.8639,101220,,,,
$GPGGA,230111.43,3719.0109100,N,12157.0072360,W,1,0,0.0,0.0000,M,0.0000,M,0.0000,0
$GPRMC,230111.43,A,3719.0109100,N,12157.0072360,W,0.0021,359.8633,101220,,,,
$GPGGA,230112.43,3719.0109100,N,12157.0072360,W,1,0,0.0,0.0000,M,0.0000,M,0.0000,0
$GPRMC,230112.43,A,3719.0109100,N,12157.0072360,W,0.0021,359.8625,101220,,,,
$GPGGA,230113.43,3719.0109100,N,12157.0072360,W,1,0,0.0,0.0000,M,0.0000,M,0.0000,0
$GPRMC,230113.43,A,3719.0109100,N,12157.0072360,W,0.0026,359.8618,101220,,,,
$GPGGA,230114.43,3719.0109100,N,12157.0072360,W,1,0,0.0,0.0000,M,0.0000,M,0.0000,0
$GPRMC,230114.43,A,3719.0109100,N,12157.0072360,W,0.0032,359.8612,101220,,,,
$GPGGA,230115.43,3719.0109100,N,12157.0072360,W,1,0,0.0,0.0000,M,0.0000,M,0.0000,0
$GPRMC,230115.43,A,3719.0109100,N,12157.0072360,W,0.0034,359.8606,101220,,,,
$GPGGA,230116.43,3719.0109100,N,12157.0072360,W,1,0,0.0,0.0000,M,0.0000,M,0.0000,0
$GPRMC,230116.43,A,3719.0109100,N,12157.0072360,W,0.0036,359.8599,101220,,,,
$GPGGA,230117.43,3719.0109100,N,12157.0072360,W,1,0,0.0,0.0000,M,0.0000,M,0.0000,0
$GPRMC,230117.43,A,3719.0109100,N,12157.0072360,W,0.0042,359.8592,101220,,,,
$GPGGA,230118.43,3719.0109100,N,12157.0072360,W,1,0,0.0,0.0000,M,0.0000,M,0.0000,0
$GPRMC,230118.43,A,3719.0109100,N,12157.0072360,W,0.0047,359.8583,101220,,,,
$GPGGA,230119.43,3719.0109100,N,12157.0072360,W,1,0,0.0,0.0000,M,0.0000,M,0.0000,0
$GPRMC,230119.43,A,3719.0109100,N,12157.0072360,W,0.0043,359.8577,101220,,,,
$GPGGA,230120.43,3719.0109100,N,12157.0072360,W,1,0,0.0,0.0000,M,0.0000,M,0.0000,0
$GPRMC,230120.43,A,3719.0109100,N,12157.0072360,W,0.0044,359.8571,101220,,,,
$GPGGA,230121.43,3719.0109100,N,12157.0072300,W,1,0,0.0,0.0000,M,0.0000,M,0.0000,0
$GPRMC,230121.43,A,3719.0109100,N,12157.0072300,W,0.0046,359.8565,101220,,,,
$GPGGA,230122.43,3719.0109160,N,12157.0072300,W,1,0,0.0,0.0000,M,0.0000,M,0.0000,0
$GPRMC,230122.43,A,3719.0109160,N,12157.0072300,W,0.0050,359.8557,101220,,,,
$GPGGA,230123.43,3719.0109220,N,12157.0072300,W,1,0,0.0,0.0000,M,0.0000,M,0.0000,0
$GPRMC,230123.43,A,3719.0109220,N,12157.0072300,W,0.0451,359.8558,101220,,,,
$GPGGA,230124.43,3719.0109640,N,12157.0072240,W,1,0,0.0,0.0000,M,0.0000,M,0.0000,0
$GPRMC,230124.43,A,3719.0109640,N,12157.0072240,W,0.1226,359.8561,101220,,,,
$GPGGA,230125.43,3719.0110600,N,12157.0072240,W,1,0,0.0,0.0000,M,0.0000,M,0.0000,0
$GPRMC,230125.43,A,3719.0110600,N,12157.0072240,W,0.2046,359.8559,101220,,,,
$GPGGA,230126.43,3719.0111980,N,12157.0072180,W,1,0,0.0,0.0000,M,0.0000,M,0.0000,0
$GPRMC,230126.43,A,3719.0111980,N,12157.0072180,W,0.2506,359.8551,101220,,,,
$GPGGA,230127.43,3719.0113180,N,12157.0072180,W,1,0,0.0,0.0000,M,0.0000,M,0.0000,0
$GPRMC,230127.43,A,3719.0113180,N,12157.0072180,W,0.1909,359.8513,101220,,,,
$GPGGA,230128.43,3719.0114020,N,12157.0072180,W,1,0,0.0,0.0000,M,0.0000,M,0.0000,0
$GPRMC,230128.43,A,3719.0114020,N,12157.0072180,W,0.1081,359.8481,101220,,,,
$GPGGA,230129.43,3719.0114560,N,12157.0072120,W,1,0,0.0,0.0000,M,0.0000,M,0.0000,0
$GPRMC,230129.43,A,3719.0114560,N,12157.0072120,W,0.1490,359.8472,101220,,,,
$GPGGA,230130.43,3719.0115940,N,12157.0072120,W,1,0,0.0,0.0000,M,0.0000,M,0.0000,0
$GPRMC,230130.43,A,3719.0115940,N,12157.0072120,W,0.3984,359.8433,101220,,,,
$GPGGA,230131.43,3719.0119120,N,12157.0072180,W,1,0,0.0,0.0000,M,0.0000,M,0.0000,0
$GPRMC,230131.43,A,3719.0119120,N,12157.0072180,W,0.8075,359.8271,101220,,,,
$GPGGA,230132.43,3719.0125000,N,12157.0072180,W,1,0,0.0,0.0000,M,0.0000,M,0.0000,0
$GPRMC,230132.43,A,3719.0125000,N,12157.0072180,W,1.4179,359.7331,101220,,,,
$GPGGA,230133.43,3719.0135020,N,12157.0072300,W,1,0,0.0,0.0000,M,0.0000,M,0.0000,0
$GPRMC,230133.43,A,3719.0135020,N,12157.0072300,W,2.4333,359.8823,101220,,,,
$GPGGA,230134.43,3719.0152480,N,12157.0072120,W,1,0,0.0,0.0000,M,0.0000,M,0.0000,0
$GPRMC,230134.43,A,3719.0152480,N,12157.0072120,W,4.1111,0.3867,101220,,,,
$GPGGA,230135.43,3719.0179720,N,12157.0071760,W,1,0,0.0,0.0000,M,0.0000,M,0.0000,0
$GPRMC,230135.43,A,3719.0179720,N,12157.0071760,W,5.7663,0.6254,101220,,,,
$GPGGA,230136.43,3719.0213380,N,12157.0071340,W,1,0,0.0,0.0000,M,0.0000,M,0.0000,0
$GPRMC,230136.43,A,3719.0213380,N,12157.0071340,W,6.4533,0.7757,101220,,,,
$GPGGA,230137.43,3719.0248060,N,12157.0070860,W,1,0,0.0,0.0000,M,0.0000,M,0.0000,0
$GPRMC,230137.43,A,3719.0248060,N,12157.0070860,W,6.3153,0.7923,101220,,,,
$GPGGA,230138.43,3719.0281420,N,12157.0071700,W,1,0,0.0,0.0000,M,0.0000,M,0.0000,0
$GPRMC,230138.43,A,3719.0281420,N,12157.0071700,W,6.0523,358.2338,101220,,,,
$GPGGA,230139.43,3719.0313220,N,12157.0079980,W,1,0,0.0,0.0000,M,0.0000,M,0.0000,0
$GPRMC,230139.43,A,3719.0313220,N,12157.0079980,W,6.1474,346.4261,101220,,,,
$GPGGA,230140.43,3719.0341720,N,12157.0103260,W,1,0,0.0,0.0000,M,0.0000,M,0.0000,0
$GPRMC,230140.43,A,3719.0341720,N,12157.0103260,W,6.8022,324.4612,101220,,,,
$GPGGA,230141.43,3719.0362120,N,12157.0143160,W,1,0,0.0,0.0000,M,0.0000,M,0.0000,0
$GPRMC,230141.43,A,3719.0362120,N,12157.0143160,W,7.5713,299.0535,101220,,,,
$GPGGA,230142.43,3719.0368660,N,12157.0195480,W,1,0,0.0,0.0000,M,0.0000,M,0.0000,0
$GPRMC,230142.43,A,3719.0368660,N,12157.0195480,W,8.5055,275.9995,101220,,,,
$GPGGA,230143.43,3719.0364820,N,12157.0257100,W,1,0,0.0,0.0000,M,0.0000,M,0.0000,0
$GPRMC,230143.43,A,3719.0364820,N,12157.0257100,W,9.9545,264.7991,101220,,,,
$GPGGA,230144.43,3719.0357980,N,12157.0330000,W,1,0,0.0,0.0000,M,0.0000,M,0.0000,0
$GPRMC,230144.43,A,3719.0357980,N,12157.0330000,W,11.8135,263.6748,101220,,,,
$GPGGA,230145.43,3719.0350180,N,12157.0416160,W,1,0,0.0,0.0000,M,0.0000,M,0.0000,0
$GPRMC,230145.43,A,3719.0350180,N,12157.0416160,W,14.0209,263.9214,101220,,,,
$GPGGA,230146.43,3719.0341240,N,12157.0518220,W,1,0,0.0,0.0000,M,0.0000,M,0.0000,0
$GPRMC,230146.43,A,3719.0341240,N,12157.0518220,W,16.2654,264.0721,101220,,,,
$GPGGA,230147.43,3719.0331580,N,12157.0633060,W,1,0,0.0,0.0000,M,0.0000,M,0.0000,0
$GPRMC,230147.43,A,3719.0331580,N,12157.0633060,W,17.4262,264.1831,101220,,,,
$GPGGA,230148.43,3719.0321620,N,12157.0751080,W,1,0,0.0,0.0000,M,0.0000,M,0.0000,0
$GPRMC,230148.43,A,3719.0321620,N,12157.0751080,W,17.6791,264.0876,101220,,,,
$GPGGA,230149.43,3719.0311180,N,12157.0872340,W,1,0,0.0,0.0000,M,0.0000,M,0.0000,0
$GPRMC,230149.43,A,3719.0311180,N,12157.0872340,W,18.5366,263.8463,101220,,,,
$GPGGA,230150.43,3719.0299540,N,12157.1001340,W,1,0,0.0,0.0000,M,0.0000,M,0.0000,0
$GPRMC,230150.43,A,3719.0299540,N,12157.1001340,W,20.0101,263.5317,101220,,,,
$GPGGA,230151.43,3719.0285860,N,12157.1141680,W,1,0,0.0,0.0000,M,0.0000,M,0.0000,0
$GPRMC,230151.43,A,3719.0285860,N,12157.1141680,W,21.9003,262.8773,101220,,,,
$GPGGA,230152.43,3719.0269300,N,12157.1296120,W,1,0,0.0,0.0000,M,0.0000,M,0.0000,0
$GPRMC,230152.43,A,3719.0269300,N,12157.1296120,W,24.1514,262.1733,101220,,,,
$GPGGA,230153.43,3719.0249740,N,12157.1465680,W,1,0,0.0,0.0000,M,0.0000,M,0.0000,0
$GPRMC,230153.43,A,3719.0249740,N,12157.1465680,W,26.4805,261.6807,101220,,,,
$GPGGA,230154.43,3719.0227660,N,12157.1650840,W,1,0,0.0,0.0000,M,0.0000,M,0.0000,0
$GPRMC,230154.43,A,3719.0227660,N,12157.1650840,W,28.8244,261.5658,101220,,,,
$GPGGA,230155.43,3719.0204080,N,12157.1851300,W,1,0,0.0,0.0000,M,0.0000,M,0.0000,0
$GPRMC,230155.43,A,3719.0204080,N,12157.1851300,W,31.0024,261.8651,101220,,,,
$GPGGA,230156.43,3719.0180380,N,12157.2063880,W,1,0,0.0,0.0000,M,0.0000,M,0.0000,0
$GPRMC,230156.43,A,3719.0180380,N,12157.2063880,W,32.2205,262.2760,101220,,,,
$GPGGA,230157.43,3719.0157280,N,12157.2280480,W,1,0,0.0,0.0000,M,0.0000,M,0.0000,0
$GPRMC,230157.43,A,3719.0157280,N,12157.2280480,W,32.1447,262.4500,101220,,,,
$GPGGA,230158.43,3719.0134360,N,12157.2494860,W,1,0,0.0,0.0000,M,0.0000,M,0.0000,0
$GPRMC,230158.43,A,3719.0134360,N,12157.2494860,W,31.7348,262.2456,101220,,,,
$GPGGA,230159.43,3719.0111140,N,12157.2706060,W,1,0,0.0,0.0000,M,0.0000,M,0.0000,0
$GPRMC,230159.43,A,3719.0111140,N,12157.2706060,W,31.2663,262.0934,101220,,,,
$GPGGA,230200.43,3719.0088160,N,12157.2914200,W,1,0,0.0,0.0000,M,0.0000,M,0.0000,0
$GPRMC,230200.43,A,3719.0088160,N,12157.2914200,W,30.8232,262.1353,101220,,,,
$GPGGA,230201.43,3719.0065840,N,12157.3119520,W,1,0,0.0,0.0000,M,0.0000,M,0.0000,0
$GPRMC,230201.43,A,3719.0065840,N,12157.3119520,W,30.3994,262.4997,101220,,,,
$GPGGA,230202.43,3719.0045800,N,12157.3322440,W,1,0,0.0,0.0000,M,0.0000,M,0.0000,0
$GPRMC,230202.43,A,3719.0045800,N,12157.3322440,W,29.9968,263.3572,101220,,,,
$GPGGA,230203.43,3719.0028280,N,12157.3523020,W,1,0,0.0,0.0000,M,0.0000,M,0.0000,0
$GPRMC,230203.43,A,3719.0028280,N,12157.3523020,W,29.6298,263.8779,101220,,,,
$GPGGA,230204.43,3719.0010940,N,12157.3721140,W,1,0,0.0,0.0000,M,0.0000,M,0.0000,0
$GPRMC,230204.43,A,3719.0010940,N,12157.3721140,W,29.2713,263.5425,101220,,,,
$GPGGA,230205.43,3718.9992820,N,12157.3916740,W,1,0,0.0,0.0000,M,0.0000,M,0.0000,0
$GPRMC,230205.43,A,3718.9992820,N,12157.3916740,W,28.9150,263.3753,101220,,,,
$GPGGA,230206.43,3718.9975900,N,12157.4110120,W,1,0,0.0,0.0000,M,0.0000,M,0.0000,0
$GPRMC,230206.43,A,3718.9975900,N,12157.4110120,W,28.5889,264.2438,101220,,,,
$GPGGA,230207.43,3718.9962160,N,12157.4301880,W,1,0,0.0,0.0000,M,0.0000,M,0.0000,0
$GPRMC,230207.43,A,3718.9962160,N,12157.4301880,W,28.3331,265.6658,101220,,,,
$GPGGA,230208.43,3718.9952440,N,12157.4492740,W,1,0,0.0,0.0000,M,0.0000,M,0.0000,0
$GPRMC,230208.43,A,3718.9952440,N,12157.4492740,W,28.1864,266.9701,101220,,,,
$GPGGA,230209.43,3718.9945780,N,12157.4683120,W,1,0,0.0,0.0000,M,0.0000,M,0.0000,0
$GPRMC,230209.43,A,3718.9945780,N,12157.4683120,W,28.1232,267.8913,101220,,,,
$GPGGA,230210.43,3718.9941280,N,12157.4872960,W,1,0,0.0,0.0000,M,0.0000,M,0.0000,0
$GPRMC,230210.43,A,3718.9941280,N,12157.4872960,W,27.9776,268.6707,101220,,,,
$GPGGA,230211.43,3718.9938880,N,12157.5061600,W,1,0,0.0,0.0000,M,0.0000,M,0.0000,0
$GPRMC,230211.43,A,3718.9938880,N,12157.5061600,W,27.8051,269.4391,101220,,,,
$GPGGA,230212.43,3718.9938280,N,12157.5249760,W,1,0,0.0,0.0000,M,0.0000,M,0.0000,0
$GPRMC,230212.43,A,3718.9938280,N,12157.5249760,W,27.8532,270.0833,101220,,,,
$GPGGA,230213.43,3718.9939240,N,12157.5439060,W,1,0,0.0,0.0000,M,0.0000,M,0.0000,0
$GPRMC,230213.43,A,3718.9939240,N,12157.5439060,W,28.1202,270.6777,101220,,,,
$GPGGA,230214.43,3718.9941580,N,12157.5630760,W,1,0,0.0,0.0000,M,0.0000,M,0.0000,0
$GPRMC,230214.43,A,3718.9941580,N,12157.5630760,W,28.5328,271.0855,101220,,,,
$GPGGA,230215.43,3718.9944880,N,12157.5825520,W,1,0,0.0,0.0000,M,0.0000,M,0.0000,0
$GPRMC,230215.43,A,3718.9944880,N,12157.5825520,W,29.0281,271.2650,101220,,,,
$GPGGA,230216.43,3718.9948600,N,12157.6023700,W,1,0,0.0,0.0000,M,0.0000,M,0.0000,0
$GPRMC,230216.43,A,3718.9948600,N,12157.6023700,W,29.5705,271.3526,101220,,,,
$GPGGA,230217.43,3718.9952260,N,12157.6225840,W,1,0,0.0,0.0000,M,0.0000,M,0.0000,0
$GPRMC,230217.43,A,3718.9952260,N,12157.6225840,W,30.1799,271.1883,101220,,,,
$GPGGA,230218.43,3718.9955680,N,12157.6432420,W,1,0,0.0,0.0000,M,0.0000,M,0.0000,0
$GPRMC,230218.43,A,3718.9955680,N,12157.6432420,W,30.8342,271.1091,101220,,,,
$GPGGA,230219.43,3718.9958980,N,12157.6643020,W,1,0,0.0,0.0000,M,0.0000,M,0.0000,0
$GPRMC,230219.43,A,3718.9958980,N,12157.6643020,W,31.3559,271.0455,101220,,,,
$GPGGA,230220.43,3718.9962100,N,12157.6856500,W,1,0,0.0,0.0000,M,0.0000,M,0.0000,0
$GPRMC,230220.43,A,3718.9962100,N,12157.6856500,W,31.6493,271.0180,101220,,,,
$GPGGA,230221.43,3718.9965280,N,12157.7071120,W,1,0,0.0,0.0000,M,0.0000,M,0.0000,0
$GPRMC,230221.43,A,3718.9965280,N,12157.7071120,W,31.6831,271.0538,101220,,,,
$GPGGA,230222.43,3718.9968580,N,12157.7284960,W,1,0,0.0,0.0000,M,0.0000,M,0.0000,0
$GPRMC,230222.43,A,3718.9968580,N,12157.7284960,W,31.4157,271.0784,101220,,,,
$GPGGA,230223.43,3718.9971700,N,12157.7495920,W,1,0,0.0,0.0000,M,0.0000,M,0.0000,0
$GPRMC,230223.43,A,3718.9971700,N,12157.7495920,W,30.8807,271.0632,101220,,,,
$GPGGA,230224.43,3718.9974580,N,12157.7703160,W,1,0,0.0,0.0000,M,0.0000,M,0.0000,0
$GPRMC,230224.43,A,3718.9974580,N,12157.7703160,W,30.3349,271.0276,101220,,,,
$GPGGA,230225.43,3718.9977400,N,12157.7906920,W,1,0,0.0,0.0000,M,0.0000,M,0.0000,0
$GPRMC,230225.43,A,3718.9977400,N,12157.7906920,W,29.8423,270.9493,101220,,,,
$GPGGA,230226.43,3718.9979560,N,12157.8107440,W,1,0,0.0,0.0000,M,0.0000,M,0.0000,0
$GPRMC,230226.43,A,3718.9979560,N,12157.8107440,W,29.4058,270.5266,101220,,,,
$GPGGA,230227.43,3718.9979860,N,12157.8304960,W,1,0,0.0,0.0000,M,0.0000,M,0.0000,0
$GPRMC,230227.43,A,3718.9979860,N,12157.8304960,W,29.0105,269.7377,101220,,,,
$GPGGA,230228.43,3718.9977940,N,12157.8499900,W,1,0,0.0,0.0000,M,0.0000,M,0.0000,0
$GPRMC,230228.43,A,3718.9977940,N,12157.8499900,W,28.6734,268.9922,101220,,,,
$GPGGA,230229.43,3718.9974220,N,12157.8692680,W,1,0,0.0,0.0000,M,0.0000,M,0.0000,0
$GPRMC,230229.43,A,3718.9974220,N,12157.8692680,W,28.3794,268.3078,101220,,,,
$GPGGA,230230.43,3718.9968940,N,12157.8883960,W,1,0,0.0,0.0000,M,0.0000,M,0.0000,0
$GPRMC,230230.43,A,3718.9968940,N,12157.8883960,W,28.2254,267.8403,101220,,,,
$GPGGA,230231.43,3718.9962820,N,12157.9075300,W,1,0,0.0,0.0000,M,0.0000,M,0.0000,0
$GPRMC,230231.43,A,3718.9962820,N,12157.9075300,W,28.4321,267.6674,101220,,,,
$GPGGA,230232.43,3718.9956760,N,12157.9269220,W,1,0,0.0,0.0000,M,0.0000,M,0.0000,0
$GPRMC,230232.43,A,3718.9956760,N,12157.9269220,W,28.9259,267.8060,101220,,,,
$GPGGA,230233.43,3718.9950940,N,12157.9466020,W,1,0,0.0,0.0000,M,0.0000,M,0.0000,0
$GPRMC,230233.43,A,3718.9950940,N,12157.9466020,W,29.2445,267.8255,101220,,,,
$GPGGA,230234.43,3718.9944760,N,12157.9664500,W,1,0,0.0,0.0000,M,0.0000,M,0.0000,0
$GPRMC,230234.43,A,3718.9944760,N,12157.9664500,W,29.5275,267.6245,101220,,,,
$GPGGA,230235.43,3718.9937620,N,12157.9866520,W,1,0,0.0,0.0000,M,0.0000,M,0.0000,0
$GPRMC,230235.43,A,3718.9937620,N,12157.9866520,W,30.3024,267.3113,101220,,,,
$GPGGA,230236.43,3718.9929820,N,12158.0074840,W,1,0,0.0,0.0000,M,0.0000,M,0.0000,0
$GPRMC,230236.43,A,3718.9929820,N,12158.0074840,W,31.3161,267.2780,101220,,,,
$GPGGA,230237.43,3718.9922320,N,12158.0289820,W,1,0,0.0,0.0000,M,0.0000,M,0.0000,0
$GPRMC,230237.43,A,3718.9922320,N,12158.0289820,W,32.1814,267.6971,101220,,,,
$GPGGA,230238.43,3718.9916500,N,12158.0508940,W,1,0,0.0,0.0000,M,0.0000,M,0.0000,0
$GPRMC,230238.43,A,3718.9916500,N,12158.0508940,W,32.4929,268.6464,101220,,,,
$GPGGA,230239.43,3718.9914340,N,12158.0728120,W,1,0,0.0,0.0000,M,0.0000,M,0.0000,0
$GPRMC,230239.43,A,3718.9914340,N,12158.0728120,W,32.2515,269.9137,101220,,,,
$GPGGA,230240.43,3718.9915300,N,12158.0945380,W,1,0,0.0,0.0000,M,0.0000,M,0.0000,0
$GPRMC,230240.43,A,3718.9915300,N,12158.0945380,W,31.9002,270.5912,101220,,,,
$GPGGA,230241.43,3718.9918000,N,12158.1160000,W,1,0,0.0,0.0000,M,0.0000,M,0.0000,0
$GPRMC,230241.43,A,3718.9918000,N,12158.1160000,W,31.4952,271.2182,101220,,,,
$GPGGA,230242.43,3718.9923340,N,12158.1371620,W,1,0,0.0,0.0000,M,0.0000,M,0.0000,0
$GPRMC,230242.43,A,3718.9923340,N,12158.1371620,W,31.0757,272.3743,101220,,,,
$GPGGA,230243.43,3718.9931920,N,12158.1580360,W,1,0,0.0,0.0000,M,0.0000,M,0.0000,0
$GPRMC,230243.43,A,3718.9931920,N,12158.1580360,W,30.6635,273.3149,101220,,,,
$GPGGA,230244.43,3718.9941760,N,12158.1786220,W,1,0,0.0,0.0000,M,0.0000,M,0.0000,0
$GPRMC,230244.43,A,3718.9941760,N,12158.1786220,W,30.2661,273.1572,101220,,,,
$GPGGA,230245.43,3718.9950220,N,12158.1989560,W,1,0,0.0,0.0000,M,0.0000,M,0.0000,0
$GPRMC,230245.43,A,3718.9950220,N,12158.1989560,W,29.8851,272.2487,101220,,,,
$GPGGA,230246.43,3718.9956580,N,12158.2190380,W,1,0,0.0,0.0000,M,0.0000,M,0.0000,0
$GPRMC,230246.43,A,3718.9956580,N,12158.2190380,W,29.4890,271.9553,101220,,,,
$GPGGA,230247.43,3718.9962880,N,12158.2387600,W,1,0,0.0,0.0000,M,0.0000,M,0.0000,0
$GPRMC,230247.43,A,3718.9962880,N,12158.2387600,W,28.8371,272.6929,101220,,,,
$GPGGA,230248.43,3718.9972600,N,12158.2580020,W,1,0,0.0,0.0000,M,0.0000,M,0.0000,0
$GPRMC,230248.43,A,3718.9972600,N,12158.2580020,W,28.1830,274.4186,101220,,,,
$GPGGA,230249.43,3718.9987420,N,12158.2768840,W,1,0,0.0,0.0000,M,0.0000,M,0.0000,0
$GPRMC,230249.43,A,3718.9987420,N,12158.2768840,W,27.9087,276.4668,101220,,,,
$GPGGA,230250.43,3719.0007340,N,12158.2955200,W,1,0,0.0,0.0000,M,0.0000,M,0.0000,0
$GPRMC,230250.43,A,3719.0007340,N,12158.2955200,W,27.6208,278.5089,101220,,,,
$GPGGA,230251.43,3719.0032480,N,12158.3137600,W,1,0,0.0,0.0000,M,0.0000,M,0.0000,0
$GPRMC,230251.43,A,3719.0032480,N,12158.3137600,W,27.0758,280.9761,101220,,,,
$GPGGA,230252.43,3719.0064520,N,12158.3314300,W,1,0,0.0,0.0000,M,0.0000,M,0.0000,0
$GPRMC,230252.43,A,3719.0064520,N,12158.3314300,W,26.5181,284.6705,101220,,,,
$GPGGA,230253.43,3719.0106460,N,12158.3485120,W,1,0,0.0,0.0000,M,0.0000,M,0.0000,0
$GPRMC,230253.43,A,3719.0106460,N,12158.3485120,W,26.3757,289.1938,101220,,,,
$GPGGA,230254.43,3719.0158840,N,12158.3650360,W,1,0,0.0,0.0000,M,0.0000,M,0.0000,0
$GPRMC,230254.43,A,3719.0158840,N,12158.3650360,W,26.1811,293.5640,101220,,,,
$GPGGA,230255.43,3719.0219140,N,12158.3809420,W,1,0,0.0,0.0000,M,0.0000,M,0.0000,0
$GPRMC,230255.43,A,3719.0219140,N,12158.3809420,W,25.8280,296.4852,101220,,,,
$GPGGA,230256.43,3719.0282260,N,12158.3963320,W,1,0,0.0,0.0000,M,0.0000,M,0.0000,0
$GPRMC,230256.43,A,3719.0282260,N,12158.3963320,W,25.2370,297.3217,101220,,,,
$GPGGA,230257.43,3719.0343340,N,12158.4111700,W,1,0,0.0,0.0000,M,0.0000,M,0.0000,0
$GPRMC,230257.43,A,3719.0343340,N,12158.4111700,W,23.8585,296.9418,101220,,,,
$GPGGA,230258.43,3719.0398480,N,12158.4248200,W,1,0,0.0,0.0000,M,0.0000,M,0.0000,0
$GPRMC,230258.43,A,3719.0398480,N,12158.4248200,W,21.0657,296.4579,101220,,,,
$GPGGA,230259.43,3719.0444920,N,12158.4364120,W,1,0,0.0,0.0000,M,0.0000,M,0.0000,0
$GPRMC,230259.43,A,3719.0444920,N,12158.4364120,W,17.1939,296.9049,101220,,,,
$GPGGA,230300.43,3719.0485000,N,12158.4453400,W,1,0,0.0,0.0000,M,0.0000,M,0.0000,0
$GPRMC,230300.43,A,3719.0485000,N,12158.4453400,W,13.1495,302.5083,101220,,,,
$GPGGA,230301.43,3719.0524180,N,12158.4513100,W,1,0,0.0,0.0000,M,0.0000,M,0.0000,0
$GPRMC,230301.43,A,3719.0524180,N,12158.4513100,W,9.9944,315.1053,101220,,,,
$GPGGA,230302.43,3719.0563180,N,12158.4547060,W,1,0,0.0,0.0000,M,0.0000,M,0.0000,0
$GPRMC,230302.43,A,3719.0563180,N,12158.4547060,W,7.8444,329.9939,101220,,,,
$GPGGA,230303.43,3719.0597500,N,12158.4562840,W,1,0,0.0,0.0000,M,0.0000,M,0.0000,0
$GPRMC,230303.43,A,3719.0597500,N,12158.4562840,W,5.7310,342.6680,101220,,,,
$GPGGA,230304.43,3719.0621860,N,12158.4568960,W,1,0,0.0,0.0000,M,0.0000,M,0.0000,0
$GPRMC,230304.43,A,3719.0621860,N,12158.4568960,W,3.4642,348.4320,101220,,,,
$GPGGA,230305.43,3719.0634880,N,12158.4571960,W,1,0,0.0,0.0000,M,0.0000,M,0.0000,0
$GPRMC,230305.43,A,3719.0634880,N,12158.4571960,W,1.5194,348.8729,101220,,,,
$GPGGA,230306.43,3719.0639560,N,12158.4573040,W,1,0,0.0,0.0000,M,0.0000,M,0.0000,0
$GPRMC,230306.43,A,3719.0639560,N,12158.4573040,W,0.3874,348.9579,101220,,,,
$GPGGA,230307.43,3719.0640460,N,12158.4573160,W,1,0,0.0,0.0000,M,0.0000,M,0.0000,0
$GPRMC,230307.43,A,3719.0640460,N,12158.4573160,W,0.0317,348.9440,101220,,,,
$GPGGA,230308.43,3719.0640640,N,12158.4573160,W,1,0,0.0,0.0000,M,0.0000,M,0.0000,0
$GPRMC,230308.43,A,3719.0640640,N,12158.4573160,W,0.0283,348.9428,101220,,,,
$GPGGA,230309.43,3719.0640700,N,12158.4573100,W,1,0,0.0,0.0000,M,0.0000,M,0.0000,0
$GPRMC,230309.43,A,3719.0640700,N,12158.4573100,W,0.0223,348.9415,101220,,,,
$GPGGA,230310.43,3719.0640820,N,12158.4573100,W,1,0,0.0,0.0000,M,0.0000,M,0.0000,0
$GPRMC,230310.43,A,3719.0640820,N,12158.4573100,W,0.0272,348.9323,101220,,,,
$GPGGA,230311.43,3719.0641120,N,12158.4573100,W,1,0,0.0,0.0000,M,0.0000,M,0.0000,0
$GPRMC,230311.43,A,3719.0641120,N,12158.4573100,W,0.0869,348.8858,101220,,,,
$GPGGA,230312.43,3719.0641840,N,12158.4573340,W,1,0,0.0,0.0000,M,0.0000,M,0.0000,0
$GPRMC,230312.43,A,3719.0641840,N,12158.4573340,W,0.2110,348.6487,101220,,,,
$GPGGA,230313.43,3719.0643520,N,12158.4574120,W,1,0,0.0,0.0000,M,0.0000,M,0.0000,0
$GPRMC,230313.43,A,3719.0643520,N,12158.4574120,W,0.4729,347.2821,101220,,,,
$GPGGA,230314.43,3719.0646760,N,12158.4576460,W,1,0,0.0,0.0000,M,0.0000,M,0.0000,0
$GPRMC,230314.43,A,3719.0646760,N,12158.4576460,W,0.8836,343.0016,101220,,,,
$GPGGA,230315.43,3719.0651680,N,12158.4581260,W,1,0,0.0,0.0000,M,0.0000,M,0.0000,0
$GPRMC,230315.43,A,3719.0651680,N,12158.4581260,W,1.3719,334.9311,101220,,,,
$GPGGA,230316.43,3719.0657920,N,12158.4589900,W,1,0,0.0,0.0000,M,0.0000,M,0.0000,0
$GPRMC,230316.43,A,3719.0657920,N,12158.4589900,W,1.9736,322.8088,101220,,,,
$GPGGA,230317.43,3719.0664880,N,12158.4603160,W,1,0,0.0,0.0000,M,0.0000,M,0.0000,0
$GPRMC,230317.43,A,3719.0664880,N,12158.4603160,W,2.6609,310.1489,101220,,,,
$GPGGA,230318.43,3719.0674780,N,12158.4619660,W,1,0,0.0,0.0000,M,0.0000,M,0.0000,0
$GPRMC,230318.43,A,3719.0674780,N,12158.4619660,W,3.4064,308.0312,101220,,,,
$GPGGA,230319.43,3719.0690920,N,12158.4632920,W,1,0,0.0,0.0000,M,0.0000,M,0.0000,0
$GPRMC,230319.43,A,3719.0690920,N,12158.4632920,W,3.6520,324.4729,101220,,,,
$GPGGA,230320.43,3719.0709520,N,12158.4635560,W,1,0,0.0,0.0000,M,0.0000,M,0.0000,0
$GPRMC,230320.43,A,3719.0709520,N,12158.4635560,W,3.1951,349.6003,101220,,,,
$GPGGA,230321.43,3719.0724700,N,12158.4630160,W,1,0,0.0,0.0000,M,0.0000,M,0.0000,0
$GPRMC,230321.43,A,3719.0724700,N,12158.4630160,W,2.5412,9.6178,101220,,,,
$GPGGA,230322.43,3719.0734720,N,12158.4622360,W,1,0,0.0,0.0000,M,0.0000,M,0.0000,0
$GPRMC,230322.43,A,3719.0734720,N,12158.4622360,W,1.6547,23.7713,101220,,,,
$GPGGA,230323.43,3719.0739280,N,12158.4617440,W,1,0,0.0,0.0000,M,0.0000,M,0.0000,0
$GPRMC,230323.43,A,3719.0739280,N,12158.4617440,W,0.5857,29.9793,101220,,,,
$GPGGA,230324.43,3719.0740180,N,12158.4616300,W,1,0,0.0,0.0000,M,0.0000,M,0.0000,0
$GPRMC,230324.43,A,3719.0740180,N,12158.4616300,W,0.0670,30.5145,101220,,,,
$GPGGA,230325.43,3719.0740300,N,12158.4616000,W,1,0,0.0,0.0000,M,0.0000,M,0.0000,0
$GPRMC,230325.43,A,3719.0740300,N,12158.4616000,W,0.0455,30.5130,101220,,,,
$GPGGA,230326.43,3719.0740420,N,12158.4615760,W,1,0,0.0,0.0000,M,0.0000,M,0.0000,0
$GPRMC,230326.43,A,3719.0740420,N,12158.4615760,W,0.0383,30.5107,101220,,,,
$GPGGA,230327.43,3719.0740540,N,12158.4615580,W,1,0,0.0,0.0000,M,0.0000,M,0.0000,0
$GPRMC,230327.43,A,3719.0740540,N,12158.4615580,W,0.0318,30.5094,101220,,,,
$GPGGA,230328.43,3719.0740600,N,12158.4615400,W,1,0,0.0,0.0000,M,0.0000,M,0.0000,0
$GPRMC,230328.43,A,3719.0740600,N,12158.4615400,W,0.0254,30.5083,101220,,,,
$GPGGA,230329.43,3719.0740720,N,12158.4615280,W,1,0,0.0,0.0000,M,0.0000,M,0.0000,0
$GPRMC,230329.43,A,3719.0740720,N,12158.4615280,W,0.0194,30.5073,101220,,,,
$GPGGA,230330.43,3719.0740780,N,12158.4615220,W,1,0,0.0,0.0000,M,0.0000,M,0.0000,0
$GPRMC,230330.43,A,3719.0740780,N,12158.4615220,W,0.0142,30.5061,101220,,,,
$GPGGA,230331.43,3719.0740840,N,12158.4615160,W,1,0,0.0,0.0000,M,0.0000,M,0.0000,0
$GPRMC,230331.43,A,3719.0740840,N,12158.4615160,W,0.0100,30.5049,101220,,,,
$GPGGA,230332.43,3719.0740900,N,12158.4615100,W,1,0,0.0,0.0000,M,0.0000,M,0.0000,0
$GPRMC,230332.43,A,3719.0740900,N,12158.4615100,W,0.0065,30.5038,101220,,,,
$GPGGA,230333.43,3719.0740960,N,12158.4615100,W,1,0,0.0,0.0000,M,0.0000,M,0.0000,0
$GPRMC,230333.43,A,3719.0740960,N,12158.4615100,W,0.0032,30.5025,101220,,,,
$GPGGA,230334.43,3719.0740960,N,12158.4615040,W,1,0,0.0,0.0000,M,0.0000,M,0.0000,0
$GPRMC,230334.43,A,3719.0740960,N,12158.4615040,W,0.0026,30.5015,101220,,,,
$GPGGA,230335.43,3719.0741020,N,12158.4615040,W,1,0,0.0,0.0000,M,0.0000,M,0.0000,0
$GPRMC,230335.43,A,3719.0741020,N,12158.4615040,W,0.0059,30.5005,101220,,,,
$GPGGA,230336.43,3719.0741020,N,12158.4614980,W,1,0,0.0,0.0000,M,0.0000,M,0.0000,0
$GPRMC,230336.43,A,3719.0741020,N,12158.4614980,W,0.0096,30.4993,101220,,,,
$GPGGA,230337.43,3719.0741020,N,12158.4614980,W,1,0,0.0,0.0000,M,0.0000,M,0.0000,0
$GPRMC,230337.43,A,3719.0741020,N,12158.4614980,W,0.0112,30.4996,101220,,,,
$GPGGA,230338.43,3719.0741560,N,12158.4614560,W,1,0,0.0,0.0000,M,0.0000,M,0.0000,0
$GPRMC,230338.43,A,3719.0741560,N,12158.4614560,W,0.2979,30.5494,101220,,,,
$GPGGA,230339.43,3719.0744440,N,12158.4612460,W,1,0,0.0,0.0000,M,0.0000,M,0.0000,0
$GPRMC,230339.43,A,3719.0744440,N,12158.4612460,W,0.9744,30.6092,101220,,,,
$GPGGA,230340.43,3719.0750680,N,12158.4607540,W,1,0,0.0,0.0000,M,0.0000,M,0.0000,0
$GPRMC,230340.43,A,3719.0750680,N,12158.4607540,W,1.7448,30.9284,101220,,,,
$GPGGA,230341.43,3719.0760580,N,12158.4599560,W,1,0,0.0,0.0000,M,0.0000,M,0.0000,0
$GPRMC,230341.43,A,3719.0760580,N,12158.4599560,W,2.6379,31.9505,101220,,,,
$GPGGA,230342.43,3719.0774800,N,12158.4587680,W,1,0,0.0,0.0000,M,0.0000,M,0.0000,0
$GPRMC,230342.43,A,3719.0774800,N,12158.4587680,W,3.6917,33.1741,101220,,,,
$GPGGA,230343.43,3719.0794300,N,12158.4571000,W,1,0,0.0,0.0000,M,0.0000,M,0.0000,0
$GPRMC,230343.43,A,3719.0794300,N,12158.4571000,W,5.0200,33.8730,101220,,,,
$GPGGA,230344.43,3719.0819800,N,12158.4549340,W,1,0,0.0,0.0000,M,0.0000,M,0.0000,0
$GPRMC,230344.43,A,3719.0819800,N,12158.4549340,W,6.2707,33.9517,101220,,,,
$GPGGA,230345.43,3719.0849440,N,12158.4524020,W,1,0,0.0,0.0000,M,0.0000,M,0.0000,0
$GPRMC,230345.43,A,3719.0849440,N,12158.4524020,W,6.8224,34.0083,101220,,,,
$GPGGA,230346.43,3719.0879740,N,12158.4497800,W,1,0,0.0,0.0000,M,0.0000,M,0.0000,0
$GPRMC,230346.43,A,3719.0879740,N,12158.4497800,W,6.7683,34.5128,101220,,,,
$GPGGA,230347.43,3719.0909020,N,12158.4472000,W,1,0,0.0,0.0000,M,0.0000,M,0.0000,0
$GPRMC,230347.43,A,3719.0909020,N,12158.4472000,W,6.3332,34.8751,101220,,,,
$GPGGA,230348.43,3719.0935480,N,12158.4451240,W,1,0,0.0,0.0000,M,0.0000,M,0.0000,0
$GPRMC,230348.43,A,3719.0935480,N,12158.4451240,W,5.0986,29.8100,101220,,,,
$GPGGA,230349.43,3719.0958040,N,12158.4446260,W,1,0,0.0,0.0000,M,0.0000,M,0.0000,0
$GPRMC,230349.43,A,3719.0958040,N,12158.4446260,W,3.7754,6.6164,101220,,,,
$GPGGA,230350.43,3719.0972500,N,12158.4461440,W,1,0,0.0,0.0000,M,0.0000,M,0.0000,0
$GPRMC,230350.43,A,3719.0972500,N,12158.4461440,W,3.3795,326.5043,101220,,,,
$GPGGA,230351.43,3719.0973460,N,12158.4486040,W,1,0,0.0,0.0000,M,0.0000,M,0.0000,0
$GPRMC,230351.43,A,3719.0973460,N,12158.4486040,W,3.6481,283.0237,101220,,,,
$GPGGA,230352.43,3719.0959960,N,12158.4508180,W,1,0,0.0,0.0000,M,0.0000,M,0.0000,0
$GPRMC,230352.43,A,3719.0959960,N,12158.4508180,W,4.4477,241.5089,101220,,,,
$GPGGA,230353.43,3719.0935780,N,12158.4525460,W,1,0,0.0,0.0000,M,0.0000,M,0.0000,0
$GPRMC,230353.43,A,3719.0935780,N,12158.4525460,W,5.9227,214.4889,101220,,,,
$GPGGA,230354.43,3719.0902060,N,12158.4545920,W,1,0,0.0,0.0000,M,0.0000,M,0.0000,0
$GPRMC,230354.43,A,3719.0902060,N,12158.4545920,W,7.9778,207.1161,101220,,,,
$GPGGA,230355.43,3719.0858440,N,12158.4575800,W,1,0,0.0,0.0000,M,0.0000,M,0.0000,0
$GPRMC,230355.43,A,3719.0858440,N,12158.4575800,W,10.4394,209.5149,101220,,,,
$GPGGA,230356.43,3719.0805220,N,12158.4616780,W,1,0,0.0,0.0000,M,0.0000,M,0.0000,0
$GPRMC,230356.43,A,3719.0805220,N,12158.4616780,W,12.6239,212.1320,101220,,,,
$GPGGA,230357.43,3719.0742760,N,12158.4665920,W,1,0,0.0,0.0000,M,0.0000,M,0.0000,0
$GPRMC,230357.43,A,3719.0742760,N,12158.4665920,W,14.5792,211.9827,101220,,,,
$GPGGA,230358.43,3719.0672020,N,12158.4719260,W,1,0,0.0,0.0000,M,0.0000,M,0.0000,0
$GPRMC,230358.43,A,3719.0672020,N,12158.4719260,W,15.8740,210.7897,101220,,,,
$GPGGA,230359.43,3719.0597440,N,12158.4774040,W,1,0,0.0,0.0000,M,0.0000,M,0.0000,0
$GPRMC,230359.43,A,3719.0597440,N,12158.4774040,W,15.9816,210.5591,101220,,,,
$GPGGA,230400.43,3719.0523760,N,12158.4829300,W,1,0,0.0,0.0000,M,0.0000,M,0.0000,0
$GPRMC,230400.43,A,3719.0523760,N,12158.4829300,W,15.7653,211.4361,101220,,,,
$GPGGA,230401.43,3719.0452300,N,12158.4885340,W,1,0,0.0,0.0000,M,0.0000,M,0.0000,0
$GPRMC,230401.43,A,3719.0452300,N,12158.4885340,W,15.4258,212.5351,101220,,,,
$GPGGA,230402.43,3719.0384080,N,12158.4940540,W,1,0,0.0,0.0000,M,0.0000,M,0.0000,0
$GPRMC,230402.43,A,3719.0384080,N,12158.4940540,W,14.5148,213.1416,101220,,,,
$GPGGA,230403.43,3719.0322340,N,12158.4991420,W,1,0,0.0,0.0000,M,0.0000,M,0.0000,0
$GPRMC,230403.43,A,3719.0322340,N,12158.4991420,W,12.6704,213.5490,101220,,,,
$GPGGA,230404.43,3719.0270560,N,12158.5034740,W,1,0,0.0,0.0000,M,0.0000,M,0.0000,0
$GPRMC,230404.43,A,3719.0270560,N,12158.5034740,W,10.3828,213.8080,101220,,,,
$GPGGA,230405.43,3719.0229400,N,12158.5069180,W,1,0,0.0,0.0000,M,0.0000,M,0.0000,0
$GPRMC,230405.43,A,3719.0229400,N,12158.5069180,W,7.9230,213.7081,101220,,,,
$GPGGA,230406.43,3719.0199460,N,12158.5094140,W,1,0,0.0,0.0000,M,0.0000,M,0.0000,0
$GPRMC,230406.43,A,3719.0199460,N,12158.5094140,W,5.3629,213.6731,101220,,,,
$GPGGA,230407.43,3719.0180620,N,12158.5109920,W,1,0,0.0,0.0000,M,0.0000,M,0.0000,0
$GPRMC,230407.43,A,3719.0180620,N,12158.5109920,W,3.0883,213.7702,101220,,,,
$GPGGA,230408.43,3719.0171320,N,12158.5117720,W,1,0,0.0,0.0000,M,0.0000,M,0.0000,0
$GPRMC,230408.43,A,3719.0171320,N,12158.5117720,W,1.1306,213.6996,101220,,,,
$GPGGA,230409.43,3719.0168800,N,12158.5119880,W,1,0,0.0,0.0000,M,0.0000,M,0.0000,0
$GPRMC,230409.43,A,3719.0168800,N,12158.5119880,W,0.0443,213.6193,101220,,,,
$GPGGA,230410.43,3719.0168860,N,12158.5119880,W,1,0,0.0,0.0000,M,0.0000,M,0.0000,0
$GPRMC,230410.43,A,3719.0168860,N,12158.5119880,W,0.0056,213.6192,101220,,,,
$GPGGA,230411.43,3719.0168860,N,12158.5119940,W,1,0,0.0,0.0000,M,0.0000,M,0.0000,0
$GPRMC,230411.43,A,3719.0168860,N,12158.5119940,W,0.0030,213.6162,101220,,,,
$GPGGA,230412.43,3719.0168860,N,12158.5119940,W,1,0,0.0,0.0000,M,0.0000,M,0.0000,0
$GPRMC,230412.43,A,3719.0168860,N,12158.5119940,W,0.0027,213.6151,101220,,,,
$GPGGA,230413.43,3719.0168860,N,12158.5120000,W,1,0,0.0,0.0000,M,0.0000,M,0.0000,0
$GPRMC,230413.43,A,3719.0168860,N,12158.5120000,W,0.0022,213.6142,101220,,,,
$GPGGA,230414.43,3719.0168860,N,12158.5120000,W,1,0,0.0,0.0000,M,0.0000,M,0.0000,0
$GPRMC,230414.43,A,3719.0168860,N,12158.5120000,W,0.0026,213.6132,101220,,,,
$GPGGA,230415.43,3719.0168860,N,12158.5120060,W,1,0,0.0,0.0000,M,0.0000,M,0.0000,0
$GPRMC,230415.43,A,3719.0168860,N,12158.5120060,W,0.0034,213.6122,101220,,,,
$GPGGA,230416.43,3719.0168800,N,12158.5120060,W,1,0,0.0,0.0000,M,0.0000,M,0.0000,0
$GPRMC,230416.43,A,3719.0168800,N,12158.5120060,W,0.0045,213.6111,101220,,,,
$GPGGA,230417.43,3719.0168800,N,12158.5120060,W,1,0,0.0,0.0000,M,0.0000,M,0.0000,0
$GPRMC,230417.43,A,3719.0168800,N,12158.5120060,W,0.0062,213.6103,101220,,,,
$GPGGA,230418.43,3719.0168800,N,12158.5120120,W,1,0,0.0,0.0000,M,0.0000,M,0.0000,0
$GPRMC,230418.43,A,3719.0168800,N,12158.5120120,W,0.0084,213.6095,101220,,,,
$GPGGA,230419.43,3719.0168860,N,12158.5120120,W,1,0,0.0,0.0000,M,0.0000,M,0.0000,0
$GPRMC,230419.43,A,3719.0168860,N,12158.5120120,W,0.0106,213.6086,101220,,,,
$GPGGA,230420.43,3719.0168860,N,12158.5120120,W,1,0,0.0,0.0000,M,0.0000,M,0.0000,0
$GPRMC,230420.43,A,3719.0168860,N,12158.5120120,W,0.0140,213.6075,101220,,,,
$GPGGA,230421.43,3719.0168860,N,12158.5120120,W,1,0,0.0,0.0000,M,0.0000,M,0.0000,0
$GPRMC,230421.43,A,3719.0168860,N,12158.5120120,W,0.0182,213.6064,101220,,,,
$GPGGA,230422.43,3719.0168920,N,12158.5120120,W,1,0,0.0,0.0000,M,0.0000,M,0.0000,0
$GPRMC,230422.43,A,3719.0168920,N,12158.5120120,W,0.0231,213.6055,101220,,,,
$GPGGA,230423.43,3719.0168980,N,12158.5120060,W,1,0,0.0,0.0000,M,0.0000,M,0.0000,0
$GPRMC,230423.43,A,3719.0168980,N,12158.5120060,W,0.0288,213.6046,101220,,,,
$GPGGA,230424.43,3719.0169040,N,12158.5120000,W,1,0,0.0,0.0000,M,0.0000,M,0.0000,0
$GPRMC,230424.43,A,3719.0169040,N,12158.5120000,W,0.0354,213.6038,101220,,,,
$GPGGA,230425.43,3719.0169160,N,12158.5119880,W,1,0,0.0,0.0000,M,0.0000,M,0.0000,0
$GPRMC,230425.43,A,3719.0169160,N,12158.5119880,W,0.0432,213.6027,101220,,,,
$GPGGA,230426.43,3719.0169220,N,12158.5119700,W,1,0,0.0,0.0000,M,0.0000,M,0.0000,0
$GPRMC,230426.43,A,3719.0169220,N,12158.5119700,W,0.0705,213.6029,101220,,,,
$GPGGA,230427.43,3719.0167840,N,12158.5120720,W,1,0,0.0,0.0000,M,0.0000,M,0.0000,0
$GPRMC,230427.43,A,3719.0167840,N,12158.5120720,W,0.8335,213.6080,101220,,,,
$GPGGA,230428.43,3719.0160220,N,12158.5126840,W,1,0,0.0,0.0000,M,0.0000,M,0.0000,0
$GPRMC,230428.43,A,3719.0160220,N,12158.5126840,W,2.6293,213.3930,101220,,,,
$GPGGA,230429.43,3719.0143720,N,12158.5138600,W,1,0,0.0,0.0000,M,0.0000,M,0.0000,0
$GPRMC,230429.43,A,3719.0143720,N,12158.5138600,W,4.2322,210.5705,101220,,,,
$GPGGA,230430.43,3719.0118760,N,12158.5150360,W,1,0,0.0,0.0000,M,0.0000,M,0.0000,0
$GPRMC,230430.43,A,3719.0118760,N,12158.5150360,W,5.6860,201.2527,101220,,,,
$GPGGA,230431.43,3719.0084800,N,12158.5153660,W,1,0,0.0,0.0000,M,0.0000,M,0.0000,0
$GPRMC,230431.43,A,3719.0084800,N,12158.5153660,W,6.9189,182.9398,101220,,,,
$GPGGA,230432.43,3719.0048920,N,12158.5138300,W,1,0,0.0,0.0000,M,0.0000,M,0.0000,0
$GPRMC,230432.43,A,3719.0048920,N,12158.5138300,W,7.4616,157.3547,101220,,,,
$GPGGA,230433.43,3719.0019400,N,12158.5101220,W,1,0,0.0,0.0000,M,0.0000,M,0.0000,0
$GPRMC,230433.43,A,3719.0019400,N,12158.5101220,W,8.5110,131.9594,101220,,,,
$GPGGA,230434.43,3718.9996720,N,12158.5045660,W,1,0,0.0,0.0000,M,0.0000,M,0.0000,0
$GPRMC,230434.43,A,3718.9996720,N,12158.5045660,W,10.1064,115.0876,101220,,,,
$GPGGA,230435.43,3718.9977940,N,12158.4975940,W,1,0,0.0,0.0000,M,0.0000,M,0.0000,0
$GPRMC,230435.43,A,3718.9977940,N,12158.4975940,W,11.5873,107.9969,101220,,,,
$GPGGA,230436.43,3718.9960480,N,12158.4896200,W,1,0,0.0,0.0000,M,0.0000,M,0.0000,0
$GPRMC,230436.43,A,3718.9960480,N,12158.4896200,W,12.8483,105.0392,101220,,,,
$GPGGA,230437.43,3718.9942660,N,12158.4808120,W,1,0,0.0,0.0000,M,0.0000,M,0.0000,0
$GPRMC,230437.43,A,3718.9942660,N,12158.4808120,W,14.0683,104.2448,101220,,,,
$GPGGA,230438.43,3718.9923640,N,12158.4711460,W,1,0,0.0,0.0000,M,0.0000,M,0.0000,0
$GPRMC,230438.43,A,3718.9923640,N,12158.4711460,W,15.3886,103.9521,101220,,,,
$GPGGA,230439.43,3718.9902880,N,12158.4605860,W,1,0,0.0,0.0000,M,0.0000,M,0.0000,0
$GPRMC,230439.43,A,3718.9902880,N,12158.4605860,W,16.7744,104.0657,101220,,,,
$GPGGA,230440.43,3718.9879900,N,12158.4491440,W,1,0,0.0,0.0000,M,0.0000,M,0.0000,0
$GPRMC,230440.43,A,3718.9879900,N,12158.4491440,W,18.0427,104.3761,101220,,,,
$GPGGA,230441.43,3718.9855360,N,12158.4369760,W,1,0,0.0,0.0000,M,0.0000,M,0.0000,0
$GPRMC,230441.43,A,3718.9855360,N,12158.4369760,W,18.9399,104.3156,101220,,,,
$GPGGA,230442.43,3718.9830100,N,12158.4243640,W,1,0,0.0,0.0000,M,0.0000,M,0.0000,0
$GPRMC,230442.43,A,3718.9830100,N,12158.4243640,W,19.4683,104.1690,101220,,,,
$GPGGA,230443.43,3718.9804780,N,12158.4113980,W,1,0,0.0,0.0000,M,0.0000,M,0.0000,0
$GPRMC,230443.43,A,3718.9804780,N,12158.4113980,W,20.0003,103.6475,101220,,,,
$GPGGA,230444.43,3718.9780900,N,12158.3979940,W,1,0,0.0,0.0000,M,0.0000,M,0.0000,0
$GPRMC,230444.43,A,3718.9780900,N,12158.3979940,W,20.6147,102.0161,101220,,,,
$GPGGA,230445.43,3718.9760860,N,12158.3840740,W,1,0,0.0,0.0000,M,0.0000,M,0.0000,0
$GPRMC,230445.43,A,3718.9760860,N,12158.3840740,W,21.2146,99.0067,101220,,,,
$GPGGA,230446.43,3718.9746880,N,12158.3695960,W,1,0,0.0,0.0000,M,0.0000,M,0.0000,0
$GPRMC,230446.43,A,3718.9746880,N,12158.3695960,W,21.9376,95.8508,101220,,,,
$GPGGA,230447.43,3718.9737400,N,12158.3544880,W,1,0,0.0,0.0000,M,0.0000,M,0.0000,0
$GPRMC,230447.43,A,3718.9737400,N,12158.3544880,W,22.8702,94.0388,101220,,,,
$GPGGA,230448.43,3718.9729600,N,12158.3387380,W,1,0,0.0,0.0000,M,0.0000,M,0.0000,0
$GPRMC,230448.43,A,3718.9729600,N,12158.3387380,W,23.6954,93.3935,101220,,,,
$GPGGA,230449.43,3718.9722340,N,12158.3225800,W,1,0,0.0,0.0000,M,0.0000,M,0.0000,0
$GPRMC,230449.43,A,3718.9722340,N,12158.3225800,W,24.0847,93.4760,101220,,,,
$GPGGA,230450.43,3718.9714120,N,12158.3063620,W,1,0,0.0,0.0000,M,0.0000,M,0.0000,0
$GPRMC,230450.43,A,3718.9714120,N,12158.3063620,W,23.8804,94.1857,101220,,,,
$GPGGA,230451.43,3718.9704820,N,12158.2903480,W,1,0,0.0,0.0000,M,0.0000,M,0.0000,0
$GPRMC,230451.43,A,3718.9704820,N,12158.2903480,W,23.5770,94.2297,101220,,,,
$GPGGA,230452.43,3718.9696840,N,12158.2745080,W,1,0,0.0,0.0000,M,0.0000,M,0.0000,0
$GPRMC,230452.43,A,3718.9696840,N,12158.2745080,W,23.3334,93.0870,101220,,,,
$GPGGA,230453.43,3718.9692160,N,12158.2587520,W,1,0,0.0,0.0000,M,0.0000,M,0.0000,0
$GPRMC,230453.43,A,3718.9692160,N,12158.2587520,W,23.3327,91.5096,101220,,,,
$GPGGA,230454.43,3718.9690420,N,12158.2428400,W,1,0,0.0,0.0000,M,0.0000,M,0.0000,0
$GPRMC,230454.43,A,3718.9690420,N,12158.2428400,W,23.7582,90.5280,101220,,,,
$GPGGA,230455.43,3718.9690180,N,12158.2265440,W,1,0,0.0,0.0000,M,0.0000,M,0.0000,0
$GPRMC,230455.43,A,3718.9690180,N,12158.2265440,W,24.3949,90.0620,101220,,,,
$GPGGA,230456.43,3718.9691080,N,12158.2098160,W,1,0,0.0,0.0000,M,0.0000,M,0.0000,0
$GPRMC,230456.43,A,3718.9691080,N,12158.2098160,W,25.0370,89.3714,101220,,,,
$GPGGA,230457.43,3718.9694080,N,12158.1927340,W,1,0,0.0,0.0000,M,0.0000,M,0.0000,0
$GPRMC,230457.43,A,3718.9694080,N,12158.1927340,W,25.4319,88.4127,101220,,,,
$GPGGA,230458.43,3718.9698700,N,12158.1755200,W,1,0,0.0,0.0000,M,0.0000,M,0.0000,0
$GPRMC,230458.43,A,3718.9698700,N,12158.1755200,W,25.4074,88.0325,101220,,,,
$GPGGA,230459.43,3718.9703560,N,12158.1583480,W,1,0,0.0,0.0000,M,0.0000,M,0.0000,0
$GPRMC,230459.43,A,3718.9703560,N,12158.1583480,W,25.3643,88.0007,101220,,,,
$GPGGA,230500.43,3718.9708600,N,12158.1411580,W,1,0,0.0,0.0000,M,0.0000,M,0.0000,0
$GPRMC,230500.43,A,3718.9708600,N,12158.1411580,W,25.4943,87.8340,101220,,,,
$GPGGA,230501.43,3718.9714180,N,12158.1238420,W,1,0,0.0,0.0000,M,0.0000,M,0.0000,0
$GPRMC,230501.43,A,3718.9714180,N,12158.1238420,W,25.7123,87.6653,101220,,,,
$GPGGA,230502.43,3718.9719700,N,12158.1063880,W,1,0,0.0,0.0000,M,0.0000,M,0.0000,0
$GPRMC,230502.43,A,3718.9719700,N,12158.1063880,W,25.9095,87.7958,101220,,,,
$GPGGA,230503.43,3718.9725100,N,12158.0888140,W,1,0,0.0,0.0000,M,0.0000,M,0.0000,0
$GPRMC,230503.43,A,3718.9725100,N,12158.0888140,W,26.0615,87.7874,101220,,,,
$GPGGA,230504.43,3718.9730920,N,12158.0711440,W,1,0,0.0,0.0000,M,0.0000,M,0.0000,0
$GPRMC,230504.43,A,3718.9730920,N,12158.0711440,W,26.1545,87.6052,101220,,,,
$GPGGA,230505.43,3718.9736920,N,12158.0534860,W,1,0,0.0,0.0000,M,0.0000,M,0.0000,0
$GPRMC,230505.43,A,3718.9736920,N,12158.0534860,W,25.9974,87.6625,101220,,,,
$GPGGA,230506.43,3718.9742500,N,12158.0360380,W,1,0,0.0,0.0000,M,0.0000,M,0.0000,0
$GPRMC,230506.43,A,3718.9742500,N,12158.0360380,W,25.5884,87.7498,101220,,,,
$GPGGA,230507.43,3718.9747840,N,12158.0188900,W,1,0,0.0,0.0000,M,0.0000,M,0.0000,0
$GPRMC,230507.43,A,3718.9747840,N,12158.0188900,W,25.1060,87.8145,101220,,,,
$GPGGA,230508.43,3718.9752880,N,12158.0020840,W,1,0,0.0,0.0000,M,0.0000,M,0.0000,0
$GPRMC,230508.43,A,3718.9752880,N,12158.0020840,W,24.5969,87.8745,101220,,,,
$GPGGA,230509.43,3718.9757920,N,12157.9856140,W,1,0,0.0,0.0000,M,0.0000,M,0.0000,0
$GPRMC,230509.43,A,3718.9757920,N,12157.9856140,W,24.0939,87.7737,101220,,,,
$GPGGA,230510.43,3718.9763020,N,12157.9694740,W,1,0,0.0,0.0000,M,0.0000,M,0.0000,0
$GPRMC,230510.43,A,3718.9763020,N,12157.9694740,W,23.6598,87.7651,101220,,,,
$GPGGA,230511.43,3718.9768060,N,12157.9535740,W,1,0,0.0,0.0000,M,0.0000,M,0.0000,0
$GPRMC,230511.43,A,3718.9768060,N,12157.9535740,W,23.3750,87.7962,101220,,,,
$GPGGA,230512.43,3718.9772980,N,12157.9378180,W,1,0,0.0,0.0000,M,0.0000,M,0.0000,0
$GPRMC,230512.43,A,3718.9772980,N,12157.9378180,W,23.2057,87.7461,101220,,,,
$GPGGA,230513.43,3718.9778080,N,12157.9221700,W,1,0,0.0,0.0000,M,0.0000,M,0.0000,0
$GPRMC,230513.43,A,3718.9778080,N,12157.9221700,W,23.0649,87.6818,101220,,,,
$GPGGA,230514.43,3718.9783180,N,12157.9066360,W,1,0,0.0,0.0000,M,0.0000,M,0.0000,0
$GPRMC,230514.43,A,3718.9783180,N,12157.9066360,W,22.8650,87.7390,101220,,,,
$GPGGA,230515.43,3718.9787800,N,12157.8912640,W,1,0,0.0,0.0000,M,0.0000,M,0.0000,0
$GPRMC,230515.43,A,3718.9787800,N,12157.8912640,W,22.5715,88.0199,101220,,,,
$GPGGA,230516.43,3718.9791940,N,12157.8760840,W,1,0,0.0,0.0000,M,0.0000,M,0.0000,0
$GPRMC,230516.43,A,3718.9791940,N,12157.8760840,W,22.3301,88.1126,101220,,,,
$GPGGA,230517.43,3718.9795780,N,12157.8609940,W,1,0,0.0,0.0000,M,0.0000,M,0.0000,0
$GPRMC,230517.43,A,3718.9795780,N,12157.8609940,W,22.3292,88.2751,101220,,,,
$GPGGA,230518.43,3718.9798900,N,12157.8458080,W,1,0,0.0,0.0000,M,0.0000,M,0.0000,0
$GPRMC,230518.43,A,3718.9798900,N,12157.8458080,W,22.5691,88.8590,101220,,,,
$GPGGA,230519.43,3718.9800460,N,12157.8304180,W,1,0,0.0,0.0000,M,0.0000,M,0.0000,0
$GPRMC,230519.43,A,3718.9800460,N,12157.8304180,W,22.9066,89.6541,101220,,,,
$GPGGA,230520.43,3718.9800340,N,12157.8147640,W,1,0,0.0,0.0000,M,0.0000,M,0.0000,0
$GPRMC,230520.43,A,3718.9800340,N,12157.8147640,W,23.3580,90.3878,101220,,,,
$GPGGA,230521.43,3718.9798960,N,12157.7987500,W,1,0,0.0,0.0000,M,0.0000,M,0.0000,0
$GPRMC,230521.43,A,3718.9798960,N,12157.7987500,W,23.9456,90.8430,101220,,,,
$GPGGA,230522.43,3718.9796680,N,12157.7823520,W,1,0,0.0,0.0000,M,0.0000,M,0.0000,0
$GPRMC,230522.43,A,3718.9796680,N,12157.7823520,W,24.4440,91.1205,101220,,,,
$GPGGA,230523.43,3718.9794220,N,12157.7657380,W,1,0,0.0,0.0000,M,0.0000,M,0.0000,0
$GPRMC,230523.43,A,3718.9794220,N,12157.7657380,W,24.5707,91.0754,101220,,,,
$GPGGA,230524.43,3718.9791820,N,12157.7491420,W,1,0,0.0,0.0000,M,0.0000,M,0.0000,0
$GPRMC,230524.43,A,3718.9791820,N,12157.7491420,W,24.4794,90.9550,101220,,,,
$GPGGA,230525.43,3718.9789660,N,12157.7326060,W,1,0,0.0,0.0000,M,0.0000,M,0.0000,0
$GPRMC,230525.43,A,3718.9789660,N,12157.7326060,W,24.3770,90.9912,101220,,,,
$GPGGA,230526.43,3718.9787260,N,12157.7161360,W,1,0,0.0,0.0000,M,0.0000,M,0.0000,0
$GPRMC,230526.43,A,3718.9787260,N,12157.7161360,W,24.3089,91.1155,101220,,,,
$GPGGA,230527.43,3718.9784740,N,12157.6996960,W,1,0,0.0,0.0000,M,0.0000,M,0.0000,0
$GPRMC,230527.43,A,3718.9784740,N,12157.6996960,W,24.2641,91.1163,101220,,,,
$GPGGA,230528.43,3718.9782340,N,12157.6832680,W,1,0,0.0,0.0000,M,0.0000,M,0.0000,0
$GPRMC,230528.43,A,3718.9782340,N,12157.6832680,W,24.2849,90.9306,101220,,,,
$GPGGA,230529.43,3718.9780360,N,12157.6668220,W,1,0,0.0,0.0000,M,0.0000,M,0.0000,0
$GPRMC,230529.43,A,3718.9780360,N,12157.6668220,W,24.3096,90.8796,101220,,,,
$GPGGA,230530.43,3718.9778260,N,12157.6503940,W,1,0,0.0,0.0000,M,0.0000,M,0.0000,0
$GPRMC,230530.43,A,3718.9778260,N,12157.6503940,W,24.2232,90.9424,101220,,,,
$GPGGA,230531.43,3718.9776100,N,12157.6340500,W,1,0,0.0,0.0000,M,0.0000,M,0.0000,0
$GPRMC,230531.43,A,3718.9776100,N,12157.6340500,W,24.0743,90.9513,101220,,,,
$GPGGA,230532.43,3718.9774120,N,12157.6178200,W,1,0,0.0,0.0000,M,0.0000,M,0.0000,0
$GPRMC,230532.43,A,3718.9774120,N,12157.6178200,W,23.8989,90.8488,101220,,,,
$GPGGA,230533.43,3718.9772260,N,12157.6017040,W,1,0,0.0,0.0000,M,0.0000,M,0.0000,0
$GPRMC,230533.43,A,3718.9772260,N,12157.6017040,W,23.7169,90.8688,101220,,,,
$GPGGA,230534.43,3718.9770280,N,12157.5857320,W,1,0,0.0,0.0000,M,0.0000,M,0.0000,0
$GPRMC,230534.43,A,3718.9770280,N,12157.5857320,W,23.4888,90.9570,101220,,,,
$GPGGA,230535.43,3718.9768240,N,12157.5698860,W,1,0,0.0,0.0000,M,0.0000,M,0.0000,0
$GPRMC,230535.43,A,3718.9768240,N,12157.5698860,W,23.3918,90.9856,101220,,,,
$GPGGA,230536.43,3718.9765540,N,12157.5539680,W,1,0,0.0,0.0000,M,0.0000,M,0.0000,0
$GPRMC,230536.43,A,3718.9765540,N,12157.5539680,W,23.7025,91.5141,101220,,,,
$GPGGA,230537.43,3718.9760800,N,12157.5376840,W,1,0,0.0,0.0000,M,0.0000,M,0.0000,0
$GPRMC,230537.43,A,3718.9760800,N,12157.5376840,W,24.5025,92.5408,101220,,,,
$GPGGA,230538.43,3718.9754380,N,12157.5207340,W,1,0,0.0,0.0000,M,0.0000,M,0.0000,0
$GPRMC,230538.43,A,3718.9754380,N,12157.5207340,W,25.6654,92.7203,101220,,,,
$GPGGA,230539.43,3718.9749280,N,12157.5030040,W,1,0,0.0,0.0000,M,0.0000,M,0.0000,0
$GPRMC,230539.43,A,3718.9749280,N,12157.5030040,W,26.6896,91.4172,101220,,,,
$GPGGA,230540.43,3718.9748260,N,12157.4846740,W,1,0,0.0,0.0000,M,0.0000,M,0.0000,0
$GPRMC,230540.43,A,3718.9748260,N,12157.4846740,W,27.4191,89.5894,101220,,,,
$GPGGA,230541.43,3718.9751260,N,12157.4659060,W,1,0,0.0,0.0000,M,0.0000,M,0.0000,0
$GPRMC,230541.43,A,3718.9751260,N,12157.4659060,W,28.0414,88.3726,101220,,,,
$GPGGA,230542.43,3718.9756900,N,12157.4467360,W,1,0,0.0,0.0000,M,0.0000,M,0.0000,0
$GPRMC,230542.43,A,3718.9756900,N,12157.4467360,W,28.6153,87.5803,101220,,,,
$GPGGA,230543.43,3718.9764580,N,12157.4272900,W,1,0,0.0,0.0000,M,0.0000,M,0.0000,0
$GPRMC,230543.43,A,3718.9764580,N,12157.4272900,W,28.8364,86.8715,101220,,,,
$GPGGA,230544.43,3718.9774180,N,12157.4078860,W,1,0,0.0,0.0000,M,0.0000,M,0.0000,0
$GPRMC,230544.43,A,3718.9774180,N,12157.4078860,W,28.5736,86.0752,101220,,,,
$GPGGA,230545.43,3718.9785940,N,12157.3887160,W,1,0,0.0,0.0000,M,0.0000,M,0.0000,0
$GPRMC,230545.43,A,3718.9785940,N,12157.3887160,W,28.2373,85.2439,101220,,,,
$GPGGA,230546.43,3718.9799320,N,12157.3697800,W,1,0,0.0,0.0000,M,0.0000,M,0.0000,0
$GPRMC,230546.43,A,3718.9799320,N,12157.3697800,W,27.9311,84.7663,101220,,,,
$GPGGA,230547.43,3718.9813360,N,12157.3510660,W,1,0,0.0,0.0000,M,0.0000,M,0.0000,0
$GPRMC,230547.43,A,3718.9813360,N,12157.3510660,W,27.6355,84.5565,101220,,,,
$GPGGA,230548.43,3718.9827160,N,12157.3325440,W,1,0,0.0,0.0000,M,0.0000,M,0.0000,0
$GPRMC,230548.43,A,3718.9827160,N,12157.3325440,W,27.3313,84.7534,101220,,,,
$GPGGA,230549.43,3718.9839760,N,12157.3142260,W,1,0,0.0,0.0000,M,0.0000,M,0.0000,0
$GPRMC,230549.43,A,3718.9839760,N,12157.3142260,W,27.0018,85.4784,101220,,,,
$GPGGA,230550.43,3718.9849780,N,12157.2961180,W,1,0,0.0,0.0000,M,0.0000,M,0.0000,0
$GPRMC,230550.43,A,3718.9849780,N,12157.2961180,W,26.6534,86.7315,101220,,,,
$GPGGA,230551.43,3718.9856080,N,12157.2781540,W,1,0,0.0,0.0000,M,0.0000,M,0.0000,0
$GPRMC,230551.43,A,3718.9856080,N,12157.2781540,W,26.5290,88.1664,101220,,,,
$GPGGA,230552.43,3718.9859620,N,12157.2601780,W,1,0,0.0,0.0000,M,0.0000,M,0.0000,0
$GPRMC,230552.43,A,3718.9859620,N,12157.2601780,W,26.5769,88.7738,101220,,,,
$GPGGA,230553.43,3718.9862560,N,12157.2422260,W,1,0,0.0,0.0000,M,0.0000,M,0.0000,0
$GPRMC,230553.43,A,3718.9862560,N,12157.2422260,W,26.4078,88.7833,101220,,,,
$GPGGA,230554.43,3718.9865560,N,12157.2244600,W,1,0,0.0,0.0000,M,0.0000,M,0.0000,0
$GPRMC,230554.43,A,3718.9865560,N,12157.2244600,W,26.0648,88.6781,101220,,,,
$GPGGA,230555.43,3718.9868800,N,12157.2069640,W,1,0,0.0,0.0000,M,0.0000,M,0.0000,0
$GPRMC,230555.43,A,3718.9868800,N,12157.2069640,W,25.6400,88.4954,101220,,,,
$GPGGA,230556.43,3718.9872520,N,12157.1897680,W,1,0,0.0,0.0000,M,0.0000,M,0.0000,0
$GPRMC,230556.43,A,3718.9872520,N,12157.1897680,W,25.1874,88.2935,101220,,,,
$GPGGA,230557.43,3718.9876360,N,12157.1728840,W,1,0,0.0,0.0000,M,0.0000,M,0.0000,0
$GPRMC,230557.43,A,3718.9876360,N,12157.1728840,W,24.7256,88.3521,101220,,,,
$GPGGA,230558.43,3718.9879480,N,12157.1563660,W,1,0,0.0,0.0000,M,0.0000,M,0.0000,0
$GPRMC,230558.43,A,3718.9879480,N,12157.1563660,W,23.9831,88.7170,101220,,,,
$GPGGA,230559.43,3718.9882000,N,12157.1406340,W,1,0,0.0,0.0000,M,0.0000,M,0.0000,0
$GPRMC,230559.43,A,3718.9882000,N,12157.1406340,W,22.3447,88.7725,101220,,,,
$GPGGA,230600.43,3718.9884520,N,12157.1263300,W,1,0,0.0,0.0000,M,0.0000,M,0.0000,0
$GPRMC,230600.43,A,3718.9884520,N,12157.1263300,W,19.8568,88.4342,101220,,,,
$GPGGA,230601.43,3718.9887040,N,12157.1138560,W,1,0,0.0,0.0000,M,0.0000,M,0.0000,0
$GPRMC,230601.43,A,3718.9887040,N,12157.1138560,W,17.0050,88.4963,101220,,,,
$GPGGA,230602.43,3718.9886380,N,12157.1033980,W,1,0,0.0,0.0000,M,0.0000,M,0.0000,0
$GPRMC,230602.43,A,3718.9886380,N,12157.1033980,W,13.8504,93.2267,101220,,,,
$GPGGA,230603.43,3718.9873840,N,12157.0952680,W,1,0,0.0,0.0000,M,0.0000,M,0.0000,0
$GPRMC,230603.43,A,3718.9873840,N,12157.0952680,W,11.0421,108.2856,101220,,,,
$GPGGA,230604.43,3718.9844920,N,12157.0897720,W,1,0,0.0,0.0000,M,0.0000,M,0.0000,0
$GPRMC,230604.43,A,3718.9844920,N,12157.0897720,W,9.1373,132.2993,101220,,,,
$GPGGA,230605.43,3718.9806400,N,12157.0869640,W,1,0,0.0,0.0000,M,0.0000,M,0.0000,0
$GPRMC,230605.43,A,3718.9806400,N,12157.0869640,W,7.9008,156.1691,101220,,,,
$GPGGA,230606.43,3718.9767100,N,12157.0856980,W,1,0,0.0,0.0000,M,0.0000,M,0.0000,0
$GPRMC,230606.43,A,3718.9767100,N,12157.0856980,W,7.2325,166.5636,101220,,,,
$GPGGA,230607.43,3718.9731760,N,12157.0840780,W,1,0,0.0,0.0000,M,0.0000,M,0.0000,0
$GPRMC,230607.43,A,3718.9731760,N,12157.0840780,W,6.8140,156.9354,101220,,,,
$GPGGA,230608.43,3718.9704160,N,12157.0812880,W,1,0,0.0,0.0000,M,0.0000,M,0.0000,0
$GPRMC,230608.43,A,3718.9704160,N,12157.0812880,W,6.5255,137.6793,101220,,,,
$GPGGA,230609.43,3718.9687000,N,12157.0776220,W,1,0,0.0,0.0000,M,0.0000,M,0.0000,0
$GPRMC,230609.43,A,3718.9687000,N,12157.0776220,W,6.2803,117.5076,101220,,,,
$GPGGA,230610.43,3718.9680760,N,12157.0735420,W,1,0,0.0,0.0000,M,0.0000,M,0.0000,0
$GPRMC,230610.43,A,3718.9680760,N,12157.0735420,W,6.2291,99.6221,101220,,,,
$GPGGA,230611.43,3718.9679920,N,12157.0691860,W,1,0,0.0,0.0000,M,0.0000,M,0.0000,0
$GPRMC,230611.43,A,3718.9679920,N,12157.0691860,W,6.7499,91.6264,101220,,,,
$GPGGA,230612.43,3718.9679740,N,12157.0644580,W,1,0,0.0,0.0000,M,0.0000,M,0.0000,0
$GPRMC,230612.43,A,3718.9679740,N,12157.0644580,W,7.1977,90.5920,101220,,,,
$GPGGA,230613.43,3718.9679560,N,12157.0595680,W,1,0,0.0,0.0000,M,0.0000,M,0.0000,0
$GPRMC,230613.43,A,3718.9679560,N,12157.0595680,W,7.1404,90.5635,101220,,,,
$GPGGA,230614.43,3718.9679020,N,12157.0549000,W,1,0,0.0,0.0000,M,0.0000,M,0.0000,0
$GPRMC,230614.43,A,3718.9679020,N,12157.0549000,W,6.5437,91.2119,101220,,,,
$GPGGA,230615.43,3718.9678060,N,12157.0508680,W,1,0,0.0,0.0000,M,0.0000,M,0.0000,0
$GPRMC,230615.43,A,3718.9678060,N,12157.0508680,W,5.3262,92.1733,101220,,,,
$GPGGA,230616.43,3718.9677040,N,12157.0477900,W,1,0,0.0,0.0000,M,0.0000,M,0.0000,0
$GPRMC,230616.43,A,3718.9677040,N,12157.0477900,W,3.7842,92.7748,101220,,,,
$GPGGA,230617.43,3718.9676260,N,12157.0457020,W,1,0,0.0,0.0000,M,0.0000,M,0.0000,0
$GPRMC,230617.43,A,3718.9676260,N,12157.0457020,W,2.4305,92.8252,101220,,,,
$GPGGA,230618.43,3718.9675900,N,12157.0444300,W,1,0,0.0,0.0000,M,0.0000,M,0.0000,0
$GPRMC,230618.43,A,3718.9675900,N,12157.0444300,W,1.3364,92.7570,101220,,,,
$GPGGA,230619.43,3718.9675720,N,12157.0438840,W,1,0,0.0,0.0000,M,0.0000,M,0.0000,0
$GPRMC,230619.43,A,3718.9675720,N,12157.0438840,W,0.3831,92.7218,101220,,,,
$GPGGA,230620.43,3718.9675720,N,12157.0438180,W,1,0,0.0,0.0000,M,0.0000,M,0.0000,0
$GPRMC,230620.43,A,3718.9675720,N,12157.0438180,W,0.0107,92.7142,101220,,,,
$GPGGA,230621.43,3718.9675780,N,12157.0438120,W,1,0,0.0,0.0000,M,0.0000,M,0.0000,0
$GPRMC,230621.43,A,3718.9675780,N,12157.0438120,W,0.0080,92.7115,101220,,,,
$GPGGA,230622.43,3718.9675840,N,12157.0438120,W,1,0,0.0,0.0000,M,0.0000,M,0.0000,0
$GPRMC,230622.43,A,3718.9675840,N,12157.0438120,W,0.0060,92.7100,101220,,,,
$GPGGA,230623.43,3718.9675840,N,12157.0438120,W,1,0,0.0,0.0000,M,0.0000,M,0.0000,0
$GPRMC,230623.43,A,3718.9675840,N,12157.0438120,W,0.0048,92.7095,101220,,,,
$GPGGA,230624.43,3718.9675840,N,12157.0438060,W,1,0,0.0,0.0000,M,0.0000,M,0.0000,0
$GPRMC,230624.43,A,3718.9675840,N,12157.0438060,W,0.0043,92.7084,101220,,,,
$GPGGA,230625.43,3718.9675840,N,12157.0438060,W,1,0,0.0,0.0000,M,0.0000,M,0.0000,0
$GPRMC,230625.43,A,3718.9675840,N,12157.0438060,W,0.0041,92.7073,101220,,,,
$GPGGA,230626.43,3718.9675840,N,12157.0438060,W,1,0,0.0,0.0000,M,0.0000,M,0.0000,0
$GPRMC,230626.43,A,3718.9675840,N,12157.0438060,W,0.0041,92.7062,101220,,,,
$GPGGA,230627.43,3718.9675840,N,12157.0438060,W,1,0,0.0,0.0000,M,0.0000,M,0.0000,0
$GPRMC,230627.43,A,3718.9675840,N,12157.0438060,W,0.0036,92.7053,101220,,,,
$GPGGA,230628.43,3718.9675840,N,12157.0438060,W,1,0,0.0,0.0000,M,0.0000,M,0.0000,0
$GPRMC,230628.43,A,3718.9675840,N,12157.0438060,W,0.0027,92.7042,101220,,,,
$GPGGA,230629.43,3718.9675840,N,12157.0438000,W,1,0,0.0,0.0000,M,0.0000,M,0.0000,0
$GPRMC,230629.43,A,3718.9675840,N,12157.0438000,W,0.0019,92.7031,101220,,,,
$GPGGA,230630.43,3718.9675840,N,12157.0438000,W,1,0,0.0,0.0000,M,0.0000,M,0.0000,0
$GPRMC,230630.43,A,3718.9675840,N,12157.0438000,W,0.0017,92.7019,101220,,,,
$GPGGA,230631.43,3718.9675840,N,12157.0438000,W,1,0,0.0,0.0000,M,0.0000,M,0.0000,0
$GPRMC,230631.43,A,3718.9675840,N,12157.0438000,W,0.0027,92.7008,101220,,,,
$GPGGA,230632.43,3718.9675840,N,12157.0438000,W,1,0,0.0,0.0000,M,0.0000,M,0.0000,0
$GPRMC,230632.43,A,3718.9675840,N,12157.0438000,W,0.0048,92.6998,101220,,,,
$GPGGA,230633.43,3718.9675840,N,12157.0437820,W,1,0,0.0,0.0000,M,0.0000,M,0.0000,0
$GPRMC,230633.43,A,3718.9675840,N,12157.0437820,W,0.1357,92.6956,101220,,,,
$GPGGA,230634.43,3718.9675780,N,12157.0434820,W,1,0,0.0,0.0000,M,0.0000,M,0.0000,0
$GPRMC,230634.43,A,3718.9675780,N,12157.0434820,W,0.9381,92.6534,101220,,,,
$GPGGA,230635.43,3718.9675360,N,12157.0422760,W,1,0,0.0,0.0000,M,0.0000,M,0.0000,0
$GPRMC,230635.43,A,3718.9675360,N,12157.0422760,W,2.7462,92.7499,101220,,,,
$GPGGA,230636.43,3718.9674220,N,12157.0396840,W,1,0,0.0,0.0000,M,0.0000,M,0.0000,0
$GPRMC,230636.43,A,3718.9674220,N,12157.0396840,W,4.7714,93.0677,101220,,,,
$GPGGA,230637.43,3718.9672660,N,12157.0359820,W,1,0,0.0,0.0000,M,0.0000,M,0.0000,0
$GPRMC,230637.43,A,3718.9672660,N,12157.0359820,W,6.0282,93.1020,101220,,,,
$GPGGA,230638.43,3718.9671100,N,12157.0316440,W,1,0,0.0,0.0000,M,0.0000,M,0.0000,0
$GPRMC,230638.43,A,3718.9671100,N,12157.0316440,W,6.8684,92.6708,101220,,,,
$GPGGA,230639.43,3718.9669840,N,12157.0267180,W,1,0,0.0,0.0000,M,0.0000,M,0.0000,0
$GPRMC,230639.43,A,3718.9669840,N,12157.0267180,W,7.6214,91.9892,101220,,,,
$GPGGA,230640.43,3718.9669960,N,12157.0214800,W,1,0,0.0,0.0000,M,0.0000,M,0.0000,0
$GPRMC,230640.43,A,3718.9669960,N,12157.0214800,W,7.7177,88.8390,101220,,,,
$GPGGA,230641.43,3718.9675600,N,12157.0164220,W,1,0,0.0,0.0000,M,0.0000,M,0.0000,0
$GPRMC,230641.43,A,3718.9675600,N,12157.0164220,W,7.4576,79.5239,101220,,,,
$GPGGA,230642.43,3718.9690600,N,12157.0119340,W,1,0,0.0,0.0000,M,0.0000,M,0.0000,0
$GPRMC,230642.43,A,3718.9690600,N,12157.0119340,W,7.1152,64.1256,101220,,,,
$GPGGA,230643.43,3718.9715860,N,12157.0085560,W,1,0,0.0,0.0000,M,0.0000,M,0.0000,0
$GPRMC,230643.43,A,3718.9715860,N,12157.0085560,W,6.8263,42.6231,101220,,,,
$GPGGA,230644.43,3718.9749220,N,12157.0069600,W,1,0,0.0,0.0000,M,0.0000,M,0.0000,0
$GPRMC,230644.43,A,3718.9749220,N,12157.0069600,W,6.8546,17.4066,101220,,,,
$GPGGA,230645.43,3718.9787860,N,12157.0067620,W,1,0,0.0,0.0000,M,0.0000,M,0.0000,0
$GPRMC,230645.43,A,3718.9787860,N,12157.0067620,W,7.7956,1.9164,101220,,,,
$GPGGA,230646.43,3718.9835800,N,12157.0069180,W,1,0,0.0,0.0000,M,0.0000,M,0.0000,0
$GPRMC,230646.43,A,3718.9835800,N,12157.0069180,W,10.0475,359.5798,101220,,,,
$GPGGA,230647.43,3718.9898080,N,12157.0070620,W,1,0,0.0,0.0000,M,0.0000,M,0.0000,0
$GPRMC,230647.43,A,3718.9898080,N,12157.0070620,W,12.8963,359.5627,101220,,,,
$GPGGA,230648.43,3718.9972840,N,12157.0071520,W,1,0,0.0,0.0000,M,0.0000,M,0.0000,0
$GPRMC,230648.43,A,3718.9972840,N,12157.0071520,W,14.5990,359.8066,101220,,,,
$GPGGA,230649.43,3719.0052280,N,12157.0072060,W,1,0,0.0,0.0000,M,0.0000,M,0.0000,0
$GPRMC,230649.43,A,3719.0052280,N,12157.0072060,W,14.4129,359.9606,101220,,,,
$GPGGA,230650.43,3719.0125900,N,12157.0072300,W,1,0,0.0,0.0000,M,0.0000,M,0.0000,0
$GPRMC,230650.43,A,3719.0125900,N,12157.0072300,W,12.4770,0.0150,101220,,,,
$GPGGA,230651.43,3719.0184820,N,12157.0072300,W,1,0,0.0,0.0000,M,0.0000,M,0.0000,0
$GPRMC,230651.43,A,3719.0184820,N,12157.0072300,W,9.2579,0.1714,101220,,,,
$GPGGA,230652.43,3719.0225740,N,12157.0072360,W,1,0,0.0,0.0000,M,0.0000,M,0.0000,0
$GPRMC,230652.43,A,3719.0225740,N,12157.0072360,W,5.9355,0.2780,101220,,,,
$GPGGA,230653.43,3719.0250100,N,12157.0072300,W,1,0,0.0,0.0000,M,0.0000,M,0.0000,0
$GPRMC,230653.43,A,3719.0250100,N,12157.0072300,W,3.2925,0.2443,101220,,,,
$GPGGA,230654.43,3719.0262820,N,12157.0072360,W,1,0,0.0,0.0000,M,0.0000,M,0.0000,0
$GPRMC,230654.43,A,3719.0262820,N,12157.0072360,W,1.5489,359.9236,101220,,,,
$GPGGA,230655.43,3719.0267620,N,12157.0072540,W,1,0,0.0,0.0000,M,0.0000,M,0.0000,0
$GPRMC,230655.43,A,3719.0267620,N,12157.0072540,W,0.3838,359.7038,101220,,,,
$GPGGA,230656.43,3719.0268040,N,12157.0072600,W,1,0,0.0,0.0000,M,0.0000,M,0.0000,0
$GPRMC,230656.43,A,3719.0268040,N,12157.0072600,W,0.0034,359.6889,101220,,,,
$GPGGA,230657.43,3719.0268040,N,12157.0072600,W,1,0,0.0,0.0000,M,0.0000,M,0.0000,0
$GPRMC,230657.43,A,3719.0268040,N,12157.0072600,W,0.0041,359.6880,101220,,,,
$GPGGA,230658.43,3719.0268040,N,12157.0072600,W,1,0,0.0,0.0000,M,0.0000,M,0.0000,0
$GPRMC,230658.43,A,3719.0268040,N,12157.0072600,W,0.0028,359.6854,101220,,,,
$GPGGA,230659.43,3719.0268040,N,12157.0072600,W,1,0,0.0,0.0000,M,0.0000,M,0.0000,0
$GPRMC,230659.43,A,3719.0268040,N,12157.0072600,W,0.0030,359.6843,101220,,,,
$GPGGA,230700.43,3719.0267980,N,12157.0072600,W,1,0,0.0,0.0000,M,0.0000,M,0.0000,0
$GPRMC,230700.43,A,3719.0267980,N,12157.0072600,W,0.0032,359.6833,101220,,,,
$GPGGA,230701.43,3719.0267980,N,12157.0072600,W,1,0,0.0,0.0000,M,0.0000,M,0.0000,0
$GPRMC,230701.43,A,3719.0267980,N,12157.0072600,W,0.0031,359.6823,101220,,,,
$GPGGA,230702.43,3719.0267920,N,12157.0072600,W,1,0,0.0,0.0000,M,0.0000,M,0.0000,0
$GPRMC,230702.43,A,3719.0267920,N,12157.0072600,W,0.0026,359.6812,101220,,,,
$GPGGA,230703.43,3719.0267920,N,12157.0072600,W,1,0,0.0,0.0000,M,0.0000,M,0.0000,0
$GPRMC,230703.43,A,3719.0267920,N,12157.0072600,W,0.0016,359.6801,101220,,,,
$GPGGA,230704.43,3719.0267860,N,12157.0072600,W,1,0,0.0,0.0000,M,0.0000,M,0.0000,0
$GPRMC,230704.43,A,3719.0267860,N,12157.0072600,W,0.0006,359.6790,101220,,,,
$GPGGA,230705.43,3719.0267860,N,12157.0072600,W,1,0,0.0,0.0000,M,0.0000,M,0.0000,0
$GPRMC,230705.43,A,3719.0267860,N,12157.0072600,W,0.0000,359.6780,101220,,,,
$GPGGA,230706.43,3719.0267860,N,12157.0072600,W,1,0,0.0,0.0000,M,0.0000,M,0.0000,0
$GPRMC,230706.43,A,3719.0267860,N,12157.0072600,W,0.0004,359.6770,101220,,,,
$GPGGA,230707.43,3719.0267860,N,12157.0072600,W,1,0,0.0,0.0000,M,0.0000,M,0.0000,0
$GPRMC,230707.43,A,3719.0267860,N,12157.0072600,W,0.0010,359.6760,101220,,,,
$GPGGA,230708.43,3719.0267860,N,12157.0072600,W,1,0,0.0,0.0000,M,0.0000,M,0.0000,0
$GPRMC,230708.43,A,3719.0267860,N,12157.0072600,W,0.0012,359.6750,101220,,,,
$GPGGA,230709.43,3719.0267860,N,12157.0072600,W,1,0,0.0,0.0000,M,0.0000,M,0.0000,0
$GPRMC,230709.43,A,3719.0267860,N,12157.0072600,W,0.0012,359.6740,101220,,,,
$GPGGA,230710.43,3719.0267860,N,12157.0072600,W,1,0,0.0,0.0000,M,0.0000,M,0.0000,0
$GPRMC,230710.43,A,3719.0267860,N,12157.0072600,W,0.0014,359.6728,101220,,,,
$GPGGA,230711.43,3719.0267860,N,12157.0072600,W,1,0,0.0,0.0000,M,0.0000,M,0.0000,0
$GPRMC,230711.43,A,3719.0267860,N,12157.0072600,W,0.0017,359.6717,101220,,,,
$GPGGA,230712.43,3719.0267860,N,12157.0072600,W,1,0,0.0,0.0000,M,0.0000,M,0.0000,0
$GPRMC,230712.43,A,3719.0267860,N,12157.0072600,W,0.0012,359.6705,101220,,,,
$GPGGA,230713.43,3719.0267860,N,12157.0072600,W,1,0,0.0,0.0000,M,0.0000,M,0.0000,0
$GPRMC,230713.43,A,3719.0267860,N,12157.0072600,W,0.0012,359.6693,101220,,,,
$GPGGA,230714.43,3719.0267860,N,12157.0072600,W,1,0,0.0,0.0000,M,0.0000,M,0.0000,0
$GPRMC,230714.43,A,3719.0267860,N,12157.0072600,W,0.0014,359.6683,101220,,,,
$GPGGA,230715.43,3719.0267860,N,12157.0072600,W,1,0,0.0,0.0000,M,0.0000,M,0.0000,0
$GPRMC,230715.43,A,3719.0267860,N,12157.0072600,W,0.0012,359.6673,101220,,,,
$GPGGA,230716.43,3719.0267860,N,12157.0072600,W,1,0,0.0,0.0000,M,0.0000,M,0.0000,0
$GPRMC,230716.43,A,3719.0267860,N,12157.0072600,W,0.0010,359.6663,101220,,,,
$GPGGA,230717.43,3719.0267860,N,12157.0072600,W,1,0,0.0,0.0000,M,0.0000,M,0.0000,0
$GPRMC,230717.43,A,3719.0267860,N,12157.0072600,W,0.0012,359.6654,101220,,,,
$GPGGA,230718.43,3719.0267860,N,12157.0072600,W,1,0,0.0,0.0000,M,0.0000,M,0.0000,0
$GPRMC,230718.43,A,3719.0267860,N,12157.0072600,W,0.0012,359.6644,101220,,,,
$GPGGA,230719.43,3719.0267860,N,12157.0072600,W,1,0,0.0,0.0000,M,0.0000,M,0.0000,0
$GPRMC,230719.43,A,3719.0267860,N,12157.0072600,W,0.0012,359.6634,101220,,,,
$GPGGA,230720.43,3719.0267860,N,12157.0072600,W,1,0,0.0,0.0000,M,0.0000,M,0.0000,0
$GPRMC,230720.43,A,3719.0267860,N,12157.0072600,W,0.0012,359.6623,101220,,,,
$GPGGA,230721.43,3719.0267860,N,12157.0072600,W,1,0,0.0,0.0000,M,0.0000,M,0.0000,0
$GPRMC,230721.43,A,3719.0267860,N,12157.0072600,W,0.0010,359.6612,101220,,,,
$GPGGA,230722.43,3719.0267860,N,12157.0072600,W,1,0,0.0,0.0000,M,0.0000,M,0.0000,0
$GPRMC,230722.43,A,3719.0267860,N,12157.0072600,W,0.0012,359.6602,101220,,,,
$GPGGA,230723.43,3719.0267860,N,12157.0072600,W,1,0,0.0,0.0000,M,0.0000,M,0.0000,0
$GPRMC,230723.43,A,3719.0267860,N,12157.0072600,W,0.0012,359.6592,101220,,,,
$GPGGA,230724.43,3719.0267860,N,12157.0072600,W,1,0,0.0,0.0000,M,0.0000,M,0.0000,0
$GPRMC,230724.43,A,3719.0267860,N,12157.0072600,W,0.0010,359.6582,101220,,,,
$GPGGA,230725.43,3719.0267860,N,12157.0072600,W,1,0,0.0,0.0000,M,0.0000,M,0.0000,0
$GPRMC,230725.43,A,3719.0267860,N,12157.0072600,W,0.0010,359.6572,101220,,,,
$GPGGA,230726.43,3719.0267860,N,12157.0072600,W,1,0,0.0,0.0000,M,0.0000,M,0.0000,0
$GPRMC,230726.43,A,3719.0267860,N,12157.0072600,W,0.0010,359.6561,101220,,,,
$GPGGA,230727.43,3719.0267860,N,12157.0072600,W,1,0,0.0,0.0000,M,0.0000,M,0.0000,0
$GPRMC,230727.43,A,3719.0267860,N,12157.0072600,W,0.0010,359.6552,101220,,,,
$GPGGA,230728.43,3719.0267860,N,12157.0072600,W,1,0,0.0,0.0000,M,0.0000,M,0.0000,0
$GPRMC,230728.43,A,3719.0267860,N,12157.0072600,W,0.0010,359.6542,101220,,,,
$GPGGA,230729.43,3719.0267860,N,12157.0072600,W,1,0,0.0,0.0000,M,0.0000,M,0.0000,0
$GPRMC,230729.43,A,3719.0267860,N,12157.0072600,W,0.0010,359.6533,101220,,,,
$GPGGA,230730.43,3719.0267860,N,12157.0072600,W,1,0,0.0,0.0000,M,0.0000,M,0.0000,0
$GPRMC,230730.43,A,3719.0267860,N,12157.0072600,W,0.0010,359.6524,101220,,,,
$GPGGA,230731.43,3719.0267860,N,12157.0072600,W,1,0,0.0,0.0000,M,0.0000,M,0.0000,0
$GPRMC,230731.43,A,3719.0267860,N,12157.0072600,W,0.0010,359.6513,101220,,,,
$GPGGA,230732.43,3719.0267860,N,12157.0072600,W,1,0,0.0,0.0000,M,0.0000,M,0.0000,0
$GPRMC,230732.43,A,3719.0267860,N,12157.0072600,W,0.0010,359.6501,101220,,,,
$GPGGA,230733.43,3719.0267860,N,12157.0072600,W,1,0,0.0,0.0000,M,0.0000,M,0.0000,0
$GPRMC,230733.43,A,3719.0267860,N,12157.0072600,W,0.0010,359.6491,101220,,,,
$GPGGA,230734.43,3719.0267860,N,12157.0072600,W,1,0,0.0,0.0000,M,0.0000,M,0.0000,0
$GPRMC,230734.43,A,3719.0267860,N,12157.0072600,W,0.0006,359.6482,101220,,,,
$GPGGA,230735.43,3719.0267860,N,12157.0072600,W,1,0,0.0,0.0000,M,0.0000,M,0.0000,0
$GPRMC,230735.43,A,3719.0267860,N,12157.0072600,W,0.0004,359.6471,101220,,,,
$GPGGA,230736.43,3719.0267860,N,12157.0072600,W,1,0,0.0,0.0000,M,0.0000,M,0.0000,0
$GPRMC,230736.43,A,3719.0267860,N,12157.0072600,W,0.0006,359.6460,101220,,,,
$GPGGA,230737.43,3719.0267860,N,12157.0072600,W,1,0,0.0,0.0000,M,0.0000,M,0.0000,0
$GPRMC,230737.43,A,3719.0267860,N,12157.0072600,W,0.0000,359.6449,101220,,,,
$GPGGA,230738.43,3719.0267860,N,12157.0072600,W,1,0,0.0,0.0000,M,0.0000,M,0.0000,0
$GPRMC,230738.43,A,3719.0267860,N,12157.0072600,W,0.0000,359.6439,101220,,,,
$GPGGA,230739.43,3719.0267860,N,12157.0072600,W,1,0,0.0,0.0000,M,0.0000,M,0.0000,0
$GPRMC,230739.43,A,3719.0267860,N,12157.0072600,W,0.0000,359.6428,101220,,,,
$GPGGA,230740.43,3719.0267860,N,12157.0072600,W,1,0,0.0,0.0000,M,0.0000,M,0.0000,0
$GPRMC,230740.43,A,3719.0267860,N,12157.0072600,W,0.0004,359.6418,101220,,,,
$GPGGA,230741.43,3719.0267860,N,12157.0072600,W,1,0,0.0,0.0000,M,0.0000,M,0.0000,0
$GPRMC,230741.43,A,3719.0267860,N,12157.0072600,W,0.0010,359.6408,101220,,,,
$GPGGA,230742.43,3719.0267860,N,12157.0072600,W,1,0,0.0,0.0000,M,0.0000,M,0.0000,0
$GPRMC,230742.43,A,3719.0267860,N,12157.0072600,W,0.0006,359.6399,101220,,,,
$GPGGA,230743.43,3719.0267860,N,12157.0072600,W,1,0,0.0,0.0000,M,0.0000,M,0.0000,0
$GPRMC,230743.43,A,3719.0267860,N,12157.0072600,W,0.0000,359.6390,101220,,,,
$GPGGA,230744.43,3719.0267860,N,12157.0072600,W,1,0,0.0,0.0000,M,0.0000,M,0.0000,0
$GPRMC,230744.43,A,3719.0267860,N,12157.0072600,W,0.0000,359.6380,101220,,,,
$GPGGA,230745.43,3719.0267860,N,12157.0072600,W,1,0,0.0,0.0000,M,0.0000,M,0.0000,0
$GPRMC,230745.43,A,3719.0267860,N,12157.0072600,W,0.0000,359.6369,101220,,,,
$GPGGA,230746.43,3719.0267860,N,12157.0072600,W,1,0,0.0,0.0000,M,0.0000,M,0.0000,0
$GPRMC,230746.43,A,3719.0267860,N,12157.0072600,W,0.0000,359.6358,101220,,,,
$GPGGA,230747.43,3719.0267860,N,12157.0072600,W,1,0,0.0,0.0000,M,0.0000,M,0.0000,0
$GPRMC,230747.43,A,3719.0267860,N,12157.0072600,W,0.0000,359.6348,101220,,,,
$GPGGA,230748.43,3719.0267860,N,12157.0072600,W,1,0,0.0,0.0000,M,0.0000,M,0.0000,0
$GPRMC,230748.43,A,3719.0267860,N,12157.0072600,W,0.0000,359.6339,101220,,,,
$GPGGA,230749.43,3719.0267860,N,12157.0072600,W,1,0,0.0,0.0000,M,0.0000,M,0.0000,0
$GPRMC,230749.43,A,3719.0267860,N,12157.0072600,W,0.0000,359.6329,101220,,,,
$GPGGA,230750.43,3719.0267860,N,12157.0072600,W,1,0,0.0,0.0000,M,0.0000,M,0.0000,0
$GPRMC,230750.43,A,3719.0267860,N,12157.0072600,W,0.0004,359.6319,101220,,,,
$GPGGA,230751.43,3719.0267860,N,12157.0072600,W,1,0,0.0,0.0000,M,0.0000,M,0.0000,0
$GPRMC,230751.43,A,3719.0267860,N,12157.0072600,W,0.0010,359.6307,101220,,,,
$GPGGA,230752.43,3719.0267860,N,12157.0072600,W,1,0,0.0,0.0000,M,0.0000,M,0.0000,0
$GPRMC,230752.43,A,3719.0267860,N,12157.0072600,W,0.0010,359.6297,101220,,,,
$GPGGA,230753.43,3719.0267860,N,12157.0072600,W,1,0,0.0,0.0000,M,0.0000,M,0.0000,0
$GPRMC,230753.43,A,3719.0267860,N,12157.0072600,W,0.0010,359.6286,101220,,,,
$GPGGA,230754.43,3719.0267860,N,12157.0072600,W,1,0,0.0,0.0000,M,0.0000,M,0.0000,0
$GPRMC,230754.43,A,3719.0267860,N,12157.0072600,W,0.0010,359.6274,101220,,,,
$GPGGA,230755.43,3719.0267860,N,12157.0072600,W,1,0,0.0,0.0000,M,0.0000,M,0.0000,0
$GPRMC,230755.43,A,3719.0267860,N,12157.0072600,W,0.0010,359.6264,101220,,,,
$GPGGA,230756.43,3719.0267860,N,12157.0072600,W,1,0,0.0,0.0000,M,0.0000,M,0.0000,0
$GPRMC,230756.43,A,3719.0267860,N,12157.0072600,W,0.0010,359.6254,101220,,,,
$GPGGA,230757.43,3719.0267860,N,12157.0072600,W,1,0,0.0,0.0000,M,0.0000,M,0.0000,0
$GPRMC,230757.43,A,3719.0267860,N,12157.0072600,W,0.0012,359.6243,101220,,,,
$GPGGA,230758.43,3719.0267860,N,12157.0072600,W,1,0,0.0,0.0000,M,0.0000,M,0.0000,0
$GPRMC,230758.43,A,3719.0267860,N,12157.0072600,W,0.0014,359.6232,101220,,,,
$GPGGA,230759.43,3719.0267860,N,12157.0072600,W,1,0,0.0,0.0000,M,0.0000,M,0.0000,0
$GPRMC,230759.43,A,3719.0267860,N,12157.0072600,W,0.0014,359.6221,101220,,,,
$GPGGA,230800.43,3719.0267860,N,12157.0072600,W,1,0,0.0,0.0000,M,0.0000,M,0.0000,0
$GPRMC,230800.43,A,3719.0267860,N,12157.0072600,W,0.0018,359.6212,101220,,,,
$GPGGA,230801.43,3719.0267860,N,12157.0072600,W,1,0,0.0,0.0000,M,0.0000,M,0.0000,0
$GPRMC,230801.43,A,3719.0267860,N,12157.0072600,W,0.0026,359.6201,101220,,,,
$GPGGA,230802.43,3719.0267860,N,12157.0072600,W,1,0,0.0,0.0000,M,0.0000,M,0.0000,0
$GPRMC,230802.43,A,3719.0267860,N,12157.0072600,W,0.0034,359.6189,101220,,,,
$GPGGA,230803.43,3719.0267860,N,12157.0072600,W,1,0,0.0,0.0000,M,0.0000,M,0.0000,0
$GPRMC,230803.43,A,3719.0267860,N,12157.0072600,W,0.0033,359.6179,101220,,,,
$GPGGA,230804.43,3719.0267860,N,12157.0072600,W,1,0,0.0,0.0000,M,0.0000,M,0.0000,0
$GPRMC,230804.43,A,3719.0267860,N,12157.0072600,W,0.0032,359.6169,101220,,,,
$GPGGA,230805.43,3719.0267860,N,12157.0072600,W,1,0,0.0,0.0000,M,0.0000,M,0.0000,0
$GPRMC,230805.43,A,3719.0267860,N,12157.0072600,W,0.0033,359.6160,101220,,,,
$GPGGA,230806.43,3719.0267860,N,12157.0072600,W,1,0,0.0,0.0000,M,0.0000,M,0.0000,0
$GPRMC,230806.43,A,3719.0267860,N,12157.0072600,W,0.0028,359.6151,101220,,,,
$GPGGA,230807.43,3719.0267860,N,12157.0072600,W,1,0,0.0,0.0000,M,0.0000,M,0.0000,0
$GPRMC,230807.43,A,3719.0267860,N,12157.0072600,W,0.0030,359.6142,101220,,,,
$GPGGA,230808.43,3719.0267860,N,12157.0072600,W,1,0,0.0,0.0000,M,0.0000,M,0.0000,0
$GPRMC,230808.43,A,3719.0267860,N,12157.0072600,W,0.0032,359.6131,101220,,,,
$GPGGA,230809.43,3719.0267860,N,12157.0072600,W,1,0,0.0,0.0000,M,0.0000,M,0.0000,0
$GPRMC,230809.43,A,3719.0267860,N,12157.0072600,W,0.0031,359.6121,101220,,,,
$GPGGA,230810.43,3719.0267860,N,12157.0072600,W,1,0,0.0,0.0000,M,0.0000,M,0.0000,0
$GPRMC,230810.43,A,3719.0267860,N,12157.0072600,W,0.0027,359.6110,101220,,,,
$GPGGA,230811.43,3719.0267860,N,12157.0072600,W,1,0,0.0,0.0000,M,0.0000,M,0.0000,0
$GPRMC,230811.43,A,3719.0267860,N,12157.0072600,W,0.0030,359.6101,101220,,,,
$GPGGA,230812.43,3719.0267860,N,12157.0072600,W,1,0,0.0,0.0000,M,0.0000,M,0.0000,0
$GPRMC,230812.43,A,3719.0267860,N,12157.0072600,W,0.0049,359.6092,101220,,,,
$GPGGA,230813.43,3719.0267860,N,12157.0072600,W,1,0,0.0,0.0000,M,0.0000,M,0.0000,0
$GPRMC,230813.43,A,3719.0267860,N,12157.0072600,W,0.0077,359.6081,101220,,,,
$GPGGA,230814.43,3719.0267800,N,12157.0072600,W,1,0,0.0,0.0000,M,0.0000,M,0.0000,0
$GPRMC,230814.43,A,3719.0267800,N,12157.0072600,W,0.0119,359.6070,101220,,,,
$GPGGA,230815.43,3719.0267800,N,12157.0072540,W,1,0,0.0,0.0000,M,0.0000,M,0.0000,0
$GPRMC,230815.43,A,3719.0267800,N,12157.0072540,W,0.0167,359.6058,101220,,,,
$GPGGA,230816.43,3719.0267800,N,12157.0072540,W,1,0,0.0,0.0000,M,0.0000,M,0.0000,0
$GPRMC,230816.43,A,3719.0267800,N,12157.0072540,W,0.0228,359.6049,101220,,,,
$GPGGA,230817.43,3719.0267800,N,12157.0072540,W,1,0,0.0,0.0000,M,0.0000,M,0.0000,0
$GPRMC,230817.43,A,3719.0267800,N,12157.0072540,W,0.0299,359.6039,101220,,,,
$GPGGA,230818.43,3719.0267740,N,12157.0072540,W,1,0,0.0,0.0000,M,0.0000,M,0.0000,0
$GPRMC,230818.43,A,3719.0267740,N,12157.0072540,W,0.0380,359.6029,101220,,,,
$GPGGA,230819.43,3719.0267740,N,12157.0072600,W,1,0,0.0,0.0000,M,0.0000,M,0.0000,0
$GPRMC,230819.43,A,3719.0267740,N,12157.0072600,W,0.1176,359.6003,101220,,,,
$GPGGA,230820.43,3719.0269900,N,12157.0072840,W,1,0,0.0,0.0000,M,0.0000,M,0.0000,0
$GPRMC,230820.43,A,3719.0269900,N,12157.0072840,W,1.0170,359.3398,101220,,,,
$GPGGA,230821.43,3719.0280160,N,12157.0074280,W,1,0,0.0,0.0000,M,0.0000,M,0.0000,0
$GPRMC,230821.43,A,3719.0280160,N,12157.0074280,W,2.9973,356.9981,101220,,,,
$GPGGA,230822.43,3719.0301280,N,12157.0080340,W,1,0,0.0,0.0000,M,0.0000,M,0.0000,0
$GPRMC,230822.43,A,3719.0301280,N,12157.0080340,W,4.9434,348.6346,101220,,,,
$GPGGA,230823.43,3719.0327680,N,12157.0099720,W,1,0,0.0,0.0000,M,0.0000,M,0.0000,0
$GPRMC,230823.43,A,3719.0327680,N,12157.0099720,W,6.4937,329.1989,101220,,,,
$GPGGA,230824.43,3719.0349700,N,12157.0138720,W,1,0,0.0,0.0000,M,0.0000,M,0.0000,0
$GPRMC,230824.43,A,3719.0349700,N,12157.0138720,W,7.9357,302.8325,101220,,,,
$GPGGA,230825.43,3719.0360800,N,12157.0195660,W,1,0,0.0,0.0000,M,0.0000,M,0.0000,0
$GPRMC,230825.43,A,3719.0360800,N,12157.0195660,W,9.7556,280.7562,101220,,,,
$GPGGA,230826.43,3719.0360620,N,12157.0268380,W,1,0,0.0,0.0000,M,0.0000,M,0.0000,0
$GPRMC,230826.43,A,3719.0360620,N,12157.0268380,W,11.8392,267.8701,101220,,,,
$GPGGA,230827.43,3719.0353960,N,12157.0355980,W,1,0,0.0,0.0000,M,0.0000,M,0.0000,0
$GPRMC,230827.43,A,3719.0353960,N,12157.0355980,W,14.2346,264.5353,101220,,,,
$GPGGA,230828.43,3719.0345080,N,12157.0461700,W,1,0,0.0,0.0000,M,0.0000,M,0.0000,0
$GPRMC,230828.43,A,3719.0345080,N,12157.0461700,W,17.3097,264.3516,101220,,,,
$GPGGA,230829.43,3719.0334820,N,12157.0588060,W,1,0,0.0,0.0000,M,0.0000,M,0.0000,0
$GPRMC,230829.43,A,3719.0334820,N,12157.0588060,W,20.1439,264.4843,101220,,,,
$GPGGA,230830.43,3719.0323360,N,12157.0731700,W,1,0,0.0,0.0000,M,0.0000,M,0.0000,0
$GPRMC,230830.43,A,3719.0323360,N,12157.0731700,W,22.4850,264.4341,101220,,,,
$GPGGA,230831.43,3719.0310340,N,12157.0890820,W,1,0,0.0,0.0000,M,0.0000,M,0.0000,0
$GPRMC,230831.43,A,3719.0310340,N,12157.0890820,W,24.7713,264.0227,101220,,,,
$GPGGA,230832.43,3719.0294320,N,12157.1064820,W,1,0,0.0,0.0000,M,0.0000,M,0.0000,0
$GPRMC,230832.43,A,3719.0294320,N,12157.1064820,W,26.9357,263.1128,101220,,,,
$GPGGA,230833.43,3719.0274820,N,12157.1251780,W,1,0,0.0,0.0000,M,0.0000,M,0.0000,0
$GPRMC,230833.43,A,3719.0274820,N,12157.1251780,W,28.5726,262.3787,101220,,,,
$GPGGA,230834.43,3719.0253340,N,12157.1446600,W,1,0,0.0,0.0000,M,0.0000,M,0.0000,0
$GPRMC,230834.43,A,3719.0253340,N,12157.1446600,W,29.3716,262.1621,101220,,,,
$GPGGA,230835.43,3719.0231560,N,12157.1644000,W,1,0,0.0,0.0000,M,0.0000,M,0.0000,0
$GPRMC,230835.43,A,3719.0231560,N,12157.1644000,W,29.4763,262.2198,101220,,,,
$GPGGA,230836.43,3719.0209660,N,12157.1840980,W,1,0,0.0,0.0000,M,0.0000,M,0.0000,0
$GPRMC,230836.43,A,3719.0209660,N,12157.1840980,W,29.2211,262.1017,101220,,,,
$GPGGA,230837.43,3719.0187400,N,12157.2035740,W,1,0,0.0,0.0000,M,0.0000,M,0.0000,0
$GPRMC,230837.43,A,3719.0187400,N,12157.2035740,W,28.9043,261.7724,101220,,,,
$GPGGA,230838.43,3719.0165080,N,12157.2228220,W,1,0,0.0,0.0000,M,0.0000,M,0.0000,0
$GPRMC,230838.43,A,3719.0165080,N,12157.2228220,W,28.5516,261.7612,101220,,,,
$GPGGA,230839.43,3719.0143060,N,12157.2418240,W,1,0,0.0,0.0000,M,0.0000,M,0.0000,0
$GPRMC,230839.43,A,3719.0143060,N,12157.2418240,W,28.1577,261.8584,101220,,,,
$GPGGA,230840.43,3719.0121640,N,12157.2605380,W,1,0,0.0,0.0000,M,0.0000,M,0.0000,0
$GPRMC,230840.43,A,3719.0121640,N,12157.2605380,W,27.7178,262.0135,101220,,,,
$GPGGA,230841.43,3719.0101000,N,12157.2789760,W,1,0,0.0,0.0000,M,0.0000,M,0.0000,0
$GPRMC,230841.43,A,3719.0101000,N,12157.2789760,W,27.2962,262.1789,101220,,,,
$GPGGA,230842.43,3719.0081080,N,12157.2971440,W,1,0,0.0,0.0000,M,0.0000,M,0.0000,0
$GPRMC,230842.43,A,3719.0081080,N,12157.2971440,W,26.8980,262.1534,101220,,,,
$GPGGA,230843.43,3719.0060920,N,12157.3150480,W,1,0,0.0,0.0000,M,0.0000,M,0.0000,0
$GPRMC,230843.43,A,3719.0060920,N,12157.3150480,W,26.5224,261.7198,101220,,,,
$GPGGA,230844.43,3719.0040040,N,12157.3326880,W,1,0,0.0,0.0000,M,0.0000,M,0.0000,0
$GPRMC,230844.43,A,3719.0040040,N,12157.3326880,W,26.1602,261.3979,101220,,,,
$GPGGA,230845.43,3719.0019580,N,12157.3501060,W,1,0,0.0,0.0000,M,0.0000,M,0.0000,0
$GPRMC,230845.43,A,3719.0019580,N,12157.3501060,W,25.8886,262.0439,101220,,,,
$GPGGA,230846.43,3719.0001400,N,12157.3674460,W,1,0,0.0,0.0000,M,0.0000,M,0.0000,0
$GPRMC,230846.43,A,3719.0001400,N,12157.3674460,W,25.8241,263.0011,101220,,,,
$GPGGA,230847.43,3718.9984420,N,12157.3848220,W,1,0,0.0,0.0000,M,0.0000,M,0.0000,0
$GPRMC,230847.43,A,3718.9984420,N,12157.3848220,W,25.9740,262.9496,101220,,,,
$GPGGA,230848.43,3718.9966480,N,12157.4023900,W,1,0,0.0,0.0000,M,0.0000,M,0.0000,0
$GPRMC,230848.43,A,3718.9966480,N,12157.4023900,W,26.4538,262.7142,101220,,,,
$GPGGA,230849.43,3718.9949620,N,12157.4204320,W,1,0,0.0,0.0000,M,0.0000,M,0.0000,0
$GPRMC,230849.43,A,3718.9949620,N,12157.4204320,W,27.2144,264.0986,101220,,,,
$GPGGA,230850.43,3718.9937380,N,12157.4389720,W,1,0,0.0,0.0000,M,0.0000,M,0.0000,0
$GPRMC,230850.43,A,3718.9937380,N,12157.4389720,W,27.7433,266.2974,101220,,,,
$GPGGA,230851.43,3718.9929520,N,12157.4578120,W,1,0,0.0,0.0000,M,0.0000,M,0.0000,0
$GPRMC,230851.43,A,3718.9929520,N,12157.4578120,W,27.9819,267.6450,101220,,,,
$GPGGA,230852.43,3718.9924240,N,12157.4768560,W,1,0,0.0,0.0000,M,0.0000,M,0.0000,0
$GPRMC,230852.43,A,3718.9924240,N,12157.4768560,W,28.3511,268.3748,101220,,,,
$GPGGA,230853.43,3718.9920640,N,12157.4962060,W,1,0,0.0,0.0000,M,0.0000,M,0.0000,0
$GPRMC,230853.43,A,3718.9920640,N,12157.4962060,W,28.8212,269.0281,101220,,,,
$GPGGA,230854.43,3718.9918960,N,12157.5158440,W,1,0,0.0,0.0000,M,0.0000,M,0.0000,0
$GPRMC,230854.43,A,3718.9918960,N,12157.5158440,W,29.1673,269.7827,101220,,,,
$GPGGA,230855.43,3718.9919440,N,12157.5356920,W,1,0,0.0,0.0000,M,0.0000,M,0.0000,0
$GPRMC,230855.43,A,3718.9919440,N,12157.5356920,W,29.4869,270.5659,101220,,,,
$GPGGA,230856.43,3718.9921840,N,12157.5557620,W,1,0,0.0,0.0000,M,0.0000,M,0.0000,0
$GPRMC,230856.43,A,3718.9921840,N,12157.5557620,W,29.8151,271.0877,101220,,,,
$GPGGA,230857.43,3718.9925260,N,12157.5760480,W,1,0,0.0,0.0000,M,0.0000,M,0.0000,0
$GPRMC,230857.43,A,3718.9925260,N,12157.5760480,W,30.1469,271.2229,101220,,,,
$GPGGA,230858.43,3718.9928800,N,12157.5965500,W,1,0,0.0,0.0000,M,0.0000,M,0.0000,0
$GPRMC,230858.43,A,3718.9928800,N,12157.5965500,W,30.4364,271.1747,101220,,,,
$GPGGA,230859.43,3718.9932220,N,12157.6172260,W,1,0,0.0,0.0000,M,0.0000,M,0.0000,0
$GPRMC,230859.43,A,3718.9932220,N,12157.6172260,W,30.6515,271.1450,101220,,,,
$GPGGA,230900.43,3718.9935700,N,12157.6380220,W,1,0,0.0,0.0000,M,0.0000,M,0.0000,0
$GPRMC,230900.43,A,3718.9935700,N,12157.6380220,W,30.8028,271.1252,101220,,,,
$GPGGA,230901.43,3718.9938760,N,12157.6588960,W,1,0,0.0,0.0000,M,0.0000,M,0.0000,0
$GPRMC,230901.43,A,3718.9938760,N,12157.6588960,W,30.8337,270.9029,101220,,,,
$GPGGA,230902.43,3718.9941220,N,12157.6796860,W,1,0,0.0,0.0000,M,0.0000,M,0.0000,0
$GPRMC,230902.43,A,3718.9941220,N,12157.6796860,W,30.5411,270.8577,101220,,,,
$GPGGA,230903.43,3718.9943980,N,12157.7001820,W,1,0,0.0,0.0000,M,0.0000,M,0.0000,0
$GPRMC,230903.43,A,3718.9943980,N,12157.7001820,W,30.0119,271.0881,101220,,,,
$GPGGA,230904.43,3718.9947220,N,12157.7203540,W,1,0,0.0,0.0000,M,0.0000,M,0.0000,0
$GPRMC,230904.43,A,3718.9947220,N,12157.7203540,W,29.6476,271.2102,101220,,,,
$GPGGA,230905.43,3718.9950400,N,12157.7403700,W,1,0,0.0,0.0000,M,0.0000,M,0.0000,0
$GPRMC,230905.43,A,3718.9950400,N,12157.7403700,W,29.5318,271.0739,101220,,,,
$GPGGA,230906.43,3718.9953040,N,12157.7603380,W,1,0,0.0,0.0000,M,0.0000,M,0.0000,0
$GPRMC,230906.43,A,3718.9953040,N,12157.7603380,W,29.4862,270.8488,101220,,,,
$GPGGA,230907.43,3718.9955260,N,12157.7802940,W,1,0,0.0,0.0000,M,0.0000,M,0.0000,0
$GPRMC,230907.43,A,3718.9955260,N,12157.7802940,W,29.4809,270.7014,101220,,,,
$GPGGA,230908.43,3718.9957060,N,12157.8002080,W,1,0,0.0,0.0000,M,0.0000,M,0.0000,0
$GPRMC,230908.43,A,3718.9957060,N,12157.8002080,W,29.3599,270.5858,101220,,,,
$GPGGA,230909.43,3718.9958260,N,12157.8199660,W,1,0,0.0,0.0000,M,0.0000,M,0.0000,0
$GPRMC,230909.43,A,3718.9958260,N,12157.8199660,W,28.9958,270.3314,101220,,,,
$GPGGA,230910.43,3718.9959100,N,12157.8394660,W,1,0,0.0,0.0000,M,0.0000,M,0.0000,0
$GPRMC,230910.43,A,3718.9959100,N,12157.8394660,W,28.6314,270.4088,101220,,,,
$GPGGA,230911.43,3718.9960360,N,12157.8587380,W,1,0,0.0,0.0000,M,0.0000,M,0.0000,0
$GPRMC,230911.43,A,3718.9960360,N,12157.8587380,W,28.3172,270.7484,101220,,,,
$GPGGA,230912.43,3718.9962040,N,12157.8778060,W,1,0,0.0,0.0000,M,0.0000,M,0.0000,0
$GPRMC,230912.43,A,3718.9962040,N,12157.8778060,W,28.0339,270.4478,101220,,,,
$GPGGA,230913.43,3718.9961860,N,12157.8966940,W,1,0,0.0,0.0000,M,0.0000,M,0.0000,0
$GPRMC,230913.43,A,3718.9961860,N,12157.8966940,W,27.8008,269.5481,101220,,,,
$GPGGA,230914.43,3718.9960000,N,12157.9154560,W,1,0,0.0,0.0000,M,0.0000,M,0.0000,0
$GPRMC,230914.43,A,3718.9960000,N,12157.9154560,W,27.6696,269.3259,101220,,,,
$GPGGA,230915.43,3718.9958860,N,12157.9341640,W,1,0,0.0,0.0000,M,0.0000,M,0.0000,0
$GPRMC,230915.43,A,3718.9958860,N,12157.9341640,W,27.6048,269.8038,101220,,,,
$GPGGA,230916.43,3718.9958680,N,12157.9528240,W,1,0,0.0,0.0000,M,0.0000,M,0.0000,0
$GPRMC,230916.43,A,3718.9958680,N,12157.9528240,W,27.5233,269.8214,101220,,,,
$GPGGA,230917.43,3718.9957420,N,12157.9714300,W,1,0,0.0,0.0000,M,0.0000,M,0.0000,0
$GPRMC,230917.43,A,3718.9957420,N,12157.9714300,W,27.4560,269.1237,101220,,,,
$GPGGA,230918.43,3718.9954060,N,12157.9899880,W,1,0,0.0,0.0000,M,0.0000,M,0.0000,0
$GPRMC,230918.43,A,3718.9954060,N,12157.9899880,W,27.3898,268.2455,101220,,,,
$GPGGA,230919.43,3718.9948960,N,12158.0084920,W,1,0,0.0,0.0000,M,0.0000,M,0.0000,0
$GPRMC,230919.43,A,3718.9948960,N,12158.0084920,W,27.3200,267.7736,101220,,,,
$GPGGA,230920.43,3718.9943020,N,12158.0269420,W,1,0,0.0,0.0000,M,0.0000,M,0.0000,0
$GPRMC,230920.43,A,3718.9943020,N,12158.0269420,W,27.2283,267.5691,101220,,,,
$GPGGA,230921.43,3718.9936780,N,12158.0453080,W,1,0,0.0,0.0000,M,0.0000,M,0.0000,0
$GPRMC,230921.43,A,3718.9936780,N,12158.0453080,W,27.0937,267.5229,101220,,,,
$GPGGA,230922.43,3718.9930480,N,12158.0635660,W,1,0,0.0,0.0000,M,0.0000,M,0.0000,0
$GPRMC,230922.43,A,3718.9930480,N,12158.0635660,W,26.8997,267.4782,101220,,,,
$GPGGA,230923.43,3718.9924240,N,12158.0816740,W,1,0,0.0,0.0000,M,0.0000,M,0.0000,0
$GPRMC,230923.43,A,3718.9924240,N,12158.0816740,W,26.6449,267.5321,101220,,,,
$GPGGA,230924.43,3718.9918600,N,12158.0996080,W,1,0,0.0,0.0000,M,0.0000,M,0.0000,0
$GPRMC,230924.43,A,3718.9918600,N,12158.0996080,W,26.3321,268.1399,101220,,,,
$GPGGA,230925.43,3718.9916380,N,12158.1173080,W,1,0,0.0,0.0000,M,0.0000,M,0.0000,0
$GPRMC,230925.43,A,3718.9916380,N,12158.1173080,W,25.9755,270.2361,101220,,,,
$GPGGA,230926.43,3718.9919920,N,12158.1347680,W,1,0,0.0,0.0000,M,0.0000,M,0.0000,0
$GPRMC,230926.43,A,3718.9919920,N,12158.1347680,W,25.6220,272.5917,101220,,,,
$GPGGA,230927.43,3718.9927600,N,12158.1519820,W,1,0,0.0,0.0000,M,0.0000,M,0.0000,0
$GPRMC,230927.43,A,3718.9927600,N,12158.1519820,W,25.2989,273.4668,101220,,,,
$GPGGA,230928.43,3718.9936480,N,12158.1689560,W,1,0,0.0,0.0000,M,0.0000,M,0.0000,0
$GPRMC,230928.43,A,3718.9936480,N,12158.1689560,W,24.9725,273.7003,101220,,,,
$GPGGA,230929.43,3718.9944940,N,12158.1857200,W,1,0,0.0,0.0000,M,0.0000,M,0.0000,0
$GPRMC,230929.43,A,3718.9944940,N,12158.1857200,W,24.6556,273.0915,101220,,,,
$GPGGA,230930.43,3718.9951360,N,12158.2022800,W,1,0,0.0,0.0000,M,0.0000,M,0.0000,0
$GPRMC,230930.43,A,3718.9951360,N,12158.2022800,W,24.3439,272.1857,101220,,,,
$GPGGA,230931.43,3718.9956100,N,12158.2186360,W,1,0,0.0,0.0000,M,0.0000,M,0.0000,0
$GPRMC,230931.43,A,3718.9956100,N,12158.2186360,W,24.0325,271.8541,101220,,,,
$GPGGA,230932.43,3718.9961020,N,12158.2348180,W,1,0,0.0,0.0000,M,0.0000,M,0.0000,0
$GPRMC,230932.43,A,3718.9961020,N,12158.2348180,W,23.8291,272.3649,101220,,,,
$GPGGA,230933.43,3718.9967920,N,12158.2509160,W,1,0,0.0,0.0000,M,0.0000,M,0.0000,0
$GPRMC,230933.43,A,3718.9967920,N,12158.2509160,W,23.8396,273.5535,101220,,,,
$GPGGA,230934.43,3718.9978240,N,12158.2670500,W,1,0,0.0,0.0000,M,0.0000,M,0.0000,0
$GPRMC,230934.43,A,3718.9978240,N,12158.2670500,W,24.0810,275.2737,101220,,,,
$GPGGA,230935.43,3718.9993060,N,12158.2833700,W,1,0,0.0,0.0000,M,0.0000,M,0.0000,0
$GPRMC,230935.43,A,3718.9993060,N,12158.2833700,W,24.5108,277.1328,101220,,,,
$GPGGA,230936.43,3719.0012320,N,12158.2998760,W,1,0,0.0,0.0000,M,0.0000,M,0.0000,0
$GPRMC,230936.43,A,3719.0012320,N,12158.2998760,W,24.7831,279.0403,101220,,,,
$GPGGA,230937.43,3719.0036080,N,12158.3163340,W,1,0,0.0,0.0000,M,0.0000,M,0.0000,0
$GPRMC,230937.43,A,3719.0036080,N,12158.3163340,W,24.6327,281.3219,101220,,,,
$GPGGA,230938.43,3719.0066380,N,12158.3325160,W,1,0,0.0,0.0000,M,0.0000,M,0.0000,0
$GPRMC,230938.43,A,3719.0066380,N,12158.3325160,W,24.5586,284.7340,101220,,,,
$GPGGA,230939.43,3719.0106220,N,12158.3484640,W,1,0,0.0,0.0000,M,0.0000,M,0.0000,0
$GPRMC,230939.43,A,3719.0106220,N,12158.3484640,W,24.9387,289.4792,101220,,,,
$GPGGA,230940.43,3719.0157520,N,12158.3643700,W,1,0,0.0,0.0000,M,0.0000,M,0.0000,0
$GPRMC,230940.43,A,3719.0157520,N,12158.3643700,W,25.7712,293.7117,101220,,,,
$GPGGA,230941.43,3719.0217760,N,12158.3802820,W,1,0,0.0,0.0000,M,0.0000,M,0.0000,0
$GPRMC,230941.43,A,3719.0217760,N,12158.3802820,W,26.1880,296.1591,101220,,,,
$GPGGA,230942.43,3719.0280820,N,12158.3960200,W,1,0,0.0,0.0000,M,0.0000,M,0.0000,0
$GPRMC,230942.43,A,3719.0280820,N,12158.3960200,W,25.7212,296.7770,101220,,,,
$GPGGA,230943.43,3719.0342440,N,12158.4112180,W,1,0,0.0,0.0000,M,0.0000,M,0.0000,0
$GPRMC,230943.43,A,3719.0342440,N,12158.4112180,W,24.3647,296.8403,101220,,,,
$GPGGA,230944.43,3719.0397520,N,12158.4247960,W,1,0,0.0,0.0000,M,0.0000,M,0.0000,0
$GPRMC,230944.43,A,3719.0397520,N,12158.4247960,W,20.3663,296.6636,101220,,,,
$GPGGA,230945.43,3719.0439400,N,12158.4351760,W,1,0,0.0,0.0000,M,0.0000,M,0.0000,0
$GPRMC,230945.43,A,3719.0439400,N,12158.4351760,W,14.1456,296.5893,101220,,,,
$GPGGA,230946.43,3719.0468080,N,12158.4421360,W,1,0,0.0,0.0000,M,0.0000,M,0.0000,0
$GPRMC,230946.43,A,3719.0468080,N,12158.4421360,W,9.4581,297.8430,101220,,,,
$GPGGA,230947.43,3719.0491060,N,12158.4469720,W,1,0,0.0,0.0000,M,0.0000,M,0.0000,0
$GPRMC,230947.43,A,3719.0491060,N,12158.4469720,W,7.5961,301.6892,101220,,,,
$GPGGA,230948.43,3719.0516200,N,12158.4508480,W,1,0,0.0,0.0000,M,0.0000,M,0.0000,0
$GPRMC,230948.43,A,3719.0516200,N,12158.4508480,W,7.1608,310.1620,101220,,,,
$GPGGA,230949.43,3719.0545360,N,12158.4538780,W,1,0,0.0,0.0000,M,0.0000,M,0.0000,0
$GPRMC,230949.43,A,3719.0545360,N,12158.4538780,W,6.8699,322.0801,101220,,,,
$GPGGA,230950.43,3719.0579200,N,12158.4558160,W,1,0,0.0,0.0000,M,0.0000,M,0.0000,0
$GPRMC,230950.43,A,3719.0579200,N,12158.4558160,W,6.9399,336.9356,101220,,,,
$GPGGA,230951.43,3719.0617300,N,12158.4567100,W,1,0,0.0,0.0000,M,0.0000,M,0.0000,0
$GPRMC,230951.43,A,3719.0617300,N,12158.4567100,W,7.4110,350.0971,101220,,,,
$GPGGA,230952.43,3719.0658640,N,12158.4570820,W,1,0,0.0,0.0000,M,0.0000,M,0.0000,0
$GPRMC,230952.43,A,3719.0658640,N,12158.4570820,W,7.8389,355.6159,101220,,,,
$GPGGA,230953.43,3719.0702080,N,12158.4571600,W,1,0,0.0,0.0000,M,0.0000,M,0.0000,0
$GPRMC,230953.43,A,3719.0702080,N,12158.4571600,W,8.1962,359.5461,101220,,,,
$GPGGA,230954.43,3719.0747260,N,12158.4567700,W,1,0,0.0,0.0000,M,0.0000,M,0.0000,0
$GPRMC,230954.43,A,3719.0747260,N,12158.4567700,W,8.5246,5.0544,101220,,,,
$GPGGA,230955.43,3719.0792680,N,12158.4556000,W,1,0,0.0,0.0000,M,0.0000,M,0.0000,0
$GPRMC,230955.43,A,3719.0792680,N,12158.4556000,W,8.4929,13.3169,101220,,,,
$GPGGA,230956.43,3719.0834140,N,12158.4535300,W,1,0,0.0,0.0000,M,0.0000,M,0.0000,0
$GPRMC,230956.43,A,3719.0834140,N,12158.4535300,W,7.9315,23.8434,101220,,,,
$GPGGA,230957.43,3719.0868220,N,12158.4509980,W,1,0,0.0,0.0000,M,0.0000,M,0.0000,0
$GPRMC,230957.43,A,3719.0868220,N,12158.4509980,W,6.6375,31.7883,101220,,,,
$GPGGA,230958.43,3719.0893840,N,12158.4487840,W,1,0,0.0,0.0000,M,0.0000,M,0.0000,0
$GPRMC,230958.43,A,3719.0893840,N,12158.4487840,W,4.9106,34.0847,101220,,,,
$GPGGA,230959.43,3719.0912140,N,12158.4472180,W,1,0,0.0,0.0000,M,0.0000,M,0.0000,0
$GPRMC,230959.43,A,3719.0912140,N,12158.4472180,W,3.3712,34.1530,101220,,,,
$GPGGA,231000.43,3719.0924080,N,12158.4461980,W,1,0,0.0,0.0000,M,0.0000,M,0.0000,0
$GPRMC,231000.43,A,3719.0924080,N,12158.4461980,W,1.9912,33.9679,101220,,,,
$GPGGA,231001.43,3719.0930020,N,12158.4457000,W,1,0,0.0,0.0000,M,0.0000,M,0.0000,0
$GPRMC,231001.43,A,3719.0930020,N,12158.4457000,W,0.7344,33.8620,101220,,,,
$GPGGA,231002.43,3719.0931460,N,12158.4455740,W,1,0,0.0,0.0000,M,0.0000,M,0.0000,0
$GPRMC,231002.43,A,3719.0931460,N,12158.4455740,W,0.0343,33.8586,101220,,,,
$GPGGA,231003.43,3719.0931460,N,12158.4455680,W,1,0,0.0,0.0000,M,0.0000,M,0.0000,0
$GPRMC,231003.43,A,3719.0931460,N,12158.4455680,W,0.0162,33.8583,101220,,,,
$GPGGA,231004.43,3719.0931460,N,12158.4455680,W,1,0,0.0,0.0000,M,0.0000,M,0.0000,0
$GPRMC,231004.43,A,3719.0931460,N,12158.4455680,W,0.0137,33.8564,101220,,,,
$GPGGA,231005.43,3719.0931460,N,12158.4455680,W,1,0,0.0,0.0000,M,0.0000,M,0.0000,0
$GPRMC,231005.43,A,3719.0931460,N,12158.4455680,W,0.0116,33.8553,101220,,,,
$GPGGA,231006.43,3719.0931460,N,12158.4455680,W,1,0,0.0,0.0000,M,0.0000,M,0.0000,0
$GPRMC,231006.43,A,3719.0931460,N,12158.4455680,W,0.0094,33.8542,101220,,,,
$GPGGA,231007.43,3719.0931460,N,12158.4455680,W,1,0,0.0,0.0000,M,0.0000,M,0.0000,0
$GPRMC,231007.43,A,3719.0931460,N,12158.4455680,W,0.0082,33.8532,101220,,,,
$GPGGA,231008.43,3719.0931460,N,12158.4455680,W,1,0,0.0,0.0000,M,0.0000,M,0.0000,0
$GPRMC,231008.43,A,3719.0931460,N,12158.4455680,W,0.0081,33.8521,101220,,,,
$GPGGA,231009.43,3719.0931460,N,12158.4455680,W,1,0,0.0,0.0000,M,0.0000,M,0.0000,0
$GPRMC,231009.43,A,3719.0931460,N,12158.4455680,W,0.0073,33.8508,101220,,,,
$GPGGA,231010.43,3719.0931460,N,12158.4455680,W,1,0,0.0,0.0000,M,0.0000,M,0.0000,0
$GPRMC,231010.43,A,3719.0931460,N,12158.4455680,W,0.0056,33.8499,101220,,,,
$GPGGA,231011.43,3719.0931460,N,12158.4455680,W,1,0,0.0,0.0000,M,0.0000,M,0.0000,0
$GPRMC,231011.43,A,3719.0931460,N,12158.4455680,W,0.0050,33.8492,101220,,,,
$GPGGA,231012.43,3719.0931460,N,12158.4455680,W,1,0,0.0,0.0000,M,0.0000,M,0.0000,0
$GPRMC,231012.43,A,3719.0931460,N,12158.4455680,W,0.0050,33.8482,101220,,,,
$GPGGA,231013.43,3719.0931460,N,12158.4455680,W,1,0,0.0,0.0000,M,0.0000,M,0.0000,0
$GPRMC,231013.43,A,3719.0931460,N,12158.4455680,W,0.0047,33.8471,101220,,,,
$GPGGA,231014.43,3719.0931460,N,12158.4455680,W,1,0,0.0,0.0000,M,0.0000,M,0.0000,0
$GPRMC,231014.43,A,3719.0931460,N,12158.4455680,W,0.0041,33.8460,101220,,,,
$GPGGA,231015.43,3719.0931460,N,12158.4455680,W,1,0,0.0,0.0000,M,0.0000,M,0.0000,0
$GPRMC,231015.43,A,3719.0931460,N,12158.4455680,W,0.0037,33.8451,101220,,,,
$GPGGA,231016.43,3719.0931460,N,12158.4455680,W,1,0,0.0,0.0000,M,0.0000,M,0.0000,0
$GPRMC,231016.43,A,3719.0931460,N,12158.4455680,W,0.0034,33.8442,101220,,,,
$GPGGA,231017.43,3719.0931460,N,12158.4455680,W,1,0,0.0,0.0000,M,0.0000,M,0.0000,0
$GPRMC,231017.43,A,3719.0931460,N,12158.4455680,W,0.0036,33.8431,101220,,,,
$GPGGA,231018.43,3719.0931460,N,12158.4455680,W,1,0,0.0,0.0000,M,0.0000,M,0.0000,0
$GPRMC,231018.43,A,3719.0931460,N,12158.4455680,W,0.0033,33.8420,101220,,,,
$GPGGA,231019.43,3719.0931460,N,12158.4455680,W,1,0,0.0,0.0000,M,0.0000,M,0.0000,0
$GPRMC,231019.43,A,3719.0931460,N,12158.4455680,W,0.0032,33.8409,101220,,,,
$GPGGA,231020.43,3719.0931460,N,12158.4455680,W,1,0,0.0,0.0000,M,0.0000,M,0.0000,0
$GPRMC,231020.43,A,3719.0931460,N,12158.4455680,W,0.0033,33.8397,101220,,,,
$GPGGA,231021.43,3719.0931460,N,12158.4455680,W,1,0,0.0,0.0000,M,0.0000,M,0.0000,0
$GPRMC,231021.43,A,3719.0931460,N,12158.4455680,W,0.0028,33.8387,101220,,,,
$GPGGA,231022.43,3719.0931460,N,12158.4455680,W,1,0,0.0,0.0000,M,0.0000,M,0.0000,0
$GPRMC,231022.43,A,3719.0931460,N,12158.4455680,W,0.0032,33.8379,101220,,,,
$GPGGA,231023.43,3719.0931460,N,12158.4455680,W,1,0,0.0,0.0000,M,0.0000,M,0.0000,0
$GPRMC,231023.43,A,3719.0931460,N,12158.4455680,W,0.0036,33.8369,101220,,,,
$GPGGA,231024.43,3719.0931460,N,12158.4455680,W,1,0,0.0,0.0000,M,0.0000,M,0.0000,0
$GPRMC,231024.43,A,3719.0931460,N,12158.4455680,W,0.0036,33.8359,101220,,,,
$GPGGA,231025.43,3719.0931460,N,12158.4455680,W,1,0,0.0,0.0000,M,0.0000,M,0.0000,0
$GPRMC,231025.43,A,3719.0931460,N,12158.4455680,W,0.0036,33.8348,101220,,,,
$GPGGA,231026.43,3719.0931460,N,12158.4455680,W,1,0,0.0,0.0000,M,0.0000,M,0.0000,0
$GPRMC,231026.43,A,3719.0931460,N,12158.4455680,W,0.0036,33.8338,101220,,,,
$GPGGA,231027.43,3719.0931460,N,12158.4455680,W,1,0,0.0,0.0000,M,0.0000,M,0.0000,0
$GPRMC,231027.43,A,3719.0931460,N,12158.4455680,W,0.0036,33.8328,101220,,,,
$GPGGA,231028.43,3719.0931460,N,12158.4455680,W,1,0,0.0,0.0000,M,0.0000,M,0.0000,0
$GPRMC,231028.43,A,3719.0931460,N,12158.4455680,W,0.0034,33.8318,101220,,,,
$GPGGA,231029.43,3719.0931460,N,12158.4455680,W,1,0,0.0,0.0000,M,0.0000,M,0.0000,0
$GPRMC,231029.43,A,3719.0931460,N,12158.4455680,W,0.0034,33.8308,101220,,,,
$GPGGA,231030.43,3719.0931460,N,12158.4455680,W,1,0,0.0,0.0000,M,0.0000,M,0.0000,0
$GPRMC,231030.43,A,3719.0931460,N,12158.4455680,W,0.0034,33.8300,101220,,,,
$GPGGA,231031.43,3719.0931460,N,12158.4455680,W,1,0,0.0,0.0000,M,0.0000,M,0.0000,0
$GPRMC,231031.43,A,3719.0931460,N,12158.4455680,W,0.0032,33.8290,101220,,,,
$GPGGA,231032.43,3719.0931460,N,12158.4455680,W,1,0,0.0,0.0000,M,0.0000,M,0.0000,0
$GPRMC,231032.43,A,3719.0931460,N,12158.4455680,W,0.0028,33.8279,101220,,,,
$GPGGA,231033.43,3719.0931460,N,12158.4455680,W,1,0,0.0,0.0000,M,0.0000,M,0.0000,0
$GPRMC,231033.43,A,3719.0931460,N,12158.4455680,W,0.0025,33.8270,101220,,,,
$GPGGA,231034.43,3719.0931460,N,12158.4455680,W,1,0,0.0,0.0000,M,0.0000,M,0.0000,0
$GPRMC,231034.43,A,3719.0931460,N,12158.4455680,W,0.0026,33.8262,101220,,,,
$GPGGA,231035.43,3719.0931460,N,12158.4455680,W,1,0,0.0,0.0000,M,0.0000,M,0.0000,0
$GPRMC,231035.43,A,3719.0931460,N,12158.4455680,W,0.0026,33.8252,101220,,,,
$GPGGA,231036.43,3719.0931460,N,12158.4455680,W,1,0,0.0,0.0000,M,0.0000,M,0.0000,0
$GPRMC,231036.43,A,3719.0931460,N,12158.4455680,W,0.0032,33.8241,101220,,,,
$GPGGA,231037.43,3719.0931460,N,12158.4455680,W,1,0,0.0,0.0000,M,0.0000,M,0.0000,0
$GPRMC,231037.43,A,3719.0931460,N,12158.4455680,W,0.0034,33.8231,101220,,,,
$GPGGA,231038.43,3719.0931460,N,12158.4455680,W,1,0,0.0,0.0000,M,0.0000,M,0.0000,0
$GPRMC,231038.43,A,3719.0931460,N,12158.4455680,W,0.0039,33.8220,101220,,,,
$GPGGA,231039.43,3719.0931460,N,12158.4455680,W,1,0,0.0,0.0000,M,0.0000,M,0.0000,0
$GPRMC,231039.43,A,3719.0931460,N,12158.4455680,W,0.0034,33.8210,101220,,,,
$GPGGA,231040.43,3719.0931460,N,12158.4455680,W,1,0,0.0,0.0000,M,0.0000,M,0.0000,0
$GPRMC,231040.43,A,3719.0931460,N,12158.4455680,W,0.0022,33.8199,101220,,,,
$GPGGA,231041.43,3719.0931460,N,12158.4455680,W,1,0,0.0,0.0000,M,0.0000,M,0.0000,0
$GPRMC,231041.43,A,3719.0931460,N,12158.4455680,W,0.0026,33.8189,101220,,,,
$GPGGA,231042.43,3719.0931460,N,12158.4455680,W,1,0,0.0,0.0000,M,0.0000,M,0.0000,0
$GPRMC,231042.43,A,3719.0931460,N,12158.4455680,W,0.0028,33.8181,101220,,,,
$GPGGA,231043.43,3719.0931460,N,12158.4455680,W,1,0,0.0,0.0000,M,0.0000,M,0.0000,0
$GPRMC,231043.43,A,3719.0931460,N,12158.4455680,W,0.0022,33.8171,101220,,,,
$GPGGA,231044.43,3719.0931460,N,12158.4455680,W,1,0,0.0,0.0000,M,0.0000,M,0.0000,0
$GPRMC,231044.43,A,3719.0931460,N,12158.4455680,W,0.0022,33.8163,101220,,,,
$GPGGA,231045.43,3719.0931460,N,12158.4455680,W,1,0,0.0,0.0000,M,0.0000,M,0.0000,0
$GPRMC,231045.43,A,3719.0931460,N,12158.4455680,W,0.0025,33.8154,101220,,,,
$GPGGA,231046.43,3719.0931460,N,12158.4455680,W,1,0,0.0,0.0000,M,0.0000,M,0.0000,0
$GPRMC,231046.43,A,3719.0931460,N,12158.4455680,W,0.0022,33.8145,101220,,,,
$GPGGA,231047.43,3719.0931460,N,12158.4455680,W,1,0,0.0,0.0000,M,0.0000,M,0.0000,0
$GPRMC,231047.43,A,3719.0931460,N,12158.4455680,W,0.0018,33.8136,101220,,,,
$GPGGA,231048.43,3719.0931460,N,12158.4455680,W,1,0,0.0,0.0000,M,0.0000,M,0.0000,0
$GPRMC,231048.43,A,3719.0931460,N,12158.4455680,W,0.0019,33.8126,101220,,,,
$GPGGA,231049.43,3719.0931460,N,12158.4455680,W,1,0,0.0,0.0000,M,0.0000,M,0.0000,0
$GPRMC,231049.43,A,3719.0931460,N,12158.4455680,W,0.0014,33.8116,101220,,,,
$GPGGA,231050.43,3719.0931460,N,12158.4455680,W,1,0,0.0,0.0000,M,0.0000,M,0.0000,0
$GPRMC,231050.43,A,3719.0931460,N,12158.4455680,W,0.0014,33.8105,101220,,,,
$GPGGA,231051.43,3719.0931460,N,12158.4455680,W,1,0,0.0,0.0000,M,0.0000,M,0.0000,0
$GPRMC,231051.43,A,3719.0931460,N,12158.4455680,W,0.0017,33.8096,101220,,,,
$GPGGA,231052.43,3719.0931460,N,12158.4455680,W,1,0,0.0,0.0000,M,0.0000,M,0.0000,0
$GPRMC,231052.43,A,3719.0931460,N,12158.4455680,W,0.0020,33.8088,101220,,,,
$GPGGA,231053.43,3719.0931460,N,12158.4455680,W,1,0,0.0,0.0000,M,0.0000,M,0.0000,0
$GPRMC,231053.43,A,3719.0931460,N,12158.4455680,W,0.0016,33.8080,101220,,,,
$GPGGA,231054.43,3719.0931460,N,12158.4455680,W,1,0,0.0,0.0000,M,0.0000,M,0.0000,0
$GPRMC,231054.43,A,3719.0931460,N,12158.4455680,W,0.0014,33.8071,101220,,,,
$GPGGA,231055.43,3719.0931460,N,12158.4455680,W,1,0,0.0,0.0000,M,0.0000,M,0.0000,0
$GPRMC,231055.43,A,3719.0931460,N,12158.4455680,W,0.0020,33.8061,101220,,,,
$GPGGA,231056.43,3719.0931460,N,12158.4455680,W,1,0,0.0,0.0000,M,0.0000,M,0.0000,0
$GPRMC,231056.43,A,3719.0931460,N,12158.4455680,W,0.0016,33.8050,101220,,,,
$GPGGA,231057.43,3719.0931460,N,12158.4455680,W,1,0,0.0,0.0000,M,0.0000,M,0.0000,0
$GPRMC,231057.43,A,3719.0931460,N,12158.4455680,W,0.0010,33.8039,101220,,,,
$GPGGA,231058.43,3719.0931460,N,12158.4455680,W,1,0,0.0,0.0000,M,0.0000,M,0.0000,0
$GPRMC,231058.43,A,3719.0931460,N,12158.4455680,W,0.0010,33.8027,101220,,,,
$GPGGA,231059.43,3719.0931460,N,12158.4455680,W,1,0,0.0,0.0000,M,0.0000,M,0.0000,0
$GPRMC,231059.43,A,3719.0931460,N,12158.4455680,W,0.0010,33.8016,101220,,,,
$GPGGA,231100.43,3719.0931460,N,12158.4455680,W,1,0,0.0,0.0000,M,0.0000,M,0.0000,0
$GPRMC,231100.43,A,3719.0931460,N,12158.4455680,W,0.0010,33.8008,101220,,,,
$GPGGA,231101.43,3719.0931460,N,12158.4455680,W,1,0,0.0,0.0000,M,0.0000,M,0.0000,0
$GPRMC,231101.43,A,3719.0931460,N,12158.4455680,W,0.0010,33.7999,101220,,,,
$GPGGA,231102.43,3719.0931460,N,12158.4455680,W,1,0,0.0,0.0000,M,0.0000,M,0.0000,0
$GPRMC,231102.43,A,3719.0931460,N,12158.4455680,W,0.0010,33.7988,101220,,,,
$GPGGA,231103.43,3719.0931460,N,12158.4455680,W,1,0,0.0,0.0000,M,0.0000,M,0.0000,0
$GPRMC,231103.43,A,3719.0931460,N,12158.4455680,W,0.0010,33.7978,101220,,,,
$GPGGA,231104.43,3719.0931460,N,12158.4455680,W,1,0,0.0,0.0000,M,0.0000,M,0.0000,0
$GPRMC,231104.43,A,3719.0931460,N,12158.4455680,W,0.0010,33.7969,101220,,,,
$GPGGA,231105.43,3719.0931460,N,12158.4455680,W,1,0,0.0,0.0000,M,0.0000,M,0.0000,0
$GPRMC,231105.43,A,3719.0931460,N,12158.4455680,W,0.0012,33.7962,101220,,,,
$GPGGA,231106.43,3719.0931460,N,12158.4455680,W,1,0,0.0,0.0000,M,0.0000,M,0.0000,0
$GPRMC,231106.43,A,3719.0931460,N,12158.4455680,W,0.0014,33.7952,101220,,,,
$GPGGA,231107.43,3719.0931460,N,12158.4455680,W,1,0,0.0,0.0000,M,0.0000,M,0.0000,0
$GPRMC,231107.43,A,3719.0931460,N,12158.4455680,W,0.0014,33.7941,101220,,,,
$GPGGA,231108.43,3719.0931460,N,12158.4455680,W,1,0,0.0,0.0000,M,0.0000,M,0.0000,0
$GPRMC,231108.43,A,3719.0931460,N,12158.4455680,W,0.0014,33.7932,101220,,,,
$GPGGA,231109.43,3719.0931460,N,12158.4455680,W,1,0,0.0,0.0000,M,0.0000,M,0.0000,0
$GPRMC,231109.43,A,3719.0931460,N,12158.4455680,W,0.0014,33.7921,101220,,,,
$GPGGA,231110.43,3719.0931460,N,12158.4455680,W,1,0,0.0,0.0000,M,0.0000,M,0.0000,0
$GPRMC,231110.43,A,3719.0931460,N,12158.4455680,W,0.0017,33.7912,101220,,,,
$GPGGA,231111.43,3719.0931460,N,12158.4455680,W,1,0,0.0,0.0000,M,0.0000,M,0.0000,0
$GPRMC,231111.43,A,3719.0931460,N,12158.4455680,W,0.0017,33.7903,101220,,,,
$GPGGA,231112.43,3719.0931460,N,12158.4455680,W,1,0,0.0,0.0000,M,0.0000,M,0.0000,0
$GPRMC,231112.43,A,3719.0931460,N,12158.4455680,W,0.0012,33.7892,101220,,,,
$GPGGA,231113.43,3719.0931460,N,12158.4455680,W,1,0,0.0,0.0000,M,0.0000,M,0.0000,0
$GPRMC,231113.43,A,3719.0931460,N,12158.4455680,W,0.0012,33.7879,101220,,,,
$GPGGA,231114.43,3719.0931460,N,12158.4455680,W,1,0,0.0,0.0000,M,0.0000,M,0.0000,0
$GPRMC,231114.43,A,3719.0931460,N,12158.4455680,W,0.0014,33.7867,101220,,,,
$GPGGA,231115.43,3719.0931460,N,12158.4455680,W,1,0,0.0,0.0000,M,0.0000,M,0.0000,0
$GPRMC,231115.43,A,3719.0931460,N,12158.4455680,W,0.0014,33.7861,101220,,,,
$GPGGA,231116.43,3719.0931460,N,12158.4455680,W,1,0,0.0,0.0000,M,0.0000,M,0.0000,0
$GPRMC,231116.43,A,3719.0931460,N,12158.4455680,W,0.0014,33.7855,101220,,,,
$GPGGA,231117.43,3719.0931460,N,12158.4455680,W,1,0,0.0,0.0000,M,0.0000,M,0.0000,0
$GPRMC,231117.43,A,3719.0931460,N,12158.4455680,W,0.0014,33.7846,101220,,,,
$GPGGA,231118.43,3719.0931460,N,12158.4455680,W,1,0,0.0,0.0000,M,0.0000,M,0.0000,0
$GPRMC,231118.43,A,3719.0931460,N,12158.4455680,W,0.0014,33.7836,101220,,,,
$GPGGA,231119.43,3719.0931460,N,12158.4455680,W,1,0,0.0,0.0000,M,0.0000,M,0.0000,0
$GPRMC,231119.43,A,3719.0931460,N,12158.4455680,W,0.0014,33.7825,101220,,,,
$GPGGA,231120.43,3719.0931460,N,12158.4455680,W,1,0,0.0,0.0000,M,0.0000,M,0.0000,0
$GPRMC,231120.43,A,3719.0931460,N,12158.4455680,W,0.0014,33.7816,101220,,,,
$GPGGA,231121.43,3719.0931460,N,12158.4455680,W,1,0,0.0,0.0000,M,0.0000,M,0.0000,0
$GPRMC,231121.43,A,3719.0931460,N,12158.4455680,W,0.0018,33.7805,101220,,,,
$GPGGA,231122.43,3719.0931460,N,12158.4455680,W,1,0,0.0,0.0000,M,0.0000,M,0.0000,0
$GPRMC,231122.43,A,3719.0931460,N,12158.4455680,W,0.0019,33.7795,101220,,,,
$GPGGA,231123.43,3719.0931460,N,12158.4455680,W,1,0,0.0,0.0000,M,0.0000,M,0.0000,0
$GPRMC,231123.43,A,3719.0931460,N,12158.4455680,W,0.0014,33.7786,101220,,,,
$GPGGA,231124.43,3719.0931460,N,12158.4455680,W,1,0,0.0,0.0000,M,0.0000,M,0.0000,0
$GPRMC,231124.43,A,3719.0931460,N,12158.4455680,W,0.0012,33.7776,101220,,,,
$GPGGA,231125.43,3719.0931460,N,12158.4455680,W,1,0,0.0,0.0000,M,0.0000,M,0.0000,0
$GPRMC,231125.43,A,3719.0931460,N,12158.4455680,W,0.0012,33.7765,101220,,,,
$GPGGA,231126.43,3719.0931460,N,12158.4455680,W,1,0,0.0,0.0000,M,0.0000,M,0.0000,0
$GPRMC,231126.43,A,3719.0931460,N,12158.4455680,W,0.0018,33.7755,101220,,,,
$GPGGA,231127.43,3719.0931460,N,12158.4455680,W,1,0,0.0,0.0000,M,0.0000,M,0.0000,0
$GPRMC,231127.43,A,3719.0931460,N,12158.4455680,W,0.0022,33.7746,101220,,,,
$GPGGA,231128.43,3719.0931460,N,12158.4455680,W,1,0,0.0,0.0000,M,0.0000,M,0.0000,0
$GPRMC,231128.43,A,3719.0931460,N,12158.4455680,W,0.0017,33.7739,101220,,,,
$GPGGA,231129.43,3719.0931460,N,12158.4455680,W,1,0,0.0,0.0000,M,0.0000,M,0.0000,0
$GPRMC,231129.43,A,3719.0931460,N,12158.4455680,W,0.0012,33.7730,101220,,,,
$GPGGA,231130.43,3719.0931460,N,12158.4455680,W,1,0,0.0,0.0000,M,0.0000,M,0.0000,0
$GPRMC,231130.43,A,3719.0931460,N,12158.4455680,W,0.0014,33.7720,101220,,,,
$GPGGA,231131.43,3719.0931460,N,12158.4455680,W,1,0,0.0,0.0000,M,0.0000,M,0.0000,0
$GPRMC,231131.43,A,3719.0931460,N,12158.4455680,W,0.0014,33.7710,101220,,,,
$GPGGA,231132.43,3719.0931460,N,12158.4455680,W,1,0,0.0,0.0000,M,0.0000,M,0.0000,0
$GPRMC,231132.43,A,3719.0931460,N,12158.4455680,W,0.0012,33.7701,101220,,,,
$GPGGA,231133.43,3719.0931460,N,12158.4455680,W,1,0,0.0,0.0000,M,0.0000,M,0.0000,0
$GPRMC,231133.43,A,3719.0931460,N,12158.4455680,W,0.0014,33.7692,101220,,,,
$GPGGA,231134.43,3719.0931460,N,12158.4455680,W,1,0,0.0,0.0000,M,0.0000,M,0.0000,0
$GPRMC,231134.43,A,3719.0931460,N,12158.4455680,W,0.0021,33.7684,101220,,,,
$GPGGA,231135.43,3719.0931460,N,12158.4455680,W,1,0,0.0,0.0000,M,0.0000,M,0.0000,0
$GPRMC,231135.43,A,3719.0931460,N,12158.4455680,W,0.0022,33.7674,101220,,,,
$GPGGA,231136.43,3719.0931460,N,12158.4455680,W,1,0,0.0,0.0000,M,0.0000,M,0.0000,0
$GPRMC,231136.43,A,3719.0931460,N,12158.4455680,W,0.0019,33.7663,101220,,,,
$GPGGA,231137.43,3719.0931460,N,12158.4455680,W,1,0,0.0,0.0000,M,0.0000,M,0.0000,0
$GPRMC,231137.43,A,3719.0931460,N,12158.4455680,W,0.0018,33.7653,101220,,,,
$GPGGA,231138.43,3719.0931460,N,12158.4455680,W,1,0,0.0,0.0000,M,0.0000,M,0.0000,0
$GPRMC,231138.43,A,3719.0931460,N,12158.4455680,W,0.0022,33.7643,101220,,,,
$GPGGA,231139.43,3719.0931460,N,12158.4455680,W,1,0,0.0,0.0000,M,0.0000,M,0.0000,0
$GPRMC,231139.43,A,3719.0931460,N,12158.4455680,W,0.0022,33.7633,101220,,,,
$GPGGA,231140.43,3719.0931460,N,12158.4455680,W,1,0,0.0,0.0000,M,0.0000,M,0.0000,0
$GPRMC,231140.43,A,3719.0931460,N,12158.4455680,W,0.0022,33.7625,101220,,,,
$GPGGA,231141.43,3719.0931460,N,12158.4455680,W,1,0,0.0,0.0000,M,0.0000,M,0.0000,0
$GPRMC,231141.43,A,3719.0931460,N,12158.4455680,W,0.0028,33.7616,101220,,,,
$GPGGA,231142.43,3719.0931460,N,12158.4455680,W,1,0,0.0,0.0000,M,0.0000,M,0.0000,0
$GPRMC,231142.43,A,3719.0931460,N,12158.4455680,W,0.0039,33.7607,101220,,,,
$GPGGA,231143.43,3719.0931460,N,12158.4455680,W,1,0,0.0,0.0000,M,0.0000,M,0.0000,0
$GPRMC,231143.43,A,3719.0931460,N,12158.4455680,W,0.0040,33.7596,101220,,,,
$GPGGA,231144.43,3719.0931460,N,12158.4455680,W,1,0,0.0,0.0000,M,0.0000,M,0.0000,0
$GPRMC,231144.43,A,3719.0931460,N,12158.4455680,W,0.0036,33.7586,101220,,,,
$GPGGA,231145.43,3719.0931460,N,12158.4455680,W,1,0,0.0,0.0000,M,0.0000,M,0.0000,0
$GPRMC,231145.43,A,3719.0931460,N,12158.4455680,W,0.0036,33.7578,101220,,,,
$GPGGA,231146.43,3719.0931460,N,12158.4455680,W,1,0,0.0,0.0000,M,0.0000,M,0.0000,0
$GPRMC,231146.43,A,3719.0931460,N,12158.4455680,W,0.0040,33.7569,101220,,,,
$GPGGA,231147.43,3719.0931400,N,12158.4455740,W,1,0,0.0,0.0000,M,0.0000,M,0.0000,0
$GPRMC,231147.43,A,3719.0931400,N,12158.4455740,W,0.0045,33.7560,101220,,,,
$GPGGA,231148.43,3719.0931400,N,12158.4455740,W,1,0,0.0,0.0000,M,0.0000,M,0.0000,0
$GPRMC,231148.43,A,3719.0931400,N,12158.4455740,W,0.0045,33.7550,101220,,,,
$GPGGA,231149.43,3719.0931400,N,12158.4455740,W,1,0,0.0,0.0000,M,0.0000,M,0.0000,0
$GPRMC,231149.43,A,3719.0931400,N,12158.4455740,W,0.0045,33.7539,101220,,,,
$GPGGA,231150.43,3719.0931400,N,12158.4455740,W,1,0,0.0,0.0000,M,0.0000,M,0.0000,0
$GPRMC,231150.43,A,3719.0931400,N,12158.4455740,W,0.0045,33.7529,101220,,,,
$GPGGA,231151.43,3719.0931340,N,12158.4455740,W,1,0,0.0,0.0000,M,0.0000,M,0.0000,0
$GPRMC,231151.43,A,3719.0931340,N,12158.4455740,W,0.0045,33.7520,101220,,,,
$GPGGA,231152.43,3719.0931340,N,12158.4455680,W,1,0,0.0,0.0000,M,0.0000,M,0.0000,0
$GPRMC,231152.43,A,3719.0931340,N,12158.4455680,W,0.0051,33.7511,101220,,,,
$GPGGA,231153.43,3719.0931340,N,12158.4455680,W,1,0,0.0,0.0000,M,0.0000,M,0.0000,0
$GPRMC,231153.43,A,3719.0931340,N,12158.4455680,W,0.0058,33.7501,101220,,,,
$GPGGA,231154.43,3719.0931340,N,12158.4455680,W,1,0,0.0,0.0000,M,0.0000,M,0.0000,0
$GPRMC,231154.43,A,3719.0931340,N,12158.4455680,W,0.0061,33.7491,101220,,,,
$GPGGA,231155.43,3719.0931340,N,12158.4455680,W,1,0,0.0,0.0000,M,0.0000,M,0.0000,0
$GPRMC,231155.43,A,3719.0931340,N,12158.4455680,W,0.0067,33.7480,101220,,,,
$GPGGA,231156.43,3719.0931340,N,12158.4455680,W,1,0,0.0,0.0000,M,0.0000,M,0.0000,0
$GPRMC,231156.43,A,3719.0931340,N,12158.4455680,W,0.0077,33.7471,101220,,,,
$GPGGA,231157.43,3719.0931340,N,12158.4455680,W,1,0,0.0,0.0000,M,0.0000,M,0.0000,0
$GPRMC,231157.43,A,3719.0931340,N,12158.4455680,W,0.0094,33.7462,101220,,,,
$GPGGA,231158.43,3719.0931400,N,12158.4455680,W,1,0,0.0,0.0000,M,0.0000,M,0.0000,0
$GPRMC,231158.43,A,3719.0931400,N,12158.4455680,W,0.0116,33.7452,101220,,,,
$GPGGA,231159.43,3719.0931400,N,12158.4455620,W,1,0,0.0,0.0000,M,0.0000,M,0.0000,0
$GPRMC,231159.43,A,3719.0931400,N,12158.4455620,W,0.0141,33.7444,101220,,,,
$GPGGA,231200.43,3719.0931460,N,12158.4455620,W,1,0,0.0,0.0000,M,0.0000,M,0.0000,0
$GPRMC,231200.43,A,3719.0931460,N,12158.4455620,W,0.0171,33.7432,101220,,,,
$GPGGA,231201.43,3719.0931520,N,12158.4455560,W,1,0,0.0,0.0000,M,0.0000,M,0.0000,0
$GPRMC,231201.43,A,3719.0931520,N,12158.4455560,W,0.0207,33.7421,101220,,,,
$GPGGA,231202.43,3719.0931520,N,12158.4455560,W,1,0,0.0,0.0000,M,0.0000,M,0.0000,0
$GPRMC,231202.43,A,3719.0931520,N,12158.4455560,W,0.0253,33.7410,101220,,,,
$GPGGA,231203.43,3719.0931580,N,12158.4455500,W,1,0,0.0,0.0000,M,0.0000,M,0.0000,0
$GPRMC,231203.43,A,3719.0931580,N,12158.4455500,W,0.0299,33.7411,101220,,,,
$GPGGA,231204.43,3719.0932240,N,12158.4455080,W,1,0,0.0,0.0000,M,0.0000,M,0.0000,0
$GPRMC,231204.43,A,3719.0932240,N,12158.4455080,W,0.3763,33.7378,101220,,,,
$GPGGA,231205.43,3719.0936680,N,12158.4451540,W,1,0,0.0,0.0000,M,0.0000,M,0.0000,0
$GPRMC,231205.43,A,3719.0936680,N,12158.4451540,W,1.5787,33.6282,101220,,,,
$GPGGA,231206.43,3719.0947480,N,12158.4446500,W,1,0,0.0,0.0000,M,0.0000,M,0.0000,0
$GPRMC,231206.43,A,3719.0947480,N,12158.4446500,W,2.4604,26.5789,101220,,,,
$GPGGA,231207.43,3719.0961160,N,12158.4449680,W,1,0,0.0,0.0000,M,0.0000,M,0.0000,0
$GPRMC,231207.43,A,3719.0961160,N,12158.4449680,W,2.4339,4.0757,101220,,,,
$GPGGA,231208.43,3719.0971180,N,12158.4465640,W,1,0,0.0,0.0000,M,0.0000,M,0.0000,0
$GPRMC,231208.43,A,3719.0971180,N,12158.4465640,W,2.8310,330.4442,101220,,,,
$GPGGA,231209.43,3719.0971480,N,12158.4488980,W,1,0,0.0,0.0000,M,0.0000,M,0.0000,0
$GPRMC,231209.43,A,3719.0971480,N,12158.4488980,W,3.3943,291.0770,101220,,,,
$GPGGA,231210.43,3719.0958220,N,12158.4510040,W,1,0,0.0,0.0000,M,0.0000,M,0.0000,0
$GPRMC,231210.43,A,3719.0958220,N,12158.4510040,W,4.2209,250.0448,101220,,,,
$GPGGA,231211.43,3719.0935240,N,12158.4526060,W,1,0,0.0,0.0000,M,0.0000,M,0.0000,0
$GPRMC,231211.43,A,3719.0935240,N,12158.4526060,W,5.6603,220.0330,101220,,,,
$GPGGA,231212.43,3719.0904040,N,12158.4546160,W,1,0,0.0,0.0000,M,0.0000,M,0.0000,0
$GPRMC,231212.43,A,3719.0904040,N,12158.4546160,W,7.5431,209.5313,101220,,,,
$GPGGA,231213.43,3719.0864020,N,12158.4574480,W,1,0,0.0,0.0000,M,0.0000,M,0.0000,0
$GPRMC,231213.43,A,3719.0864020,N,12158.4574480,W,9.4460,209.2634,101220,,,,
$GPGGA,231214.43,3719.0815420,N,12158.4608800,W,1,0,0.0,0.0000,M,0.0000,M,0.0000,0
$GPRMC,231214.43,A,3719.0815420,N,12158.4608800,W,11.2246,208.9997,101220,,,,
$GPGGA,231215.43,3719.0758060,N,12158.4648280,W,1,0,0.0,0.0000,M,0.0000,M,0.0000,0
$GPRMC,231215.43,A,3719.0758060,N,12158.4648280,W,13.0411,208.6300,101220,,,,
$GPGGA,231216.43,3719.0692660,N,12158.4694540,W,1,0,0.0,0.0000,M,0.0000,M,0.0000,0
$GPRMC,231216.43,A,3719.0692660,N,12158.4694540,W,14.7360,209.6375,101220,,,,
$GPGGA,231217.43,3719.0621020,N,12158.4748240,W,1,0,0.0,0.0000,M,0.0000,M,0.0000,0
$GPRMC,231217.43,A,3719.0621020,N,12158.4748240,W,16.0228,211.2072,101220,,,,
$GPGGA,231218.43,3719.0546500,N,12158.4807160,W,1,0,0.0,0.0000,M,0.0000,M,0.0000,0
$GPRMC,231218.43,A,3719.0546500,N,12158.4807160,W,16.4241,212.3893,101220,,,,
$GPGGA,231219.43,3719.0472400,N,12158.4867220,W,1,0,0.0,0.0000,M,0.0000,M,0.0000,0
$GPRMC,231219.43,A,3719.0472400,N,12158.4867220,W,16.2148,212.9415,101220,,,,
$GPGGA,231220.43,3719.0399740,N,12158.4927160,W,1,0,0.0,0.0000,M,0.0000,M,0.0000,0
$GPRMC,231220.43,A,3719.0399740,N,12158.4927160,W,15.9457,213.3669,101220,,,,
$GPGGA,231221.43,3719.0329180,N,12158.4986260,W,1,0,0.0,0.0000,M,0.0000,M,0.0000,0
$GPRMC,231221.43,A,3719.0329180,N,12158.4986260,W,15.2552,213.7568,101220,,,,
$GPGGA,231222.43,3719.0265400,N,12158.5039780,W,1,0,0.0,0.0000,M,0.0000,M,0.0000,0
$GPRMC,231222.43,A,3719.0265400,N,12158.5039780,W,12.8348,213.7179,101220,,,,
$GPGGA,231223.43,3719.0216680,N,12158.5080340,W,1,0,0.0,0.0000,M,0.0000,M,0.0000,0
$GPRMC,231223.43,A,3719.0216680,N,12158.5080340,W,8.7450,213.3080,101220,,,,
$GPGGA,231224.43,3719.0186200,N,12158.5105180,W,1,0,0.0,0.0000,M,0.0000,M,0.0000,0
$GPRMC,231224.43,A,3719.0186200,N,12158.5105180,W,4.7926,212.7940,101220,,,,
$GPGGA,231225.43,3719.0171440,N,12158.5116880,W,1,0,0.0,0.0000,M,0.0000,M,0.0000,0
$GPRMC,231225.43,A,3719.0171440,N,12158.5116880,W,1.8572,212.4314,101220,,,,
$GPGGA,231226.43,3719.0167000,N,12158.5120420,W,1,0,0.0,0.0000,M,0.0000,M,0.0000,0
$GPRMC,231226.43,A,3719.0167000,N,12158.5120420,W,0.4028,212.2852,101220,,,,
$GPGGA,231227.43,3719.0166700,N,12158.5120720,W,1,0,0.0,0.0000,M,0.0000,M,0.0000,0
$GPRMC,231227.43,A,3719.0166700,N,12158.5120720,W,0.0068,212.2770,101220,,,,
$GPGGA,231228.43,3719.0166700,N,12158.5120780,W,1,0,0.0,0.0000,M,0.0000,M,0.0000,0
$GPRMC,231228.43,A,3719.0166700,N,12158.5120780,W,0.0075,212.2749,101220,,,,
$GPGGA,231229.43,3719.0166700,N,12158.5120780,W,1,0,0.0,0.0000,M,0.0000,M,0.0000,0
$GPRMC,231229.43,A,3719.0166700,N,12158.5120780,W,0.0076,212.2723,101220,,,,
$GPGGA,231230.43,3719.0166700,N,12158.5120780,W,1,0,0.0,0.0000,M,0.0000,M,0.0000,0
$GPRMC,231230.43,A,3719.0166700,N,12158.5120780,W,0.0070,212.2714,101220,,,,
$GPGGA,231231.43,3719.0166700,N,12158.5120780,W,1,0,0.0,0.0000,M,0.0000,M,0.0000,0
$GPRMC,231231.43,A,3719.0166700,N,12158.5120780,W,0.0071,212.2698,101220,,,,
$GPGGA,231232.43,3719.0166700,N,12158.5120780,W,1,0,0.0,0.0000,M,0.0000,M,0.0000,0
$GPRMC,231232.43,A,3719.0166700,N,12158.5120780,W,0.0070,212.2684,101220,,,,
$GPGGA,231233.43,3719.0166700,N,12158.5120780,W,1,0,0.0,0.0000,M,0.0000,M,0.0000,0
$GPRMC,231233.43,A,3719.0166700,N,12158.5120780,W,0.0056,212.2675,101220,,,,
$GPGGA,231234.43,3719.0166700,N,12158.5120780,W,1,0,0.0,0.0000,M,0.0000,M,0.0000,0
$GPRMC,231234.43,A,3719.0166700,N,12158.5120780,W,0.0048,212.2663,101220,,,,
$GPGGA,231235.43,3719.0166700,N,12158.5120780,W,1,0,0.0,0.0000,M,0.0000,M,0.0000,0
$GPRMC,231235.43,A,3719.0166700,N,12158.5120780,W,0.0041,212.2660,101220,,,,
$GPGGA,231236.43,3719.0166700,N,12158.5120780,W,1,0,0.0,0.0000,M,0.0000,M,0.0000,0
$GPRMC,231236.43,A,3719.0166700,N,12158.5120780,W,0.0036,212.2653,101220,,,,
$GPGGA,231237.43,3719.0166700,N,12158.5120780,W,1,0,0.0,0.0000,M,0.0000,M,0.0000,0
$GPRMC,231237.43,A,3719.0166700,N,12158.5120780,W,0.0036,212.2641,101220,,,,
$GPGGA,231238.43,3719.0166700,N,12158.5120780,W,1,0,0.0,0.0000,M,0.0000,M,0.0000,0
$GPRMC,231238.43,A,3719.0166700,N,12158.5120780,W,0.0033,212.2630,101220,,,,
$GPGGA,231239.43,3719.0166700,N,12158.5120780,W,1,0,0.0,0.0000,M,0.0000,M,0.0000,0
$GPRMC,231239.43,A,3719.0166700,N,12158.5120780,W,0.0026,212.2620,101220,,,,
$GPGGA,231240.43,3719.0166700,N,12158.5120780,W,1,0,0.0,0.0000,M,0.0000,M,0.0000,0
$GPRMC,231240.43,A,3719.0166700,N,12158.5120780,W,0.0025,212.2609,101220,,,,
$GPGGA,231241.43,3719.0166700,N,12158.5120780,W,1,0,0.0,0.0000,M,0.0000,M,0.0000,0
$GPRMC,231241.43,A,3719.0166700,N,12158.5120780,W,0.0022,212.2599,101220,,,,
$GPGGA,231242.43,3719.0166700,N,12158.5120780,W,1,0,0.0,0.0000,M,0.0000,M,0.0000,0
$GPRMC,231242.43,A,3719.0166700,N,12158.5120780,W,0.0012,212.2589,101220,,,,
$GPGGA,231243.43,3719.0166700,N,12158.5120780,W,1,0,0.0,0.0000,M,0.0000,M,0.0000,0
$GPRMC,231243.43,A,3719.0166700,N,12158.5120780,W,0.0015,212.2577,101220,,,,
$GPGGA,231244.43,3719.0166700,N,12158.5120780,W,1,0,0.0,0.0000,M,0.0000,M,0.0000,0
$GPRMC,231244.43,A,3719.0166700,N,12158.5120780,W,0.0019,212.2566,101220,,,,
$GPGGA,231245.43,3719.0166700,N,12158.5120780,W,1,0,0.0,0.0000,M,0.0000,M,0.0000,0
$GPRMC,231245.43,A,3719.0166700,N,12158.5120780,W,0.0014,212.2556,101220,,,,
$GPGGA,231246.43,3719.0166700,N,12158.5120780,W,1,0,0.0,0.0000,M,0.0000,M,0.0000,0
$GPRMC,231246.43,A,3719.0166700,N,12158.5120780,W,0.0008,212.2546,101220,,,,
$GPGGA,231247.43,3719.0166700,N,12158.5120780,W,1,0,0.0,0.0000,M,0.0000,M,0.0000,0
$GPRMC,231247.43,A,3719.0166700,N,12158.5120780,W,0.0000,212.2536,101220,,,,
$GPGGA,231248.43,3719.0166700,N,12158.5120780,W,1,0,0.0,0.0000,M,0.0000,M,0.0000,0
$GPRMC,231248.43,A,3719.0166700,N,12158.5120780,W,0.0000,212.2525,101220,,,,
$GPGGA,231249.43,3719.0166700,N,12158.5120780,W,1,0,0.0,0.0000,M,0.0000,M,0.0000,0
$GPRMC,231249.43,A,3719.0166700,N,12158.5120780,W,0.0000,212.2514,101220,,,,
$GPGGA,231250.43,3719.0166700,N,12158.5120780,W,1,0,0.0,0.0000,M,0.0000,M,0.0000,0
$GPRMC,231250.43,A,3719.0166700,N,12158.5120780,W,0.0000,212.2502,101220,,,,
$GPGGA,231251.43,3719.0166700,N,12158.5120780,W,1,0,0.0,0.0000,M,0.0000,M,0.0000,0
$GPRMC,231251.43,A,3719.0166700,N,12158.5120780,W,0.0000,212.2491,101220,,,,
$GPGGA,231252.43,3719.0166700,N,12158.5120780,W,1,0,0.0,0.0000,M,0.0000,M,0.0000,0
$GPRMC,231252.43,A,3719.0166700,N,12158.5120780,W,0.0000,212.2482,101220,,,,
$GPGGA,231253.43,3719.0166700,N,12158.5120780,W,1,0,0.0,0.0000,M,0.0000,M,0.0000,0
$GPRMC,231253.43,A,3719.0166700,N,12158.5120780,W,0.0004,212.2471,101220,,,,
$GPGGA,231254.43,3719.0166700,N,12158.5120780,W,1,0,0.0,0.0000,M,0.0000,M,0.0000,0
$GPRMC,231254.43,A,3719.0166700,N,12158.5120780,W,0.0012,212.2459,101220,,,,
$GPGGA,231255.43,3719.0166700,N,12158.5120780,W,1,0,0.0,0.0000,M,0.0000,M,0.0000,0
$GPRMC,231255.43,A,3719.0166700,N,12158.5120780,W,0.0017,212.2449,101220,,,,
$GPGGA,231256.43,3719.0166700,N,12158.5120780,W,1,0,0.0,0.0000,M,0.0000,M,0.0000,0
$GPRMC,231256.43,A,3719.0166700,N,12158.5120780,W,0.0024,212.2437,101220,,,,
$GPGGA,231257.43,3719.0166700,N,12158.5120900,W,1,0,0.0,0.0000,M,0.0000,M,0.0000,0
$GPRMC,231257.43,A,3719.0166700,N,12158.5120900,W,0.0030,212.2426,101220,,,,
$GPGGA,231258.43,3719.0166580,N,12158.5121020,W,1,0,0.0,0.0000,M,0.0000,M,0.0000,0
$GPRMC,231258.43,A,3719.0166580,N,12158.5121020,W,0.0031,212.2417,101220,,,,
$GPGGA,231259.43,3719.0166460,N,12158.5121200,W,1,0,0.0,0.0000,M,0.0000,M,0.0000,0
$GPRMC,231259.43,A,3719.0166460,N,12158.5121200,W,0.0036,212.2407,101220,,,,
$GPGGA,231300.43,3719.0166340,N,12158.5121440,W,1,0,0.0,0.0000,M,0.0000,M,0.0000,0
$GPRMC,231300.43,A,3719.0166340,N,12158.5121440,W,0.0042,212.2397,101220,,,,
$GPGGA,231301.43,3719.0166220,N,12158.5121680,W,1,0,0.0,0.0000,M,0.0000,M,0.0000,0
$GPRMC,231301.43,A,3719.0166220,N,12158.5121680,W,0.0050,212.2386,101220,,,,
$GPGGA,231302.43,3719.0165980,N,12158.5121980,W,1,0,0.0,0.0000,M,0.0000,M,0.0000,0
$GPRMC,231302.43,A,3719.0165980,N,12158.5121980,W,0.0073,212.2375,101220,,,,
$GPGGA,231303.43,3719.0165680,N,12158.5122340,W,1,0,0.0,0.0000,M,0.0000,M,0.0000,0
$GPRMC,231303.43,A,3719.0165680,N,12158.5122340,W,0.0391,212.2375,101220,,,,
$GPGGA,231304.43,3719.0163820,N,12158.5123840,W,1,0,0.0,0.0000,M,0.0000,M,0.0000,0
$GPRMC,231304.43,A,3719.0163820,N,12158.5123840,W,0.8292,212.1824,101220,,,,
$GPGGA,231305.43,3719.0155660,N,12158.5130140,W,1,0,0.0,0.0000,M,0.0000,M,0.0000,0
$GPRMC,231305.43,A,3719.0155660,N,12158.5130140,W,2.7008,211.7637,101220,,,,
$GPGGA,231306.43,3719.0137540,N,12158.5141660,W,1,0,0.0,0.0000,M,0.0000,M,0.0000,0
$GPRMC,231306.43,A,3719.0137540,N,12158.5141660,W,4.6123,208.3823,101220,,,,
$GPGGA,231307.43,3719.0108440,N,12158.5151800,W,1,0,0.0,0.0000,M,0.0000,M,0.0000,0
$GPRMC,231307.43,A,3719.0108440,N,12158.5151800,W,6.4976,197.6233,101220,,,,
$GPGGA,231308.43,3719.0070340,N,12158.5149580,W,1,0,0.0,0.0000,M,0.0000,M,0.0000,0
$GPRMC,231308.43,A,3719.0070340,N,12158.5149580,W,7.7558,177.3059,101220,,,,
$GPGGA,231309.43,3719.0035480,N,12158.5125280,W,1,0,0.0,0.0000,M,0.0000,M,0.0000,0
$GPRMC,231309.43,A,3719.0035480,N,12158.5125280,W,8.0005,149.7533,101220,,,,
$GPGGA,231310.43,3719.0011900,N,12158.5080700,W,1,0,0.0,0.0000,M,0.0000,M,0.0000,0
$GPRMC,231310.43,A,3719.0011900,N,12158.5080700,W,8.9717,124.9782,101220,,,,
$GPGGA,231311.43,3718.9993420,N,12158.5020100,W,1,0,0.0,0.0000,M,0.0000,M,0.0000,0
$GPRMC,231311.43,A,3718.9993420,N,12158.5020100,W,10.8834,111.3213,101220,,,,
$GPGGA,231312.43,3718.9975000,N,12158.4943780,W,1,0,0.0,0.0000,M,0.0000,M,0.0000,0
$GPRMC,231312.43,A,3718.9975000,N,12158.4943780,W,12.9851,106.2130,101220,,,,
$GPGGA,231313.43,3718.9955020,N,12158.4852220,W,1,0,0.0,0.0000,M,0.0000,M,0.0000,0
$GPRMC,231313.43,A,3718.9955020,N,12158.4852220,W,15.2176,104.6329,101220,,,,
$GPGGA,231314.43,3718.9932760,N,12158.4745480,W,1,0,0.0,0.0000,M,0.0000,M,0.0000,0
$GPRMC,231314.43,A,3718.9932760,N,12158.4745480,W,17.3308,104.0658,101220,,,,
$GPGGA,231315.43,3718.9908520,N,12158.4627640,W,1,0,0.0,0.0000,M,0.0000,M,0.0000,0
$GPRMC,231315.43,A,3718.9908520,N,12158.4627640,W,18.4021,104.0161,101220,,,,
$GPGGA,231316.43,3718.9883560,N,12158.4507040,W,1,0,0.0,0.0000,M,0.0000,M,0.0000,0
$GPRMC,231316.43,A,3718.9883560,N,12158.4507040,W,18.3923,104.1388,101220,,,,
$GPGGA,231317.43,3718.9858780,N,12158.4386980,W,1,0,0.0,0.0000,M,0.0000,M,0.0000,0
$GPRMC,231317.43,A,3718.9858780,N,12158.4386980,W,18.2981,104.0961,101220,,,,
$GPGGA,231318.43,3718.9834600,N,12158.4266500,W,1,0,0.0,0.0000,M,0.0000,M,0.0000,0
$GPRMC,231318.43,A,3718.9834600,N,12158.4266500,W,18.5123,103.7552,101220,,,,
$GPGGA,231319.43,3718.9810840,N,12158.4143140,W,1,0,0.0,0.0000,M,0.0000,M,0.0000,0
$GPRMC,231319.43,A,3718.9810840,N,12158.4143140,W,19.0323,103.2074,101220,,,,
$GPGGA,231320.43,3718.9787800,N,12158.4016120,W,1,0,0.0,0.0000,M,0.0000,M,0.0000,0
$GPRMC,231320.43,A,3718.9787800,N,12158.4016120,W,19.4550,102.3170,101220,,,,
$GPGGA,231321.43,3718.9767460,N,12158.3886640,W,1,0,0.0,0.0000,M,0.0000,M,0.0000,0
$GPRMC,231321.43,A,3718.9767460,N,12158.3886640,W,19.5959,100.3476,101220,,,,
$GPGGA,231322.43,3718.9752160,N,12158.3756440,W,1,0,0.0,0.0000,M,0.0000,M,0.0000,0
$GPRMC,231322.43,A,3718.9752160,N,12158.3756440,W,19.4069,97.3093,101220,,,,
$GPGGA,231323.43,3718.9742140,N,12158.3626360,W,1,0,0.0,0.0000,M,0.0000,M,0.0000,0
$GPRMC,231323.43,A,3718.9742140,N,12158.3626360,W,19.3917,94.7124,101220,,,,
$GPGGA,231324.43,3718.9735240,N,12158.3494480,W,1,0,0.0,0.0000,M,0.0000,M,0.0000,0
$GPRMC,231324.43,A,3718.9735240,N,12158.3494480,W,19.7705,93.3647,101220,,,,
$GPGGA,231325.43,3718.9729240,N,12158.3359000,W,1,0,0.0,0.0000,M,0.0000,M,0.0000,0
$GPRMC,231325.43,A,3718.9729240,N,12158.3359000,W,20.3196,93.1257,101220,,,,
$GPGGA,231326.43,3718.9722280,N,12158.3220160,W,1,0,0.0,0.0000,M,0.0000,M,0.0000,0
$GPRMC,231326.43,A,3718.9722280,N,12158.3220160,W,20.6958,93.6653,101220,,,,
$GPGGA,231327.43,3718.9714300,N,12158.3080000,W,1,0,0.0,0.0000,M,0.0000,M,0.0000,0
$GPRMC,231327.43,A,3718.9714300,N,12158.3080000,W,20.6803,94.1727,101220,,,,
$GPGGA,231328.43,3718.9705780,N,12158.2940500,W,1,0,0.0,0.0000,M,0.0000,M,0.0000,0
$GPRMC,231328.43,A,3718.9705780,N,12158.2940500,W,20.6855,94.4044,101220,,,,
$GPGGA,231329.43,3718.9697020,N,12158.2800760,W,1,0,0.0,0.0000,M,0.0000,M,0.0000,0
$GPRMC,231329.43,A,3718.9697020,N,12158.2800760,W,20.7492,94.3333,101220,,,,
$GPGGA,231330.43,3718.9688440,N,12158.2661560,W,1,0,0.0,0.0000,M,0.0000,M,0.0000,0
$GPRMC,231330.43,A,3718.9688440,N,12158.2661560,W,20.4801,94.3558,101220,,,,
$GPGGA,231331.43,3718.9680580,N,12158.2524880,W,1,0,0.0,0.0000,M,0.0000,M,0.0000,0
$GPRMC,231331.43,A,3718.9680580,N,12158.2524880,W,19.9785,93.9172,101220,,,,
$GPGGA,231332.43,3718.9674820,N,12158.2392700,W,1,0,0.0,0.0000,M,0.0000,M,0.0000,0
$GPRMC,231332.43,A,3718.9674820,N,12158.2392700,W,19.0893,92.6950,101220,,,,
$GPGGA,231333.43,3718.9671880,N,12158.2267000,W,1,0,0.0,0.0000,M,0.0000,M,0.0000,0
$GPRMC,231333.43,A,3718.9671880,N,12158.2267000,W,18.1422,91.1498,101220,,,,
$GPGGA,231334.43,3718.9671760,N,12158.2146460,W,1,0,0.0,0.0000,M,0.0000,M,0.0000,0
$GPRMC,231334.43,A,3718.9671760,N,12158.2146460,W,17.5821,89.7881,101220,,,,
$GPGGA,231335.43,3718.9673320,N,12158.2028440,W,1,0,0.0,0.0000,M,0.0000,M,0.0000,0
$GPRMC,231335.43,A,3718.9673320,N,12158.2028440,W,17.3065,88.8481,101220,,,,
$GPGGA,231336.43,3718.9675600,N,12158.1912040,W,1,0,0.0,0.0000,M,0.0000,M,0.0000,0
$GPRMC,231336.43,A,3718.9675600,N,12158.1912040,W,17.1564,88.3744,101220,,,,
$GPGGA,231337.43,3718.9678600,N,12158.1795460,W,1,0,0.0,0.0000,M,0.0000,M,0.0000,0
$GPRMC,231337.43,A,3718.9678600,N,12158.1795460,W,17.3920,87.8615,101220,,,,
$GPGGA,231338.43,3718.9682380,N,12158.1676000,W,1,0,0.0,0.0000,M,0.0000,M,0.0000,0
$GPRMC,231338.43,A,3718.9682380,N,12158.1676000,W,17.9672,87.6392,101220,,,,
$GPGGA,231339.43,3718.9686400,N,12158.1552580,W,1,0,0.0,0.0000,M,0.0000,M,0.0000,0
$GPRMC,231339.43,A,3718.9686400,N,12158.1552580,W,18.5339,87.2818,101220,,,,
$GPGGA,231340.43,3718.9692520,N,12158.1425260,W,1,0,0.0,0.0000,M,0.0000,M,0.0000,0
$GPRMC,231340.43,A,3718.9692520,N,12158.1425260,W,19.2030,85.8238,101220,,,,
$GPGGA,231341.43,3718.9701280,N,12158.1292360,W,1,0,0.0,0.0000,M,0.0000,M,0.0000,0
$GPRMC,231341.43,A,3718.9701280,N,12158.1292360,W,20.2615,84.9099,101220,,,,
$GPGGA,231342.43,3718.9710580,N,12158.1151300,W,1,0,0.0,0.0000,M,0.0000,M,0.0000,0
$GPRMC,231342.43,A,3718.9710580,N,12158.1151300,W,21.5509,85.4041,101220,,,,
$GPGGA,231343.43,3718.9718560,N,12158.1002020,W,1,0,0.0,0.0000,M,0.0000,M,0.0000,0
$GPRMC,231343.43,A,3718.9718560,N,12158.1002020,W,22.5261,86.5462,101220,,,,
$GPGGA,231344.43,3718.9724860,N,12158.0848300,W,1,0,0.0,0.0000,M,0.0000,M,0.0000,0
$GPRMC,231344.43,A,3718.9724860,N,12158.0848300,W,22.8175,87.2507,101220,,,,
$GPGGA,231345.43,3718.9730080,N,12158.0694940,W,1,0,0.0,0.0000,M,0.0000,M,0.0000,0
$GPRMC,231345.43,A,3718.9730080,N,12158.0694940,W,22.5156,87.5703,101220,,,,
$GPGGA,231346.43,3718.9735180,N,12158.0544040,W,1,0,0.0,0.0000,M,0.0000,M,0.0000,0
$GPRMC,231346.43,A,3718.9735180,N,12158.0544040,W,22.1022,87.4401,101220,,,,
$GPGGA,231347.43,3718.9740580,N,12158.0396200,W,1,0,0.0,0.0000,M,0.0000,M,0.0000,0
$GPRMC,231347.43,A,3718.9740580,N,12158.0396200,W,21.6428,87.0633,101220,,,,
$GPGGA,231348.43,3718.9747300,N,12158.0250940,W,1,0,0.0,0.0000,M,0.0000,M,0.0000,0
$GPRMC,231348.43,A,3718.9747300,N,12158.0250940,W,21.4241,86.2567,101220,,,,
$GPGGA,231349.43,3718.9756060,N,12158.0105440,W,1,0,0.0,0.0000,M,0.0000,M,0.0000,0
$GPRMC,231349.43,A,3718.9756060,N,12158.0105440,W,21.8607,85.2556,101220,,,,
$GPGGA,231350.43,3718.9765960,N,12157.9954600,W,1,0,0.0,0.0000,M,0.0000,M,0.0000,0
$GPRMC,231350.43,A,3718.9765960,N,12157.9954600,W,22.9870,85.2646,101220,,,,
$GPGGA,231351.43,3718.9775320,N,12157.9794580,W,1,0,0.0,0.0000,M,0.0000,M,0.0000,0
$GPRMC,231351.43,A,3718.9775320,N,12157.9794580,W,24.4340,86.0230,101220,,,,
$GPGGA,231352.43,3718.9783240,N,12157.9626280,W,1,0,0.0,0.0000,M,0.0000,M,0.0000,0
$GPRMC,231352.43,A,3718.9783240,N,12157.9626280,W,25.2829,86.8237,101220,,,,
$GPGGA,231353.43,3718.9789840,N,12157.9454980,W,1,0,0.0,0.0000,M,0.0000,M,0.0000,0
$GPRMC,231353.43,A,3718.9789840,N,12157.9454980,W,25.3580,87.3638,101220,,,,
$GPGGA,231354.43,3718.9795780,N,12157.9283320,W,1,0,0.0,0.0000,M,0.0000,M,0.0000,0
$GPRMC,231354.43,A,3718.9795780,N,12157.9283320,W,25.4403,87.4947,101220,,,,
$GPGGA,231355.43,3718.9801480,N,12157.9110640,W,1,0,0.0,0.0000,M,0.0000,M,0.0000,0
$GPRMC,231355.43,A,3718.9801480,N,12157.9110640,W,25.6745,87.6559,101220,,,,
$GPGGA,231356.43,3718.9806820,N,12157.8935860,W,1,0,0.0,0.0000,M,0.0000,M,0.0000,0
$GPRMC,231356.43,A,3718.9806820,N,12157.8935860,W,26.0521,87.7670,101220,,,,
$GPGGA,231357.43,3718.9812220,N,12157.8758140,W,1,0,0.0,0.0000,M,0.0000,M,0.0000,0
$GPRMC,231357.43,A,3718.9812220,N,12157.8758140,W,26.5022,87.7783,101220,,,,
$GPGGA,231358.43,3718.9817140,N,12157.8577180,W,1,0,0.0,0.0000,M,0.0000,M,0.0000,0
$GPRMC,231358.43,A,3718.9817140,N,12157.8577180,W,27.0036,88.2460,101220,,,,
$GPGGA,231359.43,3718.9820200,N,12157.8392500,W,1,0,0.0,0.0000,M,0.0000,M,0.0000,0
$GPRMC,231359.43,A,3718.9820200,N,12157.8392500,W,27.5432,89.2082,101220,,,,
$GPGGA,231400.43,3718.9820800,N,12157.8205180,W,1,0,0.0,0.0000,M,0.0000,M,0.0000,0
$GPRMC,231400.43,A,3718.9820800,N,12157.8205180,W,27.7771,90.0406,101220,,,,
$GPGGA,231401.43,3718.9819540,N,12157.8017380,W,1,0,0.0,0.0000,M,0.0000,M,0.0000,0
$GPRMC,231401.43,A,3718.9819540,N,12157.8017380,W,27.7611,90.6762,101220,,,,
$GPGGA,231402.43,3718.9816960,N,12157.7828800,W,1,0,0.0,0.0000,M,0.0000,M,0.0000,0
$GPRMC,231402.43,A,3718.9816960,N,12157.7828800,W,28.0536,90.9417,101220,,,,
$GPGGA,231403.43,3718.9814020,N,12157.7637340,W,1,0,0.0,0.0000,M,0.0000,M,0.0000,0
$GPRMC,231403.43,A,3718.9814020,N,12157.7637340,W,28.5536,90.8040,101220,,,,
$GPGGA,231404.43,3718.9811260,N,12157.7442220,W,1,0,0.0,0.0000,M,0.0000,M,0.0000,0
$GPRMC,231404.43,A,3718.9811260,N,12157.7442220,W,29.0692,90.6565,101220,,,,
$GPGGA,231405.43,3718.9808800,N,12157.7243560,W,1,0,0.0,0.0000,M,0.0000,M,0.0000,0
$GPRMC,231405.43,A,3718.9808800,N,12157.7243560,W,29.5807,90.7899,101220,,,,
$GPGGA,231406.43,3718.9806160,N,12157.7041720,W,1,0,0.0,0.0000,M,0.0000,M,0.0000,0
$GPRMC,231406.43,A,3718.9806160,N,12157.7041720,W,30.0430,90.9142,101220,,,,
$GPGGA,231407.43,3718.9803280,N,12157.6836940,W,1,0,0.0,0.0000,M,0.0000,M,0.0000,0
$GPRMC,231407.43,A,3718.9803280,N,12157.6836940,W,30.4908,90.8788,101220,,,,
$GPGGA,231408.43,3718.9800460,N,12157.6628800,W,1,0,0.0,0.0000,M,0.0000,M,0.0000,0
$GPRMC,231408.43,A,3718.9800460,N,12157.6628800,W,31.0555,90.8132,101220,,,,
$GPGGA,231409.43,3718.9797580,N,12157.6416520,W,1,0,0.0,0.0000,M,0.0000,M,0.0000,0
$GPRMC,231409.43,A,3718.9797580,N,12157.6416520,W,31.6626,90.7261,101220,,,,
$GPGGA,231410.43,3718.9794700,N,12157.6201180,W,1,0,0.0,0.0000,M,0.0000,M,0.0000,0
$GPRMC,231410.43,A,3718.9794700,N,12157.6201180,W,31.9332,90.8221,101220,,,,
$GPGGA,231411.43,3718.9791280,N,12157.5985720,W,1,0,0.0,0.0000,M,0.0000,M,0.0000,0
$GPRMC,231411.43,A,3718.9791280,N,12157.5985720,W,31.6970,90.9683,101220,,,,
$GPGGA,231412.43,3718.9788280,N,12157.5772540,W,1,0,0.0,0.0000,M,0.0000,M,0.0000,0
$GPRMC,231412.43,A,3718.9788280,N,12157.5772540,W,31.3074,90.8001,101220,,,,
$GPGGA,231413.43,3718.9784740,N,12157.5561940,W,1,0,0.0,0.0000,M,0.0000,M,0.0000,0
$GPRMC,231413.43,A,3718.9784740,N,12157.5561940,W,30.9925,91.1282,101220,,,,
$GPGGA,231414.43,3718.9779400,N,12157.5352360,W,1,0,0.0,0.0000,M,0.0000,M,0.0000,0
$GPRMC,231414.43,A,3718.9779400,N,12157.5352360,W,31.0344,91.8319,101220,,,,
$GPGGA,231415.43,3718.9774000,N,12157.5141400,W,1,0,0.0,0.0000,M,0.0000,M,0.0000,0
$GPRMC,231415.43,A,3718.9774000,N,12157.5141400,W,31.2351,91.5900,101220,,,,
$GPGGA,231416.43,3718.9771000,N,12157.4929960,W,1,0,0.0,0.0000,M,0.0000,M,0.0000,0
$GPRMC,231416.43,A,3718.9771000,N,12157.4929960,W,31.2529,90.4815,101220,,,,
$GPGGA,231417.43,3718.9772380,N,12157.4717080,W,1,0,0.0,0.0000,M,0.0000,M,0.0000,0
$GPRMC,231417.43,A,3718.9772380,N,12157.4717080,W,31.8333,88.9664,101220,,,,
$GPGGA,231418.43,3718.9778140,N,12157.4497120,W,1,0,0.0,0.0000,M,0.0000,M,0.0000,0
$GPRMC,231418.43,A,3718.9778140,N,12157.4497120,W,33.2985,87.6124,101220,,,,
$GPGGA,231419.43,3718.9787080,N,12157.4267140,W,1,0,0.0,0.0000,M,0.0000,M,0.0000,0
$GPRMC,231419.43,A,3718.9787080,N,12157.4267140,W,34.5116,86.9640,101220,,,,
$GPGGA,231420.43,3718.9796380,N,12157.4031880,W,1,0,0.0,0.0000,M,0.0000,M,0.0000,0
$GPRMC,231420.43,A,3718.9796380,N,12157.4031880,W,34.8268,87.2793,101220,,,,
$GPGGA,231421.43,3718.9804600,N,12157.3797400,W,1,0,0.0,0.0000,M,0.0000,M,0.0000,0
$GPRMC,231421.43,A,3718.9804600,N,12157.3797400,W,34.5614,87.3182,101220,,,,
$GPGGA,231422.43,3718.9814680,N,12157.3565020,W,1,0,0.0,0.0000,M,0.0000,M,0.0000,0
$GPRMC,231422.43,A,3718.9814680,N,12157.3565020,W,34.2342,86.2080,101220,,,,
$GPGGA,231423.43,3718.9827700,N,12157.3335760,W,1,0,0.0,0.0000,M,0.0000,M,0.0000,0
$GPRMC,231423.43,A,3718.9827700,N,12157.3335760,W,33.5712,85.5338,101220,,,,
$GPGGA,231424.43,3718.9841080,N,12157.3115020,W,1,0,0.0,0.0000,M,0.0000,M,0.0000,0
$GPRMC,231424.43,A,3718.9841080,N,12157.3115020,W,31.6196,85.6778,101220,,,,
$GPGGA,231425.43,3718.9851700,N,12157.2911560,W,1,0,0.0,0.0000,M,0.0000,M,0.0000,0
$GPRMC,231425.43,A,3718.9851700,N,12157.2911560,W,28.6739,86.7564,101220,,,,
$GPGGA,231426.43,3718.9857880,N,12157.2724480,W,1,0,0.0,0.0000,M,0.0000,M,0.0000,0
$GPRMC,231426.43,A,3718.9857880,N,12157.2724480,W,26.8767,88.0701,101220,,,,
$GPGGA,231427.43,3718.9861480,N,12157.2544120,W,1,0,0.0,0.0000,M,0.0000,M,0.0000,0
$GPRMC,231427.43,A,3718.9861480,N,12157.2544120,W,26.5060,88.5169,101220,,,,
$GPGGA,231428.43,3718.9864780,N,12157.2365680,W,1,0,0.0,0.0000,M,0.0000,M,0.0000,0
$GPRMC,231428.43,A,3718.9864780,N,12157.2365680,W,26.2458,88.3579,101220,,,,
$GPGGA,231429.43,3718.9868860,N,12157.2189220,W,1,0,0.0,0.0000,M,0.0000,M,0.0000,0
$GPRMC,231429.43,A,3718.9868860,N,12157.2189220,W,25.9311,88.0605,101220,,,,
$GPGGA,231430.43,3718.9873060,N,12157.2015040,W,1,0,0.0,0.0000,M,0.0000,M,0.0000,0
$GPRMC,231430.43,A,3718.9873060,N,12157.2015040,W,25.6056,88.1851,101220,,,,
$GPGGA,231431.43,3718.9876240,N,12157.1842780,W,1,0,0.0,0.0000,M,0.0000,M,0.0000,0
$GPRMC,231431.43,A,3718.9876240,N,12157.1842780,W,25.2660,88.4742,101220,,,,
$GPGGA,231432.43,3718.9878820,N,12157.1673640,W,1,0,0.0,0.0000,M,0.0000,M,0.0000,0
$GPRMC,231432.43,A,3718.9878820,N,12157.1673640,W,24.4625,88.5365,101220,,,,
$GPGGA,231433.43,3718.9881640,N,12157.1513680,W,1,0,0.0,0.0000,M,0.0000,M,0.0000,0
$GPRMC,231433.43,A,3718.9881640,N,12157.1513680,W,22.6088,88.7180,101220,,,,
$GPGGA,231434.43,3718.9883860,N,12157.1368660,W,1,0,0.0,0.0000,M,0.0000,M,0.0000,0
$GPRMC,231434.43,A,3718.9883860,N,12157.1368660,W,20.3028,89.0019,101220,,,,
$GPGGA,231435.43,3718.9885420,N,12157.1239480,W,1,0,0.0,0.0000,M,0.0000,M,0.0000,0
$GPRMC,231435.43,A,3718.9885420,N,12157.1239480,W,17.7433,89.0078,101220,,,,
$GPGGA,231436.43,3718.9889680,N,12157.1134000,W,1,0,0.0,0.0000,M,0.0000,M,0.0000,0
$GPRMC,231436.43,A,3718.9889680,N,12157.1134000,W,13.2538,91.8201,101220,,,,
$GPGGA,231437.43,3718.9888840,N,12157.1066440,W,1,0,0.0,0.0000,M,0.0000,M,0.0000,0
$GPRMC,231437.43,A,3718.9888840,N,12157.1066440,W,6.9431,97.2922,101220,,,,
$GPGGA,231438.43,3718.9880620,N,12157.1037040,W,1,0,0.0,0.0000,M,0.0000,M,0.0000,0
$GPRMC,231438.43,A,3718.9880620,N,12157.1037040,W,2.4258,100.9095,101220,,,,
$GPGGA,231439.43,3718.9877020,N,12157.1027440,W,1,0,0.0,0.0000,M,0.0000,M,0.0000,0
$GPRMC,231439.43,A,3718.9877020,N,12157.1027440,W,1.2087,104.1257,101220,,,,
$GPGGA,231440.43,3718.9874560,N,12157.1022400,W,1,0,0.0,0.0000,M,0.0000,M,0.0000,0
$GPRMC,231440.43,A,3718.9874560,N,12157.1022400,W,0.9550,105.9015,101220,,,,
$GPGGA,231441.43,3718.9872700,N,12157.1017540,W,1,0,0.0,0.0000,M,0.0000,M,0.0000,0
$GPRMC,231441.43,A,3718.9872700,N,12157.1017540,W,1.2244,105.7912,101220,,,,
$GPGGA,231442.43,3718.9870120,N,12157.1008480,W,1,0,0.0,0.0000,M,0.0000,M,0.0000,0
$GPRMC,231442.43,A,3718.9870120,N,12157.1008480,W,2.2069,105.4858,101220,,,,
$GPGGA,231443.43,3718.9865260,N,12157.0989940,W,1,0,0.0,0.0000,M,0.0000,M,0.0000,0
$GPRMC,231443.43,A,3718.9865260,N,12157.0989940,W,3.9283,106.0650,101220,,,,
$GPGGA,231444.43,3718.9855660,N,12157.0959820,W,1,0,0.0,0.0000,M,0.0000,M,0.0000,0
$GPRMC,231444.43,A,3718.9855660,N,12157.0959820,W,5.6835,111.5569,101220,,,,
$GPGGA,231445.43,3718.9836880,N,12157.0925920,W,1,0,0.0,0.0000,M,0.0000,M,0.0000,0
$GPRMC,231445.43,A,3718.9836880,N,12157.0925920,W,6.5623,127.5710,101220,,,,
$GPGGA,231446.43,3718.9807660,N,12157.0901260,W,1,0,0.0,0.0000,M,0.0000,M,0.0000,0
$GPRMC,231446.43,A,3718.9807660,N,12157.0901260,W,6.7384,149.9276,101220,,,,
$GPGGA,231447.43,3718.9772380,N,12157.0887760,W,1,0,0.0,0.0000,M,0.0000,M,0.0000,0
$GPRMC,231447.43,A,3718.9772380,N,12157.0887760,W,6.9920,165.1148,101220,,,,
$GPGGA,231448.43,3718.9735240,N,12157.0876480,W,1,0,0.0,0.0000,M,0.0000,M,0.0000,0
$GPRMC,231448.43,A,3718.9735240,N,12157.0876480,W,6.9713,165.3970,101220,,,,
$GPGGA,231449.43,3718.9701460,N,12157.0857100,W,1,0,0.0,0.0000,M,0.0000,M,0.0000,0
$GPRMC,231449.43,A,3718.9701460,N,12157.0857100,W,6.6917,151.0936,101220,,,,
$GPGGA,231450.43,3718.9677760,N,12157.0824400,W,1,0,0.0,0.0000,M,0.0000,M,0.0000,0
$GPRMC,231450.43,A,3718.9677760,N,12157.0824400,W,6.6741,128.0187,101220,,,,
$GPGGA,231451.43,3718.9666480,N,12157.0779940,W,1,0,0.0,0.0000,M,0.0000,M,0.0000,0
$GPRMC,231451.43,A,3718.9666480,N,12157.0779940,W,7.3214,105.8686,101220,,,,
$GPGGA,231452.43,3718.9663960,N,12157.0725820,W,1,0,0.0,0.0000,M,0.0000,M,0.0000,0
$GPRMC,231452.43,A,3718.9663960,N,12157.0725820,W,8.7086,93.4735,101220,,,,
$GPGGA,231453.43,3718.9664020,N,12157.0661020,W,1,0,0.0,0.0000,M,0.0000,M,0.0000,0
$GPRMC,231453.43,A,3718.9664020,N,12157.0661020,W,10.2134,90.7023,101220,,,,
$GPGGA,231454.43,3718.9663960,N,12157.0589440,W,1,0,0.0,0.0000,M,0.0000,M,0.0000,0
$GPRMC,231454.43,A,3718.9663960,N,12157.0589440,W,10.6310,90.9778,101220,,,,
$GPGGA,231455.43,3718.9663240,N,12157.0516960,W,1,0,0.0,0.0000,M,0.0000,M,0.0000,0
$GPRMC,231455.43,A,3718.9663240,N,12157.0516960,W,10.8323,91.9503,101220,,,,
$GPGGA,231456.43,3718.9661560,N,12157.0440520,W,1,0,0.0,0.0000,M,0.0000,M,0.0000,0
$GPRMC,231456.43,A,3718.9661560,N,12157.0440520,W,11.6543,92.4889,101220,,,,
$GPGGA,231457.43,3718.9658620,N,12157.0358560,W,1,0,0.0,0.0000,M,0.0000,M,0.0000,0
$GPRMC,231457.43,A,3718.9658620,N,12157.0358560,W,12.2840,92.7216,101220,,,,
$GPGGA,231458.43,3718.9655440,N,12157.0277020,W,1,0,0.0,0.0000,M,0.0000,M,0.0000,0
$GPRMC,231458.43,A,3718.9655440,N,12157.0277020,W,11.8477,92.6023,101220,,,,
$GPGGA,231459.43,3718.9653400,N,12157.0201720,W,1,0,0.0,0.0000,M,0.0000,M,0.0000,0
$GPRMC,231459.43,A,3718.9653400,N,12157.0201720,W,10.6091,90.9653,101220,,,,
$GPGGA,231500.43,3718.9656820,N,12157.0135360,W,1,0,0.0,0.0000,M,0.0000,M,0.0000,0
$GPRMC,231500.43,A,3718.9656820,N,12157.0135360,W,9.2681,83.0947,101220,,,,
$GPGGA,231501.43,3718.9673140,N,12157.0079740,W,1,0,0.0,0.0000,M,0.0000,M,0.0000,0
$GPRMC,231501.43,A,3718.9673140,N,12157.0079740,W,8.5052,63.3625,101220,,,,
$GPGGA,231502.43,3718.9705420,N,12157.0041520,W,1,0,0.0,0.0000,M,0.0000,M,0.0000,0
$GPRMC,231502.43,A,3718.9705420,N,12157.0041520,W,8.4689,36.5069,101220,,,,
$GPGGA,231503.43,3718.9749100,N,12157.0023160,W,1,0,0.0,0.0000,M,0.0000,M,0.0000,0
$GPRMC,231503.43,A,3718.9749100,N,12157.0023160,W,8.8924,14.6613,101220,,,,
$GPGGA,231504.43,3718.9798300,N,12157.0016320,W,1,0,0.0,0.0000,M,0.0000,M,0.0000,0
$GPRMC,231504.43,A,3718.9798300,N,12157.0016320,W,9.5295,5.5874,101220,,,,
$GPGGA,231505.43,3718.9852780,N,12157.0010800,W,1,0,0.0,0.0000,M,0.0000,M,0.0000,0
$GPRMC,231505.43,A,3718.9852780,N,12157.0010800,W,11.0688,4.7755,101220,,,,
$GPGGA,231506.43,3718.9918780,N,12157.0005880,W,1,0,0.0,0.0000,M,0.0000,M,0.0000,0
$GPRMC,231506.43,A,3718.9918780,N,12157.0005880,W,13.3915,2.9630,101220,,,,
$GPGGA,231507.43,3718.9996000,N,12157.0002880,W,1,0,0.0,0.0000,M,0.0000,M,0.0000,0
$GPRMC,231507.43,A,3718.9996000,N,12157.0002880,W,14.7176,1.3041,101220,,,,
$GPGGA,231508.43,3719.0075800,N,12157.0001440,W,1,0,0.0,0.0000,M,0.0000,M,0.0000,0
$GPRMC,231508.43,A,3719.0075800,N,12157.0001440,W,14.7441,0.4763,101220,,,,
$GPGGA,231509.43,3719.0154160,N,12157.0000360,W,1,0,0.0,0.0000,M,0.0000,M,0.0000,0
$GPRMC,231509.43,A,3719.0154160,N,12157.0000360,W,14.0279,0.0709,101220,,,,
$GPGGA,231510.43,3719.0225260,N,12157.0000120,W,1,0,0.0,0.0000,M,0.0000,M,0.0000,0
$GPRMC,231510.43,A,3719.0225260,N,12157.0000120,W,11.9932,359.4200,101220,,,,
$GPGGA,231511.43,3719.0281480,N,12156.9999640,W,1,0,0.0,0.0000,M,0.0000,M,0.0000,0
$GPRMC,231511.43,A,3719.0281480,N,12156.9999640,W,9.0169,1.8842,101220,,,,
$GPGGA,231512.43,3719.0321560,N,12156.9989440,W,1,0,0.0,0.0000,M,0.0000,M,0.0000,0
$GPRMC,231512.43,A,3719.0321560,N,12156.9989440,W,6.7071,17.5814,101220,,,,
$GPGGA,231513.43,3719.0344960,N,12156.9962620,W,1,0,0.0,0.0000,M,0.0000,M,0.0000,0
$GPRMC,231513.43,A,3719.0344960,N,12156.9962620,W,5.9245,48.7647,101220,,,,
$GPGGA,231514.43,3719.0352460,N,12156.9924100,W,1,0,0.0,0.0000,M,0.0000,M,0.0000,0
$GPRMC,231514.43,A,3719.0352460,N,12156.9924100,W,6.4175,77.6662,101220,,,,
$GPGGA,231515.43,3719.0352460,N,12156.9875140,W,1,0,0.0,0.0000,M,0.0000,M,0.0000,0
$GPRMC,231515.43,A,3719.0352460,N,12156.9875140,W,8.1320,90.0622,101220,,,,
$GPGGA,231516.43,3719.0350300,N,12156.9814480,W,1,0,0.0,0.0000,M,0.0000,M,0.0000,0
$GPRMC,231516.43,A,3719.0350300,N,12156.9814480,W,9.6431,92.6841,101220,,,,
$GPGGA,231517.43,3719.0347600,N,12156.9747700,W,1,0,0.0,0.0000,M,0.0000,M,0.0000,0
$GPRMC,231517.43,A,3719.0347600,N,12156.9747700,W,9.9559,92.7704,101220,,,,
$GPGGA,231518.43,3719.0345020,N,12156.9681340,W,1,0,0.0,0.0000,M,0.0000,M,0.0000,0
$GPRMC,231518.43,A,3719.0345020,N,12156.9681340,W,9.6198,92.7742,101220,,,,
$GPGGA,231519.43,3719.0341660,N,12156.9618820,W,1,0,0.0,0.0000,M,0.0000,M,0.0000,0
$GPRMC,231519.43,A,3719.0341660,N,12156.9618820,W,8.7755,93.2876,101220,,,,
$GPGGA,231520.43,3719.0338480,N,12156.9563740,W,1,0,0.0,0.0000,M,0.0000,M,0.0000,0
$GPRMC,231520.43,A,3719.0338480,N,12156.9563740,W,7.4846,93.7747,101220,,,,
$GPGGA,231521.43,3719.0336560,N,12156.9516700,W,1,0,0.0,0.0000,M,0.0000,M,0.0000,0
$GPRMC,231521.43,A,3719.0336560,N,12156.9516700,W,6.4967,93.6314,101220,,,,
$GPGGA,231522.43,3719.0336020,N,12156.9474580,W,1,0,0.0,0.0000,M,0.0000,M,0.0000,0
$GPRMC,231522.43,A,3719.0336020,N,12156.9474580,W,5.9621,90.2834,101220,,,,
$GPGGA,231523.43,3719.0342560,N,12156.9436360,W,1,0,0.0,0.0000,M,0.0000,M,0.0000,0
$GPRMC,231523.43,A,3719.0342560,N,12156.9436360,W,5.7605,74.6497,101220,,,,
$GPGGA,231524.43,3719.0361220,N,12156.9406420,W,1,0,0.0,0.0000,M,0.0000,M,0.0000,0
$GPRMC,231524.43,A,3719.0361220,N,12156.9406420,W,5.7691,48.3905,101220,,,,
$GPGGA,231525.43,3719.0387920,N,12156.9389020,W,1,0,0.0,0.0000,M,0.0000,M,0.0000,0
$GPRMC,231525.43,A,3719.0387920,N,12156.9389020,W,5.5925,25.0511,101220,,,,
$GPGGA,231526.43,3719.0417380,N,12156.9382120,W,1,0,0.0,0.0000,M,0.0000,M,0.0000,0
$GPRMC,231526.43,A,3719.0417380,N,12156.9382120,W,5.5614,9.6570,101220,,,,
$GPGGA,231527.43,3719.0447860,N,12156.9380260,W,1,0,0.0,0.0000,M,0.0000,M,0.0000,0
$GPRMC,231527.43,A,3719.0447860,N,12156.9380260,W,5.6686,2.8055,101220,,,,
$GPGGA,231528.43,3719.0478760,N,12156.9381100,W,1,0,0.0,0.0000,M,0.0000,M,0.0000,0
$GPRMC,231528.43,A,3719.0478760,N,12156.9381100,W,5.7729,359.0300,101220,,,,
$GPGGA,231529.43,3719.0510560,N,12156.9382660,W,1,0,0.0,0.0000,M,0.0000,M,0.0000,0
$GPRMC,231529.43,A,3719.0510560,N,12156.9382660,W,5.9628,358.2233,101220,,,,
$GPGGA,231530.43,3719.0542840,N,12156.9384340,W,1,0,0.0,0.0000,M,0.0000,M,0.0000,0
$GPRMC,231530.43,A,3719.0542840,N,12156.9384340,W,5.9532,358.5576,101220,,,,
$GPGGA,231531.43,3719.0574880,N,12156.9385600,W,1,0,0.0,0.0000,M,0.0000,M,0.0000,0
$GPRMC,231531.43,A,3719.0574880,N,12156.9385600,W,5.8879,358.7337,101220,,,,
$GPGGA,231532.43,3719.0606560,N,12156.9386320,W,1,0,0.0,0.0000,M,0.0000,M,0.0000,0
$GPRMC,231532.43,A,3719.0606560,N,12156.9386320,W,5.8004,358.5624,101220,,,,
$GPGGA,231533.43,3719.0636920,N,12156.9387280,W,1,0,0.0,0.0000,M,0.0000,M,0.0000,0
$GPRMC,231533.43,A,3719.0636920,N,12156.9387280,W,5.3798,358.2910,101220,,,,
$GPGGA,231534.43,3719.0663680,N,12156.9387820,W,1,0,0.0,0.0000,M,0.0000,M,0.0000,0
$GPRMC,231534.43,A,3719.0663680,N,12156.9387820,W,4.4695,359.2922,101220,,,,
$GPGGA,231535.43,3719.0683900,N,12156.9384100,W,1,0,0.0,0.0000,M,0.0000,M,0.0000,0
$GPRMC,231535.43,A,3719.0683900,N,12156.9384100,W,3.2316,9.6497,101220,,,,
$GPGGA,231536.43,3719.0695540,N,12156.9372160,W,1,0,0.0,0.0000,M,0.0000,M,0.0000,0
$GPRMC,231536.43,A,3719.0695540,N,12156.9372160,W,2.6092,34.8423,101220,,,,
$GPGGA,231537.43,3719.0699860,N,12156.9353740,W,1,0,0.0,0.0000,M,0.0000,M,0.0000,0
$GPRMC,231537.43,A,3719.0699860,N,12156.9353740,W,3.0976,63.0111,101220,,,,
$GPGGA,231538.43,3719.0697160,N,12156.9334900,W,1,0,0.0,0.0000,M,0.0000,M,0.0000,0
$GPRMC,231538.43,A,3719.0697160,N,12156.9334900,W,4.0324,80.2260,101220,,,,
$GPGGA,231539.43,3719.0672740,N,12156.9325480,W,1,0,0.0,0.0000,M,0.0000,M,0.0000,0
$GPRMC,231539.43,A,3719.0672740,N,12156.9325480,W,4.8719,85.8498,101220,,,,
$GPGGA,231540.43,3719.0638120,N,12156.9311020,W,1,0,0.0,0.0000,M,0.0000,M,0.0000,0
$GPRMC,231540.43,A,3719.0638120,N,12156.9311020,W,5.3159,87.8927,101220,,,,
$GPGGA,231541.43,3719.0629300,N,12156.9277180,W,1,0,0.0,0.0000,M,0.0000,M,0.0000,0
$GPRMC,231541.43,A,3719.0629300,N,12156.9277180,W,5.2917,88.9904,101220,,,,
$GPGGA,231542.43,3719.0650180,N,12156.9240820,W,1,0,0.0,0.0000,M,0.0000,M,0.0000,0
$GPRMC,231542.43,A,3719.0650180,N,12156.9240820,W,5.1003,89.9279,101220,,,,
$GPGGA,231543.43,3719.0686060,N,12156.9199420,W,1,0,0.0,0.0000,M,0.0000,M,0.0000,0
$GPRMC,231543.43,A,3719.0686060,N,12156.9199420,W,4.9088,91.2713,101220,,,,
$GPGGA,231544.43,3719.0712400,N,12156.9150400,W,1,0,0.0,0.0000,M,0.0000,M,0.0000,0
$GPRMC,231544.43,A,3719.0712400,N,12156.9150400,W,4.7047,91.9032,101220,,,,
$GPGGA,231545.43,3719.0728000,N,12156.9096040,W,1,0,0.0,0.0000,M,0.0000,M,0.0000,0
$GPRMC,231545.43,A,3719.0728000,N,12156.9096040,W,4.4692,91.8987,101220,,,,
$GPGGA,231546.43,3719.0738140,N,12156.9049300,W,1,0,0.0,0.0000,M,0.0000,M,0.0000,0
$GPRMC,231546.43,A,3719.0738140,N,12156.9049300,W,3.9834,89.4671,101220,,,,
$GPGGA,231547.43,3719.0747860,N,12156.9021160,W,1,0,0.0,0.0000,M,0.0000,M,0.0000,0
$GPRMC,231547.43,A,3719.0747860,N,12156.9021160,W,3.2714,78.4871,101220,,,,
$GPGGA,231548.43,3719.0748520,N,12156.9013840,W,1,0,0.0,0.0000,M,0.0000,M,0.0000,0
$GPRMC,231548.43,A,3719.0748520,N,12156.9013840,W,2.6545,58.1905,101220,,,,
$GPGGA,231549.43,3719.0741200,N,12156.9017560,W,1,0,0.0,0.0000,M,0.0000,M,0.0000,0
$GPRMC,231549.43,A,3719.0741200,N,12156.9017560,W,2.0318,33.7496,101220,,,,
$GPGGA,231550.43,3719.0744200,N,12156.9019900,W,1,0,0.0,0.0000,M,0.0000,M,0.0000,0
$GPRMC,231550.43,A,3719.0744200,N,12156.9019900,W,1.3473,11.6583,101220,,,,
$GPGGA,231551.43,3719.0745880,N,12156.9023140,W,1,0,0.0,0.0000,M,0.0000,M,0.0000,0
$GPRMC,231551.43,A,3719.0745880,N,12156.9023140,W,0.5800,0.0629,101220,,,,
$GPGGA,231552.43,3719.0744380,N,12156.9024640,W,1,0,0.0,0.0000,M,0.0000,M,0.0000,0
$GPRMC,231552.43,A,3719.0744380,N,12156.9024640,W,0.1373,357.7423,101220,,,,
$GPGGA,231553.43,3719.0745340,N,12156.9025000,W,1,0,0.0,0.0000,M,0.0000,M,0.0000,0
$GPRMC,231553.43,A,3719.0745340,N,12156.9025000,W,0.0828,357.7810,101220,,,,
$GPGGA,231554.43,3719.0745520,N,12156.9025420,W,1,0,0.0,0.0000,M,0.0000,M,0.0000,0
$GPRMC,231554.43,A,3719.0745520,N,12156.9025420,W,0.0699,357.7819,101220,,,,
$GPGGA,231555.43,3719.0745760,N,12156.9025840,W,1,0,0.0,0.0000,M,0.0000,M,0.0000,0
$GPRMC,231555.43,A,3719.0745760,N,12156.9025840,W,0.0762,357.7820,101220,,,,
$GPGGA,231556.43,3719.0745940,N,12156.9026140,W,1,0,0.0,0.0000,M,0.0000,M,0.0000,0
$GPRMC,231556.43,A,3719.0745940,N,12156.9026140,W,0.0758,357.7826,101220,,,,
$GPGGA,231557.43,3719.0746060,N,12156.9026320,W,1,0,0.0,0.0000,M,0.0000,M,0.0000,0
$GPRMC,231557.43,A,3719.0746060,N,12156.9026320,W,0.0406,357.7812,101220,,,,
$GPGGA,231558.43,3719.0746120,N,12156.9026500,W,1,0,0.0,0.0000,M,0.0000,M,0.0000,0
$GPRMC,231558.43,A,3719.0746120,N,12156.9026500,W,0.0256,357.7797,101220,,,,
$GPGGA,231559.43,3719.0746180,N,12156.9026560,W,1,0,0.0,0.0000,M,0.0000,M,0.0000,0
$GPRMC,231559.43,A,3719.0746180,N,12156.9026560,W,0.0189,357.7785,101220,,,,
$GPGGA,231600.43,3719.0746240,N,12156.9026620,W,1,0,0.0,0.0000,M,0.0000,M,0.0000,0
$GPRMC,231600.43,A,3719.0746240,N,12156.9026620,W,0.0138,357.7776,101220,,,,
$GPGGA,231601.43,3719.0746240,N,12156.9026680,W,1,0,0.0,0.0000,M,0.0000,M,0.0000,0
$GPRMC,231601.43,A,3719.0746240,N,12156.9026680,W,0.0102,357.7766,101220,,,,
$GPGGA,231602.43,3719.0746240,N,12156.9026680,W,1,0,0.0,0.0000,M,0.0000,M,0.0000,0
$GPRMC,231602.43,A,3719.0746240,N,12156.9026680,W,0.0075,357.7751,101220,,,,
$GPGGA,231603.43,3719.0746300,N,12156.9026620,W,1,0,0.0,0.0000,M,0.0000,M,0.0000,0
$GPRMC,231603.43,A,3719.0746300,N,12156.9026620,W,0.0056,357.7740,101220,,,,
$GPGGA,231604.43,3719.0746300,N,12156.9026620,W,1,0,0.0,0.0000,M,0.0000,M,0.0000,0
$GPRMC,231604.43,A,3719.0746300,N,12156.9026620,W,0.0048,357.7730,101220,,,,
$GPGGA,231605.43,3719.0746300,N,12156.9026560,W,1,0,0.0,0.0000,M,0.0000,M,0.0000,0
$GPRMC,231605.43,A,3719.0746300,N,12156.9026560,W,0.0041,357.7719,101220,,,,
$GPGGA,231606.43,3719.0746360,N,12156.9026560,W,1,0,0.0,0.0000,M,0.0000,M,0.0000,0
$GPRMC,231606.43,A,3719.0746360,N,12156.9026560,W,0.0036,357.7706,101220,,,,
$GPGGA,231607.43,3719.0746360,N,12156.9026500,W,1,0,0.0,0.0000,M,0.0000,M,0.0000,0
$GPRMC,231607.43,A,3719.0746360,N,12156.9026500,W,0.0030,357.7695,101220,,,,
$GPGGA,231608.43,3719.0746360,N,12156.9026500,W,1,0,0.0,0.0000,M,0.0000,M,0.0000,0
$GPRMC,231608.43,A,3719.0746360,N,12156.9026500,W,0.0022,357.7683,101220,,,,

