$GPGGA,221725.45,3719.0731660,N,12156.9019660,W,1,0,0.0,0.0000,M,0.0000,M,0.0000,0
$GPRMC,221725.45,A,3719.0731660,N,12156.9019660,W,0.0496,89.7751,101220,,,,
$GPGGA,221726.45,3719.0731660,N,12156.9019660,W,1,0,0.0,0.0000,M,0.0000,M,0.0000,0
$GPRMC,221726.45,A,3719.0731660,N,12156.9019660,W,0.0486,89.7747,101220,,,,
$GPGGA,221727.45,3719.0731660,N,12156.9019660,W,1,0,0.0,0.0000,M,0.0000,M,0.0000,0
$GPRMC,221727.45,A,3719.0731660,N,12156.9019660,W,0.0476,89.7743,101220,,,,
$GPGGA,221728.45,3719.0731660,N,12156.9019660,W,1,0,0.0,0.0000,M,0.0000,M,0.0000,0
$GPRMC,221728.45,A,3719.0731660,N,12156.9019660,W,0.0480,89.7740,101220,,,,
$GPGGA,221729.45,3719.0731660,N,12156.9019660,W,1,0,0.0,0.0000,M,0.0000,M,0.0000,0
$GPRMC,221729.45,A,3719.0731660,N,12156.9019660,W,0.0491,89.7746,101220,,,,
$GPGGA,221730.45,3719.0731660,N,12156.9019660,W,1,0,0.0,0.0000,M,0.0000,M,0.0000,0
$GPRMC,221730.45,A,3719.0731660,N,12156.9019660,W,0.0482,89.7733,101220,,,,
$GPGGA,221731.45,3719.0731600,N,12156.9019660,W,1,0,0.0,0.0000,M,0.0000,M,0.0000,0
$GPRMC,221731.45,A,3719.0731600,N,12156.9019660,W,0.0467,89.7715,101220,,,,
$GPGGA,221732.45,3719.0731600,N,12156.9019660,W,1,0,0.0,0.0000,M,0.0000,M,0.0000,0
$GPRMC,221732.45,A,3719.0731600,N,12156.9019660,W,0.0448,89.7722,101220,,,,
$GPGGA,221733.45,3719.0731600,N,12156.9019660,W,1,0,0.0,0.0000,M,0.0000,M,0.0000,0
$GPRMC,221733.45,A,3719.0731600,N,12156.9019660,W,0.0431,89.7719,101220,,,,
$GPGGA,221734.45,3719.0731600,N,12156.9019660,W,1,0,0.0,0.0000,M,0.0000,M,0.0000,0
$GPRMC,221734.45,A,3719.0731600,N,12156.9019660,W,0.0467,89.7712,101220,,,,
$GPGGA,221735.45,3719.0731600,N,12156.9019660,W,1,0,0.0,0.0000,M,0.0000,M,0.0000,0
$GPRMC,221735.45,A,3719.0731600,N,12156.9019660,W,0.0543,89.7706,101220,,,,
$GPGGA,221736.45,3719.0731600,N,12156.9019660,W,1,0,0.0,0.0000,M,0.0000,M,0.0000,0
$GPRMC,221736.45,A,3719.0731600,N,12156.9019660,W,0.0617,89.7704,101220,,,,
$GPGGA,221737.45,3719.0731480,N,12156.9019660,W,1,0,0.0,0.0000,M,0.0000,M,0.0000,0
$GPRMC,221737.45,A,3719.0731480,N,12156.9019660,W,0.0702,89.7701,101220,,,,
$GPGGA,221738.45,3719.0729860,N,12156.9019540,W,1,0,0.0,0.0000,M,0.0000,M,0.0000,0
$GPRMC,221738.45,A,3719.0729860,N,12156.9019540,W,0.0792,89.7697,101220,,,,
$GPGGA,221739.45,3719.0727940,N,12156.9019420,W,1,0,0.0,0.0000,M,0.0000,M,0.0000,0
$GPRMC,221739.45,A,3719.0727940,N,12156.9019420,W,0.0895,89.7692,101220,,,,
$GPGGA,221740.45,3719.0727640,N,12156.9019360,W,1,0,0.0,0.0000,M,0.0000,M,0.0000,0
$GPRMC,221740.45,A,3719.0727640,N,12156.9019360,W,0.1029,89.7689,101220,,,,
$GPGGA,221741.45,3719.0727340,N,12156.9019360,W,1,0,0.0,0.0000,M,0.0000,M,0.0000,0
$GPRMC,221741.45,A,3719.0727340,N,12156.9019360,W,0.1232,89.7687,101220,,,,
$GPGGA,221742.45,3719.0726800,N,12156.9019300,W,1,0,0.0,0.0000,M,0.0000,M,0.0000,0
$GPRMC,221742.45,A,3719.0726800,N,12156.9019300,W,0.1484,89.7690,101220,,,,
$GPGGA,221743.45,3719.0725840,N,12156.9019180,W,1,0,0.0,0.0000,M,0.0000,M,0.0000,0
$GPRMC,221743.45,A,3719.0725840,N,12156.9019180,W,0.1683,89.7690,101220,,,,
$GPGGA,221744.45,3719.0724760,N,12156.9019120,W,1,0,0.0,0.0000,M,0.0000,M,0.0000,0
$GPRMC,221744.45,A,3719.0724760,N,12156.9019120,W,0.1793,89.7681,101220,,,,
$GPGGA,221745.45,3719.0723560,N,12156.9019060,W,1,0,0.0,0.0000,M,0.0000,M,0.0000,0
$GPRMC,221745.45,A,3719.0723560,N,12156.9019060,W,0.1834,89.7672,101220,,,,
$GPGGA,221746.45,3719.0722180,N,12156.9018940,W,1,0,0.0,0.0000,M,0.0000,M,0.0000,0
$GPRMC,221746.45,A,3719.0722180,N,12156.9018940,W,0.1926,89.7671,101220,,,,
$GPGGA,221747.45,3719.0721220,N,12156.9018820,W,1,0,0.0,0.0000,M,0.0000,M,0.0000,0
$GPRMC,221747.45,A,3719.0721220,N,12156.9018820,W,0.2137,89.7670,101220,,,,
$GPGGA,221748.45,3719.0720920,N,12156.9018760,W,1,0,0.0,0.0000,M,0.0000,M,0.0000,0
$GPRMC,221748.45,A,3719.0720920,N,12156.9018760,W,0.2401,89.7656,101220,,,,
$GPGGA,221749.45,3719.0720680,N,12156.9018760,W,1,0,0.0,0.0000,M,0.0000,M,0.0000,0
$GPRMC,221749.45,A,3719.0720680,N,12156.9018760,W,0.2653,89.7650,101220,,,,
$GPGGA,221750.45,3719.0720380,N,12156.9018760,W,1,0,0.0,0.0000,M,0.0000,M,0.0000,0
$GPRMC,221750.45,A,3719.0720380,N,12156.9018760,W,0.2871,89.7649,101220,,,,
$GPGGA,221751.45,3719.0718940,N,12156.9018880,W,1,0,0.0,0.0000,M,0.0000,M,0.0000,0
$GPRMC,221751.45,A,3719.0718940,N,12156.9018880,W,0.2840,89.7636,101220,,,,
$GPGGA,221752.45,3719.0716780,N,12156.9018100,W,1,0,0.0,0.0000,M,0.0000,M,0.0000,0
$GPRMC,221752.45,A,3719.0716780,N,12156.9018100,W,0.4506,89.7642,101220,,,,
$GPGGA,221753.45,3719.0715280,N,12156.9012400,W,1,0,0.0,0.0000,M,0.0000,M,0.0000,0
$GPRMC,221753.45,A,3719.0715280,N,12156.9012400,W,0.9301,90.8806,101220,,,,
$GPGGA,221754.45,3719.0713360,N,12156.9000880,W,1,0,0.0,0.0000,M,0.0000,M,0.0000,0
$GPRMC,221754.45,A,3719.0713360,N,12156.9000880,W,1.5666,95.7295,101220,,,,
$GPGGA,221755.45,3719.0710120,N,12156.8984260,W,1,0,0.0,0.0000,M,0.0000,M,0.0000,0
$GPRMC,221755.45,A,3719.0710120,N,12156.8984260,W,2.4113,105.2801,101220,,,,
$GPGGA,221756.45,3719.0707900,N,12156.8962120,W,1,0,0.0,0.0000,M,0.0000,M,0.0000,0
$GPRMC,221756.45,A,3719.0707900,N,12156.8962120,W,3.3287,113.1249,101220,,,,
$GPGGA,221757.45,3719.0711380,N,12156.8937040,W,1,0,0.0,0.0000,M,0.0000,M,0.0000,0
$GPRMC,221757.45,A,3719.0711380,N,12156.8937040,W,3.7111,111.9308,101220,,,,
$GPGGA,221758.45,3719.0719300,N,12156.8915920,W,1,0,0.0,0.0000,M,0.0000,M,0.0000,0
$GPRMC,221758.45,A,3719.0719300,N,12156.8915920,W,3.0378,106.0640,101220,,,,
$GPGGA,221759.45,3719.0726500,N,12156.8903500,W,1,0,0.0,0.0000,M,0.0000,M,0.0000,0
$GPRMC,221759.45,A,3719.0726500,N,12156.8903500,W,2.1831,101.4232,101220,,,,
$GPGGA,221800.45,3719.0732560,N,12156.8895580,W,1,0,0.0,0.0000,M,0.0000,M,0.0000,0
$GPRMC,221800.45,A,3719.0732560,N,12156.8895580,W,2.1855,98.5167,101220,,,,
$GPGGA,221801.45,3719.0732980,N,12156.8884480,W,1,0,0.0,0.0000,M,0.0000,M,0.0000,0
$GPRMC,221801.45,A,3719.0732980,N,12156.8884480,W,2.3479,104.7224,101220,,,,
$GPGGA,221802.45,3719.0718820,N,12156.8871760,W,1,0,0.0,0.0000,M,0.0000,M,0.0000,0
$GPRMC,221802.45,A,3719.0718820,N,12156.8871760,W,2.3209,127.2986,101220,,,,
$GPGGA,221803.45,3719.0694700,N,12156.8868700,W,1,0,0.0,0.0000,M,0.0000,M,0.0000,0
$GPRMC,221803.45,A,3719.0694700,N,12156.8868700,W,2.4585,154.9297,101220,,,,
$GPGGA,221804.45,3719.0673340,N,12156.8873620,W,1,0,0.0,0.0000,M,0.0000,M,0.0000,0
$GPRMC,221804.45,A,3719.0673340,N,12156.8873620,W,2.6209,172.8386,101220,,,,
$GPGGA,221805.45,3719.0659180,N,12156.8876800,W,1,0,0.0,0.0000,M,0.0000,M,0.0000,0
$GPRMC,221805.45,A,3719.0659180,N,12156.8876800,W,2.8929,179.5566,101220,,,,
$GPGGA,221806.45,3719.0647420,N,12156.8876200,W,1,0,0.0,0.0000,M,0.0000,M,0.0000,0
$GPRMC,221806.45,A,3719.0647420,N,12156.8876200,W,3.4325,180.4956,101220,,,,
$GPGGA,221807.45,3719.0632420,N,12156.8873500,W,1,0,0.0,0.0000,M,0.0000,M,0.0000,0
$GPRMC,221807.45,A,3719.0632420,N,12156.8873500,W,3.9172,180.7463,101220,,,,
$GPGGA,221808.45,3719.0603740,N,12156.8871100,W,1,0,0.0,0.0000,M,0.0000,M,0.0000,0
$GPRMC,221808.45,A,3719.0603740,N,12156.8871100,W,4.1024,181.3700,101220,,,,
$GPGGA,221809.45,3719.0568220,N,12156.8870440,W,1,0,0.0,0.0000,M,0.0000,M,0.0000,0
$GPRMC,221809.45,A,3719.0568220,N,12156.8870440,W,4.0906,181.0729,101220,,,,
$GPGGA,221810.45,3719.0542900,N,12156.8869960,W,1,0,0.0,0.0000,M,0.0000,M,0.0000,0
$GPRMC,221810.45,A,3719.0542900,N,12156.8869960,W,4.0301,179.7540,101220,,,,
$GPGGA,221811.45,3719.0519620,N,12156.8869360,W,1,0,0.0,0.0000,M,0.0000,M,0.0000,0
$GPRMC,221811.45,A,3719.0519620,N,12156.8869360,W,3.9978,178.8197,101220,,,,
$GPGGA,221812.45,3719.0496100,N,12156.8869000,W,1,0,0.0,0.0000,M,0.0000,M,0.0000,0
$GPRMC,221812.45,A,3719.0496100,N,12156.8869000,W,4.3292,178.6989,101220,,,,
$GPGGA,221813.45,3719.0470600,N,12156.8868940,W,1,0,0.0,0.0000,M,0.0000,M,0.0000,0
$GPRMC,221813.45,A,3719.0470600,N,12156.8868940,W,4.7736,179.2847,101220,,,,
$GPGGA,221814.45,3719.0444200,N,12156.8869720,W,1,0,0.0,0.0000,M,0.0000,M,0.0000,0
$GPRMC,221814.45,A,3719.0444200,N,12156.8869720,W,4.7846,180.5884,101220,,,,
$GPGGA,221815.45,3719.0418760,N,12156.8871100,W,1,0,0.0,0.0000,M,0.0000,M,0.0000,0
$GPRMC,221815.45,A,3719.0418760,N,12156.8871100,W,4.4196,181.3972,101220,,,,
$GPGGA,221816.45,3719.0396500,N,12156.8872420,W,1,0,0.0,0.0000,M,0.0000,M,0.0000,0
$GPRMC,221816.45,A,3719.0396500,N,12156.8872420,W,3.5182,181.2329,101220,,,,
$GPGGA,221817.45,3719.0380360,N,12156.8873620,W,1,0,0.0,0.0000,M,0.0000,M,0.0000,0
$GPRMC,221817.45,A,3719.0380360,N,12156.8873620,W,2.2422,180.9450,101220,,,,
$GPGGA,221818.45,3719.0370280,N,12156.8874460,W,1,0,0.0,0.0000,M,0.0000,M,0.0000,0
$GPRMC,221818.45,A,3719.0370280,N,12156.8874460,W,1.5090,180.7392,101220,,,,
$GPGGA,221819.45,3719.0361340,N,12156.8876140,W,1,0,0.0,0.0000,M,0.0000,M,0.0000,0
$GPRMC,221819.45,A,3719.0361340,N,12156.8876140,W,1.9080,183.5521,101220,,,,
$GPGGA,221820.45,3719.0350120,N,12156.8883520,W,1,0,0.0,0.0000,M,0.0000,M,0.0000,0
$GPRMC,221820.45,A,3719.0350120,N,12156.8883520,W,2.7372,199.9576,101220,,,,
$GPGGA,221821.45,3719.0341240,N,12156.8901580,W,1,0,0.0,0.0000,M,0.0000,M,0.0000,0
$GPRMC,221821.45,A,3719.0341240,N,12156.8901580,W,3.5738,230.0348,101220,,,,
$GPGGA,221822.45,3719.0337340,N,12156.8930020,W,1,0,0.0,0.0000,M,0.0000,M,0.0000,0
$GPRMC,221822.45,A,3719.0337340,N,12156.8930020,W,5.0944,256.3642,101220,,,,
$GPGGA,221823.45,3719.0337280,N,12156.8970700,W,1,0,0.0,0.0000,M,0.0000,M,0.0000,0
$GPRMC,221823.45,A,3719.0337280,N,12156.8970700,W,7.0478,270.0359,101220,,,,
$GPGGA,221824.45,3719.0339740,N,12156.9024400,W,1,0,0.0,0.0000,M,0.0000,M,0.0000,0
$GPRMC,221824.45,A,3719.0339740,N,12156.9024400,W,8.8326,273.8980,101220,,,,
$GPGGA,221825.45,3719.0343400,N,12156.9089560,W,1,0,0.0,0.0000,M,0.0000,M,0.0000,0
$GPRMC,221825.45,A,3719.0343400,N,12156.9089560,W,10.4076,274.2315,101220,,,,
$GPGGA,221826.45,3719.0347420,N,12156.9164560,W,1,0,0.0,0.0000,M,0.0000,M,0.0000,0
$GPRMC,221826.45,A,3719.0347420,N,12156.9164560,W,11.7215,273.5921,101220,,,,
$GPGGA,221827.45,3719.0351320,N,12156.9246100,W,1,0,0.0,0.0000,M,0.0000,M,0.0000,0
$GPRMC,221827.45,A,3719.0351320,N,12156.9246100,W,12.2967,273.3914,101220,,,,
$GPGGA,221828.45,3719.0355820,N,12156.9329560,W,1,0,0.0,0.0000,M,0.0000,M,0.0000,0
$GPRMC,221828.45,A,3719.0355820,N,12156.9329560,W,12.4105,274.0426,101220,,,,
$GPGGA,221829.45,3719.0361040,N,12156.9413740,W,1,0,0.0,0.0000,M,0.0000,M,0.0000,0
$GPRMC,221829.45,A,3719.0361040,N,12156.9413740,W,12.5029,274.4059,101220,,,,
$GPGGA,221830.45,3719.0366200,N,12156.9497500,W,1,0,0.0,0.0000,M,0.0000,M,0.0000,0
$GPRMC,221830.45,A,3719.0366200,N,12156.9497500,W,12.2944,274.1636,101220,,,,
$GPGGA,221831.45,3719.0370760,N,12156.9579700,W,1,0,0.0,0.0000,M,0.0000,M,0.0000,0
$GPRMC,221831.45,A,3719.0370760,N,12156.9579700,W,12.0459,273.9089,101220,,,,
$GPGGA,221832.45,3719.0374960,N,12156.9659560,W,1,0,0.0,0.0000,M,0.0000,M,0.0000,0
$GPRMC,221832.45,A,3719.0374960,N,12156.9659560,W,11.5027,273.7421,101220,,,,
$GPGGA,221833.45,3719.0378680,N,12156.9733480,W,1,0,0.0,0.0000,M,0.0000,M,0.0000,0
$GPRMC,221833.45,A,3719.0378680,N,12156.9733480,W,10.2051,273.5126,101220,,,,
$GPGGA,221834.45,3719.0381800,N,12156.9796360,W,1,0,0.0,0.0000,M,0.0000,M,0.0000,0
$GPRMC,221834.45,A,3719.0381800,N,12156.9796360,W,8.4060,273.7128,101220,,,,
$GPGGA,221835.45,3719.0384620,N,12156.9847120,W,1,0,0.0,0.0000,M,0.0000,M,0.0000,0
$GPRMC,221835.45,A,3719.0384620,N,12156.9847120,W,6.6426,273.9570,101220,,,,
$GPGGA,221836.45,3719.0386840,N,12156.9886120,W,1,0,0.0,0.0000,M,0.0000,M,0.0000,0
$GPRMC,221836.45,A,3719.0386840,N,12156.9886120,W,4.9821,273.8693,101220,,,,
$GPGGA,221837.45,3719.0388280,N,12156.9914500,W,1,0,0.0,0.0000,M,0.0000,M,0.0000,0
$GPRMC,221837.45,A,3719.0388280,N,12156.9914500,W,3.4149,273.7365,101220,,,,
$GPGGA,221838.45,3719.0389120,N,12156.9932740,W,1,0,0.0,0.0000,M,0.0000,M,0.0000,0
$GPRMC,221838.45,A,3719.0389120,N,12156.9932740,W,1.9576,273.3917,101220,,,,
$GPGGA,221839.45,3719.0389420,N,12156.9941020,W,1,0,0.0,0.0000,M,0.0000,M,0.0000,0
$GPRMC,221839.45,A,3719.0389420,N,12156.9941020,W,0.6626,273.1357,101220,,,,
$GPGGA,221840.45,3719.0389480,N,12156.9942520,W,1,0,0.0,0.0000,M,0.0000,M,0.0000,0
$GPRMC,221840.45,A,3719.0389480,N,12156.9942520,W,0.0663,273.0903,101220,,,,
$GPGGA,221841.45,3719.0389420,N,12156.9942520,W,1,0,0.0,0.0000,M,0.0000,M,0.0000,0
$GPRMC,221841.45,A,3719.0389420,N,12156.9942520,W,0.0564,273.0875,101220,,,,
$GPGGA,221842.45,3719.0389480,N,12156.9942520,W,1,0,0.0,0.0000,M,0.0000,M,0.0000,0
$GPRMC,221842.45,A,3719.0389480,N,12156.9942520,W,0.0501,273.0836,101220,,,,
$GPGGA,221843.45,3719.0389540,N,12156.9942520,W,1,0,0.0,0.0000,M,0.0000,M,0.0000,0
$GPRMC,221843.45,A,3719.0389540,N,12156.9942520,W,0.0444,273.0813,101220,,,,
$GPGGA,221844.45,3719.0389540,N,12156.9942580,W,1,0,0.0,0.0000,M,0.0000,M,0.0000,0
$GPRMC,221844.45,A,3719.0389540,N,12156.9942580,W,0.0382,273.0796,101220,,,,
$GPGGA,221845.45,3719.0389600,N,12156.9942580,W,1,0,0.0,0.0000,M,0.0000,M,0.0000,0
$GPRMC,221845.45,A,3719.0389600,N,12156.9942580,W,0.0320,273.0781,101220,,,,
$GPGGA,221846.45,3719.0389600,N,12156.9942580,W,1,0,0.0,0.0000,M,0.0000,M,0.0000,0
$GPRMC,221846.45,A,3719.0389600,N,12156.9942580,W,0.0268,273.0769,101220,,,,
$GPGGA,221847.45,3719.0389600,N,12156.9942580,W,1,0,0.0,0.0000,M,0.0000,M,0.0000,0
$GPRMC,221847.45,A,3719.0389600,N,12156.9942580,W,0.0224,273.0759,101220,,,,
$GPGGA,221848.45,3719.0389600,N,12156.9942580,W,1,0,0.0,0.0000,M,0.0000,M,0.0000,0
$GPRMC,221848.45,A,3719.0389600,N,12156.9942580,W,0.0209,273.0751,101220,,,,
$GPGGA,221849.45,3719.0389600,N,12156.9942580,W,1,0,0.0,0.0000,M,0.0000,M,0.0000,0
$GPRMC,221849.45,A,3719.0389600,N,12156.9942580,W,0.0203,273.0746,101220,,,,
$GPGGA,221850.66,3719.0389540,N,12156.9942580,W,1,0,0.0,0.0000,M,0.0000,M,0.0000,0
$GPRMC,221850.66,A,3719.0389540,N,12156.9942580,W,0.0155,273.0738,101220,,,,
$GPGGA,221851.65,3719.0389540,N,12156.9942580,W,1,0,0.0,0.0000,M,0.0000,M,0.0000,0
$GPRMC,221851.65,A,3719.0389540,N,12156.9942580,W,0.0109,273.0731,101220,,,,
$GPGGA,221852.66,3719.0389540,N,12156.9942580,W,1,0,0.0,0.0000,M,0.0000,M,0.0000,0
$GPRMC,221852.66,A,3719.0389540,N,12156.9942580,W,0.0086,273.0724,101220,,,,
$GPGGA,221853.66,3719.0389540,N,12156.9942580,W,1,0,0.0,0.0000,M,0.0000,M,0.0000,0
$GPRMC,221853.66,A,3719.0389540,N,12156.9942580,W,0.0076,273.0718,101220,,,,
$GPGGA,221854.64,3719.0389540,N,12156.9942640,W,1,0,0.0,0.0000,M,0.0000,M,0.0000,0
$GPRMC,221854.64,A,3719.0389540,N,12156.9942640,W,0.0079,273.0713,101220,,,,
$GPGGA,221855.65,3719.0389540,N,12156.9942640,W,1,0,0.0,0.0000,M,0.0000,M,0.0000,0
$GPRMC,221855.65,A,3719.0389540,N,12156.9942640,W,0.0082,273.0708,101220,,,,
$GPGGA,221856.65,3719.0389540,N,12156.9942640,W,1,0,0.0,0.0000,M,0.0000,M,0.0000,0
$GPRMC,221856.65,A,3719.0389540,N,12156.9942640,W,0.0089,273.0706,101220,,,,
$GPGGA,221857.66,3719.0389540,N,12156.9942640,W,1,0,0.0,0.0000,M,0.0000,M,0.0000,0
$GPRMC,221857.66,A,3719.0389540,N,12156.9942640,W,0.0091,273.0701,101220,,,,
$GPGGA,221858.65,3719.0389540,N,12156.9942640,W,1,0,0.0,0.0000,M,0.0000,M,0.0000,0
$GPRMC,221858.65,A,3719.0389540,N,12156.9942640,W,0.0098,273.0696,101220,,,,
$GPGGA,221859.67,3719.0389540,N,12156.9942640,W,1,0,0.0,0.0000,M,0.0000,M,0.0000,0
$GPRMC,221859.67,A,3719.0389540,N,12156.9942640,W,0.0109,273.0692,101220,,,,
$GPGGA,221900.66,3719.0389540,N,12156.9942640,W,1,0,0.0,0.0000,M,0.0000,M,0.0000,0
$GPRMC,221900.66,A,3719.0389540,N,12156.9942640,W,0.0104,273.0688,101220,,,,
$GPGGA,221901.65,3719.0389540,N,12156.9942640,W,1,0,0.0,0.0000,M,0.0000,M,0.0000,0
$GPRMC,221901.65,A,3719.0389540,N,12156.9942640,W,0.0100,273.0686,101220,,,,
$GPGGA,221902.66,3719.0389540,N,12156.9942640,W,1,0,0.0,0.0000,M,0.0000,M,0.0000,0
$GPRMC,221902.66,A,3719.0389540,N,12156.9942640,W,0.0107,273.0684,101220,,,,
$GPGGA,221903.65,3719.0389540,N,12156.9942700,W,1,0,0.0,0.0000,M,0.0000,M,0.0000,0
$GPRMC,221903.65,A,3719.0389540,N,12156.9942700,W,0.0104,273.0682,101220,,,,
$GPGGA,221904.66,3719.0389540,N,12156.9942700,W,1,0,0.0,0.0000,M,0.0000,M,0.0000,0
$GPRMC,221904.66,A,3719.0389540,N,12156.9942700,W,0.0094,273.0681,101220,,,,
$GPGGA,221905.66,3719.0389540,N,12156.9942760,W,1,0,0.0,0.0000,M,0.0000,M,0.0000,0
$GPRMC,221905.66,A,3719.0389540,N,12156.9942760,W,0.0090,273.0678,101220,,,,
$GPGGA,221906.65,3719.0389540,N,12156.9942820,W,1,0,0.0,0.0000,M,0.0000,M,0.0000,0
$GPRMC,221906.65,A,3719.0389540,N,12156.9942820,W,0.0090,273.0675,101220,,,,
$GPGGA,221907.66,3719.0389540,N,12156.9942880,W,1,0,0.0,0.0000,M,0.0000,M,0.0000,0
$GPRMC,221907.66,A,3719.0389540,N,12156.9942880,W,0.0083,273.0666,101220,,,,
$GPGGA,221908.65,3719.0389540,N,12156.9942880,W,1,0,0.0,0.0000,M,0.0000,M,0.0000,0
$GPRMC,221908.65,A,3719.0389540,N,12156.9942880,W,0.0074,273.0660,101220,,,,
$GPGGA,221909.66,3719.0389540,N,12156.9943000,W,1,0,0.0,0.0000,M,0.0000,M,0.0000,0
$GPRMC,221909.66,A,3719.0389540,N,12156.9943000,W,0.0039,273.0543,101220,,,,
$GPGGA,221910.66,3719.0389540,N,12156.9942760,W,1,0,0.0,0.0000,M,0.0000,M,0.0000,0
$GPRMC,221910.66,A,3719.0389540,N,12156.9942760,W,0.0008,273.1317,101220,,,,
$GPGGA,221911.65,3719.0389540,N,12156.9942580,W,1,0,0.0,0.0000,M,0.0000,M,0.0000,0
$GPRMC,221911.65,A,3719.0389540,N,12156.9942580,W,0.0006,273.1747,101220,,,,
$GPGGA,221912.66,3719.0389540,N,12156.9942580,W,1,0,0.0,0.0000,M,0.0000,M,0.0000,0
$GPRMC,221912.66,A,3719.0389540,N,12156.9942580,W,0.0003,273.1741,101220,,,,
$GPGGA,221913.65,3719.0389540,N,12156.9942580,W,1,0,0.0,0.0000,M,0.0000,M,0.0000,0
$GPRMC,221913.65,A,3719.0389540,N,12156.9942580,W,0.0000,273.1733,101220,,,,
$GPGGA,221914.67,3719.0389540,N,12156.9942580,W,1,0,0.0,0.0000,M,0.0000,M,0.0000,0
$GPRMC,221914.67,A,3719.0389540,N,12156.9942580,W,0.0015,273.1611,101220,,,,
$GPGGA,221915.66,3719.0389540,N,12156.9942580,W,1,0,0.0,0.0000,M,0.0000,M,0.0000,0
$GPRMC,221915.66,A,3719.0389540,N,12156.9942580,W,0.0028,273.1627,101220,,,,
$GPGGA,221916.65,3719.0389540,N,12156.9942580,W,1,0,0.0,0.0000,M,0.0000,M,0.0000,0
$GPRMC,221916.65,A,3719.0389540,N,12156.9942580,W,0.0070,273.1663,101220,,,,
$GPGGA,221917.66,3719.0389540,N,12156.9942580,W,1,0,0.0,0.0000,M,0.0000,M,0.0000,0
$GPRMC,221917.66,A,3719.0389540,N,12156.9942580,W,0.0143,273.1656,101220,,,,
$GPGGA,221918.66,3719.0389540,N,12156.9942580,W,1,0,0.0,0.0000,M,0.0000,M,0.0000,0
$GPRMC,221918.66,A,3719.0389540,N,12156.9942580,W,0.0170,273.1648,101220,,,,
$GPGGA,221919.67,3719.0389540,N,12156.9942580,W,1,0,0.0,0.0000,M,0.0000,M,0.0000,0
$GPRMC,221919.67,A,3719.0389540,N,12156.9942580,W,0.0164,273.1641,101220,,,,
$GPGGA,221920.66,3719.0389540,N,12156.9942580,W,1,0,0.0,0.0000,M,0.0000,M,0.0000,0
$GPRMC,221920.66,A,3719.0389540,N,12156.9942580,W,0.0147,273.1634,101220,,,,
$GPGGA,221921.65,3719.0389540,N,12156.9942580,W,1,0,0.0,0.0000,M,0.0000,M,0.0000,0
$GPRMC,221921.65,A,3719.0389540,N,12156.9942580,W,0.0134,273.1628,101220,,,,
$GPGGA,221922.66,3719.0389540,N,12156.9942580,W,1,0,0.0,0.0000,M,0.0000,M,0.0000,0
$GPRMC,221922.66,A,3719.0389540,N,12156.9942580,W,0.0130,273.1622,101220,,,,
$GPGGA,221923.66,3719.0389540,N,12156.9942580,W,1,0,0.0,0.0000,M,0.0000,M,0.0000,0
$GPRMC,221923.66,A,3719.0389540,N,12156.9942580,W,0.0143,273.1616,101220,,,,
$GPGGA,221924.67,3719.0389540,N,12156.9942580,W,1,0,0.0,0.0000,M,0.0000,M,0.0000,0
$GPRMC,221924.67,A,3719.0389540,N,12156.9942580,W,0.0157,273.1610,101220,,,,
$GPGGA,221925.66,3719.0389540,N,12156.9942580,W,1,0,0.0,0.0000,M,0.0000,M,0.0000,0
$GPRMC,221925.66,A,3719.0389540,N,12156.9942580,W,0.0173,273.1604,101220,,,,
$GPGGA,221926.64,3719.0389540,N,12156.9942580,W,1,0,0.0,0.0000,M,0.0000,M,0.0000,0
$GPRMC,221926.64,A,3719.0389540,N,12156.9942580,W,0.0193,273.1599,101220,,,,
$GPGGA,221927.64,3719.0389540,N,12156.9942580,W,1,0,0.0,0.0000,M,0.0000,M,0.0000,0
$GPRMC,221927.64,A,3719.0389540,N,12156.9942580,W,0.0219,273.1594,101220,,,,
$GPGGA,221928.66,3719.0389540,N,12156.9942580,W,1,0,0.0,0.0000,M,0.0000,M,0.0000,0
$GPRMC,221928.66,A,3719.0389540,N,12156.9942580,W,0.0237,273.1587,101220,,,,
$GPGGA,221929.67,3719.0389540,N,12156.9942580,W,1,0,0.0,0.0000,M,0.0000,M,0.0000,0
$GPRMC,221929.67,A,3719.0389540,N,12156.9942580,W,0.0294,273.1581,101220,,,,
$GPGGA,221930.65,3719.0389540,N,12156.9942580,W,1,0,0.0,0.0000,M,0.0000,M,0.0000,0
$GPRMC,221930.65,A,3719.0389540,N,12156.9942580,W,0.0393,273.1581,101220,,,,
$GPGGA,221931.64,3719.0389540,N,12156.9942580,W,1,0,0.0,0.0000,M,0.0000,M,0.0000,0
$GPRMC,221931.64,A,3719.0389540,N,12156.9942580,W,0.0431,273.1578,101220,,,,
$GPGGA,221932.64,3719.0389540,N,12156.9942580,W,1,0,0.0,0.0000,M,0.0000,M,0.0000,0
$GPRMC,221932.64,A,3719.0389540,N,12156.9942580,W,0.0420,273.1569,101220,,,,
$GPGGA,221933.66,3719.0389540,N,12156.9942580,W,1,0,0.0,0.0000,M,0.0000,M,0.0000,0
$GPRMC,221933.66,A,3719.0389540,N,12156.9942580,W,0.0387,273.1561,101220,,,,
$GPGGA,221934.67,3719.0389540,N,12156.9942580,W,1,0,0.0,0.0000,M,0.0000,M,0.0000,0
$GPRMC,221934.67,A,3719.0389540,N,12156.9942580,W,0.0373,273.1555,101220,,,,
$GPGGA,221935.66,3719.0389540,N,12156.9942580,W,1,0,0.0,0.0000,M,0.0000,M,0.0000,0
$GPRMC,221935.66,A,3719.0389540,N,12156.9942580,W,0.0366,273.1549,101220,,,,
$GPGGA,221936.64,3719.0389540,N,12156.9942580,W,1,0,0.0,0.0000,M,0.0000,M,0.0000,0
$GPRMC,221936.64,A,3719.0389540,N,12156.9942580,W,0.0362,273.1543,101220,,,,
$GPGGA,221937.63,3719.0389540,N,12156.9942580,W,1,0,0.0,0.0000,M,0.0000,M,0.0000,0
$GPRMC,221937.63,A,3719.0389540,N,12156.9942580,W,0.0355,273.1537,101220,,,,
$GPGGA,221938.64,3719.0389540,N,12156.9942580,W,1,0,0.0,0.0000,M,0.0000,M,0.0000,0
$GPRMC,221938.64,A,3719.0389540,N,12156.9942580,W,0.0332,273.1530,101220,,,,
$GPGGA,221939.64,3719.0389540,N,12156.9942580,W,1,0,0.0,0.0000,M,0.0000,M,0.0000,0
$GPRMC,221939.64,A,3719.0389540,N,12156.9942580,W,0.0378,273.1524,101220,,,,
$GPGGA,221940.65,3719.0389540,N,12156.9942580,W,1,0,0.0,0.0000,M,0.0000,M,0.0000,0
$GPRMC,221940.65,A,3719.0389540,N,12156.9942580,W,0.0456,273.1518,101220,,,,
$GPGGA,221941.64,3719.0389540,N,12156.9942580,W,1,0,0.0,0.0000,M,0.0000,M,0.0000,0
$GPRMC,221941.64,A,3719.0389540,N,12156.9942580,W,0.0474,273.1512,101220,,,,
$GPGGA,221942.64,3719.0389540,N,12156.9942580,W,1,0,0.0,0.0000,M,0.0000,M,0.0000,0
$GPRMC,221942.64,A,3719.0389540,N,12156.9942580,W,0.0464,273.1505,101220,,,,
$GPGGA,221943.66,3719.0389540,N,12156.9942580,W,1,0,0.0,0.0000,M,0.0000,M,0.0000,0
$GPRMC,221943.66,A,3719.0389540,N,12156.9942580,W,0.0454,273.1498,101220,,,,
$GPGGA,221944.67,3719.0389540,N,12156.9942580,W,1,0,0.0,0.0000,M,0.0000,M,0.0000,0
$GPRMC,221944.67,A,3719.0389540,N,12156.9942580,W,0.0451,273.1492,101220,,,,
$GPGGA,221945.66,3719.0389540,N,12156.9942580,W,1,0,0.0,0.0000,M,0.0000,M,0.0000,0
$GPRMC,221945.66,A,3719.0389540,N,12156.9942580,W,0.0451,273.1487,101220,,,,
$GPGGA,221946.65,3719.0389540,N,12156.9942580,W,1,0,0.0,0.0000,M,0.0000,M,0.0000,0
$GPRMC,221946.65,A,3719.0389540,N,12156.9942580,W,0.0451,273.1481,101220,,,,
$GPGGA,221947.66,3719.0389540,N,12156.9942580,W,1,0,0.0,0.0000,M,0.0000,M,0.0000,0
$GPRMC,221947.66,A,3719.0389540,N,12156.9942580,W,0.0458,273.1475,101220,,,,
$GPGGA,221948.66,3719.0389540,N,12156.9942580,W,1,0,0.0,0.0000,M,0.0000,M,0.0000,0
$GPRMC,221948.66,A,3719.0389540,N,12156.9942580,W,0.0461,273.1468,101220,,,,
$GPGGA,221949.66,3719.0389540,N,12156.9942580,W,1,0,0.0,0.0000,M,0.0000,M,0.0000,0
$GPRMC,221949.66,A,3719.0389540,N,12156.9942580,W,0.0454,273.1461,101220,,,,
$GPGGA,221950.66,3719.0389540,N,12156.9942580,W,1,0,0.0,0.0000,M,0.0000,M,0.0000,0
$GPRMC,221950.66,A,3719.0389540,N,12156.9942580,W,0.0451,273.1454,101220,,,,
$GPGGA,221951.65,3719.0389540,N,12156.9942580,W,1,0,0.0,0.0000,M,0.0000,M,0.0000,0
$GPRMC,221951.65,A,3719.0389540,N,12156.9942580,W,0.0451,273.1449,101220,,,,
$GPGGA,221952.66,3719.0389540,N,12156.9942580,W,1,0,0.0,0.0000,M,0.0000,M,0.0000,0
$GPRMC,221952.66,A,3719.0389540,N,12156.9942580,W,0.0444,273.1442,101220,,,,
$GPGGA,221953.65,3719.0389540,N,12156.9942580,W,1,0,0.0,0.0000,M,0.0000,M,0.0000,0
$GPRMC,221953.65,A,3719.0389540,N,12156.9942580,W,0.0428,273.1436,101220,,,,
$GPGGA,221954.67,3719.0389540,N,12156.9942580,W,1,0,0.0,0.0000,M,0.0000,M,0.0000,0
$GPRMC,221954.67,A,3719.0389540,N,12156.9942580,W,0.0401,273.1428,101220,,,,
$GPGGA,221955.66,3719.0389540,N,12156.9942580,W,1,0,0.0,0.0000,M,0.0000,M,0.0000,0
$GPRMC,221955.66,A,3719.0389540,N,12156.9942580,W,0.0371,273.1422,101220,,,,
$GPGGA,221956.65,3719.0389540,N,12156.9942580,W,1,0,0.0,0.0000,M,0.0000,M,0.0000,0
$GPRMC,221956.65,A,3719.0389540,N,12156.9942580,W,0.0328,273.1416,101220,,,,
$GPGGA,221957.66,3719.0389540,N,12156.9942580,W,1,0,0.0,0.0000,M,0.0000,M,0.0000,0
$GPRMC,221957.66,A,3719.0389540,N,12156.9942580,W,0.0297,273.1410,101220,,,,
$GPGGA,221958.65,3719.0389540,N,12156.9942580,W,1,0,0.0,0.0000,M,0.0000,M,0.0000,0
$GPRMC,221958.65,A,3719.0389540,N,12156.9942580,W,0.0297,273.1404,101220,,,,
$GPGGA,221959.67,3719.0389540,N,12156.9942580,W,1,0,0.0,0.0000,M,0.0000,M,0.0000,0
$GPRMC,221959.67,A,3719.0389540,N,12156.9942580,W,0.0300,273.1396,101220,,,,
$GPGGA,222000.66,3719.0389540,N,12156.9942580,W,1,0,0.0,0.0000,M,0.0000,M,0.0000,0
$GPRMC,222000.66,A,3719.0389540,N,12156.9942580,W,0.0320,273.1390,101220,,,,
$GPGGA,222001.65,3719.0389540,N,12156.9942580,W,1,0,0.0,0.0000,M,0.0000,M,0.0000,0
$GPRMC,222001.65,A,3719.0389540,N,12156.9942580,W,0.0343,273.1385,101220,,,,
$GPGGA,222002.66,3719.0389540,N,12156.9942580,W,1,0,0.0,0.0000,M,0.0000,M,0.0000,0
$GPRMC,222002.66,A,3719.0389540,N,12156.9942580,W,0.0410,273.1379,101220,,,,
$GPGGA,222003.65,3719.0389540,N,12156.9942580,W,1,0,0.0,0.0000,M,0.0000,M,0.0000,0
$GPRMC,222003.65,A,3719.0389540,N,12156.9942580,W,0.0427,273.1372,101220,,,,
$GPGGA,222004.67,3719.0389540,N,12156.9942580,W,1,0,0.0,0.0000,M,0.0000,M,0.0000,0
$GPRMC,222004.67,A,3719.0389540,N,12156.9942580,W,0.0393,273.1366,101220,,,,
$GPGGA,222005.66,3719.0389540,N,12156.9942580,W,1,0,0.0,0.0000,M,0.0000,M,0.0000,0
$GPRMC,222005.66,A,3719.0389540,N,12156.9942580,W,0.0380,273.1359,101220,,,,
$GPGGA,222006.65,3719.0389540,N,12156.9942580,W,1,0,0.0,0.0000,M,0.0000,M,0.0000,0
$GPRMC,222006.65,A,3719.0389540,N,12156.9942580,W,0.0367,273.1353,101220,,,,
$GPGGA,222007.66,3719.0389540,N,12156.9942580,W,1,0,0.0,0.0000,M,0.0000,M,0.0000,0
$GPRMC,222007.66,A,3719.0389540,N,12156.9942580,W,0.0320,273.1346,101220,,,,
$GPGGA,222008.66,3719.0389540,N,12156.9942580,W,1,0,0.0,0.0000,M,0.0000,M,0.0000,0
$GPRMC,222008.66,A,3719.0389540,N,12156.9942580,W,0.0241,273.1341,101220,,,,
$GPGGA,222009.67,3719.0389540,N,12156.9942580,W,1,0,0.0,0.0000,M,0.0000,M,0.0000,0
$GPRMC,222009.67,A,3719.0389540,N,12156.9942580,W,0.0164,273.1336,101220,,,,
$GPGGA,222010.66,3719.0389540,N,12156.9942580,W,1,0,0.0,0.0000,M,0.0000,M,0.0000,0
$GPRMC,222010.66,A,3719.0389540,N,12156.9942580,W,0.0111,273.1330,101220,,,,
$GPGGA,222011.65,3719.0389540,N,12156.9942580,W,1,0,0.0,0.0000,M,0.0000,M,0.0000,0
$GPRMC,222011.65,A,3719.0389540,N,12156.9942580,W,0.0071,273.1323,101220,,,,
$GPGGA,222012.66,3719.0389540,N,12156.9942580,W,1,0,0.0,0.0000,M,0.0000,M,0.0000,0
$GPRMC,222012.66,A,3719.0389540,N,12156.9942580,W,0.0055,273.1314,101220,,,,
$GPGGA,222013.75,3719.0389540,N,12156.9942520,W,1,0,0.0,0.0000,M,0.0000,M,0.0000,0
$GPRMC,222013.75,A,3719.0389540,N,12156.9942520,W,0.0058,273.1306,101220,,,,
$GPGGA,222014.47,3719.0389540,N,12156.9942520,W,1,0,0.0,0.0000,M,0.0000,M,0.0000,0
$GPRMC,222014.47,A,3719.0389540,N,12156.9942520,W,0.0104,273.1305,101220,,,,
$GPGGA,222015.66,3719.0389420,N,12156.9944440,W,1,0,0.0,0.0000,M,0.0000,M,0.0000,0
$GPRMC,222015.66,A,3719.0389420,N,12156.9944440,W,0.7457,273.1003,101220,,,,
$GPGGA,222016.65,3719.0384380,N,12156.9954460,W,1,0,0.0,0.0000,M,0.0000,M,0.0000,0
$GPRMC,222016.65,A,3719.0384380,N,12156.9954460,W,2.5456,273.0588,101220,,,,
$GPGGA,222017.66,3719.0368000,N,12156.9975760,W,1,0,0.0,0.0000,M,0.0000,M,0.0000,0
$GPRMC,222017.66,A,3719.0368000,N,12156.9975760,W,4.5954,271.9550,101220,,,,
$GPGGA,222018.66,3719.0340460,N,12157.0006780,W,1,0,0.0,0.0000,M,0.0000,M,0.0000,0
$GPRMC,222018.66,A,3719.0340460,N,12157.0006780,W,6.8536,269.5164,101220,,,,
$GPGGA,222019.67,3719.0368540,N,12157.0068700,W,1,0,0.0,0.0000,M,0.0000,M,0.0000,0
$GPRMC,222019.67,A,3719.0368540,N,12157.0068700,W,9.2769,267.6079,101220,,,,
$GPGGA,222020.66,3719.0385040,N,12157.0143220,W,1,0,0.0,0.0000,M,0.0000,M,0.0000,0
$GPRMC,222020.66,A,3719.0385040,N,12157.0143220,W,11.4946,266.1493,101220,,,,
$GPGGA,222021.65,3719.0379460,N,12157.0227100,W,1,0,0.0,0.0000,M,0.0000,M,0.0000,0
$GPRMC,222021.65,A,3719.0379460,N,12157.0227100,W,13.5511,265.0317,101220,,,,
$GPGGA,222022.66,3719.0371900,N,12157.0326040,W,1,0,0.0,0.0000,M,0.0000,M,0.0000,0
$GPRMC,222022.66,A,3719.0371900,N,12157.0326040,W,15.4830,264.4053,101220,,,,
$GPGGA,222023.65,3719.0363320,N,12157.0435960,W,1,0,0.0,0.0000,M,0.0000,M,0.0000,0
$GPRMC,222023.65,A,3719.0363320,N,12157.0435960,W,17.2405,264.4639,101220,,,,
$GPGGA,222024.65,3719.0354620,N,12157.0555900,W,1,0,0.0,0.0000,M,0.0000,M,0.0000,0
$GPRMC,222024.65,A,3719.0354620,N,12157.0555900,W,18.7463,264.6607,101220,,,,
$GPGGA,222025.65,3719.0344540,N,12157.0687720,W,1,0,0.0,0.0000,M,0.0000,M,0.0000,0
$GPRMC,222025.65,A,3719.0344540,N,12157.0687720,W,20.2002,264.7112,101220,,,,
$GPGGA,222026.65,3719.0333500,N,12157.0828720,W,1,0,0.0,0.0000,M,0.0000,M,0.0000,0
$GPRMC,222026.65,A,3719.0333500,N,12157.0828720,W,21.6730,264.4110,101220,,,,
$GPGGA,222027.66,3719.0320780,N,12157.0981180,W,1,0,0.0,0.0000,M,0.0000,M,0.0000,0
$GPRMC,222027.66,A,3719.0320780,N,12157.0981180,W,22.9876,263.8073,101220,,,,
$GPGGA,222028.65,3719.0306020,N,12157.1138560,W,1,0,0.0,0.0000,M,0.0000,M,0.0000,0
$GPRMC,222028.65,A,3719.0306020,N,12157.1138560,W,24.1854,262.9688,101220,,,,
$GPGGA,222029.67,3719.0288500,N,12157.1305840,W,1,0,0.0,0.0000,M,0.0000,M,0.0000,0
$GPRMC,222029.67,A,3719.0288500,N,12157.1305840,W,24.9053,262.3458,101220,,,,
$GPGGA,222030.66,3719.0270260,N,12157.1471980,W,1,0,0.0,0.0000,M,0.0000,M,0.0000,0
$GPRMC,222030.66,A,3719.0270260,N,12157.1471980,W,25.1753,261.9527,101220,,,,
$GPGGA,222031.65,3719.0250340,N,12157.1639860,W,1,0,0.0,0.0000,M,0.0000,M,0.0000,0
$GPRMC,222031.65,A,3719.0250340,N,12157.1639860,W,25.3597,261.1514,101220,,,,
$GPGGA,222032.66,3719.0227840,N,12157.1812240,W,1,0,0.0,0.0000,M,0.0000,M,0.0000,0
$GPRMC,222032.66,A,3719.0227840,N,12157.1812240,W,25.5928,260.3380,101220,,,,
$GPGGA,222033.66,3719.0204260,N,12157.1982760,W,1,0,0.0,0.0000,M,0.0000,M,0.0000,0
$GPRMC,222033.66,A,3719.0204260,N,12157.1982760,W,25.9494,260.0441,101220,,,,
$GPGGA,222034.65,3719.0180020,N,12157.2155800,W,1,0,0.0,0.0000,M,0.0000,M,0.0000,0
$GPRMC,222034.65,A,3719.0180020,N,12157.2155800,W,26.3540,260.1885,101220,,,,
$GPGGA,222035.66,3719.0156140,N,12157.2335380,W,1,0,0.0,0.0000,M,0.0000,M,0.0000,0
$GPRMC,222035.66,A,3719.0156140,N,12157.2335380,W,26.6153,260.9125,101220,,,,
$GPGGA,222036.65,3719.0134300,N,12157.2511420,W,1,0,0.0,0.0000,M,0.0000,M,0.0000,0
$GPRMC,222036.65,A,3719.0134300,N,12157.2511420,W,26.6841,261.4264,101220,,,,
$GPGGA,222037.66,3719.0113060,N,12157.2692440,W,1,0,0.0,0.0000,M,0.0000,M,0.0000,0
$GPRMC,222037.66,A,3719.0113060,N,12157.2692440,W,26.7026,261.7055,101220,,,,
$GPGGA,222038.65,3719.0092720,N,12157.2869740,W,1,0,0.0,0.0000,M,0.0000,M,0.0000,0
$GPRMC,222038.65,A,3719.0092720,N,12157.2869740,W,26.7374,261.8785,101220,,,,
$GPGGA,222039.67,3719.0072500,N,12157.3051900,W,1,0,0.0,0.0000,M,0.0000,M,0.0000,0
$GPRMC,222039.67,A,3719.0072500,N,12157.3051900,W,26.7149,262.3221,101220,,,,
$GPGGA,222040.66,3719.0054380,N,12157.3228600,W,1,0,0.0,0.0000,M,0.0000,M,0.0000,0
$GPRMC,222040.66,A,3719.0054380,N,12157.3228600,W,26.6834,263.1308,101220,,,,
$GPGGA,222041.65,3719.0038360,N,12157.3407340,W,1,0,0.0,0.0000,M,0.0000,M,0.0000,0
$GPRMC,222041.65,A,3719.0038360,N,12157.3407340,W,26.7714,264.0756,101220,,,,
$GPGGA,222042.66,3719.0024140,N,12157.3590280,W,1,0,0.0,0.0000,M,0.0000,M,0.0000,0
$GPRMC,222042.66,A,3719.0024140,N,12157.3590280,W,27.0001,264.5857,101220,,,,
$GPGGA,222043.66,3719.0010880,N,12157.3772440,W,1,0,0.0,0.0000,M,0.0000,M,0.0000,0
$GPRMC,222043.66,A,3719.0010880,N,12157.3772440,W,27.2640,264.8966,101220,,,,
$GPGGA,222044.64,3718.9998400,N,12157.3953760,W,1,0,0.0,0.0000,M,0.0000,M,0.0000,0
$GPRMC,222044.64,A,3718.9998400,N,12157.3953760,W,27.2441,265.2523,101220,,,,
$GPGGA,222045.65,3718.9986880,N,12157.4139040,W,1,0,0.0,0.0000,M,0.0000,M,0.0000,0
$GPRMC,222045.65,A,3718.9986880,N,12157.4139040,W,27.1494,265.7834,101220,,,,
$GPGGA,222046.64,3718.9977220,N,12157.4320900,W,1,0,0.0,0.0000,M,0.0000,M,0.0000,0
$GPRMC,222046.64,A,3718.9977220,N,12157.4320900,W,27.1484,266.4836,101220,,,,
$GPGGA,222047.66,3718.9969240,N,12157.4508040,W,1,0,0.0,0.0000,M,0.0000,M,0.0000,0
$GPRMC,222047.66,A,3718.9969240,N,12157.4508040,W,27.1788,267.3800,101220,,,,
$GPGGA,222048.66,3718.9963840,N,12157.4690800,W,1,0,0.0,0.0000,M,0.0000,M,0.0000,0
$GPRMC,222048.66,A,3718.9963840,N,12157.4690800,W,27.2304,268.2739,101220,,,,
$GPGGA,222049.64,3718.9960360,N,12157.4873080,W,1,0,0.0,0.0000,M,0.0000,M,0.0000,0
$GPRMC,222049.64,A,3718.9960360,N,12157.4873080,W,27.2932,268.9223,101220,,,,
$GPGGA,222050.66,3718.9958320,N,12157.5060940,W,1,0,0.0,0.0000,M,0.0000,M,0.0000,0
$GPRMC,222050.66,A,3718.9958320,N,12157.5060940,W,27.3444,269.3980,101220,,,,
$GPGGA,222051.65,3718.9957840,N,12157.5244060,W,1,0,0.0,0.0000,M,0.0000,M,0.0000,0
$GPRMC,222051.65,A,3718.9957840,N,12157.5244060,W,27.4000,269.9593,101220,,,,
$GPGGA,222052.64,3718.9959160,N,12157.5426640,W,1,0,0.0,0.0000,M,0.0000,M,0.0000,0
$GPRMC,222052.64,A,3718.9959160,N,12157.5426640,W,27.4738,270.7383,101220,,,,
$GPGGA,222053.65,3718.9962340,N,12157.5614740,W,1,0,0.0,0.0000,M,0.0000,M,0.0000,0
$GPRMC,222053.65,A,3718.9962340,N,12157.5614740,W,27.5556,271.2332,101220,,,,
$GPGGA,222054.67,3718.9966060,N,12157.5805120,W,1,0,0.0,0.0000,M,0.0000,M,0.0000,0
$GPRMC,222054.67,A,3718.9966060,N,12157.5805120,W,27.6211,271.2476,101220,,,,
$GPGGA,222055.66,3718.9968940,N,12157.5990520,W,1,0,0.0,0.0000,M,0.0000,M,0.0000,0
$GPRMC,222055.66,A,3718.9968940,N,12157.5990520,W,27.6991,271.1784,101220,,,,
$GPGGA,222056.65,3718.9971400,N,12157.6177300,W,1,0,0.0,0.0000,M,0.0000,M,0.0000,0
$GPRMC,222056.65,A,3718.9971400,N,12157.6177300,W,27.7813,271.0642,101220,,,,
$GPGGA,222057.66,3718.9974100,N,12157.6367860,W,1,0,0.0,0.0000,M,0.0000,M,0.0000,0
$GPRMC,222057.66,A,3718.9974100,N,12157.6367860,W,27.8568,271.0506,101220,,,,
$GPGGA,222058.65,3718.9977040,N,12157.6554340,W,1,0,0.0,0.0000,M,0.0000,M,0.0000,0
$GPRMC,222058.65,A,3718.9977040,N,12157.6554340,W,27.9233,271.1108,101220,,,,
$GPGGA,222059.67,3718.9979980,N,12157.6746700,W,1,0,0.0,0.0000,M,0.0000,M,0.0000,0
$GPRMC,222059.67,A,3718.9979980,N,12157.6746700,W,27.9467,271.0556,101220,,,,
$GPGGA,222100.65,3718.9982920,N,12157.6933660,W,1,0,0.0,0.0000,M,0.0000,M,0.0000,0
$GPRMC,222100.65,A,3718.9982920,N,12157.6933660,W,27.9277,271.1075,101220,,,,
$GPGGA,222101.64,3718.9985860,N,12157.7120860,W,1,0,0.0,0.0000,M,0.0000,M,0.0000,0
$GPRMC,222101.64,A,3718.9985860,N,12157.7120860,W,27.9815,271.1284,101220,,,,
$GPGGA,222102.66,3718.9988800,N,12157.7312560,W,1,0,0.0,0.0000,M,0.0000,M,0.0000,0
$GPRMC,222102.66,A,3718.9988800,N,12157.7312560,W,28.0469,271.1082,101220,,,,
$GPGGA,222103.68,3718.9991860,N,12157.7505880,W,1,0,0.0,0.0000,M,0.0000,M,0.0000,0
$GPRMC,222103.68,A,3718.9991860,N,12157.7505880,W,27.9877,271.1155,101220,,,,
$GPGGA,222104.67,3718.9994740,N,12157.7692300,W,1,0,0.0,0.0000,M,0.0000,M,0.0000,0
$GPRMC,222104.67,A,3718.9994740,N,12157.7692300,W,27.6521,271.1154,101220,,,,
$GPGGA,222105.65,3718.9997260,N,12157.7875540,W,1,0,0.0,0.0000,M,0.0000,M,0.0000,0
$GPRMC,222105.65,A,3718.9997260,N,12157.7875540,W,27.1911,270.8660,101220,,,,
$GPGGA,222106.66,3718.9999000,N,12157.8059620,W,1,0,0.0,0.0000,M,0.0000,M,0.0000,0
$GPRMC,222106.66,A,3718.9999000,N,12157.8059620,W,26.6960,270.5058,101220,,,,
$GPGGA,222107.67,3718.9999720,N,12157.8239380,W,1,0,0.0,0.0000,M,0.0000,M,0.0000,0
$GPRMC,222107.67,A,3718.9999720,N,12157.8239380,W,26.2519,270.0358,101220,,,,
$GPGGA,222108.67,3718.9998880,N,12157.8416920,W,1,0,0.0,0.0000,M,0.0000,M,0.0000,0
$GPRMC,222108.67,A,3718.9998880,N,12157.8416920,W,25.8671,269.3552,101220,,,,
$GPGGA,222109.66,3718.9996360,N,12157.8589600,W,1,0,0.0,0.0000,M,0.0000,M,0.0000,0
$GPRMC,222109.66,A,3718.9996360,N,12157.8589600,W,25.5896,268.6255,101220,,,,
$GPGGA,222110.68,3718.9992220,N,12157.8764740,W,1,0,0.0,0.0000,M,0.0000,M,0.0000,0
$GPRMC,222110.68,A,3718.9992220,N,12157.8764740,W,25.4651,268.0202,101220,,,,
$GPGGA,222111.66,3718.9987060,N,12157.8934360,W,1,0,0.0,0.0000,M,0.0000,M,0.0000,0
$GPRMC,222111.66,A,3718.9987060,N,12157.8934360,W,25.5180,267.6618,101220,,,,
$GPGGA,222112.66,3718.9981300,N,12157.9107760,W,1,0,0.0,0.0000,M,0.0000,M,0.0000,0
$GPRMC,222112.66,A,3718.9981300,N,12157.9107760,W,25.7901,267.6570,101220,,,,
$GPGGA,222113.65,3718.9975840,N,12157.9281760,W,1,0,0.0,0.0000,M,0.0000,M,0.0000,0
$GPRMC,222113.65,A,3718.9975840,N,12157.9281760,W,26.1872,267.7831,101220,,,,
$GPGGA,222114.65,3718.9970320,N,12157.9458940,W,1,0,0.0,0.0000,M,0.0000,M,0.0000,0
$GPRMC,222114.65,A,3718.9970320,N,12157.9458940,W,26.5440,267.6501,101220,,,,
$GPGGA,222115.66,3718.9964320,N,12157.9641100,W,1,0,0.0,0.0000,M,0.0000,M,0.0000,0
$GPRMC,222115.66,A,3718.9964320,N,12157.9641100,W,26.6250,267.5856,101220,,,,
$GPGGA,222116.64,3718.9958500,N,12157.9817260,W,1,0,0.0,0.0000,M,0.0000,M,0.0000,0
$GPRMC,222116.64,A,3718.9958500,N,12157.9817260,W,26.5410,267.6182,101220,,,,
$GPGGA,222117.66,3718.9952440,N,12158.0001340,W,1,0,0.0,0.0000,M,0.0000,M,0.0000,0
$GPRMC,222117.66,A,3718.9952440,N,12158.0001340,W,26.5789,267.5982,101220,,,,
$GPGGA,222118.66,3718.9946320,N,12158.0180320,W,1,0,0.0,0.0000,M,0.0000,M,0.0000,0
$GPRMC,222118.66,A,3718.9946320,N,12158.0180320,W,26.8272,267.4320,101220,,,,
$GPGGA,222119.64,3718.9939840,N,12158.0360140,W,1,0,0.0,0.0000,M,0.0000,M,0.0000,0
$GPRMC,222119.64,A,3718.9939840,N,12158.0360140,W,27.0627,267.2686,101220,,,,
$GPGGA,222120.65,3718.9933240,N,12158.0544460,W,1,0,0.0,0.0000,M,0.0000,M,0.0000,0
$GPRMC,222120.65,A,3718.9933240,N,12158.0544460,W,27.0284,267.3909,101220,,,,
$GPGGA,222121.64,3718.9927300,N,12158.0725420,W,1,0,0.0,0.0000,M,0.0000,M,0.0000,0
$GPRMC,222121.64,A,3718.9927300,N,12158.0725420,W,26.8027,267.5263,101220,,,,
$GPGGA,222122.66,3718.9921780,N,12158.0908840,W,1,0,0.0,0.0000,M,0.0000,M,0.0000,0
$GPRMC,222122.66,A,3718.9921780,N,12158.0908840,W,26.4896,267.9330,101220,,,,
$GPGGA,222123.66,3718.9918780,N,12158.1086200,W,1,0,0.0,0.0000,M,0.0000,M,0.0000,0
$GPRMC,222123.66,A,3718.9918780,N,12158.1086200,W,26.1366,269.4636,101220,,,,
$GPGGA,222124.67,3718.9920400,N,12158.1263500,W,1,0,0.0,0.0000,M,0.0000,M,0.0000,0
$GPRMC,222124.67,A,3718.9920400,N,12158.1263500,W,25.7660,271.6180,101220,,,,
$GPGGA,222125.66,3718.9926340,N,12158.1435160,W,1,0,0.0,0.0000,M,0.0000,M,0.0000,0
$GPRMC,222125.66,A,3718.9926340,N,12158.1435160,W,25.4601,273.0568,101220,,,,
$GPGGA,222126.64,3718.9934320,N,12158.1603640,W,1,0,0.0,0.0000,M,0.0000,M,0.0000,0
$GPRMC,222126.64,A,3718.9934320,N,12158.1603640,W,25.1933,273.3958,101220,,,,
$GPGGA,222127.64,3718.9942240,N,12158.1772540,W,1,0,0.0,0.0000,M,0.0000,M,0.0000,0
$GPRMC,222127.64,A,3718.9942240,N,12158.1772540,W,24.9762,272.8441,101220,,,,
$GPGGA,222128.66,3718.9948660,N,12158.1943360,W,1,0,0.0,0.0000,M,0.0000,M,0.0000,0
$GPRMC,222128.66,A,3718.9948660,N,12158.1943360,W,24.7172,272.2385,101220,,,,
$GPGGA,222129.67,3718.9953760,N,12158.2111840,W,1,0,0.0,0.0000,M,0.0000,M,0.0000,0
$GPRMC,222129.67,A,3718.9953760,N,12158.2111840,W,24.3962,271.7299,101220,,,,
$GPGGA,222130.66,3718.9958140,N,12158.2274380,W,1,0,0.0,0.0000,M,0.0000,M,0.0000,0
$GPRMC,222130.66,A,3718.9958140,N,12158.2274380,W,24.0809,271.7056,101220,,,,
$GPGGA,222131.64,3718.9963240,N,12158.2433380,W,1,0,0.0,0.0000,M,0.0000,M,0.0000,0
$GPRMC,222131.64,A,3718.9963240,N,12158.2433380,W,23.7737,272.4139,101220,,,,
$GPGGA,222132.64,3718.9971220,N,12158.2592440,W,1,0,0.0,0.0000,M,0.0000,M,0.0000,0
$GPRMC,222132.64,A,3718.9971220,N,12158.2592440,W,23.4560,274.1970,101220,,,,
$GPGGA,222133.66,3718.9983820,N,12158.2751980,W,1,0,0.0,0.0000,M,0.0000,M,0.0000,0
$GPRMC,222133.66,A,3718.9983820,N,12158.2751980,W,23.1852,276.3167,101220,,,,
$GPGGA,222134.67,3719.0000440,N,12158.2908400,W,1,0,0.0,0.0000,M,0.0000,M,0.0000,0
$GPRMC,222134.67,A,3719.0000440,N,12158.2908400,W,22.9339,277.9926,101220,,,,
$GPGGA,222135.65,3719.0019940,N,12158.3058880,W,1,0,0.0,0.0000,M,0.0000,M,0.0000,0
$GPRMC,222135.65,A,3719.0019940,N,12158.3058880,W,22.7126,279.6654,101220,,,,
$GPGGA,222136.64,3719.0043400,N,12158.3206480,W,1,0,0.0,0.0000,M,0.0000,M,0.0000,0
$GPRMC,222136.64,A,3719.0043400,N,12158.3206480,W,22.5182,282.2108,101220,,,,
$GPGGA,222137.64,3719.0073400,N,12158.3353240,W,1,0,0.0,0.0000,M,0.0000,M,0.0000,0
$GPRMC,222137.64,A,3719.0073400,N,12158.3353240,W,22.3722,285.6144,101220,,,,
$GPGGA,222138.65,3719.0111500,N,12158.3499100,W,1,0,0.0,0.0000,M,0.0000,M,0.0000,0
$GPRMC,222138.65,A,3719.0111500,N,12158.3499100,W,22.2614,289.5497,101220,,,,
$GPGGA,222139.64,3719.0155180,N,12158.3637100,W,1,0,0.0,0.0000,M,0.0000,M,0.0000,0
$GPRMC,222139.64,A,3719.0155180,N,12158.3637100,W,22.0820,292.7870,101220,,,,
$GPGGA,222140.66,3719.0205160,N,12158.3773720,W,1,0,0.0,0.0000,M,0.0000,M,0.0000,0
$GPRMC,222140.66,A,3719.0205160,N,12158.3773720,W,21.8041,295.5504,101220,,,,
$GPGGA,222141.64,3719.0258920,N,12158.3902900,W,1,0,0.0,0.0000,M,0.0000,M,0.0000,0
$GPRMC,222141.64,A,3719.0258920,N,12158.3902900,W,21.3760,296.7312,101220,,,,
$GPGGA,222142.64,3719.0327140,N,12158.4022180,W,1,0,0.0,0.0000,M,0.0000,M,0.0000,0
$GPRMC,222142.64,A,3719.0327140,N,12158.4022180,W,20.8057,296.7382,101220,,,,
$GPGGA,222143.65,3719.0412220,N,12158.4129400,W,1,0,0.0,0.0000,M,0.0000,M,0.0000,0
$GPRMC,222143.65,A,3719.0412220,N,12158.4129400,W,19.4669,296.3882,101220,,,,
$GPGGA,222144.64,3719.0532580,N,12158.4207700,W,1,0,0.0,0.0000,M,0.0000,M,0.0000,0
$GPRMC,222144.64,A,3719.0532580,N,12158.4207700,W,16.9486,295.8814,101220,,,,
$GPGGA,222145.65,3719.0498080,N,12158.4331360,W,1,0,0.0,0.0000,M,0.0000,M,0.0000,0
$GPRMC,222145.65,A,3719.0498080,N,12158.4331360,W,13.4877,296.4660,101220,,,,
$GPGGA,222146.64,3719.0471260,N,12158.4425140,W,1,0,0.0,0.0000,M,0.0000,M,0.0000,0
$GPRMC,222146.64,A,3719.0471260,N,12158.4425140,W,10.4218,298.5856,101220,,,,
$GPGGA,222147.65,3719.0498680,N,12158.4478540,W,1,0,0.0,0.0000,M,0.0000,M,0.0000,0
$GPRMC,222147.65,A,3719.0498680,N,12158.4478540,W,8.4320,304.7487,101220,,,,
$GPGGA,222148.65,3719.0528080,N,12158.4517540,W,1,0,0.0,0.0000,M,0.0000,M,0.0000,0
$GPRMC,222148.65,A,3719.0528080,N,12158.4517540,W,7.7158,316.2136,101220,,,,
$GPGGA,222149.66,3719.0562940,N,12158.4545560,W,1,0,0.0,0.0000,M,0.0000,M,0.0000,0
$GPRMC,222149.66,A,3719.0562940,N,12158.4545560,W,7.5203,330.2429,101220,,,,
$GPGGA,222150.66,3719.0601100,N,12158.4560380,W,1,0,0.0,0.0000,M,0.0000,M,0.0000,0
$GPRMC,222150.66,A,3719.0601100,N,12158.4560380,W,7.5258,345.8485,101220,,,,
$GPGGA,222151.65,3719.0640820,N,12158.4562960,W,1,0,0.0,0.0000,M,0.0000,M,0.0000,0
$GPRMC,222151.65,A,3719.0640820,N,12158.4562960,W,7.5528,358.3922,101220,,,,
$GPGGA,222152.66,3719.0681740,N,12158.4560260,W,1,0,0.0,0.0000,M,0.0000,M,0.0000,0
$GPRMC,222152.66,A,3719.0681740,N,12158.4560260,W,7.4520,2.9467,101220,,,,
$GPGGA,222153.65,3719.0722240,N,12158.4556600,W,1,0,0.0,0.0000,M,0.0000,M,0.0000,0
$GPRMC,222153.65,A,3719.0722240,N,12158.4556600,W,7.7217,3.8935,101220,,,,
$GPGGA,222154.64,3719.0764060,N,12158.4551920,W,1,0,0.0,0.0000,M,0.0000,M,0.0000,0
$GPRMC,222154.64,A,3719.0764060,N,12158.4551920,W,7.9219,5.6116,101220,,,,
$GPGGA,222155.65,3719.0805940,N,12158.4542080,W,1,0,0.0,0.0000,M,0.0000,M,0.0000,0
$GPRMC,222155.65,A,3719.0805940,N,12158.4542080,W,7.7593,12.1696,101220,,,,
$GPGGA,222156.65,3719.0843080,N,12158.4525700,W,1,0,0.0,0.0000,M,0.0000,M,0.0000,0
$GPRMC,222156.65,A,3719.0843080,N,12158.4525700,W,6.6483,21.3625,101220,,,,
$GPGGA,222157.66,3719.0870320,N,12158.4506800,W,1,0,0.0,0.0000,M,0.0000,M,0.0000,0
$GPRMC,222157.66,A,3719.0870320,N,12158.4506800,W,4.6379,29.2781,101220,,,,
$GPGGA,222158.65,3719.0886640,N,12158.4492400,W,1,0,0.0,0.0000,M,0.0000,M,0.0000,0
$GPRMC,222158.65,A,3719.0886640,N,12158.4492400,W,2.9129,32.8094,101220,,,,
$GPGGA,222159.77,3719.0896960,N,12158.4483100,W,1,0,0.0,0.0000,M,0.0000,M,0.0000,0
$GPRMC,222159.77,A,3719.0896960,N,12158.4483100,W,1.3886,33.4635,101220,,,,
$GPGGA,222200.46,3719.0899420,N,12158.4480820,W,1,0,0.0,0.0000,M,0.0000,M,0.0000,0
$GPRMC,222200.46,A,3719.0899420,N,12158.4480820,W,0.5990,33.4788,101220,,,,
$GPGGA,222201.65,3719.0900380,N,12158.4480040,W,1,0,0.0,0.0000,M,0.0000,M,0.0000,0
$GPRMC,222201.65,A,3719.0900380,N,12158.4480040,W,0.0230,33.4861,101220,,,,
$GPGGA,222202.66,3719.0900500,N,12158.4480220,W,1,0,0.0,0.0000,M,0.0000,M,0.0000,0
$GPRMC,222202.66,A,3719.0900500,N,12158.4480220,W,0.0199,33.4914,101220,,,,
$GPGGA,222203.66,3719.0900740,N,12158.4480340,W,1,0,0.0,0.0000,M,0.0000,M,0.0000,0
$GPRMC,222203.66,A,3719.0900740,N,12158.4480340,W,0.0175,33.4930,101220,,,,
$GPGGA,222204.64,3719.0901040,N,12158.4480460,W,1,0,0.0,0.0000,M,0.0000,M,0.0000,0
$GPRMC,222204.64,A,3719.0901040,N,12158.4480460,W,0.0157,33.4923,101220,,,,
$GPGGA,222205.66,3719.0901220,N,12158.4480460,W,1,0,0.0,0.0000,M,0.0000,M,0.0000,0
$GPRMC,222205.66,A,3719.0901220,N,12158.4480460,W,0.0135,33.4911,101220,,,,
$GPGGA,222206.65,3719.0901400,N,12158.4480460,W,1,0,0.0,0.0000,M,0.0000,M,0.0000,0
$GPRMC,222206.65,A,3719.0901400,N,12158.4480460,W,0.0109,33.4899,101220,,,,
$GPGGA,222207.66,3719.0901520,N,12158.4480460,W,1,0,0.0,0.0000,M,0.0000,M,0.0000,0
$GPRMC,222207.66,A,3719.0901520,N,12158.4480460,W,0.0087,33.4888,101220,,,,
$GPGGA,222208.65,3719.0901640,N,12158.4480460,W,1,0,0.0,0.0000,M,0.0000,M,0.0000,0
$GPRMC,222208.65,A,3719.0901640,N,12158.4480460,W,0.0063,33.4878,101220,,,,
$GPGGA,222209.66,3719.0901760,N,12158.4480460,W,1,0,0.0,0.0000,M,0.0000,M,0.0000,0
$GPRMC,222209.66,A,3719.0901760,N,12158.4480460,W,0.0052,33.4865,101220,,,,
$GPGGA,222210.66,3719.0901760,N,12158.4480460,W,1,0,0.0,0.0000,M,0.0000,M,0.0000,0
$GPRMC,222210.66,A,3719.0901760,N,12158.4480460,W,0.0060,33.4851,101220,,,,
$GPGGA,222211.65,3719.0901760,N,12158.4480460,W,1,0,0.0,0.0000,M,0.0000,M,0.0000,0
$GPRMC,222211.65,A,3719.0901760,N,12158.4480460,W,0.0069,33.4838,101220,,,,
$GPGGA,222212.66,3719.0901760,N,12158.4480460,W,1,0,0.0,0.0000,M,0.0000,M,0.0000,0
$GPRMC,222212.66,A,3719.0901760,N,12158.4480460,W,0.0078,33.4826,101220,,,,
$GPGGA,222213.65,3719.0901760,N,12158.4480400,W,1,0,0.0,0.0000,M,0.0000,M,0.0000,0
$GPRMC,222213.65,A,3719.0901760,N,12158.4480400,W,0.0092,33.4814,101220,,,,
$GPGGA,222214.64,3719.0901760,N,12158.4480400,W,1,0,0.0,0.0000,M,0.0000,M,0.0000,0
$GPRMC,222214.64,A,3719.0901760,N,12158.4480400,W,0.0102,33.4803,101220,,,,
$GPGGA,222215.66,3719.0901700,N,12158.4480460,W,1,0,0.0,0.0000,M,0.0000,M,0.0000,0
$GPRMC,222215.66,A,3719.0901700,N,12158.4480460,W,0.0113,33.4792,101220,,,,
$GPGGA,222216.65,3719.0901700,N,12158.4480460,W,1,0,0.0,0.0000,M,0.0000,M,0.0000,0
$GPRMC,222216.65,A,3719.0901700,N,12158.4480460,W,0.0117,33.4780,101220,,,,
$GPGGA,222217.66,3719.0901640,N,12158.4480460,W,1,0,0.0,0.0000,M,0.0000,M,0.0000,0
$GPRMC,222217.66,A,3719.0901640,N,12158.4480460,W,0.0123,33.4767,101220,,,,
$GPGGA,222218.65,3719.0901580,N,12158.4480460,W,1,0,0.0,0.0000,M,0.0000,M,0.0000,0
$GPRMC,222218.65,A,3719.0901580,N,12158.4480460,W,0.0120,33.4753,101220,,,,
$GPGGA,222219.77,3719.0901520,N,12158.4480400,W,1,0,0.0,0.0000,M,0.0000,M,0.0000,0
$GPRMC,222219.77,A,3719.0901520,N,12158.4480400,W,0.0105,33.4744,101220,,,,
$GPGGA,222220.46,3719.0901520,N,12158.4480400,W,1,0,0.0,0.0000,M,0.0000,M,0.0000,0
$GPRMC,222220.46,A,3719.0901520,N,12158.4480400,W,0.0103,33.4736,101220,,,,
$GPGGA,222221.75,3719.0901460,N,12158.4480340,W,1,0,0.0,0.0000,M,0.0000,M,0.0000,0
$GPRMC,222221.75,A,3719.0901460,N,12158.4480340,W,0.0097,33.4716,101220,,,,
$GPGGA,222222.46,3719.0901460,N,12158.4480340,W,1,0,0.0,0.0000,M,0.0000,M,0.0000,0
$GPRMC,222222.46,A,3719.0901460,N,12158.4480340,W,0.0091,33.4706,101220,,,,
$GPGGA,222223.65,3719.0901400,N,12158.4480340,W,1,0,0.0,0.0000,M,0.0000,M,0.0000,0
$GPRMC,222223.65,A,3719.0901400,N,12158.4480340,W,0.0079,33.4689,101220,,,,
$GPGGA,222224.75,3719.0901400,N,12158.4480280,W,1,0,0.0,0.0000,M,0.0000,M,0.0000,0
$GPRMC,222224.75,A,3719.0901400,N,12158.4480280,W,0.0060,33.4676,101220,,,,
$GPGGA,222225.55,3719.0901400,N,12158.4480280,W,1,0,0.0,0.0000,M,0.0000,M,0.0000,0
$GPRMC,222225.55,A,3719.0901400,N,12158.4480280,W,0.0054,33.4666,101220,,,,
$GPGGA,222226.44,3719.0901400,N,12158.4480280,W,1,0,0.0,0.0000,M,0.0000,M,0.0000,0
$GPRMC,222226.44,A,3719.0901400,N,12158.4480280,W,0.0046,33.4656,101220,,,,
$GPGGA,222227.74,3719.0901400,N,12158.4480220,W,1,0,0.0,0.0000,M,0.0000,M,0.0000,0
$GPRMC,222227.74,A,3719.0901400,N,12158.4480220,W,0.0030,33.4639,101220,,,,
$GPGGA,222228.45,3719.0901400,N,12158.4480220,W,1,0,0.0,0.0000,M,0.0000,M,0.0000,0
$GPRMC,222228.45,A,3719.0901400,N,12158.4480220,W,0.0028,33.4628,101220,,,,
$GPGGA,222229.67,3719.0901400,N,12158.4480160,W,1,0,0.0,0.0000,M,0.0000,M,0.0000,0
$GPRMC,222229.67,A,3719.0901400,N,12158.4480160,W,0.0024,33.4610,101220,,,,
$GPGGA,222230.66,3719.0901400,N,12158.4480160,W,1,0,0.0,0.0000,M,0.0000,M,0.0000,0
$GPRMC,222230.66,A,3719.0901400,N,12158.4480160,W,0.0021,33.4597,101220,,,,
$GPGGA,222231.65,3719.0901400,N,12158.4480160,W,1,0,0.0,0.0000,M,0.0000,M,0.0000,0
$GPRMC,222231.65,A,3719.0901400,N,12158.4480160,W,0.0081,33.4591,101220,,,,
$GPGGA,222232.76,3719.0901460,N,12158.4480100,W,1,0,0.0,0.0000,M,0.0000,M,0.0000,0
$GPRMC,222232.76,A,3719.0901460,N,12158.4480100,W,0.0058,33.4618,101220,,,,
$GPGGA,222233.45,3719.0901460,N,12158.4480100,W,1,0,0.0,0.0000,M,0.0000,M,0.0000,0
$GPRMC,222233.45,A,3719.0901460,N,12158.4480100,W,0.0036,33.4619,101220,,,,
$GPGGA,222234.77,3719.0901460,N,12158.4480100,W,1,0,0.0,0.0000,M,0.0000,M,0.0000,0
$GPRMC,222234.77,A,3719.0901460,N,12158.4480100,W,0.0041,33.4596,101220,,,,
$GPGGA,222235.46,3719.0901460,N,12158.4480100,W,1,0,0.0,0.0000,M,0.0000,M,0.0000,0
$GPRMC,222235.46,A,3719.0901460,N,12158.4480100,W,0.0048,33.4587,101220,,,,
$GPGGA,222236.75,3719.0901460,N,12158.4480100,W,1,0,0.0,0.0000,M,0.0000,M,0.0000,0
$GPRMC,222236.75,A,3719.0901460,N,12158.4480100,W,0.0066,33.4572,101220,,,,
$GPGGA,222237.56,3719.0901400,N,12158.4480100,W,1,0,0.0,0.0000,M,0.0000,M,0.0000,0
$GPRMC,222237.56,A,3719.0901400,N,12158.4480100,W,0.0069,33.4559,101220,,,,
$GPGGA,222238.45,3719.0901400,N,12158.4480100,W,1,0,0.0,0.0000,M,0.0000,M,0.0000,0
$GPRMC,222238.45,A,3719.0901400,N,12158.4480100,W,0.0079,33.4545,101220,,,,
$GPGGA,222239.77,3719.0901700,N,12158.4479800,W,1,0,0.0,0.0000,M,0.0000,M,0.0000,0
$GPRMC,222239.77,A,3719.0901700,N,12158.4479800,W,0.3633,33.4537,101220,,,,
$GPGGA,222240.46,3719.0903860,N,12158.4477940,W,1,0,0.0,0.0000,M,0.0000,M,0.0000,0
$GPRMC,222240.46,A,3719.0903860,N,12158.4477940,W,0.9841,33.6888,101220,,,,
$GPGGA,222241.75,3719.0913940,N,12158.4469000,W,1,0,0.0,0.0000,M,0.0000,M,0.0000,0
$GPRMC,222241.75,A,3719.0913940,N,12158.4469000,W,2.6699,34.5711,101220,,,,
$GPGGA,222242.46,3719.0924020,N,12158.4460060,W,1,0,0.0,0.0000,M,0.0000,M,0.0000,0
$GPRMC,222242.46,A,3719.0924020,N,12158.4460060,W,3.5557,34.9784,101220,,,,
$GPGGA,222243.65,3719.0946700,N,12158.4446200,W,1,0,0.0,0.0000,M,0.0000,M,0.0000,0
$GPRMC,222243.65,A,3719.0946700,N,12158.4446200,W,4.1339,23.6479,101220,,,,
$GPGGA,222244.64,3719.0965960,N,12158.4453640,W,1,0,0.0,0.0000,M,0.0000,M,0.0000,0
$GPRMC,222244.64,A,3719.0965960,N,12158.4453640,W,3.8833,347.8360,101220,,,,
$GPGGA,222245.66,3719.0973160,N,12158.4478900,W,1,0,0.0,0.0000,M,0.0000,M,0.0000,0
$GPRMC,222245.66,A,3719.0973160,N,12158.4478900,W,3.9696,299.8251,101220,,,,
$GPGGA,222246.65,3719.0962120,N,12158.4505120,W,1,0,0.0,0.0000,M,0.0000,M,0.0000,0
$GPRMC,222246.65,A,3719.0962120,N,12158.4505120,W,5.0186,251.6743,101220,,,,
$GPGGA,222247.66,3719.0935960,N,12158.4526900,W,1,0,0.0,0.0000,M,0.0000,M,0.0000,0
$GPRMC,222247.66,A,3719.0935960,N,12158.4526900,W,6.9202,218.3173,101220,,,,
$GPGGA,222248.65,3719.0899000,N,12158.4550300,W,1,0,0.0,0.0000,M,0.0000,M,0.0000,0
$GPRMC,222248.65,A,3719.0899000,N,12158.4550300,W,8.8116,207.1647,101220,,,,
$GPGGA,222249.67,3719.0851720,N,12158.4578560,W,1,0,0.0,0.0000,M,0.0000,M,0.0000,0
$GPRMC,222249.67,A,3719.0851720,N,12158.4578560,W,10.4272,205.5537,101220,,,,
$GPGGA,222250.66,3719.0798740,N,12158.4611380,W,1,0,0.0,0.0000,M,0.0000,M,0.0000,0
$GPRMC,222250.66,A,3719.0798740,N,12158.4611380,W,11.4893,207.0173,101220,,,,
$GPGGA,222251.65,3719.0743960,N,12158.4648700,W,1,0,0.0,0.0000,M,0.0000,M,0.0000,0
$GPRMC,222251.65,A,3719.0743960,N,12158.4648700,W,11.6688,209.1314,101220,,,,
$GPGGA,222252.66,3719.0689660,N,12158.4688900,W,1,0,0.0,0.0000,M,0.0000,M,0.0000,0
$GPRMC,222252.66,A,3719.0689660,N,12158.4688900,W,11.4170,211.1378,101220,,,,
$GPGGA,222253.65,3719.0638420,N,12158.4729340,W,1,0,0.0,0.0000,M,0.0000,M,0.0000,0
$GPRMC,222253.65,A,3719.0638420,N,12158.4729340,W,11.1271,212.4347,101220,,,,
$GPGGA,222254.67,3719.0587960,N,12158.4770440,W,1,0,0.0,0.0000,M,0.0000,M,0.0000,0
$GPRMC,222254.67,A,3719.0587960,N,12158.4770440,W,10.8484,212.9248,101220,,,,
$GPGGA,222255.66,3719.0539840,N,12158.4809920,W,1,0,0.0,0.0000,M,0.0000,M,0.0000,0
$GPRMC,222255.66,A,3719.0539840,N,12158.4809920,W,10.6289,213.1705,101220,,,,
$GPGGA,222256.65,3719.0492860,N,12158.4849040,W,1,0,0.0,0.0000,M,0.0000,M,0.0000,0
$GPRMC,222256.65,A,3719.0492860,N,12158.4849040,W,10.4494,213.4666,101220,,,,
$GPGGA,222257.66,3719.0444740,N,12158.4889120,W,1,0,0.0,0.0000,M,0.0000,M,0.0000,0
$GPRMC,222257.66,A,3719.0444740,N,12158.4889120,W,10.6748,213.5132,101220,,,,
$GPGGA,222258.66,3719.0395900,N,12158.4930040,W,1,0,0.0,0.0000,M,0.0000,M,0.0000,0
$GPRMC,222258.66,A,3719.0395900,N,12158.4930040,W,11.2993,213.7719,101220,,,,
$GPGGA,222259.67,3719.0343040,N,12158.4974620,W,1,0,0.0,0.0000,M,0.0000,M,0.0000,0
$GPRMC,222259.67,A,3719.0343040,N,12158.4974620,W,11.9623,213.9704,101220,,,,
$GPGGA,222300.66,3719.0289220,N,12158.5019920,W,1,0,0.0,0.0000,M,0.0000,M,0.0000,0
$GPRMC,222300.66,A,3719.0289220,N,12158.5019920,W,12.1772,214.0868,101220,,,,
$GPGGA,222301.65,3719.0235580,N,12158.5065640,W,1,0,0.0,0.0000,M,0.0000,M,0.0000,0
$GPRMC,222301.65,A,3719.0235580,N,12158.5065640,W,11.9361,214.3474,101220,,,,
$GPGGA,222302.66,3719.0183020,N,12158.5109380,W,1,0,0.0,0.0000,M,0.0000,M,0.0000,0
$GPRMC,222302.66,A,3719.0183020,N,12158.5109380,W,11.0005,213.0410,101220,,,,
$GPGGA,222303.66,3719.0134600,N,12158.5142140,W,1,0,0.0,0.0000,M,0.0000,M,0.0000,0
$GPRMC,222303.66,A,3719.0134600,N,12158.5142140,W,9.6426,204.9097,101220,,,,
$GPGGA,222304.67,3719.0086360,N,12158.5153660,W,1,0,0.0,0.0000,M,0.0000,M,0.0000,0
$GPRMC,222304.67,A,3719.0086360,N,12158.5153660,W,8.8161,184.1837,101220,,,,
$GPGGA,222305.66,3719.0043460,N,12158.5137820,W,1,0,0.0,0.0000,M,0.0000,M,0.0000,0
$GPRMC,222305.66,A,3719.0043460,N,12158.5137820,W,8.4849,157.1642,101220,,,,
$GPGGA,222306.65,3719.0012440,N,12158.5099120,W,1,0,0.0,0.0000,M,0.0000,M,0.0000,0
$GPRMC,222306.65,A,3719.0012440,N,12158.5099120,W,8.5539,130.1063,101220,,,,
$GPGGA,222307.67,3718.9992580,N,12158.5045120,W,1,0,0.0,0.0000,M,0.0000,M,0.0000,0
$GPRMC,222307.67,A,3718.9992580,N,12158.5045120,W,9.1077,112.4216,101220,,,,
$GPGGA,222308.65,3718.9977940,N,12158.4984820,W,1,0,0.0,0.0000,M,0.0000,M,0.0000,0
$GPRMC,222308.65,A,3718.9977940,N,12158.4984820,W,9.8060,106.7267,101220,,,,
$GPGGA,222309.65,3718.9963540,N,12158.4918340,W,1,0,0.0,0.0000,M,0.0000,M,0.0000,0
$GPRMC,222309.65,A,3718.9963540,N,12158.4918340,W,10.8452,105.2095,101220,,,,
$GPGGA,222310.66,3718.9948120,N,12158.4841900,W,1,0,0.0,0.0000,M,0.0000,M,0.0000,0
$GPRMC,222310.66,A,3718.9948120,N,12158.4841900,W,12.2619,104.1641,101220,,,,
$GPGGA,222311.65,3718.9931740,N,12158.4757960,W,1,0,0.0,0.0000,M,0.0000,M,0.0000,0
$GPRMC,222311.65,A,3718.9931740,N,12158.4757960,W,13.3919,103.9266,101220,,,,
$GPGGA,222312.66,3718.9913560,N,12158.4665920,W,1,0,0.0,0.0000,M,0.0000,M,0.0000,0
$GPRMC,222312.66,A,3718.9913560,N,12158.4665920,W,14.3179,104.0340,101220,,,,
$GPGGA,222313.65,3718.9894120,N,12158.4569140,W,1,0,0.0,0.0000,M,0.0000,M,0.0000,0
$GPRMC,222313.65,A,3718.9894120,N,12158.4569140,W,15.4161,104.3083,101220,,,,
$GPGGA,222314.67,3718.9872280,N,12158.4462760,W,1,0,0.0,0.0000,M,0.0000,M,0.0000,0
$GPRMC,222314.67,A,3718.9872280,N,12158.4462760,W,16.6399,104.5295,101220,,,,
$GPGGA,222315.66,3718.9849360,N,12158.4350920,W,1,0,0.0,0.0000,M,0.0000,M,0.0000,0
$GPRMC,222315.66,A,3718.9849360,N,12158.4350920,W,17.7738,104.3066,101220,,,,
$GPGGA,222316.65,3718.9825960,N,12158.4232300,W,1,0,0.0,0.0000,M,0.0000,M,0.0000,0
$GPRMC,222316.65,A,3718.9825960,N,12158.4232300,W,18.5689,103.7144,101220,,,,
$GPGGA,222317.66,3718.9802320,N,12158.4106900,W,1,0,0.0,0.0000,M,0.0000,M,0.0000,0
$GPRMC,222317.66,A,3718.9802320,N,12158.4106900,W,18.9949,103.0153,101220,,,,
$GPGGA,222318.65,3718.9780480,N,12158.3981020,W,1,0,0.0,0.0000,M,0.0000,M,0.0000,0
$GPRMC,222318.65,A,3718.9780480,N,12158.3981020,W,19.3162,101.7246,101220,,,,
$GPGGA,222319.66,3718.9761400,N,12158.3850700,W,1,0,0.0,0.0000,M,0.0000,M,0.0000,0
$GPRMC,222319.66,A,3718.9761400,N,12158.3850700,W,19.3905,99.4478,101220,,,,
$GPGGA,222320.66,3718.9747180,N,12158.3722240,W,1,0,0.0,0.0000,M,0.0000,M,0.0000,0
$GPRMC,222320.66,A,3718.9747180,N,12158.3722240,W,19.2220,96.8693,101220,,,,
$GPGGA,222321.65,3718.9737340,N,12158.3594740,W,1,0,0.0,0.0000,M,0.0000,M,0.0000,0
$GPRMC,222321.65,A,3718.9737340,N,12158.3594740,W,19.0652,94.8086,101220,,,,
$GPGGA,222322.66,3718.9730080,N,12158.3464060,W,1,0,0.0,0.0000,M,0.0000,M,0.0000,0
$GPRMC,222322.66,A,3718.9730080,N,12158.3464060,W,19.1432,93.6304,101220,,,,
$GPGGA,222323.65,3718.9724200,N,12158.3335120,W,1,0,0.0,0.0000,M,0.0000,M,0.0000,0
$GPRMC,222323.65,A,3718.9724200,N,12158.3335120,W,19.2938,93.1633,101220,,,,
$GPGGA,222324.64,3718.9718380,N,12158.3206180,W,1,0,0.0,0.0000,M,0.0000,M,0.0000,0
$GPRMC,222324.64,A,3718.9718380,N,12158.3206180,W,19.3698,93.3688,101220,,,,
$GPGGA,222325.66,3718.9711660,N,12158.3073100,W,1,0,0.0,0.0000,M,0.0000,M,0.0000,0
$GPRMC,222325.66,A,3718.9711660,N,12158.3073100,W,19.4197,93.8782,101220,,,,
$GPGGA,222326.64,3718.9704280,N,12158.2943620,W,1,0,0.0,0.0000,M,0.0000,M,0.0000,0
$GPRMC,222326.64,A,3718.9704280,N,12158.2943620,W,19.5170,94.3668,101220,,,,
$GPGGA,222327.64,3718.9696060,N,12158.2811740,W,1,0,0.0,0.0000,M,0.0000,M,0.0000,0
$GPRMC,222327.64,A,3718.9696060,N,12158.2811740,W,19.8425,94.5457,101220,,,,
$GPGGA,222328.65,3718.9687720,N,12158.2673020,W,1,0,0.0,0.0000,M,0.0000,M,0.0000,0
$GPRMC,222328.65,A,3718.9687720,N,12158.2673020,W,20.5764,94.1003,101220,,,,
$GPGGA,222329.67,3718.9680520,N,12158.2528720,W,1,0,0.0,0.0000,M,0.0000,M,0.0000,0
$GPRMC,222329.67,A,3718.9680520,N,12158.2528720,W,21.5608,93.1677,101220,,,,
$GPGGA,222330.66,3718.9675240,N,12158.2381660,W,1,0,0.0,0.0000,M,0.0000,M,0.0000,0
$GPRMC,222330.66,A,3718.9675240,N,12158.2381660,W,22.3312,92.1631,101220,,,,
$GPGGA,222331.64,3718.9671940,N,12158.2231240,W,1,0,0.0,0.0000,M,0.0000,M,0.0000,0
$GPRMC,222331.64,A,3718.9671940,N,12158.2231240,W,22.8320,91.1321,101220,,,,
$GPGGA,222332.64,3718.9671460,N,12158.2076380,W,1,0,0.0,0.0000,M,0.0000,M,0.0000,0
$GPRMC,222332.64,A,3718.9671460,N,12158.2076380,W,23.2055,89.6229,101220,,,,
$GPGGA,222333.65,3718.9674160,N,12158.1915280,W,1,0,0.0,0.0000,M,0.0000,M,0.0000,0
$GPRMC,222333.65,A,3718.9674160,N,12158.1915280,W,23.5929,88.2606,101220,,,,
$GPGGA,222334.67,3718.9678660,N,12158.1752200,W,1,0,0.0,0.0000,M,0.0000,M,0.0000,0
$GPRMC,222334.67,A,3718.9678660,N,12158.1752200,W,24.0494,87.8523,101220,,,,
$GPGGA,222335.66,3718.9683460,N,12158.1589540,W,1,0,0.0,0.0000,M,0.0000,M,0.0000,0
$GPRMC,222335.66,A,3718.9683460,N,12158.1589540,W,24.4838,87.8873,101220,,,,
$GPGGA,222336.64,3718.9688260,N,12158.1425260,W,1,0,0.0,0.0000,M,0.0000,M,0.0000,0
$GPRMC,222336.64,A,3718.9688260,N,12158.1425260,W,24.7961,87.8018,101220,,,,
$GPGGA,222337.63,3718.9693420,N,12158.1258100,W,1,0,0.0,0.0000,M,0.0000,M,0.0000,0
$GPRMC,222337.63,A,3718.9693420,N,12158.1258100,W,25.0762,87.6946,101220,,,,
$GPGGA,222338.65,3718.9698760,N,12158.1084220,W,1,0,0.0,0.0000,M,0.0000,M,0.0000,0
$GPRMC,222338.65,A,3718.9698760,N,12158.1084220,W,25.3865,87.7509,101220,,,,
$GPGGA,222339.67,3718.9704160,N,12158.0908840,W,1,0,0.0,0.0000,M,0.0000,M,0.0000,0
$GPRMC,222339.67,A,3718.9704160,N,12158.0908840,W,25.6770,87.8019,101220,,,,
$GPGGA,222340.66,3718.9709020,N,12158.0735560,W,1,0,0.0,0.0000,M,0.0000,M,0.0000,0
$GPRMC,222340.66,A,3718.9709020,N,12158.0735560,W,26.1870,88.0162,101220,,,,
$GPGGA,222341.64,3718.9713820,N,12158.0558080,W,1,0,0.0,0.0000,M,0.0000,M,0.0000,0
$GPRMC,222341.64,A,3718.9713820,N,12158.0558080,W,27.0838,87.9051,101220,,,,
$GPGGA,222342.64,3718.9719520,N,12158.0374000,W,1,0,0.0,0.0000,M,0.0000,M,0.0000,0
$GPRMC,222342.64,A,3718.9719520,N,12158.0374000,W,27.4901,87.5951,101220,,,,
$GPGGA,222343.66,3718.9725520,N,12158.0185300,W,1,0,0.0,0.0000,M,0.0000,M,0.0000,0
$GPRMC,222343.66,A,3718.9725520,N,12158.0185300,W,27.1420,87.7524,101220,,,,
$GPGGA,222344.64,3718.9731040,N,12158.0005780,W,1,0,0.0,0.0000,M,0.0000,M,0.0000,0
$GPRMC,222344.64,A,3718.9731040,N,12158.0005780,W,26.5306,87.7505,101220,,,,
$GPGGA,222345.66,3718.9736740,N,12157.9826260,W,1,0,0.0,0.0000,M,0.0000,M,0.0000,0
$GPRMC,222345.66,A,3718.9736740,N,12157.9826260,W,25.8825,87.6534,101220,,,,
$GPGGA,222346.65,3718.9742260,N,12157.9654540,W,1,0,0.0,0.0000,M,0.0000,M,0.0000,0
$GPRMC,222346.65,A,3718.9742260,N,12157.9654540,W,25.3745,87.6540,101220,,,,
$GPGGA,222347.66,3718.9747720,N,12157.9482520,W,1,0,0.0,0.0000,M,0.0000,M,0.0000,0
$GPRMC,222347.66,A,3718.9747720,N,12157.9482520,W,24.8876,87.6457,101220,,,,
$GPGGA,222348.65,3718.9753000,N,12157.9316980,W,1,0,0.0,0.0000,M,0.0000,M,0.0000,0
$GPRMC,222348.65,A,3718.9753000,N,12157.9316980,W,24.3966,87.6349,101220,,,,
$GPGGA,222349.67,3718.9758280,N,12157.9151080,W,1,0,0.0,0.0000,M,0.0000,M,0.0000,0
$GPRMC,222349.67,A,3718.9758280,N,12157.9151080,W,23.9431,87.5774,101220,,,,
$GPGGA,222350.66,3718.9763800,N,12157.8992500,W,1,0,0.0,0.0000,M,0.0000,M,0.0000,0
$GPRMC,222350.66,A,3718.9763800,N,12157.8992500,W,23.5171,87.3210,101220,,,,
$GPGGA,222351.65,3718.9769140,N,12157.8836260,W,1,0,0.0,0.0000,M,0.0000,M,0.0000,0
$GPRMC,222351.65,A,3718.9769140,N,12157.8836260,W,23.1029,87.6588,101220,,,,
$GPGGA,222352.66,3718.9773340,N,12157.8679180,W,1,0,0.0,0.0000,M,0.0000,M,0.0000,0
$GPRMC,222352.66,A,3718.9773340,N,12157.8679180,W,22.6827,88.4204,101220,,,,
$GPGGA,222353.65,3718.9775980,N,12157.8527980,W,1,0,0.0,0.0000,M,0.0000,M,0.0000,0
$GPRMC,222353.65,A,3718.9775980,N,12157.8527980,W,22.4087,88.8400,101220,,,,
$GPGGA,222354.66,3718.9778080,N,12157.8375340,W,1,0,0.0,0.0000,M,0.0000,M,0.0000,0
$GPRMC,222354.66,A,3718.9778080,N,12157.8375340,W,22.1944,89.1045,101220,,,,
$GPGGA,222355.66,3718.9779160,N,12157.8227140,W,1,0,0.0,0.0000,M,0.0000,M,0.0000,0
$GPRMC,222355.66,A,3718.9779160,N,12157.8227140,W,21.9528,89.7510,101220,,,,
$GPGGA,222356.64,3718.9778380,N,12157.8081400,W,1,0,0.0,0.0000,M,0.0000,M,0.0000,0
$GPRMC,222356.64,A,3718.9778380,N,12157.8081400,W,21.5819,90.7308,101220,,,,
$GPGGA,222357.66,3718.9776400,N,12157.7935240,W,1,0,0.0,0.0000,M,0.0000,M,0.0000,0
$GPRMC,222357.66,A,3718.9776400,N,12157.7935240,W,21.0287,91.0392,101220,,,,
$GPGGA,222358.65,3718.9774480,N,12157.7795860,W,1,0,0.0,0.0000,M,0.0000,M,0.0000,0
$GPRMC,222358.65,A,3718.9774480,N,12157.7795860,W,20.3681,90.8021,101220,,,,
$GPGGA,222359.67,3718.9772740,N,12157.7658400,W,1,0,0.0,0.0000,M,0.0000,M,0.0000,0
$GPRMC,222359.67,A,3718.9772740,N,12157.7658400,W,19.8215,90.8015,101220,,,,
$GPGGA,222400.66,3718.9770940,N,12157.7526040,W,1,0,0.0,0.0000,M,0.0000,M,0.0000,0
$GPRMC,222400.66,A,3718.9770940,N,12157.7526040,W,19.5831,90.8819,101220,,,,
$GPGGA,222401.65,3718.9769200,N,12157.7394280,W,1,0,0.0,0.0000,M,0.0000,M,0.0000,0
$GPRMC,222401.65,A,3718.9769200,N,12157.7394280,W,19.6293,90.8062,101220,,,,
$GPGGA,222402.66,3718.9767760,N,12157.7259040,W,1,0,0.0,0.0000,M,0.0000,M,0.0000,0
$GPRMC,222402.66,A,3718.9767760,N,12157.7259040,W,20.0211,90.7483,101220,,,,
$GPGGA,222403.66,3718.9765900,N,12157.7122240,W,1,0,0.0,0.0000,M,0.0000,M,0.0000,0
$GPRMC,222403.66,A,3718.9765900,N,12157.7122240,W,20.7170,90.9852,101220,,,,
$GPGGA,222404.67,3718.9763560,N,12157.6977460,W,1,0,0.0,0.0000,M,0.0000,M,0.0000,0
$GPRMC,222404.67,A,3718.9763560,N,12157.6977460,W,21.5712,90.8664,101220,,,,
$GPGGA,222405.66,3718.9761640,N,12157.6830340,W,1,0,0.0,0.0000,M,0.0000,M,0.0000,0
$GPRMC,222405.66,A,3718.9761640,N,12157.6830340,W,22.4135,90.7339,101220,,,,
$GPGGA,222406.65,3718.9760140,N,12157.6677580,W,1,0,0.0,0.0000,M,0.0000,M,0.0000,0
$GPRMC,222406.65,A,3718.9760140,N,12157.6677580,W,23.2090,90.5385,101220,,,,
$GPGGA,222407.66,3718.9758820,N,12157.6515280,W,1,0,0.0,0.0000,M,0.0000,M,0.0000,0
$GPRMC,222407.66,A,3718.9758820,N,12157.6515280,W,23.8794,90.5623,101220,,,,
$GPGGA,222408.65,3718.9757140,N,12157.6354420,W,1,0,0.0,0.0000,M,0.0000,M,0.0000,0
$GPRMC,222408.65,A,3718.9757140,N,12157.6354420,W,23.9975,90.7717,101220,,,,
$GPGGA,222409.67,3718.9755040,N,12157.6190560,W,1,0,0.0,0.0000,M,0.0000,M,0.0000,0
$GPRMC,222409.67,A,3718.9755040,N,12157.6190560,W,23.8206,90.9317,101220,,,,
$GPGGA,222410.66,3718.9752760,N,12157.6031320,W,1,0,0.0,0.0000,M,0.0000,M,0.0000,0
$GPRMC,222410.66,A,3718.9752760,N,12157.6031320,W,23.7390,90.9678,101220,,,,
$GPGGA,222411.65,3718.9750720,N,12157.5871960,W,1,0,0.0,0.0000,M,0.0000,M,0.0000,0
$GPRMC,222411.65,A,3718.9750720,N,12157.5871960,W,23.7458,90.7439,101220,,,,
$GPGGA,222412.66,3718.9749040,N,12157.5708820,W,1,0,0.0,0.0000,M,0.0000,M,0.0000,0
$GPRMC,222412.66,A,3718.9749040,N,12157.5708820,W,23.8430,90.8145,101220,,,,
$GPGGA,222413.65,3718.9747060,N,12157.5548740,W,1,0,0.0,0.0000,M,0.0000,M,0.0000,0
$GPRMC,222413.65,A,3718.9747060,N,12157.5548740,W,23.9821,90.9068,101220,,,,
$GPGGA,222414.64,3718.9745140,N,12157.5387520,W,1,0,0.0,0.0000,M,0.0000,M,0.0000,0
$GPRMC,222414.64,A,3718.9745140,N,12157.5387520,W,23.9151,90.6879,101220,,,,
$GPGGA,222415.66,3718.9744060,N,12157.5224740,W,1,0,0.0,0.0000,M,0.0000,M,0.0000,0
$GPRMC,222415.66,A,3718.9744060,N,12157.5224740,W,23.6543,90.2007,101220,,,,
$GPGGA,222416.65,3718.9744240,N,12157.5066040,W,1,0,0.0,0.0000,M,0.0000,M,0.0000,0
$GPRMC,222416.65,A,3718.9744240,N,12157.5066040,W,23.5620,89.6043,101220,,,,
$GPGGA,222417.66,3718.9745800,N,12157.4904340,W,1,0,0.0,0.0000,M,0.0000,M,0.0000,0
$GPRMC,222417.66,A,3718.9745800,N,12157.4904340,W,23.6563,88.9858,101220,,,,
$GPGGA,222418.65,3718.9748560,N,12157.4745700,W,1,0,0.0,0.0000,M,0.0000,M,0.0000,0
$GPRMC,222418.65,A,3718.9748560,N,12157.4745700,W,23.6037,88.5457,101220,,,,
$GPGGA,222419.67,3718.9752640,N,12157.4584780,W,1,0,0.0,0.0000,M,0.0000,M,0.0000,0
$GPRMC,222419.67,A,3718.9752640,N,12157.4584780,W,23.3550,87.8287,101220,,,,
$GPGGA,222420.66,3718.9758100,N,12157.4428840,W,1,0,0.0,0.0000,M,0.0000,M,0.0000,0
$GPRMC,222420.66,A,3718.9758100,N,12157.4428840,W,23.2657,87.1502,101220,,,,
$GPGGA,222421.65,3718.9765120,N,12157.4271460,W,1,0,0.0,0.0000,M,0.0000,M,0.0000,0
$GPRMC,222421.65,A,3718.9765120,N,12157.4271460,W,23.6845,86.5313,101220,,,,
$GPGGA,222422.66,3718.9773820,N,12157.4107120,W,1,0,0.0,0.0000,M,0.0000,M,0.0000,0
$GPRMC,222422.66,A,3718.9773820,N,12157.4107120,W,24.3491,85.9305,101220,,,,
$GPGGA,222423.66,3718.9783780,N,12157.3942540,W,1,0,0.0,0.0000,M,0.0000,M,0.0000,0
$GPRMC,222423.66,A,3718.9783780,N,12157.3942540,W,24.7725,85.4293,101220,,,,
$GPGGA,222424.67,3718.9795180,N,12157.3771660,W,1,0,0.0,0.0000,M,0.0000,M,0.0000,0
$GPRMC,222424.67,A,3718.9795180,N,12157.3771660,W,25.3083,85.0367,101220,,,,
$GPGGA,222425.66,3718.9807120,N,12157.3600900,W,1,0,0.0,0.0000,M,0.0000,M,0.0000,0
$GPRMC,222425.66,A,3718.9807120,N,12157.3600900,W,25.8083,84.9453,101220,,,,
$GPGGA,222426.65,3718.9819420,N,12157.3427440,W,1,0,0.0,0.0000,M,0.0000,M,0.0000,0
$GPRMC,222426.65,A,3718.9819420,N,12157.3427440,W,26.0192,84.8950,101220,,,,
$GPGGA,222427.66,3718.9832200,N,12157.3250440,W,1,0,0.0,0.0000,M,0.0000,M,0.0000,0
$GPRMC,222427.66,A,3718.9832200,N,12157.3250440,W,25.8747,84.8205,101220,,,,
$GPGGA,222428.65,3718.9843360,N,12157.3078840,W,1,0,0.0,0.0000,M,0.0000,M,0.0000,0
$GPRMC,222428.65,A,3718.9843360,N,12157.3078840,W,25.6146,85.6850,101220,,,,
$GPGGA,222429.66,3718.9852120,N,12157.2903460,W,1,0,0.0,0.0000,M,0.0000,M,0.0000,0
$GPRMC,222429.66,A,3718.9852120,N,12157.2903460,W,25.6960,86.8310,101220,,,,
$GPGGA,222430.66,3718.9858180,N,12157.2729940,W,1,0,0.0,0.0000,M,0.0000,M,0.0000,0
$GPRMC,222430.66,A,3718.9858180,N,12157.2729940,W,25.8675,87.9246,101220,,,,
$GPGGA,222431.65,3718.9861900,N,12157.2556420,W,1,0,0.0,0.0000,M,0.0000,M,0.0000,0
$GPRMC,222431.65,A,3718.9861900,N,12157.2556420,W,25.7428,88.6014,101220,,,,
$GPGGA,222432.66,3718.9864240,N,12157.2380800,W,1,0,0.0,0.0000,M,0.0000,M,0.0000,0
$GPRMC,222432.66,A,3718.9864240,N,12157.2380800,W,25.4464,88.6858,101220,,,,
$GPGGA,222433.65,3718.9866700,N,12157.2211120,W,1,0,0.0,0.0000,M,0.0000,M,0.0000,0
$GPRMC,222433.65,A,3718.9866700,N,12157.2211120,W,25.0800,88.5839,101220,,,,
$GPGGA,222434.65,3718.9869520,N,12157.2043780,W,1,0,0.0,0.0000,M,0.0000,M,0.0000,0
$GPRMC,222434.65,A,3718.9869520,N,12157.2043780,W,24.6644,88.4868,101220,,,,
$GPGGA,222435.66,3718.9872820,N,12157.1876740,W,1,0,0.0,0.0000,M,0.0000,M,0.0000,0
$GPRMC,222435.66,A,3718.9872820,N,12157.1876740,W,24.2197,88.2636,101220,,,,
$GPGGA,222436.65,3718.9876360,N,12157.1715520,W,1,0,0.0,0.0000,M,0.0000,M,0.0000,0
$GPRMC,222436.65,A,3718.9876360,N,12157.1715520,W,23.7838,88.2084,101220,,,,
$GPGGA,222437.66,3718.9879540,N,12157.1554480,W,1,0,0.0,0.0000,M,0.0000,M,0.0000,0
$GPRMC,222437.66,A,3718.9879540,N,12157.1554480,W,23.1390,88.4162,101220,,,,
$GPGGA,222438.65,3718.9882180,N,12157.1404600,W,1,0,0.0,0.0000,M,0.0000,M,0.0000,0
$GPRMC,222438.65,A,3718.9882180,N,12157.1404600,W,21.3411,88.5634,101220,,,,
$GPGGA,222439.67,3718.9884220,N,12157.1266780,W,1,0,0.0,0.0000,M,0.0000,M,0.0000,0
$GPRMC,222439.67,A,3718.9884220,N,12157.1266780,W,18.6133,88.6911,101220,,,,
$GPGGA,222440.66,3718.9885720,N,12157.1151700,W,1,0,0.0,0.0000,M,0.0000,M,0.0000,0
$GPRMC,222440.66,A,3718.9885720,N,12157.1151700,W,15.8495,88.6774,101220,,,,
$GPGGA,222441.65,3718.9886140,N,12157.1054680,W,1,0,0.0,0.0000,M,0.0000,M,0.0000,0
$GPRMC,222441.65,A,3718.9886140,N,12157.1054680,W,13.0670,90.2334,101220,,,,
$GPGGA,222442.66,3718.9878940,N,12157.0975960,W,1,0,0.0,0.0000,M,0.0000,M,0.0000,0
$GPRMC,222442.66,A,3718.9878940,N,12157.0975960,W,10.2588,101.4630,101220,,,,
$GPGGA,222443.65,3718.9860100,N,12157.0920040,W,1,0,0.0,0.0000,M,0.0000,M,0.0000,0
$GPRMC,222443.65,A,3718.9860100,N,12157.0920040,W,8.3088,119.0569,101220,,,,
$GPGGA,222444.67,3718.9831840,N,12157.0884160,W,1,0,0.0,0.0000,M,0.0000,M,0.0000,0
$GPRMC,222444.67,A,3718.9831840,N,12157.0884160,W,6.7804,140.1033,101220,,,,
$GPGGA,222445.66,3718.9802980,N,12157.0867600,W,1,0,0.0,0.0000,M,0.0000,M,0.0000,0
$GPRMC,222445.66,A,3718.9802980,N,12157.0867600,W,5.2417,158.0005,101220,,,,
$GPGGA,222446.65,3718.9780120,N,12157.0860880,W,1,0,0.0,0.0000,M,0.0000,M,0.0000,0
$GPRMC,222446.65,A,3718.9780120,N,12157.0860880,W,3.5759,166.6671,101220,,,,
$GPGGA,222447.66,3718.9765720,N,12157.0857700,W,1,0,0.0,0.0000,M,0.0000,M,0.0000,0
$GPRMC,222447.66,A,3718.9765720,N,12157.0857700,W,1.7270,168.6895,101220,,,,
$GPGGA,222448.65,3718.9760980,N,12157.0856800,W,1,0,0.0,0.0000,M,0.0000,M,0.0000,0
$GPRMC,222448.65,A,3718.9760980,N,12157.0856800,W,0.4253,168.8655,101220,,,,
$GPGGA,222449.67,3718.9760200,N,12157.0856800,W,1,0,0.0,0.0000,M,0.0000,M,0.0000,0
$GPRMC,222449.67,A,3718.9760200,N,12157.0856800,W,0.0605,168.8717,101220,,,,
$GPGGA,222450.66,3718.9759960,N,12157.0856920,W,1,0,0.0,0.0000,M,0.0000,M,0.0000,0
$GPRMC,222450.66,A,3718.9759960,N,12157.0856920,W,0.0508,168.8702,101220,,,,
$GPGGA,222451.65,3718.9759840,N,12157.0857040,W,1,0,0.0,0.0000,M,0.0000,M,0.0000,0
$GPRMC,222451.65,A,3718.9759840,N,12157.0857040,W,0.0428,168.8694,101220,,,,
$GPGGA,222452.66,3718.9759780,N,12157.0857040,W,1,0,0.0,0.0000,M,0.0000,M,0.0000,0
$GPRMC,222452.66,A,3718.9759780,N,12157.0857040,W,0.0351,168.8687,101220,,,,
$GPGGA,222453.65,3718.9759780,N,12157.0857040,W,1,0,0.0,0.0000,M,0.0000,M,0.0000,0
$GPRMC,222453.65,A,3718.9759780,N,12157.0857040,W,0.0278,168.8679,101220,,,,
$GPGGA,222454.64,3718.9759780,N,12157.0857040,W,1,0,0.0,0.0000,M,0.0000,M,0.0000,0
$GPRMC,222454.64,A,3718.9759780,N,12157.0857040,W,0.0225,168.8673,101220,,,,
$GPGGA,222455.66,3718.9759780,N,12157.0857040,W,1,0,0.0,0.0000,M,0.0000,M,0.0000,0
$GPRMC,222455.66,A,3718.9759780,N,12157.0857040,W,0.0175,168.8669,101220,,,,
$GPGGA,222456.65,3718.9759780,N,12157.0857040,W,1,0,0.0,0.0000,M,0.0000,M,0.0000,0
$GPRMC,222456.65,A,3718.9759780,N,12157.0857040,W,0.0130,168.8663,101220,,,,
$GPGGA,222457.66,3718.9759780,N,12157.0857040,W,1,0,0.0,0.0000,M,0.0000,M,0.0000,0
$GPRMC,222457.66,A,3718.9759780,N,12157.0857040,W,0.0087,168.8656,101220,,,,
$GPGGA,222458.65,3718.9759780,N,12157.0857040,W,1,0,0.0,0.0000,M,0.0000,M,0.0000,0
$GPRMC,222458.65,A,3718.9759780,N,12157.0857040,W,0.0052,168.8649,101220,,,,
$GPGGA,222459.67,3718.9759780,N,12157.0857040,W,1,0,0.0,0.0000,M,0.0000,M,0.0000,0
$GPRMC,222459.67,A,3718.9759780,N,12157.0857040,W,0.0020,168.8641,101220,,,,
$GPGGA,222500.65,3718.9759780,N,12157.0857040,W,1,0,0.0,0.0000,M,0.0000,M,0.0000,0
$GPRMC,222500.65,A,3718.9759780,N,12157.0857040,W,0.0033,168.8635,101220,,,,
$GPGGA,222501.65,3718.9759780,N,12157.0857040,W,1,0,0.0,0.0000,M,0.0000,M,0.0000,0
$GPRMC,222501.65,A,3718.9759780,N,12157.0857040,W,0.0065,168.8629,101220,,,,
$GPGGA,222502.66,3718.9759780,N,12157.0857040,W,1,0,0.0,0.0000,M,0.0000,M,0.0000,0
$GPRMC,222502.66,A,3718.9759780,N,12157.0857040,W,0.0097,168.8622,101220,,,,
$GPGGA,222503.65,3718.9759840,N,12157.0857040,W,1,0,0.0,0.0000,M,0.0000,M,0.0000,0
$GPRMC,222503.65,A,3718.9759840,N,12157.0857040,W,0.0126,168.8613,101220,,,,
$GPGGA,222504.67,3718.9759900,N,12157.0856980,W,1,0,0.0,0.0000,M,0.0000,M,0.0000,0
$GPRMC,222504.67,A,3718.9759900,N,12157.0856980,W,0.0168,168.8605,101220,,,,
$GPGGA,222505.66,3718.9759960,N,12157.0856920,W,1,0,0.0,0.0000,M,0.0000,M,0.0000,0
$GPRMC,222505.66,A,3718.9759960,N,12157.0856920,W,0.0228,168.8599,101220,,,,
$GPGGA,222506.65,3718.9760140,N,12157.0856860,W,1,0,0.0,0.0000,M,0.0000,M,0.0000,0
$GPRMC,222506.65,A,3718.9760140,N,12157.0856860,W,0.0291,168.8593,101220,,,,
$GPGGA,222507.66,3718.9760380,N,12157.0856800,W,1,0,0.0,0.0000,M,0.0000,M,0.0000,0
$GPRMC,222507.66,A,3718.9760380,N,12157.0856800,W,0.0363,168.8588,101220,,,,
$GPGGA,222508.65,3718.9760620,N,12157.0856680,W,1,0,0.0,0.0000,M,0.0000,M,0.0000,0
$GPRMC,222508.65,A,3718.9760620,N,12157.0856680,W,0.0449,168.8580,101220,,,,
$GPGGA,222509.67,3718.9760440,N,12157.0856380,W,1,0,0.0,0.0000,M,0.0000,M,0.0000,0
$GPRMC,222509.67,A,3718.9760440,N,12157.0856380,W,0.3049,168.8659,101220,,,,
$GPGGA,222510.66,3718.9755760,N,12157.0854880,W,1,0,0.0,0.0000,M,0.0000,M,0.0000,0
$GPRMC,222510.66,A,3718.9755760,N,12157.0854880,W,1.7054,168.6298,101220,,,,
$GPGGA,222511.65,3718.9742620,N,12157.0849000,W,1,0,0.0,0.0000,M,0.0000,M,0.0000,0
$GPRMC,222511.65,A,3718.9742620,N,12157.0849000,W,3.5313,163.3376,101220,,,,
$GPGGA,222512.66,3718.9722280,N,12157.0833220,W,1,0,0.0,0.0000,M,0.0000,M,0.0000,0
$GPRMC,222512.66,A,3718.9722280,N,12157.0833220,W,5.2258,149.9520,101220,,,,
$GPGGA,222513.59,3718.9702180,N,12157.0806340,W,1,0,0.0,0.0000,M,0.0000,M,0.0000,0
$GPRMC,222513.59,A,3718.9702180,N,12157.0806340,W,6.4132,133.0262,101220,,,,
$GPGGA,222514.76,3718.9683640,N,12157.0758940,W,1,0,0.0,0.0000,M,0.0000,M,0.0000,0
$GPRMC,222514.76,A,3718.9683640,N,12157.0758940,W,6.7834,111.7570,101220,,,,
$GPGGA,222515.65,3718.9679500,N,12157.0718080,W,1,0,0.0,0.0000,M,0.0000,M,0.0000,0
$GPRMC,222515.65,A,3718.9679500,N,12157.0718080,W,7.0295,96.6863,101220,,,,
$GPGGA,222516.65,3718.9679380,N,12157.0668100,W,1,0,0.0,0.0000,M,0.0000,M,0.0000,0
$GPRMC,222516.65,A,3718.9679380,N,12157.0668100,W,7.9380,90.5266,101220,,,,
$GPGGA,222517.66,3718.9679200,N,12157.0607500,W,1,0,0.0,0.0000,M,0.0000,M,0.0000,0
$GPRMC,222517.66,A,3718.9679200,N,12157.0607500,W,9.9389,90.9232,101220,,,,
$GPGGA,222518.67,3718.9677760,N,12157.0532740,W,1,0,0.0,0.0000,M,0.0000,M,0.0000,0
$GPRMC,222518.67,A,3718.9677760,N,12157.0532740,W,11.5246,91.9484,101220,,,,
$GPGGA,222519.66,3718.9675660,N,12157.0453900,W,1,0,0.0,0.0000,M,0.0000,M,0.0000,0
$GPRMC,222519.66,A,3718.9675660,N,12157.0453900,W,11.8126,92.1272,101220,,,,
$GPGGA,222520.65,3718.9673560,N,12157.0375720,W,1,0,0.0,0.0000,M,0.0000,M,0.0000,0
$GPRMC,222520.65,A,3718.9673560,N,12157.0375720,W,11.6219,92.2668,101220,,,,
$GPGGA,222521.67,3718.9671160,N,12157.0297180,W,1,0,0.0,0.0000,M,0.0000,M,0.0000,0
$GPRMC,222521.67,A,3718.9671160,N,12157.0297180,W,10.9327,92.4888,101220,,,,
$GPGGA,222522.66,3718.9670140,N,12157.0228540,W,1,0,0.0,0.0000,M,0.0000,M,0.0000,0
$GPRMC,222522.66,A,3718.9670140,N,12157.0228540,W,9.4895,89.7113,101220,,,,
$GPGGA,222523.67,3718.9675240,N,12157.0167880,W,1,0,0.0,0.0000,M,0.0000,M,0.0000,0
$GPRMC,222523.67,A,3718.9675240,N,12157.0167880,W,8.4199,80.8452,101220,,,,
$GPGGA,222524.66,3718.9690960,N,12157.0118440,W,1,0,0.0,0.0000,M,0.0000,M,0.0000,0
$GPRMC,222524.66,A,3718.9690960,N,12157.0118440,W,7.6568,64.0005,101220,,,,
$GPGGA,222525.68,3718.9718980,N,12157.0082800,W,1,0,0.0,0.0000,M,0.0000,M,0.0000,0
$GPRMC,222525.68,A,3718.9718980,N,12157.0082800,W,7.2579,39.8215,101220,,,,
$GPGGA,222526.66,3718.9754920,N,12157.0067500,W,1,0,0.0,0.0000,M,0.0000,M,0.0000,0
$GPRMC,222526.66,A,3718.9754920,N,12157.0067500,W,7.3977,14.8267,101220,,,,
$GPGGA,222527.65,3718.9795540,N,12157.0065340,W,1,0,0.0,0.0000,M,0.0000,M,0.0000,0
$GPRMC,222527.65,A,3718.9795540,N,12157.0065340,W,7.9726,1.7884,101220,,,,
$GPGGA,222528.65,3718.9840480,N,12157.0066840,W,1,0,0.0,0.0000,M,0.0000,M,0.0000,0
$GPRMC,222528.65,A,3718.9840480,N,12157.0066840,W,8.7320,359.0789,101220,,,,
$GPGGA,222529.67,3718.9889500,N,12157.0068280,W,1,0,0.0,0.0000,M,0.0000,M,0.0000,0
$GPRMC,222529.67,A,3718.9889500,N,12157.0068280,W,9.0345,359.1647,101220,,,,
$GPGGA,222530.66,3718.9937740,N,12157.0069480,W,1,0,0.0,0.0000,M,0.0000,M,0.0000,0
$GPRMC,222530.66,A,3718.9937740,N,12157.0069480,W,8.9781,359.2963,101220,,,,
$GPGGA,222531.64,3718.9984600,N,12157.0070500,W,1,0,0.0,0.0000,M,0.0000,M,0.0000,0
$GPRMC,222531.64,A,3718.9984600,N,12157.0070500,W,8.6045,359.4980,101220,,,,
$GPGGA,222532.73,3719.0032900,N,12157.0071100,W,1,0,0.0,0.0000,M,0.0000,M,0.0000,0
$GPRMC,222532.73,A,3719.0032900,N,12157.0071100,W,7.6001,359.8455,101220,,,,
$GPGGA,222533.45,3719.0060200,N,12157.0071280,W,1,0,0.0,0.0000,M,0.0000,M,0.0000,0
$GPRMC,222533.45,A,3719.0060200,N,12157.0071280,W,6.4606,0.0078,101220,,,,
$GPGGA,222534.67,3719.0094880,N,12157.0071460,W,1,0,0.0,0.0000,M,0.0000,M,0.0000,0
$GPRMC,222534.67,A,3719.0094880,N,12157.0071460,W,4.0684,0.0968,101220,,,,
$GPGGA,222535.66,3719.0111800,N,12157.0071580,W,1,0,0.0,0.0000,M,0.0000,M,0.0000,0
$GPRMC,222535.66,A,3719.0111800,N,12157.0071580,W,2.3467,0.2059,101220,,,,
$GPGGA,222536.66,3719.0120320,N,12157.0071580,W,1,0,0.0,0.0000,M,0.0000,M,0.0000,0
$GPRMC,222536.66,A,3719.0120320,N,12157.0071580,W,0.8527,0.3050,101220,,,,
$GPGGA,222537.65,3719.0122480,N,12157.0071640,W,1,0,0.0,0.0000,M,0.0000,M,0.0000,0
$GPRMC,222537.65,A,3719.0122480,N,12157.0071640,W,0.1295,0.3294,101220,,,,
$GPGGA,222538.67,3719.0122540,N,12157.0071640,W,1,0,0.0,0.0000,M,0.0000,M,0.0000,0
$GPRMC,222538.67,A,3719.0122540,N,12157.0071640,W,0.0072,0.3291,101220,,,,
$GPGGA,222539.66,3719.0122540,N,12157.0071640,W,1,0,0.0,0.0000,M,0.0000,M,0.0000,0
$GPRMC,222539.66,A,3719.0122540,N,12157.0071640,W,0.0043,0.3273,101220,,,,
$GPGGA,222540.65,3719.0122540,N,12157.0071640,W,1,0,0.0,0.0000,M,0.0000,M,0.0000,0
$GPRMC,222540.65,A,3719.0122540,N,12157.0071640,W,0.0031,0.3261,101220,,,,
$GPGGA,222541.66,3719.0122540,N,12157.0071640,W,1,0,0.0,0.0000,M,0.0000,M,0.0000,0
$GPRMC,222541.66,A,3719.0122540,N,12157.0071640,W,0.0031,0.3250,101220,,,,
$GPGGA,222542.65,3719.0122540,N,12157.0071640,W,1,0,0.0,0.0000,M,0.0000,M,0.0000,0
$GPRMC,222542.65,A,3719.0122540,N,12157.0071640,W,0.0040,0.3238,101220,,,,
$GPGGA,222543.68,3719.0122540,N,12157.0071640,W,1,0,0.0,0.0000,M,0.0000,M,0.0000,0
$GPRMC,222543.68,A,3719.0122540,N,12157.0071640,W,0.0043,0.3228,101220,,,,
$GPGGA,222544.67,3719.0122540,N,12157.0071640,W,1,0,0.0,0.0000,M,0.0000,M,0.0000,0
$GPRMC,222544.67,A,3719.0122540,N,12157.0071640,W,0.0047,0.3218,101220,,,,
$GPGGA,222545.68,3719.0122540,N,12157.0071640,W,1,0,0.0,0.0000,M,0.0000,M,0.0000,0
$GPRMC,222545.68,A,3719.0122540,N,12157.0071640,W,0.0060,0.3207,101220,,,,
$GPGGA,222546.67,3719.0122540,N,12157.0071640,W,1,0,0.0,0.0000,M,0.0000,M,0.0000,0
$GPRMC,222546.67,A,3719.0122540,N,12157.0071640,W,0.0064,0.3196,101220,,,,
$GPGGA,222547.66,3719.0122480,N,12157.0071640,W,1,0,0.0,0.0000,M,0.0000,M,0.0000,0
$GPRMC,222547.66,A,3719.0122480,N,12157.0071640,W,0.0064,0.3187,101220,,,,
$GPGGA,222548.65,3719.0122840,N,12157.0071580,W,1,0,0.0,0.0000,M,0.0000,M,0.0000,0
$GPRMC,222548.65,A,3719.0122840,N,12157.0071580,W,0.1875,0.3221,101220,,,,
$GPGGA,222549.76,3719.0125060,N,12157.0071520,W,1,0,0.0,0.0000,M,0.0000,M,0.0000,0
$GPRMC,222549.76,A,3719.0125060,N,12157.0071520,W,0.5511,0.3220,101220,,,,
$GPGGA,222550.46,3719.0127220,N,12157.0071520,W,1,0,0.0,0.0000,M,0.0000,M,0.0000,0
$GPRMC,222550.46,A,3719.0127220,N,12157.0071520,W,0.6017,0.3196,101220,,,,
$GPGGA,222551.44,3719.0130160,N,12157.0071460,W,1,0,0.0,0.0000,M,0.0000,M,0.0000,0
$GPRMC,222551.44,A,3719.0130160,N,12157.0071460,W,0.4816,0.3163,101220,,,,
$GPGGA,222552.44,3719.0132260,N,12157.0071460,W,1,0,0.0,0.0000,M,0.0000,M,0.0000,0
$GPRMC,222552.44,A,3719.0132260,N,12157.0071460,W,0.2771,0.3127,101220,,,,
$GPGGA,222553.44,3719.0133220,N,12157.0071400,W,1,0,0.0,0.0000,M,0.0000,M,0.0000,0
$GPRMC,222553.44,A,3719.0133220,N,12157.0071400,W,0.0856,0.3097,101220,,,,
$GPGGA,222554.44,3719.0133340,N,12157.0071400,W,1,0,0.0,0.0000,M,0.0000,M,0.0000,0
$GPRMC,222554.44,A,3719.0133340,N,12157.0071400,W,0.0064,0.3087,101220,,,,
$GPGGA,222555.44,3719.0133340,N,12157.0071400,W,1,0,0.0,0.0000,M,0.0000,M,0.0000,0
$GPRMC,222555.44,A,3719.0133340,N,12157.0071400,W,0.0064,0.3073,101220,,,,
$GPGGA,222556.44,3719.0133340,N,12157.0071400,W,1,0,0.0,0.0000,M,0.0000,M,0.0000,0
$GPRMC,222556.44,A,3719.0133340,N,12157.0071400,W,0.0064,0.3062,101220,,,,
$GPGGA,222557.44,3719.0133340,N,12157.0071400,W,1,0,0.0,0.0000,M,0.0000,M,0.0000,0
$GPRMC,222557.44,A,3719.0133340,N,12157.0071400,W,0.0058,0.3051,101220,,,,
$GPGGA,222558.44,3719.0133340,N,12157.0071400,W,1,0,0.0,0.0000,M,0.0000,M,0.0000,0
$GPRMC,222558.44,A,3719.0133340,N,12157.0071400,W,0.0053,0.3044,101220,,,,
$GPGGA,222559.44,3719.0133340,N,12157.0071400,W,1,0,0.0,0.0000,M,0.0000,M,0.0000,0
$GPRMC,222559.44,A,3719.0133340,N,12157.0071400,W,0.0054,0.3036,101220,,,,
$GPGGA,222600.44,3719.0133340,N,12157.0071400,W,1,0,0.0,0.0000,M,0.0000,M,0.0000,0
$GPRMC,222600.44,A,3719.0133340,N,12157.0071400,W,0.0050,0.3026,101220,,,,
$GPGGA,222601.44,3719.0133340,N,12157.0071400,W,1,0,0.0,0.0000,M,0.0000,M,0.0000,0
$GPRMC,222601.44,A,3719.0133340,N,12157.0071400,W,0.0048,0.3017,101220,,,,
$GPGGA,222602.44,3719.0133340,N,12157.0071400,W,1,0,0.0,0.0000,M,0.0000,M,0.0000,0
$GPRMC,222602.44,A,3719.0133340,N,12157.0071400,W,0.0049,0.3008,101220,,,,
$GPGGA,222603.44,3719.0133340,N,12157.0071400,W,1,0,0.0,0.0000,M,0.0000,M,0.0000,0
$GPRMC,222603.44,A,3719.0133340,N,12157.0071400,W,0.0054,0.2997,101220,,,,
$GPGGA,222604.44,3719.0133340,N,12157.0071400,W,1,0,0.0,0.0000,M,0.0000,M,0.0000,0
$GPRMC,222604.44,A,3719.0133340,N,12157.0071400,W,0.0050,0.2984,101220,,,,
$GPGGA,222605.44,3719.0133340,N,12157.0071400,W,1,0,0.0,0.0000,M,0.0000,M,0.0000,0
$GPRMC,222605.44,A,3719.0133340,N,12157.0071400,W,0.0045,0.2973,101220,,,,
$GPGGA,222606.44,3719.0133340,N,12157.0071400,W,1,0,0.0,0.0000,M,0.0000,M,0.0000,0
$GPRMC,222606.44,A,3719.0133340,N,12157.0071400,W,0.0045,0.2964,101220,,,,
$GPGGA,222607.44,3719.0133340,N,12157.0071400,W,1,0,0.0,0.0000,M,0.0000,M,0.0000,0
$GPRMC,222607.44,A,3719.0133340,N,12157.0071400,W,0.0045,0.2955,101220,,,,
$GPGGA,222608.44,3719.0133340,N,12157.0071400,W,1,0,0.0,0.0000,M,0.0000,M,0.0000,0
$GPRMC,222608.44,A,3719.0133340,N,12157.0071400,W,0.0045,0.2946,101220,,,,
$GPGGA,222609.44,3719.0133340,N,12157.0071400,W,1,0,0.0,0.0000,M,0.0000,M,0.0000,0
$GPRMC,222609.44,A,3719.0133340,N,12157.0071400,W,0.0045,0.2936,101220,,,,
$GPGGA,222610.44,3719.0133340,N,12157.0071400,W,1,0,0.0,0.0000,M,0.0000,M,0.0000,0
$GPRMC,222610.44,A,3719.0133340,N,12157.0071400,W,0.0049,0.2924,101220,,,,
$GPGGA,222611.44,3719.0133340,N,12157.0071400,W,1,0,0.0,0.0000,M,0.0000,M,0.0000,0
$GPRMC,222611.44,A,3719.0133340,N,12157.0071400,W,0.0054,0.2913,101220,,,,
$GPGGA,222612.44,3719.0133340,N,12157.0071400,W,1,0,0.0,0.0000,M,0.0000,M,0.0000,0
$GPRMC,222612.44,A,3719.0133340,N,12157.0071400,W,0.0054,0.2903,101220,,,,
$GPGGA,222613.44,3719.0133340,N,12157.0071400,W,1,0,0.0,0.0000,M,0.0000,M,0.0000,0
$GPRMC,222613.44,A,3719.0133340,N,12157.0071400,W,0.0056,0.2893,101220,,,,
$GPGGA,222614.44,3719.0133340,N,12157.0071400,W,1,0,0.0,0.0000,M,0.0000,M,0.0000,0
$GPRMC,222614.44,A,3719.0133340,N,12157.0071400,W,0.0061,0.2885,101220,,,,
$GPGGA,222615.44,3719.0133340,N,12157.0071400,W,1,0,0.0,0.0000,M,0.0000,M,0.0000,0
$GPRMC,222615.44,A,3719.0133340,N,12157.0071400,W,0.0067,0.2875,101220,,,,
$GPGGA,222616.44,3719.0133340,N,12157.0071400,W,1,0,0.0,0.0000,M,0.0000,M,0.0000,0
$GPRMC,222616.44,A,3719.0133340,N,12157.0071400,W,0.0085,0.2860,101220,,,,
$GPGGA,222617.44,3719.0133340,N,12157.0071460,W,1,0,0.0,0.0000,M,0.0000,M,0.0000,0
$GPRMC,222617.44,A,3719.0133340,N,12157.0071460,W,0.0103,0.2845,101220,,,,
$GPGGA,222618.44,3719.0133340,N,12157.0071460,W,1,0,0.0,0.0000,M,0.0000,M,0.0000,0
$GPRMC,222618.44,A,3719.0133340,N,12157.0071460,W,0.0113,0.2835,101220,,,,
$GPGGA,222619.44,3719.0133340,N,12157.0071460,W,1,0,0.0,0.0000,M,0.0000,M,0.0000,0
$GPRMC,222619.44,A,3719.0133340,N,12157.0071460,W,0.0131,0.2826,101220,,,,
$GPGGA,222620.44,3719.0133280,N,12157.0071460,W,1,0,0.0,0.0000,M,0.0000,M,0.0000,0
$GPRMC,222620.44,A,3719.0133280,N,12157.0071460,W,0.0139,0.2821,101220,,,,
$GPGGA,222621.44,3719.0133940,N,12157.0071460,W,1,0,0.0,0.0000,M,0.0000,M,0.0000,0
$GPRMC,222621.44,A,3719.0133940,N,12157.0071460,W,0.3108,0.2814,101220,,,,
$GPGGA,222622.44,3719.0137300,N,12157.0071400,W,1,0,0.0,0.0000,M,0.0000,M,0.0000,0
$GPRMC,222622.44,A,3719.0137300,N,12157.0071400,W,0.9688,0.2749,101220,,,,
$GPGGA,222623.44,3719.0143960,N,12157.0071400,W,1,0,0.0,0.0000,M,0.0000,M,0.0000,0
$GPRMC,222623.44,A,3719.0143960,N,12157.0071400,W,1.4613,0.2624,101220,,,,
$GPGGA,222624.44,3719.0152660,N,12157.0071400,W,1,0,0.0,0.0000,M,0.0000,M,0.0000,0
$GPRMC,222624.44,A,3719.0152660,N,12157.0071400,W,1.7809,0.2285,101220,,,,
$GPGGA,222625.44,3719.0163760,N,12157.0071400,W,1,0,0.0,0.0000,M,0.0000,M,0.0000,0
$GPRMC,222625.44,A,3719.0163760,N,12157.0071400,W,2.3741,0.1709,101220,,,,
$GPGGA,222626.44,3719.0179660,N,12157.0071460,W,1,0,0.0,0.0000,M,0.0000,M,0.0000,0
$GPRMC,222626.44,A,3719.0179660,N,12157.0071460,W,3.5392,0.1086,101220,,,,
$GPGGA,222627.44,3719.0202880,N,12157.0071580,W,1,0,0.0,0.0000,M,0.0000,M,0.0000,0
$GPRMC,222627.44,A,3719.0202880,N,12157.0071580,W,4.9712,0.0573,101220,,,,
$GPGGA,222628.44,3719.0232400,N,12157.0071700,W,1,0,0.0,0.0000,M,0.0000,M,0.0000,0
$GPRMC,222628.44,A,3719.0232400,N,12157.0071700,W,5.7627,0.0721,101220,,,,
$GPGGA,222629.44,3719.0263720,N,12157.0072480,W,1,0,0.0,0.0000,M,0.0000,M,0.0000,0
$GPRMC,222629.44,A,3719.0263720,N,12157.0072480,W,5.8290,358.6984,101220,,,,
$GPGGA,222630.65,3719.0302120,N,12157.0079740,W,1,0,0.0,0.0000,M,0.0000,M,0.0000,0
$GPRMC,222630.65,A,3719.0302120,N,12157.0079740,W,6.0406,348.4895,101220,,,,
$GPGGA,222631.67,3719.0331880,N,12157.0097980,W,1,0,0.0,0.0000,M,0.0000,M,0.0000,0
$GPRMC,222631.67,A,3719.0331880,N,12157.0097980,W,6.1349,331.4148,101220,,,,
$GPGGA,222632.66,3719.0355100,N,12157.0128460,W,1,0,0.0,0.0000,M,0.0000,M,0.0000,0
$GPRMC,222632.66,A,3719.0355100,N,12157.0128460,W,6.5860,311.4890,101220,,,,
$GPGGA,222633.65,3719.0369140,N,12157.0171420,W,1,0,0.0,0.0000,M,0.0000,M,0.0000,0
$GPRMC,222633.65,A,3719.0369140,N,12157.0171420,W,7.4403,289.3469,101220,,,,
$GPGGA,222634.66,3719.0371000,N,12157.0225300,W,1,0,0.0,0.0000,M,0.0000,M,0.0000,0
$GPRMC,222634.66,A,3719.0371000,N,12157.0225300,W,8.5155,270.3645,101220,,,,
$GPGGA,222635.65,3719.0366140,N,12157.0286320,W,1,0,0.0,0.0000,M,0.0000,M,0.0000,0
$GPRMC,222635.65,A,3719.0366140,N,12157.0286320,W,10.0003,264.2059,101220,,,,
$GPGGA,222636.66,3719.0359420,N,12157.0360780,W,1,0,0.0,0.0000,M,0.0000,M,0.0000,0
$GPRMC,222636.66,A,3719.0359420,N,12157.0360780,W,11.8257,263.9627,101220,,,,
$GPGGA,222637.65,3719.0352040,N,12157.0444480,W,1,0,0.0,0.0000,M,0.0000,M,0.0000,0
$GPRMC,222637.65,A,3719.0352040,N,12157.0444480,W,13.3644,263.8988,101220,,,,
$GPGGA,222638.67,3719.0343220,N,12157.0540600,W,1,0,0.0,0.0000,M,0.0000,M,0.0000,0
$GPRMC,222638.67,A,3719.0343220,N,12157.0540600,W,14.6326,263.7097,101220,,,,
$GPGGA,222639.66,3719.0334040,N,12157.0641700,W,1,0,0.0,0.0000,M,0.0000,M,0.0000,0
$GPRMC,222639.66,A,3719.0334040,N,12157.0641700,W,15.6976,263.7912,101220,,,,
$GPGGA,222640.67,3719.0324440,N,12157.0751680,W,1,0,0.0,0.0000,M,0.0000,M,0.0000,0
$GPRMC,222640.67,A,3719.0324440,N,12157.0751680,W,16.4047,264.0648,101220,,,,
$GPGGA,222641.66,3719.0314960,N,12157.0862500,W,1,0,0.0,0.0000,M,0.0000,M,0.0000,0
$GPRMC,222641.66,A,3719.0314960,N,12157.0862500,W,16.7926,263.9236,101220,,,,
$GPGGA,222642.68,3719.0304700,N,12157.0978480,W,1,0,0.0,0.0000,M,0.0000,M,0.0000,0
$GPRMC,222642.68,A,3719.0304700,N,12157.0978480,W,17.2540,263.7545,101220,,,,
$GPGGA,222643.65,3719.0293720,N,12157.1093680,W,1,0,0.0,0.0000,M,0.0000,M,0.0000,0
$GPRMC,222643.65,A,3719.0293720,N,12157.1093680,W,17.8551,263.1411,101220,,,,
$GPGGA,222644.65,3719.0281180,N,12157.1213980,W,1,0,0.0,0.0000,M,0.0000,M,0.0000,0
$GPRMC,222644.65,A,3719.0281180,N,12157.1213980,W,18.0392,262.4312,101220,,,,
$GPGGA,222645.67,3719.0267560,N,12157.1336440,W,1,0,0.0,0.0000,M,0.0000,M,0.0000,0
$GPRMC,222645.67,A,3719.0267560,N,12157.1336440,W,17.8922,261.9658,101220,,,,
$GPGGA,222646.66,3719.0253880,N,12157.1454700,W,1,0,0.0,0.0000,M,0.0000,M,0.0000,0
$GPRMC,222646.66,A,3719.0253880,N,12157.1454700,W,17.6947,261.7935,101220,,,,
$GPGGA,222647.65,3719.0240320,N,12157.1571940,W,1,0,0.0,0.0000,M,0.0000,M,0.0000,0
$GPRMC,222647.65,A,3719.0240320,N,12157.1571940,W,17.6882,261.9275,101220,,,,
$GPGGA,222648.65,3719.0226820,N,12157.1691400,W,1,0,0.0,0.0000,M,0.0000,M,0.0000,0
$GPRMC,222648.65,A,3719.0226820,N,12157.1691400,W,17.9589,262.0605,101220,,,,
$GPGGA,222649.66,3719.0212900,N,12157.1815000,W,1,0,0.0,0.0000,M,0.0000,M,0.0000,0
$GPRMC,222649.66,A,3719.0212900,N,12157.1815000,W,18.5343,261.9995,101220,,,,
$GPGGA,222650.66,3719.0198500,N,12157.1941240,W,1,0,0.0,0.0000,M,0.0000,M,0.0000,0
$GPRMC,222650.66,A,3719.0198500,N,12157.1941240,W,19.3391,261.8884,101220,,,,
$GPGGA,222651.67,3719.0183020,N,12157.2075100,W,1,0,0.0,0.0000,M,0.0000,M,0.0000,0
$GPRMC,222651.67,A,3719.0183020,N,12157.2075100,W,20.2744,261.7663,101220,,,,
$GPGGA,222652.66,3719.0167120,N,12157.2212740,W,1,0,0.0,0.0000,M,0.0000,M,0.0000,0
$GPRMC,222652.66,A,3719.0167120,N,12157.2212740,W,21.2098,261.8383,101220,,,,
$GPGGA,222653.65,3719.0150680,N,12157.2356680,W,1,0,0.0,0.0000,M,0.0000,M,0.0000,0
$GPRMC,222653.65,A,3719.0150680,N,12157.2356680,W,22.0340,261.8076,101220,,,,
$GPGGA,222654.66,3719.0133220,N,12157.2508120,W,1,0,0.0,0.0000,M,0.0000,M,0.0000,0
$GPRMC,222654.66,A,3719.0133220,N,12157.2508120,W,22.6212,261.8808,101220,,,,
$GPGGA,222655.66,3719.0116360,N,12157.2659380,W,1,0,0.0,0.0000,M,0.0000,M,0.0000,0
$GPRMC,222655.66,A,3719.0116360,N,12157.2659380,W,22.7313,262.2074,101220,,,,
$GPGGA,222656.67,3719.0099620,N,12157.2813340,W,1,0,0.0,0.0000,M,0.0000,M,0.0000,0
$GPRMC,222656.67,A,3719.0099620,N,12157.2813340,W,22.5406,262.1746,101220,,,,
$GPGGA,222657.66,3719.0083300,N,12157.2962320,W,1,0,0.0,0.0000,M,0.0000,M,0.0000,0
$GPRMC,222657.66,A,3719.0083300,N,12157.2962320,W,22.2929,262.1988,101220,,,,
$GPGGA,222658.65,3719.0067280,N,12157.3109980,W,1,0,0.0,0.0000,M,0.0000,M,0.0000,0
$GPRMC,222658.65,A,3719.0067280,N,12157.3109980,W,22.0221,262.4263,101220,,,,
$GPGGA,222659.66,3719.0052100,N,12157.3258180,W,1,0,0.0,0.0000,M,0.0000,M,0.0000,0
$GPRMC,222659.66,A,3719.0052100,N,12157.3258180,W,21.7450,262.9204,101220,,,,
$GPGGA,222700.65,3719.0038660,N,12157.3402780,W,1,0,0.0,0.0000,M,0.0000,M,0.0000,0
$GPRMC,222700.65,A,3719.0038660,N,12157.3402780,W,21.6444,263.6205,101220,,,,
$GPGGA,222701.67,3719.0025040,N,12157.3550440,W,1,0,0.0,0.0000,M,0.0000,M,0.0000,0
$GPRMC,222701.67,A,3719.0025040,N,12157.3550440,W,21.7950,263.0674,101220,,,,
$GPGGA,222702.66,3719.0009920,N,12157.3697140,W,1,0,0.0,0.0000,M,0.0000,M,0.0000,0
$GPRMC,222702.66,A,3719.0009920,N,12157.3697140,W,22.3803,262.2573,101220,,,,
$GPGGA,222703.65,3718.9993540,N,12157.3849060,W,1,0,0.0,0.0000,M,0.0000,M,0.0000,0
$GPRMC,222703.65,A,3718.9993540,N,12157.3849060,W,23.2532,262.6144,101220,,,,
$GPGGA,222704.66,3718.9978480,N,12157.4010520,W,1,0,0.0,0.0000,M,0.0000,M,0.0000,0
$GPRMC,222704.66,A,3718.9978480,N,12157.4010520,W,24.2216,263.8796,101220,,,,
$GPGGA,222705.66,3718.9966540,N,12157.4175760,W,1,0,0.0,0.0000,M,0.0000,M,0.0000,0
$GPRMC,222705.66,A,3718.9966540,N,12157.4175760,W,25.1582,265.4967,101220,,,,
$GPGGA,222706.67,3718.9957360,N,12157.4350780,W,1,0,0.0,0.0000,M,0.0000,M,0.0000,0
$GPRMC,222706.67,A,3718.9957360,N,12157.4350780,W,26.0995,266.7142,101220,,,,
$GPGGA,222707.66,3718.9950340,N,12157.4529100,W,1,0,0.0,0.0000,M,0.0000,M,0.0000,0
$GPRMC,222707.66,A,3718.9950340,N,12157.4529100,W,27.0105,267.4792,101220,,,,
$GPGGA,222708.65,3718.9944820,N,12157.4712280,W,1,0,0.0,0.0000,M,0.0000,M,0.0000,0
$GPRMC,222708.65,A,3718.9944820,N,12157.4712280,W,27.8825,268.0921,101220,,,,
$GPGGA,222709.66,3718.9940800,N,12157.4905360,W,1,0,0.0,0.0000,M,0.0000,M,0.0000,0
$GPRMC,222709.66,A,3718.9940800,N,12157.4905360,W,28.5944,268.7841,101220,,,,
$GPGGA,222710.66,3718.9938580,N,12157.5100600,W,1,0,0.0,0.0000,M,0.0000,M,0.0000,0
$GPRMC,222710.66,A,3718.9938580,N,12157.5100600,W,29.1440,269.5759,101220,,,,
$GPGGA,222711.67,3718.9938580,N,12157.5301900,W,1,0,0.0,0.0000,M,0.0000,M,0.0000,0
$GPRMC,222711.67,A,3718.9938580,N,12157.5301900,W,29.6511,270.4058,101220,,,,
$GPGGA,222712.66,3718.9940680,N,12157.5502360,W,1,0,0.0,0.0000,M,0.0000,M,0.0000,0
$GPRMC,222712.66,A,3718.9940680,N,12157.5502360,W,30.1441,271.0095,101220,,,,
$GPGGA,222713.65,3718.9943860,N,12157.5706900,W,1,0,0.0,0.0000,M,0.0000,M,0.0000,0
$GPRMC,222713.65,A,3718.9943860,N,12157.5706900,W,30.6269,271.1293,101220,,,,
$GPGGA,222714.66,3718.9947400,N,12157.5917620,W,1,0,0.0,0.0000,M,0.0000,M,0.0000,0
$GPRMC,222714.66,A,3718.9947400,N,12157.5917620,W,31.0448,271.2500,101220,,,,
$GPGGA,222715.66,3718.9951300,N,12157.6127260,W,1,0,0.0,0.0000,M,0.0000,M,0.0000,0
$GPRMC,222715.66,A,3718.9951300,N,12157.6127260,W,31.3185,271.2875,101220,,,,
$GPGGA,222716.65,3718.9954960,N,12157.6337980,W,1,0,0.0,0.0000,M,0.0000,M,0.0000,0
$GPRMC,222716.65,A,3718.9954960,N,12157.6337980,W,31.5095,271.1513,101220,,,,
$GPGGA,222717.66,3718.9958320,N,12157.6554160,W,1,0,0.0,0.0000,M,0.0000,M,0.0000,0
$GPRMC,222717.66,A,3718.9958320,N,12157.6554160,W,31.6176,270.9574,101220,,,,
$GPGGA,222718.65,3718.9961200,N,12157.6766440,W,1,0,0.0,0.0000,M,0.0000,M,0.0000,0
$GPRMC,222718.65,A,3718.9961200,N,12157.6766440,W,31.6372,270.8946,101220,,,,
$GPGGA,222719.76,3718.9964380,N,12157.7004700,W,1,0,0.0,0.0000,M,0.0000,M,0.0000,0
$GPRMC,222719.76,A,3718.9964380,N,12157.7004700,W,31.6112,271.0317,101220,,,,
$GPGGA,222720.45,3718.9966720,N,12157.7152360,W,1,0,0.0,0.0000,M,0.0000,M,0.0000,0
$GPRMC,222720.45,A,3718.9966720,N,12157.7152360,W,31.5573,271.1035,101220,,,,
$GPGGA,222721.66,3718.9970740,N,12157.7410240,W,1,0,0.0,0.0000,M,0.0000,M,0.0000,0
$GPRMC,222721.66,A,3718.9970740,N,12157.7410240,W,31.4041,271.0744,101220,,,,
$GPGGA,222722.66,3718.9973680,N,12157.7621380,W,1,0,0.0,0.0000,M,0.0000,M,0.0000,0
$GPRMC,222722.66,A,3718.9973680,N,12157.7621380,W,31.2555,270.9248,101220,,,,
$GPGGA,222723.65,3718.9976560,N,12157.7829340,W,1,0,0.0,0.0000,M,0.0000,M,0.0000,0
$GPRMC,222723.65,A,3718.9976560,N,12157.7829340,W,30.9264,271.0882,101220,,,,
$GPGGA,222724.76,3718.9979560,N,12157.8060880,W,1,0,0.0,0.0000,M,0.0000,M,0.0000,0
$GPRMC,222724.76,A,3718.9979560,N,12157.8060880,W,30.4564,270.6550,101220,,,,
$GPGGA,222725.45,3718.9980160,N,12157.8202180,W,1,0,0.0,0.0000,M,0.0000,M,0.0000,0
$GPRMC,222725.45,A,3718.9980160,N,12157.8202180,W,30.2536,270.0878,101220,,,,
$GPGGA,222726.64,3718.9978840,N,12157.8443740,W,1,0,0.0,0.0000,M,0.0000,M,0.0000,0
$GPRMC,222726.64,A,3718.9978840,N,12157.8443740,W,29.9242,269.2004,101220,,,,
$GPGGA,222727.65,3718.9975240,N,12157.8647860,W,1,0,0.0,0.0000,M,0.0000,M,0.0000,0
$GPRMC,222727.65,A,3718.9975240,N,12157.8647860,W,29.6532,268.3909,101220,,,,
$GPGGA,222728.65,3718.9969780,N,12157.8848260,W,1,0,0.0,0.0000,M,0.0000,M,0.0000,0
$GPRMC,222728.65,A,3718.9969780,N,12157.8848260,W,29.5036,267.8856,101220,,,,
$GPGGA,222729.66,3718.9963720,N,12157.9049860,W,1,0,0.0,0.0000,M,0.0000,M,0.0000,0
$GPRMC,222729.66,A,3718.9963720,N,12157.9049860,W,29.4818,267.8301,101220,,,,
$GPGGA,222730.65,3718.9957780,N,12157.9247920,W,1,0,0.0,0.0000,M,0.0000,M,0.0000,0
$GPRMC,222730.65,A,3718.9957780,N,12157.9247920,W,29.5483,267.7604,101220,,,,
$GPGGA,222731.64,3718.9951540,N,12157.9444960,W,1,0,0.0,0.0000,M,0.0000,M,0.0000,0
$GPRMC,222731.64,A,3718.9951540,N,12157.9444960,W,29.6436,267.6537,101220,,,,
$GPGGA,222732.65,3718.9944880,N,12157.9647940,W,1,0,0.0,0.0000,M,0.0000,M,0.0000,0
$GPRMC,222732.65,A,3718.9944880,N,12157.9647940,W,29.6720,267.6292,101220,,,,
$GPGGA,222733.65,3718.9938400,N,12157.9848460,W,1,0,0.0,0.0000,M,0.0000,M,0.0000,0
$GPRMC,222733.65,A,3718.9938400,N,12157.9848460,W,29.6189,267.5895,101220,,,,
$GPGGA,222734.66,3718.9931560,N,12158.0051020,W,1,0,0.0,0.0000,M,0.0000,M,0.0000,0
$GPRMC,222734.66,A,3718.9931560,N,12158.0051020,W,29.5868,267.3961,101220,,,,
$GPGGA,222735.66,3718.9924240,N,12158.0249680,W,1,0,0.0,0.0000,M,0.0000,M,0.0000,0
$GPRMC,222735.66,A,3718.9924240,N,12158.0249680,W,29.5115,267.2311,101220,,,,
$GPGGA,222736.66,3718.9916920,N,12158.0449480,W,1,0,0.0,0.0000,M,0.0000,M,0.0000,0
$GPRMC,222736.66,A,3718.9916920,N,12158.0449480,W,29.3663,267.4274,101220,,,,
$GPGGA,222737.65,3718.9911280,N,12158.0645800,W,1,0,0.0,0.0000,M,0.0000,M,0.0000,0
$GPRMC,222737.65,A,3718.9911280,N,12158.0645800,W,29.1620,268.4537,101220,,,,
$GPGGA,222738.65,3718.9909420,N,12158.0842420,W,1,0,0.0,0.0000,M,0.0000,M,0.0000,0
$GPRMC,222738.65,A,3718.9909420,N,12158.0842420,W,28.8863,270.2090,101220,,,,
$GPGGA,222739.66,3718.9912060,N,12158.1039040,W,1,0,0.0,0.0000,M,0.0000,M,0.0000,0
$GPRMC,222739.66,A,3718.9912060,N,12158.1039040,W,28.5391,271.5926,101220,,,,
$GPGGA,222740.65,3718.9917460,N,12158.1228280,W,1,0,0.0,0.0000,M,0.0000,M,0.0000,0
$GPRMC,222740.65,A,3718.9917460,N,12158.1228280,W,28.1723,272.4236,101220,,,,
$GPGGA,222741.66,3718.9925020,N,12158.1419020,W,1,0,0.0,0.0000,M,0.0000,M,0.0000,0
$GPRMC,222741.66,A,3718.9925020,N,12158.1419020,W,27.7863,273.1417,101220,,,,
$GPGGA,222742.65,3718.9933780,N,12158.1604180,W,1,0,0.0,0.0000,M,0.0000,M,0.0000,0
$GPRMC,222742.65,A,3718.9933780,N,12158.1604180,W,27.4066,273.4454,101220,,,,
$GPGGA,222743.65,3718.9942180,N,12158.1788080,W,1,0,0.0,0.0000,M,0.0000,M,0.0000,0
$GPRMC,222743.65,A,3718.9942180,N,12158.1788080,W,27.0268,272.9417,101220,,,,
$GPGGA,222744.66,3718.9949140,N,12158.1971500,W,1,0,0.0,0.0000,M,0.0000,M,0.0000,0
$GPRMC,222744.66,A,3718.9949140,N,12158.1971500,W,26.6595,272.3567,101220,,,,
$GPGGA,222745.66,3718.9954300,N,12158.2149520,W,1,0,0.0,0.0000,M,0.0000,M,0.0000,0
$GPRMC,222745.66,A,3718.9954300,N,12158.2149520,W,26.3100,271.7692,101220,,,,
$GPGGA,222746.67,3718.9959220,N,12158.2328200,W,1,0,0.0,0.0000,M,0.0000,M,0.0000,0
$GPRMC,222746.67,A,3718.9959220,N,12158.2328200,W,25.9592,272.2968,101220,,,,
$GPGGA,222747.66,3718.9966960,N,12158.2501120,W,1,0,0.0,0.0000,M,0.0000,M,0.0000,0
$GPRMC,222747.66,A,3718.9966960,N,12158.2501120,W,25.6221,273.8402,101220,,,,
$GPGGA,222748.65,3718.9978720,N,12158.2671520,W,1,0,0.0,0.0000,M,0.0000,M,0.0000,0
$GPRMC,222748.65,A,3718.9978720,N,12158.2671520,W,25.3142,275.4952,101220,,,,
$GPGGA,222749.66,3718.9994200,N,12158.2842700,W,1,0,0.0,0.0000,M,0.0000,M,0.0000,0
$GPRMC,222749.66,A,3718.9994200,N,12158.2842700,W,24.9993,277.0300,101220,,,,
$GPGGA,222750.65,3719.0012500,N,12158.3006320,W,1,0,0.0,0.0000,M,0.0000,M,0.0000,0
$GPRMC,222750.65,A,3719.0012500,N,12158.3006320,W,24.0537,278.5547,101220,,,,
$GPGGA,222751.67,3719.0034520,N,12158.3164660,W,1,0,0.0,0.0000,M,0.0000,M,0.0000,0
$GPRMC,222751.67,A,3719.0034520,N,12158.3164660,W,22.8661,280.8539,101220,,,,
$GPGGA,222752.66,3719.0061520,N,12158.3311480,W,1,0,0.0,0.0000,M,0.0000,M,0.0000,0
$GPRMC,222752.66,A,3719.0061520,N,12158.3311480,W,22.3581,284.6203,101220,,,,
$GPGGA,222753.65,3719.0097160,N,12158.3454940,W,1,0,0.0,0.0000,M,0.0000,M,0.0000,0
$GPRMC,222753.65,A,3719.0097160,N,12158.3454940,W,22.4383,288.9901,101220,,,,
$GPGGA,222754.66,3719.0141740,N,12158.3598280,W,1,0,0.0,0.0000,M,0.0000,M,0.0000,0
$GPRMC,222754.66,A,3719.0141740,N,12158.3598280,W,22.5099,292.7892,101220,,,,
$GPGGA,222755.65,3719.0191840,N,12158.3735260,W,1,0,0.0,0.0000,M,0.0000,M,0.0000,0
$GPRMC,222755.65,A,3719.0191840,N,12158.3735260,W,22.3680,295.6278,101220,,,,
$GPGGA,222756.64,3719.0244880,N,12158.3868460,W,1,0,0.0,0.0000,M,0.0000,M,0.0000,0
$GPRMC,222756.64,A,3719.0244880,N,12158.3868460,W,22.0186,296.8853,101220,,,,
$GPGGA,222757.66,3719.0298640,N,12158.4001360,W,1,0,0.0,0.0000,M,0.0000,M,0.0000,0
$GPRMC,222757.66,A,3719.0298640,N,12158.4001360,W,21.4689,296.6792,101220,,,,
$GPGGA,222758.65,3719.0349280,N,12158.4127600,W,1,0,0.0,0.0000,M,0.0000,M,0.0000,0
$GPRMC,222758.65,A,3719.0349280,N,12158.4127600,W,20.6189,296.4782,101220,,,,
$GPGGA,222759.66,3719.0398240,N,12158.4250240,W,1,0,0.0,0.0000,M,0.0000,M,0.0000,0
$GPRMC,222759.66,A,3719.0398240,N,12158.4250240,W,19.1169,296.3884,101220,,,,
$GPGGA,222800.65,3719.0441320,N,12158.4357760,W,1,0,0.0,0.0000,M,0.0000,M,0.0000,0
$GPRMC,222800.65,A,3719.0441320,N,12158.4357760,W,16.6389,296.7985,101220,,,,
$GPGGA,222801.64,3719.0481520,N,12158.4445480,W,1,0,0.0,0.0000,M,0.0000,M,0.0000,0
$GPRMC,222801.64,A,3719.0481520,N,12158.4445480,W,13.6225,302.1289,101220,,,,
$GPGGA,222802.65,3719.0524000,N,12158.4509680,W,1,0,0.0,0.0000,M,0.0000,M,0.0000,0
$GPRMC,222802.65,A,3719.0524000,N,12158.4509680,W,10.9964,314.8290,101220,,,,
$GPGGA,222803.64,3719.0568040,N,12158.4547240,W,1,0,0.0,0.0000,M,0.0000,M,0.0000,0
$GPRMC,222803.64,A,3719.0568040,N,12158.4547240,W,9.0971,330.9371,101220,,,,
$GPGGA,222804.66,3719.0611480,N,12158.4563800,W,1,0,0.0,0.0000,M,0.0000,M,0.0000,0
$GPRMC,222804.66,A,3719.0611480,N,12158.4563800,W,7.7608,346.5863,101220,,,,
$GPGGA,222805.66,3719.0651380,N,12158.4568540,W,1,0,0.0,0.0000,M,0.0000,M,0.0000,0
$GPRMC,222805.66,A,3719.0651380,N,12158.4568540,W,7.3461,355.3252,101220,,,,
$GPGGA,222806.64,3719.0691220,N,12158.4568960,W,1,0,0.0,0.0000,M,0.0000,M,0.0000,0
$GPRMC,222806.64,A,3719.0691220,N,12158.4568960,W,7.5647,359.5004,101220,,,,
$GPGGA,222807.66,3719.0733460,N,12158.4567100,W,1,0,0.0,0.0000,M,0.0000,M,0.0000,0
$GPRMC,222807.66,A,3719.0733460,N,12158.4567100,W,7.7955,2.0950,101220,,,,
$GPGGA,222808.65,3719.0774860,N,12158.4560200,W,1,0,0.0,0.0000,M,0.0000,M,0.0000,0
$GPRMC,222808.65,A,3719.0774860,N,12158.4560200,W,7.7397,9.1078,101220,,,,
$GPGGA,222809.66,3719.0814700,N,12158.4543940,W,1,0,0.0,0.0000,M,0.0000,M,0.0000,0
$GPRMC,222809.66,A,3719.0814700,N,12158.4543940,W,7.6258,19.9644,101220,,,,
$GPGGA,222810.65,3719.0850880,N,12158.4520960,W,1,0,0.0,0.0000,M,0.0000,M,0.0000,0
$GPRMC,222810.65,A,3719.0850880,N,12158.4520960,W,7.4967,27.8319,101220,,,,
$GPGGA,222811.65,3719.0883460,N,12158.4495940,W,1,0,0.0,0.0000,M,0.0000,M,0.0000,0
$GPRMC,222811.65,A,3719.0883460,N,12158.4495940,W,6.5885,31.8749,101220,,,,
$GPGGA,222812.65,3719.0909320,N,12158.4474160,W,1,0,0.0,0.0000,M,0.0000,M,0.0000,0
$GPRMC,222812.65,A,3719.0909320,N,12158.4474160,W,4.6388,33.8484,101220,,,,
$GPGGA,222813.65,3719.0924980,N,12158.4460360,W,1,0,0.0,0.0000,M,0.0000,M,0.0000,0
$GPRMC,222813.65,A,3719.0924980,N,12158.4460360,W,2.4816,34.4449,101220,,,,
$GPGGA,222814.66,3719.0931580,N,12158.4454540,W,1,0,0.0,0.0000,M,0.0000,M,0.0000,0
$GPRMC,222814.66,A,3719.0931580,N,12158.4454540,W,0.6345,34.5141,101220,,,,
$GPGGA,222815.65,3719.0932720,N,12158.4453340,W,1,0,0.0,0.0000,M,0.0000,M,0.0000,0
$GPRMC,222815.65,A,3719.0932720,N,12158.4453340,W,0.0420,34.5250,101220,,,,
$GPGGA,222816.65,3719.0932660,N,12158.4453220,W,1,0,0.0,0.0000,M,0.0000,M,0.0000,0
$GPRMC,222816.65,A,3719.0932660,N,12158.4453220,W,0.0205,34.5230,101220,,,,
$GPGGA,222817.66,3719.0932660,N,12158.4453100,W,1,0,0.0,0.0000,M,0.0000,M,0.0000,0
$GPRMC,222817.66,A,3719.0932660,N,12158.4453100,W,0.0137,34.5208,101220,,,,
$GPGGA,222818.65,3719.0932600,N,12158.4453100,W,1,0,0.0,0.0000,M,0.0000,M,0.0000,0
$GPRMC,222818.65,A,3719.0932600,N,12158.4453100,W,0.0096,34.5197,101220,,,,
$GPGGA,222819.66,3719.0932540,N,12158.4453100,W,1,0,0.0,0.0000,M,0.0000,M,0.0000,0
$GPRMC,222819.66,A,3719.0932540,N,12158.4453100,W,0.0079,34.5187,101220,,,,
$GPGGA,222820.65,3719.0932540,N,12158.4453100,W,1,0,0.0,0.0000,M,0.0000,M,0.0000,0
$GPRMC,222820.65,A,3719.0932540,N,12158.4453100,W,0.0072,34.5176,101220,,,,
$GPGGA,222821.65,3719.0932480,N,12158.4453160,W,1,0,0.0,0.0000,M,0.0000,M,0.0000,0
$GPRMC,222821.65,A,3719.0932480,N,12158.4453160,W,0.0077,34.5165,101220,,,,
$GPGGA,222822.66,3719.0932480,N,12158.4453160,W,1,0,0.0,0.0000,M,0.0000,M,0.0000,0
$GPRMC,222822.66,A,3719.0932480,N,12158.4453160,W,0.0075,34.5153,101220,,,,
$GPGGA,222823.65,3719.0932420,N,12158.4453220,W,1,0,0.0,0.0000,M,0.0000,M,0.0000,0
$GPRMC,222823.65,A,3719.0932420,N,12158.4453220,W,0.0067,34.5141,101220,,,,
$GPGGA,222824.66,3719.0932420,N,12158.4453220,W,1,0,0.0,0.0000,M,0.0000,M,0.0000,0
$GPRMC,222824.66,A,3719.0932420,N,12158.4453220,W,0.0057,34.5130,101220,,,,
$GPGGA,222825.66,3719.0932360,N,12158.4453280,W,1,0,0.0,0.0000,M,0.0000,M,0.0000,0
$GPRMC,222825.66,A,3719.0932360,N,12158.4453280,W,0.0046,34.5121,101220,,,,
$GPGGA,222826.67,3719.0932360,N,12158.4453280,W,1,0,0.0,0.0000,M,0.0000,M,0.0000,0
$GPRMC,222826.67,A,3719.0932360,N,12158.4453280,W,0.0034,34.5111,101220,,,,
$GPGGA,222827.66,3719.0932360,N,12158.4453280,W,1,0,0.0,0.0000,M,0.0000,M,0.0000,0
$GPRMC,222827.66,A,3719.0932360,N,12158.4453280,W,0.0030,34.5100,101220,,,,
$GPGGA,222828.65,3719.0932360,N,12158.4453280,W,1,0,0.0,0.0000,M,0.0000,M,0.0000,0
$GPRMC,222828.65,A,3719.0932360,N,12158.4453280,W,0.0023,34.5091,101220,,,,
$GPGGA,222829.66,3719.0932360,N,12158.4453280,W,1,0,0.0,0.0000,M,0.0000,M,0.0000,0
$GPRMC,222829.66,A,3719.0932360,N,12158.4453280,W,0.0020,34.5085,101220,,,,
$GPGGA,222830.66,3719.0932360,N,12158.4453280,W,1,0,0.0,0.0000,M,0.0000,M,0.0000,0
$GPRMC,222830.66,A,3719.0932360,N,12158.4453280,W,0.0020,34.5076,101220,,,,
$GPGGA,222831.67,3719.0932360,N,12158.4453280,W,1,0,0.0,0.0000,M,0.0000,M,0.0000,0
$GPRMC,222831.67,A,3719.0932360,N,12158.4453280,W,0.0020,34.5066,101220,,,,
$GPGGA,222832.66,3719.0932360,N,12158.4453280,W,1,0,0.0,0.0000,M,0.0000,M,0.0000,0
$GPRMC,222832.66,A,3719.0932360,N,12158.4453280,W,0.0027,34.5057,101220,,,,
$GPGGA,222833.65,3719.0932360,N,12158.4453280,W,1,0,0.0,0.0000,M,0.0000,M,0.0000,0
$GPRMC,222833.65,A,3719.0932360,N,12158.4453280,W,0.0023,34.5048,101220,,,,
$GPGGA,222834.66,3719.0932360,N,12158.4453280,W,1,0,0.0,0.0000,M,0.0000,M,0.0000,0
$GPRMC,222834.66,A,3719.0932360,N,12158.4453280,W,0.0027,34.5039,101220,,,,
$GPGGA,222835.66,3719.0932360,N,12158.4453280,W,1,0,0.0,0.0000,M,0.0000,M,0.0000,0
$GPRMC,222835.66,A,3719.0932360,N,12158.4453280,W,0.0030,34.5031,101220,,,,
$GPGGA,222836.67,3719.0932360,N,12158.4453280,W,1,0,0.0,0.0000,M,0.0000,M,0.0000,0
$GPRMC,222836.67,A,3719.0932360,N,12158.4453280,W,0.0031,34.5022,101220,,,,
$GPGGA,222837.66,3719.0932360,N,12158.4453280,W,1,0,0.0,0.0000,M,0.0000,M,0.0000,0
$GPRMC,222837.66,A,3719.0932360,N,12158.4453280,W,0.0031,34.5011,101220,,,,
$GPGGA,222838.65,3719.0932360,N,12158.4453280,W,1,0,0.0,0.0000,M,0.0000,M,0.0000,0
$GPRMC,222838.65,A,3719.0932360,N,12158.4453280,W,0.0031,34.5002,101220,,,,
$GPGGA,222839.66,3719.0932360,N,12158.4453280,W,1,0,0.0,0.0000,M,0.0000,M,0.0000,0
$GPRMC,222839.66,A,3719.0932360,N,12158.4453280,W,0.0032,34.4992,101220,,,,
$GPGGA,222840.66,3719.0932360,N,12158.4453280,W,1,0,0.0,0.0000,M,0.0000,M,0.0000,0
$GPRMC,222840.66,A,3719.0932360,N,12158.4453280,W,0.0031,34.4984,101220,,,,
$GPGGA,222841.67,3719.0932360,N,12158.4453280,W,1,0,0.0,0.0000,M,0.0000,M,0.0000,0
$GPRMC,222841.67,A,3719.0932360,N,12158.4453280,W,0.0030,34.4976,101220,,,,
$GPGGA,222842.66,3719.0932360,N,12158.4453280,W,1,0,0.0,0.0000,M,0.0000,M,0.0000,0
$GPRMC,222842.66,A,3719.0932360,N,12158.4453280,W,0.0031,34.4974,101220,,,,
$GPGGA,222843.65,3719.0932360,N,12158.4453280,W,1,0,0.0,0.0000,M,0.0000,M,0.0000,0
$GPRMC,222843.65,A,3719.0932360,N,12158.4453280,W,0.0032,34.4971,101220,,,,
$GPGGA,222844.66,3719.0932360,N,12158.4453280,W,1,0,0.0,0.0000,M,0.0000,M,0.0000,0
$GPRMC,222844.66,A,3719.0932360,N,12158.4453280,W,0.0032,34.4960,101220,,,,
$GPGGA,222845.65,3719.0932360,N,12158.4453280,W,1,0,0.0,0.0000,M,0.0000,M,0.0000,0
$GPRMC,222845.65,A,3719.0932360,N,12158.4453280,W,0.0031,34.4949,101220,,,,
$GPGGA,222846.67,3719.0932360,N,12158.4453280,W,1,0,0.0,0.0000,M,0.0000,M,0.0000,0
$GPRMC,222846.67,A,3719.0932360,N,12158.4453280,W,0.0030,34.4940,101220,,,,
$GPGGA,222847.66,3719.0932360,N,12158.4453280,W,1,0,0.0,0.0000,M,0.0000,M,0.0000,0
$GPRMC,222847.66,A,3719.0932360,N,12158.4453280,W,0.0023,34.4933,101220,,,,
$GPGGA,222848.65,3719.0932360,N,12158.4453280,W,1,0,0.0,0.0000,M,0.0000,M,0.0000,0
$GPRMC,222848.65,A,3719.0932360,N,12158.4453280,W,0.0026,34.4925,101220,,,,
$GPGGA,222849.66,3719.0932360,N,12158.4453280,W,1,0,0.0,0.0000,M,0.0000,M,0.0000,0
$GPRMC,222849.66,A,3719.0932360,N,12158.4453280,W,0.0030,34.4914,101220,,,,
$GPGGA,222850.66,3719.0932360,N,12158.4453280,W,1,0,0.0,0.0000,M,0.0000,M,0.0000,0
$GPRMC,222850.66,A,3719.0932360,N,12158.4453280,W,0.0030,34.4904,101220,,,,
$GPGGA,222851.67,3719.0932360,N,12158.4453280,W,1,0,0.0,0.0000,M,0.0000,M,0.0000,0
$GPRMC,222851.67,A,3719.0932360,N,12158.4453280,W,0.0030,34.4893,101220,,,,
$GPGGA,222852.66,3719.0932360,N,12158.4453280,W,1,0,0.0,0.0000,M,0.0000,M,0.0000,0
$GPRMC,222852.66,A,3719.0932360,N,12158.4453280,W,0.0030,34.4884,101220,,,,
$GPGGA,222853.65,3719.0932360,N,12158.4453280,W,1,0,0.0,0.0000,M,0.0000,M,0.0000,0
$GPRMC,222853.65,A,3719.0932360,N,12158.4453280,W,0.0030,34.4875,101220,,,,
$GPGGA,222854.66,3719.0932360,N,12158.4453280,W,1,0,0.0,0.0000,M,0.0000,M,0.0000,0
$GPRMC,222854.66,A,3719.0932360,N,12158.4453280,W,0.0030,34.4867,101220,,,,
$GPGGA,222855.66,3719.0932360,N,12158.4453280,W,1,0,0.0,0.0000,M,0.0000,M,0.0000,0
$GPRMC,222855.66,A,3719.0932360,N,12158.4453280,W,0.0030,34.4857,101220,,,,
$GPGGA,222856.67,3719.0932360,N,12158.4453280,W,1,0,0.0,0.0000,M,0.0000,M,0.0000,0
$GPRMC,222856.67,A,3719.0932360,N,12158.4453280,W,0.0031,34.4846,101220,,,,
$GPGGA,222857.66,3719.0932360,N,12158.4453280,W,1,0,0.0,0.0000,M,0.0000,M,0.0000,0
$GPRMC,222857.66,A,3719.0932360,N,12158.4453280,W,0.0032,34.4835,101220,,,,
$GPGGA,222858.65,3719.0932360,N,12158.4453280,W,1,0,0.0,0.0000,M,0.0000,M,0.0000,0
$GPRMC,222858.65,A,3719.0932360,N,12158.4453280,W,0.0031,34.4825,101220,,,,
$GPGGA,222859.66,3719.0932360,N,12158.4453280,W,1,0,0.0,0.0000,M,0.0000,M,0.0000,0
$GPRMC,222859.66,A,3719.0932360,N,12158.4453280,W,0.0030,34.4815,101220,,,,
$GPGGA,222900.65,3719.0932360,N,12158.4453280,W,1,0,0.0,0.0000,M,0.0000,M,0.0000,0
$GPRMC,222900.65,A,3719.0932360,N,12158.4453280,W,0.0030,34.4804,101220,,,,
$GPGGA,222901.66,3719.0932360,N,12158.4453280,W,1,0,0.0,0.0000,M,0.0000,M,0.0000,0
$GPRMC,222901.66,A,3719.0932360,N,12158.4453280,W,0.0031,34.4787,101220,,,,
$GPGGA,222902.66,3719.0932360,N,12158.4453280,W,1,0,0.0,0.0000,M,0.0000,M,0.0000,0
$GPRMC,222902.66,A,3719.0932360,N,12158.4453280,W,0.0024,34.4776,101220,,,,
$GPGGA,222903.65,3719.0932360,N,12158.4453280,W,1,0,0.0,0.0000,M,0.0000,M,0.0000,0
$GPRMC,222903.65,A,3719.0932360,N,12158.4453280,W,0.0028,34.4769,101220,,,,
$GPGGA,222904.66,3719.0932360,N,12158.4453280,W,1,0,0.0,0.0000,M,0.0000,M,0.0000,0
$GPRMC,222904.66,A,3719.0932360,N,12158.4453280,W,0.0031,34.4761,101220,,,,
$GPGGA,222905.65,3719.0932360,N,12158.4453280,W,1,0,0.0,0.0000,M,0.0000,M,0.0000,0
$GPRMC,222905.65,A,3719.0932360,N,12158.4453280,W,0.0025,34.4751,101220,,,,
$GPGGA,222906.67,3719.0932360,N,12158.4453280,W,1,0,0.0,0.0000,M,0.0000,M,0.0000,0
$GPRMC,222906.67,A,3719.0932360,N,12158.4453280,W,0.0027,34.4737,101220,,,,
$GPGGA,222907.66,3719.0932360,N,12158.4453280,W,1,0,0.0,0.0000,M,0.0000,M,0.0000,0
$GPRMC,222907.66,A,3719.0932360,N,12158.4453280,W,0.0030,34.4731,101220,,,,
$GPGGA,222908.65,3719.0932360,N,12158.4453280,W,1,0,0.0,0.0000,M,0.0000,M,0.0000,0
$GPRMC,222908.65,A,3719.0932360,N,12158.4453280,W,0.0030,34.4724,101220,,,,
$GPGGA,222909.66,3719.0932360,N,12158.4453280,W,1,0,0.0,0.0000,M,0.0000,M,0.0000,0
$GPRMC,222909.66,A,3719.0932360,N,12158.4453280,W,0.0023,34.4707,101220,,,,
$GPGGA,222910.65,3719.0932360,N,12158.4453280,W,1,0,0.0,0.0000,M,0.0000,M,0.0000,0
$GPRMC,222910.65,A,3719.0932360,N,12158.4453280,W,0.0022,34.4691,101220,,,,
$GPGGA,222911.66,3719.0932360,N,12158.4453280,W,1,0,0.0,0.0000,M,0.0000,M,0.0000,0
$GPRMC,222911.66,A,3719.0932360,N,12158.4453280,W,0.0027,34.4677,101220,,,,
$GPGGA,222912.66,3719.0932360,N,12158.4453280,W,1,0,0.0,0.0000,M,0.0000,M,0.0000,0
$GPRMC,222912.66,A,3719.0932360,N,12158.4453280,W,0.0030,34.4666,101220,,,,
$GPGGA,222913.65,3719.0932360,N,12158.4453280,W,1,0,0.0,0.0000,M,0.0000,M,0.0000,0
$GPRMC,222913.65,A,3719.0932360,N,12158.4453280,W,0.0030,34.4656,101220,,,,
$GPGGA,222914.66,3719.0932360,N,12158.4453280,W,1,0,0.0,0.0000,M,0.0000,M,0.0000,0
$GPRMC,222914.66,A,3719.0932360,N,12158.4453280,W,0.0030,34.4643,101220,,,,
$GPGGA,222915.66,3719.0932360,N,12158.4453280,W,1,0,0.0,0.0000,M,0.0000,M,0.0000,0
$GPRMC,222915.66,A,3719.0932360,N,12158.4453280,W,0.0037,34.4630,101220,,,,
$GPGGA,222916.67,3719.0932360,N,12158.4453280,W,1,0,0.0,0.0000,M,0.0000,M,0.0000,0
$GPRMC,222916.67,A,3719.0932360,N,12158.4453280,W,0.0035,34.4618,101220,,,,
$GPGGA,222917.66,3719.0932360,N,12158.4453280,W,1,0,0.0,0.0000,M,0.0000,M,0.0000,0
$GPRMC,222917.66,A,3719.0932360,N,12158.4453280,W,0.0032,34.4606,101220,,,,
$GPGGA,222918.65,3719.0932360,N,12158.4453280,W,1,0,0.0,0.0000,M,0.0000,M,0.0000,0
$GPRMC,222918.65,A,3719.0932360,N,12158.4453280,W,0.0032,34.4593,101220,,,,
$GPGGA,222919.66,3719.0932360,N,12158.4453280,W,1,0,0.0,0.0000,M,0.0000,M,0.0000,0
$GPRMC,222919.66,A,3719.0932360,N,12158.4453280,W,0.0038,34.4580,101220,,,,
$GPGGA,222920.65,3719.0932360,N,12158.4453280,W,1,0,0.0,0.0000,M,0.0000,M,0.0000,0
$GPRMC,222920.65,A,3719.0932360,N,12158.4453280,W,0.0035,34.4568,101220,,,,
$GPGGA,222921.67,3719.0932360,N,12158.4453280,W,1,0,0.0,0.0000,M,0.0000,M,0.0000,0
$GPRMC,222921.67,A,3719.0932360,N,12158.4453280,W,0.0032,34.4553,101220,,,,
$GPGGA,222922.66,3719.0932360,N,12158.4453280,W,1,0,0.0,0.0000,M,0.0000,M,0.0000,0
$GPRMC,222922.66,A,3719.0932360,N,12158.4453280,W,0.0032,34.4541,101220,,,,
$GPGGA,222923.65,3719.0932360,N,12158.4453280,W,1,0,0.0,0.0000,M,0.0000,M,0.0000,0
$GPRMC,222923.65,A,3719.0932360,N,12158.4453280,W,0.0032,34.4530,101220,,,,
$GPGGA,222924.66,3719.0932360,N,12158.4453280,W,1,0,0.0,0.0000,M,0.0000,M,0.0000,0
$GPRMC,222924.66,A,3719.0932360,N,12158.4453280,W,0.0032,34.4517,101220,,,,
$GPGGA,222925.65,3719.0932360,N,12158.4453280,W,1,0,0.0,0.0000,M,0.0000,M,0.0000,0
$GPRMC,222925.65,A,3719.0932360,N,12158.4453280,W,0.0038,34.4501,101220,,,,
$GPGGA,222926.66,3719.0932360,N,12158.4453280,W,1,0,0.0,0.0000,M,0.0000,M,0.0000,0
$GPRMC,222926.66,A,3719.0932360,N,12158.4453280,W,0.0035,34.4485,101220,,,,
$GPGGA,222927.65,3719.0932360,N,12158.4453280,W,1,0,0.0,0.0000,M,0.0000,M,0.0000,0
$GPRMC,222927.65,A,3719.0932360,N,12158.4453280,W,0.0035,34.4467,101220,,,,
$GPGGA,222928.65,3719.0932360,N,12158.4453280,W,1,0,0.0,0.0000,M,0.0000,M,0.0000,0
$GPRMC,222928.65,A,3719.0932360,N,12158.4453280,W,0.0036,34.4449,101220,,,,
$GPGGA,222929.66,3719.0932360,N,12158.4453280,W,1,0,0.0,0.0000,M,0.0000,M,0.0000,0
$GPRMC,222929.66,A,3719.0932360,N,12158.4453280,W,0.0036,34.4428,101220,,,,
$GPGGA,222930.65,3719.0932360,N,12158.4453280,W,1,0,0.0,0.0000,M,0.0000,M,0.0000,0
$GPRMC,222930.65,A,3719.0932360,N,12158.4453280,W,0.0031,34.4407,101220,,,,
$GPGGA,222931.66,3719.0932360,N,12158.4453280,W,1,0,0.0,0.0000,M,0.0000,M,0.0000,0
$GPRMC,222931.66,A,3719.0932360,N,12158.4453280,W,0.0033,34.4385,101220,,,,
$GPGGA,222932.65,3719.0932360,N,12158.4453280,W,1,0,0.0,0.0000,M,0.0000,M,0.0000,0
$GPRMC,222932.65,A,3719.0932360,N,12158.4453280,W,0.0031,34.4362,101220,,,,
$GPGGA,222933.65,3719.0932360,N,12158.4453340,W,1,0,0.0,0.0000,M,0.0000,M,0.0000,0
$GPRMC,222933.65,A,3719.0932360,N,12158.4453340,W,0.0024,34.4340,101220,,,,
$GPGGA,222934.66,3719.0932360,N,12158.4453340,W,1,0,0.0,0.0000,M,0.0000,M,0.0000,0
$GPRMC,222934.66,A,3719.0932360,N,12158.4453340,W,0.0022,34.4317,101220,,,,
$GPGGA,222935.66,3719.0932300,N,12158.4453340,W,1,0,0.0,0.0000,M,0.0000,M,0.0000,0
$GPRMC,222935.66,A,3719.0932300,N,12158.4453340,W,0.0021,34.4296,101220,,,,
$GPGGA,222936.66,3719.0932300,N,12158.4453400,W,1,0,0.0,0.0000,M,0.0000,M,0.0000,0
$GPRMC,222936.66,A,3719.0932300,N,12158.4453400,W,0.0022,34.4273,101220,,,,
$GPGGA,222937.65,3719.0932300,N,12158.4453400,W,1,0,0.0,0.0000,M,0.0000,M,0.0000,0
$GPRMC,222937.65,A,3719.0932300,N,12158.4453400,W,0.0022,34.4250,101220,,,,
$GPGGA,222938.65,3719.0932300,N,12158.4453400,W,1,0,0.0,0.0000,M,0.0000,M,0.0000,0
$GPRMC,222938.65,A,3719.0932300,N,12158.4453400,W,0.0017,34.4226,101220,,,,
$GPGGA,222939.66,3719.0932300,N,12158.4453400,W,1,0,0.0,0.0000,M,0.0000,M,0.0000,0
$GPRMC,222939.66,A,3719.0932300,N,12158.4453400,W,0.0020,34.4201,101220,,,,
$GPGGA,222940.65,3719.0932300,N,12158.4453400,W,1,0,0.0,0.0000,M,0.0000,M,0.0000,0
$GPRMC,222940.65,A,3719.0932300,N,12158.4453400,W,0.0021,34.4177,101220,,,,
$GPGGA,222941.66,3719.0932300,N,12158.4453400,W,1,0,0.0,0.0000,M,0.0000,M,0.0000,0
$GPRMC,222941.66,A,3719.0932300,N,12158.4453400,W,0.0020,34.4154,101220,,,,
$GPGGA,222942.65,3719.0932300,N,12158.4453400,W,1,0,0.0,0.0000,M,0.0000,M,0.0000,0
$GPRMC,222942.65,A,3719.0932300,N,12158.4453400,W,0.0028,34.4129,101220,,,,
$GPGGA,222943.65,3719.0932360,N,12158.4453400,W,1,0,0.0,0.0000,M,0.0000,M,0.0000,0
$GPRMC,222943.65,A,3719.0932360,N,12158.4453400,W,0.0035,34.4103,101220,,,,
$GPGGA,222944.66,3719.0932360,N,12158.4453400,W,1,0,0.0,0.0000,M,0.0000,M,0.0000,0
$GPRMC,222944.66,A,3719.0932360,N,12158.4453400,W,0.0027,34.4077,101220,,,,
$GPGGA,222945.65,3719.0932360,N,12158.4453400,W,1,0,0.0,0.0000,M,0.0000,M,0.0000,0
$GPRMC,222945.65,A,3719.0932360,N,12158.4453400,W,0.0021,34.4051,101220,,,,
$GPGGA,222946.66,3719.0932360,N,12158.4453400,W,1,0,0.0,0.0000,M,0.0000,M,0.0000,0
$GPRMC,222946.66,A,3719.0932360,N,12158.4453400,W,0.0022,34.4027,101220,,,,
$GPGGA,222947.66,3719.0932360,N,12158.4453340,W,1,0,0.0,0.0000,M,0.0000,M,0.0000,0
$GPRMC,222947.66,A,3719.0932360,N,12158.4453340,W,0.0022,34.4001,101220,,,,
$GPGGA,222948.65,3719.0932420,N,12158.4453340,W,1,0,0.0,0.0000,M,0.0000,M,0.0000,0
$GPRMC,222948.65,A,3719.0932420,N,12158.4453340,W,0.0043,34.3974,101220,,,,
$GPGGA,222949.66,3719.0932420,N,12158.4453340,W,1,0,0.0,0.0000,M,0.0000,M,0.0000,0
$GPRMC,222949.66,A,3719.0932420,N,12158.4453340,W,0.0071,34.3945,101220,,,,
$GPGGA,222950.66,3719.0932360,N,12158.4453400,W,1,0,0.0,0.0000,M,0.0000,M,0.0000,0
$GPRMC,222950.66,A,3719.0932360,N,12158.4453400,W,0.0107,34.3918,101220,,,,
$GPGGA,222951.67,3719.0932360,N,12158.4453400,W,1,0,0.0,0.0000,M,0.0000,M,0.0000,0
$GPRMC,222951.67,A,3719.0932360,N,12158.4453400,W,0.0157,34.3890,101220,,,,
$GPGGA,222952.66,3719.0932300,N,12158.4453460,W,1,0,0.0,0.0000,M,0.0000,M,0.0000,0
$GPRMC,222952.66,A,3719.0932300,N,12158.4453460,W,0.0216,34.3863,101220,,,,
$GPGGA,222953.65,3719.0932240,N,12158.4453460,W,1,0,0.0,0.0000,M,0.0000,M,0.0000,0
$GPRMC,222953.65,A,3719.0932240,N,12158.4453460,W,0.0287,34.3836,101220,,,,
$GPGGA,222954.66,3719.0932120,N,12158.4453520,W,1,0,0.0,0.0000,M,0.0000,M,0.0000,0
$GPRMC,222954.66,A,3719.0932120,N,12158.4453520,W,0.0370,34.3807,101220,,,,
$GPGGA,222955.65,3719.0932000,N,12158.4453580,W,1,0,0.0,0.0000,M,0.0000,M,0.0000,0
$GPRMC,222955.65,A,3719.0932000,N,12158.4453580,W,0.0468,34.3777,101220,,,,
$GPGGA,222956.67,3719.0931820,N,12158.4453640,W,1,0,0.0,0.0000,M,0.0000,M,0.0000,0
$GPRMC,222956.67,A,3719.0931820,N,12158.4453640,W,0.0574,34.3747,101220,,,,
$GPGGA,222957.66,3719.0932060,N,12158.4453340,W,1,0,0.0,0.0000,M,0.0000,M,0.0000,0
$GPRMC,222957.66,A,3719.0932060,N,12158.4453340,W,0.3839,34.3671,101220,,,,
$GPGGA,222958.65,3719.0936440,N,12158.4449740,W,1,0,0.0,0.0000,M,0.0000,M,0.0000,0
$GPRMC,222958.65,A,3719.0936440,N,12158.4449740,W,1.7332,33.6967,101220,,,,
$GPGGA,222959.66,3719.0949280,N,12158.4444280,W,1,0,0.0,0.0000,M,0.0000,M,0.0000,0
$GPRMC,222959.66,A,3719.0949280,N,12158.4444280,W,3.0139,23.1994,101220,,,,
$GPGGA,223000.66,3719.0965960,N,12158.4449980,W,1,0,0.0,0.0000,M,0.0000,M,0.0000,0
$GPRMC,223000.66,A,3719.0965960,N,12158.4449980,W,3.3122,352.7728,101220,,,,
$GPGGA,223001.67,3719.0975620,N,12158.4470920,W,1,0,0.0,0.0000,M,0.0000,M,0.0000,0
$GPRMC,223001.67,A,3719.0975620,N,12158.4470920,W,3.5103,310.3422,101220,,,,
$GPGGA,223002.76,3719.0969380,N,12158.4498520,W,1,0,0.0,0.0000,M,0.0000,M,0.0000,0
$GPRMC,223002.76,A,3719.0969380,N,12158.4498520,W,4.1008,260.7401,101220,,,,
$GPGGA,223003.45,3719.0956060,N,12158.4513040,W,1,0,0.0,0.0000,M,0.0000,M,0.0000,0
$GPRMC,223003.45,A,3719.0956060,N,12158.4513040,W,5.0715,234.6125,101220,,,,
$GPGGA,223004.77,3719.0917060,N,12158.4539860,W,1,0,0.0,0.0000,M,0.0000,M,0.0000,0
$GPRMC,223004.77,A,3719.0917060,N,12158.4539860,W,7.5829,209.6039,101220,,,,
$GPGGA,223005.45,3719.0889700,N,12158.4557380,W,1,0,0.0,0.0000,M,0.0000,M,0.0000,0
$GPRMC,223005.45,A,3719.0889700,N,12158.4557380,W,8.7561,207.5851,101220,,,,
$GPGGA,223006.67,3719.0833120,N,12158.4593740,W,1,0,0.0,0.0000,M,0.0000,M,0.0000,0
$GPRMC,223006.67,A,3719.0833120,N,12158.4593740,W,10.6436,207.1969,101220,,,,
$GPGGA,223007.66,3719.0780080,N,12158.4628000,W,1,0,0.0,0.0000,M,0.0000,M,0.0000,0
$GPRMC,223007.66,A,3719.0780080,N,12158.4628000,W,11.4613,207.6680,101220,,,,
$GPGGA,223008.65,3719.0725840,N,12158.4664780,W,1,0,0.0,0.0000,M,0.0000,M,0.0000,0
$GPRMC,223008.65,A,3719.0725840,N,12158.4664780,W,11.3864,209.1334,101220,,,,
$GPGGA,223009.66,3719.0674480,N,12158.4702220,W,1,0,0.0,0.0000,M,0.0000,M,0.0000,0
$GPRMC,223009.66,A,3719.0674480,N,12158.4702220,W,10.1729,211.0240,101220,,,,
$GPGGA,223010.65,3719.0632540,N,12158.4735100,W,1,0,0.0,0.0000,M,0.0000,M,0.0000,0
$GPRMC,223010.65,A,3719.0632540,N,12158.4735100,W,8.2083,212.5067,101220,,,,
$GPGGA,223011.67,3719.0599720,N,12158.4761680,W,1,0,0.0,0.0000,M,0.0000,M,0.0000,0
$GPRMC,223011.67,A,3719.0599720,N,12158.4761680,W,6.0627,212.8516,101220,,,,
$GPGGA,223012.66,3719.0576200,N,12158.4780820,W,1,0,0.0,0.0000,M,0.0000,M,0.0000,0
$GPRMC,223012.66,A,3719.0576200,N,12158.4780820,W,4.5498,212.8819,101220,,,,
$GPGGA,223013.65,3719.0558080,N,12158.4795580,W,1,0,0.0,0.0000,M,0.0000,M,0.0000,0
$GPRMC,223013.65,A,3719.0558080,N,12158.4795580,W,3.6751,212.9824,101220,,,,
$GPGGA,223014.66,3719.0542480,N,12158.4808540,W,1,0,0.0,0.0000,M,0.0000,M,0.0000,0
$GPRMC,223014.66,A,3719.0542480,N,12158.4808540,W,3.2130,213.1704,101220,,,,
$GPGGA,223015.65,3719.0528500,N,12158.4820240,W,1,0,0.0,0.0000,M,0.0000,M,0.0000,0
$GPRMC,223015.65,A,3719.0528500,N,12158.4820240,W,3.0963,213.3305,101220,,,,
$GPGGA,223016.67,3719.0514220,N,12158.4832180,W,1,0,0.0,0.0000,M,0.0000,M,0.0000,0
$GPRMC,223016.67,A,3719.0514220,N,12158.4832180,W,3.2685,213.3322,101220,,,,
$GPGGA,223017.66,3719.0498500,N,12158.4845260,W,1,0,0.0,0.0000,M,0.0000,M,0.0000,0
$GPRMC,223017.66,A,3719.0498500,N,12158.4845260,W,3.8928,213.2409,101220,,,,
$GPGGA,223018.65,3719.0479060,N,12158.4861280,W,1,0,0.0,0.0000,M,0.0000,M,0.0000,0
$GPRMC,223018.65,A,3719.0479060,N,12158.4861280,W,4.8140,213.0491,101220,,,,
$GPGGA,223019.66,3719.0453740,N,12158.4881980,W,1,0,0.0,0.0000,M,0.0000,M,0.0000,0
$GPRMC,223019.66,A,3719.0453740,N,12158.4881980,W,6.3811,213.0025,101220,,,,
$GPGGA,223020.65,3719.0421100,N,12158.4909100,W,1,0,0.0,0.0000,M,0.0000,M,0.0000,0
$GPRMC,223020.65,A,3719.0421100,N,12158.4909100,W,8.1906,213.3790,101220,,,,
$GPGGA,223021.66,3719.0381980,N,12158.4941980,W,1,0,0.0,0.0000,M,0.0000,M,0.0000,0
$GPRMC,223021.66,A,3719.0381980,N,12158.4941980,W,8.9949,213.7512,101220,,,,
$GPGGA,223022.66,3719.0341180,N,12158.4976300,W,1,0,0.0,0.0000,M,0.0000,M,0.0000,0
$GPRMC,223022.66,A,3719.0341180,N,12158.4976300,W,9.2370,213.7658,101220,,,,
$GPGGA,223023.65,3719.0300080,N,12158.5010800,W,1,0,0.0,0.0000,M,0.0000,M,0.0000,0
$GPRMC,223023.65,A,3719.0300080,N,12158.5010800,W,9.1921,213.8039,101220,,,,
$GPGGA,223024.66,3719.0259340,N,12158.5044940,W,1,0,0.0,0.0000,M,0.0000,M,0.0000,0
$GPRMC,223024.66,A,3719.0259340,N,12158.5044940,W,8.6448,213.7331,101220,,,,
$GPGGA,223025.66,3719.0223460,N,12158.5075060,W,1,0,0.0,0.0000,M,0.0000,M,0.0000,0
$GPRMC,223025.66,A,3719.0223460,N,12158.5075060,W,7.3074,213.7472,101220,,,,
$GPGGA,223026.67,3719.0194660,N,12158.5099060,W,1,0,0.0,0.0000,M,0.0000,M,0.0000,0
$GPRMC,223026.67,A,3719.0194660,N,12158.5099060,W,5.2519,213.5295,101220,,,,
$GPGGA,223027.66,3719.0175880,N,12158.5114420,W,1,0,0.0,0.0000,M,0.0000,M,0.0000,0
$GPRMC,223027.66,A,3719.0175880,N,12158.5114420,W,3.0577,212.8873,101220,,,,
$GPGGA,223028.65,3719.0166280,N,12158.5122040,W,1,0,0.0,0.0000,M,0.0000,M,0.0000,0
$GPRMC,223028.65,A,3719.0166280,N,12158.5122040,W,1.1863,212.4730,101220,,,,
$GPGGA,223029.66,3719.0163760,N,12158.5124140,W,1,0,0.0,0.0000,M,0.0000,M,0.0000,0
$GPRMC,223029.66,A,3719.0163760,N,12158.5124140,W,0.2020,212.3848,101220,,,,
$GPGGA,223030.66,3719.0163700,N,12158.5124260,W,1,0,0.0,0.0000,M,0.0000,M,0.0000,0
$GPRMC,223030.66,A,3719.0163700,N,12158.5124260,W,0.0084,212.3802,101220,,,,
$GPGGA,223031.67,3719.0163760,N,12158.5124260,W,1,0,0.0,0.0000,M,0.0000,M,0.0000,0
$GPRMC,223031.67,A,3719.0163760,N,12158.5124260,W,0.0076,212.3778,101220,,,,
$GPGGA,223032.66,3719.0163760,N,12158.5124320,W,1,0,0.0,0.0000,M,0.0000,M,0.0000,0
$GPRMC,223032.66,A,3719.0163760,N,12158.5124320,W,0.0049,212.3759,101220,,,,
$GPGGA,223033.65,3719.0163760,N,12158.5124260,W,1,0,0.0,0.0000,M,0.0000,M,0.0000,0
$GPRMC,223033.65,A,3719.0163760,N,12158.5124260,W,0.0029,212.3745,101220,,,,
$GPGGA,223034.66,3719.0163760,N,12158.5124260,W,1,0,0.0,0.0000,M,0.0000,M,0.0000,0
$GPRMC,223034.66,A,3719.0163760,N,12158.5124260,W,0.0022,212.3733,101220,,,,
$GPGGA,223035.65,3719.0163760,N,12158.5124260,W,1,0,0.0,0.0000,M,0.0000,M,0.0000,0
$GPRMC,223035.65,A,3719.0163760,N,12158.5124260,W,0.0017,212.3720,101220,,,,
$GPGGA,223036.67,3719.0163760,N,12158.5124260,W,1,0,0.0,0.0000,M,0.0000,M,0.0000,0
$GPRMC,223036.67,A,3719.0163760,N,12158.5124260,W,0.0005,212.3706,101220,,,,
$GPGGA,223037.66,3719.0163760,N,12158.5124260,W,1,0,0.0,0.0000,M,0.0000,M,0.0000,0
$GPRMC,223037.66,A,3719.0163760,N,12158.5124260,W,0.0007,212.3690,101220,,,,
$GPGGA,223038.65,3719.0163760,N,12158.5124260,W,1,0,0.0,0.0000,M,0.0000,M,0.0000,0
$GPRMC,223038.65,A,3719.0163760,N,12158.5124260,W,0.0003,212.3678,101220,,,,
$GPGGA,223039.66,3719.0163760,N,12158.5124260,W,1,0,0.0,0.0000,M,0.0000,M,0.0000,0
$GPRMC,223039.66,A,3719.0163760,N,12158.5124260,W,0.0007,212.3664,101220,,,,
$GPGGA,223040.66,3719.0163700,N,12158.5124260,W,1,0,0.0,0.0000,M,0.0000,M,0.0000,0
$GPRMC,223040.66,A,3719.0163700,N,12158.5124260,W,0.0003,212.3650,101220,,,,
$GPGGA,223041.67,3719.0163700,N,12158.5124260,W,1,0,0.0,0.0000,M,0.0000,M,0.0000,0
$GPRMC,223041.67,A,3719.0163700,N,12158.5124260,W,0.0000,212.3634,101220,,,,
$GPGGA,223042.66,3719.0163700,N,12158.5124260,W,1,0,0.0,0.0000,M,0.0000,M,0.0000,0
$GPRMC,223042.66,A,3719.0163700,N,12158.5124260,W,0.0007,212.3620,101220,,,,
$GPGGA,223043.65,3719.0163700,N,12158.5124260,W,1,0,0.0,0.0000,M,0.0000,M,0.0000,0
$GPRMC,223043.65,A,3719.0163700,N,12158.5124260,W,0.0010,212.3605,101220,,,,
$GPGGA,223044.66,3719.0163700,N,12158.5124260,W,1,0,0.0,0.0000,M,0.0000,M,0.0000,0
$GPRMC,223044.66,A,3719.0163700,N,12158.5124260,W,0.0010,212.3589,101220,,,,
$GPGGA,223045.66,3719.0163700,N,12158.5124260,W,1,0,0.0,0.0000,M,0.0000,M,0.0000,0
$GPRMC,223045.66,A,3719.0163700,N,12158.5124260,W,0.0013,212.3576,101220,,,,
$GPGGA,223046.67,3719.0163700,N,12158.5124260,W,1,0,0.0,0.0000,M,0.0000,M,0.0000,0
$GPRMC,223046.67,A,3719.0163700,N,12158.5124260,W,0.0014,212.3562,101220,,,,
$GPGGA,223047.66,3719.0163700,N,12158.5124320,W,1,0,0.0,0.0000,M,0.0000,M,0.0000,0
$GPRMC,223047.66,A,3719.0163700,N,12158.5124320,W,0.0014,212.3547,101220,,,,
$GPGGA,223048.65,3719.0163700,N,12158.5124320,W,1,0,0.0,0.0000,M,0.0000,M,0.0000,0
$GPRMC,223048.65,A,3719.0163700,N,12158.5124320,W,0.0023,212.3532,101220,,,,
$GPGGA,223049.66,3719.0163700,N,12158.5124320,W,1,0,0.0,0.0000,M,0.0000,M,0.0000,0
$GPRMC,223049.66,A,3719.0163700,N,12158.5124320,W,0.0028,212.3517,101220,,,,
$GPGGA,223050.66,3719.0163700,N,12158.5124320,W,1,0,0.0,0.0000,M,0.0000,M,0.0000,0
$GPRMC,223050.66,A,3719.0163700,N,12158.5124320,W,0.0028,212.3504,101220,,,,
$GPGGA,223051.67,3719.0163700,N,12158.5124320,W,1,0,0.0,0.0000,M,0.0000,M,0.0000,0
$GPRMC,223051.67,A,3719.0163700,N,12158.5124320,W,0.0024,212.3490,101220,,,,
$GPGGA,223052.66,3719.0163700,N,12158.5124380,W,1,0,0.0,0.0000,M,0.0000,M,0.0000,0
$GPRMC,223052.66,A,3719.0163700,N,12158.5124380,W,0.0026,212.3476,101220,,,,
$GPGGA,223053.64,3719.0163700,N,12158.5124380,W,1,0,0.0,0.0000,M,0.0000,M,0.0000,0
$GPRMC,223053.64,A,3719.0163700,N,12158.5124380,W,0.0024,212.3461,101220,,,,
$GPGGA,223054.63,3719.0163700,N,12158.5124380,W,1,0,0.0,0.0000,M,0.0000,M,0.0000,0
$GPRMC,223054.63,A,3719.0163700,N,12158.5124380,W,0.0015,212.3445,101220,,,,
$GPGGA,223055.65,3719.0163700,N,12158.5124380,W,1,0,0.0,0.0000,M,0.0000,M,0.0000,0
$GPRMC,223055.65,A,3719.0163700,N,12158.5124380,W,0.0013,212.3431,101220,,,,
$GPGGA,223056.67,3719.0163700,N,12158.5124380,W,1,0,0.0,0.0000,M,0.0000,M,0.0000,0
$GPRMC,223056.67,A,3719.0163700,N,12158.5124380,W,0.0020,212.3415,101220,,,,
$GPGGA,223057.66,3719.0163700,N,12158.5124380,W,1,0,0.0,0.0000,M,0.0000,M,0.0000,0
$GPRMC,223057.66,A,3719.0163700,N,12158.5124380,W,0.0037,212.3400,101220,,,,
$GPGGA,223058.65,3719.0163700,N,12158.5124380,W,1,0,0.0,0.0000,M,0.0000,M,0.0000,0
$GPRMC,223058.65,A,3719.0163700,N,12158.5124380,W,0.0067,212.3385,101220,,,,
$GPGGA,223059.66,3719.0163700,N,12158.5124380,W,1,0,0.0,0.0000,M,0.0000,M,0.0000,0
$GPRMC,223059.66,A,3719.0163700,N,12158.5124380,W,0.0106,212.3370,101220,,,,
$GPGGA,223100.66,3719.0163700,N,12158.5124380,W,1,0,0.0,0.0000,M,0.0000,M,0.0000,0
$GPRMC,223100.66,A,3719.0163700,N,12158.5124380,W,0.0157,212.3357,101220,,,,
$GPGGA,223101.67,3719.0163760,N,12158.5124320,W,1,0,0.0,0.0000,M,0.0000,M,0.0000,0
$GPRMC,223101.67,A,3719.0163760,N,12158.5124320,W,0.0224,212.3341,101220,,,,
$GPGGA,223102.66,3719.0163760,N,12158.5124260,W,1,0,0.0,0.0000,M,0.0000,M,0.0000,0
$GPRMC,223102.66,A,3719.0163760,N,12158.5124260,W,0.0303,212.3327,101220,,,,
$GPGGA,223103.65,3719.0163820,N,12158.5124200,W,1,0,0.0,0.0000,M,0.0000,M,0.0000,0
$GPRMC,223103.65,A,3719.0163820,N,12158.5124200,W,0.0508,212.3320,101220,,,,
$GPGGA,223104.66,3719.0163160,N,12158.5124500,W,1,0,0.0,0.0000,M,0.0000,M,0.0000,0
$GPRMC,223104.66,A,3719.0163160,N,12158.5124500,W,0.5035,212.3007,101220,,,,
$GPGGA,223105.66,3719.0157940,N,12158.5128400,W,1,0,0.0,0.0000,M,0.0000,M,0.0000,0
$GPRMC,223105.66,A,3719.0157940,N,12158.5128400,W,1.8054,211.9672,101220,,,,
$GPGGA,223106.67,3719.0144680,N,12158.5137400,W,1,0,0.0,0.0000,M,0.0000,M,0.0000,0
$GPRMC,223106.67,A,3719.0144680,N,12158.5137400,W,3.7645,209.7725,101220,,,,
$GPGGA,223107.66,3719.0120920,N,12158.5148800,W,1,0,0.0,0.0000,M,0.0000,M,0.0000,0
$GPRMC,223107.66,A,3719.0120920,N,12158.5148800,W,5.8580,201.7606,101220,,,,
$GPGGA,223108.65,3719.0087080,N,12158.5153840,W,1,0,0.0,0.0000,M,0.0000,M,0.0000,0
$GPRMC,223108.65,A,3719.0087080,N,12158.5153840,W,6.8070,185.2121,101220,,,,
$GPGGA,223109.66,3719.0050900,N,12158.5141840,W,1,0,0.0,0.0000,M,0.0000,M,0.0000,0
$GPRMC,223109.66,A,3719.0050900,N,12158.5141840,W,7.1714,161.5101,101220,,,,
$GPGGA,223110.66,3719.0020600,N,12158.5109740,W,1,0,0.0,0.0000,M,0.0000,M,0.0000,0
$GPRMC,223110.66,A,3719.0020600,N,12158.5109740,W,8.0658,136.5148,101220,,,,
$GPGGA,223111.67,3718.9997560,N,12158.5057300,W,1,0,0.0,0.0000,M,0.0000,M,0.0000,0
$GPRMC,223111.67,A,3718.9997560,N,12158.5057300,W,9.7798,116.2947,101220,,,,
$GPGGA,223112.66,3718.9979740,N,12158.4989380,W,1,0,0.0,0.0000,M,0.0000,M,0.0000,0
$GPRMC,223112.66,A,3718.9979740,N,12158.4989380,W,11.6802,107.5349,101220,,,,
$GPGGA,223113.65,3718.9961920,N,12158.4907480,W,1,0,0.0,0.0000,M,0.0000,M,0.0000,0
$GPRMC,223113.65,A,3718.9961920,N,12158.4907480,W,13.6108,105.1822,101220,,,,
$GPGGA,223114.66,3718.9942060,N,12158.4810760,W,1,0,0.0,0.0000,M,0.0000,M,0.0000,0
$GPRMC,223114.66,A,3718.9942060,N,12158.4810760,W,15.6263,104.3434,101220,,,,
$GPGGA,223115.65,3718.9920640,N,12158.4702520,W,1,0,0.0,0.0000,M,0.0000,M,0.0000,0
$GPRMC,223115.65,A,3718.9920640,N,12158.4702520,W,17.6046,103.9861,101220,,,,
$GPGGA,223116.66,3718.9896280,N,12158.4578740,W,1,0,0.0,0.0000,M,0.0000,M,0.0000,0
$GPRMC,223116.66,A,3718.9896280,N,12158.4578740,W,19.4023,104.0112,101220,,,,
$GPGGA,223117.66,3718.9870540,N,12158.4450040,W,1,0,0.0,0.0000,M,0.0000,M,0.0000,0
$GPRMC,223117.66,A,3718.9870540,N,12158.4450040,W,19.9926,104.2365,101220,,,,
$GPGGA,223118.65,3718.9844260,N,12158.4320020,W,1,0,0.0,0.0000,M,0.0000,M,0.0000,0
$GPRMC,223118.65,A,3718.9844260,N,12158.4320020,W,19.8994,104.3484,101220,,,,
$GPGGA,223119.66,3718.9817980,N,12158.4188560,W,1,0,0.0,0.0000,M,0.0000,M,0.0000,0
$GPRMC,223119.66,A,3718.9817980,N,12158.4188560,W,19.6361,104.0713,101220,,,,
$GPGGA,223120.66,3718.9793860,N,12158.4061360,W,1,0,0.0,0.0000,M,0.0000,M,0.0000,0
$GPRMC,223120.66,A,3718.9793860,N,12158.4061360,W,19.2659,102.9183,101220,,,,
$GPGGA,223121.65,3718.9773160,N,12158.3936320,W,1,0,0.0,0.0000,M,0.0000,M,0.0000,0
$GPRMC,223121.65,A,3718.9773160,N,12158.3936320,W,18.8961,100.9765,101220,,,,
$GPGGA,223122.66,3718.9756240,N,12158.3810020,W,1,0,0.0,0.0000,M,0.0000,M,0.0000,0
$GPRMC,223122.66,A,3718.9756240,N,12158.3810020,W,18.5264,98.5390,101220,,,,
$GPGGA,223123.65,3718.9744780,N,12158.3687740,W,1,0,0.0,0.0000,M,0.0000,M,0.0000,0
$GPRMC,223123.65,A,3718.9744780,N,12158.3687740,W,18.1767,95.6773,101220,,,,
$GPGGA,223124.66,3718.9737160,N,12158.3565040,W,1,0,0.0,0.0000,M,0.0000,M,0.0000,0
$GPRMC,223124.66,A,3718.9737160,N,12158.3565040,W,17.9128,93.7933,101220,,,,
$GPGGA,223125.65,3718.9731820,N,12158.3444260,W,1,0,0.0,0.0000,M,0.0000,M,0.0000,0
$GPRMC,223125.65,A,3718.9731820,N,12158.3444260,W,18.0083,93.2012,101220,,,,
$GPGGA,223126.67,3718.9726480,N,12158.3319940,W,1,0,0.0,0.0000,M,0.0000,M,0.0000,0
$GPRMC,223126.67,A,3718.9726480,N,12158.3319940,W,18.4022,93.2567,101220,,,,
$GPGGA,223127.65,3718.9720360,N,12158.3196220,W,1,0,0.0,0.0000,M,0.0000,M,0.0000,0
$GPRMC,223127.65,A,3718.9720360,N,12158.3196220,W,18.8105,93.9106,101220,,,,
$GPGGA,223128.65,3718.9713160,N,12158.3067940,W,1,0,0.0,0.0000,M,0.0000,M,0.0000,0
$GPRMC,223128.65,A,3718.9713160,N,12158.3067940,W,19.2794,94.2355,101220,,,,
$GPGGA,223129.66,3718.9705000,N,12158.2934620,W,1,0,0.0,0.0000,M,0.0000,M,0.0000,0
$GPRMC,223129.66,A,3718.9705000,N,12158.2934620,W,19.6155,94.4701,101220,,,,
$GPGGA,223130.65,3718.9697380,N,12158.2802440,W,1,0,0.0,0.0000,M,0.0000,M,0.0000,0
$GPRMC,223130.65,A,3718.9697380,N,12158.2802440,W,19.8528,93.6919,101220,,,,
$GPGGA,223131.64,3718.9692340,N,12158.2667560,W,1,0,0.0,0.0000,M,0.0000,M,0.0000,0
$GPRMC,223131.64,A,3718.9692340,N,12158.2667560,W,20.5397,92.0802,101220,,,,
$GPGGA,223132.65,3718.9689820,N,12158.2523800,W,1,0,0.0,0.0000,M,0.0000,M,0.0000,0
$GPRMC,223132.65,A,3718.9689820,N,12158.2523800,W,21.7980,90.8622,101220,,,,
$GPGGA,223133.65,3718.9689100,N,12158.2372060,W,1,0,0.0,0.0000,M,0.0000,M,0.0000,0
$GPRMC,223133.65,A,3718.9689100,N,12158.2372060,W,23.2375,90.1096,101220,,,,
$GPGGA,223134.66,3718.9689400,N,12158.2207060,W,1,0,0.0,0.0000,M,0.0000,M,0.0000,0
$GPRMC,223134.66,A,3718.9689400,N,12158.2207060,W,24.6519,89.7435,101220,,,,
$GPGGA,223135.65,3718.9691020,N,12158.2037560,W,1,0,0.0,0.0000,M,0.0000,M,0.0000,0
$GPRMC,223135.65,A,3718.9691020,N,12158.2037560,W,25.9467,89.0297,101220,,,,
$GPGGA,223136.65,3718.9694560,N,12158.1858580,W,1,0,0.0,0.0000,M,0.0000,M,0.0000,0
$GPRMC,223136.65,A,3718.9694560,N,12158.1858580,W,27.3487,88.2191,101220,,,,
$GPGGA,223137.65,3718.9700320,N,12158.1667600,W,1,0,0.0,0.0000,M,0.0000,M,0.0000,0
$GPRMC,223137.65,A,3718.9700320,N,12158.1667600,W,28.7958,87.5410,101220,,,,
$GPGGA,223138.65,3718.9706980,N,12158.1469540,W,1,0,0.0,0.0000,M,0.0000,M,0.0000,0
$GPRMC,223138.65,A,3718.9706980,N,12158.1469540,W,29.7850,87.5263,101220,,,,
$GPGGA,223139.66,3718.9713400,N,12158.1263560,W,1,0,0.0,0.0000,M,0.0000,M,0.0000,0
$GPRMC,223139.66,A,3718.9713400,N,12158.1263560,W,30.2639,87.8423,101220,,,,
$GPGGA,223140.65,3718.9719460,N,12158.1059860,W,1,0,0.0,0.0000,M,0.0000,M,0.0000,0
$GPRMC,223140.65,A,3718.9719460,N,12158.1059860,W,30.5148,87.8387,101220,,,,
$GPGGA,223141.67,3718.9726180,N,12158.0850340,W,1,0,0.0,0.0000,M,0.0000,M,0.0000,0
$GPRMC,223141.67,A,3718.9726180,N,12158.0850340,W,30.6724,87.5536,101220,,,,
$GPGGA,223142.65,3718.9733020,N,12158.0646340,W,1,0,0.0,0.0000,M,0.0000,M,0.0000,0
$GPRMC,223142.65,A,3718.9733020,N,12158.0646340,W,30.4632,87.6492,101220,,,,
$GPGGA,223143.65,3718.9739500,N,12158.0441440,W,1,0,0.0,0.0000,M,0.0000,M,0.0000,0
$GPRMC,223143.65,A,3718.9739500,N,12158.0441440,W,30.0165,87.6542,101220,,,,
$GPGGA,223144.66,3718.9745920,N,12158.0238400,W,1,0,0.0,0.0000,M,0.0000,M,0.0000,0
$GPRMC,223144.66,A,3718.9745920,N,12158.0238400,W,29.4835,87.6533,101220,,,,
$GPGGA,223145.65,3718.9751980,N,12158.0042500,W,1,0,0.0,0.0000,M,0.0000,M,0.0000,0
$GPRMC,223145.65,A,3718.9751980,N,12158.0042500,W,28.9450,87.8148,101220,,,,
$GPGGA,223146.67,3718.9757680,N,12157.9846180,W,1,0,0.0,0.0000,M,0.0000,M,0.0000,0
$GPRMC,223146.67,A,3718.9757680,N,12157.9846180,W,28.4088,87.8818,101220,,,,
$GPGGA,223147.66,3718.9763440,N,12157.9657480,W,1,0,0.0,0.0000,M,0.0000,M,0.0000,0
$GPRMC,223147.66,A,3718.9763440,N,12157.9657480,W,27.9269,87.6169,101220,,,,
$GPGGA,223148.65,3718.9769500,N,12157.9472020,W,1,0,0.0,0.0000,M,0.0000,M,0.0000,0
$GPRMC,223148.65,A,3718.9769500,N,12157.9472020,W,27.4846,87.5687,101220,,,,
$GPGGA,223149.66,3718.9775380,N,12157.9284640,W,1,0,0.0,0.0000,M,0.0000,M,0.0000,0
$GPRMC,223149.66,A,3718.9775380,N,12157.9284640,W,27.0696,87.7497,101220,,,,
$GPGGA,223150.65,3718.9781020,N,12157.9104400,W,1,0,0.0,0.0000,M,0.0000,M,0.0000,0
$GPRMC,223150.65,A,3718.9781020,N,12157.9104400,W,26.6989,87.5953,101220,,,,
$GPGGA,223151.67,3718.9786960,N,12157.8922420,W,1,0,0.0,0.0000,M,0.0000,M,0.0000,0
$GPRMC,223151.67,A,3718.9786960,N,12157.8922420,W,26.3590,87.6385,101220,,,,
$GPGGA,223152.66,3718.9792180,N,12157.8746380,W,1,0,0.0,0.0000,M,0.0000,M,0.0000,0
$GPRMC,223152.66,A,3718.9792180,N,12157.8746380,W,26.1832,87.8820,101220,,,,
$GPGGA,223153.65,3718.9796860,N,12157.8570880,W,1,0,0.0,0.0000,M,0.0000,M,0.0000,0
$GPRMC,223153.65,A,3718.9796860,N,12157.8570880,W,26.2078,88.4359,101220,,,,
$GPGGA,223154.66,3718.9799740,N,12157.8390460,W,1,0,0.0,0.0000,M,0.0000,M,0.0000,0
$GPRMC,223154.66,A,3718.9799740,N,12157.8390460,W,26.4780,89.2063,101220,,,,
$GPGGA,223155.65,3718.9800400,N,12157.8212260,W,1,0,0.0,0.0000,M,0.0000,M,0.0000,0
$GPRMC,223155.65,A,3718.9800400,N,12157.8212260,W,26.6210,90.0192,101220,,,,
$GPGGA,223156.64,3718.9799440,N,12157.8034600,W,1,0,0.0,0.0000,M,0.0000,M,0.0000,0
$GPRMC,223156.64,A,3718.9799440,N,12157.8034600,W,26.5486,90.5667,101220,,,,
$GPGGA,223157.65,3718.9797280,N,12157.7852500,W,1,0,0.0,0.0000,M,0.0000,M,0.0000,0
$GPRMC,223157.65,A,3718.9797280,N,12157.7852500,W,26.6103,90.8707,101220,,,,
$GPGGA,223158.65,3718.9794640,N,12157.7672440,W,1,0,0.0,0.0000,M,0.0000,M,0.0000,0
$GPRMC,223158.65,A,3718.9794640,N,12157.7672440,W,26.8507,91.0247,101220,,,,
$GPGGA,223159.66,3718.9791880,N,12157.7487460,W,1,0,0.0,0.0000,M,0.0000,M,0.0000,0
$GPRMC,223159.66,A,3718.9791880,N,12157.7487460,W,27.1817,90.9449,101220,,,,
$GPGGA,223200.65,3718.9789420,N,12157.7303380,W,1,0,0.0,0.0000,M,0.0000,M,0.0000,0
$GPRMC,223200.65,A,3718.9789420,N,12157.7303380,W,27.5447,90.8190,101220,,,,
$GPGGA,223201.67,3718.9787140,N,12157.7113240,W,1,0,0.0,0.0000,M,0.0000,M,0.0000,0
$GPRMC,223201.67,A,3718.9787140,N,12157.7113240,W,27.9591,90.7685,101220,,,,
$GPGGA,223202.66,3718.9784860,N,12157.6925020,W,1,0,0.0,0.0000,M,0.0000,M,0.0000,0
$GPRMC,223202.66,A,3718.9784860,N,12157.6925020,W,28.2568,90.8276,101220,,,,
$GPGGA,223203.65,3718.9782280,N,12157.6734940,W,1,0,0.0,0.0000,M,0.0000,M,0.0000,0
$GPRMC,223203.65,A,3718.9782280,N,12157.6734940,W,28.5198,90.8944,101220,,,,
$GPGGA,223204.66,3718.9779580,N,12157.6537780,W,1,0,0.0,0.0000,M,0.0000,M,0.0000,0
$GPRMC,223204.66,A,3718.9779580,N,12157.6537780,W,28.8054,90.9688,101220,,,,
$GPGGA,223205.65,3718.9776640,N,12157.6343500,W,1,0,0.0,0.0000,M,0.0000,M,0.0000,0
$GPRMC,223205.65,A,3718.9776640,N,12157.6343500,W,29.1807,91.0212,101220,,,,
$GPGGA,223206.67,3718.9773640,N,12157.6141780,W,1,0,0.0,0.0000,M,0.0000,M,0.0000,0
$GPRMC,223206.67,A,3718.9773640,N,12157.6141780,W,29.7483,90.9632,101220,,,,
$GPGGA,223207.66,3718.9771120,N,12157.5939520,W,1,0,0.0,0.0000,M,0.0000,M,0.0000,0
$GPRMC,223207.66,A,3718.9771120,N,12157.5939520,W,30.4225,90.7817,101220,,,,
$GPGGA,223208.65,3718.9769140,N,12157.5733840,W,1,0,0.0,0.0000,M,0.0000,M,0.0000,0
$GPRMC,223208.65,A,3718.9769140,N,12157.5733840,W,31.0086,90.6349,101220,,,,
$GPGGA,223209.66,3718.9767160,N,12157.5519940,W,1,0,0.0,0.0000,M,0.0000,M,0.0000,0
$GPRMC,223209.66,A,3718.9767160,N,12157.5519940,W,31.3980,90.7600,101220,,,,
$GPGGA,223210.65,3718.9765540,N,12157.5307900,W,1,0,0.0,0.0000,M,0.0000,M,0.0000,0
$GPRMC,223210.65,A,3718.9765540,N,12157.5307900,W,31.6919,90.3270,101220,,,,
$GPGGA,223211.66,3718.9765540,N,12157.5090400,W,1,0,0.0,0.0000,M,0.0000,M,0.0000,0
$GPRMC,223211.66,A,3718.9765540,N,12157.5090400,W,31.8255,89.5538,101220,,,,
$GPGGA,223212.66,3718.9768240,N,12157.4876380,W,1,0,0.0,0.0000,M,0.0000,M,0.0000,0
$GPRMC,223212.66,A,3718.9768240,N,12157.4876380,W,31.8102,88.6472,101220,,,,
$GPGGA,223213.65,3718.9773100,N,12157.4663440,W,1,0,0.0,0.0000,M,0.0000,M,0.0000,0
$GPRMC,223213.65,A,3718.9773100,N,12157.4663440,W,31.5886,88.1128,101220,,,,
$GPGGA,223214.66,3718.9778740,N,12157.4448700,W,1,0,0.0,0.0000,M,0.0000,M,0.0000,0
$GPRMC,223214.66,A,3718.9778740,N,12157.4448700,W,31.2263,88.0499,101220,,,,
$GPGGA,223215.65,3718.9783960,N,12157.4240620,W,1,0,0.0,0.0000,M,0.0000,M,0.0000,0
$GPRMC,223215.65,A,3718.9783960,N,12157.4240620,W,30.8370,88.2100,101220,,,,
$GPGGA,223216.65,3718.9789360,N,12157.4034520,W,1,0,0.0,0.0000,M,0.0000,M,0.0000,0
$GPRMC,223216.65,A,3718.9789360,N,12157.4034520,W,30.4402,87.9174,101220,,,,
$GPGGA,223217.66,3718.9796800,N,12157.3827880,W,1,0,0.0,0.0000,M,0.0000,M,0.0000,0
$GPRMC,223217.66,A,3718.9796800,N,12157.3827880,W,30.0470,86.7466,101220,,,,
$GPGGA,223218.65,3718.9807300,N,12157.3626940,W,1,0,0.0,0.0000,M,0.0000,M,0.0000,0
$GPRMC,223218.65,A,3718.9807300,N,12157.3626940,W,29.7028,85.7179,101220,,,,
$GPGGA,223219.66,3718.9819900,N,12157.3426240,W,1,0,0.0,0.0000,M,0.0000,M,0.0000,0
$GPRMC,223219.66,A,3718.9819900,N,12157.3426240,W,29.3804,85.3095,101220,,,,
$GPGGA,223220.65,3718.9832620,N,12157.3230280,W,1,0,0.0,0.0000,M,0.0000,M,0.0000,0
$GPRMC,223220.65,A,3718.9832620,N,12157.3230280,W,29.0382,85.2932,101220,,,,
$GPGGA,223221.66,3718.9844380,N,12157.3033540,W,1,0,0.0,0.0000,M,0.0000,M,0.0000,0
$GPRMC,223221.66,A,3718.9844380,N,12157.3033540,W,28.6652,86.1127,101220,,,,
$GPGGA,223222.66,3718.9853140,N,12157.2842380,W,1,0,0.0,0.0000,M,0.0000,M,0.0000,0
$GPRMC,223222.66,A,3718.9853140,N,12157.2842380,W,28.2813,87.2987,101220,,,,
$GPGGA,223223.65,3718.9858420,N,12157.2653740,W,1,0,0.0,0.0000,M,0.0000,M,0.0000,0
$GPRMC,223223.65,A,3718.9858420,N,12157.2653740,W,27.8973,88.4608,101220,,,,
$GPGGA,223224.66,3718.9861600,N,12157.2464200,W,1,0,0.0,0.0000,M,0.0000,M,0.0000,0
$GPRMC,223224.66,A,3718.9861600,N,12157.2464200,W,27.5422,88.9200,101220,,,,
$GPGGA,223225.65,3718.9864480,N,12157.2280420,W,1,0,0.0,0.0000,M,0.0000,M,0.0000,0
$GPRMC,223225.65,A,3718.9864480,N,12157.2280420,W,27.1803,88.5946,101220,,,,
$GPGGA,223226.66,3718.9868320,N,12157.2095380,W,1,0,0.0,0.0000,M,0.0000,M,0.0000,0
$GPRMC,223226.66,A,3718.9868320,N,12157.2095380,W,26.7708,88.3210,101220,,,,
$GPGGA,223227.66,3718.9872220,N,12157.1916940,W,1,0,0.0,0.0000,M,0.0000,M,0.0000,0
$GPRMC,223227.66,A,3718.9872220,N,12157.1916940,W,26.3441,88.2511,101220,,,,
$GPGGA,223228.65,3718.9876060,N,12157.1742280,W,1,0,0.0,0.0000,M,0.0000,M,0.0000,0
$GPRMC,223228.65,A,3718.9876060,N,12157.1742280,W,25.9103,88.2578,101220,,,,
$GPGGA,223229.66,3718.9879780,N,12157.1567260,W,1,0,0.0,0.0000,M,0.0000,M,0.0000,0
$GPRMC,223229.66,A,3718.9879780,N,12157.1567260,W,24.9446,88.3202,101220,,,,
$GPGGA,223230.65,3718.9883080,N,12157.1406340,W,1,0,0.0,0.0000,M,0.0000,M,0.0000,0
$GPRMC,223230.65,A,3718.9883080,N,12157.1406340,W,22.7129,88.4178,101220,,,,
$GPGGA,223231.67,3718.9885840,N,12157.1260060,W,1,0,0.0,0.0000,M,0.0000,M,0.0000,0
$GPRMC,223231.67,A,3718.9885840,N,12157.1260060,W,19.9219,88.4429,101220,,,,
$GPGGA,223232.66,3718.9887940,N,12157.1136640,W,1,0,0.0,0.0000,M,0.0000,M,0.0000,0
$GPRMC,223232.66,A,3718.9887940,N,12157.1136640,W,16.8063,88.5427,101220,,,,
$GPGGA,223233.65,3718.9887040,N,12157.1035180,W,1,0,0.0,0.0000,M,0.0000,M,0.0000,0
$GPRMC,223233.65,A,3718.9887040,N,12157.1035180,W,13.2956,92.9017,101220,,,,
$GPGGA,223234.66,3718.9875340,N,12157.0957060,W,1,0,0.0,0.0000,M,0.0000,M,0.0000,0
$GPRMC,223234.66,A,3718.9875340,N,12157.0957060,W,10.2646,106.4632,101220,,,,
$GPGGA,223235.65,3718.9851220,N,12157.0904380,W,1,0,0.0,0.0000,M,0.0000,M,0.0000,0
$GPRMC,223235.65,A,3718.9851220,N,12157.0904380,W,8.1940,126.6382,101220,,,,
$GPGGA,223236.65,3718.9820080,N,12157.0876120,W,1,0,0.0,0.0000,M,0.0000,M,0.0000,0
$GPRMC,223236.65,A,3718.9820080,N,12157.0876120,W,6.4456,149.5542,101220,,,,
$GPGGA,223237.66,3718.9791940,N,12157.0865140,W,1,0,0.0,0.0000,M,0.0000,M,0.0000,0
$GPRMC,223237.66,A,3718.9791940,N,12157.0865140,W,4.4288,163.8319,101220,,,,
$GPGGA,223238.65,3718.9773400,N,12157.0860400,W,1,0,0.0,0.0000,M,0.0000,M,0.0000,0
$GPRMC,223238.65,A,3718.9773400,N,12157.0860400,W,2.7492,167.2279,101220,,,,
$GPGGA,223239.66,3718.9762840,N,12157.0857700,W,1,0,0.0,0.0000,M,0.0000,M,0.0000,0
$GPRMC,223239.66,A,3718.9762840,N,12157.0857700,W,1.1948,167.4866,101220,,,,
$GPGGA,223240.65,3718.9759720,N,12157.0857040,W,1,0,0.0,0.0000,M,0.0000,M,0.0000,0
$GPRMC,223240.65,A,3718.9759720,N,12157.0857040,W,0.2573,167.5319,101220,,,,
$GPGGA,223241.66,3718.9759300,N,12157.0857100,W,1,0,0.0,0.0000,M,0.0000,M,0.0000,0
$GPRMC,223241.66,A,3718.9759300,N,12157.0857100,W,0.0319,167.5332,101220,,,,
$GPGGA,223242.66,3718.9759180,N,12157.0857160,W,1,0,0.0,0.0000,M,0.0000,M,0.0000,0
$GPRMC,223242.66,A,3718.9759180,N,12157.0857160,W,0.0227,167.5312,101220,,,,
$GPGGA,223243.65,3718.9759060,N,12157.0857280,W,1,0,0.0,0.0000,M,0.0000,M,0.0000,0
$GPRMC,223243.65,A,3718.9759060,N,12157.0857280,W,0.0137,167.5289,101220,,,,
$GPGGA,223244.66,3718.9759060,N,12157.0857280,W,1,0,0.0,0.0000,M,0.0000,M,0.0000,0
$GPRMC,223244.66,A,3718.9759060,N,12157.0857280,W,0.0072,167.5270,101220,,,,
$GPGGA,223245.65,3718.9759120,N,12157.0857280,W,1,0,0.0,0.0000,M,0.0000,M,0.0000,0
$GPRMC,223245.65,A,3718.9759120,N,12157.0857280,W,0.0091,167.5250,101220,,,,
$GPGGA,223246.67,3718.9759120,N,12157.0857280,W,1,0,0.0,0.0000,M,0.0000,M,0.0000,0
$GPRMC,223246.67,A,3718.9759120,N,12157.0857280,W,0.0164,167.5228,101220,,,,
$GPGGA,223247.66,3718.9759180,N,12157.0857280,W,1,0,0.0,0.0000,M,0.0000,M,0.0000,0
$GPRMC,223247.66,A,3718.9759180,N,12157.0857280,W,0.0259,167.5208,101220,,,,
$GPGGA,223248.65,3718.9759240,N,12157.0857220,W,1,0,0.0,0.0000,M,0.0000,M,0.0000,0
$GPRMC,223248.65,A,3718.9759240,N,12157.0857220,W,0.0321,167.5217,101220,,,,
$GPGGA,223249.66,3718.9758280,N,12157.0856800,W,1,0,0.0,0.0000,M,0.0000,M,0.0000,0
$GPRMC,223249.66,A,3718.9758280,N,12157.0856800,W,0.6028,167.5396,101220,,,,
$GPGGA,223250.66,3718.9750780,N,12157.0854220,W,1,0,0.0,0.0000,M,0.0000,M,0.0000,0
$GPRMC,223250.66,A,3718.9750780,N,12157.0854220,W,2.3705,166.5435,101220,,,,
$GPGGA,223251.67,3718.9733800,N,12157.0845100,W,1,0,0.0,0.0000,M,0.0000,M,0.0000,0
$GPRMC,223251.67,A,3718.9733800,N,12157.0845100,W,4.2605,159.2882,101220,,,,
$GPGGA,223252.66,3718.9711840,N,12157.0824400,W,1,0,0.0,0.0000,M,0.0000,M,0.0000,0
$GPRMC,223252.66,A,3718.9711840,N,12157.0824400,W,6.0036,143.8148,101220,,,,
$GPGGA,223253.65,3718.9691260,N,12157.0787980,W,1,0,0.0,0.0000,M,0.0000,M,0.0000,0
$GPRMC,223253.65,A,3718.9691260,N,12157.0787980,W,7.2729,123.7733,101220,,,,
$GPGGA,223254.66,3718.9680040,N,12157.0738300,W,1,0,0.0,0.0000,M,0.0000,M,0.0000,0
$GPRMC,223254.66,A,3718.9680040,N,12157.0738300,W,8.1000,102.5479,101220,,,,
$GPGGA,223255.65,3718.9677940,N,12157.0680880,W,1,0,0.0,0.0000,M,0.0000,M,0.0000,0
$GPRMC,223255.65,A,3718.9677940,N,12157.0680880,W,9.2889,92.0418,101220,,,,
$GPGGA,223256.67,3718.9678120,N,12157.0612960,W,1,0,0.0,0.0000,M,0.0000,M,0.0000,0
$GPRMC,223256.67,A,3718.9678120,N,12157.0612960,W,10.3381,90.2462,101220,,,,
$GPGGA,223257.66,3718.9677640,N,12157.0542700,W,1,0,0.0,0.0000,M,0.0000,M,0.0000,0
$GPRMC,223257.66,A,3718.9677640,N,12157.0542700,W,10.5256,90.9591,101220,,,,
$GPGGA,223258.65,3718.9676380,N,12157.0473460,W,1,0,0.0,0.0000,M,0.0000,M,0.0000,0
$GPRMC,223258.65,A,3718.9676380,N,12157.0473460,W,10.0508,91.6594,101220,,,,
$GPGGA,223259.66,3718.9674760,N,12157.0408900,W,1,0,0.0,0.0000,M,0.0000,M,0.0000,0
$GPRMC,223259.66,A,3718.9674760,N,12157.0408900,W,8.6068,92.0944,101220,,,,
$GPGGA,223300.65,3718.9673200,N,12157.0357840,W,1,0,0.0,0.0000,M,0.0000,M,0.0000,0
$GPRMC,223300.65,A,3718.9673200,N,12157.0357840,W,6.6322,92.3898,101220,,,,
$GPGGA,223301.64,3718.9672000,N,12157.0320220,W,1,0,0.0,0.0000,M,0.0000,M,0.0000,0
$GPRMC,223301.64,A,3718.9672000,N,12157.0320220,W,4.6123,92.4728,101220,,,,
$GPGGA,223302.66,3718.9671160,N,12157.0295080,W,1,0,0.0,0.0000,M,0.0000,M,0.0000,0
$GPRMC,223302.66,A,3718.9671160,N,12157.0295080,W,2.7967,92.4668,101220,,,,
$GPGGA,223303.65,3718.9670620,N,12157.0280860,W,1,0,0.0,0.0000,M,0.0000,M,0.0000,0
$GPRMC,223303.65,A,3718.9670620,N,12157.0280860,W,1.4270,92.4555,101220,,,,
$GPGGA,223304.66,3718.9670440,N,12157.0274920,W,1,0,0.0,0.0000,M,0.0000,M,0.0000,0
$GPRMC,223304.66,A,3718.9670440,N,12157.0274920,W,0.3760,92.4389,101220,,,,
$GPGGA,223305.65,3718.9670380,N,12157.0273900,W,1,0,0.0,0.0000,M,0.0000,M,0.0000,0
$GPRMC,223305.65,A,3718.9670380,N,12157.0273900,W,0.0247,92.4322,101220,,,,
$GPGGA,223306.65,3718.9670320,N,12157.0273900,W,1,0,0.0,0.0000,M,0.0000,M,0.0000,0
$GPRMC,223306.65,A,3718.9670320,N,12157.0273900,W,0.0056,92.4290,101220,,,,
$GPGGA,223307.66,3718.9670320,N,12157.0273900,W,1,0,0.0,0.0000,M,0.0000,M,0.0000,0
$GPRMC,223307.66,A,3718.9670320,N,12157.0273900,W,0.0043,92.4273,101220,,,,
$GPGGA,223308.65,3718.9670320,N,12157.0273900,W,1,0,0.0,0.0000,M,0.0000,M,0.0000,0
$GPRMC,223308.65,A,3718.9670320,N,12157.0273900,W,0.0040,92.4261,101220,,,,
$GPGGA,223309.66,3718.9670320,N,12157.0273900,W,1,0,0.0,0.0000,M,0.0000,M,0.0000,0
$GPRMC,223309.66,A,3718.9670320,N,12157.0273900,W,0.0041,92.4243,101220,,,,
$GPGGA,223310.65,3718.9670320,N,12157.0273900,W,1,0,0.0,0.0000,M,0.0000,M,0.0000,0
$GPRMC,223310.65,A,3718.9670320,N,12157.0273900,W,0.0035,92.4229,101220,,,,
$GPGGA,223311.67,3718.9670320,N,12157.0273900,W,1,0,0.0,0.0000,M,0.0000,M,0.0000,0
$GPRMC,223311.67,A,3718.9670320,N,12157.0273900,W,0.0031,92.4213,101220,,,,
$GPGGA,223312.66,3718.9670320,N,12157.0273900,W,1,0,0.0,0.0000,M,0.0000,M,0.0000,0
$GPRMC,223312.66,A,3718.9670320,N,12157.0273900,W,0.0023,92.4195,101220,,,,
$GPGGA,223313.65,3718.9670320,N,12157.0273900,W,1,0,0.0,0.0000,M,0.0000,M,0.0000,0
$GPRMC,223313.65,A,3718.9670320,N,12157.0273900,W,0.0020,92.4176,101220,,,,
$GPGGA,223314.66,3718.9670320,N,12157.0273900,W,1,0,0.0,0.0000,M,0.0000,M,0.0000,0
$GPRMC,223314.66,A,3718.9670320,N,12157.0273900,W,0.0020,92.4159,101220,,,,
$GPGGA,223315.65,3718.9670320,N,12157.0273900,W,1,0,0.0,0.0000,M,0.0000,M,0.0000,0
$GPRMC,223315.65,A,3718.9670320,N,12157.0273900,W,0.0016,92.4143,101220,,,,
$GPGGA,223316.65,3718.9670320,N,12157.0273900,W,1,0,0.0,0.0000,M,0.0000,M,0.0000,0
$GPRMC,223316.65,A,3718.9670320,N,12157.0273900,W,0.0019,92.4128,101220,,,,
$GPGGA,223317.66,3718.9670320,N,12157.0273900,W,1,0,0.0,0.0000,M,0.0000,M,0.0000,0
$GPRMC,223317.66,A,3718.9670320,N,12157.0273900,W,0.0014,92.4111,101220,,,,
$GPGGA,223318.65,3718.9670320,N,12157.0273900,W,1,0,0.0,0.0000,M,0.0000,M,0.0000,0
$GPRMC,223318.65,A,3718.9670320,N,12157.0273900,W,0.0010,92.4092,101220,,,,
$GPGGA,223319.66,3718.9670320,N,12157.0273900,W,1,0,0.0,0.0000,M,0.0000,M,0.0000,0
$GPRMC,223319.66,A,3718.9670320,N,12157.0273900,W,0.0010,92.4075,101220,,,,
$GPGGA,223320.65,3718.9670320,N,12157.0273900,W,1,0,0.0,0.0000,M,0.0000,M,0.0000,0
$GPRMC,223320.65,A,3718.9670320,N,12157.0273900,W,0.0017,92.4060,101220,,,,
$GPGGA,223321.67,3718.9670320,N,12157.0273900,W,1,0,0.0,0.0000,M,0.0000,M,0.0000,0
$GPRMC,223321.67,A,3718.9670320,N,12157.0273900,W,0.0027,92.4042,101220,,,,
$GPGGA,223322.66,3718.9670320,N,12157.0273900,W,1,0,0.0,0.0000,M,0.0000,M,0.0000,0
$GPRMC,223322.66,A,3718.9670320,N,12157.0273900,W,0.0020,92.4028,101220,,,,
$GPGGA,223323.65,3718.9670320,N,12157.0273900,W,1,0,0.0,0.0000,M,0.0000,M,0.0000,0
$GPRMC,223323.65,A,3718.9670320,N,12157.0273900,W,0.0018,92.4014,101220,,,,
$GPGGA,223324.66,3718.9670320,N,12157.0273900,W,1,0,0.0,0.0000,M,0.0000,M,0.0000,0
$GPRMC,223324.66,A,3718.9670320,N,12157.0273900,W,0.0016,92.3999,101220,,,,
$GPGGA,223325.65,3718.9670320,N,12157.0273900,W,1,0,0.0,0.0000,M,0.0000,M,0.0000,0
$GPRMC,223325.65,A,3718.9670320,N,12157.0273900,W,0.0014,92.3984,101220,,,,
$GPGGA,223326.67,3718.9670320,N,12157.0273900,W,1,0,0.0,0.0000,M,0.0000,M,0.0000,0
$GPRMC,223326.67,A,3718.9670320,N,12157.0273900,W,0.0018,92.3963,101220,,,,
$GPGGA,223327.65,3718.9670320,N,12157.0273900,W,1,0,0.0,0.0000,M,0.0000,M,0.0000,0
$GPRMC,223327.65,A,3718.9670320,N,12157.0273900,W,0.0016,92.3945,101220,,,,
$GPGGA,223328.65,3718.9670320,N,12157.0273900,W,1,0,0.0,0.0000,M,0.0000,M,0.0000,0
$GPRMC,223328.65,A,3718.9670320,N,12157.0273900,W,0.0019,92.3929,101220,,,,
$GPGGA,223329.66,3718.9670320,N,12157.0273900,W,1,0,0.0,0.0000,M,0.0000,M,0.0000,0
$GPRMC,223329.66,A,3718.9670320,N,12157.0273900,W,0.0022,92.3914,101220,,,,
$GPGGA,223330.65,3718.9670320,N,12157.0273900,W,1,0,0.0,0.0000,M,0.0000,M,0.0000,0
$GPRMC,223330.65,A,3718.9670320,N,12157.0273900,W,0.0022,92.3898,101220,,,,
$GPGGA,223331.67,3718.9670320,N,12157.0273900,W,1,0,0.0,0.0000,M,0.0000,M,0.0000,0
$GPRMC,223331.67,A,3718.9670320,N,12157.0273900,W,0.0022,92.3882,101220,,,,
$GPGGA,223332.65,3718.9670320,N,12157.0273900,W,1,0,0.0,0.0000,M,0.0000,M,0.0000,0
$GPRMC,223332.65,A,3718.9670320,N,12157.0273900,W,0.0022,92.3865,101220,,,,
$GPGGA,223333.65,3718.9670320,N,12157.0273900,W,1,0,0.0,0.0000,M,0.0000,M,0.0000,0
$GPRMC,223333.65,A,3718.9670320,N,12157.0273900,W,0.0022,92.3848,101220,,,,
$GPGGA,223334.66,3718.9670320,N,12157.0273900,W,1,0,0.0,0.0000,M,0.0000,M,0.0000,0
$GPRMC,223334.66,A,3718.9670320,N,12157.0273900,W,0.0022,92.3831,101220,,,,
$GPGGA,223335.65,3718.9670320,N,12157.0273900,W,1,0,0.0,0.0000,M,0.0000,M,0.0000,0
$GPRMC,223335.65,A,3718.9670320,N,12157.0273900,W,0.0021,92.3815,101220,,,,
$GPGGA,223336.67,3718.9670320,N,12157.0273900,W,1,0,0.0,0.0000,M,0.0000,M,0.0000,0
$GPRMC,223336.67,A,3718.9670320,N,12157.0273900,W,0.0020,92.3800,101220,,,,
$GPGGA,223337.65,3718.9670320,N,12157.0273900,W,1,0,0.0,0.0000,M,0.0000,M,0.0000,0
$GPRMC,223337.65,A,3718.9670320,N,12157.0273900,W,0.0020,92.3784,101220,,,,
$GPGGA,223338.64,3718.9670320,N,12157.0273900,W,1,0,0.0,0.0000,M,0.0000,M,0.0000,0
$GPRMC,223338.64,A,3718.9670320,N,12157.0273900,W,0.0022,92.3768,101220,,,,
$GPGGA,223339.66,3718.9670320,N,12157.0273900,W,1,0,0.0,0.0000,M,0.0000,M,0.0000,0
$GPRMC,223339.66,A,3718.9670320,N,12157.0273900,W,0.0022,92.3749,101220,,,,
$GPGGA,223340.65,3718.9670320,N,12157.0273900,W,1,0,0.0,0.0000,M,0.0000,M,0.0000,0
$GPRMC,223340.65,A,3718.9670320,N,12157.0273900,W,0.0028,92.3733,101220,,,,
$GPGGA,223341.67,3718.9670320,N,12157.0273900,W,1,0,0.0,0.0000,M,0.0000,M,0.0000,0
$GPRMC,223341.67,A,3718.9670320,N,12157.0273900,W,0.0032,92.3717,101220,,,,
$GPGGA,223342.65,3718.9670320,N,12157.0273900,W,1,0,0.0,0.0000,M,0.0000,M,0.0000,0
$GPRMC,223342.65,A,3718.9670320,N,12157.0273900,W,0.0032,92.3703,101220,,,,
$GPGGA,223343.64,3718.9670320,N,12157.0273900,W,1,0,0.0,0.0000,M,0.0000,M,0.0000,0
$GPRMC,223343.64,A,3718.9670320,N,12157.0273900,W,0.0026,92.3687,101220,,,,
$GPGGA,223344.64,3718.9670320,N,12157.0273900,W,1,0,0.0,0.0000,M,0.0000,M,0.0000,0
$GPRMC,223344.64,A,3718.9670320,N,12157.0273900,W,0.0022,92.3671,101220,,,,
$GPGGA,223345.66,3718.9670320,N,12157.0273900,W,1,0,0.0,0.0000,M,0.0000,M,0.0000,0
$GPRMC,223345.66,A,3718.9670320,N,12157.0273900,W,0.0022,92.3654,101220,,,,
$GPGGA,223346.65,3718.9670320,N,12157.0273900,W,1,0,0.0,0.0000,M,0.0000,M,0.0000,0
$GPRMC,223346.65,A,3718.9670320,N,12157.0273900,W,0.0014,92.3638,101220,,,,
$GPGGA,223347.66,3718.9670320,N,12157.0273900,W,1,0,0.0,0.0000,M,0.0000,M,0.0000,0
$GPRMC,223347.66,A,3718.9670320,N,12157.0273900,W,0.0013,92.3622,101220,,,,
$GPGGA,223348.65,3718.9670320,N,12157.0273900,W,1,0,0.0,0.0000,M,0.0000,M,0.0000,0
$GPRMC,223348.65,A,3718.9670320,N,12157.0273900,W,0.0018,92.3609,101220,,,,
$GPGGA,223349.66,3718.9670320,N,12157.0273900,W,1,0,0.0,0.0000,M,0.0000,M,0.0000,0
$GPRMC,223349.66,A,3718.9670320,N,12157.0273900,W,0.0034,92.3593,101220,,,,
$GPGGA,223350.65,3718.9670320,N,12157.0273900,W,1,0,0.0,0.0000,M,0.0000,M,0.0000,0
$GPRMC,223350.65,A,3718.9670320,N,12157.0273900,W,0.0054,92.3575,101220,,,,
$GPGGA,223351.65,3718.9670320,N,12157.0273900,W,1,0,0.0,0.0000,M,0.0000,M,0.0000,0
$GPRMC,223351.65,A,3718.9670320,N,12157.0273900,W,0.0083,92.3558,101220,,,,
$GPGGA,223352.66,3718.9670320,N,12157.0273960,W,1,0,0.0,0.0000,M,0.0000,M,0.0000,0
$GPRMC,223352.66,A,3718.9670320,N,12157.0273960,W,0.0122,92.3542,101220,,,,
$GPGGA,223353.65,3718.9670320,N,12157.0273960,W,1,0,0.0,0.0000,M,0.0000,M,0.0000,0
$GPRMC,223353.65,A,3718.9670320,N,12157.0273960,W,0.0165,92.3525,101220,,,,
$GPGGA,223354.66,3718.9670320,N,12157.0274020,W,1,0,0.0,0.0000,M,0.0000,M,0.0000,0
$GPRMC,223354.66,A,3718.9670320,N,12157.0274020,W,0.0222,92.3508,101220,,,,
$GPGGA,223355.65,3718.9670380,N,12157.0274080,W,1,0,0.0,0.0000,M,0.0000,M,0.0000,0
$GPRMC,223355.65,A,3718.9670380,N,12157.0274080,W,0.0335,92.3492,101220,,,,
$GPGGA,223356.67,3718.9670320,N,12157.0272100,W,1,0,0.0,0.0000,M,0.0000,M,0.0000,0
$GPRMC,223356.67,A,3718.9670320,N,12157.0272100,W,0.6647,92.3232,101220,,,,
$GPGGA,223357.66,3718.9670200,N,12157.0264060,W,1,0,0.0,0.0000,M,0.0000,M,0.0000,0
$GPRMC,223357.66,A,3718.9670200,N,12157.0264060,W,1.7813,92.2657,101220,,,,
$GPGGA,223358.65,3718.9669900,N,12157.0246900,W,1,0,0.0,0.0000,M,0.0000,M,0.0000,0
$GPRMC,223358.65,A,3718.9669900,N,12157.0246900,W,3.3854,91.8544,101220,,,,
$GPGGA,223359.66,3718.9670440,N,12157.0217500,W,1,0,0.0,0.0000,M,0.0000,M,0.0000,0
$GPRMC,223359.66,A,3718.9670440,N,12157.0217500,W,5.2894,89.0075,101220,,,,
$GPGGA,223400.65,3718.9674880,N,12157.0176820,W,1,0,0.0,0.0000,M,0.0000,M,0.0000,0
$GPRMC,223400.65,A,3718.9674880,N,12157.0176820,W,6.6908,81.5999,101220,,,,
$GPGGA,223401.65,3718.9687060,N,12157.0133020,W,1,0,0.0,0.0000,M,0.0000,M,0.0000,0
$GPRMC,223401.65,A,3718.9687060,N,12157.0133020,W,7.0166,68.7675,101220,,,,
$GPGGA,223402.66,3718.9708840,N,12157.0094980,W,1,0,0.0,0.0000,M,0.0000,M,0.0000,0
$GPRMC,223402.66,A,3718.9708840,N,12157.0094980,W,6.8162,51.5121,101220,,,,
$GPGGA,223403.65,3718.9738960,N,12157.0073080,W,1,0,0.0,0.0000,M,0.0000,M,0.0000,0
$GPRMC,223403.65,A,3718.9738960,N,12157.0073080,W,6.5638,25.9365,101220,,,,
$GPGGA,223404.66,3718.9775080,N,12157.0068760,W,1,0,0.0,0.0000,M,0.0000,M,0.0000,0
$GPRMC,223404.66,A,3718.9775080,N,12157.0068760,W,7.2333,4.9553,101220,,,,
$GPGGA,223405.65,3718.9819840,N,12157.0069900,W,1,0,0.0,0.0000,M,0.0000,M,0.0000,0
$GPRMC,223405.65,A,3718.9819840,N,12157.0069900,W,9.6398,359.6731,101220,,,,
$GPGGA,223406.67,3718.9881700,N,12157.0070380,W,1,0,0.0,0.0000,M,0.0000,M,0.0000,0
$GPRMC,223406.67,A,3718.9881700,N,12157.0070380,W,12.9597,359.9888,101220,,,,
$GPGGA,223407.66,3718.9957360,N,12157.0070740,W,1,0,0.0,0.0000,M,0.0000,M,0.0000,0
$GPRMC,223407.66,A,3718.9957360,N,12157.0070740,W,14.9476,0.0725,101220,,,,
$GPGGA,223408.65,3719.0039440,N,12157.0071160,W,1,0,0.0,0.0000,M,0.0000,M,0.0000,0
$GPRMC,223408.65,A,3719.0039440,N,12157.0071160,W,15.4367,359.9710,101220,,,,
$GPGGA,223409.66,3719.0122360,N,12157.0071580,W,1,0,0.0,0.0000,M,0.0000,M,0.0000,0
$GPRMC,223409.66,A,3719.0122360,N,12157.0071580,W,14.3370,359.6770,101220,,,,
$GPGGA,223410.65,3719.0192080,N,12157.0072540,W,1,0,0.0,0.0000,M,0.0000,M,0.0000,0
$GPRMC,223410.65,A,3719.0192080,N,12157.0072540,W,11.3857,359.1929,101220,,,,
$GPGGA,223411.67,3719.0243320,N,12157.0073800,W,1,0,0.0,0.0000,M,0.0000,M,0.0000,0
$GPRMC,223411.67,A,3719.0243320,N,12157.0073800,W,7.2059,358.9153,101220,,,,
$GPGGA,223412.76,3719.0272720,N,12157.0074520,W,1,0,0.0,0.0000,M,0.0000,M,0.0000,0
$GPRMC,223412.76,A,3719.0272720,N,12157.0074520,W,2.7554,358.9623,101220,,,,
$GPGGA,223413.44,3719.0278960,N,12157.0074640,W,1,0,0.0,0.0000,M,0.0000,M,0.0000,0
$GPRMC,223413.44,A,3719.0278960,N,12157.0074640,W,1.0143,358.9894,101220,,,,
$GPGGA,223414.76,3719.0280880,N,12157.0074640,W,1,0,0.0,0.0000,M,0.0000,M,0.0000,0
$GPRMC,223414.76,A,3719.0280880,N,12157.0074640,W,0.0088,358.9886,101220,,,,
$GPGGA,223415.45,3719.0280880,N,12157.0074640,W,1,0,0.0,0.0000,M,0.0000,M,0.0000,0
$GPRMC,223415.45,A,3719.0280880,N,12157.0074640,W,0.0059,358.9873,101220,,,,
$GPGGA,223416.75,3719.0280880,N,12157.0074640,W,1,0,0.0,0.0000,M,0.0000,M,0.0000,0
$GPRMC,223416.75,A,3719.0280880,N,12157.0074640,W,0.0066,358.9839,101220,,,,
$GPGGA,223417.46,3719.0280880,N,12157.0074640,W,1,0,0.0,0.0000,M,0.0000,M,0.0000,0
$GPRMC,223417.46,A,3719.0280880,N,12157.0074640,W,0.0068,358.9826,101220,,,,
$GPGGA,223418.44,3719.0280880,N,12157.0074640,W,1,0,0.0,0.0000,M,0.0000,M,0.0000,0
$GPRMC,223418.44,A,3719.0280880,N,12157.0074640,W,0.0072,358.9810,101220,,,,
$GPGGA,223419.44,3719.0280820,N,12157.0074640,W,1,0,0.0,0.0000,M,0.0000,M,0.0000,0
$GPRMC,223419.44,A,3719.0280820,N,12157.0074640,W,0.0072,358.9794,101220,,,,
$GPGGA,223420.44,3719.0280820,N,12157.0074640,W,1,0,0.0,0.0000,M,0.0000,M,0.0000,0
$GPRMC,223420.44,A,3719.0280820,N,12157.0074640,W,0.0072,358.9776,101220,,,,
$GPGGA,223421.44,3719.0280820,N,12157.0074580,W,1,0,0.0,0.0000,M,0.0000,M,0.0000,0
$GPRMC,223421.44,A,3719.0280820,N,12157.0074580,W,0.0069,358.9759,101220,,,,
$GPGGA,223422.44,3719.0280760,N,12157.0074580,W,1,0,0.0,0.0000,M,0.0000,M,0.0000,0
$GPRMC,223422.44,A,3719.0280760,N,12157.0074580,W,0.0064,358.9742,101220,,,,
$GPGGA,223423.44,3719.0280760,N,12157.0074580,W,1,0,0.0,0.0000,M,0.0000,M,0.0000,0
$GPRMC,223423.44,A,3719.0280760,N,12157.0074580,W,0.0061,358.9726,101220,,,,
$GPGGA,223424.44,3719.0280700,N,12157.0074580,W,1,0,0.0,0.0000,M,0.0000,M,0.0000,0
$GPRMC,223424.44,A,3719.0280700,N,12157.0074580,W,0.0060,358.9709,101220,,,,
$GPGGA,223425.44,3719.0280700,N,12157.0074520,W,1,0,0.0,0.0000,M,0.0000,M,0.0000,0
$GPRMC,223425.44,A,3719.0280700,N,12157.0074520,W,0.0060,358.9692,101220,,,,
$GPGGA,223426.44,3719.0280640,N,12157.0074520,W,1,0,0.0,0.0000,M,0.0000,M,0.0000,0
$GPRMC,223426.44,A,3719.0280640,N,12157.0074520,W,0.0050,358.9674,101220,,,,
$GPGGA,223427.44,3719.0280640,N,12157.0074520,W,1,0,0.0,0.0000,M,0.0000,M,0.0000,0
$GPRMC,223427.44,A,3719.0280640,N,12157.0074520,W,0.0047,358.9658,101220,,,,
$GPGGA,223428.44,3719.0280640,N,12157.0074520,W,1,0,0.0,0.0000,M,0.0000,M,0.0000,0
$GPRMC,223428.44,A,3719.0280640,N,12157.0074520,W,0.0048,358.9643,101220,,,,
$GPGGA,223429.44,3719.0280640,N,12157.0074520,W,1,0,0.0,0.0000,M,0.0000,M,0.0000,0
$GPRMC,223429.44,A,3719.0280640,N,12157.0074520,W,0.0043,358.9627,101220,,,,
$GPGGA,223430.44,3719.0280640,N,12157.0074520,W,1,0,0.0,0.0000,M,0.0000,M,0.0000,0
$GPRMC,223430.44,A,3719.0280640,N,12157.0074520,W,0.0041,358.9611,101220,,,,
$GPGGA,223431.44,3719.0280640,N,12157.0074520,W,1,0,0.0,0.0000,M,0.0000,M,0.0000,0
$GPRMC,223431.44,A,3719.0280640,N,12157.0074520,W,0.0037,358.9594,101220,,,,
$GPGGA,223432.44,3719.0280640,N,12157.0074520,W,1,0,0.0,0.0000,M,0.0000,M,0.0000,0
$GPRMC,223432.44,A,3719.0280640,N,12157.0074520,W,0.0031,358.9577,101220,,,,
$GPGGA,223433.44,3719.0280640,N,12157.0074520,W,1,0,0.0,0.0000,M,0.0000,M,0.0000,0
$GPRMC,223433.44,A,3719.0280640,N,12157.0074520,W,0.0031,358.9561,101220,,,,
$GPGGA,223434.44,3719.0280640,N,12157.0074520,W,1,0,0.0,0.0000,M,0.0000,M,0.0000,0
$GPRMC,223434.44,A,3719.0280640,N,12157.0074520,W,0.0032,358.9543,101220,,,,
$GPGGA,223435.44,3719.0280640,N,12157.0074520,W,1,0,0.0,0.0000,M,0.0000,M,0.0000,0
$GPRMC,223435.44,A,3719.0280640,N,12157.0074520,W,0.0028,358.9527,101220,,,,
$GPGGA,223436.44,3719.0280580,N,12157.0074520,W,1,0,0.0,0.0000,M,0.0000,M,0.0000,0
$GPRMC,223436.44,A,3719.0280580,N,12157.0074520,W,0.0025,358.9512,101220,,,,
$GPGGA,223437.44,3719.0280400,N,12157.0074520,W,1,0,0.0,0.0000,M,0.0000,M,0.0000,0
$GPRMC,223437.44,A,3719.0280400,N,12157.0074520,W,0.0028,358.9496,101220,,,,
$GPGGA,223438.44,3719.0280340,N,12157.0074460,W,1,0,0.0,0.0000,M,0.0000,M,0.0000,0
$GPRMC,223438.44,A,3719.0280340,N,12157.0074460,W,0.0026,358.9480,101220,,,,
$GPGGA,223439.44,3719.0280340,N,12157.0074460,W,1,0,0.0,0.0000,M,0.0000,M,0.0000,0
$GPRMC,223439.44,A,3719.0280340,N,12157.0074460,W,0.0025,358.9464,101220,,,,
$GPGGA,223440.44,3719.0280340,N,12157.0074460,W,1,0,0.0,0.0000,M,0.0000,M,0.0000,0
$GPRMC,223440.44,A,3719.0280340,N,12157.0074460,W,0.0030,358.9448,101220,,,,
$GPGGA,223441.44,3719.0280340,N,12157.0074520,W,1,0,0.0,0.0000,M,0.0000,M,0.0000,0
$GPRMC,223441.44,A,3719.0280340,N,12157.0074520,W,0.0032,358.9431,101220,,,,
$GPGGA,223442.44,3719.0280340,N,12157.0074520,W,1,0,0.0,0.0000,M,0.0000,M,0.0000,0
$GPRMC,223442.44,A,3719.0280340,N,12157.0074520,W,0.0031,358.9415,101220,,,,
$GPGGA,223443.44,3719.0280340,N,12157.0074520,W,1,0,0.0,0.0000,M,0.0000,M,0.0000,0
$GPRMC,223443.44,A,3719.0280340,N,12157.0074520,W,0.0034,358.9399,101220,,,,
$GPGGA,223444.44,3719.0280340,N,12157.0074520,W,1,0,0.0,0.0000,M,0.0000,M,0.0000,0
$GPRMC,223444.44,A,3719.0280340,N,12157.0074520,W,0.0040,358.9385,101220,,,,
$GPGGA,223445.44,3719.0280340,N,12157.0074520,W,1,0,0.0,0.0000,M,0.0000,M,0.0000,0
$GPRMC,223445.44,A,3719.0280340,N,12157.0074520,W,0.0040,358.9369,101220,,,,
$GPGGA,223446.44,3719.0280340,N,12157.0074520,W,1,0,0.0,0.0000,M,0.0000,M,0.0000,0
$GPRMC,223446.44,A,3719.0280340,N,12157.0074520,W,0.0040,358.9352,101220,,,,
$GPGGA,223447.44,3719.0280340,N,12157.0074520,W,1,0,0.0,0.0000,M,0.0000,M,0.0000,0
$GPRMC,223447.44,A,3719.0280340,N,12157.0074520,W,0.0040,358.9335,101220,,,,
$GPGGA,223448.44,3719.0280340,N,12157.0074520,W,1,0,0.0,0.0000,M,0.0000,M,0.0000,0
$GPRMC,223448.44,A,3719.0280340,N,12157.0074520,W,0.0040,358.9319,101220,,,,
$GPGGA,223449.44,3719.0280340,N,12157.0074520,W,1,0,0.0,0.0000,M,0.0000,M,0.0000,0
$GPRMC,223449.44,A,3719.0280340,N,12157.0074520,W,0.0040,358.9304,101220,,,,
$GPGGA,223450.44,3719.0280340,N,12157.0074520,W,1,0,0.0,0.0000,M,0.0000,M,0.0000,0
$GPRMC,223450.44,A,3719.0280340,N,12157.0074520,W,0.0040,358.9290,101220,,,,
$GPGGA,223451.44,3719.0280340,N,12157.0074520,W,1,0,0.0,0.0000,M,0.0000,M,0.0000,0
$GPRMC,223451.44,A,3719.0280340,N,12157.0074520,W,0.0040,358.9274,101220,,,,
$GPGGA,223452.44,3719.0280340,N,12157.0074520,W,1,0,0.0,0.0000,M,0.0000,M,0.0000,0
$GPRMC,223452.44,A,3719.0280340,N,12157.0074520,W,0.0041,358.9258,101220,,,,
$GPGGA,223453.44,3719.0280340,N,12157.0074520,W,1,0,0.0,0.0000,M,0.0000,M,0.0000,0
$GPRMC,223453.44,A,3719.0280340,N,12157.0074520,W,0.0045,358.9242,101220,,,,
$GPGGA,223454.44,3719.0280340,N,12157.0074520,W,1,0,0.0,0.0000,M,0.0000,M,0.0000,0
$GPRMC,223454.44,A,3719.0280340,N,12157.0074520,W,0.0051,358.9225,101220,,,,
$GPGGA,223455.44,3719.0280340,N,12157.0074520,W,1,0,0.0,0.0000,M,0.0000,M,0.0000,0
$GPRMC,223455.44,A,3719.0280340,N,12157.0074520,W,0.0047,358.9211,101220,,,,
$GPGGA,223456.44,3719.0280340,N,12157.0074520,W,1,0,0.0,0.0000,M,0.0000,M,0.0000,0
$GPRMC,223456.44,A,3719.0280340,N,12157.0074520,W,0.0041,358.9196,101220,,,,
$GPGGA,223457.44,3719.0280340,N,12157.0074520,W,1,0,0.0,0.0000,M,0.0000,M,0.0000,0
$GPRMC,223457.44,A,3719.0280340,N,12157.0074520,W,0.0043,358.9180,101220,,,,
$GPGGA,223458.44,3719.0280340,N,12157.0074520,W,1,0,0.0,0.0000,M,0.0000,M,0.0000,0
$GPRMC,223458.44,A,3719.0280340,N,12157.0074520,W,0.0045,358.9164,101220,,,,
$GPGGA,223459.44,3719.0280340,N,12157.0074520,W,1,0,0.0,0.0000,M,0.0000,M,0.0000,0
$GPRMC,223459.44,A,3719.0280340,N,12157.0074520,W,0.0045,358.9148,101220,,,,
$GPGGA,223500.44,3719.0280340,N,12157.0074520,W,1,0,0.0,0.0000,M,0.0000,M,0.0000,0
$GPRMC,223500.44,A,3719.0280340,N,12157.0074520,W,0.0043,358.9133,101220,,,,
$GPGGA,223501.44,3719.0280340,N,12157.0074520,W,1,0,0.0,0.0000,M,0.0000,M,0.0000,0
$GPRMC,223501.44,A,3719.0280340,N,12157.0074520,W,0.0043,358.9118,101220,,,,
$GPGGA,223502.44,3719.0280340,N,12157.0074520,W,1,0,0.0,0.0000,M,0.0000,M,0.0000,0
$GPRMC,223502.44,A,3719.0280340,N,12157.0074520,W,0.0043,358.9102,101220,,,,
$GPGGA,223503.44,3719.0280340,N,12157.0074520,W,1,0,0.0,0.0000,M,0.0000,M,0.0000,0
$GPRMC,223503.44,A,3719.0280340,N,12157.0074520,W,0.0041,358.9086,101220,,,,
$GPGGA,223504.44,3719.0280340,N,12157.0074520,W,1,0,0.0,0.0000,M,0.0000,M,0.0000,0
$GPRMC,223504.44,A,3719.0280340,N,12157.0074520,W,0.0041,358.9070,101220,,,,
$GPGGA,223505.44,3719.0280340,N,12157.0074520,W,1,0,0.0,0.0000,M,0.0000,M,0.0000,0
$GPRMC,223505.44,A,3719.0280340,N,12157.0074520,W,0.0041,358.9054,101220,,,,
$GPGGA,223506.44,3719.0280340,N,12157.0074520,W,1,0,0.0,0.0000,M,0.0000,M,0.0000,0
$GPRMC,223506.44,A,3719.0280340,N,12157.0074520,W,0.0041,358.9038,101220,,,,
$GPGGA,223507.44,3719.0280340,N,12157.0074520,W,1,0,0.0,0.0000,M,0.0000,M,0.0000,0
$GPRMC,223507.44,A,3719.0280340,N,12157.0074520,W,0.0036,358.9023,101220,,,,
$GPGGA,223508.44,3719.0280340,N,12157.0074520,W,1,0,0.0,0.0000,M,0.0000,M,0.0000,0
$GPRMC,223508.44,A,3719.0280340,N,12157.0074520,W,0.0030,358.9009,101220,,,,
$GPGGA,223509.44,3719.0280340,N,12157.0074520,W,1,0,0.0,0.0000,M,0.0000,M,0.0000,0
$GPRMC,223509.44,A,3719.0280340,N,12157.0074520,W,0.0031,358.8994,101220,,,,
$GPGGA,223510.44,3719.0280340,N,12157.0074520,W,1,0,0.0,0.0000,M,0.0000,M,0.0000,0
$GPRMC,223510.44,A,3719.0280340,N,12157.0074520,W,0.0032,358.8978,101220,,,,
$GPGGA,223511.44,3719.0280340,N,12157.0074520,W,1,0,0.0,0.0000,M,0.0000,M,0.0000,0
$GPRMC,223511.44,A,3719.0280340,N,12157.0074520,W,0.0032,358.8962,101220,,,,
$GPGGA,223512.44,3719.0280340,N,12157.0074520,W,1,0,0.0,0.0000,M,0.0000,M,0.0000,0
$GPRMC,223512.44,A,3719.0280340,N,12157.0074520,W,0.0032,358.8946,101220,,,,
$GPGGA,223513.44,3719.0280340,N,12157.0074520,W,1,0,0.0,0.0000,M,0.0000,M,0.0000,0
$GPRMC,223513.44,A,3719.0280340,N,12157.0074520,W,0.0032,358.8931,101220,,,,
$GPGGA,223514.44,3719.0280340,N,12157.0074520,W,1,0,0.0,0.0000,M,0.0000,M,0.0000,0
$GPRMC,223514.44,A,3719.0280340,N,12157.0074520,W,0.0031,358.8915,101220,,,,
$GPGGA,223515.44,3719.0280340,N,12157.0074520,W,1,0,0.0,0.0000,M,0.0000,M,0.0000,0
$GPRMC,223515.44,A,3719.0280340,N,12157.0074520,W,0.0030,358.8901,101220,,,,
$GPGGA,223516.44,3719.0280340,N,12157.0074520,W,1,0,0.0,0.0000,M,0.0000,M,0.0000,0
$GPRMC,223516.44,A,3719.0280340,N,12157.0074520,W,0.0030,358.8885,101220,,,,
$GPGGA,223517.44,3719.0280340,N,12157.0074520,W,1,0,0.0,0.0000,M,0.0000,M,0.0000,0
$GPRMC,223517.44,A,3719.0280340,N,12157.0074520,W,0.0030,358.8869,101220,,,,
$GPGGA,223518.44,3719.0280340,N,12157.0074520,W,1,0,0.0,0.0000,M,0.0000,M,0.0000,0
$GPRMC,223518.44,A,3719.0280340,N,12157.0074520,W,0.0026,358.8853,101220,,,,
$GPGGA,223519.44,3719.0280340,N,12157.0074520,W,1,0,0.0,0.0000,M,0.0000,M,0.0000,0
$GPRMC,223519.44,A,3719.0280340,N,12157.0074520,W,0.0021,358.8839,101220,,,,
$GPGGA,223520.44,3719.0280340,N,12157.0074520,W,1,0,0.0,0.0000,M,0.0000,M,0.0000,0
$GPRMC,223520.44,A,3719.0280340,N,12157.0074520,W,0.0022,358.8824,101220,,,,
$GPGGA,223521.44,3719.0280340,N,12157.0074520,W,1,0,0.0,0.0000,M,0.0000,M,0.0000,0
$GPRMC,223521.44,A,3719.0280340,N,12157.0074520,W,0.0022,358.8809,101220,,,,
$GPGGA,223522.44,3719.0280340,N,12157.0074520,W,1,0,0.0,0.0000,M,0.0000,M,0.0000,0
$GPRMC,223522.44,A,3719.0280340,N,12157.0074520,W,0.0022,358.8793,101220,,,,
$GPGGA,223523.44,3719.0280340,N,12157.0074520,W,1,0,0.0,0.0000,M,0.0000,M,0.0000,0
$GPRMC,223523.44,A,3719.0280340,N,12157.0074520,W,0.0019,358.8777,101220,,,,
$GPGGA,223524.44,3719.0280340,N,12157.0074520,W,1,0,0.0,0.0000,M,0.0000,M,0.0000,0
$GPRMC,223524.44,A,3719.0280340,N,12157.0074520,W,0.0020,358.8761,101220,,,,
$GPGGA,223525.44,3719.0280340,N,12157.0074520,W,1,0,0.0,0.0000,M,0.0000,M,0.0000,0
$GPRMC,223525.44,A,3719.0280340,N,12157.0074520,W,0.0022,358.8747,101220,,,,
$GPGGA,223526.44,3719.0280340,N,12157.0074520,W,1,0,0.0,0.0000,M,0.0000,M,0.0000,0
$GPRMC,223526.44,A,3719.0280340,N,12157.0074520,W,0.0012,358.8733,101220,,,,
$GPGGA,223527.44,3719.0280340,N,12157.0074520,W,1,0,0.0,0.0000,M,0.0000,M,0.0000,0
$GPRMC,223527.44,A,3719.0280340,N,12157.0074520,W,0.0012,358.8718,101220,,,,
$GPGGA,223528.44,3719.0280340,N,12157.0074520,W,1,0,0.0,0.0000,M,0.0000,M,0.0000,0
$GPRMC,223528.44,A,3719.0280340,N,12157.0074520,W,0.0018,358.8703,101220,,,,
$GPGGA,223529.44,3719.0280340,N,12157.0074520,W,1,0,0.0,0.0000,M,0.0000,M,0.0000,0
$GPRMC,223529.44,A,3719.0280340,N,12157.0074520,W,0.0026,358.8687,101220,,,,
$GPGGA,223530.44,3719.0280340,N,12157.0074520,W,1,0,0.0,0.0000,M,0.0000,M,0.0000,0
$GPRMC,223530.44,A,3719.0280340,N,12157.0074520,W,0.0040,358.8670,101220,,,,
$GPGGA,223531.44,3719.0280340,N,12157.0074520,W,1,0,0.0,0.0000,M,0.0000,M,0.0000,0
$GPRMC,223531.44,A,3719.0280340,N,12157.0074520,W,0.0059,358.8655,101220,,,,
$GPGGA,223532.44,3719.0280340,N,12157.0074520,W,1,0,0.0,0.0000,M,0.0000,M,0.0000,0
$GPRMC,223532.44,A,3719.0280340,N,12157.0074520,W,0.0084,358.8642,101220,,,,
$GPGGA,223533.44,3719.0280340,N,12157.0074520,W,1,0,0.0,0.0000,M,0.0000,M,0.0000,0
$GPRMC,223533.44,A,3719.0280340,N,12157.0074520,W,0.0114,358.8627,101220,,,,
$GPGGA,223534.44,3719.0280340,N,12157.0074520,W,1,0,0.0,0.0000,M,0.0000,M,0.0000,0
$GPRMC,223534.44,A,3719.0280340,N,12157.0074520,W,0.0149,358.8611,101220,,,,
$GPGGA,223535.44,3719.0280340,N,12157.0074520,W,1,0,0.0,0.0000,M,0.0000,M,0.0000,0
$GPRMC,223535.44,A,3719.0280340,N,12157.0074520,W,0.0191,358.8595,101220,,,,
$GPGGA,223536.44,3719.0280340,N,12157.0074520,W,1,0,0.0,0.0000,M,0.0000,M,0.0000,0
$GPRMC,223536.44,A,3719.0280340,N,12157.0074520,W,0.0239,358.8580,101220,,,,
$GPGGA,223537.44,3719.0280340,N,12157.0074520,W,1,0,0.0,0.0000,M,0.0000,M,0.0000,0
$GPRMC,223537.44,A,3719.0280340,N,12157.0074520,W,0.0298,358.8566,101220,,,,
$GPGGA,223538.44,3719.0280340,N,12157.0074520,W,1,0,0.0,0.0000,M,0.0000,M,0.0000,0
$GPRMC,223538.44,A,3719.0280340,N,12157.0074520,W,0.0367,358.8551,101220,,,,
$GPGGA,223539.44,3719.0280400,N,12157.0074580,W,1,0,0.0,0.0000,M,0.0000,M,0.0000,0
$GPRMC,223539.44,A,3719.0280400,N,12157.0074580,W,0.1421,358.8507,101220,,,,
$GPGGA,223540.44,3719.0283220,N,12157.0074820,W,1,0,0.0,0.0000,M,0.0000,M,0.0000,0
$GPRMC,223540.44,A,3719.0283220,N,12157.0074820,W,1.2370,358.5802,101220,,,,
$GPGGA,223541.44,3719.0295460,N,12157.0076620,W,1,0,0.0,0.0000,M,0.0000,M,0.0000,0
$GPRMC,223541.44,A,3719.0295460,N,12157.0076620,W,3.4902,355.7589,101220,,,,
$GPGGA,223542.44,3719.0318380,N,12157.0085740,W,1,0,0.0,0.0000,M,0.0000,M,0.0000,0
$GPRMC,223542.44,A,3719.0318380,N,12157.0085740,W,5.3978,343.3438,101220,,,,
$GPGGA,223543.44,3719.0343880,N,12157.0111000,W,1,0,0.0,0.0000,M,0.0000,M,0.0000,0
$GPRMC,223543.44,A,3719.0343880,N,12157.0111000,W,6.8248,320.1282,101220,,,,
$GPGGA,223544.44,3719.0362900,N,12157.0155280,W,1,0,0.0,0.0000,M,0.0000,M,0.0000,0
$GPRMC,223544.44,A,3719.0362900,N,12157.0155280,W,8.4404,295.1464,101220,,,,
$GPGGA,223545.44,3719.0370880,N,12157.0217320,W,1,0,0.0,0.0000,M,0.0000,M,0.0000,0
$GPRMC,223545.44,A,3719.0370880,N,12157.0217320,W,10.4547,276.2858,101220,,,,
$GPGGA,223546.44,3719.0369380,N,12157.0295680,W,1,0,0.0,0.0000,M,0.0000,M,0.0000,0
$GPRMC,223546.44,A,3719.0369380,N,12157.0295680,W,12.6974,267.4885,101220,,,,
$GPGGA,223547.44,3719.0362420,N,12157.0388980,W,1,0,0.0,0.0000,M,0.0000,M,0.0000,0
$GPRMC,223547.44,A,3719.0362420,N,12157.0388980,W,14.9494,264.7045,101220,,,,
$GPGGA,223548.44,3719.0353120,N,12157.0497640,W,1,0,0.0,0.0000,M,0.0000,M,0.0000,0
$GPRMC,223548.44,A,3719.0353120,N,12157.0497640,W,17.3205,263.8949,101220,,,,
$GPGGA,223549.44,3719.0341300,N,12157.0622260,W,1,0,0.0,0.0000,M,0.0000,M,0.0000,0
$GPRMC,223549.44,A,3719.0341300,N,12157.0622260,W,19.7367,263.4884,101220,,,,
$GPGGA,223550.44,3719.0327260,N,12157.0762840,W,1,0,0.0,0.0000,M,0.0000,M,0.0000,0
$GPRMC,223550.44,A,3719.0327260,N,12157.0762840,W,22.0943,263.0828,101220,,,,
$GPGGA,223551.44,3719.0311540,N,12157.0918540,W,1,0,0.0,0.0000,M,0.0000,M,0.0000,0
$GPRMC,223551.44,A,3719.0311540,N,12157.0918540,W,24.2351,262.7049,101220,,,,
$GPGGA,223552.44,3719.0293780,N,12157.1087620,W,1,0,0.0,0.0000,M,0.0000,M,0.0000,0
$GPRMC,223552.44,A,3719.0293780,N,12157.1087620,W,26.0981,262.4658,101220,,,,
$GPGGA,223553.44,3719.0274400,N,12157.1268520,W,1,0,0.0,0.0000,M,0.0000,M,0.0000,0
$GPRMC,223553.44,A,3719.0274400,N,12157.1268520,W,27.8157,262.3516,101220,,,,
$GPGGA,223554.44,3719.0253280,N,12157.1460400,W,1,0,0.0,0.0000,M,0.0000,M,0.0000,0
$GPRMC,223554.44,A,3719.0253280,N,12157.1460400,W,29.3482,262.0409,101220,,,,
$GPGGA,223555.44,3719.0230480,N,12157.1660920,W,1,0,0.0,0.0000,M,0.0000,M,0.0000,0
$GPRMC,223555.44,A,3719.0230480,N,12157.1660920,W,30.2968,261.8135,101220,,,,
$GPGGA,223556.44,3719.0206900,N,12157.1865040,W,1,0,0.0,0.0000,M,0.0000,M,0.0000,0
$GPRMC,223556.44,A,3719.0206900,N,12157.1865040,W,30.5023,261.7600,101220,,,,
$GPGGA,223557.44,3719.0183200,N,12157.2068860,W,1,0,0.0,0.0000,M,0.0000,M,0.0000,0
$GPRMC,223557.44,A,3719.0183200,N,12157.2068860,W,30.3839,261.6905,101220,,,,
$GPGGA,223558.44,3719.0159440,N,12157.2272140,W,1,0,0.0,0.0000,M,0.0000,M,0.0000,0
$GPRMC,223558.44,A,3719.0159440,N,12157.2272140,W,30.3484,261.6949,101220,,,,
$GPGGA,223559.44,3719.0136040,N,12157.2475360,W,1,0,0.0,0.0000,M,0.0000,M,0.0000,0
$GPRMC,223559.44,A,3719.0136040,N,12157.2475360,W,30.2902,261.8811,101220,,,,
$GPGGA,223600.44,3719.0113480,N,12157.2677800,W,1,0,0.0,0.0000,M,0.0000,M,0.0000,0
$GPRMC,223600.44,A,3719.0113480,N,12157.2677800,W,30.0455,262.1883,101220,,,,
$GPGGA,223601.44,3719.0092360,N,12157.2878380,W,1,0,0.0,0.0000,M,0.0000,M,0.0000,0
$GPRMC,223601.44,A,3719.0092360,N,12157.2878380,W,29.7734,262.5980,101220,,,,
$GPGGA,223602.66,3719.0066860,N,12157.3122760,W,1,0,0.0,0.0000,M,0.0000,M,0.0000,0
$GPRMC,223602.66,A,3719.0066860,N,12157.3122760,W,29.8751,262.3448,101220,,,,
$GPGGA,223603.65,3719.0045260,N,12157.3321840,W,1,0,0.0,0.0000,M,0.0000,M,0.0000,0
$GPRMC,223603.65,A,3719.0045260,N,12157.3321840,W,29.7562,262.1371,101220,,,,
$GPGGA,223604.66,3719.0022940,N,12157.3523320,W,1,0,0.0,0.0000,M,0.0000,M,0.0000,0
$GPRMC,223604.66,A,3719.0022940,N,12157.3523320,W,29.7269,261.9781,101220,,,,
$GPGGA,223605.65,3719.0001640,N,12157.3722400,W,1,0,0.0,0.0000,M,0.0000,M,0.0000,0
$GPRMC,223605.65,A,3719.0001640,N,12157.3722400,W,30.2031,262.7371,101220,,,,
$GPGGA,223606.67,3718.9981900,N,12157.3929880,W,1,0,0.0,0.0000,M,0.0000,M,0.0000,0
$GPRMC,223606.67,A,3718.9981900,N,12157.3929880,W,30.8456,263.3677,101220,,,,
$GPGGA,223607.66,3718.9962640,N,12157.4137540,W,1,0,0.0,0.0000,M,0.0000,M,0.0000,0
$GPRMC,223607.66,A,3718.9962640,N,12157.4137540,W,31.5590,263.3826,101220,,,,
$GPGGA,223608.65,3718.9944700,N,12157.4350960,W,1,0,0.0,0.0000,M,0.0000,M,0.0000,0
$GPRMC,223608.65,A,3718.9944700,N,12157.4350960,W,32.3278,264.7117,101220,,,,
$GPGGA,223609.66,3718.9931200,N,12157.4575000,W,1,0,0.0,0.0000,M,0.0000,M,0.0000,0
$GPRMC,223609.66,A,3718.9931200,N,12157.4575000,W,33.1450,266.6991,101220,,,,
$GPGGA,223610.66,3718.9923220,N,12157.4800060,W,1,0,0.0,0.0000,M,0.0000,M,0.0000,0
$GPRMC,223610.66,A,3718.9923220,N,12157.4800060,W,33.9486,268.1350,101220,,,,
$GPGGA,223611.65,3718.9919200,N,12157.5030220,W,1,0,0.0,0.0000,M,0.0000,M,0.0000,0
$GPRMC,223611.65,A,3718.9919200,N,12157.5030220,W,34.6771,269.2643,101220,,,,
$GPGGA,223612.66,3718.9918660,N,12157.5269500,W,1,0,0.0,0.0000,M,0.0000,M,0.0000,0
$GPRMC,223612.66,A,3718.9918660,N,12157.5269500,W,35.3384,270.2484,101220,,,,
$GPGGA,223613.65,3718.9920880,N,12157.5509860,W,1,0,0.0,0.0000,M,0.0000,M,0.0000,0
$GPRMC,223613.65,A,3718.9920880,N,12157.5509860,W,35.9385,270.9409,101220,,,,
$GPGGA,223614.66,3718.9924780,N,12157.5757360,W,1,0,0.0,0.0000,M,0.0000,M,0.0000,0
$GPRMC,223614.66,A,3718.9924780,N,12157.5757360,W,36.4579,271.1768,101220,,,,
$GPGGA,223615.66,3718.9929220,N,12157.6002580,W,1,0,0.0,0.0000,M,0.0000,M,0.0000,0
$GPRMC,223615.66,A,3718.9929220,N,12157.6002580,W,36.4665,271.2520,101220,,,,
$GPGGA,223616.67,3718.9933480,N,12157.6250860,W,1,0,0.0,0.0000,M,0.0000,M,0.0000,0
$GPRMC,223616.67,A,3718.9933480,N,12157.6250860,W,36.0500,271.1358,101220,,,,
$GPGGA,223617.66,3718.9937260,N,12157.6490800,W,1,0,0.0,0.0000,M,0.0000,M,0.0000,0
$GPRMC,223617.66,A,3718.9937260,N,12157.6490800,W,35.5165,271.0125,101220,,,,
$GPGGA,223618.65,3718.9940800,N,12157.6727800,W,1,0,0.0,0.0000,M,0.0000,M,0.0000,0
$GPRMC,223618.65,A,3718.9940800,N,12157.6727800,W,34.9242,270.9748,101220,,,,
$GPGGA,223619.66,3718.9944100,N,12157.6964920,W,1,0,0.0,0.0000,M,0.0000,M,0.0000,0
$GPRMC,223619.66,A,3718.9944100,N,12157.6964920,W,34.2632,270.9599,101220,,,,
$GPGGA,223620.66,3718.9947340,N,12157.7192680,W,1,0,0.0,0.0000,M,0.0000,M,0.0000,0
$GPRMC,223620.66,A,3718.9947340,N,12157.7192680,W,33.6491,271.0939,101220,,,,
$GPGGA,223621.67,3718.9950940,N,12157.7421100,W,1,0,0.0,0.0000,M,0.0000,M,0.0000,0
$GPRMC,223621.67,A,3718.9950940,N,12157.7421100,W,33.1132,271.0538,101220,,,,
$GPGGA,223622.65,3718.9954120,N,12157.7640220,W,1,0,0.0,0.0000,M,0.0000,M,0.0000,0
$GPRMC,223622.65,A,3718.9954120,N,12157.7640220,W,32.7598,270.8836,101220,,,,
$GPGGA,223623.64,3718.9956580,N,12157.7859160,W,1,0,0.0,0.0000,M,0.0000,M,0.0000,0
$GPRMC,223623.64,A,3718.9956580,N,12157.7859160,W,32.6691,270.6274,101220,,,,
$GPGGA,223624.64,3718.9958140,N,12157.8080020,W,1,0,0.0,0.0000,M,0.0000,M,0.0000,0
$GPRMC,223624.64,A,3718.9958140,N,12157.8080020,W,32.4959,270.2220,101220,,,,
$GPGGA,223625.67,3718.9958080,N,12157.8306400,W,1,0,0.0,0.0000,M,0.0000,M,0.0000,0
$GPRMC,223625.67,A,3718.9958080,N,12157.8306400,W,32.6018,269.5973,101220,,,,
$GPGGA,223626.64,3718.9956100,N,12157.8521560,W,1,0,0.0,0.0000,M,0.0000,M,0.0000,0
$GPRMC,223626.64,A,3718.9956100,N,12157.8521560,W,32.6203,269.0155,101220,,,,
$GPGGA,223627.66,3718.9952380,N,12157.8744580,W,1,0,0.0,0.0000,M,0.0000,M,0.0000,0
$GPRMC,223627.66,A,3718.9952380,N,12157.8744580,W,32.3382,268.6228,101220,,,,
$GPGGA,223628.65,3718.9948540,N,12157.8960640,W,1,0,0.0,0.0000,M,0.0000,M,0.0000,0
$GPRMC,223628.65,A,3718.9948540,N,12157.8960640,W,31.9337,269.0364,101220,,,,
$GPGGA,223629.66,3718.9947100,N,12157.9176220,W,1,0,0.0,0.0000,M,0.0000,M,0.0000,0
$GPRMC,223629.66,A,3718.9947100,N,12157.9176220,W,31.0285,269.9513,101220,,,,
$GPGGA,223630.66,3718.9947460,N,12157.9379380,W,1,0,0.0,0.0000,M,0.0000,M,0.0000,0
$GPRMC,223630.66,A,3718.9947460,N,12157.9379380,W,29.3223,270.0640,101220,,,,
$GPGGA,223631.67,3718.9947760,N,12157.9574080,W,1,0,0.0,0.0000,M,0.0000,M,0.0000,0
$GPRMC,223631.67,A,3718.9947760,N,12157.9574080,W,27.8320,270.0427,101220,,,,
$GPGGA,223632.66,3718.9948480,N,12157.9759120,W,1,0,0.0,0.0000,M,0.0000,M,0.0000,0
$GPRMC,223632.66,A,3718.9948480,N,12157.9759120,W,27.3855,270.2220,101220,,,,
$GPGGA,223633.65,3718.9948420,N,12157.9942600,W,1,0,0.0,0.0000,M,0.0000,M,0.0000,0
$GPRMC,223633.65,A,3718.9948420,N,12157.9942600,W,27.3280,269.5472,101220,,,,
$GPGGA,223634.66,3718.9946020,N,12158.0129500,W,1,0,0.0,0.0000,M,0.0000,M,0.0000,0
$GPRMC,223634.66,A,3718.9946020,N,12158.0129500,W,27.3025,268.4531,101220,,,,
$GPGGA,223635.65,3718.9941100,N,12158.0312680,W,1,0,0.0,0.0000,M,0.0000,M,0.0000,0
$GPRMC,223635.65,A,3718.9941100,N,12158.0312680,W,27.2740,267.6318,101220,,,,
$GPGGA,223636.67,3718.9934740,N,12158.0499280,W,1,0,0.0,0.0000,M,0.0000,M,0.0000,0
$GPRMC,223636.67,A,3718.9934740,N,12158.0499280,W,27.1924,267.4110,101220,,,,
$GPGGA,223637.66,3718.9928440,N,12158.0680240,W,1,0,0.0,0.0000,M,0.0000,M,0.0000,0
$GPRMC,223637.66,A,3718.9928440,N,12158.0680240,W,26.7627,267.4445,101220,,,,
$GPGGA,223638.65,3718.9922500,N,12158.0856640,W,1,0,0.0,0.0000,M,0.0000,M,0.0000,0
$GPRMC,223638.65,A,3718.9922500,N,12158.0856640,W,25.7927,267.5853,101220,,,,
$GPGGA,223639.66,3718.9917520,N,12158.1029320,W,1,0,0.0,0.0000,M,0.0000,M,0.0000,0
$GPRMC,223639.66,A,3718.9917520,N,12158.1029320,W,24.6349,268.4105,101220,,,,
$GPGGA,223640.65,3718.9916320,N,12158.1191320,W,1,0,0.0,0.0000,M,0.0000,M,0.0000,0
$GPRMC,223640.65,A,3718.9916320,N,12158.1191320,W,23.8122,270.2586,101220,,,,
$GPGGA,223641.67,3718.9919440,N,12158.1353380,W,1,0,0.0,0.0000,M,0.0000,M,0.0000,0
$GPRMC,223641.67,A,3718.9919440,N,12158.1353380,W,23.3911,272.1463,101220,,,,
$GPGGA,223642.66,3718.9925920,N,12158.1509380,W,1,0,0.0,0.0000,M,0.0000,M,0.0000,0
$GPRMC,223642.66,A,3718.9925920,N,12158.1509380,W,23.1324,273.3817,101220,,,,
$GPGGA,223643.65,3718.9934320,N,12158.1663340,W,1,0,0.0,0.0000,M,0.0000,M,0.0000,0
$GPRMC,223643.65,A,3718.9934320,N,12158.1663340,W,22.9045,274.0461,101220,,,,
$GPGGA,223644.66,3718.9943260,N,12158.1818620,W,1,0,0.0,0.0000,M,0.0000,M,0.0000,0
$GPRMC,223644.66,A,3718.9943260,N,12158.1818620,W,22.6767,273.8057,101220,,,,
$GPGGA,223645.65,3718.9950160,N,12158.1969880,W,1,0,0.0,0.0000,M,0.0000,M,0.0000,0
$GPRMC,223645.65,A,3718.9950160,N,12158.1969880,W,22.4553,272.5879,101220,,,,
$GPGGA,223646.67,3718.9954480,N,12158.2123300,W,1,0,0.0,0.0000,M,0.0000,M,0.0000,0
$GPRMC,223646.67,A,3718.9954480,N,12158.2123300,W,22.2240,271.4673,101220,,,,
$GPGGA,223647.66,3718.9957720,N,12158.2271620,W,1,0,0.0,0.0000,M,0.0000,M,0.0000,0
$GPRMC,223647.66,A,3718.9957720,N,12158.2271620,W,22.0037,271.5515,101220,,,,
$GPGGA,223648.65,3718.9962160,N,12158.2418620,W,1,0,0.0,0.0000,M,0.0000,M,0.0000,0
$GPRMC,223648.65,A,3718.9962160,N,12158.2418620,W,21.7916,272.5380,101220,,,,
$GPGGA,223649.66,3718.9969600,N,12158.2567060,W,1,0,0.0,0.0000,M,0.0000,M,0.0000,0
$GPRMC,223649.66,A,3718.9969600,N,12158.2567060,W,21.6011,274.0839,101220,,,,
$GPGGA,223650.66,3718.9979920,N,12158.2711060,W,1,0,0.0,0.0000,M,0.0000,M,0.0000,0
$GPRMC,223650.66,A,3718.9979920,N,12158.2711060,W,21.4232,275.6366,101220,,,,
$GPGGA,223651.67,3718.9993600,N,12158.2856020,W,1,0,0.0,0.0000,M,0.0000,M,0.0000,0
$GPRMC,223651.67,A,3718.9993600,N,12158.2856020,W,21.2081,277.2059,101220,,,,
$GPGGA,223652.66,3719.0010160,N,12158.2996480,W,1,0,0.0,0.0000,M,0.0000,M,0.0000,0
$GPRMC,223652.66,A,3719.0010160,N,12158.2996480,W,21.0207,278.8987,101220,,,,
$GPGGA,223653.65,3719.0029600,N,12158.3134240,W,1,0,0.0,0.0000,M,0.0000,M,0.0000,0
$GPRMC,223653.65,A,3719.0029600,N,12158.3134240,W,20.8693,280.5457,101220,,,,
$GPGGA,223654.66,3719.0053720,N,12158.3273920,W,1,0,0.0,0.0000,M,0.0000,M,0.0000,0
$GPRMC,223654.66,A,3719.0053720,N,12158.3273920,W,20.7369,283.4163,101220,,,,
$GPGGA,223655.65,3719.0084080,N,12158.3407420,W,1,0,0.0,0.0000,M,0.0000,M,0.0000,0
$GPRMC,223655.65,A,3719.0084080,N,12158.3407420,W,20.6636,287.3513,101220,,,,
$GPGGA,223656.67,3719.0122060,N,12158.3541160,W,1,0,0.0,0.0000,M,0.0000,M,0.0000,0
$GPRMC,223656.67,A,3719.0122060,N,12158.3541160,W,20.7499,290.6620,101220,,,,
$GPGGA,223657.66,3719.0165320,N,12158.3670340,W,1,0,0.0,0.0000,M,0.0000,M,0.0000,0
$GPRMC,223657.66,A,3719.0165320,N,12158.3670340,W,21.0877,293.8636,101220,,,,
$GPGGA,223658.65,3719.0214460,N,12158.3798500,W,1,0,0.0,0.0000,M,0.0000,M,0.0000,0
$GPRMC,223658.65,A,3719.0214460,N,12158.3798500,W,21.1372,296.2704,101220,,,,
$GPGGA,223659.66,3719.0266180,N,12158.3926240,W,1,0,0.0,0.0000,M,0.0000,M,0.0000,0
$GPRMC,223659.66,A,3719.0266180,N,12158.3926240,W,20.7529,296.8282,101220,,,,
$GPGGA,223700.65,3719.0315860,N,12158.4048820,W,1,0,0.0,0.0000,M,0.0000,M,0.0000,0
$GPRMC,223700.65,A,3719.0315860,N,12158.4048820,W,20.1712,296.6072,101220,,,,
$GPGGA,223701.67,3719.0364340,N,12158.4169000,W,1,0,0.0,0.0000,M,0.0000,M,0.0000,0
$GPRMC,223701.67,A,3719.0364340,N,12158.4169000,W,18.8588,296.5361,101220,,,,
$GPGGA,223702.66,3719.0407720,N,12158.4276280,W,1,0,0.0,0.0000,M,0.0000,M,0.0000,0
$GPRMC,223702.66,A,3719.0407720,N,12158.4276280,W,16.8489,296.6765,101220,,,,
$GPGGA,223703.65,3719.0445280,N,12158.4368140,W,1,0,0.0,0.0000,M,0.0000,M,0.0000,0
$GPRMC,223703.65,A,3719.0445280,N,12158.4368140,W,13.9877,297.1019,101220,,,,
$GPGGA,223704.66,3719.0477860,N,12158.4443260,W,1,0,0.0,0.0000,M,0.0000,M,0.0000,0
$GPRMC,223704.66,A,3719.0477860,N,12158.4443260,W,11.0515,299.3084,101220,,,,
$GPGGA,223705.65,3719.0508160,N,12158.4499120,W,1,0,0.0,0.0000,M,0.0000,M,0.0000,0
$GPRMC,223705.65,A,3719.0508160,N,12158.4499120,W,9.1524,306.7329,101220,,,,
$GPGGA,223706.67,3719.0541820,N,12158.4538660,W,1,0,0.0,0.0000,M,0.0000,M,0.0000,0
$GPRMC,223706.67,A,3719.0541820,N,12158.4538660,W,7.7811,320.6183,101220,,,,
$GPGGA,223707.66,3719.0577040,N,12158.4559420,W,1,0,0.0,0.0000,M,0.0000,M,0.0000,0
$GPRMC,223707.66,A,3719.0577040,N,12158.4559420,W,6.9290,337.7806,101220,,,,
$GPGGA,223708.65,3719.0612140,N,12158.4569740,W,1,0,0.0,0.0000,M,0.0000,M,0.0000,0
$GPRMC,223708.65,A,3719.0612140,N,12158.4569740,W,6.6206,346.4612,101220,,,,
$GPGGA,223709.66,3719.0645800,N,12158.4583300,W,1,0,0.0,0.0000,M,0.0000,M,0.0000,0
$GPRMC,223709.66,A,3719.0645800,N,12158.4583300,W,6.3632,338.7798,101220,,,,
$GPGGA,223710.65,3719.0673580,N,12158.4604900,W,1,0,0.0,0.0000,M,0.0000,M,0.0000,0
$GPRMC,223710.65,A,3719.0673580,N,12158.4604900,W,5.8795,327.3707,101220,,,,
$GPGGA,223711.67,3719.0700100,N,12158.4620680,W,1,0,0.0,0.0000,M,0.0000,M,0.0000,0
$GPRMC,223711.67,A,3719.0700100,N,12158.4620680,W,4.8745,336.8057,101220,,,,
$GPGGA,223712.66,3719.0724100,N,12158.4621580,W,1,0,0.0,0.0000,M,0.0000,M,0.0000,0
$GPRMC,223712.66,A,3719.0724100,N,12158.4621580,W,4.0180,357.3754,101220,,,,
$GPGGA,223713.65,3719.0742880,N,12158.4613900,W,1,0,0.0,0.0000,M,0.0000,M,0.0000,0
$GPRMC,223713.65,A,3719.0742880,N,12158.4613900,W,3.1540,14.4738,101220,,,,
$GPGGA,223714.66,3719.0754820,N,12158.4604240,W,1,0,0.0,0.0000,M,0.0000,M,0.0000,0
$GPRMC,223714.66,A,3719.0754820,N,12158.4604240,W,1.7270,27.1080,101220,,,,
$GPGGA,223715.65,3719.0758780,N,12158.4600160,W,1,0,0.0,0.0000,M,0.0000,M,0.0000,0
$GPRMC,223715.65,A,3719.0758780,N,12158.4600160,W,0.4409,31.1162,101220,,,,
$GPGGA,223716.64,3719.0759320,N,12158.4599440,W,1,0,0.0,0.0000,M,0.0000,M,0.0000,0
$GPRMC,223716.64,A,3719.0759320,N,12158.4599440,W,0.0515,31.2418,101220,,,,
$GPGGA,223717.65,3719.0759680,N,12158.4598900,W,1,0,0.0,0.0000,M,0.0000,M,0.0000,0
$GPRMC,223717.65,A,3719.0759680,N,12158.4598900,W,0.3024,31.2423,101220,,,,
$GPGGA,223718.65,3719.0762320,N,12158.4596620,W,1,0,0.0,0.0000,M,0.0000,M,0.0000,0
$GPRMC,223718.65,A,3719.0762320,N,12158.4596620,W,0.9058,31.3542,101220,,,,
$GPGGA,223719.66,3719.0767060,N,12158.4592660,W,1,0,0.0,0.0000,M,0.0000,M,0.0000,0
$GPRMC,223719.66,A,3719.0767060,N,12158.4592660,W,1.0829,31.7212,101220,,,,
$GPGGA,223720.65,3719.0771800,N,12158.4588580,W,1,0,0.0,0.0000,M,0.0000,M,0.0000,0
$GPRMC,223720.65,A,3719.0771800,N,12158.4588580,W,1.1725,32.2444,101220,,,,
$GPGGA,223721.67,3719.0777980,N,12158.4583120,W,1,0,0.0,0.0000,M,0.0000,M,0.0000,0
$GPRMC,223721.67,A,3719.0777980,N,12158.4583120,W,1.6699,32.8794,101220,,,,
$GPGGA,223722.66,3719.0786200,N,12158.4576100,W,1,0,0.0,0.0000,M,0.0000,M,0.0000,0
$GPRMC,223722.66,A,3719.0786200,N,12158.4576100,W,1.9925,33.2747,101220,,,,
$GPGGA,223723.65,3719.0796280,N,12158.4567520,W,1,0,0.0,0.0000,M,0.0000,M,0.0000,0
$GPRMC,223723.65,A,3719.0796280,N,12158.4567520,W,2.7443,33.5577,101220,,,,
$GPGGA,223724.66,3719.0811880,N,12158.4554320,W,1,0,0.0,0.0000,M,0.0000,M,0.0000,0
$GPRMC,223724.66,A,3719.0811880,N,12158.4554320,W,4.2915,33.6341,101220,,,,
$GPGGA,223725.65,3719.0835280,N,12158.4534760,W,1,0,0.0,0.0000,M,0.0000,M,0.0000,0
$GPRMC,223725.65,A,3719.0835280,N,12158.4534760,W,6.0772,33.5412,101220,,,,
$GPGGA,223726.67,3719.0864980,N,12158.4510100,W,1,0,0.0,0.0000,M,0.0000,M,0.0000,0
$GPRMC,223726.67,A,3719.0864980,N,12158.4510100,W,6.6681,33.4671,101220,,,,
$GPGGA,223727.65,3719.0893480,N,12158.4485920,W,1,0,0.0,0.0000,M,0.0000,M,0.0000,0
$GPRMC,223727.65,A,3719.0893480,N,12158.4485920,W,6.1274,33.9725,101220,,,,
$GPGGA,223728.65,3719.0919400,N,12158.4463720,W,1,0,0.0,0.0000,M,0.0000,M,0.0000,0
$GPRMC,223728.65,A,3719.0919400,N,12158.4463720,W,5.5222,34.0938,101220,,,,
$GPGGA,223729.66,3719.0944420,N,12158.4447400,W,1,0,0.0,0.0000,M,0.0000,M,0.0000,0
$GPRMC,223729.66,A,3719.0944420,N,12158.4447400,W,4.6371,24.7133,101220,,,,
$GPGGA,223730.65,3719.0965780,N,12158.4451180,W,1,0,0.0,0.0000,M,0.0000,M,0.0000,0
$GPRMC,223730.65,A,3719.0965780,N,12158.4451180,W,3.8101,352.1323,101220,,,,
$GPGGA,223731.67,3719.0975620,N,12158.4473560,W,1,0,0.0,0.0000,M,0.0000,M,0.0000,0
$GPRMC,223731.67,A,3719.0975620,N,12158.4473560,W,3.6505,307.3177,101220,,,,
$GPGGA,223732.65,3719.0968960,N,12158.4498340,W,1,0,0.0,0.0000,M,0.0000,M,0.0000,0
$GPRMC,223732.65,A,3719.0968960,N,12158.4498340,W,4.0205,262.3184,101220,,,,
$GPGGA,223733.65,3719.0948860,N,12158.4517240,W,1,0,0.0,0.0000,M,0.0000,M,0.0000,0
$GPRMC,223733.65,A,3719.0948860,N,12158.4517240,W,5.3287,224.6251,101220,,,,
$GPGGA,223734.66,3719.0917480,N,12158.4535600,W,1,0,0.0,0.0000,M,0.0000,M,0.0000,0
$GPRMC,223734.66,A,3719.0917480,N,12158.4535600,W,7.5753,208.0291,101220,,,,
$GPGGA,223735.65,3719.0873560,N,12158.4561700,W,1,0,0.0,0.0000,M,0.0000,M,0.0000,0
$GPRMC,223735.65,A,3719.0873560,N,12158.4561700,W,10.5623,206.2017,101220,,,,
$GPGGA,223736.67,3719.0813680,N,12158.4600040,W,1,0,0.0,0.0000,M,0.0000,M,0.0000,0
$GPRMC,223736.67,A,3719.0813680,N,12158.4600040,W,13.8959,207.7175,101220,,,,
$GPGGA,223737.65,3719.0742760,N,12158.4649660,W,1,0,0.0,0.0000,M,0.0000,M,0.0000,0
$GPRMC,223737.65,A,3719.0742760,N,12158.4649660,W,16.5284,210.0614,101220,,,,
$GPGGA,223738.65,3719.0661340,N,12158.4711820,W,1,0,0.0,0.0000,M,0.0000,M,0.0000,0
$GPRMC,223738.65,A,3719.0661340,N,12158.4711820,W,18.5096,212.1225,101220,,,,
$GPGGA,223739.67,3719.0574100,N,12158.4782320,W,1,0,0.0,0.0000,M,0.0000,M,0.0000,0
$GPRMC,223739.67,A,3719.0574100,N,12158.4782320,W,19.0944,213.1634,101220,,,,
$GPGGA,223740.65,3719.0489320,N,12158.4852520,W,1,0,0.0,0.0000,M,0.0000,M,0.0000,0
$GPRMC,223740.65,A,3719.0489320,N,12158.4852520,W,18.9554,213.6304,101220,,,,
$GPGGA,223741.67,3719.0403400,N,12158.4924280,W,1,0,0.0,0.0000,M,0.0000,M,0.0000,0
$GPRMC,223741.67,A,3719.0403400,N,12158.4924280,W,18.6803,213.7722,101220,,,,
$GPGGA,223742.65,3719.0322340,N,12158.4992140,W,1,0,0.0,0.0000,M,0.0000,M,0.0000,0
$GPRMC,223742.65,A,3719.0322340,N,12158.4992140,W,17.6600,213.8201,101220,,,,
$GPGGA,223743.65,3719.0248060,N,12158.5054360,W,1,0,0.0,0.0000,M,0.0000,M,0.0000,0
$GPRMC,223743.65,A,3719.0248060,N,12158.5054360,W,15.2964,213.8248,101220,,,,
$GPGGA,223744.66,3719.0184700,N,12158.5106560,W,1,0,0.0,0.0000,M,0.0000,M,0.0000,0
$GPRMC,223744.66,A,3719.0184700,N,12158.5106560,W,12.2878,212.4949,101220,,,,
$GPGGA,223745.66,3719.0133460,N,12158.5139980,W,1,0,0.0,0.0000,M,0.0000,M,0.0000,0
$GPRMC,223745.66,A,3719.0133460,N,12158.5139980,W,9.5123,203.3036,101220,,,,
$GPGGA,223746.67,3719.0087980,N,12158.5150600,W,1,0,0.0,0.0000,M,0.0000,M,0.0000,0
$GPRMC,223746.67,A,3719.0087980,N,12158.5150600,W,8.0288,184.9363,101220,,,,
$GPGGA,223747.66,3719.0048860,N,12158.5137400,W,1,0,0.0,0.0000,M,0.0000,M,0.0000,0
$GPRMC,223747.66,A,3719.0048860,N,12158.5137400,W,7.5938,160.3896,101220,,,,
$GPGGA,223748.65,3719.0019700,N,12158.5103740,W,1,0,0.0,0.0000,M,0.0000,M,0.0000,0
$GPRMC,223748.65,A,3719.0019700,N,12158.5103740,W,7.7310,133.9207,101220,,,,
$GPGGA,223749.66,3718.9999600,N,12158.5055860,W,1,0,0.0,0.0000,M,0.0000,M,0.0000,0
$GPRMC,223749.66,A,3718.9999600,N,12158.5055860,W,8.4508,117.0146,101220,,,,
$GPGGA,223750.65,3718.9983700,N,12158.4999520,W,1,0,0.0,0.0000,M,0.0000,M,0.0000,0
$GPRMC,223750.65,A,3718.9983700,N,12158.4999520,W,9.3808,109.4601,101220,,,,
$GPGGA,223751.67,3718.9968640,N,12158.4933460,W,1,0,0.0,0.0000,M,0.0000,M,0.0000,0
$GPRMC,223751.67,A,3718.9968640,N,12158.4933460,W,10.7446,105.8649,101220,,,,
$GPGGA,223752.66,3718.9953100,N,12158.4858160,W,1,0,0.0,0.0000,M,0.0000,M,0.0000,0
$GPRMC,223752.66,A,3718.9953100,N,12158.4858160,W,12.4928,104.8448,101220,,,,
$GPGGA,223753.65,3718.9935220,N,12158.4770860,W,1,0,0.0,0.0000,M,0.0000,M,0.0000,0
$GPRMC,223753.65,A,3718.9935220,N,12158.4770860,W,14.4596,104.7227,101220,,,,
$GPGGA,223754.66,3718.9914220,N,12158.4667600,W,1,0,0.0,0.0000,M,0.0000,M,0.0000,0
$GPRMC,223754.66,A,3718.9914220,N,12158.4667600,W,16.5418,104.5272,101220,,,,
$GPGGA,223755.65,3718.9891120,N,12158.4553480,W,1,0,0.0,0.0000,M,0.0000,M,0.0000,0
$GPRMC,223755.65,A,3718.9891120,N,12158.4553480,W,18.5020,104.3463,101220,,,,
$GPGGA,223756.67,3718.9865680,N,12158.4425500,W,1,0,0.0,0.0000,M,0.0000,M,0.0000,0
$GPRMC,223756.67,A,3718.9865680,N,12158.4425500,W,19.7595,104.1966,101220,,,,
$GPGGA,223757.66,3718.9840060,N,12158.4295960,W,1,0,0.0,0.0000,M,0.0000,M,0.0000,0
$GPRMC,223757.66,A,3718.9840060,N,12158.4295960,W,19.8956,104.2235,101220,,,,
$GPGGA,223758.64,3718.9815040,N,12158.4168160,W,1,0,0.0,0.0000,M,0.0000,M,0.0000,0
$GPRMC,223758.64,A,3718.9815040,N,12158.4168160,W,19.5545,103.9051,101220,,,,
$GPGGA,223759.66,3718.9791160,N,12158.4037960,W,1,0,0.0,0.0000,M,0.0000,M,0.0000,0
$GPRMC,223759.66,A,3718.9791160,N,12158.4037960,W,19.2917,102.7783,101220,,,,
$GPGGA,223800.65,3718.9770820,N,12158.3910880,W,1,0,0.0,0.0000,M,0.0000,M,0.0000,0
$GPRMC,223800.65,A,3718.9770820,N,12158.3910880,W,19.3839,100.8238,101220,,,,
$GPGGA,223801.67,3718.9754320,N,12158.3778700,W,1,0,0.0,0.0000,M,0.0000,M,0.0000,0
$GPRMC,223801.67,A,3718.9754320,N,12158.3778700,W,19.6791,97.6965,101220,,,,
$GPGGA,223802.66,3718.9744060,N,12158.3646160,W,1,0,0.0,0.0000,M,0.0000,M,0.0000,0
$GPRMC,223802.66,A,3718.9744060,N,12158.3646160,W,20.0095,94.8931,101220,,,,
$GPGGA,223803.64,3718.9737280,N,12158.3511640,W,1,0,0.0,0.0000,M,0.0000,M,0.0000,0
$GPRMC,223803.64,A,3718.9737280,N,12158.3511640,W,20.4322,93.5132,101220,,,,
$GPGGA,223804.66,3718.9730860,N,12158.3369800,W,1,0,0.0,0.0000,M,0.0000,M,0.0000,0
$GPRMC,223804.66,A,3718.9730860,N,12158.3369800,W,20.9278,93.6568,101220,,,,
$GPGGA,223805.65,3718.9723720,N,12158.3227960,W,1,0,0.0,0.0000,M,0.0000,M,0.0000,0
$GPRMC,223805.65,A,3718.9723720,N,12158.3227960,W,21.3196,94.1795,101220,,,,
$GPGGA,223806.65,3718.9715320,N,12158.3084980,W,1,0,0.0,0.0000,M,0.0000,M,0.0000,0
$GPRMC,223806.65,A,3718.9715320,N,12158.3084980,W,21.2431,94.8039,101220,,,,
$GPGGA,223807.65,3718.9706320,N,12158.2941700,W,1,0,0.0,0.0000,M,0.0000,M,0.0000,0
$GPRMC,223807.65,A,3718.9706320,N,12158.2941700,W,20.9087,94.6256,101220,,,,
$GPGGA,223808.65,3718.9699480,N,12158.2801060,W,1,0,0.0,0.0000,M,0.0000,M,0.0000,0
$GPRMC,223808.65,A,3718.9699480,N,12158.2801060,W,20.8414,93.1104,101220,,,,
$GPGGA,223809.67,3718.9695820,N,12158.2657600,W,1,0,0.0,0.0000,M,0.0000,M,0.0000,0
$GPRMC,223809.67,A,3718.9695820,N,12158.2657600,W,21.0815,91.4821,101220,,,,
$GPGGA,223810.65,3718.9694200,N,12158.2514860,W,1,0,0.0,0.0000,M,0.0000,M,0.0000,0
$GPRMC,223810.65,A,3718.9694200,N,12158.2514860,W,21.6333,90.8107,101220,,,,
$GPGGA,223811.67,3718.9694200,N,12158.2364200,W,1,0,0.0,0.0000,M,0.0000,M,0.0000,0
$GPRMC,223811.67,A,3718.9694200,N,12158.2364200,W,22.3723,89.7401,101220,,,,
$GPGGA,223812.66,3718.9697200,N,12158.2211440,W,1,0,0.0,0.0000,M,0.0000,M,0.0000,0
$GPRMC,223812.66,A,3718.9697200,N,12158.2211440,W,23.2059,88.3208,101220,,,,
$GPGGA,223813.65,3718.9703200,N,12158.2052500,W,1,0,0.0,0.0000,M,0.0000,M,0.0000,0
$GPRMC,223813.65,A,3718.9703200,N,12158.2052500,W,24.1829,87.2797,101220,,,,
$GPGGA,223814.66,3718.9710520,N,12158.1883900,W,1,0,0.0,0.0000,M,0.0000,M,0.0000,0
$GPRMC,223814.66,A,3718.9710520,N,12158.1883900,W,25.2926,87.1899,101220,,,,
$GPGGA,223815.65,3718.9717540,N,12158.1710680,W,1,0,0.0,0.0000,M,0.0000,M,0.0000,0
$GPRMC,223815.65,A,3718.9717540,N,12158.1710680,W,26.4085,87.4221,101220,,,,
$GPGGA,223816.64,3718.9724020,N,12158.1530260,W,1,0,0.0,0.0000,M,0.0000,M,0.0000,0
$GPRMC,223816.64,A,3718.9724020,N,12158.1530260,W,27.4930,87.7584,101220,,,,
$GPGGA,223817.65,3718.9730020,N,12158.1340300,W,1,0,0.0,0.0000,M,0.0000,M,0.0000,0
$GPRMC,223817.65,A,3718.9730020,N,12158.1340300,W,28.0075,88.0515,101220,,,,
$GPGGA,223818.64,3718.9735600,N,12158.1153160,W,1,0,0.0,0.0000,M,0.0000,M,0.0000,0
$GPRMC,223818.64,A,3718.9735600,N,12158.1153160,W,27.8881,88.0312,101220,,,,
$GPGGA,223819.66,3718.9741480,N,12158.0962120,W,1,0,0.0,0.0000,M,0.0000,M,0.0000,0
$GPRMC,223819.66,A,3718.9741480,N,12158.0962120,W,27.5435,87.8751,101220,,,,
$GPGGA,223820.65,3718.9748020,N,12158.0778280,W,1,0,0.0,0.0000,M,0.0000,M,0.0000,0
$GPRMC,223820.65,A,3718.9748020,N,12158.0778280,W,27.1586,87.5835,101220,,,,
$GPGGA,223821.64,3718.9754680,N,12158.0597320,W,1,0,0.0,0.0000,M,0.0000,M,0.0000,0
$GPRMC,223821.64,A,3718.9754680,N,12158.0597320,W,26.7362,87.6632,101220,,,,
$GPGGA,223822.66,3718.9760860,N,12158.0414680,W,1,0,0.0,0.0000,M,0.0000,M,0.0000,0
$GPRMC,223822.66,A,3718.9760860,N,12158.0414680,W,26.7600,87.8447,101220,,,,
$GPGGA,223823.65,3718.9766740,N,12158.0232700,W,1,0,0.0,0.0000,M,0.0000,M,0.0000,0
$GPRMC,223823.65,A,3718.9766740,N,12158.0232700,W,27.4137,87.8681,101220,,,,
$GPGGA,223824.66,3718.9772860,N,12158.0042500,W,1,0,0.0,0.0000,M,0.0000,M,0.0000,0
$GPRMC,223824.66,A,3718.9772860,N,12158.0042500,W,28.3435,87.8903,101220,,,,
$GPGGA,223825.65,3718.9778920,N,12157.9848640,W,1,0,0.0,0.0000,M,0.0000,M,0.0000,0
$GPRMC,223825.65,A,3718.9778920,N,12157.9848640,W,29.3302,87.9188,101220,,,,
$GPGGA,223826.66,3718.9785400,N,12157.9644820,W,1,0,0.0,0.0000,M,0.0000,M,0.0000,0
$GPRMC,223826.66,A,3718.9785400,N,12157.9644820,W,30.3683,87.8968,101220,,,,
$GPGGA,223827.66,3718.9791880,N,12157.9437340,W,1,0,0.0,0.0000,M,0.0000,M,0.0000,0
$GPRMC,223827.66,A,3718.9791880,N,12157.9437340,W,31.1556,87.9897,101220,,,,
$GPGGA,223828.65,3718.9798240,N,12157.9228540,W,1,0,0.0,0.0000,M,0.0000,M,0.0000,0
$GPRMC,223828.65,A,3718.9798240,N,12157.9228540,W,31.1341,88.0715,101220,,,,
$GPGGA,223829.66,3718.9804240,N,12157.9016440,W,1,0,0.0,0.0000,M,0.0000,M,0.0000,0
$GPRMC,223829.66,A,3718.9804240,N,12157.9016440,W,30.7331,88.2097,101220,,,,
$GPGGA,223830.65,3718.9809820,N,12157.8811600,W,1,0,0.0,0.0000,M,0.0000,M,0.0000,0
$GPRMC,223830.65,A,3718.9809820,N,12157.8811600,W,30.3500,88.2341,101220,,,,
$GPGGA,223831.67,3718.9815520,N,12157.8604900,W,1,0,0.0,0.0000,M,0.0000,M,0.0000,0
$GPRMC,223831.67,A,3718.9815520,N,12157.8604900,W,29.9796,88.3507,101220,,,,
$GPGGA,223832.66,3718.9819420,N,12157.8404980,W,1,0,0.0,0.0000,M,0.0000,M,0.0000,0
$GPRMC,223832.66,A,3718.9819420,N,12157.8404980,W,29.6530,89.2220,101220,,,,
$GPGGA,223833.65,3718.9820800,N,12157.8207340,W,1,0,0.0,0.0000,M,0.0000,M,0.0000,0
$GPRMC,223833.65,A,3718.9820800,N,12157.8207340,W,29.5129,90.1498,101220,,,,
$GPGGA,223834.66,3718.9819780,N,12157.8004600,W,1,0,0.0,0.0000,M,0.0000,M,0.0000,0
$GPRMC,223834.66,A,3718.9819780,N,12157.8004600,W,29.4023,90.9819,101220,,,,
$GPGGA,223835.65,3718.9817200,N,12157.7808160,W,1,0,0.0,0.0000,M,0.0000,M,0.0000,0
$GPRMC,223835.65,A,3718.9817200,N,12157.7808160,W,29.2377,91.2462,101220,,,,
$GPGGA,223836.64,3718.9814080,N,12157.7612560,W,1,0,0.0,0.0000,M,0.0000,M,0.0000,0
$GPRMC,223836.64,A,3718.9814080,N,12157.7612560,W,29.1312,91.3763,101220,,,,
$GPGGA,223837.66,3718.9811020,N,12157.7412400,W,1,0,0.0,0.0000,M,0.0000,M,0.0000,0
$GPRMC,223837.66,A,3718.9811020,N,12157.7412400,W,29.1660,91.3020,101220,,,,
$GPGGA,223838.65,3718.9808380,N,12157.7216980,W,1,0,0.0,0.0000,M,0.0000,M,0.0000,0
$GPRMC,223838.65,A,3718.9808380,N,12157.7216980,W,29.2848,91.1169,101220,,,,
$GPGGA,223839.66,3718.9805800,N,12157.7015320,W,1,0,0.0,0.0000,M,0.0000,M,0.0000,0
$GPRMC,223839.66,A,3718.9805800,N,12157.7015320,W,29.4631,91.2206,101220,,,,
$GPGGA,223840.65,3718.9802860,N,12157.6816540,W,1,0,0.0,0.0000,M,0.0000,M,0.0000,0
$GPRMC,223840.65,A,3718.9802860,N,12157.6816540,W,29.6795,91.2696,101220,,,,
$GPGGA,223841.67,3718.9800040,N,12157.6612660,W,1,0,0.0,0.0000,M,0.0000,M,0.0000,0
$GPRMC,223841.67,A,3718.9800040,N,12157.6612660,W,29.8642,91.1483,101220,,,,
$GPGGA,223842.66,3718.9797220,N,12157.6411660,W,1,0,0.0,0.0000,M,0.0000,M,0.0000,0
$GPRMC,223842.66,A,3718.9797220,N,12157.6411660,W,29.9727,91.1721,101220,,,,
$GPGGA,223843.65,3718.9794280,N,12157.6210540,W,1,0,0.0,0.0000,M,0.0000,M,0.0000,0
$GPRMC,223843.65,A,3718.9794280,N,12157.6210540,W,30.0208,91.1297,101220,,,,
$GPGGA,223844.66,3718.9791640,N,12157.6004740,W,1,0,0.0,0.0000,M,0.0000,M,0.0000,0
$GPRMC,223844.66,A,3718.9791640,N,12157.6004740,W,30.0794,91.0541,101220,,,,
$GPGGA,223845.65,3718.9789060,N,12157.5802360,W,1,0,0.0,0.0000,M,0.0000,M,0.0000,0
$GPRMC,223845.65,A,3718.9789060,N,12157.5802360,W,30.1637,91.2243,101220,,,,
$GPGGA,223846.67,3718.9786120,N,12157.5594820,W,1,0,0.0,0.0000,M,0.0000,M,0.0000,0
$GPRMC,223846.67,A,3718.9786120,N,12157.5594820,W,30.2717,91.2687,101220,,,,
$GPGGA,223847.66,3718.9783240,N,12157.5391660,W,1,0,0.0,0.0000,M,0.0000,M,0.0000,0
$GPRMC,223847.66,A,3718.9783240,N,12157.5391660,W,30.3694,91.1221,101220,,,,
$GPGGA,223848.65,3718.9781260,N,12157.5187360,W,1,0,0.0,0.0000,M,0.0000,M,0.0000,0
$GPRMC,223848.65,A,3718.9781260,N,12157.5187360,W,30.4020,90.7974,101220,,,,
$GPGGA,223849.66,3718.9779700,N,12157.4979940,W,1,0,0.0,0.0000,M,0.0000,M,0.0000,0
$GPRMC,223849.66,A,3718.9779700,N,12157.4979940,W,30.2105,90.8040,101220,,,,
$GPGGA,223850.65,3718.9778500,N,12157.4777440,W,1,0,0.0,0.0000,M,0.0000,M,0.0000,0
$GPRMC,223850.65,A,3718.9778500,N,12157.4777440,W,30.0938,90.4770,101220,,,,
$GPGGA,223851.67,3718.9779100,N,12157.4571160,W,1,0,0.0,0.0000,M,0.0000,M,0.0000,0
$GPRMC,223851.67,A,3718.9779100,N,12157.4571160,W,29.9244,89.5325,101220,,,,
$GPGGA,223852.66,3718.9782760,N,12157.4372560,W,1,0,0.0,0.0000,M,0.0000,M,0.0000,0
$GPRMC,223852.66,A,3718.9782760,N,12157.4372560,W,29.6307,88.6260,101220,,,,
$GPGGA,223853.65,3718.9787620,N,12157.4174260,W,1,0,0.0,0.0000,M,0.0000,M,0.0000,0
$GPRMC,223853.65,A,3718.9787620,N,12157.4174260,W,29.2938,88.4299,101220,,,,
$GPGGA,223854.66,3718.9793080,N,12157.3974700,W,1,0,0.0,0.0000,M,0.0000,M,0.0000,0
$GPRMC,223854.66,A,3718.9793080,N,12157.3974700,W,28.9441,88.0426,101220,,,,
$GPGGA,223855.65,3718.9799920,N,12157.3781560,W,1,0,0.0,0.0000,M,0.0000,M,0.0000,0
$GPRMC,223855.65,A,3718.9799920,N,12157.3781560,W,28.6376,87.1323,101220,,,,
$GPGGA,223856.65,3718.9809280,N,12157.3590880,W,1,0,0.0,0.0000,M,0.0000,M,0.0000,0
$GPRMC,223856.65,A,3718.9809280,N,12157.3590880,W,28.3640,86.2233,101220,,,,
$GPGGA,223857.66,3718.9820920,N,12157.3398040,W,1,0,0.0,0.0000,M,0.0000,M,0.0000,0
$GPRMC,223857.66,A,3718.9820920,N,12157.3398040,W,28.0715,85.6060,101220,,,,
$GPGGA,223858.65,3718.9833100,N,12157.3211980,W,1,0,0.0,0.0000,M,0.0000,M,0.0000,0
$GPRMC,223858.65,A,3718.9833100,N,12157.3211980,W,27.6847,85.3452,101220,,,,
$GPGGA,223859.66,3718.9844860,N,12157.3024060,W,1,0,0.0,0.0000,M,0.0000,M,0.0000,0
$GPRMC,223859.66,A,3718.9844860,N,12157.3024060,W,27.3243,86.2022,101220,,,,
$GPGGA,223900.65,3718.9853320,N,12157.2841360,W,1,0,0.0,0.0000,M,0.0000,M,0.0000,0
$GPRMC,223900.65,A,3718.9853320,N,12157.2841360,W,27.2826,87.4907,101220,,,,
$GPGGA,223901.67,3718.9858780,N,12157.2653800,W,1,0,0.0,0.0000,M,0.0000,M,0.0000,0
$GPRMC,223901.67,A,3718.9858780,N,12157.2653800,W,27.4343,88.5104,101220,,,,
$GPGGA,223902.66,3718.9862260,N,12157.2470080,W,1,0,0.0,0.0000,M,0.0000,M,0.0000,0
$GPRMC,223902.66,A,3718.9862260,N,12157.2470080,W,27.3785,88.9933,101220,,,,
$GPGGA,223903.65,3718.9865140,N,12157.2287260,W,1,0,0.0,0.0000,M,0.0000,M,0.0000,0
$GPRMC,223903.65,A,3718.9865140,N,12157.2287260,W,27.0896,88.9388,101220,,,,
$GPGGA,223904.66,3718.9868800,N,12157.2103060,W,1,0,0.0,0.0000,M,0.0000,M,0.0000,0
$GPRMC,223904.66,A,3718.9868800,N,12157.2103060,W,26.6822,88.6134,101220,,,,
$GPGGA,223905.65,3718.9872940,N,12157.1925340,W,1,0,0.0,0.0000,M,0.0000,M,0.0000,0
$GPRMC,223905.65,A,3718.9872940,N,12157.1925340,W,26.2532,88.4432,101220,,,,
$GPGGA,223906.66,3718.9877080,N,12157.1747080,W,1,0,0.0,0.0000,M,0.0000,M,0.0000,0
$GPRMC,223906.66,A,3718.9877080,N,12157.1747080,W,25.8178,88.5589,101220,,,,
$GPGGA,223907.66,3718.9881340,N,12157.1575600,W,1,0,0.0,0.0000,M,0.0000,M,0.0000,0
$GPRMC,223907.66,A,3718.9881340,N,12157.1575600,W,25.1868,88.7664,101220,,,,
$GPGGA,223908.65,3718.9884460,N,12157.1411860,W,1,0,0.0,0.0000,M,0.0000,M,0.0000,0
$GPRMC,223908.65,A,3718.9884460,N,12157.1411860,W,23.4311,88.9223,101220,,,,
$GPGGA,223909.66,3718.9886140,N,12157.1260420,W,1,0,0.0,0.0000,M,0.0000,M,0.0000,0
$GPRMC,223909.66,A,3718.9886140,N,12157.1260420,W,20.5891,88.8466,101220,,,,
$GPGGA,223910.65,3718.9887880,N,12157.1133160,W,1,0,0.0,0.0000,M,0.0000,M,0.0000,0
$GPRMC,223910.65,A,3718.9887880,N,12157.1133160,W,17.2126,89.0606,101220,,,,
$GPGGA,223911.64,3718.9887100,N,12157.1031160,W,1,0,0.0,0.0000,M,0.0000,M,0.0000,0
$GPRMC,223911.64,A,3718.9887100,N,12157.1031160,W,13.3825,92.9451,101220,,,,
$GPGGA,223912.65,3718.9875460,N,12157.0953400,W,1,0,0.0,0.0000,M,0.0000,M,0.0000,0
$GPRMC,223912.65,A,3718.9875460,N,12157.0953400,W,9.9465,107.0022,101220,,,,
$GPGGA,223913.64,3718.9851460,N,12157.0902580,W,1,0,0.0,0.0000,M,0.0000,M,0.0000,0
$GPRMC,223913.64,A,3718.9851460,N,12157.0902580,W,7.8921,126.6083,101220,,,,
$GPGGA,223914.66,3718.9819240,N,12157.0874620,W,1,0,0.0,0.0000,M,0.0000,M,0.0000,0
$GPRMC,223914.66,A,3718.9819240,N,12157.0874620,W,6.2911,149.6007,101220,,,,
$GPGGA,223915.65,3718.9791100,N,12157.0864420,W,1,0,0.0,0.0000,M,0.0000,M,0.0000,0
$GPRMC,223915.65,A,3718.9791100,N,12157.0864420,W,4.5224,164.2491,101220,,,,
$GPGGA,223916.64,3718.9772260,N,12157.0859980,W,1,0,0.0,0.0000,M,0.0000,M,0.0000,0
$GPRMC,223916.64,A,3718.9772260,N,12157.0859980,W,2.6960,168.1870,101220,,,,
$GPGGA,223917.66,3718.9763080,N,12157.0857760,W,1,0,0.0,0.0000,M,0.0000,M,0.0000,0
$GPRMC,223917.66,A,3718.9763080,N,12157.0857760,W,0.7110,168.4700,101220,,,,
$GPGGA,223918.64,3718.9761220,N,12157.0857340,W,1,0,0.0,0.0000,M,0.0000,M,0.0000,0
$GPRMC,223918.64,A,3718.9761220,N,12157.0857340,W,0.0087,168.4938,101220,,,,
$GPGGA,223919.66,3718.9761220,N,12157.0857340,W,1,0,0.0,0.0000,M,0.0000,M,0.0000,0
$GPRMC,223919.66,A,3718.9761220,N,12157.0857340,W,0.0073,168.4911,101220,,,,
$GPGGA,223920.65,3718.9761280,N,12157.0857340,W,1,0,0.0,0.0000,M,0.0000,M,0.0000,0
$GPRMC,223920.65,A,3718.9761280,N,12157.0857340,W,0.0072,168.4893,101220,,,,
$GPGGA,223921.65,3718.9761280,N,12157.0857340,W,1,0,0.0,0.0000,M,0.0000,M,0.0000,0
$GPRMC,223921.65,A,3718.9761280,N,12157.0857340,W,0.0070,168.4878,101220,,,,
$GPGGA,223922.66,3718.9761280,N,12157.0857340,W,1,0,0.0,0.0000,M,0.0000,M,0.0000,0
$GPRMC,223922.66,A,3718.9761280,N,12157.0857340,W,0.0058,168.4861,101220,,,,
$GPGGA,223923.65,3718.9761340,N,12157.0857280,W,1,0,0.0,0.0000,M,0.0000,M,0.0000,0
$GPRMC,223923.65,A,3718.9761340,N,12157.0857280,W,0.0032,168.4841,101220,,,,
$GPGGA,223924.66,3718.9761340,N,12157.0857280,W,1,0,0.0,0.0000,M,0.0000,M,0.0000,0
$GPRMC,223924.66,A,3718.9761340,N,12157.0857280,W,0.0014,168.4822,101220,,,,
$GPGGA,223925.65,3718.9761340,N,12157.0857280,W,1,0,0.0,0.0000,M,0.0000,M,0.0000,0
$GPRMC,223925.65,A,3718.9761340,N,12157.0857280,W,0.0010,168.4806,101220,,,,
$GPGGA,223926.67,3718.9761340,N,12157.0857280,W,1,0,0.0,0.0000,M,0.0000,M,0.0000,0
$GPRMC,223926.67,A,3718.9761340,N,12157.0857280,W,0.0013,168.4788,101220,,,,
$GPGGA,223927.65,3718.9761340,N,12157.0857280,W,1,0,0.0,0.0000,M,0.0000,M,0.0000,0
$GPRMC,223927.65,A,3718.9761340,N,12157.0857280,W,0.0011,168.4769,101220,,,,
$GPGGA,223928.64,3718.9761340,N,12157.0857280,W,1,0,0.0,0.0000,M,0.0000,M,0.0000,0
$GPRMC,223928.64,A,3718.9761340,N,12157.0857280,W,0.0010,168.4752,101220,,,,
$GPGGA,223929.77,3718.9761340,N,12157.0857280,W,1,0,0.0,0.0000,M,0.0000,M,0.0000,0
$GPRMC,223929.77,A,3718.9761340,N,12157.0857280,W,0.0013,168.4731,101220,,,,
$GPGGA,223930.45,3718.9761340,N,12157.0857280,W,1,0,0.0,0.0000,M,0.0000,M,0.0000,0
$GPRMC,223930.45,A,3718.9761340,N,12157.0857280,W,0.0008,168.4718,101220,,,,
$GPGGA,223931.65,3718.9761280,N,12157.0857340,W,1,0,0.0,0.0000,M,0.0000,M,0.0000,0
$GPRMC,223931.65,A,3718.9761280,N,12157.0857340,W,0.0000,168.4697,101220,,,,
$GPGGA,223932.65,3718.9761280,N,12157.0857340,W,1,0,0.0,0.0000,M,0.0000,M,0.0000,0
$GPRMC,223932.65,A,3718.9761280,N,12157.0857340,W,0.0009,168.4680,101220,,,,
$GPGGA,223933.64,3718.9761220,N,12157.0857400,W,1,0,0.0,0.0000,M,0.0000,M,0.0000,0
$GPRMC,223933.64,A,3718.9761220,N,12157.0857400,W,0.0032,168.4673,101220,,,,
$GPGGA,223934.66,3718.9761220,N,12157.0857400,W,1,0,0.0,0.0000,M,0.0000,M,0.0000,0
$GPRMC,223934.66,A,3718.9761220,N,12157.0857400,W,0.0054,168.4655,101220,,,,
$GPGGA,223935.65,3718.9761160,N,12157.0857400,W,1,0,0.0,0.0000,M,0.0000,M,0.0000,0
$GPRMC,223935.65,A,3718.9761160,N,12157.0857400,W,0.0089,168.4639,101220,,,,
$GPGGA,223936.66,3718.9761100,N,12157.0857460,W,1,0,0.0,0.0000,M,0.0000,M,0.0000,0
$GPRMC,223936.66,A,3718.9761100,N,12157.0857460,W,0.0138,168.4625,101220,,,,
$GPGGA,223937.65,3718.9761040,N,12157.0857460,W,1,0,0.0,0.0000,M,0.0000,M,0.0000,0
$GPRMC,223937.65,A,3718.9761040,N,12157.0857460,W,0.0196,168.4609,101220,,,,
$GPGGA,223938.64,3718.9760980,N,12157.0857460,W,1,0,0.0,0.0000,M,0.0000,M,0.0000,0
$GPRMC,223938.64,A,3718.9760980,N,12157.0857460,W,0.0267,168.4594,101220,,,,
$GPGGA,223939.66,3718.9760920,N,12157.0857460,W,1,0,0.0,0.0000,M,0.0000,M,0.0000,0
$GPRMC,223939.66,A,3718.9760920,N,12157.0857460,W,0.0351,168.4578,101220,,,,
$GPGGA,223940.65,3718.9760920,N,12157.0857400,W,1,0,0.0,0.0000,M,0.0000,M,0.0000,0
$GPRMC,223940.65,A,3718.9760920,N,12157.0857400,W,0.0357,168.4598,101220,,,,
$GPGGA,223941.67,3718.9759360,N,12157.0856980,W,1,0,0.0,0.0000,M,0.0000,M,0.0000,0
$GPRMC,223941.67,A,3718.9759360,N,12157.0856980,W,0.7588,168.4702,101220,,,,
$GPGGA,223942.65,3718.9750600,N,12157.0853740,W,1,0,0.0,0.0000,M,0.0000,M,0.0000,0
$GPRMC,223942.65,A,3718.9750600,N,12157.0853740,W,2.6015,166.5736,101220,,,,
$GPGGA,223943.64,3718.9732900,N,12157.0843540,W,1,0,0.0,0.0000,M,0.0000,M,0.0000,0
$GPRMC,223943.64,A,3718.9732900,N,12157.0843540,W,4.5137,158.3934,101220,,,,
$GPGGA,223944.66,3718.9709920,N,12157.0819960,W,1,0,0.0,0.0000,M,0.0000,M,0.0000,0
$GPRMC,223944.66,A,3718.9709920,N,12157.0819960,W,6.3521,141.6017,101220,,,,
$GPGGA,223945.65,3718.9690300,N,12157.0779940,W,1,0,0.0,0.0000,M,0.0000,M,0.0000,0
$GPRMC,223945.65,A,3718.9690300,N,12157.0779940,W,7.9352,120.9740,101220,,,,
$GPGGA,223946.67,3718.9680280,N,12157.0725280,W,1,0,0.0,0.0000,M,0.0000,M,0.0000,0
$GPRMC,223946.67,A,3718.9680280,N,12157.0725280,W,8.7679,100.6589,101220,,,,
$GPGGA,223947.66,3718.9678840,N,12157.0667020,W,1,0,0.0,0.0000,M,0.0000,M,0.0000,0
$GPRMC,223947.66,A,3718.9678840,N,12157.0667020,W,8.8089,91.4427,101220,,,,
$GPGGA,223948.65,3718.9677940,N,12157.0608700,W,1,0,0.0,0.0000,M,0.0000,M,0.0000,0
$GPRMC,223948.65,A,3718.9677940,N,12157.0608700,W,8.6104,92.2603,101220,,,,
$GPGGA,223949.66,3718.9672720,N,12157.0551160,W,1,0,0.0,0.0000,M,0.0000,M,0.0000,0
$GPRMC,223949.66,A,3718.9672720,N,12157.0551160,W,7.9795,97.7541,101220,,,,
$GPGGA,223950.65,3718.9665520,N,12157.0503700,W,1,0,0.0,0.0000,M,0.0000,M,0.0000,0
$GPRMC,223950.65,A,3718.9665520,N,12157.0503700,W,6.1997,100.8722,101220,,,,
$GPGGA,223951.67,3718.9661860,N,12157.0470340,W,1,0,0.0,0.0000,M,0.0000,M,0.0000,0
$GPRMC,223951.67,A,3718.9661860,N,12157.0470340,W,3.6413,97.6413,101220,,,,
$GPGGA,223952.66,3718.9660960,N,12157.0453180,W,1,0,0.0,0.0000,M,0.0000,M,0.0000,0
$GPRMC,223952.66,A,3718.9660960,N,12157.0453180,W,1.6193,95.0203,101220,,,,
$GPGGA,223953.65,3718.9660720,N,12157.0447600,W,1,0,0.0,0.0000,M,0.0000,M,0.0000,0
$GPRMC,223953.65,A,3718.9660720,N,12157.0447600,W,0.3828,94.6207,101220,,,,
$GPGGA,223954.66,3718.9660660,N,12157.0446820,W,1,0,0.0,0.0000,M,0.0000,M,0.0000,0
$GPRMC,223954.66,A,3718.9660660,N,12157.0446820,W,0.0200,94.6122,101220,,,,
$GPGGA,223955.65,3718.9660600,N,12157.0446820,W,1,0,0.0,0.0000,M,0.0000,M,0.0000,0
$GPRMC,223955.65,A,3718.9660600,N,12157.0446820,W,0.0097,94.6089,101220,,,,
$GPGGA,223956.64,3718.9660600,N,12157.0446820,W,1,0,0.0,0.0000,M,0.0000,M,0.0000,0
$GPRMC,223956.64,A,3718.9660600,N,12157.0446820,W,0.0084,94.6062,101220,,,,
$GPGGA,223957.65,3718.9660600,N,12157.0446760,W,1,0,0.0,0.0000,M,0.0000,M,0.0000,0
$GPRMC,223957.65,A,3718.9660600,N,12157.0446760,W,0.0073,94.6044,101220,,,,
$GPGGA,223958.65,3718.9660600,N,12157.0446760,W,1,0,0.0,0.0000,M,0.0000,M,0.0000,0
$GPRMC,223958.65,A,3718.9660600,N,12157.0446760,W,0.0059,94.6025,101220,,,,
$GPGGA,223959.66,3718.9660600,N,12157.0446760,W,1,0,0.0,0.0000,M,0.0000,M,0.0000,0
$GPRMC,223959.66,A,3718.9660600,N,12157.0446760,W,0.0046,94.6004,101220,,,,
$GPGGA,224000.65,3718.9660600,N,12157.0446760,W,1,0,0.0,0.0000,M,0.0000,M,0.0000,0
$GPRMC,224000.65,A,3718.9660600,N,12157.0446760,W,0.0038,94.5982,101220,,,,
$GPGGA,224001.65,3718.9660600,N,12157.0446760,W,1,0,0.0,0.0000,M,0.0000,M,0.0000,0
$GPRMC,224001.65,A,3718.9660600,N,12157.0446760,W,0.0027,94.5962,101220,,,,
$GPGGA,224002.66,3718.9660600,N,12157.0446760,W,1,0,0.0,0.0000,M,0.0000,M,0.0000,0
$GPRMC,224002.66,A,3718.9660600,N,12157.0446760,W,0.0022,94.5942,101220,,,,
$GPGGA,224003.65,3718.9660600,N,12157.0446760,W,1,0,0.0,0.0000,M,0.0000,M,0.0000,0
$GPRMC,224003.65,A,3718.9660600,N,12157.0446760,W,0.0022,94.5924,101220,,,,
$GPGGA,224004.66,3718.9660600,N,12157.0446760,W,1,0,0.0,0.0000,M,0.0000,M,0.0000,0
$GPRMC,224004.66,A,3718.9660600,N,12157.0446760,W,0.0017,94.5905,101220,,,,
$GPGGA,224005.65,3718.9660600,N,12157.0446760,W,1,0,0.0,0.0000,M,0.0000,M,0.0000,0
$GPRMC,224005.65,A,3718.9660600,N,12157.0446760,W,0.0014,94.5885,101220,,,,
$GPGGA,224006.64,3718.9660600,N,12157.0446760,W,1,0,0.0,0.0000,M,0.0000,M,0.0000,0
$GPRMC,224006.64,A,3718.9660600,N,12157.0446760,W,0.0019,94.5865,101220,,,,
$GPGGA,224007.66,3718.9660600,N,12157.0446760,W,1,0,0.0,0.0000,M,0.0000,M,0.0000,0
$GPRMC,224007.66,A,3718.9660600,N,12157.0446760,W,0.0017,94.5844,101220,,,,
$GPGGA,224008.65,3718.9660540,N,12157.0446760,W,1,0,0.0,0.0000,M,0.0000,M,0.0000,0
$GPRMC,224008.65,A,3718.9660540,N,12157.0446760,W,0.0023,94.5826,101220,,,,
$GPGGA,224009.66,3718.9660540,N,12157.0446760,W,1,0,0.0,0.0000,M,0.0000,M,0.0000,0
$GPRMC,224009.66,A,3718.9660540,N,12157.0446760,W,0.0028,94.5808,101220,,,,
$GPGGA,224010.65,3718.9660540,N,12157.0446760,W,1,0,0.0,0.0000,M,0.0000,M,0.0000,0
$GPRMC,224010.65,A,3718.9660540,N,12157.0446760,W,0.0028,94.5791,101220,,,,
$GPGGA,224011.67,3718.9660540,N,12157.0446700,W,1,0,0.0,0.0000,M,0.0000,M,0.0000,0
$GPRMC,224011.67,A,3718.9660540,N,12157.0446700,W,0.0024,94.5771,101220,,,,
$GPGGA,224012.66,3718.9660540,N,12157.0446700,W,1,0,0.0,0.0000,M,0.0000,M,0.0000,0
$GPRMC,224012.66,A,3718.9660540,N,12157.0446700,W,0.0022,94.5751,101220,,,,
$GPGGA,224013.65,3718.9660540,N,12157.0446700,W,1,0,0.0,0.0000,M,0.0000,M,0.0000,0
$GPRMC,224013.65,A,3718.9660540,N,12157.0446700,W,0.0022,94.5732,101220,,,,
$GPGGA,224014.66,3718.9660540,N,12157.0446700,W,1,0,0.0,0.0000,M,0.0000,M,0.0000,0
$GPRMC,224014.66,A,3718.9660540,N,12157.0446700,W,0.0022,94.5714,101220,,,,
$GPGGA,224015.65,3718.9660540,N,12157.0446700,W,1,0,0.0,0.0000,M,0.0000,M,0.0000,0
$GPRMC,224015.65,A,3718.9660540,N,12157.0446700,W,0.0021,94.5696,101220,,,,
$GPGGA,224016.65,3718.9660540,N,12157.0446700,W,1,0,0.0,0.0000,M,0.0000,M,0.0000,0
$GPRMC,224016.65,A,3718.9660540,N,12157.0446700,W,0.0014,94.5679,101220,,,,
$GPGGA,224017.66,3718.9660540,N,12157.0446700,W,1,0,0.0,0.0000,M,0.0000,M,0.0000,0
$GPRMC,224017.66,A,3718.9660540,N,12157.0446700,W,0.0017,94.5659,101220,,,,
$GPGGA,224018.65,3718.9660540,N,12157.0446700,W,1,0,0.0,0.0000,M,0.0000,M,0.0000,0
$GPRMC,224018.65,A,3718.9660540,N,12157.0446700,W,0.0016,94.5640,101220,,,,
$GPGGA,224019.66,3718.9660540,N,12157.0446700,W,1,0,0.0,0.0000,M,0.0000,M,0.0000,0
$GPRMC,224019.66,A,3718.9660540,N,12157.0446700,W,0.0014,94.5623,101220,,,,
$GPGGA,224020.65,3718.9660540,N,12157.0446700,W,1,0,0.0,0.0000,M,0.0000,M,0.0000,0
$GPRMC,224020.65,A,3718.9660540,N,12157.0446700,W,0.0011,94.5606,101220,,,,
$GPGGA,224021.67,3718.9660540,N,12157.0446760,W,1,0,0.0,0.0000,M,0.0000,M,0.0000,0
$GPRMC,224021.67,A,3718.9660540,N,12157.0446760,W,0.0010,94.5587,101220,,,,
$GPGGA,224022.66,3718.9660600,N,12157.0446760,W,1,0,0.0,0.0000,M,0.0000,M,0.0000,0
$GPRMC,224022.66,A,3718.9660600,N,12157.0446760,W,0.0010,94.5569,101220,,,,
$GPGGA,224023.65,3718.9660600,N,12157.0446760,W,1,0,0.0,0.0000,M,0.0000,M,0.0000,0
$GPRMC,224023.65,A,3718.9660600,N,12157.0446760,W,0.0010,94.5549,101220,,,,
$GPGGA,224024.66,3718.9660600,N,12157.0446760,W,1,0,0.0,0.0000,M,0.0000,M,0.0000,0
$GPRMC,224024.66,A,3718.9660600,N,12157.0446760,W,0.0010,94.5529,101220,,,,
$GPGGA,224025.65,3718.9660600,N,12157.0446760,W,1,0,0.0,0.0000,M,0.0000,M,0.0000,0
$GPRMC,224025.65,A,3718.9660600,N,12157.0446760,W,0.0010,94.5511,101220,,,,
$GPGGA,224026.67,3718.9660660,N,12157.0446760,W,1,0,0.0,0.0000,M,0.0000,M,0.0000,0
$GPRMC,224026.67,A,3718.9660660,N,12157.0446760,W,0.0003,94.5493,101220,,,,
$GPGGA,224027.66,3718.9660660,N,12157.0446760,W,1,0,0.0,0.0000,M,0.0000,M,0.0000,0
$GPRMC,224027.66,A,3718.9660660,N,12157.0446760,W,0.0007,94.5477,101220,,,,
$GPGGA,224028.65,3718.9660660,N,12157.0446760,W,1,0,0.0,0.0000,M,0.0000,M,0.0000,0
$GPRMC,224028.65,A,3718.9660660,N,12157.0446760,W,0.0004,94.5461,101220,,,,
$GPGGA,224029.66,3718.9660660,N,12157.0446760,W,1,0,0.0,0.0000,M,0.0000,M,0.0000,0
$GPRMC,224029.66,A,3718.9660660,N,12157.0446760,W,0.0000,94.5444,101220,,,,
$GPGGA,224030.65,3718.9660660,N,12157.0446760,W,1,0,0.0,0.0000,M,0.0000,M,0.0000,0
$GPRMC,224030.65,A,3718.9660660,N,12157.0446760,W,0.0000,94.5425,101220,,,,
$GPGGA,224031.65,3718.9660660,N,12157.0446760,W,1,0,0.0,0.0000,M,0.0000,M,0.0000,0
$GPRMC,224031.65,A,3718.9660660,N,12157.0446760,W,0.0006,94.5407,101220,,,,
$GPGGA,224032.66,3718.9660660,N,12157.0446760,W,1,0,0.0,0.0000,M,0.0000,M,0.0000,0
$GPRMC,224032.66,A,3718.9660660,N,12157.0446760,W,0.0013,94.5388,101220,,,,
$GPGGA,224033.65,3718.9660660,N,12157.0446460,W,1,0,0.0,0.0000,M,0.0000,M,0.0000,0
$GPRMC,224033.65,A,3718.9660660,N,12157.0446460,W,0.1947,94.5374,101220,,,,
$GPGGA,224034.66,3718.9660420,N,12157.0442620,W,1,0,0.0,0.0000,M,0.0000,M,0.0000,0
$GPRMC,224034.66,A,3718.9660420,N,12157.0442620,W,1.0743,94.5179,101220,,,,
$GPGGA,224035.65,3718.9659760,N,12157.0430680,W,1,0,0.0,0.0000,M,0.0000,M,0.0000,0
$GPRMC,224035.65,A,3718.9659760,N,12157.0430680,W,2.5697,94.4630,101220,,,,
$GPGGA,224036.67,3718.9658380,N,12157.0407460,W,1,0,0.0,0.0000,M,0.0000,M,0.0000,0
$GPRMC,224036.67,A,3718.9658380,N,12157.0407460,W,4.2368,94.0866,101220,,,,
$GPGGA,224037.66,3718.9656880,N,12157.0375120,W,1,0,0.0,0.0000,M,0.0000,M,0.0000,0
$GPRMC,224037.66,A,3718.9656880,N,12157.0375120,W,5.1586,93.4490,101220,,,,
$GPGGA,224038.64,3718.9655500,N,12157.0339960,W,1,0,0.0,0.0000,M,0.0000,M,0.0000,0
$GPRMC,224038.64,A,3718.9655500,N,12157.0339960,W,5.2390,92.9921,101220,,,,
$GPGGA,224039.66,3718.9654120,N,12157.0304380,W,1,0,0.0,0.0000,M,0.0000,M,0.0000,0
$GPRMC,224039.66,A,3718.9654120,N,12157.0304380,W,5.0626,92.7492,101220,,,,
$GPGGA,224040.65,3718.9652920,N,12157.0270900,W,1,0,0.0,0.0000,M,0.0000,M,0.0000,0
$GPRMC,224040.65,A,3718.9652920,N,12157.0270900,W,4.8843,92.6127,101220,,,,
$GPGGA,224041.65,3718.9651720,N,12157.0236880,W,1,0,0.0,0.0000,M,0.0000,M,0.0000,0
$GPRMC,224041.65,A,3718.9651720,N,12157.0236880,W,5.3164,92.5352,101220,,,,
$GPGGA,224042.66,3718.9650640,N,12157.0198420,W,1,0,0.0,0.0000,M,0.0000,M,0.0000,0
$GPRMC,224042.66,A,3718.9650640,N,12157.0198420,W,5.8116,91.8661,101220,,,,
$GPGGA,224043.65,3718.9651300,N,12157.0159240,W,1,0,0.0,0.0000,M,0.0000,M,0.0000,0
$GPRMC,224043.65,A,3718.9651300,N,12157.0159240,W,5.7858,88.3113,101220,,,,
$GPGGA,224044.66,3718.9655860,N,12157.0120120,W,1,0,0.0,0.0000,M,0.0000,M,0.0000,0
$GPRMC,224044.66,A,3718.9655860,N,12157.0120120,W,5.8176,80.9333,101220,,,,
$GPGGA,224045.65,3718.9666840,N,12157.0083340,W,1,0,0.0,0.0000,M,0.0000,M,0.0000,0
$GPRMC,224045.65,A,3718.9666840,N,12157.0083340,W,6.0206,68.2939,101220,,,,
$GPGGA,224046.64,3718.9687480,N,12157.0052140,W,1,0,0.0,0.0000,M,0.0000,M,0.0000,0
$GPRMC,224046.64,A,3718.9687480,N,12157.0052140,W,6.2994,48.6039,101220,,,,
$GPGGA,224047.66,3718.9719580,N,12157.0031140,W,1,0,0.0,0.0000,M,0.0000,M,0.0000,0
$GPRMC,224047.66,A,3718.9719580,N,12157.0031140,W,7.1409,25.1778,101220,,,,
$GPGGA,224048.65,3718.9760080,N,12157.0021540,W,1,0,0.0,0.0000,M,0.0000,M,0.0000,0
$GPRMC,224048.65,A,3718.9760080,N,12157.0021540,W,8.4138,9.8664,101220,,,,
$GPGGA,224049.76,3718.9816300,N,12157.0015660,W,1,0,0.0,0.0000,M,0.0000,M,0.0000,0
$GPRMC,224049.76,A,3718.9816300,N,12157.0015660,W,10.5563,4.9007,101220,,,,
$GPGGA,224050.45,3718.9858540,N,12157.0012060,W,1,0,0.0,0.0000,M,0.0000,M,0.0000,0
$GPRMC,224050.45,A,3718.9858540,N,12157.0012060,W,11.9709,4.2101,101220,,,,
$GPGGA,224051.65,3718.9942600,N,12157.0006360,W,1,0,0.0,0.0000,M,0.0000,M,0.0000,0
$GPRMC,224051.65,A,3718.9942600,N,12157.0006360,W,13.7575,2.7834,101220,,,,
$GPGGA,224052.66,3719.0019340,N,12157.0003300,W,1,0,0.0,0.0000,M,0.0000,M,0.0000,0
$GPRMC,224052.66,A,3719.0019340,N,12157.0003300,W,14.1445,1.5357,101220,,,,
$GPGGA,224053.65,3719.0094580,N,12157.0001740,W,1,0,0.0,0.0000,M,0.0000,M,0.0000,0
$GPRMC,224053.65,A,3719.0094580,N,12157.0001740,W,14.0228,0.7378,101220,,,,
$GPGGA,224054.66,3719.0169460,N,12157.0001140,W,1,0,0.0,0.0000,M,0.0000,M,0.0000,0
$GPRMC,224054.66,A,3719.0169460,N,12157.0001140,W,13.1096,0.2220,101220,,,,
$GPGGA,224055.65,3719.0234440,N,12157.0000720,W,1,0,0.0,0.0000,M,0.0000,M,0.0000,0
$GPRMC,224055.65,A,3719.0234440,N,12157.0000720,W,10.8692,0.1923,101220,,,,
$GPGGA,224056.67,3719.0285920,N,12156.9999520,W,1,0,0.0,0.0000,M,0.0000,M,0.0000,0
$GPRMC,224056.67,A,3719.0285920,N,12156.9999520,W,7.8329,1.5147,101220,,,,
$GPGGA,224057.66,3719.0319820,N,12156.9993400,W,1,0,0.0,0.0000,M,0.0000,M,0.0000,0
$GPRMC,224057.66,A,3719.0319820,N,12156.9993400,W,5.4284,11.8620,101220,,,,
$GPGGA,224058.65,3719.0340160,N,12156.9974260,W,1,0,0.0,0.0000,M,0.0000,M,0.0000,0
$GPRMC,224058.65,A,3719.0340160,N,12156.9974260,W,4.7191,39.6924,101220,,,,
$GPGGA,224059.66,3719.0348980,N,12156.9943120,W,1,0,0.0,0.0000,M,0.0000,M,0.0000,0
$GPRMC,224059.66,A,3719.0348980,N,12156.9943120,W,5.2834,69.9238,101220,,,,
$GPGGA,224100.65,3719.0350960,N,12156.9904480,W,1,0,0.0,0.0000,M,0.0000,M,0.0000,0
$GPRMC,224100.65,A,3719.0350960,N,12156.9904480,W,6.4417,85.3722,101220,,,,
$GPGGA,224101.77,3719.0350480,N,12156.9850300,W,1,0,0.0,0.0000,M,0.0000,M,0.0000,0
$GPRMC,224101.77,A,3719.0350480,N,12156.9850300,W,7.9619,91.0546,101220,,,,
$GPGGA,224102.56,3719.0348860,N,12156.9805000,W,1,0,0.0,0.0000,M,0.0000,M,0.0000,0
$GPRMC,224102.56,A,3719.0348860,N,12156.9805000,W,8.9106,92.4398,101220,,,,
$GPGGA,224103.45,3719.0346520,N,12156.9749020,W,1,0,0.0,0.0000,M,0.0000,M,0.0000,0
$GPRMC,224103.45,A,3719.0346520,N,12156.9749020,W,9.6225,92.8353,101220,,,,
$GPGGA,224104.66,3719.0344000,N,12156.9668800,W,1,0,0.0,0.0000,M,0.0000,M,0.0000,0
$GPRMC,224104.66,A,3719.0344000,N,12156.9668800,W,9.6983,91.4288,101220,,,,
$GPGGA,224105.65,3719.0343940,N,12156.9604600,W,1,0,0.0,0.0000,M,0.0000,M,0.0000,0
$GPRMC,224105.65,A,3719.0343940,N,12156.9604600,W,9.3885,89.8889,101220,,,,
$GPGGA,224106.64,3719.0343940,N,12156.9542620,W,1,0,0.0,0.0000,M,0.0000,M,0.0000,0
$GPRMC,224106.64,A,3719.0343940,N,12156.9542620,W,9.0671,90.1704,101220,,,,
$GPGGA,224107.66,3719.0344720,N,12156.9483760,W,1,0,0.0,0.0000,M,0.0000,M,0.0000,0
$GPRMC,224107.66,A,3719.0344720,N,12156.9483760,W,7.8988,87.9376,101220,,,,
$GPGGA,224108.65,3719.0350960,N,12156.9437740,W,1,0,0.0,0.0000,M,0.0000,M,0.0000,0
$GPRMC,224108.65,A,3719.0350960,N,12156.9437740,W,5.9307,75.7290,101220,,,,
$GPGGA,224109.66,3719.0365480,N,12156.9408220,W,1,0,0.0,0.0000,M,0.0000,M,0.0000,0
$GPRMC,224109.66,A,3719.0365480,N,12156.9408220,W,4.5723,54.2574,101220,,,,
$GPGGA,224110.65,3719.0385040,N,12156.9392860,W,1,0,0.0,0.0000,M,0.0000,M,0.0000,0
$GPRMC,224110.65,A,3719.0385040,N,12156.9392860,W,4.2048,32.3284,101220,,,,
$GPGGA,224111.64,3719.0407300,N,12156.9385840,W,1,0,0.0,0.0000,M,0.0000,M,0.0000,0
$GPRMC,224111.64,A,3719.0407300,N,12156.9385840,W,4.4972,15.3964,101220,,,,
$GPGGA,224112.66,3719.0434900,N,12156.9383500,W,1,0,0.0,0.0000,M,0.0000,M,0.0000,0
$GPRMC,224112.66,A,3719.0434900,N,12156.9383500,W,5.6548,5.3791,101220,,,,
$GPGGA,224113.64,3719.0468800,N,12156.9383440,W,1,0,0.0,0.0000,M,0.0000,M,0.0000,0
$GPRMC,224113.64,A,3719.0468800,N,12156.9383440,W,6.8821,0.5891,101220,,,,
$GPGGA,224114.66,3719.0508040,N,12156.9385300,W,1,0,0.0,0.0000,M,0.0000,M,0.0000,0
$GPRMC,224114.66,A,3719.0508040,N,12156.9385300,W,7.3657,358.1877,101220,,,,
$GPGGA,224115.65,3719.0547460,N,12156.9387580,W,1,0,0.0,0.0000,M,0.0000,M,0.0000,0
$GPRMC,224115.65,A,3719.0547460,N,12156.9387580,W,7.3259,358.0450,101220,,,,
$GPGGA,224116.64,3719.0586040,N,12156.9389500,W,1,0,0.0,0.0000,M,0.0000,M,0.0000,0
$GPRMC,224116.64,A,3719.0586040,N,12156.9389500,W,7.0082,358.1718,101220,,,,
$GPGGA,224117.66,3719.0622760,N,12156.9391300,W,1,0,0.0,0.0000,M,0.0000,M,0.0000,0
$GPRMC,224117.66,A,3719.0622760,N,12156.9391300,W,6.3459,357.9128,101220,,,,
$GPGGA,224118.65,3719.0654200,N,12156.9392560,W,1,0,0.0,0.0000,M,0.0000,M,0.0000,0
$GPRMC,224118.65,A,3719.0654200,N,12156.9392560,W,5.2700,358.6270,101220,,,,
$GPGGA,224119.66,3719.0679400,N,12156.9390100,W,1,0,0.0,0.0000,M,0.0000,M,0.0000,0
$GPRMC,224119.66,A,3719.0679400,N,12156.9390100,W,4.0436,6.4186,101220,,,,
$GPGGA,224120.65,3719.0695960,N,12156.9378160,W,1,0,0.0,0.0000,M,0.0000,M,0.0000,0
$GPRMC,224120.65,A,3719.0695960,N,12156.9378160,W,3.3657,30.5141,101220,,,,
$GPGGA,224121.45,3719.0702200,N,12156.9362080,W,1,0,0.0,0.0000,M,0.0000,M,0.0000,0
$GPRMC,224121.45,A,3719.0702200,N,12156.9362080,W,3.4578,55.7404,101220,,,,
$GPGGA,224122.45,3719.0703760,N,12156.9336820,W,1,0,0.0,0.0000,M,0.0000,M,0.0000,0
$GPRMC,224122.45,A,3719.0703760,N,12156.9336820,W,4.2069,80.7542,101220,,,,
$GPGGA,224123.45,3719.0703100,N,12156.9305320,W,1,0,0.0,0.0000,M,0.0000,M,0.0000,0
$GPRMC,224123.45,A,3719.0703100,N,12156.9305320,W,5.1257,90.0670,101220,,,,
$GPGGA,224124.45,3719.0702620,N,12156.9268600,W,1,0,0.0,0.0000,M,0.0000,M,0.0000,0
$GPRMC,224124.45,A,3719.0702620,N,12156.9268600,W,5.6428,90.6483,101220,,,,
$GPGGA,224125.45,3719.0702200,N,12156.9230140,W,1,0,0.0,0.0000,M,0.0000,M,0.0000,0
$GPRMC,224125.45,A,3719.0702200,N,12156.9230140,W,5.6284,91.0300,101220,,,,
$GPGGA,224126.45,3719.0701480,N,12156.9193480,W,1,0,0.0,0.0000,M,0.0000,M,0.0000,0
$GPRMC,224126.45,A,3719.0701480,N,12156.9193480,W,5.1210,91.1188,101220,,,,
$GPGGA,224127.45,3719.0701480,N,12156.9161920,W,1,0,0.0,0.0000,M,0.0000,M,0.0000,0
$GPRMC,224127.45,A,3719.0701480,N,12156.9161920,W,4.1919,89.4181,101220,,,,
$GPGGA,224128.45,3719.0703940,N,12156.9136420,W,1,0,0.0,0.0000,M,0.0000,M,0.0000,0
$GPRMC,224128.45,A,3719.0703940,N,12156.9136420,W,3.4010,82.9494,101220,,,,
$GPGGA,224129.45,3719.0711080,N,12156.9117580,W,1,0,0.0,0.0000,M,0.0000,M,0.0000,0
$GPRMC,224129.45,A,3719.0711080,N,12156.9117580,W,2.8257,66.6826,101220,,,,
$GPGGA,224130.45,3719.0722900,N,12156.9107560,W,1,0,0.0,0.0000,M,0.0000,M,0.0000,0
$GPRMC,224130.45,A,3719.0722900,N,12156.9107560,W,2.2882,41.0574,101220,,,,
$GPGGA,224131.45,3719.0734480,N,12156.9106300,W,1,0,0.0,0.0000,M,0.0000,M,0.0000,0
$GPRMC,224131.45,A,3719.0734480,N,12156.9106300,W,1.7015,15.7989,101220,,,,
$GPGGA,224132.45,3719.0741560,N,12156.9108160,W,1,0,0.0,0.0000,M,0.0000,M,0.0000,0
$GPRMC,224132.45,A,3719.0741560,N,12156.9108160,W,0.8067,2.8143,101220,,,,
$GPGGA,224133.45,3719.0744260,N,12156.9108700,W,1,0,0.0,0.0000,M,0.0000,M,0.0000,0
$GPRMC,224133.45,A,3719.0744260,N,12156.9108700,W,0.2038,1.0117,101220,,,,
$GPGGA,224134.45,3719.0744680,N,12156.9108940,W,1,0,0.0,0.0000,M,0.0000,M,0.0000,0
$GPRMC,224134.45,A,3719.0744680,N,12156.9108940,W,0.0682,1.0170,101220,,,,
$GPGGA,224135.45,3719.0744860,N,12156.9109180,W,1,0,0.0,0.0000,M,0.0000,M,0.0000,0
$GPRMC,224135.45,A,3719.0744860,N,12156.9109180,W,0.0635,1.0160,101220,,,,
$GPGGA,224136.45,3719.0744980,N,12156.9109300,W,1,0,0.0,0.0000,M,0.0000,M,0.0000,0
$GPRMC,224136.45,A,3719.0744980,N,12156.9109300,W,0.0281,1.0142,101220,,,,
$GPGGA,224137.45,3719.0745100,N,12156.9109420,W,1,0,0.0,0.0000,M,0.0000,M,0.0000,0
$GPRMC,224137.45,A,3719.0745100,N,12156.9109420,W,0.0231,1.0126,101220,,,,
$GPGGA,224138.45,3719.0745160,N,12156.9109480,W,1,0,0.0,0.0000,M,0.0000,M,0.0000,0
$GPRMC,224138.45,A,3719.0745160,N,12156.9109480,W,0.0182,1.0105,101220,,,,
$GPGGA,224139.45,3719.0745220,N,12156.9109540,W,1,0,0.0,0.0000,M,0.0000,M,0.0000,0
$GPRMC,224139.45,A,3719.0745220,N,12156.9109540,W,0.0150,1.0079,101220,,,,
$GPGGA,224140.45,3719.0745280,N,12156.9109540,W,1,0,0.0,0.0000,M,0.0000,M,0.0000,0
$GPRMC,224140.45,A,3719.0745280,N,12156.9109540,W,0.0113,1.0062,101220,,,,
$GPGGA,224141.45,3719.0745280,N,12156.9109540,W,1,0,0.0,0.0000,M,0.0000,M,0.0000,0
$GPRMC,224141.45,A,3719.0745280,N,12156.9109540,W,0.0091,1.0046,101220,,,,
$GPGGA,224142.45,3719.0745340,N,12156.9109540,W,1,0,0.0,0.0000,M,0.0000,M,0.0000,0
$GPRMC,224142.45,A,3719.0745340,N,12156.9109540,W,0.0072,1.0031,101220,,,,
$GPGGA,224143.45,3719.0745400,N,12156.9109540,W,1,0,0.0,0.0000,M,0.0000,M,0.0000,0
$GPRMC,224143.45,A,3719.0745400,N,12156.9109540,W,0.0061,1.0012,101220,,,,
$GPGGA,224144.45,3719.0745400,N,12156.9109540,W,1,0,0.0,0.0000,M,0.0000,M,0.0000,0
$GPRMC,224144.45,A,3719.0745400,N,12156.9109540,W,0.0056,0.9991,101220,,,,
$GPGGA,224145.45,3719.0745400,N,12156.9109480,W,1,0,0.0,0.0000,M,0.0000,M,0.0000,0
$GPRMC,224145.45,A,3719.0745400,N,12156.9109480,W,0.0051,0.9973,101220,,,,
$GPGGA,224146.45,3719.0745400,N,12156.9109420,W,1,0,0.0,0.0000,M,0.0000,M,0.0000,0
$GPRMC,224146.45,A,3719.0745400,N,12156.9109420,W,0.0040,0.9955,101220,,,,
$GPGGA,224147.45,3719.0745460,N,12156.9109420,W,1,0,0.0,0.0000,M,0.0000,M,0.0000,0
$GPRMC,224147.45,A,3719.0745460,N,12156.9109420,W,0.0028,0.9935,101220,,,,
$GPGGA,224148.45,3719.0745460,N,12156.9109360,W,1,0,0.0,0.0000,M,0.0000,M,0.0000,0
$GPRMC,224148.45,A,3719.0745460,N,12156.9109360,W,0.0028,0.9914,101220,,,,
$GPGGA,224149.45,3719.0745460,N,12156.9109360,W,1,0,0.0,0.0000,M,0.0000,M,0.0000,0
$GPRMC,224149.45,A,3719.0745460,N,12156.9109360,W,0.0022,0.9895,101220,,,,
$GPGGA,224150.45,3719.0745460,N,12156.9109360,W,1,0,0.0,0.0000,M,0.0000,M,0.0000,0
$GPRMC,224150.45,A,3719.0745460,N,12156.9109360,W,0.0012,0.9877,101220,,,,
$GPGGA,224151.45,3719.0745460,N,12156.9109360,W,1,0,0.0,0.0000,M,0.0000,M,0.0000,0
$GPRMC,224151.45,A,3719.0745460,N,12156.9109360,W,0.0006,0.9860,101220,,,,
$GPGGA,224152.45,3719.0745460,N,12156.9109360,W,1,0,0.0,0.0000,M,0.0000,M,0.0000,0
$GPRMC,224152.45,A,3719.0745460,N,12156.9109360,W,0.0006,0.9841,101220,,,,
$GPGGA,224153.45,3719.0745460,N,12156.9109360,W,1,0,0.0,0.0000,M,0.0000,M,0.0000,0
$GPRMC,224153.45,A,3719.0745460,N,12156.9109360,W,0.0014,0.9821,101220,,,,
$GPGGA,224154.45,3719.0745460,N,12156.9109360,W,1,0,0.0,0.0000,M,0.0000,M,0.0000,0
$GPRMC,224154.45,A,3719.0745460,N,12156.9109360,W,0.0014,0.9801,101220,,,,
$GPGGA,224155.45,3719.0745460,N,12156.9109360,W,1,0,0.0,0.0000,M,0.0000,M,0.0000,0
$GPRMC,224155.45,A,3719.0745460,N,12156.9109360,W,0.0014,0.9782,101220,,,,
$GPGGA,224156.45,3719.0745460,N,12156.9109360,W,1,0,0.0,0.0000,M,0.0000,M,0.0000,0
$GPRMC,224156.45,A,3719.0745460,N,12156.9109360,W,0.0014,0.9763,101220,,,,
$GPGGA,224157.45,3719.0745460,N,12156.9109360,W,1,0,0.0,0.0000,M,0.0000,M,0.0000,0
$GPRMC,224157.45,A,3719.0745460,N,12156.9109360,W,0.0018,0.9744,101220,,,,
$GPGGA,224158.45,3719.0745460,N,12156.9109360,W,1,0,0.0,0.0000,M,0.0000,M,0.0000,0
$GPRMC,224158.45,A,3719.0745460,N,12156.9109360,W,0.0022,0.9725,101220,,,,
$GPGGA,224159.45,3719.0745460,N,12156.9109360,W,1,0,0.0,0.0000,M,0.0000,M,0.0000,0
$GPRMC,224159.45,A,3719.0745460,N,12156.9109360,W,0.0022,0.9707,101220,,,,
$GPGGA,224200.45,3719.0745460,N,12156.9109360,W,1,0,0.0,0.0000,M,0.0000,M,0.0000,0
$GPRMC,224200.45,A,3719.0745460,N,12156.9109360,W,0.0022,0.9688,101220,,,,
$GPGGA,224201.45,3719.0745460,N,12156.9109360,W,1,0,0.0,0.0000,M,0.0000,M,0.0000,0
$GPRMC,224201.45,A,3719.0745460,N,12156.9109360,W,0.0021,0.9667,101220,,,,
$GPGGA,224202.45,3719.0745460,N,12156.9109360,W,1,0,0.0,0.0000,M,0.0000,M,0.0000,0
$GPRMC,224202.45,A,3719.0745460,N,12156.9109360,W,0.0021,0.9647,101220,,,,
$GPGGA,224203.45,3719.0745460,N,12156.9109360,W,1,0,0.0,0.0000,M,0.0000,M,0.0000,0
$GPRMC,224203.45,A,3719.0745460,N,12156.9109360,W,0.0021,0.9628,101220,,,,
$GPGGA,224204.45,3719.0745460,N,12156.9109360,W,1,0,0.0,0.0000,M,0.0000,M,0.0000,0
$GPRMC,224204.45,A,3719.0745460,N,12156.9109360,W,0.0021,0.9610,101220,,,,
$GPGGA,224205.45,3719.0745460,N,12156.9109360,W,1,0,0.0,0.0000,M,0.0000,M,0.0000,0
$GPRMC,224205.45,A,3719.0745460,N,12156.9109360,W,0.0021,0.9593,101220,,,,
$GPGGA,224206.45,3719.0745460,N,12156.9109360,W,1,0,0.0,0.0000,M,0.0000,M,0.0000,0
$GPRMC,224206.45,A,3719.0745460,N,12156.9109360,W,0.0033,0.9573,101220,,,,
$GPGGA,224207.45,3719.0745460,N,12156.9109360,W,1,0,0.0,0.0000,M,0.0000,M,0.0000,0
$GPRMC,224207.45,A,3719.0745460,N,12156.9109360,W,0.0064,0.9562,101220,,,,
$GPGGA,224208.45,3719.0745460,N,12156.9109300,W,1,0,0.0,0.0000,M,0.0000,M,0.0000,0
$GPRMC,224208.45,A,3719.0745460,N,12156.9109300,W,0.0051,0.9546,101220,,,,
$GPGGA,224209.45,3719.0745400,N,12156.9109300,W,1,0,0.0,0.0000,M,0.0000,M,0.0000,0
$GPRMC,224209.45,A,3719.0745400,N,12156.9109300,W,0.0017,0.9515,101220,,,,
$GPGGA,224210.45,3719.0745400,N,12156.9109300,W,1,0,0.0,0.0000,M,0.0000,M,0.0000,0
$GPRMC,224210.45,A,3719.0745400,N,12156.9109300,W,0.0016,0.9499,101220,,,,
$GPGGA,224211.45,3719.0745400,N,12156.9109300,W,1,0,0.0,0.0000,M,0.0000,M,0.0000,0
$GPRMC,224211.45,A,3719.0745400,N,12156.9109300,W,0.0010,0.9480,101220,,,,
$GPGGA,224212.45,3719.0745400,N,12156.9109300,W,1,0,0.0,0.0000,M,0.0000,M,0.0000,0
$GPRMC,224212.45,A,3719.0745400,N,12156.9109300,W,0.0033,0.9462,101220,,,,
$GPGGA,224213.45,3719.0745400,N,12156.9109360,W,1,0,0.0,0.0000,M,0.0000,M,0.0000,0
$GPRMC,224213.45,A,3719.0745400,N,12156.9109360,W,0.0044,0.9442,101220,,,,
$GPGGA,224214.45,3719.0745400,N,12156.9109300,W,1,0,0.0,0.0000,M,0.0000,M,0.0000,0
$GPRMC,224214.45,A,3719.0745400,N,12156.9109300,W,0.0026,0.9419,101220,,,,
$GPGGA,224215.45,3719.0745400,N,12156.9109300,W,1,0,0.0,0.0000,M,0.0000,M,0.0000,0
$GPRMC,224215.45,A,3719.0745400,N,12156.9109300,W,0.0027,0.9401,101220,,,,
$GPGGA,224216.45,3719.0745400,N,12156.9109300,W,1,0,0.0,0.0000,M,0.0000,M,0.0000,0
$GPRMC,224216.45,A,3719.0745400,N,12156.9109300,W,0.0025,0.9382,101220,,,,
$GPGGA,224217.45,3719.0745400,N,12156.9109300,W,1,0,0.0,0.0000,M,0.0000,M,0.0000,0
$GPRMC,224217.45,A,3719.0745400,N,12156.9109300,W,0.0022,0.9363,101220,,,,
$GPGGA,224218.45,3719.0745400,N,12156.9109300,W,1,0,0.0,0.0000,M,0.0000,M,0.0000,0
$GPRMC,224218.45,A,3719.0745400,N,12156.9109300,W,0.0014,0.9345,101220,,,,

