$GPGGA,225240.00,3719.0745520,N,12156.9112300,W,1,0,0.0,0.0000,M,0.0000,M,0.0000,0
$GPRMC,225240.00,A,3719.0745520,N,12156.9112300,W,0.0036,1.1176,101220,,,,
$GPGGA,225241.00,3719.0745520,N,12156.9112300,W,1,0,0.0,0.0000,M,0.0000,M,0.0000,0
$GPRMC,225241.00,A,3719.0745520,N,12156.9112300,W,0.0032,1.1170,101220,,,,
$GPGGA,225242.00,3719.0745520,N,12156.9112300,W,1,0,0.0,0.0000,M,0.0000,M,0.0000,0
$GPRMC,225242.00,A,3719.0745520,N,12156.9112300,W,0.0020,1.1165,101220,,,,
$GPGGA,225243.00,3719.0745520,N,12156.9112300,W,1,0,0.0,0.0000,M,0.0000,M,0.0000,0
$GPRMC,225243.00,A,3719.0745520,N,12156.9112300,W,0.0028,1.1160,101220,,,,
$GPGGA,225244.00,3719.0745520,N,12156.9112300,W,1,0,0.0,0.0000,M,0.0000,M,0.0000,0
$GPRMC,225244.00,A,3719.0745520,N,12156.9112300,W,0.0061,1.1145,101220,,,,
$GPGGA,225245.00,3719.0745520,N,12156.9112240,W,1,0,0.0,0.0000,M,0.0000,M,0.0000,0
$GPRMC,225245.00,A,3719.0745520,N,12156.9112240,W,0.0045,1.1154,101220,,,,
$GPGGA,225246.00,3719.0745520,N,12156.9112240,W,1,0,0.0,0.0000,M,0.0000,M,0.0000,0
$GPRMC,225246.00,A,3719.0745520,N,12156.9112240,W,0.0130,1.1140,101220,,,,
$GPGGA,225247.00,3719.0745580,N,12156.9112120,W,1,0,0.0,0.0000,M,0.0000,M,0.0000,0
$GPRMC,225247.00,A,3719.0745580,N,12156.9112120,W,0.0160,1.1141,101220,,,,
$GPGGA,225248.00,3719.0745580,N,12156.9112000,W,1,0,0.0,0.0000,M,0.0000,M,0.0000,0
$GPRMC,225248.00,A,3719.0745580,N,12156.9112000,W,0.0272,1.1133,101220,,,,
$GPGGA,225249.00,3719.0745580,N,12156.9111760,W,1,0,0.0,0.0000,M,0.0000,M,0.0000,0
$GPRMC,225249.00,A,3719.0745580,N,12156.9111760,W,0.0360,1.1130,101220,,,,
$GPGGA,225250.00,3719.0745580,N,12156.9111460,W,1,0,0.0,0.0000,M,0.0000,M,0.0000,0
$GPRMC,225250.00,A,3719.0745580,N,12156.9111460,W,0.0450,1.1106,101220,,,,
$GPGGA,225251.00,3719.0745520,N,12156.9111400,W,1,0,0.0,0.0000,M,0.0000,M,0.0000,0
$GPRMC,225251.00,A,3719.0745520,N,12156.9111400,W,0.0642,0.0789,101220,,,,
$GPGGA,225252.00,3719.0744380,N,12156.9112300,W,1,0,0.0,0.0000,M,0.0000,M,0.0000,0
$GPRMC,225252.00,A,3719.0744380,N,12156.9112300,W,0.3319,356.8117,101220,,,,
$GPGGA,225253.00,3719.0741740,N,12156.9111640,W,1,0,0.0,0.0000,M,0.0000,M,0.0000,0
$GPRMC,225253.00,A,3719.0741740,N,12156.9111640,W,0.6380,359.9294,101220,,,,
$GPGGA,225254.00,3719.0738200,N,12156.9109180,W,1,0,0.0,0.0000,M,0.0000,M,0.0000,0
$GPRMC,225254.00,A,3719.0738200,N,12156.9109180,W,0.8429,8.8705,101220,,,,
$GPGGA,225255.00,3719.0733220,N,12156.9106840,W,1,0,0.0,0.0000,M,0.0000,M,0.0000,0
$GPRMC,225255.00,A,3719.0733220,N,12156.9106840,W,0.9969,21.0091,101220,,,,
$GPGGA,225256.00,3719.0727340,N,12156.9105700,W,1,0,0.0,0.0000,M,0.0000,M,0.0000,0
$GPRMC,225256.00,A,3719.0727340,N,12156.9105700,W,0.9315,34.2961,101220,,,,
$GPGGA,225257.00,3719.0722000,N,12156.9106000,W,1,0,0.0,0.0000,M,0.0000,M,0.0000,0
$GPRMC,225257.00,A,3719.0722000,N,12156.9106000,W,0.6124,45.4821,101220,,,,
$GPGGA,225258.00,3719.0719960,N,12156.9106360,W,1,0,0.0,0.0000,M,0.0000,M,0.0000,0
$GPRMC,225258.00,A,3719.0719960,N,12156.9106360,W,0.0944,48.6027,101220,,,,
$GPGGA,225259.00,3719.0719120,N,12156.9105580,W,1,0,0.0,0.0000,M,0.0000,M,0.0000,0
$GPRMC,225259.00,A,3719.0719120,N,12156.9105580,W,0.2498,49.1527,101220,,,,
$GPGGA,225300.00,3719.0719960,N,12156.9100900,W,1,0,0.0,0.0000,M,0.0000,M,0.0000,0
$GPRMC,225300.00,A,3719.0719960,N,12156.9100900,W,0.9746,55.4716,101220,,,,
$GPGGA,225301.00,3719.0722600,N,12156.9089320,W,1,0,0.0,0.0000,M,0.0000,M,0.0000,0
$GPRMC,225301.00,A,3719.0722600,N,12156.9089320,W,2.0277,69.9313,101220,,,,
$GPGGA,225302.00,3719.0724880,N,12156.9069160,W,1,0,0.0,0.0000,M,0.0000,M,0.0000,0
$GPRMC,225302.00,A,3719.0724880,N,12156.9069160,W,3.4591,87.5469,101220,,,,
$GPGGA,225303.00,3719.0723440,N,12156.9040240,W,1,0,0.0,0.0000,M,0.0000,M,0.0000,0
$GPRMC,225303.00,A,3719.0723440,N,12156.9040240,W,4.8934,95.4838,101220,,,,
$GPGGA,225304.00,3719.0718700,N,12156.9004840,W,1,0,0.0,0.0000,M,0.0000,M,0.0000,0
$GPRMC,225304.00,A,3719.0718700,N,12156.9004840,W,5.3306,96.0572,101220,,,,
$GPGGA,225305.00,3719.0713960,N,12156.8969920,W,1,0,0.0,0.0000,M,0.0000,M,0.0000,0
$GPRMC,225305.00,A,3719.0713960,N,12156.8969920,W,5.0388,93.6985,101220,,,,
$GPGGA,225306.00,3719.0711200,N,12156.8938720,W,1,0,0.0,0.0000,M,0.0000,M,0.0000,0
$GPRMC,225306.00,A,3719.0711200,N,12156.8938720,W,4.0335,90.6643,101220,,,,
$GPGGA,225307.00,3719.0709940,N,12156.8916640,W,1,0,0.0,0.0000,M,0.0000,M,0.0000,0
$GPRMC,225307.00,A,3719.0709940,N,12156.8916640,W,2.4368,89.2079,101220,,,,
$GPGGA,225308.00,3719.0707480,N,12156.8905060,W,1,0,0.0,0.0000,M,0.0000,M,0.0000,0
$GPRMC,225308.00,A,3719.0707480,N,12156.8905060,W,1.1226,88.7908,101220,,,,
$GPGGA,225309.00,3719.0706040,N,12156.8896240,W,1,0,0.0,0.0000,M,0.0000,M,0.0000,0
$GPRMC,225309.00,A,3719.0706040,N,12156.8896240,W,1.5322,88.3180,101220,,,,
$GPGGA,225310.00,3719.0693800,N,12156.8883460,W,1,0,0.0,0.0000,M,0.0000,M,0.0000,0
$GPRMC,225310.00,A,3719.0693800,N,12156.8883460,W,2.2334,92.5285,101220,,,,
$GPGGA,225311.00,3719.0668180,N,12156.8866060,W,1,0,0.0,0.0000,M,0.0000,M,0.0000,0
$GPRMC,225311.00,A,3719.0668180,N,12156.8866060,W,2.5078,116.9690,101220,,,,
$GPGGA,225312.00,3719.0637400,N,12156.8849860,W,1,0,0.0,0.0000,M,0.0000,M,0.0000,0
$GPRMC,225312.00,A,3719.0637400,N,12156.8849860,W,3.8493,150.1103,101220,,,,
$GPGGA,225313.00,3719.0635120,N,12156.8842960,W,1,0,0.0,0.0000,M,0.0000,M,0.0000,0
$GPRMC,225313.00,A,3719.0635120,N,12156.8842960,W,5.1584,176.4849,101220,,,,
$GPGGA,225314.00,3719.0606140,N,12156.8834500,W,1,0,0.0,0.0000,M,0.0000,M,0.0000,0
$GPRMC,225314.00,A,3719.0606140,N,12156.8834500,W,5.1906,180.1630,101220,,,,
$GPGGA,225315.00,3719.0578720,N,12156.8828500,W,1,0,0.0,0.0000,M,0.0000,M,0.0000,0
$GPRMC,225315.00,A,3719.0578720,N,12156.8828500,W,5.6110,179.3942,101220,,,,
$GPGGA,225316.00,3719.0550520,N,12156.8825260,W,1,0,0.0,0.0000,M,0.0000,M,0.0000,0
$GPRMC,225316.00,A,3719.0550520,N,12156.8825260,W,5.6284,178.0109,101220,,,,
$GPGGA,225317.00,3719.0524840,N,12156.8827000,W,1,0,0.0,0.0000,M,0.0000,M,0.0000,0
$GPRMC,225317.00,A,3719.0524840,N,12156.8827000,W,4.4944,177.1106,101220,,,,
$GPGGA,225318.00,3719.0504320,N,12156.8830480,W,1,0,0.0,0.0000,M,0.0000,M,0.0000,0
$GPRMC,225318.00,A,3719.0504320,N,12156.8830480,W,3.9589,176.8565,101220,,,,
$GPGGA,225319.00,3719.0491240,N,12156.8840920,W,1,0,0.0,0.0000,M,0.0000,M,0.0000,0
$GPRMC,225319.00,A,3719.0491240,N,12156.8840920,W,3.9810,177.2184,101220,,,,
$GPGGA,225320.00,3719.0471020,N,12156.8847160,W,1,0,0.0,0.0000,M,0.0000,M,0.0000,0
$GPRMC,225320.00,A,3719.0471020,N,12156.8847160,W,5.1097,177.9011,101220,,,,
$GPGGA,225321.00,3719.0443660,N,12156.8852500,W,1,0,0.0,0.0000,M,0.0000,M,0.0000,0
$GPRMC,225321.00,A,3719.0443660,N,12156.8852500,W,6.0620,179.2858,101220,,,,
$GPGGA,225322.00,3719.0414680,N,12156.8857900,W,1,0,0.0,0.0000,M,0.0000,M,0.0000,0
$GPRMC,225322.00,A,3719.0414680,N,12156.8857900,W,5.8515,180.4163,101220,,,,
$GPGGA,225323.00,3719.0387080,N,12156.8860660,W,1,0,0.0,0.0000,M,0.0000,M,0.0000,0
$GPRMC,225323.00,A,3719.0387080,N,12156.8860660,W,4.6038,178.8312,101220,,,,
$GPGGA,225324.00,3719.0370220,N,12156.8863180,W,1,0,0.0,0.0000,M,0.0000,M,0.0000,0
$GPRMC,225324.00,A,3719.0370220,N,12156.8863180,W,2.6144,177.2660,101220,,,,
$GPGGA,225325.00,3719.0364580,N,12156.8866300,W,1,0,0.0,0.0000,M,0.0000,M,0.0000,0
$GPRMC,225325.00,A,3719.0364580,N,12156.8866300,W,1.7114,176.7819,101220,,,,
$GPGGA,225326.00,3719.0361640,N,12156.8868040,W,1,0,0.0,0.0000,M,0.0000,M,0.0000,0
$GPRMC,225326.00,A,3719.0361640,N,12156.8868040,W,2.1660,175.7930,101220,,,,
$GPGGA,225327.00,3719.0351380,N,12156.8873800,W,1,0,0.0,0.0000,M,0.0000,M,0.0000,0
$GPRMC,225327.00,A,3719.0351380,N,12156.8873800,W,2.4960,191.1697,101220,,,,
$GPGGA,225328.00,3719.0341120,N,12156.8888560,W,1,0,0.0,0.0000,M,0.0000,M,0.0000,0
$GPRMC,225328.00,A,3719.0341120,N,12156.8888560,W,2.7176,221.3728,101220,,,,
$GPGGA,225329.00,3719.0337220,N,12156.8911600,W,1,0,0.0,0.0000,M,0.0000,M,0.0000,0
$GPRMC,225329.00,A,3719.0337220,N,12156.8911600,W,3.8043,252.7616,101220,,,,
$GPGGA,225330.00,3719.0337520,N,12156.8944480,W,1,0,0.0,0.0000,M,0.0000,M,0.0000,0
$GPRMC,225330.00,A,3719.0337520,N,12156.8944480,W,5.7918,270.6733,101220,,,,
$GPGGA,225331.00,3719.0341000,N,12156.8991580,W,1,0,0.0,0.0000,M,0.0000,M,0.0000,0
$GPRMC,225331.00,A,3719.0341000,N,12156.8991580,W,8.0741,275.1667,101220,,,,
$GPGGA,225332.00,3719.0344720,N,12156.9053080,W,1,0,0.0,0.0000,M,0.0000,M,0.0000,0
$GPRMC,225332.00,A,3719.0344720,N,12156.9053080,W,10.1051,273.9001,101220,,,,
$GPGGA,225333.00,3719.0348140,N,12156.9126160,W,1,0,0.0,0.0000,M,0.0000,M,0.0000,0
$GPRMC,225333.00,A,3719.0348140,N,12156.9126160,W,11.5328,273.3081,101220,,,,
$GPGGA,225334.00,3719.0351680,N,12156.9207460,W,1,0,0.0,0.0000,M,0.0000,M,0.0000,0
$GPRMC,225334.00,A,3719.0351680,N,12156.9207460,W,12.4397,273.0370,101220,,,,
$GPGGA,225335.00,3719.0355160,N,12156.9292540,W,1,0,0.0,0.0000,M,0.0000,M,0.0000,0
$GPRMC,225335.00,A,3719.0355160,N,12156.9292540,W,12.5553,272.9547,101220,,,,
$GPGGA,225336.00,3719.0358760,N,12156.9376300,W,1,0,0.0,0.0000,M,0.0000,M,0.0000,0
$GPRMC,225336.00,A,3719.0358760,N,12156.9376300,W,12.2100,273.2889,101220,,,,
$GPGGA,225337.00,3719.0363140,N,12156.9457540,W,1,0,0.0,0.0000,M,0.0000,M,0.0000,0
$GPRMC,225337.00,A,3719.0363140,N,12156.9457540,W,11.8641,274.1359,101220,,,,
$GPGGA,225338.00,3719.0367460,N,12156.9536620,W,1,0,0.0,0.0000,M,0.0000,M,0.0000,0
$GPRMC,225338.00,A,3719.0367460,N,12156.9536620,W,11.5607,273.9195,101220,,,,
$GPGGA,225339.00,3719.0371720,N,12156.9613840,W,1,0,0.0,0.0000,M,0.0000,M,0.0000,0
$GPRMC,225339.00,A,3719.0371720,N,12156.9613840,W,11.3161,274.0229,101220,,,,
$GPGGA,225340.00,3719.0375680,N,12156.9689020,W,1,0,0.0,0.0000,M,0.0000,M,0.0000,0
$GPRMC,225340.00,A,3719.0375680,N,12156.9689020,W,10.8367,273.8243,101220,,,,
$GPGGA,225341.00,3719.0379280,N,12156.9758680,W,1,0,0.0,0.0000,M,0.0000,M,0.0000,0
$GPRMC,225341.00,A,3719.0379280,N,12156.9758680,W,9.7124,273.8893,101220,,,,
$GPGGA,225342.00,3719.0382400,N,12156.9818140,W,1,0,0.0,0.0000,M,0.0000,M,0.0000,0
$GPRMC,225342.00,A,3719.0382400,N,12156.9818140,W,7.8203,273.9634,101220,,,,
$GPGGA,225343.00,3719.0385040,N,12156.9864940,W,1,0,0.0,0.0000,M,0.0000,M,0.0000,0
$GPRMC,225343.00,A,3719.0385040,N,12156.9864940,W,6.0812,273.9832,101220,,,,
$GPGGA,225344.00,3719.0386900,N,12156.9900040,W,1,0,0.0,0.0000,M,0.0000,M,0.0000,0
$GPRMC,225344.00,A,3719.0386900,N,12156.9900040,W,4.2880,273.7927,101220,,,,
$GPGGA,225345.00,3719.0388040,N,12156.9923440,W,1,0,0.0,0.0000,M,0.0000,M,0.0000,0
$GPRMC,225345.00,A,3719.0388040,N,12156.9923440,W,2.6803,273.8203,101220,,,,
$GPGGA,225346.00,3719.0388700,N,12156.9936820,W,1,0,0.0,0.0000,M,0.0000,M,0.0000,0
$GPRMC,225346.00,A,3719.0388700,N,12156.9936820,W,1.2928,273.6984,101220,,,,
$GPGGA,225347.00,3719.0388820,N,12156.9940540,W,1,0,0.0,0.0000,M,0.0000,M,0.0000,0
$GPRMC,225347.00,A,3719.0388820,N,12156.9940540,W,0.0754,273.6803,101220,,,,
$GPGGA,225348.00,3719.0388820,N,12156.9940540,W,1,0,0.0,0.0000,M,0.0000,M,0.0000,0
$GPRMC,225348.00,A,3719.0388820,N,12156.9940540,W,0.0032,273.6816,101220,,,,
$GPGGA,225349.00,3719.0388820,N,12156.9940540,W,1,0,0.0,0.0000,M,0.0000,M,0.0000,0
$GPRMC,225349.00,A,3719.0388820,N,12156.9940540,W,0.0042,273.6795,101220,,,,
$GPGGA,225350.00,3719.0388820,N,12156.9940540,W,1,0,0.0,0.0000,M,0.0000,M,0.0000,0
$GPRMC,225350.00,A,3719.0388820,N,12156.9940540,W,0.0036,273.6781,101220,,,,
$GPGGA,225351.00,3719.0388820,N,12156.9940540,W,1,0,0.0,0.0000,M,0.0000,M,0.0000,0
$GPRMC,225351.00,A,3719.0388820,N,12156.9940540,W,0.0032,273.6775,101220,,,,
$GPGGA,225352.00,3719.0388820,N,12156.9940540,W,1,0,0.0,0.0000,M,0.0000,M,0.0000,0
$GPRMC,225352.00,A,3719.0388820,N,12156.9940540,W,0.0022,273.6768,101220,,,,
$GPGGA,225353.00,3719.0388820,N,12156.9940480,W,1,0,0.0,0.0000,M,0.0000,M,0.0000,0
$GPRMC,225353.00,A,3719.0388820,N,12156.9940480,W,0.0022,273.6792,101220,,,,
$GPGGA,225354.00,3719.0388820,N,12156.9940480,W,1,0,0.0,0.0000,M,0.0000,M,0.0000,0
$GPRMC,225354.00,A,3719.0388820,N,12156.9940480,W,0.0020,273.6789,101220,,,,
$GPGGA,225355.00,3719.0388820,N,12156.9940480,W,1,0,0.0,0.0000,M,0.0000,M,0.0000,0
$GPRMC,225355.00,A,3719.0388820,N,12156.9940480,W,0.0020,273.6782,101220,,,,
$GPGGA,225356.00,3719.0388820,N,12156.9940540,W,1,0,0.0,0.0000,M,0.0000,M,0.0000,0
$GPRMC,225356.00,A,3719.0388820,N,12156.9940540,W,0.0020,273.6776,101220,,,,
$GPGGA,225357.00,3719.0388820,N,12156.9940540,W,1,0,0.0,0.0000,M,0.0000,M,0.0000,0
$GPRMC,225357.00,A,3719.0388820,N,12156.9940540,W,0.0022,273.6768,101220,,,,
$GPGGA,225358.00,3719.0388820,N,12156.9940540,W,1,0,0.0,0.0000,M,0.0000,M,0.0000,0
$GPRMC,225358.00,A,3719.0388820,N,12156.9940540,W,0.0028,273.6759,101220,,,,
$GPGGA,225359.00,3719.0388820,N,12156.9940540,W,1,0,0.0,0.0000,M,0.0000,M,0.0000,0
$GPRMC,225359.00,A,3719.0388820,N,12156.9940540,W,0.0036,273.6752,101220,,,,
$GPGGA,225400.00,3719.0388820,N,12156.9940540,W,1,0,0.0,0.0000,M,0.0000,M,0.0000,0
$GPRMC,225400.00,A,3719.0388820,N,12156.9940540,W,0.0036,273.6743,101220,,,,
$GPGGA,225401.00,3719.0388820,N,12156.9940540,W,1,0,0.0,0.0000,M,0.0000,M,0.0000,0
$GPRMC,225401.00,A,3719.0388820,N,12156.9940540,W,0.0042,273.6736,101220,,,,
$GPGGA,225402.00,3719.0388820,N,12156.9940540,W,1,0,0.0,0.0000,M,0.0000,M,0.0000,0
$GPRMC,225402.00,A,3719.0388820,N,12156.9940540,W,0.0036,273.6729,101220,,,,
$GPGGA,225403.00,3719.0388820,N,12156.9940540,W,1,0,0.0,0.0000,M,0.0000,M,0.0000,0
$GPRMC,225403.00,A,3719.0388820,N,12156.9940540,W,0.0042,273.6725,101220,,,,
$GPGGA,225404.00,3719.0388820,N,12156.9940540,W,1,0,0.0,0.0000,M,0.0000,M,0.0000,0
$GPRMC,225404.00,A,3719.0388820,N,12156.9940540,W,0.0042,273.6719,101220,,,,
$GPGGA,225405.00,3719.0388820,N,12156.9940540,W,1,0,0.0,0.0000,M,0.0000,M,0.0000,0
$GPRMC,225405.00,A,3719.0388820,N,12156.9940540,W,0.0042,273.6705,101220,,,,
$GPGGA,225406.00,3719.0388820,N,12156.9940480,W,1,0,0.0,0.0000,M,0.0000,M,0.0000,0
$GPRMC,225406.00,A,3719.0388820,N,12156.9940480,W,0.0042,273.6700,101220,,,,
$GPGGA,225407.00,3719.0388820,N,12156.9940480,W,1,0,0.0,0.0000,M,0.0000,M,0.0000,0
$GPRMC,225407.00,A,3719.0388820,N,12156.9940480,W,0.0042,273.6695,101220,,,,
$GPGGA,225408.00,3719.0388820,N,12156.9940480,W,1,0,0.0,0.0000,M,0.0000,M,0.0000,0
$GPRMC,225408.00,A,3719.0388820,N,12156.9940480,W,0.0042,273.6690,101220,,,,
$GPGGA,225409.00,3719.0388820,N,12156.9940480,W,1,0,0.0,0.0000,M,0.0000,M,0.0000,0
$GPRMC,225409.00,A,3719.0388820,N,12156.9940480,W,0.0042,273.6683,101220,,,,
$GPGGA,225410.00,3719.0388820,N,12156.9940480,W,1,0,0.0,0.0000,M,0.0000,M,0.0000,0
$GPRMC,225410.00,A,3719.0388820,N,12156.9940480,W,0.0042,273.6674,101220,,,,
$GPGGA,225411.00,3719.0388820,N,12156.9940480,W,1,0,0.0,0.0000,M,0.0000,M,0.0000,0
$GPRMC,225411.00,A,3719.0388820,N,12156.9940480,W,0.0036,273.6668,101220,,,,
$GPGGA,225412.00,3719.0388760,N,12156.9940480,W,1,0,0.0,0.0000,M,0.0000,M,0.0000,0
$GPRMC,225412.00,A,3719.0388760,N,12156.9940480,W,0.0036,273.6661,101220,,,,
$GPGGA,225413.00,3719.0388760,N,12156.9940480,W,1,0,0.0,0.0000,M,0.0000,M,0.0000,0
$GPRMC,225413.00,A,3719.0388760,N,12156.9940480,W,0.0036,273.6655,101220,,,,
$GPGGA,225414.00,3719.0388760,N,12156.9940480,W,1,0,0.0,0.0000,M,0.0000,M,0.0000,0
$GPRMC,225414.00,A,3719.0388760,N,12156.9940480,W,0.0028,273.6649,101220,,,,
$GPGGA,225415.00,3719.0388760,N,12156.9940480,W,1,0,0.0,0.0000,M,0.0000,M,0.0000,0
$GPRMC,225415.00,A,3719.0388760,N,12156.9940480,W,0.0036,273.6644,101220,,,,
$GPGGA,225416.00,3719.0388760,N,12156.9940480,W,1,0,0.0,0.0000,M,0.0000,M,0.0000,0
$GPRMC,225416.00,A,3719.0388760,N,12156.9940480,W,0.0028,273.6637,101220,,,,
$GPGGA,225417.00,3719.0388760,N,12156.9940480,W,1,0,0.0,0.0000,M,0.0000,M,0.0000,0
$GPRMC,225417.00,A,3719.0388760,N,12156.9940480,W,0.0028,273.6628,101220,,,,
$GPGGA,225418.00,3719.0388760,N,12156.9940480,W,1,0,0.0,0.0000,M,0.0000,M,0.0000,0
$GPRMC,225418.00,A,3719.0388760,N,12156.9940480,W,0.0028,273.6623,101220,,,,
$GPGGA,225419.00,3719.0388760,N,12156.9940480,W,1,0,0.0,0.0000,M,0.0000,M,0.0000,0
$GPRMC,225419.00,A,3719.0388760,N,12156.9940480,W,0.0014,273.6614,101220,,,,
$GPGGA,225420.00,3719.0388760,N,12156.9940480,W,1,0,0.0,0.0000,M,0.0000,M,0.0000,0
$GPRMC,225420.00,A,3719.0388760,N,12156.9940480,W,0.0014,273.6608,101220,,,,
$GPGGA,225421.00,3719.0388760,N,12156.9940480,W,1,0,0.0,0.0000,M,0.0000,M,0.0000,0
$GPRMC,225421.00,A,3719.0388760,N,12156.9940480,W,0.0028,273.6600,101220,,,,
$GPGGA,225422.00,3719.0388760,N,12156.9940480,W,1,0,0.0,0.0000,M,0.0000,M,0.0000,0
$GPRMC,225422.00,A,3719.0388760,N,12156.9940480,W,0.0022,273.6591,101220,,,,
$GPGGA,225423.00,3719.0388760,N,12156.9940480,W,1,0,0.0,0.0000,M,0.0000,M,0.0000,0
$GPRMC,225423.00,A,3719.0388760,N,12156.9940480,W,0.0022,273.6584,101220,,,,
$GPGGA,225424.00,3719.0388820,N,12156.9940480,W,1,0,0.0,0.0000,M,0.0000,M,0.0000,0
$GPRMC,225424.00,A,3719.0388820,N,12156.9940480,W,0.0010,273.6576,101220,,,,
$GPGGA,225425.00,3719.0388820,N,12156.9940480,W,1,0,0.0,0.0000,M,0.0000,M,0.0000,0
$GPRMC,225425.00,A,3719.0388820,N,12156.9940480,W,0.0014,273.6568,101220,,,,
$GPGGA,225426.00,3719.0388820,N,12156.9940480,W,1,0,0.0,0.0000,M,0.0000,M,0.0000,0
$GPRMC,225426.00,A,3719.0388820,N,12156.9940480,W,0.0014,273.6562,101220,,,,
$GPGGA,225427.00,3719.0388820,N,12156.9940480,W,1,0,0.0,0.0000,M,0.0000,M,0.0000,0
$GPRMC,225427.00,A,3719.0388820,N,12156.9940480,W,0.0010,273.6556,101220,,,,
$GPGGA,225428.00,3719.0388820,N,12156.9940480,W,1,0,0.0,0.0000,M,0.0000,M,0.0000,0
$GPRMC,225428.00,A,3719.0388820,N,12156.9940480,W,0.0014,273.6549,101220,,,,
$GPGGA,225429.00,3719.0388820,N,12156.9940480,W,1,0,0.0,0.0000,M,0.0000,M,0.0000,0
$GPRMC,225429.00,A,3719.0388820,N,12156.9940480,W,0.0010,273.6541,101220,,,,
$GPGGA,225430.00,3719.0388820,N,12156.9940480,W,1,0,0.0,0.0000,M,0.0000,M,0.0000,0
$GPRMC,225430.00,A,3719.0388820,N,12156.9940480,W,0.0000,273.6534,101220,,,,
$GPGGA,225431.00,3719.0388820,N,12156.9940540,W,1,0,0.0,0.0000,M,0.0000,M,0.0000,0
$GPRMC,225431.00,A,3719.0388820,N,12156.9940540,W,0.0000,273.6526,101220,,,,
$GPGGA,225432.00,3719.0388820,N,12156.9940540,W,1,0,0.0,0.0000,M,0.0000,M,0.0000,0
$GPRMC,225432.00,A,3719.0388820,N,12156.9940540,W,0.0000,273.6519,101220,,,,
$GPGGA,225433.00,3719.0388820,N,12156.9940540,W,1,0,0.0,0.0000,M,0.0000,M,0.0000,0
$GPRMC,225433.00,A,3719.0388820,N,12156.9940540,W,0.0000,273.6512,101220,,,,
$GPGGA,225434.00,3719.0388880,N,12156.9940540,W,1,0,0.0,0.0000,M,0.0000,M,0.0000,0
$GPRMC,225434.00,A,3719.0388880,N,12156.9940540,W,0.0000,273.6505,101220,,,,
$GPGGA,225435.00,3719.0388880,N,12156.9940540,W,1,0,0.0,0.0000,M,0.0000,M,0.0000,0
$GPRMC,225435.00,A,3719.0388880,N,12156.9940540,W,0.0000,273.6497,101220,,,,
$GPGGA,225436.00,3719.0388880,N,12156.9940540,W,1,0,0.0,0.0000,M,0.0000,M,0.0000,0
$GPRMC,225436.00,A,3719.0388880,N,12156.9940540,W,0.0000,273.6489,101220,,,,
$GPGGA,225437.00,3719.0388880,N,12156.9940540,W,1,0,0.0,0.0000,M,0.0000,M,0.0000,0
$GPRMC,225437.00,A,3719.0388880,N,12156.9940540,W,0.0010,273.6482,101220,,,,
$GPGGA,225438.00,3719.0388880,N,12156.9940540,W,1,0,0.0,0.0000,M,0.0000,M,0.0000,0
$GPRMC,225438.00,A,3719.0388880,N,12156.9940540,W,0.0014,273.6473,101220,,,,
$GPGGA,225439.00,3719.0388880,N,12156.9940540,W,1,0,0.0,0.0000,M,0.0000,M,0.0000,0
$GPRMC,225439.00,A,3719.0388880,N,12156.9940540,W,0.0014,273.6466,101220,,,,
$GPGGA,225440.00,3719.0388880,N,12156.9940540,W,1,0,0.0,0.0000,M,0.0000,M,0.0000,0
$GPRMC,225440.00,A,3719.0388880,N,12156.9940540,W,0.0010,273.6459,101220,,,,
$GPGGA,225441.00,3719.0388880,N,12156.9940540,W,1,0,0.0,0.0000,M,0.0000,M,0.0000,0
$GPRMC,225441.00,A,3719.0388880,N,12156.9940540,W,0.0014,273.6454,101220,,,,
$GPGGA,225442.00,3719.0388880,N,12156.9940540,W,1,0,0.0,0.0000,M,0.0000,M,0.0000,0
$GPRMC,225442.00,A,3719.0388880,N,12156.9940540,W,0.0014,273.6447,101220,,,,
$GPGGA,225443.00,3719.0388880,N,12156.9940540,W,1,0,0.0,0.0000,M,0.0000,M,0.0000,0
$GPRMC,225443.00,A,3719.0388880,N,12156.9940540,W,0.0014,273.6438,101220,,,,
$GPGGA,225444.00,3719.0388880,N,12156.9940540,W,1,0,0.0,0.0000,M,0.0000,M,0.0000,0
$GPRMC,225444.00,A,3719.0388880,N,12156.9940540,W,0.0014,273.6432,101220,,,,
$GPGGA,225445.00,3719.0388880,N,12156.9940540,W,1,0,0.0,0.0000,M,0.0000,M,0.0000,0
$GPRMC,225445.00,A,3719.0388880,N,12156.9940540,W,0.0014,273.6427,101220,,,,
$GPGGA,225446.00,3719.0388880,N,12156.9940540,W,1,0,0.0,0.0000,M,0.0000,M,0.0000,0
$GPRMC,225446.00,A,3719.0388880,N,12156.9940540,W,0.0014,273.6421,101220,,,,
$GPGGA,225447.00,3719.0388880,N,12156.9940540,W,1,0,0.0,0.0000,M,0.0000,M,0.0000,0
$GPRMC,225447.00,A,3719.0388880,N,12156.9940540,W,0.0014,273.6414,101220,,,,
$GPGGA,225448.00,3719.0388880,N,12156.9940540,W,1,0,0.0,0.0000,M,0.0000,M,0.0000,0
$GPRMC,225448.00,A,3719.0388880,N,12156.9940540,W,0.0014,273.6406,101220,,,,
$GPGGA,225449.00,3719.0388880,N,12156.9940540,W,1,0,0.0,0.0000,M,0.0000,M,0.0000,0
$GPRMC,225449.00,A,3719.0388880,N,12156.9940540,W,0.0014,273.6400,101220,,,,
$GPGGA,225450.00,3719.0388880,N,12156.9940540,W,1,0,0.0,0.0000,M,0.0000,M,0.0000,0
$GPRMC,225450.00,A,3719.0388880,N,12156.9940540,W,0.0014,273.6393,101220,,,,
$GPGGA,225451.00,3719.0388880,N,12156.9940540,W,1,0,0.0,0.0000,M,0.0000,M,0.0000,0
$GPRMC,225451.00,A,3719.0388880,N,12156.9940540,W,0.0014,273.6386,101220,,,,
$GPGGA,225452.00,3719.0388880,N,12156.9940540,W,1,0,0.0,0.0000,M,0.0000,M,0.0000,0
$GPRMC,225452.00,A,3719.0388880,N,12156.9940540,W,0.0014,273.6380,101220,,,,
$GPGGA,225453.00,3719.0388880,N,12156.9940540,W,1,0,0.0,0.0000,M,0.0000,M,0.0000,0
$GPRMC,225453.00,A,3719.0388880,N,12156.9940540,W,0.0014,273.6373,101220,,,,
$GPGGA,225454.00,3719.0388880,N,12156.9940540,W,1,0,0.0,0.0000,M,0.0000,M,0.0000,0
$GPRMC,225454.00,A,3719.0388880,N,12156.9940540,W,0.0014,273.6365,101220,,,,
$GPGGA,225455.00,3719.0388880,N,12156.9940540,W,1,0,0.0,0.0000,M,0.0000,M,0.0000,0
$GPRMC,225455.00,A,3719.0388880,N,12156.9940540,W,0.0022,273.6357,101220,,,,
$GPGGA,225456.00,3719.0388880,N,12156.9940540,W,1,0,0.0,0.0000,M,0.0000,M,0.0000,0
$GPRMC,225456.00,A,3719.0388880,N,12156.9940540,W,0.0014,273.6351,101220,,,,
$GPGGA,225457.00,3719.0388880,N,12156.9940540,W,1,0,0.0,0.0000,M,0.0000,M,0.0000,0
$GPRMC,225457.00,A,3719.0388880,N,12156.9940540,W,0.0014,273.6345,101220,,,,
$GPGGA,225458.00,3719.0388880,N,12156.9940540,W,1,0,0.0,0.0000,M,0.0000,M,0.0000,0
$GPRMC,225458.00,A,3719.0388880,N,12156.9940540,W,0.0014,273.6339,101220,,,,
$GPGGA,225459.00,3719.0388880,N,12156.9940540,W,1,0,0.0,0.0000,M,0.0000,M,0.0000,0
$GPRMC,225459.00,A,3719.0388880,N,12156.9940540,W,0.0010,273.6331,101220,,,,
$GPGGA,225500.00,3719.0388880,N,12156.9940540,W,1,0,0.0,0.0000,M,0.0000,M,0.0000,0
$GPRMC,225500.00,A,3719.0388880,N,12156.9940540,W,0.0014,273.6324,101220,,,,
$GPGGA,225501.00,3719.0388880,N,12156.9940540,W,1,0,0.0,0.0000,M,0.0000,M,0.0000,0
$GPRMC,225501.00,A,3719.0388880,N,12156.9940540,W,0.0010,273.6319,101220,,,,
$GPGGA,225502.00,3719.0388880,N,12156.9940540,W,1,0,0.0,0.0000,M,0.0000,M,0.0000,0
$GPRMC,225502.00,A,3719.0388880,N,12156.9940540,W,0.0014,273.6313,101220,,,,
$GPGGA,225503.00,3719.0388880,N,12156.9940540,W,1,0,0.0,0.0000,M,0.0000,M,0.0000,0
$GPRMC,225503.00,A,3719.0388880,N,12156.9940540,W,0.0010,273.6306,101220,,,,
$GPGGA,225504.00,3719.0388880,N,12156.9940540,W,1,0,0.0,0.0000,M,0.0000,M,0.0000,0
$GPRMC,225504.00,A,3719.0388880,N,12156.9940540,W,0.0010,273.6301,101220,,,,
$GPGGA,225505.00,3719.0388880,N,12156.9940540,W,1,0,0.0,0.0000,M,0.0000,M,0.0000,0
$GPRMC,225505.00,A,3719.0388880,N,12156.9940540,W,0.0010,273.6293,101220,,,,
$GPGGA,225506.00,3719.0388880,N,12156.9940540,W,1,0,0.0,0.0000,M,0.0000,M,0.0000,0
$GPRMC,225506.00,A,3719.0388880,N,12156.9940540,W,0.0010,273.6287,101220,,,,
$GPGGA,225507.00,3719.0388880,N,12156.9940540,W,1,0,0.0,0.0000,M,0.0000,M,0.0000,0
$GPRMC,225507.00,A,3719.0388880,N,12156.9940540,W,0.0010,273.6280,101220,,,,
$GPGGA,225508.00,3719.0388880,N,12156.9940540,W,1,0,0.0,0.0000,M,0.0000,M,0.0000,0
$GPRMC,225508.00,A,3719.0388880,N,12156.9940540,W,0.0010,273.6275,101220,,,,
$GPGGA,225509.00,3719.0388880,N,12156.9940540,W,1,0,0.0,0.0000,M,0.0000,M,0.0000,0
$GPRMC,225509.00,A,3719.0388880,N,12156.9940540,W,0.0000,273.6268,101220,,,,
$GPGGA,225510.00,3719.0388880,N,12156.9940540,W,1,0,0.0,0.0000,M,0.0000,M,0.0000,0
$GPRMC,225510.00,A,3719.0388880,N,12156.9940540,W,0.0010,273.6259,101220,,,,
$GPGGA,225511.00,3719.0388880,N,12156.9940540,W,1,0,0.0,0.0000,M,0.0000,M,0.0000,0
$GPRMC,225511.00,A,3719.0388880,N,12156.9940540,W,0.0010,273.6253,101220,,,,
$GPGGA,225512.00,3719.0388880,N,12156.9940540,W,1,0,0.0,0.0000,M,0.0000,M,0.0000,0
$GPRMC,225512.00,A,3719.0388880,N,12156.9940540,W,0.0020,273.6248,101220,,,,
$GPGGA,225513.00,3719.0388820,N,12156.9940540,W,1,0,0.0,0.0000,M,0.0000,M,0.0000,0
$GPRMC,225513.00,A,3719.0388820,N,12156.9940540,W,0.0036,273.6243,101220,,,,
$GPGGA,225514.00,3719.0388820,N,12156.9940480,W,1,0,0.0,0.0000,M,0.0000,M,0.0000,0
$GPRMC,225514.00,A,3719.0388820,N,12156.9940480,W,0.0042,273.6235,101220,,,,
$GPGGA,225515.00,3719.0388820,N,12156.9941440,W,1,0,0.0,0.0000,M,0.0000,M,0.0000,0
$GPRMC,225515.00,A,3719.0388820,N,12156.9941440,W,0.5398,273.6117,101220,,,,
$GPGGA,225516.00,3719.0389360,N,12156.9953620,W,1,0,0.0,0.0000,M,0.0000,M,0.0000,0
$GPRMC,225516.00,A,3719.0389360,N,12156.9953620,W,3.3300,273.2945,101220,,,,
$GPGGA,225517.00,3719.0389960,N,12156.9986740,W,1,0,0.0,0.0000,M,0.0000,M,0.0000,0
$GPRMC,225517.00,A,3719.0389960,N,12156.9986740,W,6.3759,271.5588,101220,,,,
$GPGGA,225518.00,3719.0388640,N,12157.0038940,W,1,0,0.0,0.0000,M,0.0000,M,0.0000,0
$GPRMC,225518.00,A,3719.0388640,N,12157.0038940,W,9.2954,267.9877,101220,,,,
$GPGGA,225519.00,3719.0384500,N,12157.0111480,W,1,0,0.0,0.0000,M,0.0000,M,0.0000,0
$GPRMC,225519.00,A,3719.0384500,N,12157.0111480,W,12.2933,265.7986,101220,,,,
$GPGGA,225520.00,3719.0378140,N,12157.0204300,W,1,0,0.0,0.0000,M,0.0000,M,0.0000,0
$GPRMC,225520.00,A,3719.0378140,N,12157.0204300,W,15.1145,265.0676,101220,,,,
$GPGGA,225521.00,3719.0370520,N,12157.0313380,W,1,0,0.0,0.0000,M,0.0000,M,0.0000,0
$GPRMC,225521.00,A,3719.0370520,N,12157.0313380,W,17.3130,264.9753,101220,,,,
$GPGGA,225522.00,3719.0361880,N,12157.0437460,W,1,0,0.0,0.0000,M,0.0000,M,0.0000,0
$GPRMC,225522.00,A,3719.0361880,N,12157.0437460,W,19.5390,265.0529,101220,,,,
$GPGGA,225523.00,3719.0351860,N,12157.0576660,W,1,0,0.0,0.0000,M,0.0000,M,0.0000,0
$GPRMC,225523.00,A,3719.0351860,N,12157.0576660,W,21.7420,264.7931,101220,,,,
$GPGGA,225524.00,3719.0340520,N,12157.0729540,W,1,0,0.0,0.0000,M,0.0000,M,0.0000,0
$GPRMC,225524.00,A,3719.0340520,N,12157.0729540,W,23.5276,264.5731,101220,,,,
$GPGGA,225525.00,3719.0327200,N,12157.0893460,W,1,0,0.0,0.0000,M,0.0000,M,0.0000,0
$GPRMC,225525.00,A,3719.0327200,N,12157.0893460,W,25.1865,263.8023,101220,,,,
$GPGGA,225526.00,3719.0311120,N,12157.1068300,W,1,0,0.0,0.0000,M,0.0000,M,0.0000,0
$GPRMC,225526.00,A,3719.0311120,N,12157.1068300,W,26.7205,263.0823,101220,,,,
$GPGGA,225527.00,3719.0292160,N,12157.1251300,W,1,0,0.0,0.0000,M,0.0000,M,0.0000,0
$GPRMC,225527.00,A,3719.0292160,N,12157.1251300,W,27.8083,262.2871,101220,,,,
$GPGGA,225528.00,3719.0271100,N,12157.1440540,W,1,0,0.0,0.0000,M,0.0000,M,0.0000,0
$GPRMC,225528.00,A,3719.0271100,N,12157.1440540,W,28.6718,261.8384,101220,,,,
$GPGGA,225529.00,3719.0247820,N,12157.1635180,W,1,0,0.0,0.0000,M,0.0000,M,0.0000,0
$GPRMC,225529.00,A,3719.0247820,N,12157.1635180,W,29.4916,261.0818,101220,,,,
$GPGGA,225530.00,3719.0221480,N,12157.1834500,W,1,0,0.0,0.0000,M,0.0000,M,0.0000,0
$GPRMC,225530.00,A,3719.0221480,N,12157.1834500,W,30.2106,260.3583,101220,,,,
$GPGGA,225531.00,3719.0193940,N,12157.2037240,W,1,0,0.0,0.0000,M,0.0000,M,0.0000,0
$GPRMC,225531.00,A,3719.0193940,N,12157.2037240,W,30.3340,260.4141,101220,,,,
$GPGGA,225532.00,3719.0167000,N,12157.2238480,W,1,0,0.0,0.0000,M,0.0000,M,0.0000,0
$GPRMC,225532.00,A,3719.0167000,N,12157.2238480,W,29.9297,260.5775,101220,,,,
$GPGGA,225533.00,3719.0141800,N,12157.2437080,W,1,0,0.0,0.0000,M,0.0000,M,0.0000,0
$GPRMC,225533.00,A,3719.0141800,N,12157.2437080,W,29.4810,261.2471,101220,,,,
$GPGGA,225534.00,3719.0118100,N,12157.2633400,W,1,0,0.0,0.0000,M,0.0000,M,0.0000,0
$GPRMC,225534.00,A,3719.0118100,N,12157.2633400,W,29.2112,261.5276,101220,,,,
$GPGGA,225535.00,3719.0095180,N,12157.2828640,W,1,0,0.0,0.0000,M,0.0000,M,0.0000,0
$GPRMC,225535.00,A,3719.0095180,N,12157.2828640,W,29.0967,261.7233,101220,,,,
$GPGGA,225536.00,3719.0072860,N,12157.3023460,W,1,0,0.0,0.0000,M,0.0000,M,0.0000,0
$GPRMC,225536.00,A,3719.0072860,N,12157.3023460,W,29.0836,262.0375,101220,,,,
$GPGGA,225537.00,3719.0052220,N,12157.3219120,W,1,0,0.0,0.0000,M,0.0000,M,0.0000,0
$GPRMC,225537.00,A,3719.0052220,N,12157.3219120,W,29.2376,262.9540,101220,,,,
$GPGGA,225538.00,3719.0034220,N,12157.3416940,W,1,0,0.0,0.0000,M,0.0000,M,0.0000,0
$GPRMC,225538.00,A,3719.0034220,N,12157.3416940,W,29.5514,264.0512,101220,,,,
$GPGGA,225539.00,3719.0019160,N,12157.3617280,W,1,0,0.0,0.0000,M,0.0000,M,0.0000,0
$GPRMC,225539.00,A,3719.0019160,N,12157.3617280,W,29.9200,264.7817,101220,,,,
$GPGGA,225540.00,3719.0004460,N,12157.3820320,W,1,0,0.0,0.0000,M,0.0000,M,0.0000,0
$GPRMC,225540.00,A,3719.0004460,N,12157.3820320,W,30.2873,264.9083,101220,,,,
$GPGGA,225541.00,3718.9990660,N,12157.4025760,W,1,0,0.0,0.0000,M,0.0000,M,0.0000,0
$GPRMC,225541.00,A,3718.9990660,N,12157.4025760,W,30.5800,265.5421,101220,,,,
$GPGGA,225542.00,3718.9979140,N,12157.4232520,W,1,0,0.0,0.0000,M,0.0000,M,0.0000,0
$GPRMC,225542.00,A,3718.9979140,N,12157.4232520,W,30.6053,266.2977,101220,,,,
$GPGGA,225543.00,3718.9969780,N,12157.4439340,W,1,0,0.0,0.0000,M,0.0000,M,0.0000,0
$GPRMC,225543.00,A,3718.9969780,N,12157.4439340,W,30.5942,267.0963,101220,,,,
$GPGGA,225544.00,3718.9962280,N,12157.4646280,W,1,0,0.0,0.0000,M,0.0000,M,0.0000,0
$GPRMC,225544.00,A,3718.9962280,N,12157.4646280,W,30.6124,267.8008,101220,,,,
$GPGGA,225545.00,3718.9957660,N,12157.4853700,W,1,0,0.0,0.0000,M,0.0000,M,0.0000,0
$GPRMC,225545.00,A,3718.9957660,N,12157.4853700,W,30.6639,268.8708,101220,,,,
$GPGGA,225546.00,3718.9955800,N,12157.5061660,W,1,0,0.0,0.0000,M,0.0000,M,0.0000,0
$GPRMC,225546.00,A,3718.9955800,N,12157.5061660,W,30.7524,269.7049,101220,,,,
$GPGGA,225547.00,3718.9955920,N,12157.5270220,W,1,0,0.0,0.0000,M,0.0000,M,0.0000,0
$GPRMC,225547.00,A,3718.9955920,N,12157.5270220,W,30.8504,270.4108,101220,,,,
$GPGGA,225548.00,3718.9958200,N,12157.5479320,W,1,0,0.0,0.0000,M,0.0000,M,0.0000,0
$GPRMC,225548.00,A,3718.9958200,N,12157.5479320,W,30.9212,271.0023,101220,,,,
$GPGGA,225549.00,3718.9961680,N,12157.5689080,W,1,0,0.0,0.0000,M,0.0000,M,0.0000,0
$GPRMC,225549.00,A,3718.9961680,N,12157.5689080,W,31.0487,271.0675,101220,,,,
$GPGGA,225550.00,3718.9965340,N,12157.5899560,W,1,0,0.0,0.0000,M,0.0000,M,0.0000,0
$GPRMC,225550.00,A,3718.9965340,N,12157.5899560,W,31.1676,271.1308,101220,,,,
$GPGGA,225551.00,3718.9968760,N,12157.6110760,W,1,0,0.0,0.0000,M,0.0000,M,0.0000,0
$GPRMC,225551.00,A,3718.9968760,N,12157.6110760,W,31.2638,271.1443,101220,,,,
$GPGGA,225552.00,3718.9972000,N,12157.6322560,W,1,0,0.0,0.0000,M,0.0000,M,0.0000,0
$GPRMC,225552.00,A,3718.9972000,N,12157.6322560,W,31.3292,271.0976,101220,,,,
$GPGGA,225553.00,3718.9975300,N,12157.6534720,W,1,0,0.0,0.0000,M,0.0000,M,0.0000,0
$GPRMC,225553.00,A,3718.9975300,N,12157.6534720,W,31.3677,271.0014,101220,,,,
$GPGGA,225554.00,3718.9978180,N,12157.6746880,W,1,0,0.0,0.0000,M,0.0000,M,0.0000,0
$GPRMC,225554.00,A,3718.9978180,N,12157.6746880,W,31.3236,271.0764,101220,,,,
$GPGGA,225555.00,3718.9981780,N,12157.6958500,W,1,0,0.0,0.0000,M,0.0000,M,0.0000,0
$GPRMC,225555.00,A,3718.9981780,N,12157.6958500,W,31.1739,271.3148,101220,,,,
$GPGGA,225556.00,3718.9985440,N,12157.7169100,W,1,0,0.0,0.0000,M,0.0000,M,0.0000,0
$GPRMC,225556.00,A,3718.9985440,N,12157.7169100,W,30.9858,271.1931,101220,,,,
$GPGGA,225557.00,3718.9988860,N,12157.7376880,W,1,0,0.0,0.0000,M,0.0000,M,0.0000,0
$GPRMC,225557.00,A,3718.9988860,N,12157.7376880,W,30.4270,271.1803,101220,,,,
$GPGGA,225558.00,3718.9992100,N,12157.7580820,W,1,0,0.0,0.0000,M,0.0000,M,0.0000,0
$GPRMC,225558.00,A,3718.9992100,N,12157.7580820,W,29.8446,271.0481,101220,,,,
$GPGGA,225559.00,3718.9994200,N,12157.7780860,W,1,0,0.0,0.0000,M,0.0000,M,0.0000,0
$GPRMC,225559.00,A,3718.9994200,N,12157.7780860,W,29.3077,270.5771,101220,,,,
$GPGGA,225600.00,3718.9995880,N,12157.7977840,W,1,0,0.0,0.0000,M,0.0000,M,0.0000,0
$GPRMC,225600.00,A,3718.9995880,N,12157.7977840,W,28.9319,270.7195,101220,,,,
$GPGGA,225601.00,3718.9997680,N,12157.8172660,W,1,0,0.0,0.0000,M,0.0000,M,0.0000,0
$GPRMC,225601.00,A,3718.9997680,N,12157.8172660,W,28.6620,270.6098,101220,,,,
$GPGGA,225602.00,3718.9998040,N,12157.8366100,W,1,0,0.0,0.0000,M,0.0000,M,0.0000,0
$GPRMC,225602.00,A,3718.9998040,N,12157.8366100,W,28.5051,269.7919,101220,,,,
$GPGGA,225603.00,3718.9996120,N,12157.8558460,W,1,0,0.0,0.0000,M,0.0000,M,0.0000,0
$GPRMC,225603.00,A,3718.9996120,N,12157.8558460,W,28.3661,268.8508,101220,,,,
$GPGGA,225604.00,3718.9991680,N,12157.8749980,W,1,0,0.0,0.0000,M,0.0000,M,0.0000,0
$GPRMC,225604.00,A,3718.9991680,N,12157.8749980,W,28.2760,268.0808,101220,,,,
$GPGGA,225605.00,3718.9985920,N,12157.8940960,W,1,0,0.0,0.0000,M,0.0000,M,0.0000,0
$GPRMC,225605.00,A,3718.9985920,N,12157.8940960,W,28.1994,267.7657,101220,,,,
$GPGGA,225606.00,3718.9979620,N,12157.9131820,W,1,0,0.0,0.0000,M,0.0000,M,0.0000,0
$GPRMC,225606.00,A,3718.9979620,N,12157.9131820,W,28.2805,267.5838,101220,,,,
$GPGGA,225607.00,3718.9973140,N,12157.9323640,W,1,0,0.0,0.0000,M,0.0000,M,0.0000,0
$GPRMC,225607.00,A,3718.9973140,N,12157.9323640,W,28.3795,267.5659,101220,,,,
$GPGGA,225608.00,3718.9967320,N,12157.9515160,W,1,0,0.0,0.0000,M,0.0000,M,0.0000,0
$GPRMC,225608.00,A,3718.9967320,N,12157.9515160,W,28.2352,267.8334,101220,,,,
$GPGGA,225609.00,3718.9961200,N,12157.9705540,W,1,0,0.0,0.0000,M,0.0000,M,0.0000,0
$GPRMC,225609.00,A,3718.9961200,N,12157.9705540,W,28.0640,267.5697,101220,,,,
$GPGGA,225610.00,3718.9954900,N,12157.9894840,W,1,0,0.0,0.0000,M,0.0000,M,0.0000,0
$GPRMC,225610.00,A,3718.9954900,N,12157.9894840,W,27.9264,267.5960,101220,,,,
$GPGGA,225611.00,3718.9948240,N,12158.0083360,W,1,0,0.0,0.0000,M,0.0000,M,0.0000,0
$GPRMC,225611.00,A,3718.9948240,N,12158.0083360,W,27.8223,267.3517,101220,,,,
$GPGGA,225612.00,3718.9941400,N,12158.0271340,W,1,0,0.0,0.0000,M,0.0000,M,0.0000,0
$GPRMC,225612.00,A,3718.9941400,N,12158.0271340,W,27.8049,267.4006,101220,,,,
$GPGGA,225613.00,3718.9934800,N,12158.0459020,W,1,0,0.0,0.0000,M,0.0000,M,0.0000,0
$GPRMC,225613.00,A,3718.9934800,N,12158.0459020,W,27.7064,267.4461,101220,,,,
$GPGGA,225614.00,3718.9928320,N,12158.0645560,W,1,0,0.0,0.0000,M,0.0000,M,0.0000,0
$GPRMC,225614.00,A,3718.9928320,N,12158.0645560,W,27.4785,267.4492,101220,,,,
$GPGGA,225615.00,3718.9921720,N,12158.0830420,W,1,0,0.0,0.0000,M,0.0000,M,0.0000,0
$GPRMC,225615.00,A,3718.9921720,N,12158.0830420,W,27.1795,267.5169,101220,,,,
$GPGGA,225616.00,3718.9917100,N,12158.1013360,W,1,0,0.0,0.0000,M,0.0000,M,0.0000,0
$GPRMC,225616.00,A,3718.9917100,N,12158.1013360,W,26.8271,268.7899,101220,,,,
$GPGGA,225617.00,3718.9916380,N,12158.1193840,W,1,0,0.0,0.0000,M,0.0000,M,0.0000,0
$GPRMC,225617.00,A,3718.9916380,N,12158.1193840,W,26.4535,270.5883,101220,,,,
$GPGGA,225618.00,3718.9920940,N,12158.1371800,W,1,0,0.0,0.0000,M,0.0000,M,0.0000,0
$GPRMC,225618.00,A,3718.9920940,N,12158.1371800,W,26.0945,272.7710,101220,,,,
$GPGGA,225619.00,3718.9928620,N,12158.1546880,W,1,0,0.0,0.0000,M,0.0000,M,0.0000,0
$GPRMC,225619.00,A,3718.9928620,N,12158.1546880,W,25.6817,273.2631,101220,,,,
$GPGGA,225620.00,3718.9936540,N,12158.1716620,W,1,0,0.0,0.0000,M,0.0000,M,0.0000,0
$GPRMC,225620.00,A,3718.9936540,N,12158.1716620,W,24.4038,273.4680,101220,,,,
$GPGGA,225621.00,3718.9943800,N,12158.1875740,W,1,0,0.0,0.0000,M,0.0000,M,0.0000,0
$GPRMC,225621.00,A,3718.9943800,N,12158.1875740,W,22.6372,272.6035,101220,,,,
$GPGGA,225622.00,3718.9948960,N,12158.2023820,W,1,0,0.0,0.0000,M,0.0000,M,0.0000,0
$GPRMC,225622.00,A,3718.9948960,N,12158.2023820,W,21.2570,272.1668,101220,,,,
$GPGGA,225623.00,3718.9952860,N,12158.2164160,W,1,0,0.0,0.0000,M,0.0000,M,0.0000,0
$GPRMC,225623.00,A,3718.9952860,N,12158.2164160,W,20.2835,271.7786,101220,,,,
$GPGGA,225624.00,3718.9956580,N,12158.2299940,W,1,0,0.0,0.0000,M,0.0000,M,0.0000,0
$GPRMC,225624.00,A,3718.9956580,N,12158.2299940,W,19.9093,271.9787,101220,,,,
$GPGGA,225625.00,3718.9961140,N,12158.2433620,W,1,0,0.0,0.0000,M,0.0000,M,0.0000,0
$GPRMC,225625.00,A,3718.9961140,N,12158.2433620,W,19.6153,272.6736,101220,,,,
$GPGGA,225626.00,3718.9967380,N,12158.2565260,W,1,0,0.0,0.0000,M,0.0000,M,0.0000,0
$GPRMC,225626.00,A,3718.9967380,N,12158.2565260,W,19.3410,273.8449,101220,,,,
$GPGGA,225627.00,3718.9976440,N,12158.2694980,W,1,0,0.0,0.0000,M,0.0000,M,0.0000,0
$GPRMC,225627.00,A,3718.9976440,N,12158.2694980,W,19.0903,275.4834,101220,,,,
$GPGGA,225628.00,3718.9988260,N,12158.2822660,W,1,0,0.0,0.0000,M,0.0000,M,0.0000,0
$GPRMC,225628.00,A,3718.9988260,N,12158.2822660,W,18.8366,277.1439,101220,,,,
$GPGGA,225629.00,3719.0002360,N,12158.2948240,W,1,0,0.0,0.0000,M,0.0000,M,0.0000,0
$GPRMC,225629.00,A,3719.0002360,N,12158.2948240,W,18.5928,278.3546,101220,,,,
$GPGGA,225630.00,3719.0018320,N,12158.3072020,W,1,0,0.0,0.0000,M,0.0000,M,0.0000,0
$GPRMC,225630.00,A,3719.0018320,N,12158.3072020,W,18.4023,279.4780,101220,,,,
$GPGGA,225631.00,3719.0036200,N,12158.3194180,W,1,0,0.0,0.0000,M,0.0000,M,0.0000,0
$GPRMC,225631.00,A,3719.0036200,N,12158.3194180,W,18.2397,280.8454,101220,,,,
$GPGGA,225632.00,3719.0058040,N,12158.3314600,W,1,0,0.0,0.0000,M,0.0000,M,0.0000,0
$GPRMC,225632.00,A,3719.0058040,N,12158.3314600,W,18.1653,284.0478,101220,,,,
$GPGGA,225633.00,3719.0086180,N,12158.3432440,W,1,0,0.0,0.0000,M,0.0000,M,0.0000,0
$GPRMC,225633.00,A,3719.0086180,N,12158.3432440,W,18.0714,288.0532,101220,,,,
$GPGGA,225634.00,3719.0120320,N,12158.3547220,W,1,0,0.0,0.0000,M,0.0000,M,0.0000,0
$GPRMC,225634.00,A,3719.0120320,N,12158.3547220,W,18.0099,291.5166,101220,,,,
$GPGGA,225635.00,3719.0159500,N,12158.3659900,W,1,0,0.0,0.0000,M,0.0000,M,0.0000,0
$GPRMC,225635.00,A,3719.0159500,N,12158.3659900,W,18.2859,294.3875,101220,,,,
$GPGGA,225636.00,3719.0202640,N,12158.3773000,W,1,0,0.0,0.0000,M,0.0000,M,0.0000,0
$GPRMC,225636.00,A,3719.0202640,N,12158.3773000,W,18.5499,295.9958,101220,,,,
$GPGGA,225637.00,3719.0247280,N,12158.3884300,W,1,0,0.0,0.0000,M,0.0000,M,0.0000,0
$GPRMC,225637.00,A,3719.0247280,N,12158.3884300,W,18.1892,296.9545,101220,,,,
$GPGGA,225638.00,3719.0291080,N,12158.3992480,W,1,0,0.0,0.0000,M,0.0000,M,0.0000,0
$GPRMC,225638.00,A,3719.0291080,N,12158.3992480,W,17.5941,296.7970,101220,,,,
$GPGGA,225639.00,3719.0332120,N,12158.4094420,W,1,0,0.0,0.0000,M,0.0000,M,0.0000,0
$GPRMC,225639.00,A,3719.0332120,N,12158.4094420,W,15.9715,296.9178,101220,,,,
$GPGGA,225640.00,3719.0368780,N,12158.4184480,W,1,0,0.0,0.0000,M,0.0000,M,0.0000,0
$GPRMC,225640.00,A,3719.0368780,N,12158.4184480,W,13.9859,296.9207,101220,,,,
$GPGGA,225641.00,3719.0400760,N,12158.4264460,W,1,0,0.0,0.0000,M,0.0000,M,0.0000,0
$GPRMC,225641.00,A,3719.0400760,N,12158.4264460,W,12.4823,296.7055,101220,,,,
$GPGGA,225642.00,3719.0428600,N,12158.4336340,W,1,0,0.0,0.0000,M,0.0000,M,0.0000,0
$GPRMC,225642.00,A,3719.0428600,N,12158.4336340,W,11.2077,296.6853,101220,,,,
$GPGGA,225643.00,3719.0453440,N,12158.4399700,W,1,0,0.0,0.0000,M,0.0000,M,0.0000,0
$GPRMC,225643.00,A,3719.0453440,N,12158.4399700,W,9.5900,297.0935,101220,,,,
$GPGGA,225644.00,3719.0477920,N,12158.4449920,W,1,0,0.0,0.0000,M,0.0000,M,0.0000,0
$GPRMC,225644.00,A,3719.0477920,N,12158.4449920,W,7.5150,300.2882,101220,,,,
$GPGGA,225645.00,3719.0500300,N,12158.4489400,W,1,0,0.0,0.0000,M,0.0000,M,0.0000,0
$GPRMC,225645.00,A,3719.0500300,N,12158.4489400,W,6.7734,305.2302,101220,,,,
$GPGGA,225646.00,3719.0525020,N,12158.4522040,W,1,0,0.0,0.0000,M,0.0000,M,0.0000,0
$GPRMC,225646.00,A,3719.0525020,N,12158.4522040,W,6.1617,314.2382,101220,,,,
$GPGGA,225647.00,3719.0552740,N,12158.4545020,W,1,0,0.0,0.0000,M,0.0000,M,0.0000,0
$GPRMC,225647.00,A,3719.0552740,N,12158.4545020,W,5.6707,326.6542,101220,,,,
$GPGGA,225648.00,3719.0581480,N,12158.4557380,W,1,0,0.0,0.0000,M,0.0000,M,0.0000,0
$GPRMC,225648.00,A,3719.0581480,N,12158.4557380,W,5.1826,340.3211,101220,,,,
$GPGGA,225649.00,3719.0607100,N,12158.4565120,W,1,0,0.0,0.0000,M,0.0000,M,0.0000,0
$GPRMC,225649.00,A,3719.0607100,N,12158.4565120,W,4.3502,345.2255,101220,,,,
$GPGGA,225650.00,3719.0626120,N,12158.4572080,W,1,0,0.0,0.0000,M,0.0000,M,0.0000,0
$GPRMC,225650.00,A,3719.0626120,N,12158.4572080,W,3.0786,344.3713,101220,,,,
$GPGGA,225651.00,3719.0639560,N,12158.4576880,W,1,0,0.0,0.0000,M,0.0000,M,0.0000,0
$GPRMC,225651.00,A,3719.0639560,N,12158.4576880,W,2.2253,343.4651,101220,,,,
$GPGGA,225652.00,3719.0650000,N,12158.4580840,W,1,0,0.0,0.0000,M,0.0000,M,0.0000,0
$GPRMC,225652.00,A,3719.0650000,N,12158.4580840,W,1.9450,343.0370,101220,,,,
$GPGGA,225653.00,3719.0660500,N,12158.4584680,W,1,0,0.0,0.0000,M,0.0000,M,0.0000,0
$GPRMC,225653.00,A,3719.0660500,N,12158.4584680,W,2.1115,343.0239,101220,,,,
$GPGGA,225654.00,3719.0671780,N,12158.4588400,W,1,0,0.0,0.0000,M,0.0000,M,0.0000,0
$GPRMC,225654.00,A,3719.0671780,N,12158.4588400,W,2.0927,344.1408,101220,,,,
$GPGGA,225655.00,3719.0683060,N,12158.4590560,W,1,0,0.0,0.0000,M,0.0000,M,0.0000,0
$GPRMC,225655.00,A,3719.0683060,N,12158.4590560,W,2.1095,347.8239,101220,,,,
$GPGGA,225656.00,3719.0695540,N,12158.4592000,W,1,0,0.0,0.0000,M,0.0000,M,0.0000,0
$GPRMC,225656.00,A,3719.0695540,N,12158.4592000,W,2.5069,351.4977,101220,,,,
$GPGGA,225657.00,3719.0713120,N,12158.4592600,W,1,0,0.0,0.0000,M,0.0000,M,0.0000,0
$GPRMC,225657.00,A,3719.0713120,N,12158.4592600,W,4.0362,356.1996,101220,,,,
$GPGGA,225658.00,3719.0740540,N,12158.4590500,W,1,0,0.0,0.0000,M,0.0000,M,0.0000,0
$GPRMC,225658.00,A,3719.0740540,N,12158.4590500,W,5.9889,3.2014,101220,,,,
$GPGGA,225659.00,3719.0777740,N,12158.4577240,W,1,0,0.0,0.0000,M,0.0000,M,0.0000,0
$GPRMC,225659.00,A,3719.0777740,N,12158.4577240,W,7.8367,17.5863,101220,,,,
$GPGGA,225700.00,3719.0818960,N,12158.4550780,W,1,0,0.0,0.0000,M,0.0000,M,0.0000,0
$GPRMC,225700.00,A,3719.0818960,N,12158.4550780,W,8.8575,28.4200,101220,,,,
$GPGGA,225701.00,3719.0859340,N,12158.4517900,W,1,0,0.0,0.0000,M,0.0000,M,0.0000,0
$GPRMC,225701.00,A,3719.0859340,N,12158.4517900,W,8.7176,32.9800,101220,,,,
$GPGGA,225702.00,3719.0896240,N,12158.4486760,W,1,0,0.0,0.0000,M,0.0000,M,0.0000,0
$GPRMC,225702.00,A,3719.0896240,N,12158.4486760,W,7.6024,33.9067,101220,,,,
$GPGGA,225703.00,3719.0926360,N,12158.4461140,W,1,0,0.0,0.0000,M,0.0000,M,0.0000,0
$GPRMC,225703.00,A,3719.0926360,N,12158.4461140,W,5.7683,33.7728,101220,,,,
$GPGGA,225704.00,3719.0948500,N,12158.4446860,W,1,0,0.0,0.0000,M,0.0000,M,0.0000,0
$GPRMC,225704.00,A,3719.0948500,N,12158.4446860,W,3.7965,25.4200,101220,,,,
$GPGGA,225705.00,3719.0964880,N,12158.4453100,W,1,0,0.0,0.0000,M,0.0000,M,0.0000,0
$GPRMC,225705.00,A,3719.0964880,N,12158.4453100,W,3.0898,351.7990,101220,,,,
$GPGGA,225706.00,3719.0972740,N,12158.4473020,W,1,0,0.0,0.0000,M,0.0000,M,0.0000,0
$GPRMC,225706.00,A,3719.0972740,N,12158.4473020,W,3.5079,310.0633,101220,,,,
$GPGGA,225707.00,3719.0967160,N,12158.4497440,W,1,0,0.0,0.0000,M,0.0000,M,0.0000,0
$GPRMC,225707.00,A,3719.0967160,N,12158.4497440,W,4.0451,263.7762,101220,,,,
$GPGGA,225708.00,3719.0946640,N,12158.4516520,W,1,0,0.0,0.0000,M,0.0000,M,0.0000,0
$GPRMC,225708.00,A,3719.0946640,N,12158.4516520,W,5.9011,221.4917,101220,,,,
$GPGGA,225709.00,3719.0912380,N,12158.4536500,W,1,0,0.0,0.0000,M,0.0000,M,0.0000,0
$GPRMC,225709.00,A,3719.0912380,N,12158.4536500,W,8.3033,206.2664,101220,,,,
$GPGGA,225710.00,3719.0867080,N,12158.4566500,W,1,0,0.0,0.0000,M,0.0000,M,0.0000,0
$GPRMC,225710.00,A,3719.0867080,N,12158.4566500,W,10.6413,208.9145,101220,,,,
$GPGGA,225711.00,3719.0812660,N,12158.4606640,W,1,0,0.0,0.0000,M,0.0000,M,0.0000,0
$GPRMC,225711.00,A,3719.0812660,N,12158.4606640,W,12.5657,210.5391,101220,,,,
$GPGGA,225712.00,3719.0749420,N,12158.4651940,W,1,0,0.0,0.0000,M,0.0000,M,0.0000,0
$GPRMC,225712.00,A,3719.0749420,N,12158.4651940,W,14.4809,209.5204,101220,,,,
$GPGGA,225713.00,3719.0677180,N,12158.4703240,W,1,0,0.0,0.0000,M,0.0000,M,0.0000,0
$GPRMC,225713.00,A,3719.0677180,N,12158.4703240,W,16.1255,210.3192,101220,,,,
$GPGGA,225714.00,3719.0600800,N,12158.4761620,W,1,0,0.0,0.0000,M,0.0000,M,0.0000,0
$GPRMC,225714.00,A,3719.0600800,N,12158.4761620,W,16.6777,211.9726,101220,,,,
$GPGGA,225715.00,3719.0525200,N,12158.4821440,W,1,0,0.0,0.0000,M,0.0000,M,0.0000,0
$GPRMC,225715.00,A,3719.0525200,N,12158.4821440,W,16.4203,212.4260,101220,,,,
$GPGGA,225716.00,3719.0451280,N,12158.4880720,W,1,0,0.0,0.0000,M,0.0000,M,0.0000,0
$GPRMC,225716.00,A,3719.0451280,N,12158.4880720,W,16.0054,212.8725,101220,,,,
$GPGGA,225717.00,3719.0380480,N,12158.4938500,W,1,0,0.0,0.0000,M,0.0000,M,0.0000,0
$GPRMC,225717.00,A,3719.0380480,N,12158.4938500,W,14.9160,213.3031,101220,,,,
$GPGGA,225718.00,3719.0318800,N,12158.4989740,W,1,0,0.0,0.0000,M,0.0000,M,0.0000,0
$GPRMC,225718.00,A,3719.0318800,N,12158.4989740,W,12.3921,213.7313,101220,,,,
$GPGGA,225719.00,3719.0269120,N,12158.5031500,W,1,0,0.0,0.0000,M,0.0000,M,0.0000,0
$GPRMC,225719.00,A,3719.0269120,N,12158.5031500,W,9.8813,213.8806,101220,,,,
$GPGGA,225720.00,3719.0230060,N,12158.5064140,W,1,0,0.0,0.0000,M,0.0000,M,0.0000,0
$GPRMC,225720.00,A,3719.0230060,N,12158.5064140,W,7.4376,213.7044,101220,,,,
$GPGGA,225721.00,3719.0202100,N,12158.5087600,W,1,0,0.0,0.0000,M,0.0000,M,0.0000,0
$GPRMC,225721.00,A,3719.0202100,N,12158.5087600,W,5.0377,213.7141,101220,,,,
$GPGGA,225722.00,3719.0184040,N,12158.5102660,W,1,0,0.0,0.0000,M,0.0000,M,0.0000,0
$GPRMC,225722.00,A,3719.0184040,N,12158.5102660,W,3.1236,213.5426,101220,,,,
$GPGGA,225723.00,3719.0174020,N,12158.5110940,W,1,0,0.0,0.0000,M,0.0000,M,0.0000,0
$GPRMC,225723.00,A,3719.0174020,N,12158.5110940,W,1.3413,213.4377,101220,,,,
$GPGGA,225724.00,3719.0170660,N,12158.5113760,W,1,0,0.0,0.0000,M,0.0000,M,0.0000,0
$GPRMC,225724.00,A,3719.0170660,N,12158.5113760,W,0.1631,213.4079,101220,,,,
$GPGGA,225725.00,3719.0170660,N,12158.5113820,W,1,0,0.0,0.0000,M,0.0000,M,0.0000,0
$GPRMC,225725.00,A,3719.0170660,N,12158.5113820,W,0.0070,213.4087,101220,,,,
$GPGGA,225726.00,3719.0170660,N,12158.5113880,W,1,0,0.0,0.0000,M,0.0000,M,0.0000,0
$GPRMC,225726.00,A,3719.0170660,N,12158.5113880,W,0.0036,213.4068,101220,,,,
$GPGGA,225727.00,3719.0170720,N,12158.5113880,W,1,0,0.0,0.0000,M,0.0000,M,0.0000,0
$GPRMC,225727.00,A,3719.0170720,N,12158.5113880,W,0.0022,213.4049,101220,,,,
$GPGGA,225728.00,3719.0170720,N,12158.5113880,W,1,0,0.0,0.0000,M,0.0000,M,0.0000,0
$GPRMC,225728.00,A,3719.0170720,N,12158.5113880,W,0.0022,213.4039,101220,,,,
$GPGGA,225729.00,3719.0170720,N,12158.5113880,W,1,0,0.0,0.0000,M,0.0000,M,0.0000,0
$GPRMC,225729.00,A,3719.0170720,N,12158.5113880,W,0.0050,213.4031,101220,,,,
$GPGGA,225730.00,3719.0170780,N,12158.5113880,W,1,0,0.0,0.0000,M,0.0000,M,0.0000,0
$GPRMC,225730.00,A,3719.0170780,N,12158.5113880,W,0.0085,213.4025,101220,,,,
$GPGGA,225731.00,3719.0170840,N,12158.5113820,W,1,0,0.0,0.0000,M,0.0000,M,0.0000,0
$GPRMC,225731.00,A,3719.0170840,N,12158.5113820,W,0.0135,213.4016,101220,,,,
$GPGGA,225732.00,3719.0170900,N,12158.5113700,W,1,0,0.0,0.0000,M,0.0000,M,0.0000,0
$GPRMC,225732.00,A,3719.0170900,N,12158.5113700,W,0.0200,213.4007,101220,,,,
$GPGGA,225733.00,3719.0170960,N,12158.5113640,W,1,0,0.0,0.0000,M,0.0000,M,0.0000,0
$GPRMC,225733.00,A,3719.0170960,N,12158.5113640,W,0.0264,213.4001,101220,,,,
$GPGGA,225734.00,3719.0171080,N,12158.5113460,W,1,0,0.0,0.0000,M,0.0000,M,0.0000,0
$GPRMC,225734.00,A,3719.0171080,N,12158.5113460,W,0.0350,213.3995,101220,,,,
$GPGGA,225735.00,3719.0171020,N,12158.5113400,W,1,0,0.0,0.0000,M,0.0000,M,0.0000,0
$GPRMC,225735.00,A,3719.0171020,N,12158.5113400,W,0.2506,213.3924,101220,,,,
$GPGGA,225736.00,3719.0165980,N,12158.5117300,W,1,0,0.0,0.0000,M,0.0000,M,0.0000,0
$GPRMC,225736.00,A,3719.0165980,N,12158.5117300,W,2.3827,213.1527,101220,,,,
$GPGGA,225737.00,3719.0149420,N,12158.5129780,W,1,0,0.0,0.0000,M,0.0000,M,0.0000,0
$GPRMC,225737.00,A,3719.0149420,N,12158.5129780,W,4.7499,211.6361,101220,,,,
$GPGGA,225738.00,3719.0121280,N,12158.5145500,W,1,0,0.0,0.0000,M,0.0000,M,0.0000,0
$GPRMC,225738.00,A,3719.0121280,N,12158.5145500,W,6.7480,203.0902,101220,,,,
$GPGGA,225739.00,3719.0083180,N,12158.5151980,W,1,0,0.0,0.0000,M,0.0000,M,0.0000,0
$GPRMC,225739.00,A,3719.0083180,N,12158.5151980,W,7.6159,184.2384,101220,,,,
$GPGGA,225740.00,3719.0044780,N,12158.5137400,W,1,0,0.0,0.0000,M,0.0000,M,0.0000,0
$GPRMC,225740.00,A,3719.0044780,N,12158.5137400,W,7.6462,157.8253,101220,,,,
$GPGGA,225741.00,3719.0016640,N,12158.5101820,W,1,0,0.0,0.0000,M,0.0000,M,0.0000,0
$GPRMC,225741.00,A,3719.0016640,N,12158.5101820,W,7.7568,130.0273,101220,,,,
$GPGGA,225742.00,3718.9998340,N,12158.5051240,W,1,0,0.0,0.0000,M,0.0000,M,0.0000,0
$GPRMC,225742.00,A,3718.9998340,N,12158.5051240,W,9.2157,112.7098,101220,,,,
$GPGGA,225743.00,3718.9981000,N,12158.4982300,W,1,0,0.0,0.0000,M,0.0000,M,0.0000,0
$GPRMC,225743.00,A,3718.9981000,N,12158.4982300,W,12.1407,106.5817,101220,,,,
$GPGGA,225744.00,3718.9962160,N,12158.4894520,W,1,0,0.0,0.0000,M,0.0000,M,0.0000,0
$GPRMC,225744.00,A,3718.9962160,N,12158.4894520,W,14.7000,105.0450,101220,,,,
$GPGGA,225745.00,3718.9941280,N,12158.4792940,W,1,0,0.0,0.0000,M,0.0000,M,0.0000,0
$GPRMC,225745.00,A,3718.9941280,N,12158.4792940,W,16.2486,104.5997,101220,,,,
$GPGGA,225746.00,3718.9919440,N,12158.4684040,W,1,0,0.0,0.0000,M,0.0000,M,0.0000,0
$GPRMC,225746.00,A,3718.9919440,N,12158.4684040,W,16.8899,104.0328,101220,,,,
$GPGGA,225747.00,3718.9897300,N,12158.4570880,W,1,0,0.0,0.0000,M,0.0000,M,0.0000,0
$GPRMC,225747.00,A,3718.9897300,N,12158.4570880,W,17.5511,104.0518,101220,,,,
$GPGGA,225748.00,3718.9874080,N,12158.4453400,W,1,0,0.0,0.0000,M,0.0000,M,0.0000,0
$GPRMC,225748.00,A,3718.9874080,N,12158.4453400,W,18.1943,104.0885,101220,,,,
$GPGGA,225749.00,3718.9850080,N,12158.4332080,W,1,0,0.0,0.0000,M,0.0000,M,0.0000,0
$GPRMC,225749.00,A,3718.9850080,N,12158.4332080,W,18.7243,103.9704,101220,,,,
$GPGGA,225750.00,3718.9825660,N,12158.4207220,W,1,0,0.0,0.0000,M,0.0000,M,0.0000,0
$GPRMC,225750.00,A,3718.9825660,N,12158.4207220,W,19.3193,104.0000,101220,,,,
$GPGGA,225751.00,3718.9801120,N,12158.4077320,W,1,0,0.0,0.0000,M,0.0000,M,0.0000,0
$GPRMC,225751.00,A,3718.9801120,N,12158.4077320,W,20.0363,102.9946,101220,,,,
$GPGGA,225752.00,3718.9778740,N,12158.3944900,W,1,0,0.0,0.0000,M,0.0000,M,0.0000,0
$GPRMC,225752.00,A,3718.9778740,N,12158.3944900,W,19.9874,101.4067,101220,,,,
$GPGGA,225753.00,3718.9759960,N,12158.3811220,W,1,0,0.0,0.0000,M,0.0000,M,0.0000,0
$GPRMC,225753.00,A,3718.9759960,N,12158.3811220,W,20.1879,99.0635,101220,,,,
$GPGGA,225754.00,3718.9747060,N,12158.3674600,W,1,0,0.0,0.0000,M,0.0000,M,0.0000,0
$GPRMC,225754.00,A,3718.9747060,N,12158.3674600,W,20.5642,95.3608,101220,,,,
$GPGGA,225755.00,3718.9739380,N,12158.3534500,W,1,0,0.0,0.0000,M,0.0000,M,0.0000,0
$GPRMC,225755.00,A,3718.9739380,N,12158.3534500,W,20.9834,93.5344,101220,,,,
$GPGGA,225756.00,3718.9733200,N,12158.3391160,W,1,0,0.0,0.0000,M,0.0000,M,0.0000,0
$GPRMC,225756.00,A,3718.9733200,N,12158.3391160,W,21.4226,93.4021,101220,,,,
$GPGGA,225757.00,3718.9725760,N,12158.3244760,W,1,0,0.0,0.0000,M,0.0000,M,0.0000,0
$GPRMC,225757.00,A,3718.9725760,N,12158.3244760,W,21.9387,94.0143,101220,,,,
$GPGGA,225758.00,3718.9717540,N,12158.3094880,W,1,0,0.0,0.0000,M,0.0000,M,0.0000,0
$GPRMC,225758.00,A,3718.9717540,N,12158.3094880,W,22.4495,94.1824,101220,,,,
$GPGGA,225759.00,3718.9708240,N,12158.2941460,W,1,0,0.0,0.0000,M,0.0000,M,0.0000,0
$GPRMC,225759.00,A,3718.9708240,N,12158.2941460,W,23.0357,94.7279,101220,,,,
$GPGGA,225800.00,3718.9698100,N,12158.2783900,W,1,0,0.0,0.0000,M,0.0000,M,0.0000,0
$GPRMC,225800.00,A,3718.9698100,N,12158.2783900,W,23.6797,94.6171,101220,,,,
$GPGGA,225801.00,3718.9688800,N,12158.2621720,W,1,0,0.0,0.0000,M,0.0000,M,0.0000,0
$GPRMC,225801.00,A,3718.9688800,N,12158.2621720,W,24.3857,93.8820,101220,,,,
$GPGGA,225802.00,3718.9680760,N,12158.2454320,W,1,0,0.0,0.0000,M,0.0000,M,0.0000,0
$GPRMC,225802.00,A,3718.9680760,N,12158.2454320,W,25.1866,93.2164,101220,,,,
$GPGGA,225803.00,3718.9675480,N,12158.2281160,W,1,0,0.0,0.0000,M,0.0000,M,0.0000,0
$GPRMC,225803.00,A,3718.9675480,N,12158.2281160,W,26.0485,91.5249,101220,,,,
$GPGGA,225804.00,3718.9674160,N,12158.2101880,W,1,0,0.0,0.0000,M,0.0000,M,0.0000,0
$GPRMC,225804.00,A,3718.9674160,N,12158.2101880,W,26.9580,89.7921,101220,,,,
$GPGGA,225805.00,3718.9677100,N,12158.1916600,W,1,0,0.0,0.0000,M,0.0000,M,0.0000,0
$GPRMC,225805.00,A,3718.9677100,N,12158.1916600,W,27.8350,88.3501,101220,,,,
$GPGGA,225806.00,3718.9682500,N,12158.1725380,W,1,0,0.0,0.0000,M,0.0000,M,0.0000,0
$GPRMC,225806.00,A,3718.9682500,N,12158.1725380,W,28.6464,87.8780,101220,,,,
$GPGGA,225807.00,3718.9688140,N,12158.1530260,W,1,0,0.0,0.0000,M,0.0000,M,0.0000,0
$GPRMC,225807.00,A,3718.9688140,N,12158.1530260,W,29.0484,87.9054,101220,,,,
$GPGGA,225808.00,3718.9694080,N,12158.1332080,W,1,0,0.0,0.0000,M,0.0000,M,0.0000,0
$GPRMC,225808.00,A,3718.9694080,N,12158.1332080,W,29.5426,87.8387,101220,,,,
$GPGGA,225809.00,3718.9700200,N,12158.1130540,W,1,0,0.0,0.0000,M,0.0000,M,0.0000,0
$GPRMC,225809.00,A,3718.9700200,N,12158.1130540,W,30.0600,87.8062,101220,,,,
$GPGGA,225810.00,3718.9706740,N,12158.0925340,W,1,0,0.0,0.0000,M,0.0000,M,0.0000,0
$GPRMC,225810.00,A,3718.9706740,N,12158.0925340,W,30.6266,87.6217,101220,,,,
$GPGGA,225811.00,3718.9713880,N,12158.0716540,W,1,0,0.0,0.0000,M,0.0000,M,0.0000,0
$GPRMC,225811.00,A,3718.9713880,N,12158.0716540,W,31.1338,87.5683,101220,,,,
$GPGGA,225812.00,3718.9720840,N,12158.0504380,W,1,0,0.0,0.0000,M,0.0000,M,0.0000,0
$GPRMC,225812.00,A,3718.9720840,N,12158.0504380,W,31.5898,87.7389,101220,,,,
$GPGGA,225813.00,3718.9727560,N,12158.0289760,W,1,0,0.0,0.0000,M,0.0000,M,0.0000,0
$GPRMC,225813.00,A,3718.9727560,N,12158.0289760,W,31.7987,87.7957,101220,,,,
$GPGGA,225814.00,3718.9734340,N,12158.0074480,W,1,0,0.0,0.0000,M,0.0000,M,0.0000,0
$GPRMC,225814.00,A,3718.9734340,N,12158.0074480,W,31.8803,87.7633,101220,,,,
$GPGGA,225815.00,3718.9741180,N,12157.9858960,W,1,0,0.0,0.0000,M,0.0000,M,0.0000,0
$GPRMC,225815.00,A,3718.9741180,N,12157.9858960,W,31.8053,87.7454,101220,,,,
$GPGGA,225816.00,3718.9747840,N,12157.9644220,W,1,0,0.0,0.0000,M,0.0000,M,0.0000,0
$GPRMC,225816.00,A,3718.9747840,N,12157.9644220,W,31.6961,87.7783,101220,,,,
$GPGGA,225817.00,3718.9754380,N,12157.9430020,W,1,0,0.0,0.0000,M,0.0000,M,0.0000,0
$GPRMC,225817.00,A,3718.9754380,N,12157.9430020,W,31.6634,87.9004,101220,,,,
$GPGGA,225818.00,3718.9760740,N,12157.9216060,W,1,0,0.0,0.0000,M,0.0000,M,0.0000,0
$GPRMC,225818.00,A,3718.9760740,N,12157.9216060,W,31.5389,87.9260,101220,,,,
$GPGGA,225819.00,3718.9766740,N,12157.9004080,W,1,0,0.0,0.0000,M,0.0000,M,0.0000,0
$GPRMC,225819.00,A,3718.9766740,N,12157.9004080,W,31.1387,88.0081,101220,,,,
$GPGGA,225820.00,3718.9772680,N,12157.8794680,W,1,0,0.0,0.0000,M,0.0000,M,0.0000,0
$GPRMC,225820.00,A,3718.9772680,N,12157.8794680,W,30.7584,87.9595,101220,,,,
$GPGGA,225821.00,3718.9778320,N,12157.8587980,W,1,0,0.0,0.0000,M,0.0000,M,0.0000,0
$GPRMC,225821.00,A,3718.9778320,N,12157.8587980,W,30.3509,88.6436,101220,,,,
$GPGGA,225822.00,3718.9781200,N,12157.8383500,W,1,0,0.0,0.0000,M,0.0000,M,0.0000,0
$GPRMC,225822.00,A,3718.9781200,N,12157.8383500,W,30.1304,89.4841,101220,,,,
$GPGGA,225823.00,3718.9781860,N,12157.8179200,W,1,0,0.0,0.0000,M,0.0000,M,0.0000,0
$GPRMC,225823.00,A,3718.9781860,N,12157.8179200,W,30.2482,90.1921,101220,,,,
$GPGGA,225824.00,3718.9780480,N,12157.7973400,W,1,0,0.0,0.0000,M,0.0000,M,0.0000,0
$GPRMC,225824.00,A,3718.9780480,N,12157.7973400,W,30.5804,90.8478,101220,,,,
$GPGGA,225825.00,3718.9777960,N,12157.7765020,W,1,0,0.0,0.0000,M,0.0000,M,0.0000,0
$GPRMC,225825.00,A,3718.9777960,N,12157.7765020,W,30.9507,90.9816,101220,,,,
$GPGGA,225826.00,3718.9774660,N,12157.7554900,W,1,0,0.0,0.0000,M,0.0000,M,0.0000,0
$GPRMC,225826.00,A,3718.9774660,N,12157.7554900,W,31.1260,91.2420,101220,,,,
$GPGGA,225827.00,3718.9771180,N,12157.7344600,W,1,0,0.0,0.0000,M,0.0000,M,0.0000,0
$GPRMC,225827.00,A,3718.9771180,N,12157.7344600,W,31.0292,91.0710,101220,,,,
$GPGGA,225828.00,3718.9768540,N,12157.7134360,W,1,0,0.0,0.0000,M,0.0000,M,0.0000,0
$GPRMC,225828.00,A,3718.9768540,N,12157.7134360,W,31.1143,90.9391,101220,,,,
$GPGGA,225829.00,3718.9766200,N,12157.6923280,W,1,0,0.0,0.0000,M,0.0000,M,0.0000,0
$GPRMC,225829.00,A,3718.9766200,N,12157.6923280,W,31.2704,90.7681,101220,,,,
$GPGGA,225830.00,3718.9763980,N,12157.6711120,W,1,0,0.0,0.0000,M,0.0000,M,0.0000,0
$GPRMC,225830.00,A,3718.9763980,N,12157.6711120,W,31.3989,90.8338,101220,,,,
$GPGGA,225831.00,3718.9761520,N,12157.6499080,W,1,0,0.0,0.0000,M,0.0000,M,0.0000,0
$GPRMC,225831.00,A,3718.9761520,N,12157.6499080,W,31.2781,90.8423,101220,,,,
$GPGGA,225832.00,3718.9758880,N,12157.6287580,W,1,0,0.0,0.0000,M,0.0000,M,0.0000,0
$GPRMC,225832.00,A,3718.9758880,N,12157.6287580,W,31.2032,90.9862,101220,,,,
$GPGGA,225833.00,3718.9755700,N,12157.6077340,W,1,0,0.0,0.0000,M,0.0000,M,0.0000,0
$GPRMC,225833.00,A,3718.9755700,N,12157.6077340,W,30.9120,91.1773,101220,,,,
$GPGGA,225834.00,3718.9752640,N,12157.5869320,W,1,0,0.0,0.0000,M,0.0000,M,0.0000,0
$GPRMC,225834.00,A,3718.9752640,N,12157.5869320,W,30.5477,91.0736,101220,,,,
$GPGGA,225835.00,3718.9749820,N,12157.5663820,W,1,0,0.0,0.0000,M,0.0000,M,0.0000,0
$GPRMC,225835.00,A,3718.9749820,N,12157.5663820,W,30.2163,91.0206,101220,,,,
$GPGGA,225836.00,3718.9747240,N,12157.5459460,W,1,0,0.0,0.0000,M,0.0000,M,0.0000,0
$GPRMC,225836.00,A,3718.9747240,N,12157.5459460,W,30.2167,90.9247,101220,,,,
$GPGGA,225837.00,3718.9745680,N,12157.5254440,W,1,0,0.0,0.0000,M,0.0000,M,0.0000,0
$GPRMC,225837.00,A,3718.9745680,N,12157.5254440,W,30.3971,90.1713,101220,,,,
$GPGGA,225838.00,3718.9746760,N,12157.5047980,W,1,0,0.0,0.0000,M,0.0000,M,0.0000,0
$GPRMC,225838.00,A,3718.9746760,N,12157.5047980,W,30.6481,89.2846,101220,,,,
$GPGGA,225839.00,3718.9749880,N,12157.4839660,W,1,0,0.0,0.0000,M,0.0000,M,0.0000,0
$GPRMC,225839.00,A,3718.9749880,N,12157.4839660,W,30.8820,88.7003,101220,,,,
$GPGGA,225840.00,3718.9754500,N,12157.4631520,W,1,0,0.0,0.0000,M,0.0000,M,0.0000,0
$GPRMC,225840.00,A,3718.9754500,N,12157.4631520,W,30.6116,88.2381,101220,,,,
$GPGGA,225841.00,3718.9760800,N,12157.4425780,W,1,0,0.0,0.0000,M,0.0000,M,0.0000,0
$GPRMC,225841.00,A,3718.9760800,N,12157.4425780,W,30.2254,87.3784,101220,,,,
$GPGGA,225842.00,3718.9769620,N,12157.4222800,W,1,0,0.0,0.0000,M,0.0000,M,0.0000,0
$GPRMC,225842.00,A,3718.9769620,N,12157.4222800,W,29.8561,86.6317,101220,,,,
$GPGGA,225843.00,3718.9779940,N,12157.4022400,W,1,0,0.0,0.0000,M,0.0000,M,0.0000,0
$GPRMC,225843.00,A,3718.9779940,N,12157.4022400,W,29.4882,86.0927,101220,,,,
$GPGGA,225844.00,3718.9791880,N,12157.3824640,W,1,0,0.0,0.0000,M,0.0000,M,0.0000,0
$GPRMC,225844.00,A,3718.9791880,N,12157.3824640,W,29.1269,85.3134,101220,,,,
$GPGGA,225845.00,3718.9805680,N,12157.3629280,W,1,0,0.0,0.0000,M,0.0000,M,0.0000,0
$GPRMC,225845.00,A,3718.9805680,N,12157.3629280,W,28.8313,84.8022,101220,,,,
$GPGGA,225846.00,3718.9819960,N,12157.3435960,W,1,0,0.0,0.0000,M,0.0000,M,0.0000,0
$GPRMC,225846.00,A,3718.9819960,N,12157.3435960,W,28.5302,84.8142,101220,,,,
$GPGGA,225847.00,3718.9833760,N,12157.3244680,W,1,0,0.0,0.0000,M,0.0000,M,0.0000,0
$GPRMC,225847.00,A,3718.9833760,N,12157.3244680,W,28.2203,84.8474,101220,,,,
$GPGGA,225848.00,3718.9846480,N,12157.3055500,W,1,0,0.0,0.0000,M,0.0000,M,0.0000,0
$GPRMC,225848.00,A,3718.9846480,N,12157.3055500,W,27.8552,85.6966,101220,,,,
$GPGGA,225849.00,3718.9855900,N,12157.2868480,W,1,0,0.0,0.0000,M,0.0000,M,0.0000,0
$GPRMC,225849.00,A,3718.9855900,N,12157.2868480,W,27.4807,87.1033,101220,,,,
$GPGGA,225850.00,3718.9861420,N,12157.2683740,W,1,0,0.0,0.0000,M,0.0000,M,0.0000,0
$GPRMC,225850.00,A,3718.9861420,N,12157.2683740,W,27.1210,88.5800,101220,,,,
$GPGGA,225851.00,3718.9864360,N,12157.2501340,W,1,0,0.0,0.0000,M,0.0000,M,0.0000,0
$GPRMC,225851.00,A,3718.9864360,N,12157.2501340,W,26.7925,88.7903,101220,,,,
$GPGGA,225852.00,3718.9867240,N,12157.2320980,W,1,0,0.0,0.0000,M,0.0000,M,0.0000,0
$GPRMC,225852.00,A,3718.9867240,N,12157.2320980,W,26.4837,88.6733,101220,,,,
$GPGGA,225853.00,3718.9871140,N,12157.2144820,W,1,0,0.0,0.0000,M,0.0000,M,0.0000,0
$GPRMC,225853.00,A,3718.9871140,N,12157.2144820,W,25.3431,88.2907,101220,,,,
$GPGGA,225854.00,3718.9874620,N,12157.1980300,W,1,0,0.0,0.0000,M,0.0000,M,0.0000,0
$GPRMC,225854.00,A,3718.9874620,N,12157.1980300,W,23.1844,88.5294,101220,,,,
$GPGGA,225855.00,3718.9877680,N,12157.1831440,W,1,0,0.0,0.0000,M,0.0000,M,0.0000,0
$GPRMC,225855.00,A,3718.9877680,N,12157.1831440,W,20.8664,88.6599,101220,,,,
$GPGGA,225856.00,3718.9879960,N,12157.1696740,W,1,0,0.0,0.0000,M,0.0000,M,0.0000,0
$GPRMC,225856.00,A,3718.9879960,N,12157.1696740,W,18.9507,88.6614,101220,,,,
$GPGGA,225857.00,3718.9882180,N,12157.1573020,W,1,0,0.0,0.0000,M,0.0000,M,0.0000,0
$GPRMC,225857.00,A,3718.9882180,N,12157.1573020,W,17.8942,88.6353,101220,,,,
$GPGGA,225858.00,3718.9884040,N,12157.1453260,W,1,0,0.0,0.0000,M,0.0000,M,0.0000,0
$GPRMC,225858.00,A,3718.9884040,N,12157.1453260,W,17.5257,88.9700,101220,,,,
$GPGGA,225859.00,3718.9885840,N,12157.1335840,W,1,0,0.0,0.0000,M,0.0000,M,0.0000,0
$GPRMC,225859.00,A,3718.9885840,N,12157.1335840,W,17.1803,88.5625,101220,,,,
$GPGGA,225900.00,3718.9888480,N,12157.1221420,W,1,0,0.0,0.0000,M,0.0000,M,0.0000,0
$GPRMC,225900.00,A,3718.9888480,N,12157.1221420,W,16.5033,88.1520,101220,,,,
$GPGGA,225901.00,3718.9890760,N,12157.1115880,W,1,0,0.0,0.0000,M,0.0000,M,0.0000,0
$GPRMC,225901.00,A,3718.9890760,N,12157.1115880,W,14.4667,88.5564,101220,,,,
$GPGGA,225902.00,3718.9890760,N,12157.1025880,W,1,0,0.0,0.0000,M,0.0000,M,0.0000,0
$GPRMC,225902.00,A,3718.9890760,N,12157.1025880,W,12.0667,91.4884,101220,,,,
$GPGGA,225903.00,3718.9880500,N,12157.0953220,W,1,0,0.0,0.0000,M,0.0000,M,0.0000,0
$GPRMC,225903.00,A,3718.9880500,N,12157.0953220,W,9.7113,106.3884,101220,,,,
$GPGGA,225904.00,3718.9853740,N,12157.0899760,W,1,0,0.0,0.0000,M,0.0000,M,0.0000,0
$GPRMC,225904.00,A,3718.9853740,N,12157.0899760,W,8.8960,129.4103,101220,,,,
$GPGGA,225905.00,3718.9812520,N,12157.0868620,W,1,0,0.0,0.0000,M,0.0000,M,0.0000,0
$GPRMC,225905.00,A,3718.9812520,N,12157.0868620,W,8.6469,155.8174,101220,,,,
$GPGGA,225906.00,3718.9766860,N,12157.0854880,W,1,0,0.0,0.0000,M,0.0000,M,0.0000,0
$GPRMC,225906.00,A,3718.9766860,N,12157.0854880,W,8.4584,167.3901,101220,,,,
$GPGGA,225907.00,3718.9726960,N,12157.0834420,W,1,0,0.0,0.0000,M,0.0000,M,0.0000,0
$GPRMC,225907.00,A,3718.9726960,N,12157.0834420,W,7.7745,152.5692,101220,,,,
$GPGGA,225908.00,3718.9699960,N,12157.0798600,W,1,0,0.0,0.0000,M,0.0000,M,0.0000,0
$GPRMC,225908.00,A,3718.9699960,N,12157.0798600,W,7.2445,128.5759,101220,,,,
$GPGGA,225909.00,3718.9685140,N,12157.0755340,W,1,0,0.0,0.0000,M,0.0000,M,0.0000,0
$GPRMC,225909.00,A,3718.9685140,N,12157.0755340,W,6.9949,109.6931,101220,,,,
$GPGGA,225910.00,3718.9682200,N,12157.0708480,W,1,0,0.0,0.0000,M,0.0000,M,0.0000,0
$GPRMC,225910.00,A,3718.9682200,N,12157.0708480,W,7.3171,92.4734,101220,,,,
$GPGGA,225911.00,3718.9682080,N,12157.0655860,W,1,0,0.0,0.0000,M,0.0000,M,0.0000,0
$GPRMC,225911.00,A,3718.9682080,N,12157.0655860,W,8.2841,90.7042,101220,,,,
$GPGGA,225912.00,3718.9681120,N,12157.0598320,W,1,0,0.0,0.0000,M,0.0000,M,0.0000,0
$GPRMC,225912.00,A,3718.9681120,N,12157.0598320,W,8.5310,91.4750,101220,,,,
$GPGGA,225913.00,3718.9680400,N,12157.0541140,W,1,0,0.0,0.0000,M,0.0000,M,0.0000,0
$GPRMC,225913.00,A,3718.9680400,N,12157.0541140,W,8.3698,91.4398,101220,,,,
$GPGGA,225914.00,3718.9678840,N,12157.0485280,W,1,0,0.0,0.0000,M,0.0000,M,0.0000,0
$GPRMC,225914.00,A,3718.9678840,N,12157.0485280,W,7.9926,92.3684,101220,,,,
$GPGGA,225915.00,3718.9677040,N,12157.0435120,W,1,0,0.0,0.0000,M,0.0000,M,0.0000,0
$GPRMC,225915.00,A,3718.9677040,N,12157.0435120,W,6.7184,92.8133,101220,,,,
$GPGGA,225916.00,3718.9676200,N,12157.0395460,W,1,0,0.0,0.0000,M,0.0000,M,0.0000,0
$GPRMC,225916.00,A,3718.9676200,N,12157.0395460,W,5.0313,91.6079,101220,,,,
$GPGGA,225917.00,3718.9675360,N,12157.0366900,W,1,0,0.0,0.0000,M,0.0000,M,0.0000,0
$GPRMC,225917.00,A,3718.9675360,N,12157.0366900,W,3.4703,92.3685,101220,,,,
$GPGGA,225918.00,3718.9674700,N,12157.0348180,W,1,0,0.0,0.0000,M,0.0000,M,0.0000,0
$GPRMC,225918.00,A,3718.9674700,N,12157.0348180,W,2.0568,92.6569,101220,,,,
$GPGGA,225919.00,3718.9674460,N,12157.0339120,W,1,0,0.0,0.0000,M,0.0000,M,0.0000,0
$GPRMC,225919.00,A,3718.9674460,N,12157.0339120,W,0.7366,92.7292,101220,,,,
$GPGGA,225920.00,3718.9674400,N,12157.0337320,W,1,0,0.0,0.0000,M,0.0000,M,0.0000,0
$GPRMC,225920.00,A,3718.9674400,N,12157.0337320,W,0.0168,92.7252,101220,,,,
$GPGGA,225921.00,3718.9674400,N,12157.0337260,W,1,0,0.0,0.0000,M,0.0000,M,0.0000,0
$GPRMC,225921.00,A,3718.9674400,N,12157.0337260,W,0.0050,92.7246,101220,,,,
$GPGGA,225922.00,3718.9674460,N,12157.0337260,W,1,0,0.0,0.0000,M,0.0000,M,0.0000,0
$GPRMC,225922.00,A,3718.9674460,N,12157.0337260,W,0.0040,92.7236,101220,,,,
$GPGGA,225923.00,3718.9674460,N,12157.0337260,W,1,0,0.0,0.0000,M,0.0000,M,0.0000,0
$GPRMC,225923.00,A,3718.9674460,N,12157.0337260,W,0.0036,92.7235,101220,,,,
$GPGGA,225924.00,3718.9674460,N,12157.0337260,W,1,0,0.0,0.0000,M,0.0000,M,0.0000,0
$GPRMC,225924.00,A,3718.9674460,N,12157.0337260,W,0.0022,92.7229,101220,,,,
$GPGGA,225925.00,3718.9674460,N,12157.0337260,W,1,0,0.0,0.0000,M,0.0000,M,0.0000,0
$GPRMC,225925.00,A,3718.9674460,N,12157.0337260,W,0.0010,92.7223,101220,,,,
$GPGGA,225926.00,3718.9674460,N,12157.0337260,W,1,0,0.0,0.0000,M,0.0000,M,0.0000,0
$GPRMC,225926.00,A,3718.9674460,N,12157.0337260,W,0.0010,92.7214,101220,,,,
$GPGGA,225927.00,3718.9674460,N,12157.0337260,W,1,0,0.0,0.0000,M,0.0000,M,0.0000,0
$GPRMC,225927.00,A,3718.9674460,N,12157.0337260,W,0.0010,92.7208,101220,,,,
$GPGGA,225928.00,3718.9674460,N,12157.0337260,W,1,0,0.0,0.0000,M,0.0000,M,0.0000,0
$GPRMC,225928.00,A,3718.9674460,N,12157.0337260,W,0.0000,92.7197,101220,,,,
$GPGGA,225929.00,3718.9674460,N,12157.0337260,W,1,0,0.0,0.0000,M,0.0000,M,0.0000,0
$GPRMC,225929.00,A,3718.9674460,N,12157.0337260,W,0.0000,92.7189,101220,,,,
$GPGGA,225930.00,3718.9674460,N,12157.0337260,W,1,0,0.0,0.0000,M,0.0000,M,0.0000,0
$GPRMC,225930.00,A,3718.9674460,N,12157.0337260,W,0.0000,92.7181,101220,,,,
$GPGGA,225931.00,3718.9674460,N,12157.0337260,W,1,0,0.0,0.0000,M,0.0000,M,0.0000,0
$GPRMC,225931.00,A,3718.9674460,N,12157.0337260,W,0.0000,92.7174,101220,,,,
$GPGGA,225932.00,3718.9674460,N,12157.0337260,W,1,0,0.0,0.0000,M,0.0000,M,0.0000,0
$GPRMC,225932.00,A,3718.9674460,N,12157.0337260,W,0.0014,92.7166,101220,,,,
$GPGGA,225933.00,3718.9674460,N,12157.0337260,W,1,0,0.0,0.0000,M,0.0000,M,0.0000,0
$GPRMC,225933.00,A,3718.9674460,N,12157.0337260,W,0.0010,92.7158,101220,,,,
$GPGGA,225934.00,3718.9674460,N,12157.0337260,W,1,0,0.0,0.0000,M,0.0000,M,0.0000,0
$GPRMC,225934.00,A,3718.9674460,N,12157.0337260,W,0.0014,92.7149,101220,,,,
$GPGGA,225935.00,3718.9674460,N,12157.0337260,W,1,0,0.0,0.0000,M,0.0000,M,0.0000,0
$GPRMC,225935.00,A,3718.9674460,N,12157.0337260,W,0.0010,92.7141,101220,,,,
$GPGGA,225936.00,3718.9674460,N,12157.0337260,W,1,0,0.0,0.0000,M,0.0000,M,0.0000,0
$GPRMC,225936.00,A,3718.9674460,N,12157.0337260,W,0.0000,92.7139,101220,,,,
$GPGGA,225937.00,3718.9674460,N,12157.0337260,W,1,0,0.0,0.0000,M,0.0000,M,0.0000,0
$GPRMC,225937.00,A,3718.9674460,N,12157.0337260,W,0.0010,92.7129,101220,,,,
$GPGGA,225938.00,3718.9674460,N,12157.0337260,W,1,0,0.0,0.0000,M,0.0000,M,0.0000,0
$GPRMC,225938.00,A,3718.9674460,N,12157.0337260,W,0.0000,92.7122,101220,,,,
$GPGGA,225939.00,3718.9674460,N,12157.0337260,W,1,0,0.0,0.0000,M,0.0000,M,0.0000,0
$GPRMC,225939.00,A,3718.9674460,N,12157.0337260,W,0.0014,92.7111,101220,,,,
$GPGGA,225940.00,3718.9674460,N,12157.0337260,W,1,0,0.0,0.0000,M,0.0000,M,0.0000,0
$GPRMC,225940.00,A,3718.9674460,N,12157.0337260,W,0.0010,92.7105,101220,,,,
$GPGGA,225941.00,3718.9674460,N,12157.0337260,W,1,0,0.0,0.0000,M,0.0000,M,0.0000,0
$GPRMC,225941.00,A,3718.9674460,N,12157.0337260,W,0.0000,92.7097,101220,,,,
$GPGGA,225942.00,3718.9674460,N,12157.0337260,W,1,0,0.0,0.0000,M,0.0000,M,0.0000,0
$GPRMC,225942.00,A,3718.9674460,N,12157.0337260,W,0.0010,92.7088,101220,,,,
$GPGGA,225943.00,3718.9674460,N,12157.0337260,W,1,0,0.0,0.0000,M,0.0000,M,0.0000,0
$GPRMC,225943.00,A,3718.9674460,N,12157.0337260,W,0.0014,92.7080,101220,,,,
$GPGGA,225944.00,3718.9674460,N,12157.0337260,W,1,0,0.0,0.0000,M,0.0000,M,0.0000,0
$GPRMC,225944.00,A,3718.9674460,N,12157.0337260,W,0.0010,92.7065,101220,,,,
$GPGGA,225945.00,3718.9674460,N,12157.0337260,W,1,0,0.0,0.0000,M,0.0000,M,0.0000,0
$GPRMC,225945.00,A,3718.9674460,N,12157.0337260,W,0.0000,92.7058,101220,,,,
$GPGGA,225946.00,3718.9674460,N,12157.0337260,W,1,0,0.0,0.0000,M,0.0000,M,0.0000,0
$GPRMC,225946.00,A,3718.9674460,N,12157.0337260,W,0.0010,92.7052,101220,,,,
$GPGGA,225947.00,3718.9674460,N,12157.0337260,W,1,0,0.0,0.0000,M,0.0000,M,0.0000,0
$GPRMC,225947.00,A,3718.9674460,N,12157.0337260,W,0.0014,92.7047,101220,,,,
$GPGGA,225948.00,3718.9674460,N,12157.0337260,W,1,0,0.0,0.0000,M,0.0000,M,0.0000,0
$GPRMC,225948.00,A,3718.9674460,N,12157.0337260,W,0.0010,92.7041,101220,,,,
$GPGGA,225949.00,3718.9674460,N,12157.0337260,W,1,0,0.0,0.0000,M,0.0000,M,0.0000,0
$GPRMC,225949.00,A,3718.9674460,N,12157.0337260,W,0.0014,92.7032,101220,,,,
$GPGGA,225950.00,3718.9674460,N,12157.0337260,W,1,0,0.0,0.0000,M,0.0000,M,0.0000,0
$GPRMC,225950.00,A,3718.9674460,N,12157.0337260,W,0.0014,92.7023,101220,,,,
$GPGGA,225951.00,3718.9674460,N,12157.0337260,W,1,0,0.0,0.0000,M,0.0000,M,0.0000,0
$GPRMC,225951.00,A,3718.9674460,N,12157.0337260,W,0.0000,92.7017,101220,,,,
$GPGGA,225952.00,3718.9674460,N,12157.0337260,W,1,0,0.0,0.0000,M,0.0000,M,0.0000,0
$GPRMC,225952.00,A,3718.9674460,N,12157.0337260,W,0.0010,92.7005,101220,,,,
$GPGGA,225953.00,3718.9674460,N,12157.0337260,W,1,0,0.0,0.0000,M,0.0000,M,0.0000,0
$GPRMC,225953.00,A,3718.9674460,N,12157.0337260,W,0.0014,92.7002,101220,,,,
$GPGGA,225954.00,3718.9674460,N,12157.0337260,W,1,0,0.0,0.0000,M,0.0000,M,0.0000,0
$GPRMC,225954.00,A,3718.9674460,N,12157.0337260,W,0.0010,92.6993,101220,,,,
$GPGGA,225955.00,3718.9674460,N,12157.0337260,W,1,0,0.0,0.0000,M,0.0000,M,0.0000,0
$GPRMC,225955.00,A,3718.9674460,N,12157.0337260,W,0.0010,92.6988,101220,,,,
$GPGGA,225956.00,3718.9674460,N,12157.0337260,W,1,0,0.0,0.0000,M,0.0000,M,0.0000,0
$GPRMC,225956.00,A,3718.9674460,N,12157.0337260,W,0.0010,92.6974,101220,,,,
$GPGGA,225957.00,3718.9674460,N,12157.0337260,W,1,0,0.0,0.0000,M,0.0000,M,0.0000,0
$GPRMC,225957.00,A,3718.9674460,N,12157.0337260,W,0.0000,92.6967,101220,,,,
$GPGGA,225958.00,3718.9674460,N,12157.0337260,W,1,0,0.0,0.0000,M,0.0000,M,0.0000,0
$GPRMC,225958.00,A,3718.9674460,N,12157.0337260,W,0.0010,92.6960,101220,,,,
$GPGGA,225959.00,3718.9674460,N,12157.0337260,W,1,0,0.0,0.0000,M,0.0000,M,0.0000,0
$GPRMC,225959.00,A,3718.9674460,N,12157.0337260,W,0.0010,92.6956,101220,,,,
$GPGGA,230000.00,3718.9674460,N,12157.0337260,W,1,0,0.0,0.0000,M,0.0000,M,0.0000,0
$GPRMC,230000.00,A,3718.9674460,N,12157.0337260,W,0.0014,92.6944,101220,,,,
$GPGGA,230001.00,3718.9674460,N,12157.0337260,W,1,0,0.0,0.0000,M,0.0000,M,0.0000,0
$GPRMC,230001.00,A,3718.9674460,N,12157.0337260,W,0.0014,92.6933,101220,,,,
$GPGGA,230002.00,3718.9674460,N,12157.0337260,W,1,0,0.0,0.0000,M,0.0000,M,0.0000,0
$GPRMC,230002.00,A,3718.9674460,N,12157.0337260,W,0.0010,92.6925,101220,,,,
$GPGGA,230003.00,3718.9674460,N,12157.0337260,W,1,0,0.0,0.0000,M,0.0000,M,0.0000,0
$GPRMC,230003.00,A,3718.9674460,N,12157.0337260,W,0.0010,92.6916,101220,,,,
$GPGGA,230004.00,3718.9674460,N,12157.0337260,W,1,0,0.0,0.0000,M,0.0000,M,0.0000,0
$GPRMC,230004.00,A,3718.9674460,N,12157.0337260,W,0.0000,92.6910,101220,,,,
$GPGGA,230005.00,3718.9674460,N,12157.0337260,W,1,0,0.0,0.0000,M,0.0000,M,0.0000,0
$GPRMC,230005.00,A,3718.9674460,N,12157.0337260,W,0.0010,92.6903,101220,,,,
$GPGGA,230006.00,3718.9674460,N,12157.0337260,W,1,0,0.0,0.0000,M,0.0000,M,0.0000,0
$GPRMC,230006.00,A,3718.9674460,N,12157.0337260,W,0.0014,92.6895,101220,,,,
$GPGGA,230007.00,3718.9674460,N,12157.0337260,W,1,0,0.0,0.0000,M,0.0000,M,0.0000,0
$GPRMC,230007.00,A,3718.9674460,N,12157.0337260,W,0.0014,92.6885,101220,,,,
$GPGGA,230008.00,3718.9674460,N,12157.0337260,W,1,0,0.0,0.0000,M,0.0000,M,0.0000,0
$GPRMC,230008.00,A,3718.9674460,N,12157.0337260,W,0.0014,92.6877,101220,,,,
$GPGGA,230009.00,3718.9674460,N,12157.0337260,W,1,0,0.0,0.0000,M,0.0000,M,0.0000,0
$GPRMC,230009.00,A,3718.9674460,N,12157.0337260,W,0.0010,92.6870,101220,,,,
$GPGGA,230010.00,3718.9674460,N,12157.0337260,W,1,0,0.0,0.0000,M,0.0000,M,0.0000,0
$GPRMC,230010.00,A,3718.9674460,N,12157.0337260,W,0.0010,92.6865,101220,,,,
$GPGGA,230011.00,3718.9674460,N,12157.0337260,W,1,0,0.0,0.0000,M,0.0000,M,0.0000,0
$GPRMC,230011.00,A,3718.9674460,N,12157.0337260,W,0.0010,92.6859,101220,,,,
$GPGGA,230012.00,3718.9674460,N,12157.0337260,W,1,0,0.0,0.0000,M,0.0000,M,0.0000,0
$GPRMC,230012.00,A,3718.9674460,N,12157.0337260,W,0.0010,92.6852,101220,,,,
$GPGGA,230013.00,3718.9674460,N,12157.0337260,W,1,0,0.0,0.0000,M,0.0000,M,0.0000,0
$GPRMC,230013.00,A,3718.9674460,N,12157.0337260,W,0.0014,92.6843,101220,,,,
$GPGGA,230014.00,3718.9674460,N,12157.0337260,W,1,0,0.0,0.0000,M,0.0000,M,0.0000,0
$GPRMC,230014.00,A,3718.9674460,N,12157.0337260,W,0.0022,92.6835,101220,,,,
$GPGGA,230015.00,3718.9674460,N,12157.0337260,W,1,0,0.0,0.0000,M,0.0000,M,0.0000,0
$GPRMC,230015.00,A,3718.9674460,N,12157.0337260,W,0.0022,92.6826,101220,,,,
$GPGGA,230016.00,3718.9674460,N,12157.0337260,W,1,0,0.0,0.0000,M,0.0000,M,0.0000,0
$GPRMC,230016.00,A,3718.9674460,N,12157.0337260,W,0.0028,92.6818,101220,,,,
$GPGGA,230017.00,3718.9674460,N,12157.0337260,W,1,0,0.0,0.0000,M,0.0000,M,0.0000,0
$GPRMC,230017.00,A,3718.9674460,N,12157.0337260,W,0.0028,92.6808,101220,,,,
$GPGGA,230018.00,3718.9674460,N,12157.0337260,W,1,0,0.0,0.0000,M,0.0000,M,0.0000,0
$GPRMC,230018.00,A,3718.9674460,N,12157.0337260,W,0.0036,92.6803,101220,,,,
$GPGGA,230019.00,3718.9674460,N,12157.0337260,W,1,0,0.0,0.0000,M,0.0000,M,0.0000,0
$GPRMC,230019.00,A,3718.9674460,N,12157.0337260,W,0.0045,92.6798,101220,,,,
$GPGGA,230020.00,3718.9674460,N,12157.0337260,W,1,0,0.0,0.0000,M,0.0000,M,0.0000,0
$GPRMC,230020.00,A,3718.9674460,N,12157.0337260,W,0.0045,92.6788,101220,,,,
$GPGGA,230021.00,3718.9674460,N,12157.0337260,W,1,0,0.0,0.0000,M,0.0000,M,0.0000,0
$GPRMC,230021.00,A,3718.9674460,N,12157.0337260,W,0.0045,92.6780,101220,,,,
$GPGGA,230022.00,3718.9674460,N,12157.0337260,W,1,0,0.0,0.0000,M,0.0000,M,0.0000,0
$GPRMC,230022.00,A,3718.9674460,N,12157.0337260,W,0.0045,92.6774,101220,,,,
$GPGGA,230023.00,3718.9674460,N,12157.0337260,W,1,0,0.0,0.0000,M,0.0000,M,0.0000,0
$GPRMC,230023.00,A,3718.9674460,N,12157.0337260,W,0.0041,92.6767,101220,,,,
$GPGGA,230024.00,3718.9674460,N,12157.0337260,W,1,0,0.0,0.0000,M,0.0000,M,0.0000,0
$GPRMC,230024.00,A,3718.9674460,N,12157.0337260,W,0.0032,92.6759,101220,,,,
$GPGGA,230025.00,3718.9674460,N,12157.0337200,W,1,0,0.0,0.0000,M,0.0000,M,0.0000,0
$GPRMC,230025.00,A,3718.9674460,N,12157.0337200,W,0.0010,92.6751,101220,,,,
$GPGGA,230026.00,3718.9674400,N,12157.0337200,W,1,0,0.0,0.0000,M,0.0000,M,0.0000,0
$GPRMC,230026.00,A,3718.9674400,N,12157.0337200,W,0.0020,92.6743,101220,,,,
$GPGGA,230027.00,3718.9674400,N,12157.0337200,W,1,0,0.0,0.0000,M,0.0000,M,0.0000,0
$GPRMC,230027.00,A,3718.9674400,N,12157.0337200,W,0.0042,92.6733,101220,,,,
$GPGGA,230028.00,3718.9674460,N,12157.0337200,W,1,0,0.0,0.0000,M,0.0000,M,0.0000,0
$GPRMC,230028.00,A,3718.9674460,N,12157.0337200,W,0.0100,92.6731,101220,,,,
$GPGGA,230029.00,3718.9674460,N,12157.0336300,W,1,0,0.0,0.0000,M,0.0000,M,0.0000,0
$GPRMC,230029.00,A,3718.9674460,N,12157.0336300,W,0.4542,92.6650,101220,,,,
$GPGGA,230030.00,3718.9674280,N,12157.0330840,W,1,0,0.0,0.0000,M,0.0000,M,0.0000,0
$GPRMC,230030.00,A,3718.9674280,N,12157.0330840,W,1.1287,92.6369,101220,,,,
$GPGGA,230031.00,3718.9674040,N,12157.0321540,W,1,0,0.0,0.0000,M,0.0000,M,0.0000,0
$GPRMC,230031.00,A,3718.9674040,N,12157.0321540,W,1.5852,92.5951,101220,,,,
$GPGGA,230032.00,3718.9673680,N,12157.0309060,W,1,0,0.0,0.0000,M,0.0000,M,0.0000,0
$GPRMC,230032.00,A,3718.9673680,N,12157.0309060,W,2.2728,92.6404,101220,,,,
$GPGGA,230033.00,3718.9672720,N,12157.0288840,W,1,0,0.0,0.0000,M,0.0000,M,0.0000,0
$GPRMC,230033.00,A,3718.9672720,N,12157.0288840,W,3.8579,93.5238,101220,,,,
$GPGGA,230034.00,3718.9671400,N,12157.0256440,W,1,0,0.0,0.0000,M,0.0000,M,0.0000,0
$GPRMC,230034.00,A,3718.9671400,N,12157.0256440,W,5.8063,93.0078,101220,,,,
$GPGGA,230035.00,3718.9672000,N,12157.0209940,W,1,0,0.0,0.0000,M,0.0000,M,0.0000,0
$GPRMC,230035.00,A,3718.9672000,N,12157.0209940,W,7.6468,88.0047,101220,,,,
$GPGGA,230036.00,3718.9678900,N,12157.0158820,W,1,0,0.0,0.0000,M,0.0000,M,0.0000,0
$GPRMC,230036.00,A,3718.9678900,N,12157.0158820,W,7.7398,78.0029,101220,,,,
$GPGGA,230037.00,3718.9695760,N,12157.0115320,W,1,0,0.0,0.0000,M,0.0000,M,0.0000,0
$GPRMC,230037.00,A,3718.9695760,N,12157.0115320,W,6.7069,60.9167,101220,,,,
$GPGGA,230038.00,3718.9719520,N,12157.0085680,W,1,0,0.0,0.0000,M,0.0000,M,0.0000,0
$GPRMC,230038.00,A,3718.9719520,N,12157.0085680,W,6.0524,43.1294,101220,,,,
$GPGGA,230039.00,3718.9747780,N,12157.0071220,W,1,0,0.0,0.0000,M,0.0000,M,0.0000,0
$GPRMC,230039.00,A,3718.9747780,N,12157.0071220,W,5.6494,18.7734,101220,,,,
$GPGGA,230040.00,3718.9779040,N,12157.0070980,W,1,0,0.0,0.0000,M,0.0000,M,0.0000,0
$GPRMC,230040.00,A,3718.9779040,N,12157.0070980,W,6.3648,1.5135,101220,,,,
$GPGGA,230041.00,3718.9816540,N,12157.0071760,W,1,0,0.0,0.0000,M,0.0000,M,0.0000,0
$GPRMC,230041.00,A,3718.9816540,N,12157.0071760,W,7.5596,359.6896,101220,,,,
$GPGGA,230042.00,3718.9860340,N,12157.0072420,W,1,0,0.0,0.0000,M,0.0000,M,0.0000,0
$GPRMC,230042.00,A,3718.9860340,N,12157.0072420,W,8.5355,359.8752,101220,,,,
$GPGGA,230043.00,3718.9906540,N,12157.0072900,W,1,0,0.0,0.0000,M,0.0000,M,0.0000,0
$GPRMC,230043.00,A,3718.9906540,N,12157.0072900,W,8.5112,359.8368,101220,,,,
$GPGGA,230044.00,3718.9952200,N,12157.0073740,W,1,0,0.0,0.0000,M,0.0000,M,0.0000,0
$GPRMC,230044.00,A,3718.9952200,N,12157.0073740,W,8.3379,359.4541,101220,,,,
$GPGGA,230045.00,3718.9995640,N,12157.0074400,W,1,0,0.0,0.0000,M,0.0000,M,0.0000,0
$GPRMC,230045.00,A,3718.9995640,N,12157.0074400,W,7.5984,359.5863,101220,,,,
$GPGGA,230046.00,3719.0033260,N,12157.0074820,W,1,0,0.0,0.0000,M,0.0000,M,0.0000,0
$GPRMC,230046.00,A,3719.0033260,N,12157.0074820,W,6.2343,359.8136,101220,,,,
$GPGGA,230047.00,3719.0062660,N,12157.0074940,W,1,0,0.0,0.0000,M,0.0000,M,0.0000,0
$GPRMC,230047.00,A,3719.0062660,N,12157.0074940,W,4.6263,359.9002,101220,,,,
$GPGGA,230048.00,3719.0083540,N,12157.0075180,W,1,0,0.0,0.0000,M,0.0000,M,0.0000,0
$GPRMC,230048.00,A,3719.0083540,N,12157.0075180,W,3.1832,359.7683,101220,,,,
$GPGGA,230049.00,3719.0098180,N,12157.0075300,W,1,0,0.0,0.0000,M,0.0000,M,0.0000,0
$GPRMC,230049.00,A,3719.0098180,N,12157.0075300,W,2.2481,359.8309,101220,,,,
$GPGGA,230050.00,3719.0107060,N,12157.0075300,W,1,0,0.0,0.0000,M,0.0000,M,0.0000,0
$GPRMC,230050.00,A,3719.0107060,N,12157.0075300,W,0.9581,359.8723,101220,,,,
$GPGGA,230051.00,3719.0108860,N,12157.0075300,W,1,0,0.0,0.0000,M,0.0000,M,0.0000,0
$GPRMC,230051.00,A,3719.0108860,N,12157.0075300,W,0.0191,359.8766,101220,,,,
$GPGGA,230052.00,3719.0108920,N,12157.0075300,W,1,0,0.0,0.0000,M,0.0000,M,0.0000,0
$GPRMC,230052.00,A,3719.0108920,N,12157.0075300,W,0.0022,359.8780,101220,,,,
$GPGGA,230053.00,3719.0108920,N,12157.0075300,W,1,0,0.0,0.0000,M,0.0000,M,0.0000,0
$GPRMC,230053.00,A,3719.0108920,N,12157.0075300,W,0.0022,359.8754,101220,,,,
$GPGGA,230054.00,3719.0108920,N,12157.0075240,W,1,0,0.0,0.0000,M,0.0000,M,0.0000,0
$GPRMC,230054.00,A,3719.0108920,N,12157.0075240,W,0.0028,359.8746,101220,,,,
$GPGGA,230055.00,3719.0108920,N,12157.0075240,W,1,0,0.0,0.0000,M,0.0000,M,0.0000,0
$GPRMC,230055.00,A,3719.0108920,N,12157.0075240,W,0.0032,359.8741,101220,,,,
$GPGGA,230056.00,3719.0108920,N,12157.0075240,W,1,0,0.0,0.0000,M,0.0000,M,0.0000,0
$GPRMC,230056.00,A,3719.0108920,N,12157.0075240,W,0.0032,359.8735,101220,,,,
$GPGGA,230057.00,3719.0108920,N,12157.0075180,W,1,0,0.0,0.0000,M,0.0000,M,0.0000,0
$GPRMC,230057.00,A,3719.0108920,N,12157.0075180,W,0.0030,359.8729,101220,,,,
$GPGGA,230058.00,3719.0108920,N,12157.0075180,W,1,0,0.0,0.0000,M,0.0000,M,0.0000,0
$GPRMC,230058.00,A,3719.0108920,N,12157.0075180,W,0.0030,359.8722,101220,,,,
$GPGGA,230059.00,3719.0108920,N,12157.0075180,W,1,0,0.0,0.0000,M,0.0000,M,0.0000,0
$GPRMC,230059.00,A,3719.0108920,N,12157.0075180,W,0.0040,359.8710,101220,,,,
$GPGGA,230100.00,3719.0108920,N,12157.0075180,W,1,0,0.0,0.0000,M,0.0000,M,0.0000,0
$GPRMC,230100.00,A,3719.0108920,N,12157.0075180,W,0.0030,359.8704,101220,,,,
$GPGGA,230101.00,3719.0108920,N,12157.0075180,W,1,0,0.0,0.0000,M,0.0000,M,0.0000,0
$GPRMC,230101.00,A,3719.0108920,N,12157.0075180,W,0.0022,359.8700,101220,,,,
$GPGGA,230102.00,3719.0108920,N,12157.0075180,W,1,0,0.0,0.0000,M,0.0000,M,0.0000,0
$GPRMC,230102.00,A,3719.0108920,N,12157.0075180,W,0.0022,359.8693,101220,,,,
$GPGGA,230103.00,3719.0108920,N,12157.0075180,W,1,0,0.0,0.0000,M,0.0000,M,0.0000,0
$GPRMC,230103.00,A,3719.0108920,N,12157.0075180,W,0.0032,359.8687,101220,,,,
$GPGGA,230104.00,3719.0108920,N,12157.0075180,W,1,0,0.0,0.0000,M,0.0000,M,0.0000,0
$GPRMC,230104.00,A,3719.0108920,N,12157.0075180,W,0.0022,359.8679,101220,,,,
$GPGGA,230105.00,3719.0108920,N,12157.0075180,W,1,0,0.0,0.0000,M,0.0000,M,0.0000,0
$GPRMC,230105.00,A,3719.0108920,N,12157.0075180,W,0.0022,359.8672,101220,,,,
$GPGGA,230106.00,3719.0108920,N,12157.0075180,W,1,0,0.0,0.0000,M,0.0000,M,0.0000,0
$GPRMC,230106.00,A,3719.0108920,N,12157.0075180,W,0.0020,359.8666,101220,,,,
$GPGGA,230107.00,3719.0108920,N,12157.0075180,W,1,0,0.0,0.0000,M,0.0000,M,0.0000,0
$GPRMC,230107.00,A,3719.0108920,N,12157.0075180,W,0.0020,359.8661,101220,,,,
$GPGGA,230108.00,3719.0108920,N,12157.0075180,W,1,0,0.0,0.0000,M,0.0000,M,0.0000,0
$GPRMC,230108.00,A,3719.0108920,N,12157.0075180,W,0.0022,359.8655,101220,,,,
$GPGGA,230109.00,3719.0108920,N,12157.0075180,W,1,0,0.0,0.0000,M,0.0000,M,0.0000,0
$GPRMC,230109.00,A,3719.0108920,N,12157.0075180,W,0.0020,359.8647,101220,,,,
$GPGGA,230110.00,3719.0108920,N,12157.0075180,W,1,0,0.0,0.0000,M,0.0000,M,0.0000,0
$GPRMC,230110.00,A,3719.0108920,N,12157.0075180,W,0.0020,359.8642,101220,,,,
$GPGGA,230111.00,3719.0108920,N,12157.0075180,W,1,0,0.0,0.0000,M,0.0000,M,0.0000,0
$GPRMC,230111.00,A,3719.0108920,N,12157.0075180,W,0.0022,359.8636,101220,,,,
$GPGGA,230112.00,3719.0108920,N,12157.0075180,W,1,0,0.0,0.0000,M,0.0000,M,0.0000,0
$GPRMC,230112.00,A,3719.0108920,N,12157.0075180,W,0.0020,359.8629,101220,,,,
$GPGGA,230113.00,3719.0108920,N,12157.0075180,W,1,0,0.0,0.0000,M,0.0000,M,0.0000,0
$GPRMC,230113.00,A,3719.0108920,N,12157.0075180,W,0.0022,359.8621,101220,,,,
$GPGGA,230114.00,3719.0108920,N,12157.0075180,W,1,0,0.0,0.0000,M,0.0000,M,0.0000,0
$GPRMC,230114.00,A,3719.0108920,N,12157.0075180,W,0.0032,359.8615,101220,,,,
$GPGGA,230115.00,3719.0108920,N,12157.0075180,W,1,0,0.0,0.0000,M,0.0000,M,0.0000,0
$GPRMC,230115.00,A,3719.0108920,N,12157.0075180,W,0.0032,359.8609,101220,,,,
$GPGGA,230116.00,3719.0108920,N,12157.0075180,W,1,0,0.0,0.0000,M,0.0000,M,0.0000,0
$GPRMC,230116.00,A,3719.0108920,N,12157.0075180,W,0.0036,359.8602,101220,,,,
$GPGGA,230117.00,3719.0108920,N,12157.0075180,W,1,0,0.0,0.0000,M,0.0000,M,0.0000,0
$GPRMC,230117.00,A,3719.0108920,N,12157.0075180,W,0.0036,359.8596,101220,,,,
$GPGGA,230118.00,3719.0108920,N,12157.0075180,W,1,0,0.0,0.0000,M,0.0000,M,0.0000,0
$GPRMC,230118.00,A,3719.0108920,N,12157.0075180,W,0.0050,359.8586,101220,,,,
$GPGGA,230119.00,3719.0108920,N,12157.0075180,W,1,0,0.0,0.0000,M,0.0000,M,0.0000,0
$GPRMC,230119.00,A,3719.0108920,N,12157.0075180,W,0.0042,359.8579,101220,,,,
$GPGGA,230120.00,3719.0108920,N,12157.0075180,W,1,0,0.0,0.0000,M,0.0000,M,0.0000,0
$GPRMC,230120.00,A,3719.0108920,N,12157.0075180,W,0.0045,359.8573,101220,,,,
$GPGGA,230121.00,3719.0108920,N,12157.0075120,W,1,0,0.0,0.0000,M,0.0000,M,0.0000,0
$GPRMC,230121.00,A,3719.0108920,N,12157.0075120,W,0.0042,359.8568,101220,,,,
$GPGGA,230122.00,3719.0108980,N,12157.0075120,W,1,0,0.0,0.0000,M,0.0000,M,0.0000,0
$GPRMC,230122.00,A,3719.0108980,N,12157.0075120,W,0.0050,359.8561,101220,,,,
$GPGGA,230123.00,3719.0108980,N,12157.0075120,W,1,0,0.0,0.0000,M,0.0000,M,0.0000,0
$GPRMC,230123.00,A,3719.0108980,N,12157.0075120,W,0.0050,359.8552,101220,,,,
$GPGGA,230124.00,3719.0109100,N,12157.0075060,W,1,0,0.0,0.0000,M,0.0000,M,0.0000,0
$GPRMC,230124.00,A,3719.0109100,N,12157.0075060,W,0.0980,359.8566,101220,,,,
$GPGGA,230125.00,3719.0109880,N,12157.0075060,W,1,0,0.0,0.0000,M,0.0000,M,0.0000,0
$GPRMC,230125.00,A,3719.0109880,N,12157.0075060,W,0.1550,359.8555,101220,,,,
$GPGGA,230126.00,3719.0111200,N,12157.0075000,W,1,0,0.0,0.0000,M,0.0000,M,0.0000,0
$GPRMC,230126.00,A,3719.0111200,N,12157.0075000,W,0.2700,359.8564,101220,,,,
$GPGGA,230127.00,3719.0112580,N,12157.0075000,W,1,0,0.0,0.0000,M,0.0000,M,0.0000,0
$GPRMC,230127.00,A,3719.0112580,N,12157.0075000,W,0.2250,359.8535,101220,,,,
$GPGGA,230128.00,3719.0113600,N,12157.0075060,W,1,0,0.0,0.0000,M,0.0000,M,0.0000,0
$GPRMC,230128.00,A,3719.0113600,N,12157.0075060,W,0.1460,359.8484,101220,,,,
$GPGGA,230129.00,3719.0114140,N,12157.0075000,W,1,0,0.0,0.0000,M,0.0000,M,0.0000,0
$GPRMC,230129.00,A,3719.0114140,N,12157.0075000,W,0.0580,359.8476,101220,,,,
$GPGGA,230130.00,3719.0114740,N,12157.0075000,W,1,0,0.0,0.0000,M,0.0000,M,0.0000,0
$GPRMC,230130.00,A,3719.0114740,N,12157.0075000,W,0.2690,359.8466,101220,,,,
$GPGGA,230131.00,3719.0117080,N,12157.0075060,W,1,0,0.0,0.0000,M,0.0000,M,0.0000,0
$GPRMC,230131.00,A,3719.0117080,N,12157.0075060,W,0.5690,359.8388,101220,,,,
$GPGGA,230132.00,3719.0121460,N,12157.0075060,W,1,0,0.0,0.0000,M,0.0000,M,0.0000,0
$GPRMC,230132.00,A,3719.0121460,N,12157.0075060,W,1.1220,359.8115,101220,,,,
$GPGGA,230133.00,3719.0129200,N,12157.0075180,W,1,0,0.0,0.0000,M,0.0000,M,0.0000,0
$GPRMC,230133.00,A,3719.0129200,N,12157.0075180,W,1.8080,359.6296,101220,,,,
$GPGGA,230134.00,3719.0142340,N,12157.0075120,W,1,0,0.0,0.0000,M,0.0000,M,0.0000,0
$GPRMC,230134.00,A,3719.0142340,N,12157.0075120,W,3.2579,0.2156,101220,,,,
$GPGGA,230135.00,3719.0165500,N,12157.0074820,W,1,0,0.0,0.0000,M,0.0000,M,0.0000,0
$GPRMC,230135.00,A,3719.0165500,N,12157.0074820,W,5.2362,0.6124,101220,,,,
$GPGGA,230136.00,3719.0198080,N,12157.0074400,W,1,0,0.0,0.0000,M,0.0000,M,0.0000,0
$GPRMC,230136.00,A,3719.0198080,N,12157.0074400,W,6.4652,0.6425,101220,,,,
$GPGGA,230137.00,3719.0233240,N,12157.0073860,W,1,0,0.0,0.0000,M,0.0000,M,0.0000,0
$GPRMC,230137.00,A,3719.0233240,N,12157.0073860,W,6.4375,0.9514,101220,,,,
$GPGGA,230138.00,3719.0267200,N,12157.0073500,W,1,0,0.0,0.0000,M,0.0000,M,0.0000,0
$GPRMC,230138.00,A,3719.0267200,N,12157.0073500,W,6.1542,0.5824,101220,,,,
$GPGGA,230139.00,3719.0299540,N,12157.0076020,W,1,0,0.0,0.0000,M,0.0000,M,0.0000,0
$GPRMC,230139.00,A,3719.0299540,N,12157.0076020,W,5.9181,355.1367,101220,,,,
$GPGGA,230140.00,3719.0329240,N,12157.0091260,W,1,0,0.0,0.0000,M,0.0000,M,0.0000,0
$GPRMC,230140.00,A,3719.0329240,N,12157.0091260,W,6.4499,334.9397,101220,,,,
$GPGGA,230141.00,3719.0354380,N,12157.0123600,W,1,0,0.0,0.0000,M,0.0000,M,0.0000,0
$GPRMC,230141.00,A,3719.0354380,N,12157.0123600,W,7.2668,310.6446,101220,,,,
$GPGGA,230142.00,3719.0367160,N,12157.0170760,W,1,0,0.0,0.0000,M,0.0000,M,0.0000,0
$GPRMC,230142.00,A,3719.0367160,N,12157.0170760,W,7.9727,283.7700,101220,,,,
$GPGGA,230143.00,3719.0365420,N,12157.0227700,W,1,0,0.0,0.0000,M,0.0000,M,0.0000,0
$GPRMC,230143.00,A,3719.0365420,N,12157.0227700,W,9.2081,265.7544,101220,,,,
$GPGGA,230144.00,3719.0358940,N,12157.0294840,W,1,0,0.0,0.0000,M,0.0000,M,0.0000,0
$GPRMC,230144.00,A,3719.0358940,N,12157.0294840,W,10.9387,263.5406,101220,,,,
$GPGGA,230145.00,3719.0351500,N,12157.0375180,W,1,0,0.0,0.0000,M,0.0000,M,0.0000,0
$GPRMC,230145.00,A,3719.0351500,N,12157.0375180,W,12.9671,263.8520,101220,,,,
$GPGGA,230146.00,3719.0343160,N,12157.0469080,W,1,0,0.0,0.0000,M,0.0000,M,0.0000,0
$GPRMC,230146.00,A,3719.0343160,N,12157.0469080,W,15.4105,264.0128,101220,,,,
$GPGGA,230147.00,3719.0333500,N,12157.0581880,W,1,0,0.0,0.0000,M,0.0000,M,0.0000,0
$GPRMC,230147.00,A,3719.0333500,N,12157.0581880,W,17.3925,264.1503,101220,,,,
$GPGGA,230148.00,3719.0323720,N,12157.0699480,W,1,0,0.0,0.0000,M,0.0000,M,0.0000,0
$GPRMC,230148.00,A,3719.0323720,N,12157.0699480,W,17.4705,264.2264,101220,,,,
$GPGGA,230149.00,3719.0313640,N,12157.0818040,W,1,0,0.0,0.0000,M,0.0000,M,0.0000,0
$GPRMC,230149.00,A,3719.0313640,N,12157.0818040,W,17.9542,263.9047,101220,,,,
$GPGGA,230150.00,3719.0302720,N,12157.0942780,W,1,0,0.0,0.0000,M,0.0000,M,0.0000,0
$GPRMC,230150.00,A,3719.0302720,N,12157.0942780,W,19.3045,263.7693,101220,,,,
$GPGGA,230151.00,3719.0290180,N,12157.1077300,W,1,0,0.0,0.0000,M,0.0000,M,0.0000,0
$GPRMC,230151.00,A,3719.0290180,N,12157.1077300,W,20.9404,263.2185,101220,,,,
$GPGGA,230152.00,3719.0274940,N,12157.1225320,W,1,0,0.0,0.0000,M,0.0000,M,0.0000,0
$GPRMC,230152.00,A,3719.0274940,N,12157.1225320,W,23.1661,262.4273,101220,,,,
$GPGGA,230153.00,3719.0256700,N,12157.1388160,W,1,0,0.0,0.0000,M,0.0000,M,0.0000,0
$GPRMC,230153.00,A,3719.0256700,N,12157.1388160,W,25.4505,261.8383,101220,,,,
$GPGGA,230154.00,3719.0235460,N,12157.1566540,W,1,0,0.0,0.0000,M,0.0000,M,0.0000,0
$GPRMC,230154.00,A,3719.0235460,N,12157.1566540,W,27.8386,261.4729,101220,,,,
$GPGGA,230155.00,3719.0212120,N,12157.1760580,W,1,0,0.0,0.0000,M,0.0000,M,0.0000,0
$GPRMC,230155.00,A,3719.0212120,N,12157.1760580,W,30.1243,261.6884,101220,,,,
$GPGGA,230156.00,3719.0188240,N,12157.1969620,W,1,0,0.0,0.0000,M,0.0000,M,0.0000,0
$GPRMC,230156.00,A,3719.0188240,N,12157.1969620,W,32.1603,262.0981,101220,,,,
$GPGGA,230157.00,3719.0164840,N,12157.2186880,W,1,0,0.0,0.0000,M,0.0000,M,0.0000,0
$GPRMC,230157.00,A,3719.0164840,N,12157.2186880,W,32.2998,262.5104,101220,,,,
$GPGGA,230158.00,3719.0142160,N,12157.2402640,W,1,0,0.0,0.0000,M,0.0000,M,0.0000,0
$GPRMC,230158.00,A,3719.0142160,N,12157.2402640,W,31.9403,262.3703,101220,,,,
$GPGGA,230159.00,3719.0118820,N,12157.2615160,W,1,0,0.0,0.0000,M,0.0000,M,0.0000,0
$GPRMC,230159.00,A,3719.0118820,N,12157.2615160,W,31.4637,262.0812,101220,,,,
$GPGGA,230200.00,3719.0095900,N,12157.2824620,W,1,0,0.0,0.0000,M,0.0000,M,0.0000,0
$GPRMC,230200.00,A,3719.0095900,N,12157.2824620,W,31.0059,262.1095,101220,,,,
$GPGGA,230201.00,3719.0072860,N,12157.3031020,W,1,0,0.0,0.0000,M,0.0000,M,0.0000,0
$GPRMC,230201.00,A,3719.0072860,N,12157.3031020,W,30.5824,262.1693,101220,,,,
$GPGGA,230202.00,3719.0051380,N,12157.3234900,W,1,0,0.0,0.0000,M,0.0000,M,0.0000,0
$GPRMC,230202.00,A,3719.0051380,N,12157.3234900,W,30.1582,262.9355,101220,,,,
$GPGGA,230203.00,3719.0033200,N,12157.3436620,W,1,0,0.0,0.0000,M,0.0000,M,0.0000,0
$GPRMC,230203.00,A,3719.0033200,N,12157.3436620,W,29.7839,263.9133,101220,,,,
$GPGGA,230204.00,3719.0016520,N,12157.3635820,W,1,0,0.0,0.0000,M,0.0000,M,0.0000,0
$GPRMC,230204.00,A,3719.0016520,N,12157.3635820,W,29.4266,263.8312,101220,,,,
$GPGGA,230205.00,3718.9998340,N,12157.3832440,W,1,0,0.0,0.0000,M,0.0000,M,0.0000,0
$GPRMC,230205.00,A,3718.9998340,N,12157.3832440,W,29.0665,263.1619,101220,,,,
$GPGGA,230206.00,3718.9980340,N,12157.4026660,W,1,0,0.0,0.0000,M,0.0000,M,0.0000,0
$GPRMC,230206.00,A,3718.9980340,N,12157.4026660,W,28.7153,263.6569,101220,,,,
$GPGGA,230207.00,3718.9964800,N,12157.4219020,W,1,0,0.0,0.0000,M,0.0000,M,0.0000,0
$GPRMC,230207.00,A,3718.9964800,N,12157.4219020,W,28.4222,265.0178,101220,,,,
$GPGGA,230208.00,3718.9953520,N,12157.4410240,W,1,0,0.0,0.0000,M,0.0000,M,0.0000,0
$GPRMC,230208.00,A,3718.9953520,N,12157.4410240,W,28.2156,266.5203,101220,,,,
$GPGGA,230209.00,3718.9945780,N,12157.4600740,W,1,0,0.0,0.0000,M,0.0000,M,0.0000,0
$GPRMC,230209.00,A,3718.9945780,N,12157.4600740,W,28.1479,267.5632,101220,,,,
$GPGGA,230210.00,3718.9940500,N,12157.4791120,W,1,0,0.0,0.0000,M,0.0000,M,0.0000,0
$GPRMC,230210.00,A,3718.9940500,N,12157.4791120,W,28.0905,268.3239,101220,,,,
$GPGGA,230211.00,3718.9937080,N,12157.4980300,W,1,0,0.0,0.0000,M,0.0000,M,0.0000,0
$GPRMC,230211.00,A,3718.9937080,N,12157.4980300,W,27.8286,269.1281,101220,,,,
$GPGGA,230212.00,3718.9935880,N,12157.5168340,W,1,0,0.0,0.0000,M,0.0000,M,0.0000,0
$GPRMC,230212.00,A,3718.9935880,N,12157.5168340,W,27.7742,269.8492,101220,,,,
$GPGGA,230213.00,3718.9936180,N,12157.5356740,W,1,0,0.0,0.0000,M,0.0000,M,0.0000,0
$GPRMC,230213.00,A,3718.9936180,N,12157.5356740,W,27.9573,270.3920,101220,,,,
$GPGGA,230214.00,3718.9937980,N,12157.5547240,W,1,0,0.0,0.0000,M,0.0000,M,0.0000,0
$GPRMC,230214.00,A,3718.9937980,N,12157.5547240,W,28.3351,271.0544,101220,,,,
$GPGGA,230215.00,3718.9941100,N,12157.5740500,W,1,0,0.0,0.0000,M,0.0000,M,0.0000,0
$GPRMC,230215.00,A,3718.9941100,N,12157.5740500,W,28.7935,271.1265,101220,,,,
$GPGGA,230216.00,3718.9944640,N,12157.5937180,W,1,0,0.0,0.0000,M,0.0000,M,0.0000,0
$GPRMC,230216.00,A,3718.9944640,N,12157.5937180,W,29.3373,271.4476,101220,,,,
$GPGGA,230217.00,3718.9948480,N,12157.6137400,W,1,0,0.0,0.0000,M,0.0000,M,0.0000,0
$GPRMC,230217.00,A,3718.9948480,N,12157.6137400,W,29.8781,271.2272,101220,,,,
$GPGGA,230218.00,3718.9951900,N,12157.6342120,W,1,0,0.0,0.0000,M,0.0000,M,0.0000,0
$GPRMC,230218.00,A,3718.9951900,N,12157.6342120,W,30.5778,271.1371,101220,,,,
$GPGGA,230219.00,3718.9955320,N,12157.6551160,W,1,0,0.0,0.0000,M,0.0000,M,0.0000,0
$GPRMC,230219.00,A,3718.9955320,N,12157.6551160,W,31.1724,271.0723,101220,,,,
$GPGGA,230220.00,3718.9958500,N,12157.6763800,W,1,0,0.0,0.0000,M,0.0000,M,0.0000,0
$GPRMC,230220.00,A,3718.9958500,N,12157.6763800,W,31.5979,271.0102,101220,,,,
$GPGGA,230221.00,3718.9961620,N,12157.6978300,W,1,0,0.0,0.0000,M,0.0000,M,0.0000,0
$GPRMC,230221.00,A,3718.9961620,N,12157.6978300,W,31.7171,271.0283,101220,,,,
$GPGGA,230222.00,3718.9964860,N,12157.7193160,W,1,0,0.0,0.0000,M,0.0000,M,0.0000,0
$GPRMC,230222.00,A,3718.9964860,N,12157.7193160,W,31.6383,271.0874,101220,,,,
$GPGGA,230223.00,3718.9968160,N,12157.7405680,W,1,0,0.0,0.0000,M,0.0000,M,0.0000,0
$GPRMC,230223.00,A,3718.9968160,N,12157.7405680,W,31.1221,271.0666,101220,,,,
$GPGGA,230224.00,3718.9971100,N,12157.7614540,W,1,0,0.0,0.0000,M,0.0000,M,0.0000,0
$GPRMC,230224.00,A,3718.9971100,N,12157.7614540,W,30.5624,271.0587,101220,,,,
$GPGGA,230225.00,3718.9973860,N,12157.7819620,W,1,0,0.0,0.0000,M,0.0000,M,0.0000,0
$GPRMC,230225.00,A,3718.9973860,N,12157.7819620,W,30.0348,270.9866,101220,,,,
$GPGGA,230226.00,3718.9976800,N,12157.8021580,W,1,0,0.0,0.0000,M,0.0000,M,0.0000,0
$GPRMC,230226.00,A,3718.9976800,N,12157.8021580,W,29.5884,270.9001,101220,,,,
$GPGGA,230227.00,3718.9978000,N,12157.8220300,W,1,0,0.0,0.0000,M,0.0000,M,0.0000,0
$GPRMC,230227.00,A,3718.9978000,N,12157.8220300,W,29.1651,270.0342,101220,,,,
$GPGGA,230228.00,3718.9976920,N,12157.8416200,W,1,0,0.0,0.0000,M,0.0000,M,0.0000,0
$GPRMC,230228.00,A,3718.9976920,N,12157.8416200,W,28.8067,269.3469,101220,,,,
$GPGGA,230229.00,3718.9973980,N,12157.8609700,W,1,0,0.0,0.0000,M,0.0000,M,0.0000,0
$GPRMC,230229.00,A,3718.9973980,N,12157.8609700,W,28.4977,268.5245,101220,,,,
$GPGGA,230230.00,3718.9969240,N,12157.8801460,W,1,0,0.0,0.0000,M,0.0000,M,0.0000,0
$GPRMC,230230.00,A,3718.9969240,N,12157.8801460,W,28.2235,268.0221,101220,,,,
$GPGGA,230231.00,3718.9963300,N,12157.8992080,W,1,0,0.0,0.0000,M,0.0000,M,0.0000,0
$GPRMC,230231.00,A,3718.9963300,N,12157.8992080,W,28.2279,267.6005,101220,,,,
$GPGGA,230232.00,3718.9957000,N,12157.9184380,W,1,0,0.0,0.0000,M,0.0000,M,0.0000,0
$GPRMC,230232.00,A,3718.9957000,N,12157.9184380,W,28.7015,267.7557,101220,,,,
$GPGGA,230233.00,3718.9951120,N,12157.9380460,W,1,0,0.0,0.0000,M,0.0000,M,0.0000,0
$GPRMC,230233.00,A,3718.9951120,N,12157.9380460,W,29.2217,267.8723,101220,,,,
$GPGGA,230234.00,3718.9945360,N,12157.9578220,W,1,0,0.0,0.0000,M,0.0000,M,0.0000,0
$GPRMC,230234.00,A,3718.9945360,N,12157.9578220,W,29.2746,267.7638,101220,,,,
$GPGGA,230235.00,3718.9938760,N,12157.9777660,W,1,0,0.0,0.0000,M,0.0000,M,0.0000,0
$GPRMC,230235.00,A,3718.9938760,N,12157.9777660,W,29.8612,267.4409,101220,,,,
$GPGGA,230236.00,3718.9930840,N,12157.9982980,W,1,0,0.0,0.0000,M,0.0000,M,0.0000,0
$GPRMC,230236.00,A,3718.9930840,N,12157.9982980,W,30.8842,267.1405,101220,,,,
$GPGGA,230237.00,3718.9923220,N,12158.0195260,W,1,0,0.0,0.0000,M,0.0000,M,0.0000,0
$GPRMC,230237.00,A,3718.9923220,N,12158.0195260,W,31.8855,267.4594,101220,,,,
$GPGGA,230238.00,3718.9916020,N,12158.0413780,W,1,0,0.0,0.0000,M,0.0000,M,0.0000,0
$GPRMC,230238.00,A,3718.9916020,N,12158.0413780,W,32.5714,268.0106,101220,,,,
$GPGGA,230239.00,3718.9911880,N,12158.0633800,W,1,0,0.0,0.0000,M,0.0000,M,0.0000,0
$GPRMC,230239.00,A,3718.9911880,N,12158.0633800,W,32.3891,269.4849,101220,,,,
$GPGGA,230240.00,3718.9912240,N,12158.0852080,W,1,0,0.0,0.0000,M,0.0000,M,0.0000,0
$GPRMC,230240.00,A,3718.9912240,N,12158.0852080,W,32.0700,270.4791,101220,,,,
$GPGGA,230241.00,3718.9914100,N,12158.1067960,W,1,0,0.0,0.0000,M,0.0000,M,0.0000,0
$GPRMC,230241.00,A,3718.9914100,N,12158.1067960,W,31.6763,270.7390,101220,,,,
$GPGGA,230242.00,3718.9917880,N,12158.1281020,W,1,0,0.0,0.0000,M,0.0000,M,0.0000,0
$GPRMC,230242.00,A,3718.9917880,N,12158.1281020,W,31.2563,271.8501,101220,,,,
$GPGGA,230243.00,3718.9925320,N,12158.1491020,W,1,0,0.0,0.0000,M,0.0000,M,0.0000,0
$GPRMC,230243.00,A,3718.9925320,N,12158.1491020,W,30.8375,273.0654,101220,,,,
$GPGGA,230244.00,3718.9935280,N,12158.1698080,W,1,0,0.0,0.0000,M,0.0000,M,0.0000,0
$GPRMC,230244.00,A,3718.9935280,N,12158.1698080,W,30.4341,273.6440,101220,,,,
$GPGGA,230245.00,3718.9944940,N,12158.1902380,W,1,0,0.0,0.0000,M,0.0000,M,0.0000,0
$GPRMC,230245.00,A,3718.9944940,N,12158.1902380,W,30.0446,272.5152,101220,,,,
$GPGGA,230246.00,3718.9951960,N,12158.2104340,W,1,0,0.0,0.0000,M,0.0000,M,0.0000,0
$GPRMC,230246.00,A,3718.9951960,N,12158.2104340,W,29.6748,271.8974,101220,,,,
$GPGGA,230247.00,3718.9957420,N,12158.2303720,W,1,0,0.0,0.0000,M,0.0000,M,0.0000,0
$GPRMC,230247.00,A,3718.9957420,N,12158.2303720,W,29.2441,272.0317,101220,,,,
$GPGGA,230248.00,3718.9964860,N,12158.2498120,W,1,0,0.0,0.0000,M,0.0000,M,0.0000,0
$GPRMC,230248.00,A,3718.9964860,N,12158.2498120,W,28.3005,273.5647,101220,,,,
$GPGGA,230249.00,3718.9977520,N,12158.2688080,W,1,0,0.0,0.0000,M,0.0000,M,0.0000,0
$GPRMC,230249.00,A,3718.9977520,N,12158.2688080,W,28.0281,275.5445,101220,,,,
$GPGGA,230250.00,3718.9995220,N,12158.2875640,W,1,0,0.0,0.0000,M,0.0000,M,0.0000,0
$GPRMC,230250.00,A,3718.9995220,N,12158.2875640,W,27.7513,277.6829,101220,,,,
$GPGGA,230251.00,3719.0018140,N,12158.3060500,W,1,0,0.0,0.0000,M,0.0000,M,0.0000,0
$GPRMC,230251.00,A,3719.0018140,N,12158.3060500,W,27.4486,279.5980,101220,,,,
$GPGGA,230252.00,3719.0046160,N,12158.3240020,W,1,0,0.0,0.0000,M,0.0000,M,0.0000,0
$GPRMC,230252.00,A,3719.0046160,N,12158.3240020,W,26.5842,282.7934,101220,,,,
$GPGGA,230253.00,3719.0083480,N,12158.3413360,W,1,0,0.0,0.0000,M,0.0000,M,0.0000,0
$GPRMC,230253.00,A,3719.0083480,N,12158.3413360,W,26.4311,287.1458,101220,,,,
$GPGGA,230254.00,3719.0131660,N,12158.3581600,W,1,0,0.0,0.0000,M,0.0000,M,0.0000,0
$GPRMC,230254.00,A,3719.0131660,N,12158.3581600,W,26.3026,291.8942,101220,,,,
$GPGGA,230255.00,3719.0189680,N,12158.3743360,W,1,0,0.0,0.0000,M,0.0000,M,0.0000,0
$GPRMC,230255.00,A,3719.0189680,N,12158.3743360,W,26.0208,295.7656,101220,,,,
$GPGGA,230256.00,3719.0253040,N,12158.3899120,W,1,0,0.0,0.0000,M,0.0000,M,0.0000,0
$GPRMC,230256.00,A,3719.0253040,N,12158.3899120,W,25.5736,297.4338,101220,,,,
$GPGGA,230257.00,3719.0315920,N,12158.4050620,W,1,0,0.0,0.0000,M,0.0000,M,0.0000,0
$GPRMC,230257.00,A,3719.0315920,N,12158.4050620,W,24.7932,297.1736,101220,,,,
$GPGGA,230258.00,3719.0374600,N,12158.4194860,W,1,0,0.0,0.0000,M,0.0000,M,0.0000,0
$GPRMC,230258.00,A,3719.0374600,N,12158.4194860,W,22.6259,296.6362,101220,,,,
$GPGGA,230259.00,3719.0425000,N,12158.4321160,W,1,0,0.0,0.0000,M,0.0000,M,0.0000,0
$GPRMC,230259.00,A,3719.0425000,N,12158.4321160,W,19.0083,296.2229,101220,,,,
$GPGGA,230300.00,3719.0466340,N,12158.4423400,W,1,0,0.0,0.0000,M,0.0000,M,0.0000,0
$GPRMC,230300.00,A,3719.0466340,N,12158.4423400,W,14.8014,297.8042,101220,,,,
$GPGGA,230301.00,3719.0504980,N,12158.4496060,W,1,0,0.0,0.0000,M,0.0000,M,0.0000,0
$GPRMC,230301.00,A,3719.0504980,N,12158.4496060,W,10.9714,308.7115,101220,,,,
$GPGGA,230302.00,3719.0545300,N,12158.4539680,W,1,0,0.0,0.0000,M,0.0000,M,0.0000,0
$GPRMC,230302.00,A,3719.0545300,N,12158.4539680,W,8.7063,323.5360,101220,,,,
$GPGGA,230303.00,3719.0583580,N,12158.4562060,W,1,0,0.0,0.0000,M,0.0000,M,0.0000,0
$GPRMC,230303.00,A,3719.0583580,N,12158.4562060,W,6.7079,338.5089,101220,,,,
$GPGGA,230304.00,3719.0613760,N,12158.4570040,W,1,0,0.0,0.0000,M,0.0000,M,0.0000,0
$GPRMC,230304.00,A,3719.0613760,N,12158.4570040,W,4.4429,348.1516,101220,,,,
$GPGGA,230305.00,3719.0631220,N,12158.4574060,W,1,0,0.0,0.0000,M,0.0000,M,0.0000,0
$GPRMC,230305.00,A,3719.0631220,N,12158.4574060,W,2.1739,348.8010,101220,,,,
$GPGGA,230306.00,3719.0638300,N,12158.4575680,W,1,0,0.0,0.0000,M,0.0000,M,0.0000,0
$GPRMC,230306.00,A,3719.0638300,N,12158.4575680,W,0.6565,348.9676,101220,,,,
$GPGGA,230307.00,3719.0639800,N,12158.4575920,W,1,0,0.0,0.0000,M,0.0000,M,0.0000,0
$GPRMC,230307.00,A,3719.0639800,N,12158.4575920,W,0.0326,348.9451,101220,,,,
$GPGGA,230308.00,3719.0639980,N,12158.4575920,W,1,0,0.0,0.0000,M,0.0000,M,0.0000,0
$GPRMC,230308.00,A,3719.0639980,N,12158.4575920,W,0.0305,348.9425,101220,,,,
$GPGGA,230309.00,3719.0640100,N,12158.4575860,W,1,0,0.0,0.0000,M,0.0000,M,0.0000,0
$GPRMC,230309.00,A,3719.0640100,N,12158.4575860,W,0.0255,348.9431,101220,,,,
$GPGGA,230310.00,3719.0640160,N,12158.4575860,W,1,0,0.0,0.0000,M,0.0000,M,0.0000,0
$GPRMC,230310.00,A,3719.0640160,N,12158.4575860,W,0.0180,348.9392,101220,,,,
$GPGGA,230311.00,3719.0640340,N,12158.4575860,W,1,0,0.0,0.0000,M,0.0000,M,0.0000,0
$GPRMC,230311.00,A,3719.0640340,N,12158.4575860,W,0.0392,348.9232,101220,,,,
$GPGGA,230312.00,3719.0640760,N,12158.4575920,W,1,0,0.0,0.0000,M,0.0000,M,0.0000,0
$GPRMC,230312.00,A,3719.0640760,N,12158.4575920,W,0.1499,348.8364,101220,,,,
$GPGGA,230313.00,3719.0641780,N,12158.4576340,W,1,0,0.0,0.0000,M,0.0000,M,0.0000,0
$GPRMC,230313.00,A,3719.0641780,N,12158.4576340,W,0.2916,348.4012,101220,,,,
$GPGGA,230314.00,3719.0644180,N,12158.4577660,W,1,0,0.0,0.0000,M,0.0000,M,0.0000,0
$GPRMC,230314.00,A,3719.0644180,N,12158.4577660,W,0.7118,345.8064,101220,,,,
$GPGGA,230315.00,3719.0648200,N,12158.4581020,W,1,0,0.0,0.0000,M,0.0000,M,0.0000,0
$GPRMC,230315.00,A,3719.0648200,N,12158.4581020,W,1.1100,339.3032,101220,,,,
$GPGGA,230316.00,3719.0653660,N,12158.4587320,W,1,0,0.0,0.0000,M,0.0000,M,0.0000,0
$GPRMC,230316.00,A,3719.0653660,N,12158.4587320,W,1.7173,329.1660,101220,,,,
$GPGGA,230317.00,3719.0659840,N,12158.4598060,W,1,0,0.0,0.0000,M,0.0000,M,0.0000,0
$GPRMC,230317.00,A,3719.0659840,N,12158.4598060,W,2.3116,314.4263,101220,,,,
$GPGGA,230318.00,3719.0667220,N,12158.4613660,W,1,0,0.0,0.0000,M,0.0000,M,0.0000,0
$GPRMC,230318.00,A,3719.0667220,N,12158.4613660,W,3.1215,304.5094,101220,,,,
$GPGGA,230319.00,3719.0680240,N,12158.4631240,W,1,0,0.0,0.0000,M,0.0000,M,0.0000,0
$GPRMC,230319.00,A,3719.0680240,N,12158.4631240,W,3.7821,312.6763,101220,,,,
$GPGGA,230320.00,3719.0700880,N,12158.4639520,W,1,0,0.0,0.0000,M,0.0000,M,0.0000,0
$GPRMC,230320.00,A,3719.0700880,N,12158.4639520,W,3.4803,340.0285,101220,,,,
$GPGGA,230321.00,3719.0719060,N,12158.4636640,W,1,0,0.0,0.0000,M,0.0000,M,0.0000,0
$GPRMC,230321.00,A,3719.0719060,N,12158.4636640,W,2.8190,2.2206,101220,,,,
$GPGGA,230322.00,3719.0732200,N,12158.4628360,W,1,0,0.0,0.0000,M,0.0000,M,0.0000,0
$GPRMC,230322.00,A,3719.0732200,N,12158.4628360,W,2.1750,19.3709,101220,,,,
$GPGGA,230323.00,3719.0739580,N,12158.4620740,W,1,0,0.0,0.0000,M,0.0000,M,0.0000,0
$GPRMC,230323.00,A,3719.0739580,N,12158.4620740,W,0.9686,29.5728,101220,,,,
$GPGGA,230324.00,3719.0741140,N,12158.4619060,W,1,0,0.0,0.0000,M,0.0000,M,0.0000,0
$GPRMC,230324.00,A,3719.0741140,N,12158.4619060,W,0.0809,30.5145,101220,,,,
$GPGGA,230325.00,3719.0741260,N,12158.4618700,W,1,0,0.0,0.0000,M,0.0000,M,0.0000,0
$GPRMC,230325.00,A,3719.0741260,N,12158.4618700,W,0.0488,30.5143,101220,,,,
$GPGGA,230326.00,3719.0741380,N,12158.4618460,W,1,0,0.0,0.0000,M,0.0000,M,0.0000,0
$GPRMC,230326.00,A,3719.0741380,N,12158.4618460,W,0.0411,30.5112,101220,,,,
$GPGGA,230327.00,3719.0741500,N,12158.4618220,W,1,0,0.0,0.0000,M,0.0000,M,0.0000,0
$GPRMC,230327.00,A,3719.0741500,N,12158.4618220,W,0.0345,30.5099,101220,,,,
$GPGGA,230328.00,3719.0741620,N,12158.4618040,W,1,0,0.0,0.0000,M,0.0000,M,0.0000,0
$GPRMC,230328.00,A,3719.0741620,N,12158.4618040,W,0.0283,30.5087,101220,,,,
$GPGGA,230329.00,3719.0741680,N,12158.4617920,W,1,0,0.0,0.0000,M,0.0000,M,0.0000,0
$GPRMC,230329.00,A,3719.0741680,N,12158.4617920,W,0.0216,30.5077,101220,,,,
$GPGGA,230330.00,3719.0741800,N,12158.4617800,W,1,0,0.0,0.0000,M,0.0000,M,0.0000,0
$GPRMC,230330.00,A,3719.0741800,N,12158.4617800,W,0.0164,30.5067,101220,,,,
$GPGGA,230331.00,3719.0741860,N,12158.4617740,W,1,0,0.0,0.0000,M,0.0000,M,0.0000,0
$GPRMC,230331.00,A,3719.0741860,N,12158.4617740,W,0.0114,30.5053,101220,,,,
$GPGGA,230332.00,3719.0741920,N,12158.4617680,W,1,0,0.0,0.0000,M,0.0000,M,0.0000,0
$GPRMC,230332.00,A,3719.0741920,N,12158.4617680,W,0.0081,30.5044,101220,,,,
$GPGGA,230333.00,3719.0741980,N,12158.4617680,W,1,0,0.0,0.0000,M,0.0000,M,0.0000,0
$GPRMC,230333.00,A,3719.0741980,N,12158.4617680,W,0.0045,30.5030,101220,,,,
$GPGGA,230334.00,3719.0741980,N,12158.4617620,W,1,0,0.0,0.0000,M,0.0000,M,0.0000,0
$GPRMC,230334.00,A,3719.0741980,N,12158.4617620,W,0.0014,30.5020,101220,,,,
$GPGGA,230335.00,3719.0742040,N,12158.4617620,W,1,0,0.0,0.0000,M,0.0000,M,0.0000,0
$GPRMC,230335.00,A,3719.0742040,N,12158.4617620,W,0.0041,30.5010,101220,,,,
$GPGGA,230336.00,3719.0742040,N,12158.4617560,W,1,0,0.0,0.0000,M,0.0000,M,0.0000,0
$GPRMC,230336.00,A,3719.0742040,N,12158.4617560,W,0.0082,30.4999,101220,,,,
$GPGGA,230337.00,3719.0742040,N,12158.4617560,W,1,0,0.0,0.0000,M,0.0000,M,0.0000,0
$GPRMC,230337.00,A,3719.0742040,N,12158.4617560,W,0.0114,30.4985,101220,,,,
$GPGGA,230338.00,3719.0742040,N,12158.4617560,W,1,0,0.0,0.0000,M,0.0000,M,0.0000,0
$GPRMC,230338.00,A,3719.0742040,N,12158.4617560,W,0.0110,30.5009,101220,,,,
$GPGGA,230339.00,3719.0743360,N,12158.4616600,W,1,0,0.0,0.0000,M,0.0000,M,0.0000,0
$GPRMC,230339.00,A,3719.0743360,N,12158.4616600,W,0.6762,30.6134,101220,,,,
$GPGGA,230340.00,3719.0748160,N,12158.4612940,W,1,0,0.0,0.0000,M,0.0000,M,0.0000,0
$GPRMC,230340.00,A,3719.0748160,N,12158.4612940,W,1.3677,30.6036,101220,,,,
$GPGGA,230341.00,3719.0756440,N,12158.4606400,W,1,0,0.0,0.0000,M,0.0000,M,0.0000,0
$GPRMC,230341.00,A,3719.0756440,N,12158.4606400,W,2.2420,31.3568,101220,,,,
$GPGGA,230342.00,3719.0768560,N,12158.4596440,W,1,0,0.0,0.0000,M,0.0000,M,0.0000,0
$GPRMC,230342.00,A,3719.0768560,N,12158.4596440,W,3.1599,32.7335,101220,,,,
$GPGGA,230343.00,3719.0785540,N,12158.4581920,W,1,0,0.0,0.0000,M,0.0000,M,0.0000,0
$GPRMC,230343.00,A,3719.0785540,N,12158.4581920,W,4.3929,33.7551,101220,,,,
$GPGGA,230344.00,3719.0808400,N,12158.4562420,W,1,0,0.0,0.0000,M,0.0000,M,0.0000,0
$GPRMC,230344.00,A,3719.0808400,N,12158.4562420,W,5.8469,34.0285,101220,,,,
$GPGGA,230345.00,3719.0837440,N,12158.4537820,W,1,0,0.0,0.0000,M,0.0000,M,0.0000,0
$GPRMC,230345.00,A,3719.0837440,N,12158.4537820,W,6.8295,33.8505,101220,,,,
$GPGGA,230346.00,3719.0867980,N,12158.4511660,W,1,0,0.0,0.0000,M,0.0000,M,0.0000,0
$GPRMC,230346.00,A,3719.0867980,N,12158.4511660,W,6.8130,34.2164,101220,,,,
$GPGGA,230347.00,3719.0898040,N,12158.4485320,W,1,0,0.0,0.0000,M,0.0000,M,0.0000,0
$GPRMC,230347.00,A,3719.0898040,N,12158.4485320,W,6.7094,34.9035,101220,,,,
$GPGGA,230348.00,3719.0926300,N,12158.4460180,W,1,0,0.0,0.0000,M,0.0000,M,0.0000,0
$GPRMC,230348.00,A,3719.0926300,N,12158.4460180,W,5.8370,34.8375,101220,,,,
$GPGGA,230349.00,3719.0949760,N,12158.4445600,W,1,0,0.0,0.0000,M,0.0000,M,0.0000,0
$GPRMC,230349.00,A,3719.0949760,N,12158.4445600,W,4.1250,23.1801,101220,,,,
$GPGGA,230350.00,3719.0967400,N,12158.4453640,W,1,0,0.0,0.0000,M,0.0000,M,0.0000,0
$GPRMC,230350.00,A,3719.0967400,N,12158.4453640,W,3.3144,344.7747,101220,,,,
$GPGGA,230351.00,3719.0974300,N,12158.4475060,W,1,0,0.0,0.0000,M,0.0000,M,0.0000,0
$GPRMC,230351.00,A,3719.0974300,N,12158.4475060,W,3.4654,302.4141,101220,,,,
$GPGGA,230352.00,3719.0967040,N,12158.4498520,W,1,0,0.0,0.0000,M,0.0000,M,0.0000,0
$GPRMC,230352.00,A,3719.0967040,N,12158.4498520,W,3.8891,257.4568,101220,,,,
$GPGGA,230353.00,3719.0947240,N,12158.4515680,W,1,0,0.0,0.0000,M,0.0000,M,0.0000,0
$GPRMC,230353.00,A,3719.0947240,N,12158.4515680,W,5.1842,220.4817,101220,,,,
$GPGGA,230354.00,3719.0918080,N,12158.4532480,W,1,0,0.0,0.0000,M,0.0000,M,0.0000,0
$GPRMC,230354.00,A,3719.0918080,N,12158.4532480,W,6.8963,206.5889,101220,,,,
$GPGGA,230355.00,3719.0878840,N,12158.4557500,W,1,0,0.0,0.0000,M,0.0000,M,0.0000,0
$GPRMC,230355.00,A,3719.0878840,N,12158.4557500,W,9.4039,207.8124,101220,,,,
$GPGGA,230356.00,3719.0829280,N,12158.4593980,W,1,0,0.0,0.0000,M,0.0000,M,0.0000,0
$GPRMC,230356.00,A,3719.0829280,N,12158.4593980,W,11.8047,211.7599,101220,,,,
$GPGGA,230357.00,3719.0770900,N,12158.4640900,W,1,0,0.0,0.0000,M,0.0000,M,0.0000,0
$GPRMC,230357.00,A,3719.0770900,N,12158.4640900,W,13.7041,212.6223,101220,,,,
$GPGGA,230358.00,3719.0703160,N,12158.4693040,W,1,0,0.0,0.0000,M,0.0000,M,0.0000,0
$GPRMC,230358.00,A,3719.0703160,N,12158.4693040,W,15.7330,211.1393,101220,,,,
$GPGGA,230359.00,3719.0628580,N,12158.4747880,W,1,0,0.0,0.0000,M,0.0000,M,0.0000,0
$GPRMC,230359.00,A,3719.0628580,N,12158.4747880,W,16.0598,210.3288,101220,,,,
$GPGGA,230400.00,3719.0554060,N,12158.4802660,W,1,0,0.0,0.0000,M,0.0000,M,0.0000,0
$GPRMC,230400.00,A,3719.0554060,N,12158.4802660,W,15.8785,210.8629,101220,,,,
$GPGGA,230401.00,3719.0481460,N,12158.4858580,W,1,0,0.0,0.0000,M,0.0000,M,0.0000,0
$GPRMC,230401.00,A,3719.0481460,N,12158.4858580,W,15.6161,212.1919,101220,,,,
$GPGGA,230402.00,3719.0411380,N,12158.4914860,W,1,0,0.0,0.0000,M,0.0000,M,0.0000,0
$GPRMC,230402.00,A,3719.0411380,N,12158.4914860,W,15.1748,212.9876,101220,,,,
$GPGGA,230403.00,3719.0345560,N,12158.4968680,W,1,0,0.0,0.0000,M,0.0000,M,0.0000,0
$GPRMC,230403.00,A,3719.0345560,N,12158.4968680,W,13.6445,213.3446,101220,,,,
$GPGGA,230404.00,3719.0289160,N,12158.5015600,W,1,0,0.0,0.0000,M,0.0000,M,0.0000,0
$GPRMC,230404.00,A,3719.0289160,N,12158.5015600,W,11.3859,213.8185,101220,,,,
$GPGGA,230405.00,3719.0243380,N,12158.5054120,W,1,0,0.0,0.0000,M,0.0000,M,0.0000,0
$GPRMC,230405.00,A,3719.0243380,N,12158.5054120,W,9.0601,213.7942,101220,,,,
$GPGGA,230406.00,3719.0208340,N,12158.5083280,W,1,0,0.0,0.0000,M,0.0000,M,0.0000,0
$GPRMC,230406.00,A,3719.0208340,N,12158.5083280,W,6.4236,213.5945,101220,,,,
$GPGGA,230407.00,3719.0185120,N,12158.5102660,W,1,0,0.0,0.0000,M,0.0000,M,0.0000,0
$GPRMC,230407.00,A,3719.0185120,N,12158.5102660,W,3.9643,213.7768,101220,,,,
$GPGGA,230408.00,3719.0172100,N,12158.5113640,W,1,0,0.0,0.0000,M,0.0000,M,0.0000,0
$GPRMC,230408.00,A,3719.0172100,N,12158.5113640,W,1.9333,213.7614,101220,,,,
$GPGGA,230409.00,3719.0167660,N,12158.5117360,W,1,0,0.0,0.0000,M,0.0000,M,0.0000,0
$GPRMC,230409.00,A,3719.0167660,N,12158.5117360,W,0.0723,213.6181,101220,,,,
$GPGGA,230410.00,3719.0167720,N,12158.5117360,W,1,0,0.0,0.0000,M,0.0000,M,0.0000,0
$GPRMC,230410.00,A,3719.0167720,N,12158.5117360,W,0.0076,213.6209,101220,,,,
$GPGGA,230411.00,3719.0167720,N,12158.5117420,W,1,0,0.0,0.0000,M,0.0000,M,0.0000,0
$GPRMC,230411.00,A,3719.0167720,N,12158.5117420,W,0.0030,213.6169,101220,,,,
$GPGGA,230412.00,3719.0167720,N,12158.5117420,W,1,0,0.0,0.0000,M,0.0000,M,0.0000,0
$GPRMC,230412.00,A,3719.0167720,N,12158.5117420,W,0.0030,213.6154,101220,,,,
$GPGGA,230413.00,3719.0167720,N,12158.5117480,W,1,0,0.0,0.0000,M,0.0000,M,0.0000,0
$GPRMC,230413.00,A,3719.0167720,N,12158.5117480,W,0.0022,213.6146,101220,,,,
$GPGGA,230414.00,3719.0167720,N,12158.5117480,W,1,0,0.0,0.0000,M,0.0000,M,0.0000,0
$GPRMC,230414.00,A,3719.0167720,N,12158.5117480,W,0.0022,213.6136,101220,,,,
$GPGGA,230415.00,3719.0167720,N,12158.5117540,W,1,0,0.0,0.0000,M,0.0000,M,0.0000,0
$GPRMC,230415.00,A,3719.0167720,N,12158.5117540,W,0.0030,213.6127,101220,,,,
$GPGGA,230416.00,3719.0167660,N,12158.5117540,W,1,0,0.0,0.0000,M,0.0000,M,0.0000,0
$GPRMC,230416.00,A,3719.0167660,N,12158.5117540,W,0.0040,213.6115,101220,,,,
$GPGGA,230417.00,3719.0167660,N,12158.5117540,W,1,0,0.0,0.0000,M,0.0000,M,0.0000,0
$GPRMC,230417.00,A,3719.0167660,N,12158.5117540,W,0.0051,213.6106,101220,,,,
$GPGGA,230418.00,3719.0167660,N,12158.5117600,W,1,0,0.0,0.0000,M,0.0000,M,0.0000,0
$GPRMC,230418.00,A,3719.0167660,N,12158.5117600,W,0.0076,213.6100,101220,,,,
$GPGGA,230419.00,3719.0167720,N,12158.5117600,W,1,0,0.0,0.0000,M,0.0000,M,0.0000,0
$GPRMC,230419.00,A,3719.0167720,N,12158.5117600,W,0.0094,213.6090,101220,,,,
$GPGGA,230420.00,3719.0167720,N,12158.5117600,W,1,0,0.0,0.0000,M,0.0000,M,0.0000,0
$GPRMC,230420.00,A,3719.0167720,N,12158.5117600,W,0.0122,213.6080,101220,,,,
$GPGGA,230421.00,3719.0167720,N,12158.5117600,W,1,0,0.0,0.0000,M,0.0000,M,0.0000,0
$GPRMC,230421.00,A,3719.0167720,N,12158.5117600,W,0.0164,213.6068,101220,,,,
$GPGGA,230422.00,3719.0167780,N,12158.5117600,W,1,0,0.0,0.0000,M,0.0000,M,0.0000,0
$GPRMC,230422.00,A,3719.0167780,N,12158.5117600,W,0.0206,213.6059,101220,,,,
$GPGGA,230423.00,3719.0167840,N,12158.5117600,W,1,0,0.0,0.0000,M,0.0000,M,0.0000,0
$GPRMC,230423.00,A,3719.0167840,N,12158.5117600,W,0.0264,213.6049,101220,,,,
$GPGGA,230424.00,3719.0167900,N,12158.5117480,W,1,0,0.0,0.0000,M,0.0000,M,0.0000,0
$GPRMC,230424.00,A,3719.0167900,N,12158.5117480,W,0.0320,213.6042,101220,,,,
$GPGGA,230425.00,3719.0167960,N,12158.5117420,W,1,0,0.0,0.0000,M,0.0000,M,0.0000,0
$GPRMC,230425.00,A,3719.0167960,N,12158.5117420,W,0.0398,213.6032,101220,,,,
$GPGGA,230426.00,3719.0168080,N,12158.5117240,W,1,0,0.0,0.0000,M,0.0000,M,0.0000,0
$GPRMC,230426.00,A,3719.0168080,N,12158.5117240,W,0.0476,213.6021,101220,,,,
$GPGGA,230427.00,3719.0168140,N,12158.5117060,W,1,0,0.0,0.0000,M,0.0000,M,0.0000,0
$GPRMC,230427.00,A,3719.0168140,N,12158.5117060,W,0.1007,213.6040,101220,,,,
$GPGGA,230428.00,3719.0164780,N,12158.5119760,W,1,0,0.0,0.0000,M,0.0000,M,0.0000,0
$GPRMC,230428.00,A,3719.0164780,N,12158.5119760,W,1.7997,213.6133,101220,,,,
$GPGGA,230429.00,3719.0151580,N,12158.5130380,W,1,0,0.0,0.0000,M,0.0000,M,0.0000,0
$GPRMC,230429.00,A,3719.0151580,N,12158.5130380,W,3.7230,213.1025,101220,,,,
$GPGGA,230430.00,3719.0131060,N,12158.5143400,W,1,0,0.0,0.0000,M,0.0000,M,0.0000,0
$GPRMC,230430.00,A,3719.0131060,N,12158.5143400,W,4.9035,207.2316,101220,,,,
$GPGGA,230431.00,3719.0101120,N,12158.5153240,W,1,0,0.0,0.0000,M,0.0000,M,0.0000,0
$GPRMC,230431.00,A,3719.0101120,N,12158.5153240,W,6.7179,193.3690,101220,,,,
$GPGGA,230432.00,3719.0064160,N,12158.5147720,W,1,0,0.0,0.0000,M,0.0000,M,0.0000,0
$GPRMC,230432.00,A,3719.0064160,N,12158.5147720,W,7.1839,169.1881,101220,,,,
$GPGGA,230433.00,3719.0031940,N,12158.5120420,W,1,0,0.0,0.0000,M,0.0000,M,0.0000,0
$GPRMC,230433.00,A,3719.0031940,N,12158.5120420,W,7.8277,141.7519,101220,,,,
$GPGGA,230434.00,3719.0007340,N,12158.5072480,W,1,0,0.0,0.0000,M,0.0000,M,0.0000,0
$GPRMC,230434.00,A,3719.0007340,N,12158.5072480,W,9.4119,119.0481,101220,,,,
$GPGGA,230435.00,3718.9987780,N,12158.5007980,W,1,0,0.0,0.0000,M,0.0000,M,0.0000,0
$GPRMC,230435.00,A,3718.9987780,N,12158.5007980,W,11.0221,109.8666,101220,,,,
$GPGGA,230436.00,3718.9970200,N,12158.4932080,W,1,0,0.0,0.0000,M,0.0000,M,0.0000,0
$GPRMC,230436.00,A,3718.9970200,N,12158.4932080,W,12.3325,105.5322,101220,,,,
$GPGGA,230437.00,3718.9952860,N,12158.4847540,W,1,0,0.0,0.0000,M,0.0000,M,0.0000,0
$GPRMC,230437.00,A,3718.9952860,N,12158.4847540,W,13.5283,104.3894,101220,,,,
$GPGGA,230438.00,3718.9934440,N,12158.4754840,W,1,0,0.0,0.0000,M,0.0000,M,0.0000,0
$GPRMC,230438.00,A,3718.9934440,N,12158.4754840,W,14.7802,104.0543,101220,,,,
$GPGGA,230439.00,3718.9914580,N,12158.4653140,W,1,0,0.0,0.0000,M,0.0000,M,0.0000,0
$GPRMC,230439.00,A,3718.9914580,N,12158.4653140,W,16.1908,103.8174,101220,,,,
$GPGGA,230440.00,3718.9892620,N,12158.4542320,W,1,0,0.0,0.0000,M,0.0000,M,0.0000,0
$GPRMC,230440.00,A,3718.9892620,N,12158.4542320,W,17.5438,104.3933,101220,,,,
$GPGGA,230441.00,3718.9868380,N,12158.4423040,W,1,0,0.0,0.0000,M,0.0000,M,0.0000,0
$GPRMC,230441.00,A,3718.9868380,N,12158.4423040,W,18.7005,104.3533,101220,,,,
$GPGGA,230442.00,3718.9843300,N,12158.4298240,W,1,0,0.0,0.0000,M,0.0000,M,0.0000,0
$GPRMC,230442.00,A,3718.9843300,N,12158.4298240,W,19.2556,104.2659,101220,,,,
$GPGGA,230443.00,3718.9817860,N,12158.4170320,W,1,0,0.0,0.0000,M,0.0000,M,0.0000,0
$GPRMC,230443.00,A,3718.9817860,N,12158.4170320,W,19.7488,104.0412,101220,,,,
$GPGGA,230444.00,3718.9792840,N,12158.4038500,W,1,0,0.0,0.0000,M,0.0000,M,0.0000,0
$GPRMC,230444.00,A,3718.9792840,N,12158.4038500,W,20.3320,103.1283,101220,,,,
$GPGGA,230445.00,3718.9770340,N,12158.3901700,W,1,0,0.0,0.0000,M,0.0000,M,0.0000,0
$GPRMC,230445.00,A,3718.9770340,N,12158.3901700,W,20.9875,100.5496,101220,,,,
$GPGGA,230446.00,3718.9753660,N,12158.3759740,W,1,0,0.0,0.0000,M,0.0000,M,0.0000,0
$GPRMC,230446.00,A,3718.9753660,N,12158.3759740,W,21.5140,96.9722,101220,,,,
$GPGGA,230447.00,3718.9743220,N,12158.3611720,W,1,0,0.0,0.0000,M,0.0000,M,0.0000,0
$GPRMC,230447.00,A,3718.9743220,N,12158.3611720,W,22.4962,94.3723,101220,,,,
$GPGGA,230448.00,3718.9735000,N,12158.3456680,W,1,0,0.0,0.0000,M,0.0000,M,0.0000,0
$GPRMC,230448.00,A,3718.9735000,N,12158.3456680,W,23.3634,93.5991,101220,,,,
$GPGGA,230449.00,3718.9727800,N,12158.3296180,W,1,0,0.0,0.0000,M,0.0000,M,0.0000,0
$GPRMC,230449.00,A,3718.9727800,N,12158.3296180,W,24.1333,93.1224,101220,,,,
$GPGGA,230450.00,3718.9720420,N,12158.3133100,W,1,0,0.0,0.0000,M,0.0000,M,0.0000,0
$GPRMC,230450.00,A,3718.9720420,N,12158.3133100,W,24.0205,93.9423,101220,,,,
$GPGGA,230451.00,3718.9711120,N,12158.2972000,W,1,0,0.0,0.0000,M,0.0000,M,0.0000,0
$GPRMC,230451.00,A,3718.9711120,N,12158.2972000,W,23.6957,94.5066,101220,,,,
$GPGGA,230452.00,3718.9701760,N,12158.2813060,W,1,0,0.0,0.0000,M,0.0000,M,0.0000,0
$GPRMC,230452.00,A,3718.9701760,N,12158.2813060,W,23.4205,93.8644,101220,,,,
$GPGGA,230453.00,3718.9695640,N,12158.2655560,W,1,0,0.0,0.0000,M,0.0000,M,0.0000,0
$GPRMC,230453.00,A,3718.9695640,N,12158.2655560,W,23.2186,92.0618,101220,,,,
$GPGGA,230454.00,3718.9692940,N,12158.2498060,W,1,0,0.0,0.0000,M,0.0000,M,0.0000,0
$GPRMC,230454.00,A,3718.9692940,N,12158.2498060,W,23.4831,90.7814,101220,,,,
$GPGGA,230455.00,3718.9692400,N,12158.2336960,W,1,0,0.0,0.0000,M,0.0000,M,0.0000,0
$GPRMC,230455.00,A,3718.9692400,N,12158.2336960,W,24.1210,90.1938,101220,,,,
$GPGGA,230456.00,3718.9692520,N,12158.2171540,W,1,0,0.0,0.0000,M,0.0000,M,0.0000,0
$GPRMC,230456.00,A,3718.9692520,N,12158.2171540,W,24.7561,89.8883,101220,,,,
$GPGGA,230457.00,3718.9694380,N,12158.2001920,W,1,0,0.0,0.0000,M,0.0000,M,0.0000,0
$GPRMC,230457.00,A,3718.9694380,N,12158.2001920,W,25.4073,88.6898,101220,,,,
$GPGGA,230458.00,3718.9698880,N,12158.1829600,W,1,0,0.0,0.0000,M,0.0000,M,0.0000,0
$GPRMC,230458.00,A,3718.9698880,N,12158.1829600,W,25.4642,88.0474,101220,,,,
$GPGGA,230459.00,3718.9703740,N,12158.1657760,W,1,0,0.0,0.0000,M,0.0000,M,0.0000,0
$GPRMC,230459.00,A,3718.9703740,N,12158.1657760,W,25.3324,88.0130,101220,,,,
$GPGGA,230500.00,3718.9708540,N,12158.1486280,W,1,0,0.0,0.0000,M,0.0000,M,0.0000,0
$GPRMC,230500.00,A,3718.9708540,N,12158.1486280,W,25.4064,87.9844,101220,,,,
$GPGGA,230501.00,3718.9713940,N,12158.1313780,W,1,0,0.0,0.0000,M,0.0000,M,0.0000,0
$GPRMC,230501.00,A,3718.9713940,N,12158.1313780,W,25.6101,87.6356,101220,,,,
$GPGGA,230502.00,3718.9719700,N,12158.1139780,W,1,0,0.0,0.0000,M,0.0000,M,0.0000,0
$GPRMC,230502.00,A,3718.9719700,N,12158.1139780,W,25.8471,87.7046,101220,,,,
$GPGGA,230503.00,3718.9725040,N,12158.0964460,W,1,0,0.0,0.0000,M,0.0000,M,0.0000,0
$GPRMC,230503.00,A,3718.9725040,N,12158.0964460,W,25.9918,87.9161,101220,,,,
$GPGGA,230504.00,3718.9730560,N,12158.0788120,W,1,0,0.0,0.0000,M,0.0000,M,0.0000,0
$GPRMC,230504.00,A,3718.9730560,N,12158.0788120,W,26.1534,87.6176,101220,,,,
$GPGGA,230505.00,3718.9736740,N,12158.0610940,W,1,0,0.0,0.0000,M,0.0000,M,0.0000,0
$GPRMC,230505.00,A,3718.9736740,N,12158.0610940,W,26.1560,87.5889,101220,,,,
$GPGGA,230506.00,3718.9742440,N,12158.0435260,W,1,0,0.0,0.0000,M,0.0000,M,0.0000,0
$GPRMC,230506.00,A,3718.9742440,N,12158.0435260,W,25.7883,87.7595,101220,,,,
$GPGGA,230507.00,3718.9747840,N,12158.0262340,W,1,0,0.0,0.0000,M,0.0000,M,0.0000,0
$GPRMC,230507.00,A,3718.9747840,N,12158.0262340,W,25.3249,87.7368,101220,,,,
$GPGGA,230508.00,3718.9753060,N,12158.0092780,W,1,0,0.0,0.0000,M,0.0000,M,0.0000,0
$GPRMC,230508.00,A,3718.9753060,N,12158.0092780,W,24.8175,87.9168,101220,,,,
$GPGGA,230509.00,3718.9757980,N,12157.9926640,W,1,0,0.0,0.0000,M,0.0000,M,0.0000,0
$GPRMC,230509.00,A,3718.9757980,N,12157.9926640,W,24.3061,87.8186,101220,,,,
$GPGGA,230510.00,3718.9763140,N,12157.9763920,W,1,0,0.0,0.0000,M,0.0000,M,0.0000,0
$GPRMC,230510.00,A,3718.9763140,N,12157.9763920,W,23.8140,87.7146,101220,,,,
$GPGGA,230511.00,3718.9768180,N,12157.9604140,W,1,0,0.0,0.0000,M,0.0000,M,0.0000,0
$GPRMC,230511.00,A,3718.9768180,N,12157.9604140,W,23.4565,87.8317,101220,,,,
$GPGGA,230512.00,3718.9773160,N,12157.9446160,W,1,0,0.0,0.0000,M,0.0000,M,0.0000,0
$GPRMC,230512.00,A,3718.9773160,N,12157.9446160,W,23.2675,87.7494,101220,,,,
$GPGGA,230513.00,3718.9778080,N,12157.9289260,W,1,0,0.0,0.0000,M,0.0000,M,0.0000,0
$GPRMC,230513.00,A,3718.9778080,N,12157.9289260,W,23.1243,87.7419,101220,,,,
$GPGGA,230514.00,3718.9783300,N,12157.9133320,W,1,0,0.0,0.0000,M,0.0000,M,0.0000,0
$GPRMC,230514.00,A,3718.9783300,N,12157.9133320,W,22.9866,87.6025,101220,,,,
$GPGGA,230515.00,3718.9788340,N,12157.8978700,W,1,0,0.0,0.0000,M,0.0000,M,0.0000,0
$GPRMC,230515.00,A,3718.9788340,N,12157.8978700,W,22.7047,87.9191,101220,,,,
$GPGGA,230516.00,3718.9792480,N,12157.8826180,W,1,0,0.0,0.0000,M,0.0000,M,0.0000,0
$GPRMC,230516.00,A,3718.9792480,N,12157.8826180,W,22.3958,88.1528,101220,,,,
$GPGGA,230517.00,3718.9796560,N,12157.8675400,W,1,0,0.0,0.0000,M,0.0000,M,0.0000,0
$GPRMC,230517.00,A,3718.9796560,N,12157.8675400,W,22.2434,88.0595,101220,,,,
$GPGGA,230518.00,3718.9800100,N,12157.8524200,W,1,0,0.0,0.0000,M,0.0000,M,0.0000,0
$GPRMC,230518.00,A,3718.9800100,N,12157.8524200,W,22.4422,88.5593,101220,,,,
$GPGGA,230519.00,3718.9802500,N,12157.8371380,W,1,0,0.0,0.0000,M,0.0000,M,0.0000,0
$GPRMC,230519.00,A,3718.9802500,N,12157.8371380,W,22.7365,89.2543,101220,,,,
$GPGGA,230520.00,3718.9803040,N,12157.8216100,W,1,0,0.0,0.0000,M,0.0000,M,0.0000,0
$GPRMC,230520.00,A,3718.9803040,N,12157.8216100,W,23.1310,90.1813,101220,,,,
$GPGGA,230521.00,3718.9802080,N,12157.8057760,W,1,0,0.0,0.0000,M,0.0000,M,0.0000,0
$GPRMC,230521.00,A,3718.9802080,N,12157.8057760,W,23.6573,90.6600,101220,,,,
$GPGGA,230522.00,3718.9800040,N,12157.7895280,W,1,0,0.0,0.0000,M,0.0000,M,0.0000,0
$GPRMC,230522.00,A,3718.9800040,N,12157.7895280,W,24.3257,91.0844,101220,,,,
$GPGGA,230523.00,3718.9797580,N,12157.7729260,W,1,0,0.0,0.0000,M,0.0000,M,0.0000,0
$GPRMC,230523.00,A,3718.9797580,N,12157.7729260,W,24.5999,91.1682,101220,,,,
$GPGGA,230524.00,3718.9795000,N,12157.7563000,W,1,0,0.0,0.0000,M,0.0000,M,0.0000,0
$GPRMC,230524.00,A,3718.9795000,N,12157.7563000,W,24.5321,90.9532,101220,,,,
$GPGGA,230525.00,3718.9792960,N,12157.7397400,W,1,0,0.0,0.0000,M,0.0000,M,0.0000,0
$GPRMC,230525.00,A,3718.9792960,N,12157.7397400,W,24.4100,90.9573,101220,,,,
$GPGGA,230526.00,3718.9790560,N,12157.7232460,W,1,0,0.0,0.0000,M,0.0000,M,0.0000,0
$GPRMC,230526.00,A,3718.9790560,N,12157.7232460,W,24.3336,91.0360,101220,,,,
$GPGGA,230527.00,3718.9788220,N,12157.7067940,W,1,0,0.0,0.0000,M,0.0000,M,0.0000,0
$GPRMC,230527.00,A,3718.9788220,N,12157.7067940,W,24.2764,91.2204,101220,,,,
$GPGGA,230528.00,3718.9785460,N,12157.6903720,W,1,0,0.0,0.0000,M,0.0000,M,0.0000,0
$GPRMC,230528.00,A,3718.9785460,N,12157.6903720,W,24.2479,90.9789,101220,,,,
$GPGGA,230529.00,3718.9783540,N,12157.6739380,W,1,0,0.0,0.0000,M,0.0000,M,0.0000,0
$GPRMC,230529.00,A,3718.9783540,N,12157.6739380,W,24.3336,90.8669,101220,,,,
$GPGGA,230530.00,3718.9781500,N,12157.6574800,W,1,0,0.0,0.0000,M,0.0000,M,0.0000,0
$GPRMC,230530.00,A,3718.9781500,N,12157.6574800,W,24.2780,90.8963,101220,,,,
$GPGGA,230531.00,3718.9779340,N,12157.6410940,W,1,0,0.0,0.0000,M,0.0000,M,0.0000,0
$GPRMC,230531.00,A,3718.9779340,N,12157.6410940,W,24.1510,91.0032,101220,,,,
$GPGGA,230532.00,3718.9777060,N,12157.6248040,W,1,0,0.0,0.0000,M,0.0000,M,0.0000,0
$GPRMC,230532.00,A,3718.9777060,N,12157.6248040,W,23.9732,90.8828,101220,,,,
$GPGGA,230533.00,3718.9775440,N,12157.6086460,W,1,0,0.0,0.0000,M,0.0000,M,0.0000,0
$GPRMC,230533.00,A,3718.9775440,N,12157.6086460,W,23.8010,90.8039,101220,,,,
$GPGGA,230534.00,3718.9773400,N,12157.5925960,W,1,0,0.0,0.0000,M,0.0000,M,0.0000,0
$GPRMC,230534.00,A,3718.9773400,N,12157.5925960,W,23.6061,90.9544,101220,,,,
$GPGGA,230535.00,3718.9771420,N,12157.5767200,W,1,0,0.0,0.0000,M,0.0000,M,0.0000,0
$GPRMC,230535.00,A,3718.9771420,N,12157.5767200,W,23.3340,90.9604,101220,,,,
$GPGGA,230536.00,3718.9769380,N,12157.5609100,W,1,0,0.0,0.0000,M,0.0000,M,0.0000,0
$GPRMC,230536.00,A,3718.9769380,N,12157.5609100,W,23.4680,91.0188,101220,,,,
$GPGGA,230537.00,3718.9765780,N,12157.5448480,W,1,0,0.0,0.0000,M,0.0000,M,0.0000,0
$GPRMC,230537.00,A,3718.9765780,N,12157.5448480,W,24.0116,92.1673,101220,,,,
$GPGGA,230538.00,3718.9759540,N,12157.5282460,W,1,0,0.0,0.0000,M,0.0000,M,0.0000,0
$GPRMC,230538.00,A,3718.9759540,N,12157.5282460,W,25.1498,93.0333,101220,,,,
$GPGGA,230539.00,3718.9752880,N,12157.5108340,W,1,0,0.0,0.0000,M,0.0000,M,0.0000,0
$GPRMC,230539.00,A,3718.9752880,N,12157.5108340,W,26.3452,92.3075,101220,,,,
$GPGGA,230540.00,3718.9749820,N,12157.4927080,W,1,0,0.0,0.0000,M,0.0000,M,0.0000,0
$GPRMC,230540.00,A,3718.9749820,N,12157.4927080,W,27.1437,90.2433,101220,,,,
$GPGGA,230541.00,3718.9751500,N,12157.4741200,W,1,0,0.0,0.0000,M,0.0000,M,0.0000,0
$GPRMC,230541.00,A,3718.9751500,N,12157.4741200,W,27.7823,88.7274,101220,,,,
$GPGGA,230542.00,3718.9756240,N,12157.4551300,W,1,0,0.0,0.0000,M,0.0000,M,0.0000,0
$GPRMC,230542.00,A,3718.9756240,N,12157.4551300,W,28.3829,87.9049,101220,,,,
$GPGGA,230543.00,3718.9763080,N,12157.4357320,W,1,0,0.0,0.0000,M,0.0000,M,0.0000,0
$GPRMC,230543.00,A,3718.9763080,N,12157.4357320,W,28.9217,87.1523,101220,,,,
$GPGGA,230544.00,3718.9771780,N,12157.4162380,W,1,0,0.0,0.0000,M,0.0000,M,0.0000,0
$GPRMC,230544.00,A,3718.9771780,N,12157.4162380,W,28.7239,86.5012,101220,,,,
$GPGGA,230545.00,3718.9782640,N,12157.3969660,W,1,0,0.0,0.0000,M,0.0000,M,0.0000,0
$GPRMC,230545.00,A,3718.9782640,N,12157.3969660,W,28.3753,85.5135,101220,,,,
$GPGGA,230546.00,3718.9795540,N,12157.3779340,W,1,0,0.0,0.0000,M,0.0000,M,0.0000,0
$GPRMC,230546.00,A,3718.9795540,N,12157.3779340,W,28.0552,84.8885,101220,,,,
$GPGGA,230547.00,3718.9809460,N,12157.3591360,W,1,0,0.0,0.0000,M,0.0000,M,0.0000,0
$GPRMC,230547.00,A,3718.9809460,N,12157.3591360,W,27.7674,84.6052,101220,,,,
$GPGGA,230548.00,3718.9823620,N,12157.3405300,W,1,0,0.0,0.0000,M,0.0000,M,0.0000,0
$GPRMC,230548.00,A,3718.9823620,N,12157.3405300,W,27.4616,84.4923,101220,,,,
$GPGGA,230549.00,3718.9837000,N,12157.3221160,W,1,0,0.0,0.0000,M,0.0000,M,0.0000,0
$GPRMC,230549.00,A,3718.9837000,N,12157.3221160,W,27.1594,85.0977,101220,,,,
$GPGGA,230550.00,3718.9848520,N,12157.3039060,W,1,0,0.0,0.0000,M,0.0000,M,0.0000,0
$GPRMC,230550.00,A,3718.9848520,N,12157.3039060,W,26.7940,85.9805,101220,,,,
$GPGGA,230551.00,3718.9856560,N,12157.2859180,W,1,0,0.0,0.0000,M,0.0000,M,0.0000,0
$GPRMC,230551.00,A,3718.9856560,N,12157.2859180,W,26.4681,87.7218,101220,,,,
$GPGGA,230552.00,3718.9860640,N,12157.2679720,W,1,0,0.0,0.0000,M,0.0000,M,0.0000,0
$GPRMC,230552.00,A,3718.9860640,N,12157.2679720,W,26.6093,88.7526,101220,,,,
$GPGGA,230553.00,3718.9863580,N,12157.2499600,W,1,0,0.0,0.0000,M,0.0000,M,0.0000,0
$GPRMC,230553.00,A,3718.9863580,N,12157.2499600,W,26.5341,88.8017,101220,,,,
$GPGGA,230554.00,3718.9866460,N,12157.2320860,W,1,0,0.0,0.0000,M,0.0000,M,0.0000,0
$GPRMC,230554.00,A,3718.9866460,N,12157.2320860,W,26.2413,88.7589,101220,,,,
$GPGGA,230555.00,3718.9869580,N,12157.2144640,W,1,0,0.0,0.0000,M,0.0000,M,0.0000,0
$GPRMC,230555.00,A,3718.9869580,N,12157.2144640,W,25.8322,88.5716,101220,,,,
$GPGGA,230556.00,3718.9873120,N,12157.1971300,W,1,0,0.0,0.0000,M,0.0000,M,0.0000,0
$GPRMC,230556.00,A,3718.9873120,N,12157.1971300,W,25.3866,88.3950,101220,,,,
$GPGGA,230557.00,3718.9877080,N,12157.1801200,W,1,0,0.0,0.0000,M,0.0000,M,0.0000,0
$GPRMC,230557.00,A,3718.9877080,N,12157.1801200,W,24.9248,88.1596,101220,,,,
$GPGGA,230558.00,3718.9880680,N,12157.1633980,W,1,0,0.0,0.0000,M,0.0000,M,0.0000,0
$GPRMC,230558.00,A,3718.9880680,N,12157.1633980,W,24.4629,88.6058,101220,,,,
$GPGGA,230559.00,3718.9883320,N,12157.1471500,W,1,0,0.0,0.0000,M,0.0000,M,0.0000,0
$GPRMC,230559.00,A,3718.9883320,N,12157.1471500,W,23.3504,88.8635,101220,,,,
$GPGGA,230600.00,3718.9885600,N,12157.1320900,W,1,0,0.0,0.0000,M,0.0000,M,0.0000,0
$GPRMC,230600.00,A,3718.9885600,N,12157.1320900,W,21.0185,88.6525,101220,,,,
$GPGGA,230601.00,3718.9888300,N,12157.1188000,W,1,0,0.0,0.0000,M,0.0000,M,0.0000,0
$GPRMC,230601.00,A,3718.9888300,N,12157.1188000,W,18.3250,88.1463,101220,,,,
$GPGGA,230602.00,3718.9890700,N,12157.1073940,W,1,0,0.0,0.0000,M,0.0000,M,0.0000,0
$GPRMC,230602.00,A,3718.9890700,N,12157.1073940,W,15.2645,88.9579,101220,,,,
$GPGGA,230603.00,3718.9885960,N,12157.0981600,W,1,0,0.0,0.0000,M,0.0000,M,0.0000,0
$GPRMC,230603.00,A,3718.9885960,N,12157.0981600,W,11.9858,98.8559,101220,,,,
$GPGGA,230604.00,3718.9863160,N,12157.0913560,W,1,0,0.0,0.0000,M,0.0000,M,0.0000,0
$GPRMC,230604.00,A,3718.9863160,N,12157.0913560,W,9.7978,120.7197,101220,,,,
$GPGGA,230605.00,3718.9825480,N,12157.0873540,W,1,0,0.0,0.0000,M,0.0000,M,0.0000,0
$GPRMC,230605.00,A,3718.9825480,N,12157.0873540,W,8.2663,147.5672,101220,,,,
$GPGGA,230606.00,3718.9784080,N,12157.0858840,W,1,0,0.0,0.0000,M,0.0000,M,0.0000,0
$GPRMC,230606.00,A,3718.9784080,N,12157.0858840,W,7.4190,167.5100,101220,,,,
$GPGGA,230607.00,3718.9746280,N,12157.0848220,W,1,0,0.0,0.0000,M,0.0000,M,0.0000,0
$GPRMC,230607.00,A,3718.9746280,N,12157.0848220,W,6.9866,165.3140,101220,,,,
$GPGGA,230608.00,3718.9715500,N,12157.0825300,W,1,0,0.0,0.0000,M,0.0000,M,0.0000,0
$GPRMC,230608.00,A,3718.9715500,N,12157.0825300,W,6.5863,145.8868,101220,,,,
$GPGGA,230609.00,3718.9693420,N,12157.0792360,W,1,0,0.0,0.0000,M,0.0000,M,0.0000,0
$GPRMC,230609.00,A,3718.9693420,N,12157.0792360,W,6.4453,126.8578,101220,,,,
$GPGGA,230610.00,3718.9683580,N,12157.0753000,W,1,0,0.0,0.0000,M,0.0000,M,0.0000,0
$GPRMC,230610.00,A,3718.9683580,N,12157.0753000,W,6.0627,105.1793,101220,,,,
$GPGGA,230611.00,3718.9682380,N,12157.0711780,W,1,0,0.0,0.0000,M,0.0000,M,0.0000,0
$GPRMC,230611.00,A,3718.9682380,N,12157.0711780,W,6.4485,92.2957,101220,,,,
$GPGGA,230612.00,3718.9682020,N,12157.0665880,W,1,0,0.0,0.0000,M,0.0000,M,0.0000,0
$GPRMC,230612.00,A,3718.9682020,N,12157.0665880,W,7.1474,90.7449,101220,,,,
$GPGGA,230613.00,3718.9681960,N,12157.0616860,W,1,0,0.0,0.0000,M,0.0000,M,0.0000,0
$GPRMC,230613.00,A,3718.9681960,N,12157.0616860,W,7.2640,90.3904,101220,,,,
$GPGGA,230614.00,3718.9681660,N,12157.0568200,W,1,0,0.0,0.0000,M,0.0000,M,0.0000,0
$GPRMC,230614.00,A,3718.9681660,N,12157.0568200,W,6.9773,90.7917,101220,,,,
$GPGGA,230615.00,3718.9680880,N,12157.0523980,W,1,0,0.0,0.0000,M,0.0000,M,0.0000,0
$GPRMC,230615.00,A,3718.9680880,N,12157.0523980,W,5.9720,91.7659,101220,,,,
$GPGGA,230616.00,3718.9679680,N,12157.0488640,W,1,0,0.0,0.0000,M,0.0000,M,0.0000,0
$GPRMC,230616.00,A,3718.9679680,N,12157.0488640,W,4.4746,92.7105,101220,,,,
$GPGGA,230617.00,3718.9678780,N,12157.0463860,W,1,0,0.0,0.0000,M,0.0000,M,0.0000,0
$GPRMC,230617.00,A,3718.9678780,N,12157.0463860,W,2.8738,92.8594,101220,,,,
$GPGGA,230618.00,3718.9678300,N,12157.0448140,W,1,0,0.0,0.0000,M,0.0000,M,0.0000,0
$GPRMC,230618.00,A,3718.9678300,N,12157.0448140,W,1.8459,92.7801,101220,,,,
$GPGGA,230619.00,3718.9678000,N,12157.0439440,W,1,0,0.0,0.0000,M,0.0000,M,0.0000,0
$GPRMC,230619.00,A,3718.9678000,N,12157.0439440,W,0.6645,92.7266,101220,,,,
$GPGGA,230620.00,3718.9678000,N,12157.0438240,W,1,0,0.0,0.0000,M,0.0000,M,0.0000,0
$GPRMC,230620.00,A,3718.9678000,N,12157.0438240,W,0.0121,92.7155,101220,,,,
$GPGGA,230621.00,3718.9678060,N,12157.0438180,W,1,0,0.0,0.0000,M,0.0000,M,0.0000,0
$GPRMC,230621.00,A,3718.9678060,N,12157.0438180,W,0.0089,92.7126,101220,,,,
$GPGGA,230622.00,3718.9678120,N,12157.0438180,W,1,0,0.0,0.0000,M,0.0000,M,0.0000,0
$GPRMC,230622.00,A,3718.9678120,N,12157.0438180,W,0.0067,92.7100,101220,,,,
$GPGGA,230623.00,3718.9678120,N,12157.0438180,W,1,0,0.0,0.0000,M,0.0000,M,0.0000,0
$GPRMC,230623.00,A,3718.9678120,N,12157.0438180,W,0.0050,92.7100,101220,,,,
$GPGGA,230624.00,3718.9678120,N,12157.0438120,W,1,0,0.0,0.0000,M,0.0000,M,0.0000,0
$GPRMC,230624.00,A,3718.9678120,N,12157.0438120,W,0.0045,92.7088,101220,,,,
$GPGGA,230625.00,3718.9678120,N,12157.0438120,W,1,0,0.0,0.0000,M,0.0000,M,0.0000,0
$GPRMC,230625.00,A,3718.9678120,N,12157.0438120,W,0.0041,92.7078,101220,,,,
$GPGGA,230626.00,3718.9678120,N,12157.0438120,W,1,0,0.0,0.0000,M,0.0000,M,0.0000,0
$GPRMC,230626.00,A,3718.9678120,N,12157.0438120,W,0.0041,92.7066,101220,,,,
$GPGGA,230627.00,3718.9678120,N,12157.0438120,W,1,0,0.0,0.0000,M,0.0000,M,0.0000,0
$GPRMC,230627.00,A,3718.9678120,N,12157.0438120,W,0.0040,92.7057,101220,,,,
$GPGGA,230628.00,3718.9678120,N,12157.0438120,W,1,0,0.0,0.0000,M,0.0000,M,0.0000,0
$GPRMC,230628.00,A,3718.9678120,N,12157.0438120,W,0.0030,92.7047,101220,,,,
$GPGGA,230629.00,3718.9678120,N,12157.0438060,W,1,0,0.0,0.0000,M,0.0000,M,0.0000,0
$GPRMC,230629.00,A,3718.9678120,N,12157.0438060,W,0.0022,92.7036,101220,,,,
$GPGGA,230630.00,3718.9678120,N,12157.0438060,W,1,0,0.0,0.0000,M,0.0000,M,0.0000,0
$GPRMC,230630.00,A,3718.9678120,N,12157.0438060,W,0.0014,92.7024,101220,,,,
$GPGGA,230631.00,3718.9678120,N,12157.0438060,W,1,0,0.0,0.0000,M,0.0000,M,0.0000,0
$GPRMC,230631.00,A,3718.9678120,N,12157.0438060,W,0.0020,92.7013,101220,,,,
$GPGGA,230632.00,3718.9678120,N,12157.0438060,W,1,0,0.0,0.0000,M,0.0000,M,0.0000,0
$GPRMC,230632.00,A,3718.9678120,N,12157.0438060,W,0.0036,92.7002,101220,,,,
$GPGGA,230633.00,3718.9678120,N,12157.0438060,W,1,0,0.0,0.0000,M,0.0000,M,0.0000,0
$GPRMC,230633.00,A,3718.9678120,N,12157.0438060,W,0.0064,92.6992,101220,,,,
$GPGGA,230634.00,3718.9678120,N,12157.0437640,W,1,0,0.0,0.0000,M,0.0000,M,0.0000,0
$GPRMC,230634.00,A,3718.9678120,N,12157.0437640,W,0.3061,92.6910,101220,,,,
$GPGGA,230635.00,3718.9677940,N,12157.0431280,W,1,0,0.0,0.0000,M,0.0000,M,0.0000,0
$GPRMC,230635.00,A,3718.9677940,N,12157.0431280,W,1.7714,92.6039,101220,,,,
$GPGGA,230636.00,3718.9677160,N,12157.0411600,W,1,0,0.0,0.0000,M,0.0000,M,0.0000,0
$GPRMC,230636.00,A,3718.9677160,N,12157.0411600,W,4.0315,92.9424,101220,,,,
$GPGGA,230637.00,3718.9675720,N,12157.0377460,W,1,0,0.0,0.0000,M,0.0000,M,0.0000,0
$GPRMC,230637.00,A,3718.9675720,N,12157.0377460,W,5.7469,93.2330,101220,,,,
$GPGGA,230638.00,3718.9674040,N,12157.0336720,W,1,0,0.0,0.0000,M,0.0000,M,0.0000,0
$GPRMC,230638.00,A,3718.9674040,N,12157.0336720,W,6.3990,92.9293,101220,,,,
$GPGGA,230639.00,3718.9672540,N,12157.0289800,W,1,0,0.0,0.0000,M,0.0000,M,0.0000,0
$GPRMC,230639.00,A,3718.9672540,N,12157.0289800,W,7.4873,92.3301,101220,,,,
$GPGGA,230640.00,3718.9671460,N,12157.0237480,W,1,0,0.0,0.0000,M,0.0000,M,0.0000,0
$GPRMC,230640.00,A,3718.9671460,N,12157.0237480,W,7.7982,91.5397,101220,,,,
$GPGGA,230641.00,3718.9673200,N,12157.0185580,W,1,0,0.0,0.0000,M,0.0000,M,0.0000,0
$GPRMC,230641.00,A,3718.9673200,N,12157.0185580,W,7.6116,85.2776,101220,,,,
$GPGGA,230642.00,3718.9683820,N,12157.0138060,W,1,0,0.0,0.0000,M,0.0000,M,0.0000,0
$GPRMC,230642.00,A,3718.9683820,N,12157.0138060,W,7.2545,71.9370,101220,,,,
$GPGGA,230643.00,3718.9703980,N,12157.0098460,W,1,0,0.0,0.0000,M,0.0000,M,0.0000,0
$GPRMC,230643.00,A,3718.9703980,N,12157.0098460,W,6.9316,53.8260,101220,,,,
$GPGGA,230644.00,3718.9734160,N,12157.0074400,W,1,0,0.0,0.0000,M,0.0000,M,0.0000,0
$GPRMC,230644.00,A,3718.9734160,N,12157.0074400,W,6.6874,27.8516,101220,,,,
$GPGGA,230645.00,3718.9769680,N,12157.0069900,W,1,0,0.0,0.0000,M,0.0000,M,0.0000,0
$GPRMC,230645.00,A,3718.9769680,N,12157.0069900,W,7.0751,3.6349,101220,,,,
$GPGGA,230646.00,3718.9811620,N,12157.0071340,W,1,0,0.0,0.0000,M,0.0000,M,0.0000,0
$GPRMC,230646.00,A,3718.9811620,N,12157.0071340,W,8.7458,359.6521,101220,,,,
$GPGGA,230647.00,3718.9867300,N,12157.0072960,W,1,0,0.0,0.0000,M,0.0000,M,0.0000,0
$GPRMC,230647.00,A,3718.9867300,N,12157.0072960,W,11.7638,359.4846,101220,,,,
$GPGGA,230648.00,3718.9938220,N,12157.0074100,W,1,0,0.0,0.0000,M,0.0000,M,0.0000,0
$GPRMC,230648.00,A,3718.9938220,N,12157.0074100,W,14.3895,359.6655,101220,,,,
$GPGGA,230649.00,3719.0018020,N,12157.0074760,W,1,0,0.0,0.0000,M,0.0000,M,0.0000,0
$GPRMC,230649.00,A,3719.0018020,N,12157.0074760,W,14.8751,359.9926,101220,,,,
$GPGGA,230650.00,3719.0096980,N,12157.0075120,W,1,0,0.0,0.0000,M,0.0000,M,0.0000,0
$GPRMC,230650.00,A,3719.0096980,N,12157.0075120,W,13.8033,359.9184,101220,,,,
$GPGGA,230651.00,3719.0163580,N,12157.0075180,W,1,0,0.0,0.0000,M,0.0000,M,0.0000,0
$GPRMC,230651.00,A,3719.0163580,N,12157.0075180,W,10.7282,0.1423,101220,,,,
$GPGGA,230652.00,3719.0212420,N,12157.0075240,W,1,0,0.0,0.0000,M,0.0000,M,0.0000,0
$GPRMC,230652.00,A,3719.0212420,N,12157.0075240,W,7.3192,0.2098,101220,,,,
$GPGGA,230653.00,3719.0242900,N,12157.0075120,W,1,0,0.0,0.0000,M,0.0000,M,0.0000,0
$GPRMC,230653.00,A,3719.0242900,N,12157.0075120,W,4.1112,0.3679,101220,,,,
$GPGGA,230654.00,3719.0259220,N,12157.0075180,W,1,0,0.0,0.0000,M,0.0000,M,0.0000,0
$GPRMC,230654.00,A,3719.0259220,N,12157.0075180,W,2.2131,0.0814,101220,,,,
$GPGGA,230655.00,3719.0267140,N,12157.0075360,W,1,0,0.0,0.0000,M,0.0000,M,0.0000,0
$GPRMC,230655.00,A,3719.0267140,N,12157.0075360,W,0.6731,359.7155,101220,,,,
$GPGGA,230656.00,3719.0267860,N,12157.0075420,W,1,0,0.0,0.0000,M,0.0000,M,0.0000,0
$GPRMC,230656.00,A,3719.0267860,N,12157.0075420,W,0.0023,359.6884,101220,,,,
$GPGGA,230657.00,3719.0267860,N,12157.0075420,W,1,0,0.0,0.0000,M,0.0000,M,0.0000,0
$GPRMC,230657.00,A,3719.0267860,N,12157.0075420,W,0.0050,359.6895,101220,,,,
$GPGGA,230658.00,3719.0267860,N,12157.0075420,W,1,0,0.0,0.0000,M,0.0000,M,0.0000,0
$GPRMC,230658.00,A,3719.0267860,N,12157.0075420,W,0.0028,359.6859,101220,,,,
$GPGGA,230659.00,3719.0267860,N,12157.0075420,W,1,0,0.0,0.0000,M,0.0000,M,0.0000,0
$GPRMC,230659.00,A,3719.0267860,N,12157.0075420,W,0.0028,359.6847,101220,,,,
$GPGGA,230700.00,3719.0267800,N,12157.0075420,W,1,0,0.0,0.0000,M,0.0000,M,0.0000,0
$GPRMC,230700.00,A,3719.0267800,N,12157.0075420,W,0.0032,359.6837,101220,,,,
$GPGGA,230701.00,3719.0267800,N,12157.0075420,W,1,0,0.0,0.0000,M,0.0000,M,0.0000,0
$GPRMC,230701.00,A,3719.0267800,N,12157.0075420,W,0.0032,359.6827,101220,,,,
$GPGGA,230702.00,3719.0267740,N,12157.0075420,W,1,0,0.0,0.0000,M,0.0000,M,0.0000,0
$GPRMC,230702.00,A,3719.0267740,N,12157.0075420,W,0.0030,359.6817,101220,,,,
$GPGGA,230703.00,3719.0267740,N,12157.0075420,W,1,0,0.0,0.0000,M,0.0000,M,0.0000,0
$GPRMC,230703.00,A,3719.0267740,N,12157.0075420,W,0.0020,359.6805,101220,,,,
$GPGGA,230704.00,3719.0267680,N,12157.0075420,W,1,0,0.0,0.0000,M,0.0000,M,0.0000,0
$GPRMC,230704.00,A,3719.0267680,N,12157.0075420,W,0.0010,359.6795,101220,,,,
$GPGGA,230705.00,3719.0267680,N,12157.0075420,W,1,0,0.0,0.0000,M,0.0000,M,0.0000,0
$GPRMC,230705.00,A,3719.0267680,N,12157.0075420,W,0.0000,359.6785,101220,,,,
$GPGGA,230706.00,3719.0267680,N,12157.0075420,W,1,0,0.0,0.0000,M,0.0000,M,0.0000,0
$GPRMC,230706.00,A,3719.0267680,N,12157.0075420,W,0.0000,359.6774,101220,,,,
$GPGGA,230707.00,3719.0267680,N,12157.0075420,W,1,0,0.0,0.0000,M,0.0000,M,0.0000,0
$GPRMC,230707.00,A,3719.0267680,N,12157.0075420,W,0.0010,359.6765,101220,,,,
$GPGGA,230708.00,3719.0267680,N,12157.0075420,W,1,0,0.0,0.0000,M,0.0000,M,0.0000,0
$GPRMC,230708.00,A,3719.0267680,N,12157.0075420,W,0.0010,359.6754,101220,,,,
$GPGGA,230709.00,3719.0267680,N,12157.0075420,W,1,0,0.0,0.0000,M,0.0000,M,0.0000,0
$GPRMC,230709.00,A,3719.0267680,N,12157.0075420,W,0.0014,359.6745,101220,,,,
$GPGGA,230710.00,3719.0267680,N,12157.0075420,W,1,0,0.0,0.0000,M,0.0000,M,0.0000,0
$GPRMC,230710.00,A,3719.0267680,N,12157.0075420,W,0.0010,359.6733,101220,,,,
$GPGGA,230711.00,3719.0267680,N,12157.0075420,W,1,0,0.0,0.0000,M,0.0000,M,0.0000,0
$GPRMC,230711.00,A,3719.0267680,N,12157.0075420,W,0.0020,359.6722,101220,,,,
$GPGGA,230712.00,3719.0267680,N,12157.0075420,W,1,0,0.0,0.0000,M,0.0000,M,0.0000,0
$GPRMC,230712.00,A,3719.0267680,N,12157.0075420,W,0.0014,359.6710,101220,,,,
$GPGGA,230713.00,3719.0267680,N,12157.0075420,W,1,0,0.0,0.0000,M,0.0000,M,0.0000,0
$GPRMC,230713.00,A,3719.0267680,N,12157.0075420,W,0.0010,359.6699,101220,,,,
$GPGGA,230714.00,3719.0267680,N,12157.0075420,W,1,0,0.0,0.0000,M,0.0000,M,0.0000,0
$GPRMC,230714.00,A,3719.0267680,N,12157.0075420,W,0.0014,359.6687,101220,,,,
$GPGGA,230715.00,3719.0267680,N,12157.0075420,W,1,0,0.0,0.0000,M,0.0000,M,0.0000,0
$GPRMC,230715.00,A,3719.0267680,N,12157.0075420,W,0.0014,359.6677,101220,,,,
$GPGGA,230716.00,3719.0267680,N,12157.0075420,W,1,0,0.0,0.0000,M,0.0000,M,0.0000,0
$GPRMC,230716.00,A,3719.0267680,N,12157.0075420,W,0.0010,359.6667,101220,,,,
$GPGGA,230717.00,3719.0267680,N,12157.0075420,W,1,0,0.0,0.0000,M,0.0000,M,0.0000,0
$GPRMC,230717.00,A,3719.0267680,N,12157.0075420,W,0.0010,359.6658,101220,,,,
$GPGGA,230718.00,3719.0267680,N,12157.0075420,W,1,0,0.0,0.0000,M,0.0000,M,0.0000,0
$GPRMC,230718.00,A,3719.0267680,N,12157.0075420,W,0.0014,359.6649,101220,,,,
$GPGGA,230719.00,3719.0267680,N,12157.0075420,W,1,0,0.0,0.0000,M,0.0000,M,0.0000,0
$GPRMC,230719.00,A,3719.0267680,N,12157.0075420,W,0.0010,359.6638,101220,,,,
$GPGGA,230720.00,3719.0267680,N,12157.0075420,W,1,0,0.0,0.0000,M,0.0000,M,0.0000,0
$GPRMC,230720.00,A,3719.0267680,N,12157.0075420,W,0.0014,359.6628,101220,,,,
$GPGGA,230721.00,3719.0267680,N,12157.0075420,W,1,0,0.0,0.0000,M,0.0000,M,0.0000,0
$GPRMC,230721.00,A,3719.0267680,N,12157.0075420,W,0.0010,359.6616,101220,,,,
$GPGGA,230722.00,3719.0267680,N,12157.0075420,W,1,0,0.0,0.0000,M,0.0000,M,0.0000,0
$GPRMC,230722.00,A,3719.0267680,N,12157.0075420,W,0.0010,359.6606,101220,,,,
$GPGGA,230723.00,3719.0267680,N,12157.0075420,W,1,0,0.0,0.0000,M,0.0000,M,0.0000,0
$GPRMC,230723.00,A,3719.0267680,N,12157.0075420,W,0.0014,359.6597,101220,,,,
$GPGGA,230724.00,3719.0267680,N,12157.0075420,W,1,0,0.0,0.0000,M,0.0000,M,0.0000,0
$GPRMC,230724.00,A,3719.0267680,N,12157.0075420,W,0.0010,359.6586,101220,,,,
$GPGGA,230725.00,3719.0267680,N,12157.0075420,W,1,0,0.0,0.0000,M,0.0000,M,0.0000,0
$GPRMC,230725.00,A,3719.0267680,N,12157.0075420,W,0.0010,359.6577,101220,,,,
$GPGGA,230726.00,3719.0267680,N,12157.0075420,W,1,0,0.0,0.0000,M,0.0000,M,0.0000,0
$GPRMC,230726.00,A,3719.0267680,N,12157.0075420,W,0.0010,359.6565,101220,,,,
$GPGGA,230727.00,3719.0267680,N,12157.0075480,W,1,0,0.0,0.0000,M,0.0000,M,0.0000,0
$GPRMC,230727.00,A,3719.0267680,N,12157.0075480,W,0.0010,359.6555,101220,,,,
$GPGGA,230728.00,3719.0267680,N,12157.0075480,W,1,0,0.0,0.0000,M,0.0000,M,0.0000,0
$GPRMC,230728.00,A,3719.0267680,N,12157.0075480,W,0.0010,359.6546,101220,,,,
$GPGGA,230729.00,3719.0267680,N,12157.0075480,W,1,0,0.0,0.0000,M,0.0000,M,0.0000,0
$GPRMC,230729.00,A,3719.0267680,N,12157.0075480,W,0.0010,359.6536,101220,,,,
$GPGGA,230730.00,3719.0267680,N,12157.0075480,W,1,0,0.0,0.0000,M,0.0000,M,0.0000,0
$GPRMC,230730.00,A,3719.0267680,N,12157.0075480,W,0.0010,359.6528,101220,,,,
$GPGGA,230731.00,3719.0267680,N,12157.0075480,W,1,0,0.0,0.0000,M,0.0000,M,0.0000,0
$GPRMC,230731.00,A,3719.0267680,N,12157.0075480,W,0.0010,359.6518,101220,,,,
$GPGGA,230732.00,3719.0267680,N,12157.0075480,W,1,0,0.0,0.0000,M,0.0000,M,0.0000,0
$GPRMC,230732.00,A,3719.0267680,N,12157.0075480,W,0.0010,359.6506,101220,,,,
$GPGGA,230733.00,3719.0267680,N,12157.0075480,W,1,0,0.0,0.0000,M,0.0000,M,0.0000,0
$GPRMC,230733.00,A,3719.0267680,N,12157.0075480,W,0.0010,359.6495,101220,,,,
$GPGGA,230734.00,3719.0267680,N,12157.0075480,W,1,0,0.0,0.0000,M,0.0000,M,0.0000,0
$GPRMC,230734.00,A,3719.0267680,N,12157.0075480,W,0.0010,359.6486,101220,,,,
$GPGGA,230735.00,3719.0267680,N,12157.0075480,W,1,0,0.0,0.0000,M,0.0000,M,0.0000,0
$GPRMC,230735.00,A,3719.0267680,N,12157.0075480,W,0.0000,359.6476,101220,,,,
$GPGGA,230736.00,3719.0267680,N,12157.0075480,W,1,0,0.0,0.0000,M,0.0000,M,0.0000,0
$GPRMC,230736.00,A,3719.0267680,N,12157.0075480,W,0.0010,359.6465,101220,,,,
$GPGGA,230737.00,3719.0267680,N,12157.0075480,W,1,0,0.0,0.0000,M,0.0000,M,0.0000,0
$GPRMC,230737.00,A,3719.0267680,N,12157.0075480,W,0.0000,359.6454,101220,,,,
$GPGGA,230738.00,3719.0267680,N,12157.0075480,W,1,0,0.0,0.0000,M,0.0000,M,0.0000,0
$GPRMC,230738.00,A,3719.0267680,N,12157.0075480,W,0.0000,359.6443,101220,,,,
$GPGGA,230739.00,3719.0267680,N,12157.0075480,W,1,0,0.0,0.0000,M,0.0000,M,0.0000,0
$GPRMC,230739.00,A,3719.0267680,N,12157.0075480,W,0.0000,359.6432,101220,,,,
$GPGGA,230740.00,3719.0267680,N,12157.0075480,W,1,0,0.0,0.0000,M,0.0000,M,0.0000,0
$GPRMC,230740.00,A,3719.0267680,N,12157.0075480,W,0.0000,359.6422,101220,,,,
$GPGGA,230741.00,3719.0267680,N,12157.0075480,W,1,0,0.0,0.0000,M,0.0000,M,0.0000,0
$GPRMC,230741.00,A,3719.0267680,N,12157.0075480,W,0.0010,359.6412,101220,,,,
$GPGGA,230742.00,3719.0267680,N,12157.0075480,W,1,0,0.0,0.0000,M,0.0000,M,0.0000,0
$GPRMC,230742.00,A,3719.0267680,N,12157.0075480,W,0.0010,359.6403,101220,,,,
$GPGGA,230743.00,3719.0267680,N,12157.0075480,W,1,0,0.0,0.0000,M,0.0000,M,0.0000,0
$GPRMC,230743.00,A,3719.0267680,N,12157.0075480,W,0.0000,359.6394,101220,,,,
$GPGGA,230744.00,3719.0267680,N,12157.0075480,W,1,0,0.0,0.0000,M,0.0000,M,0.0000,0
$GPRMC,230744.00,A,3719.0267680,N,12157.0075480,W,0.0000,359.6384,101220,,,,
$GPGGA,230745.00,3719.0267680,N,12157.0075480,W,1,0,0.0,0.0000,M,0.0000,M,0.0000,0
$GPRMC,230745.00,A,3719.0267680,N,12157.0075480,W,0.0000,359.6374,101220,,,,
$GPGGA,230746.00,3719.0267680,N,12157.0075480,W,1,0,0.0,0.0000,M,0.0000,M,0.0000,0
$GPRMC,230746.00,A,3719.0267680,N,12157.0075480,W,0.0000,359.6363,101220,,,,
$GPGGA,230747.00,3719.0267680,N,12157.0075480,W,1,0,0.0,0.0000,M,0.0000,M,0.0000,0
$GPRMC,230747.00,A,3719.0267680,N,12157.0075480,W,0.0000,359.6351,101220,,,,
$GPGGA,230748.00,3719.0267680,N,12157.0075480,W,1,0,0.0,0.0000,M,0.0000,M,0.0000,0
$GPRMC,230748.00,A,3719.0267680,N,12157.0075480,W,0.0000,359.6343,101220,,,,
$GPGGA,230749.00,3719.0267680,N,12157.0075480,W,1,0,0.0,0.0000,M,0.0000,M,0.0000,0
$GPRMC,230749.00,A,3719.0267680,N,12157.0075480,W,0.0000,359.6332,101220,,,,
$GPGGA,230750.00,3719.0267680,N,12157.0075480,W,1,0,0.0,0.0000,M,0.0000,M,0.0000,0
$GPRMC,230750.00,A,3719.0267680,N,12157.0075480,W,0.0000,359.6325,101220,,,,
$GPGGA,230751.00,3719.0267680,N,12157.0075480,W,1,0,0.0,0.0000,M,0.0000,M,0.0000,0
$GPRMC,230751.00,A,3719.0267680,N,12157.0075480,W,0.0010,359.6311,101220,,,,
$GPGGA,230752.00,3719.0267680,N,12157.0075480,W,1,0,0.0,0.0000,M,0.0000,M,0.0000,0
$GPRMC,230752.00,A,3719.0267680,N,12157.0075480,W,0.0010,359.6301,101220,,,,
$GPGGA,230753.00,3719.0267680,N,12157.0075480,W,1,0,0.0,0.0000,M,0.0000,M,0.0000,0
$GPRMC,230753.00,A,3719.0267680,N,12157.0075480,W,0.0010,359.6291,101220,,,,
$GPGGA,230754.00,3719.0267680,N,12157.0075480,W,1,0,0.0,0.0000,M,0.0000,M,0.0000,0
$GPRMC,230754.00,A,3719.0267680,N,12157.0075480,W,0.0010,359.6278,101220,,,,
$GPGGA,230755.00,3719.0267680,N,12157.0075480,W,1,0,0.0,0.0000,M,0.0000,M,0.0000,0
$GPRMC,230755.00,A,3719.0267680,N,12157.0075480,W,0.0010,359.6269,101220,,,,
$GPGGA,230756.00,3719.0267680,N,12157.0075480,W,1,0,0.0,0.0000,M,0.0000,M,0.0000,0
$GPRMC,230756.00,A,3719.0267680,N,12157.0075480,W,0.0010,359.6259,101220,,,,
$GPGGA,230757.00,3719.0267680,N,12157.0075480,W,1,0,0.0,0.0000,M,0.0000,M,0.0000,0
$GPRMC,230757.00,A,3719.0267680,N,12157.0075480,W,0.0010,359.6248,101220,,,,
$GPGGA,230758.00,3719.0267680,N,12157.0075480,W,1,0,0.0,0.0000,M,0.0000,M,0.0000,0
$GPRMC,230758.00,A,3719.0267680,N,12157.0075480,W,0.0014,359.6236,101220,,,,
$GPGGA,230759.00,3719.0267680,N,12157.0075480,W,1,0,0.0,0.0000,M,0.0000,M,0.0000,0
$GPRMC,230759.00,A,3719.0267680,N,12157.0075480,W,0.0014,359.6226,101220,,,,
$GPGGA,230800.00,3719.0267680,N,12157.0075480,W,1,0,0.0,0.0000,M,0.0000,M,0.0000,0
$GPRMC,230800.00,A,3719.0267680,N,12157.0075480,W,0.0014,359.6216,101220,,,,
$GPGGA,230801.00,3719.0267680,N,12157.0075480,W,1,0,0.0,0.0000,M,0.0000,M,0.0000,0
$GPRMC,230801.00,A,3719.0267680,N,12157.0075480,W,0.0022,359.6206,101220,,,,
$GPGGA,230802.00,3719.0267680,N,12157.0075480,W,1,0,0.0,0.0000,M,0.0000,M,0.0000,0
$GPRMC,230802.00,A,3719.0267680,N,12157.0075480,W,0.0032,359.6194,101220,,,,
$GPGGA,230803.00,3719.0267680,N,12157.0075480,W,1,0,0.0,0.0000,M,0.0000,M,0.0000,0
$GPRMC,230803.00,A,3719.0267680,N,12157.0075480,W,0.0036,359.6183,101220,,,,
$GPGGA,230804.00,3719.0267680,N,12157.0075480,W,1,0,0.0,0.0000,M,0.0000,M,0.0000,0
$GPRMC,230804.00,A,3719.0267680,N,12157.0075480,W,0.0028,359.6173,101220,,,,
$GPGGA,230805.00,3719.0267680,N,12157.0075480,W,1,0,0.0,0.0000,M,0.0000,M,0.0000,0
$GPRMC,230805.00,A,3719.0267680,N,12157.0075480,W,0.0036,359.6164,101220,,,,
$GPGGA,230806.00,3719.0267680,N,12157.0075480,W,1,0,0.0,0.0000,M,0.0000,M,0.0000,0
$GPRMC,230806.00,A,3719.0267680,N,12157.0075480,W,0.0028,359.6155,101220,,,,
$GPGGA,230807.00,3719.0267680,N,12157.0075480,W,1,0,0.0,0.0000,M,0.0000,M,0.0000,0
$GPRMC,230807.00,A,3719.0267680,N,12157.0075480,W,0.0028,359.6146,101220,,,,
$GPGGA,230808.00,3719.0267680,N,12157.0075480,W,1,0,0.0,0.0000,M,0.0000,M,0.0000,0
$GPRMC,230808.00,A,3719.0267680,N,12157.0075480,W,0.0032,359.6136,101220,,,,
$GPGGA,230809.00,3719.0267680,N,12157.0075480,W,1,0,0.0,0.0000,M,0.0000,M,0.0000,0
$GPRMC,230809.00,A,3719.0267680,N,12157.0075480,W,0.0032,359.6125,101220,,,,
$GPGGA,230810.00,3719.0267680,N,12157.0075480,W,1,0,0.0,0.0000,M,0.0000,M,0.0000,0
$GPRMC,230810.00,A,3719.0267680,N,12157.0075480,W,0.0030,359.6115,101220,,,,
$GPGGA,230811.00,3719.0267680,N,12157.0075480,W,1,0,0.0,0.0000,M,0.0000,M,0.0000,0
$GPRMC,230811.00,A,3719.0267680,N,12157.0075480,W,0.0022,359.6104,101220,,,,
$GPGGA,230812.00,3719.0267680,N,12157.0075480,W,1,0,0.0,0.0000,M,0.0000,M,0.0000,0
$GPRMC,230812.00,A,3719.0267680,N,12157.0075480,W,0.0041,359.6097,101220,,,,
$GPGGA,230813.00,3719.0267680,N,12157.0075480,W,1,0,0.0,0.0000,M,0.0000,M,0.0000,0
$GPRMC,230813.00,A,3719.0267680,N,12157.0075480,W,0.0060,359.6086,101220,,,,
$GPGGA,230814.00,3719.0267620,N,12157.0075480,W,1,0,0.0,0.0000,M,0.0000,M,0.0000,0
$GPRMC,230814.00,A,3719.0267620,N,12157.0075480,W,0.0100,359.6075,101220,,,,
$GPGGA,230815.00,3719.0267620,N,12157.0075420,W,1,0,0.0,0.0000,M,0.0000,M,0.0000,0
$GPRMC,230815.00,A,3719.0267620,N,12157.0075420,W,0.0143,359.6063,101220,,,,
$GPGGA,230816.00,3719.0267620,N,12157.0075420,W,1,0,0.0,0.0000,M,0.0000,M,0.0000,0
$GPRMC,230816.00,A,3719.0267620,N,12157.0075420,W,0.0199,359.6052,101220,,,,
$GPGGA,230817.00,3719.0267620,N,12157.0075420,W,1,0,0.0,0.0000,M,0.0000,M,0.0000,0
$GPRMC,230817.00,A,3719.0267620,N,12157.0075420,W,0.0266,359.6045,101220,,,,
$GPGGA,230818.00,3719.0267560,N,12157.0075420,W,1,0,0.0,0.0000,M,0.0000,M,0.0000,0
$GPRMC,230818.00,A,3719.0267560,N,12157.0075420,W,0.0342,359.6033,101220,,,,
$GPGGA,230819.00,3719.0267560,N,12157.0075480,W,1,0,0.0,0.0000,M,0.0000,M,0.0000,0
$GPRMC,230819.00,A,3719.0267560,N,12157.0075480,W,0.0431,359.6024,101220,,,,
$GPGGA,230820.00,3719.0267500,N,12157.0075540,W,1,0,0.0,0.0000,M,0.0000,M,0.0000,0
$GPRMC,230820.00,A,3719.0267500,N,12157.0075540,W,0.2159,359.5975,101220,,,,
$GPGGA,230821.00,3719.0272600,N,12157.0075960,W,1,0,0.0,0.0000,M,0.0000,M,0.0000,0
$GPRMC,230821.00,A,3719.0272600,N,12157.0075960,W,2.0733,358.9999,101220,,,,
$GPGGA,230822.00,3719.0289520,N,12157.0078720,W,1,0,0.0,0.0000,M,0.0000,M,0.0000,0
$GPRMC,230822.00,A,3719.0289520,N,12157.0078720,W,4.2155,354.3585,101220,,,,
$GPGGA,230823.00,3719.0315140,N,12157.0088860,W,1,0,0.0,0.0000,M,0.0000,M,0.0000,0
$GPRMC,230823.00,A,3719.0315140,N,12157.0088860,W,5.9032,341.0871,101220,,,,
$GPGGA,230824.00,3719.0340520,N,12157.0118800,W,1,0,0.0,0.0000,M,0.0000,M,0.0000,0
$GPRMC,230824.00,A,3719.0340520,N,12157.0118800,W,7.2724,313.5234,101220,,,,
$GPGGA,230825.00,3719.0356840,N,12157.0167400,W,1,0,0.0,0.0000,M,0.0000,M,0.0000,0
$GPRMC,230825.00,A,3719.0356840,N,12157.0167400,W,8.8104,288.7369,101220,,,,
$GPGGA,230826.00,3719.0360740,N,12157.0233220,W,1,0,0.0,0.0000,M,0.0000,M,0.0000,0
$GPRMC,230826.00,A,3719.0360740,N,12157.0233220,W,11.0020,270.2342,101220,,,,
$GPGGA,230827.00,3719.0355220,N,12157.0314100,W,1,0,0.0,0.0000,M,0.0000,M,0.0000,0
$GPRMC,230827.00,A,3719.0355220,N,12157.0314100,W,12.9430,264.7542,101220,,,,
$GPGGA,230828.00,3719.0347120,N,12157.0410160,W,1,0,0.0,0.0000,M,0.0000,M,0.0000,0
$GPRMC,230828.00,A,3719.0347120,N,12157.0410160,W,15.9375,264.2469,101220,,,,
$GPGGA,230829.00,3719.0337340,N,12157.0528600,W,1,0,0.0,0.0000,M,0.0000,M,0.0000,0
$GPRMC,230829.00,A,3719.0337340,N,12157.0528600,W,19.1190,264.4896,101220,,,,
$GPGGA,230830.00,3719.0326300,N,12157.0665400,W,1,0,0.0,0.0000,M,0.0000,M,0.0000,0
$GPRMC,230830.00,A,3719.0326300,N,12157.0665400,W,21.4951,264.4774,101220,,,,
$GPGGA,230831.00,3719.0314180,N,12157.0817980,W,1,0,0.0,0.0000,M,0.0000,M,0.0000,0
$GPRMC,230831.00,A,3719.0314180,N,12157.0817980,W,23.7900,264.3772,101220,,,,
$GPGGA,230832.00,3719.0300020,N,12157.0985680,W,1,0,0.0,0.0000,M,0.0000,M,0.0000,0
$GPRMC,230832.00,A,3719.0300020,N,12157.0985680,W,26.0650,263.5554,101220,,,,
$GPGGA,230833.00,3719.0281720,N,12157.1167900,W,1,0,0.0,0.0000,M,0.0000,M,0.0000,0
$GPRMC,230833.00,A,3719.0281720,N,12157.1167900,W,28.0836,262.5292,101220,,,,
$GPGGA,230834.00,3719.0260540,N,12157.1361040,W,1,0,0.0,0.0000,M,0.0000,M,0.0000,0
$GPRMC,230834.00,A,3719.0260540,N,12157.1361040,W,29.2173,262.1804,101220,,,,
$GPGGA,230835.00,3719.0238640,N,12157.1558020,W,1,0,0.0,0.0000,M,0.0000,M,0.0000,0
$GPRMC,230835.00,A,3719.0238640,N,12157.1558020,W,29.5751,262.1381,101220,,,,
$GPGGA,230836.00,3719.0217040,N,12157.1756020,W,1,0,0.0,0.0000,M,0.0000,M,0.0000,0
$GPRMC,230836.00,A,3719.0217040,N,12157.1756020,W,29.3460,262.3276,101220,,,,
$GPGGA,230837.00,3719.0194780,N,12157.1951680,W,1,0,0.0,0.0000,M,0.0000,M,0.0000,0
$GPRMC,230837.00,A,3719.0194780,N,12157.1951680,W,29.0565,261.8039,101220,,,,
$GPGGA,230838.00,3719.0172400,N,12157.2145180,W,1,0,0.0,0.0000,M,0.0000,M,0.0000,0
$GPRMC,230838.00,A,3719.0172400,N,12157.2145180,W,28.7037,261.7310,101220,,,,
$GPGGA,230839.00,3719.0150260,N,12157.2336400,W,1,0,0.0,0.0000,M,0.0000,M,0.0000,0
$GPRMC,230839.00,A,3719.0150260,N,12157.2336400,W,28.3511,261.8011,101220,,,,
$GPGGA,230840.00,3719.0128480,N,12157.2524800,W,1,0,0.0,0.0000,M,0.0000,M,0.0000,0
$GPRMC,230840.00,A,3719.0128480,N,12157.2524800,W,27.9028,261.9340,101220,,,,
$GPGGA,230841.00,3719.0107420,N,12157.2710320,W,1,0,0.0,0.0000,M,0.0000,M,0.0000,0
$GPRMC,230841.00,A,3719.0107420,N,12157.2710320,W,27.4740,262.1185,101220,,,,
$GPGGA,230842.00,3719.0087500,N,12157.2893200,W,1,0,0.0,0.0000,M,0.0000,M,0.0000,0
$GPRMC,230842.00,A,3719.0087500,N,12157.2893200,W,27.0618,262.2584,101220,,,,
$GPGGA,230843.00,3719.0067520,N,12157.3073320,W,1,0,0.0,0.0000,M,0.0000,M,0.0000,0
$GPRMC,230843.00,A,3719.0067520,N,12157.3073320,W,26.6820,262.0148,101220,,,,
$GPGGA,230844.00,3719.0047060,N,12157.3250800,W,1,0,0.0,0.0000,M,0.0000,M,0.0000,0
$GPRMC,230844.00,A,3719.0047060,N,12157.3250800,W,26.3121,261.3310,101220,,,,
$GPGGA,230845.00,3719.0025700,N,12157.3425760,W,1,0,0.0,0.0000,M,0.0000,M,0.0000,0
$GPRMC,230845.00,A,3719.0025700,N,12157.3425760,W,25.9599,261.4863,101220,,,,
$GPGGA,230846.00,3719.0006320,N,12157.3598980,W,1,0,0.0,0.0000,M,0.0000,M,0.0000,0
$GPRMC,230846.00,A,3719.0006320,N,12157.3598980,W,25.7947,262.7793,101220,,,,
$GPGGA,230847.00,3718.9989760,N,12157.3772680,W,1,0,0.0,0.0000,M,0.0000,M,0.0000,0
$GPRMC,230847.00,A,3718.9989760,N,12157.3772680,W,25.8628,263.2935,101220,,,,
$GPGGA,230848.00,3718.9972180,N,12157.3946560,W,1,0,0.0,0.0000,M,0.0000,M,0.0000,0
$GPRMC,230848.00,A,3718.9972180,N,12157.3946560,W,26.1207,262.4961,101220,,,,
$GPGGA,230849.00,3718.9953760,N,12157.4124520,W,1,0,0.0,0.0000,M,0.0000,M,0.0000,0
$GPRMC,230849.00,A,3718.9953760,N,12157.4124520,W,26.8930,263.0018,101220,,,,
$GPGGA,230850.00,3718.9939060,N,12157.4308360,W,1,0,0.0,0.0000,M,0.0000,M,0.0000,0
$GPRMC,230850.00,A,3718.9939060,N,12157.4308360,W,27.6381,265.5450,101220,,,,
$GPGGA,230851.00,3718.9929820,N,12157.4496220,W,1,0,0.0,0.0000,M,0.0000,M,0.0000,0
$GPRMC,230851.00,A,3718.9929820,N,12157.4496220,W,27.8819,267.2894,101220,,,,
$GPGGA,230852.00,3718.9923820,N,12157.4685460,W,1,0,0.0,0.0000,M,0.0000,M,0.0000,0
$GPRMC,230852.00,A,3718.9923820,N,12157.4685460,W,28.1138,268.1137,101220,,,,
$GPGGA,230853.00,3718.9919500,N,12157.4877520,W,1,0,0.0,0.0000,M,0.0000,M,0.0000,0
$GPRMC,230853.00,A,3718.9919500,N,12157.4877520,W,28.6639,268.7189,101220,,,,
$GPGGA,230854.00,3718.9916920,N,12157.5073000,W,1,0,0.0,0.0000,M,0.0000,M,0.0000,0
$GPRMC,230854.00,A,3718.9916920,N,12157.5073000,W,29.0287,269.4359,101220,,,,
$GPGGA,230855.00,3718.9916380,N,12157.5270580,W,1,0,0.0,0.0000,M,0.0000,M,0.0000,0
$GPRMC,230855.00,A,3718.9916380,N,12157.5270580,W,29.3501,270.2401,101220,,,,
$GPGGA,230856.00,3718.9918180,N,12157.5470320,W,1,0,0.0,0.0000,M,0.0000,M,0.0000,0
$GPRMC,230856.00,A,3718.9918180,N,12157.5470320,W,29.6673,270.9956,101220,,,,
$GPGGA,230857.00,3718.9921420,N,12157.5672280,W,1,0,0.0,0.0000,M,0.0000,M,0.0000,0
$GPRMC,230857.00,A,3718.9921420,N,12157.5672280,W,30.0100,271.2091,101220,,,,
$GPGGA,230858.00,3718.9925080,N,12157.5876400,W,1,0,0.0,0.0000,M,0.0000,M,0.0000,0
$GPRMC,230858.00,A,3718.9925080,N,12157.5876400,W,30.3274,271.2412,101220,,,,
$GPGGA,230859.00,3718.9928380,N,12157.6082620,W,1,0,0.0,0.0000,M,0.0000,M,0.0000,0
$GPRMC,230859.00,A,3718.9928380,N,12157.6082620,W,30.5802,271.0870,101220,,,,
$GPGGA,230900.00,3718.9931860,N,12157.6290100,W,1,0,0.0,0.0000,M,0.0000,M,0.0000,0
$GPRMC,230900.00,A,3718.9931860,N,12157.6290100,W,30.7454,271.2214,101220,,,,
$GPGGA,230901.00,3718.9935400,N,12157.6498720,W,1,0,0.0,0.0000,M,0.0000,M,0.0000,0
$GPRMC,230901.00,A,3718.9935400,N,12157.6498720,W,30.8785,270.9984,101220,,,,
$GPGGA,230902.00,3718.9937800,N,12157.6707580,W,1,0,0.0,0.0000,M,0.0000,M,0.0000,0
$GPRMC,230902.00,A,3718.9937800,N,12157.6707580,W,30.7746,270.7770,101220,,,,
$GPGGA,230903.00,3718.9940380,N,12157.6914160,W,1,0,0.0,0.0000,M,0.0000,M,0.0000,0
$GPRMC,230903.00,A,3718.9940380,N,12157.6914160,W,30.2332,270.9642,101220,,,,
$GPGGA,230904.00,3718.9943440,N,12157.7116960,W,1,0,0.0,0.0000,M,0.0000,M,0.0000,0
$GPRMC,230904.00,A,3718.9943440,N,12157.7116960,W,29.7200,271.2515,101220,,,,
$GPGGA,230905.00,3718.9946920,N,12157.7317360,W,1,0,0.0,0.0000,M,0.0000,M,0.0000,0
$GPRMC,230905.00,A,3718.9946920,N,12157.7317360,W,29.5521,271.1558,101220,,,,
$GPGGA,230906.00,3718.9949800,N,12157.7517160,W,1,0,0.0,0.0000,M,0.0000,M,0.0000,0
$GPRMC,230906.00,A,3718.9949800,N,12157.7517160,W,29.5051,270.9658,101220,,,,
$GPGGA,230907.00,3718.9952080,N,12157.7716720,W,1,0,0.0,0.0000,M,0.0000,M,0.0000,0
$GPRMC,230907.00,A,3718.9952080,N,12157.7716720,W,29.4612,270.6945,101220,,,,
$GPGGA,230908.00,3718.9954120,N,12157.7916220,W,1,0,0.0,0.0000,M,0.0000,M,0.0000,0
$GPRMC,230908.00,A,3718.9954120,N,12157.7916220,W,29.5069,270.7106,101220,,,,
$GPGGA,230909.00,3718.9955680,N,12157.8114940,W,1,0,0.0,0.0000,M,0.0000,M,0.0000,0
$GPRMC,230909.00,A,3718.9955680,N,12157.8114940,W,29.1660,270.4211,101220,,,,
$GPGGA,230910.00,3718.9956520,N,12157.8310960,W,1,0,0.0,0.0000,M,0.0000,M,0.0000,0
$GPRMC,230910.00,A,3718.9956520,N,12157.8310960,W,28.7713,270.2130,101220,,,,
$GPGGA,230911.00,3718.9957180,N,12157.8504580,W,1,0,0.0,0.0000,M,0.0000,M,0.0000,0
$GPRMC,230911.00,A,3718.9957180,N,12157.8504580,W,28.4469,270.6668,101220,,,,
$GPGGA,230912.00,3718.9959280,N,12157.8696100,W,1,0,0.0,0.0000,M,0.0000,M,0.0000,0
$GPRMC,230912.00,A,3718.9959280,N,12157.8696100,W,28.1462,270.8558,101220,,,,
$GPGGA,230913.00,3718.9960360,N,12157.8885700,W,1,0,0.0,0.0000,M,0.0000,M,0.0000,0
$GPRMC,230913.00,A,3718.9960360,N,12157.8885700,W,27.8860,269.9099,101220,,,,
$GPGGA,230914.00,3718.9958620,N,12157.9073560,W,1,0,0.0,0.0000,M,0.0000,M,0.0000,0
$GPRMC,230914.00,A,3718.9958620,N,12157.9073560,W,27.6885,269.0711,101220,,,,
$GPGGA,230915.00,3718.9956640,N,12157.9260820,W,1,0,0.0,0.0000,M,0.0000,M,0.0000,0
$GPRMC,230915.00,A,3718.9956640,N,12157.9260820,W,27.6447,269.6620,101220,,,,
$GPGGA,230916.00,3718.9956520,N,12157.9447720,W,1,0,0.0,0.0000,M,0.0000,M,0.0000,0
$GPRMC,230916.00,A,3718.9956520,N,12157.9447720,W,27.5521,269.9907,101220,,,,
$GPGGA,230917.00,3718.9956220,N,12157.9633960,W,1,0,0.0,0.0000,M,0.0000,M,0.0000,0
$GPRMC,230917.00,A,3718.9956220,N,12157.9633960,W,27.4854,269.5981,101220,,,,
$GPGGA,230918.00,3718.9953700,N,12157.9819720,W,1,0,0.0,0.0000,M,0.0000,M,0.0000,0
$GPRMC,230918.00,A,3718.9953700,N,12157.9819720,W,27.4172,268.4982,101220,,,,
$GPGGA,230919.00,3718.9949140,N,12158.0004940,W,1,0,0.0,0.0000,M,0.0000,M,0.0000,0
$GPRMC,230919.00,A,3718.9949140,N,12158.0004940,W,27.3536,267.9122,101220,,,,
$GPGGA,230920.00,3718.9943380,N,12158.0189680,W,1,0,0.0,0.0000,M,0.0000,M,0.0000,0
$GPRMC,230920.00,A,3718.9943380,N,12158.0189680,W,27.2756,267.5909,101220,,,,
$GPGGA,230921.00,3718.9937200,N,12158.0373820,W,1,0,0.0,0.0000,M,0.0000,M,0.0000,0
$GPRMC,230921.00,A,3718.9937200,N,12158.0373820,W,27.1659,267.5404,101220,,,,
$GPGGA,230922.00,3718.9930960,N,12158.0556940,W,1,0,0.0,0.0000,M,0.0000,M,0.0000,0
$GPRMC,230922.00,A,3718.9930960,N,12158.0556940,W,26.9984,267.4997,101220,,,,
$GPGGA,230923.00,3718.9924720,N,12158.0738740,W,1,0,0.0,0.0000,M,0.0000,M,0.0000,0
$GPRMC,230923.00,A,3718.9924720,N,12158.0738740,W,26.7696,267.4498,101220,,,,
$GPGGA,230924.00,3718.9918360,N,12158.0918980,W,1,0,0.0,0.0000,M,0.0000,M,0.0000,0
$GPRMC,230924.00,A,3718.9918360,N,12158.0918980,W,26.4803,267.6407,101220,,,,
$GPGGA,230925.00,3718.9913620,N,12158.1097060,W,1,0,0.0,0.0000,M,0.0000,M,0.0000,0
$GPRMC,230925.00,A,3718.9913620,N,12158.1097060,W,26.1367,268.7982,101220,,,,
$GPGGA,230926.00,3718.9914700,N,12158.1272920,W,1,0,0.0,0.0000,M,0.0000,M,0.0000,0
$GPRMC,230926.00,A,3718.9914700,N,12158.1272920,W,25.7631,272.1323,101220,,,,
$GPGGA,230927.00,3718.9921540,N,12158.1446080,W,1,0,0.0,0.0000,M,0.0000,M,0.0000,0
$GPRMC,230927.00,A,3718.9921540,N,12158.1446080,W,25.4361,273.1973,101220,,,,
$GPGGA,230928.00,3718.9930300,N,12158.1616900,W,1,0,0.0,0.0000,M,0.0000,M,0.0000,0
$GPRMC,230928.00,A,3718.9930300,N,12158.1616900,W,25.1181,273.8222,101220,,,,
$GPGGA,230929.00,3718.9939480,N,12158.1785380,W,1,0,0.0,0.0000,M,0.0000,M,0.0000,0
$GPRMC,230929.00,A,3718.9939480,N,12158.1785380,W,24.7805,273.5395,101220,,,,
$GPGGA,230930.00,3718.9946860,N,12158.1951820,W,1,0,0.0,0.0000,M,0.0000,M,0.0000,0
$GPRMC,230930.00,A,3718.9946860,N,12158.1951820,W,24.4909,272.5008,101220,,,,
$GPGGA,230931.00,3718.9951960,N,12158.2116280,W,1,0,0.0,0.0000,M,0.0000,M,0.0000,0
$GPRMC,230931.00,A,3718.9951960,N,12158.2116280,W,24.1500,271.7702,101220,,,,
$GPGGA,230932.00,3718.9956220,N,12158.2278700,W,1,0,0.0,0.0000,M,0.0000,M,0.0000,0
$GPRMC,230932.00,A,3718.9956220,N,12158.2278700,W,23.8776,271.9647,101220,,,,
$GPGGA,230933.00,3718.9961980,N,12158.2439740,W,1,0,0.0,0.0000,M,0.0000,M,0.0000,0
$GPRMC,230933.00,A,3718.9961980,N,12158.2439740,W,23.7651,272.8925,101220,,,,
$GPGGA,230934.00,3718.9970440,N,12158.2600540,W,1,0,0.0,0.0000,M,0.0000,M,0.0000,0
$GPRMC,230934.00,A,3718.9970440,N,12158.2600540,W,23.9379,274.4250,101220,,,,
$GPGGA,230935.00,3718.9983220,N,12158.2762900,W,1,0,0.0,0.0000,M,0.0000,M,0.0000,0
$GPRMC,230935.00,A,3718.9983220,N,12158.2762900,W,24.2696,276.3929,101220,,,,
$GPGGA,230936.00,3719.0000740,N,12158.2927480,W,1,0,0.0,0.0000,M,0.0000,M,0.0000,0
$GPRMC,230936.00,A,3719.0000740,N,12158.2927480,W,24.8287,278.1084,101220,,,,
$GPGGA,230937.00,3719.0022280,N,12158.3093260,W,1,0,0.0,0.0000,M,0.0000,M,0.0000,0
$GPRMC,230937.00,A,3719.0022280,N,12158.3093260,W,24.7228,280.2691,101220,,,,
$GPGGA,230938.00,3719.0049040,N,12158.3256640,W,1,0,0.0,0.0000,M,0.0000,M,0.0000,0
$GPRMC,230938.00,A,3719.0049040,N,12158.3256640,W,24.5139,282.7100,101220,,,,
$GPGGA,230939.00,3719.0084020,N,12158.3416780,W,1,0,0.0,0.0000,M,0.0000,M,0.0000,0
$GPRMC,230939.00,A,3719.0084020,N,12158.3416780,W,24.6174,287.4028,101220,,,,
$GPGGA,230940.00,3719.0130340,N,12158.3575840,W,1,0,0.0,0.0000,M,0.0000,M,0.0000,0
$GPRMC,230940.00,A,3719.0130340,N,12158.3575840,W,25.3624,292.2169,101220,,,,
$GPGGA,230941.00,3719.0188240,N,12158.3735380,W,1,0,0.0,0.0000,M,0.0000,M,0.0000,0
$GPRMC,230941.00,A,3719.0188240,N,12158.3735380,W,26.3101,295.6825,101220,,,,
$GPGGA,230942.00,3719.0251660,N,12158.3894320,W,1,0,0.0,0.0000,M,0.0000,M,0.0000,0
$GPRMC,230942.00,A,3719.0251660,N,12158.3894320,W,26.0270,296.7874,101220,,,,
$GPGGA,230943.00,3719.0314420,N,12158.4049720,W,1,0,0.0,0.0000,M,0.0000,M,0.0000,0
$GPRMC,230943.00,A,3719.0314420,N,12158.4049720,W,25.3181,296.7632,101220,,,,
$GPGGA,230944.00,3719.0374480,N,12158.4197200,W,1,0,0.0,0.0000,M,0.0000,M,0.0000,0
$GPRMC,230944.00,A,3719.0374480,N,12158.4197200,W,23.1076,296.9420,101220,,,,
$GPGGA,230945.00,3719.0423020,N,12158.4317320,W,1,0,0.0,0.0000,M,0.0000,M,0.0000,0
$GPRMC,230945.00,A,3719.0423020,N,12158.4317320,W,16.7517,296.2965,101220,,,,
$GPGGA,230946.00,3719.0456140,N,12158.4399640,W,1,0,0.0,0.0000,M,0.0000,M,0.0000,0
$GPRMC,230946.00,A,3719.0456140,N,12158.4399640,W,10.7095,296.9754,101220,,,,
$GPGGA,230947.00,3719.0478940,N,12158.4452680,W,1,0,0.0,0.0000,M,0.0000,M,0.0000,0
$GPRMC,230947.00,A,3719.0478940,N,12158.4452680,W,7.8084,298.9869,101220,,,,
$GPGGA,230948.00,3719.0502280,N,12158.4495160,W,1,0,0.0,0.0000,M,0.0000,M,0.0000,0
$GPRMC,230948.00,A,3719.0502280,N,12158.4495160,W,7.3162,305.2524,101220,,,,
$GPGGA,230949.00,3719.0530060,N,12158.4529840,W,1,0,0.0,0.0000,M,0.0000,M,0.0000,0
$GPRMC,230949.00,A,3719.0530060,N,12158.4529840,W,6.9558,316.6357,101220,,,,
$GPGGA,230950.00,3719.0561920,N,12158.4555280,W,1,0,0.0,0.0000,M,0.0000,M,0.0000,0
$GPRMC,230950.00,A,3719.0561920,N,12158.4555280,W,6.7565,329.2586,101220,,,,
$GPGGA,230951.00,3719.0599180,N,12158.4567700,W,1,0,0.0,0.0000,M,0.0000,M,0.0000,0
$GPRMC,230951.00,A,3719.0599180,N,12158.4567700,W,7.1818,347.0579,101220,,,,
$GPGGA,230952.00,3719.0639860,N,12158.4572680,W,1,0,0.0,0.0000,M,0.0000,M,0.0000,0
$GPRMC,230952.00,A,3719.0639860,N,12158.4572680,W,7.7132,354.1034,101220,,,,
$GPGGA,230953.00,3719.0682640,N,12158.4574960,W,1,0,0.0,0.0000,M,0.0000,M,0.0000,0
$GPRMC,230953.00,A,3719.0682640,N,12158.4574960,W,8.0047,357.6097,101220,,,,
$GPGGA,230954.00,3719.0727220,N,12158.4573880,W,1,0,0.0,0.0000,M,0.0000,M,0.0000,0
$GPRMC,230954.00,A,3719.0727220,N,12158.4573880,W,8.4486,2.0994,101220,,,,
$GPGGA,230955.00,3719.0773720,N,12158.4566140,W,1,0,0.0,0.0000,M,0.0000,M,0.0000,0
$GPRMC,230955.00,A,3719.0773720,N,12158.4566140,W,8.6247,8.9509,101220,,,,
$GPGGA,230956.00,3719.0818360,N,12158.4549160,W,1,0,0.0,0.0000,M,0.0000,M,0.0000,0
$GPRMC,230956.00,A,3719.0818360,N,12158.4549160,W,8.3192,19.0736,101220,,,,
$GPGGA,230957.00,3719.0856580,N,12158.4523360,W,1,0,0.0,0.0000,M,0.0000,M,0.0000,0
$GPRMC,230957.00,A,3719.0856580,N,12158.4523360,W,7.4203,30.1323,101220,,,,
$GPGGA,230958.00,3719.0885980,N,12158.4498160,W,1,0,0.0,0.0000,M,0.0000,M,0.0000,0
$GPRMC,230958.00,A,3719.0885980,N,12158.4498160,W,5.6053,33.9711,101220,,,,
$GPGGA,230959.00,3719.0906980,N,12158.4480040,W,1,0,0.0,0.0000,M,0.0000,M,0.0000,0
$GPRMC,230959.00,A,3719.0906980,N,12158.4480040,W,3.9948,34.2343,101220,,,,
$GPGGA,231000.00,3719.0921560,N,12158.4467560,W,1,0,0.0,0.0000,M,0.0000,M,0.0000,0
$GPRMC,231000.00,A,3719.0921560,N,12158.4467560,W,2.5491,34.0458,101220,,,,
$GPGGA,231001.00,3719.0930020,N,12158.4460420,W,1,0,0.0,0.0000,M,0.0000,M,0.0000,0
$GPRMC,231001.00,A,3719.0930020,N,12158.4460420,W,1.2557,33.8652,101220,,,,
$GPGGA,231002.00,3719.0932600,N,12158.4458200,W,1,0,0.0,0.0000,M,0.0000,M,0.0000,0
$GPRMC,231002.00,A,3719.0932600,N,12158.4458200,W,0.0471,33.8579,101220,,,,
$GPGGA,231003.00,3719.0932600,N,12158.4458140,W,1,0,0.0,0.0000,M,0.0000,M,0.0000,0
$GPRMC,231003.00,A,3719.0932600,N,12158.4458140,W,0.0175,33.8595,101220,,,,
$GPGGA,231004.00,3719.0932600,N,12158.4458140,W,1,0,0.0,0.0000,M,0.0000,M,0.0000,0
$GPRMC,231004.00,A,3719.0932600,N,12158.4458140,W,0.0146,33.8568,101220,,,,
$GPGGA,231005.00,3719.0932600,N,12158.4458140,W,1,0,0.0,0.0000,M,0.0000,M,0.0000,0
$GPRMC,231005.00,A,3719.0932600,N,12158.4458140,W,0.0126,33.8558,101220,,,,
$GPGGA,231006.00,3719.0932600,N,12158.4458140,W,1,0,0.0,0.0000,M,0.0000,M,0.0000,0
$GPRMC,231006.00,A,3719.0932600,N,12158.4458140,W,0.0102,33.8548,101220,,,,
$GPGGA,231007.00,3719.0932600,N,12158.4458140,W,1,0,0.0,0.0000,M,0.0000,M,0.0000,0
$GPRMC,231007.00,A,3719.0932600,N,12158.4458140,W,0.0082,33.8535,101220,,,,
$GPGGA,231008.00,3719.0932600,N,12158.4458140,W,1,0,0.0,0.0000,M,0.0000,M,0.0000,0
$GPRMC,231008.00,A,3719.0932600,N,12158.4458140,W,0.0081,33.8527,101220,,,,
$GPGGA,231009.00,3719.0932600,N,12158.4458140,W,1,0,0.0,0.0000,M,0.0000,M,0.0000,0
$GPRMC,231009.00,A,3719.0932600,N,12158.4458140,W,0.0082,33.8512,101220,,,,
$GPGGA,231010.00,3719.0932600,N,12158.4458140,W,1,0,0.0,0.0000,M,0.0000,M,0.0000,0
$GPRMC,231010.00,A,3719.0932600,N,12158.4458140,W,0.0061,33.8502,101220,,,,
$GPGGA,231011.00,3719.0932600,N,12158.4458140,W,1,0,0.0,0.0000,M,0.0000,M,0.0000,0
$GPRMC,231011.00,A,3719.0932600,N,12158.4458140,W,0.0050,33.8495,101220,,,,
$GPGGA,231012.00,3719.0932600,N,12158.4458140,W,1,0,0.0,0.0000,M,0.0000,M,0.0000,0
$GPRMC,231012.00,A,3719.0932600,N,12158.4458140,W,0.0050,33.8487,101220,,,,
$GPGGA,231013.00,3719.0932600,N,12158.4458140,W,1,0,0.0,0.0000,M,0.0000,M,0.0000,0
$GPRMC,231013.00,A,3719.0932600,N,12158.4458140,W,0.0051,33.8476,101220,,,,
$GPGGA,231014.00,3719.0932600,N,12158.4458140,W,1,0,0.0,0.0000,M,0.0000,M,0.0000,0
$GPRMC,231014.00,A,3719.0932600,N,12158.4458140,W,0.0041,33.8464,101220,,,,
$GPGGA,231015.00,3719.0932600,N,12158.4458140,W,1,0,0.0,0.0000,M,0.0000,M,0.0000,0
$GPRMC,231015.00,A,3719.0932600,N,12158.4458140,W,0.0041,33.8454,101220,,,,
$GPGGA,231016.00,3719.0932600,N,12158.4458140,W,1,0,0.0,0.0000,M,0.0000,M,0.0000,0
$GPRMC,231016.00,A,3719.0932600,N,12158.4458140,W,0.0032,33.8446,101220,,,,
$GPGGA,231017.00,3719.0932600,N,12158.4458140,W,1,0,0.0,0.0000,M,0.0000,M,0.0000,0
$GPRMC,231017.00,A,3719.0932600,N,12158.4458140,W,0.0036,33.8436,101220,,,,
$GPGGA,231018.00,3719.0932600,N,12158.4458140,W,1,0,0.0,0.0000,M,0.0000,M,0.0000,0
$GPRMC,231018.00,A,3719.0932600,N,12158.4458140,W,0.0036,33.8426,101220,,,,
$GPGGA,231019.00,3719.0932600,N,12158.4458200,W,1,0,0.0,0.0000,M,0.0000,M,0.0000,0
$GPRMC,231019.00,A,3719.0932600,N,12158.4458200,W,0.0028,33.8413,101220,,,,
$GPGGA,231020.00,3719.0932600,N,12158.4458200,W,1,0,0.0,0.0000,M,0.0000,M,0.0000,0
$GPRMC,231020.00,A,3719.0932600,N,12158.4458200,W,0.0036,33.8402,101220,,,,
$GPGGA,231021.00,3719.0932600,N,12158.4458200,W,1,0,0.0,0.0000,M,0.0000,M,0.0000,0
$GPRMC,231021.00,A,3719.0932600,N,12158.4458200,W,0.0028,33.8390,101220,,,,
$GPGGA,231022.00,3719.0932600,N,12158.4458200,W,1,0,0.0,0.0000,M,0.0000,M,0.0000,0
$GPRMC,231022.00,A,3719.0932600,N,12158.4458200,W,0.0028,33.8383,101220,,,,
$GPGGA,231023.00,3719.0932600,N,12158.4458200,W,1,0,0.0,0.0000,M,0.0000,M,0.0000,0
$GPRMC,231023.00,A,3719.0932600,N,12158.4458200,W,0.0036,33.8374,101220,,,,
$GPGGA,231024.00,3719.0932600,N,12158.4458200,W,1,0,0.0,0.0000,M,0.0000,M,0.0000,0
$GPRMC,231024.00,A,3719.0932600,N,12158.4458200,W,0.0036,33.8363,101220,,,,
$GPGGA,231025.00,3719.0932600,N,12158.4458200,W,1,0,0.0,0.0000,M,0.0000,M,0.0000,0
$GPRMC,231025.00,A,3719.0932600,N,12158.4458200,W,0.0036,33.8353,101220,,,,
$GPGGA,231026.00,3719.0932600,N,12158.4458200,W,1,0,0.0,0.0000,M,0.0000,M,0.0000,0
$GPRMC,231026.00,A,3719.0932600,N,12158.4458200,W,0.0036,33.8342,101220,,,,
$GPGGA,231027.00,3719.0932600,N,12158.4458200,W,1,0,0.0,0.0000,M,0.0000,M,0.0000,0
$GPRMC,231027.00,A,3719.0932600,N,12158.4458200,W,0.0036,33.8333,101220,,,,
$GPGGA,231028.00,3719.0932600,N,12158.4458200,W,1,0,0.0,0.0000,M,0.0000,M,0.0000,0
$GPRMC,231028.00,A,3719.0932600,N,12158.4458200,W,0.0036,33.8322,101220,,,,
$GPGGA,231029.00,3719.0932600,N,12158.4458200,W,1,0,0.0,0.0000,M,0.0000,M,0.0000,0
$GPRMC,231029.00,A,3719.0932600,N,12158.4458200,W,0.0032,33.8311,101220,,,,
$GPGGA,231030.00,3719.0932600,N,12158.4458200,W,1,0,0.0,0.0000,M,0.0000,M,0.0000,0
$GPRMC,231030.00,A,3719.0932600,N,12158.4458200,W,0.0036,33.8304,101220,,,,
$GPGGA,231031.00,3719.0932600,N,12158.4458200,W,1,0,0.0,0.0000,M,0.0000,M,0.0000,0
$GPRMC,231031.00,A,3719.0932600,N,12158.4458200,W,0.0032,33.8295,101220,,,,
$GPGGA,231032.00,3719.0932600,N,12158.4458200,W,1,0,0.0,0.0000,M,0.0000,M,0.0000,0
$GPRMC,231032.00,A,3719.0932600,N,12158.4458200,W,0.0032,33.8283,101220,,,,
$GPGGA,231033.00,3719.0932600,N,12158.4458200,W,1,0,0.0,0.0000,M,0.0000,M,0.0000,0
$GPRMC,231033.00,A,3719.0932600,N,12158.4458200,W,0.0022,33.8273,101220,,,,
$GPGGA,231034.00,3719.0932600,N,12158.4458200,W,1,0,0.0,0.0000,M,0.0000,M,0.0000,0
$GPRMC,231034.00,A,3719.0932600,N,12158.4458200,W,0.0028,33.8266,101220,,,,
$GPGGA,231035.00,3719.0932600,N,12158.4458200,W,1,0,0.0,0.0000,M,0.0000,M,0.0000,0
$GPRMC,231035.00,A,3719.0932600,N,12158.4458200,W,0.0022,33.8257,101220,,,,
$GPGGA,231036.00,3719.0932600,N,12158.4458200,W,1,0,0.0,0.0000,M,0.0000,M,0.0000,0
$GPRMC,231036.00,A,3719.0932600,N,12158.4458200,W,0.0032,33.8246,101220,,,,
$GPGGA,231037.00,3719.0932600,N,12158.4458200,W,1,0,0.0,0.0000,M,0.0000,M,0.0000,0
$GPRMC,231037.00,A,3719.0932600,N,12158.4458200,W,0.0032,33.8235,101220,,,,
$GPGGA,231038.00,3719.0932600,N,12158.4458200,W,1,0,0.0,0.0000,M,0.0000,M,0.0000,0
$GPRMC,231038.00,A,3719.0932600,N,12158.4458200,W,0.0036,33.8224,101220,,,,
$GPGGA,231039.00,3719.0932600,N,12158.4458200,W,1,0,0.0,0.0000,M,0.0000,M,0.0000,0
$GPRMC,231039.00,A,3719.0932600,N,12158.4458200,W,0.0042,33.8215,101220,,,,
$GPGGA,231040.00,3719.0932600,N,12158.4458200,W,1,0,0.0,0.0000,M,0.0000,M,0.0000,0
$GPRMC,231040.00,A,3719.0932600,N,12158.4458200,W,0.0022,33.8205,101220,,,,
$GPGGA,231041.00,3719.0932600,N,12158.4458200,W,1,0,0.0,0.0000,M,0.0000,M,0.0000,0
$GPRMC,231041.00,A,3719.0932600,N,12158.4458200,W,0.0022,33.8192,101220,,,,
$GPGGA,231042.00,3719.0932600,N,12158.4458200,W,1,0,0.0,0.0000,M,0.0000,M,0.0000,0
$GPRMC,231042.00,A,3719.0932600,N,12158.4458200,W,0.0032,33.8185,101220,,,,
$GPGGA,231043.00,3719.0932600,N,12158.4458200,W,1,0,0.0,0.0000,M,0.0000,M,0.0000,0
$GPRMC,231043.00,A,3719.0932600,N,12158.4458200,W,0.0022,33.8175,101220,,,,
$GPGGA,231044.00,3719.0932600,N,12158.4458200,W,1,0,0.0,0.0000,M,0.0000,M,0.0000,0
$GPRMC,231044.00,A,3719.0932600,N,12158.4458200,W,0.0022,33.8167,101220,,,,
$GPGGA,231045.00,3719.0932600,N,12158.4458200,W,1,0,0.0,0.0000,M,0.0000,M,0.0000,0
$GPRMC,231045.00,A,3719.0932600,N,12158.4458200,W,0.0022,33.8158,101220,,,,
$GPGGA,231046.00,3719.0932600,N,12158.4458200,W,1,0,0.0,0.0000,M,0.0000,M,0.0000,0
$GPRMC,231046.00,A,3719.0932600,N,12158.4458200,W,0.0028,33.8149,101220,,,,
$GPGGA,231047.00,3719.0932600,N,12158.4458200,W,1,0,0.0,0.0000,M,0.0000,M,0.0000,0
$GPRMC,231047.00,A,3719.0932600,N,12158.4458200,W,0.0014,33.8141,101220,,,,
$GPGGA,231048.00,3719.0932600,N,12158.4458200,W,1,0,0.0,0.0000,M,0.0000,M,0.0000,0
$GPRMC,231048.00,A,3719.0932600,N,12158.4458200,W,0.0022,33.8130,101220,,,,
$GPGGA,231049.00,3719.0932600,N,12158.4458200,W,1,0,0.0,0.0000,M,0.0000,M,0.0000,0
$GPRMC,231049.00,A,3719.0932600,N,12158.4458200,W,0.0014,33.8120,101220,,,,
$GPGGA,231050.00,3719.0932600,N,12158.4458200,W,1,0,0.0,0.0000,M,0.0000,M,0.0000,0
$GPRMC,231050.00,A,3719.0932600,N,12158.4458200,W,0.0014,33.8110,101220,,,,
$GPGGA,231051.00,3719.0932600,N,12158.4458200,W,1,0,0.0,0.0000,M,0.0000,M,0.0000,0
$GPRMC,231051.00,A,3719.0932600,N,12158.4458200,W,0.0014,33.8100,101220,,,,
$GPGGA,231052.00,3719.0932600,N,12158.4458200,W,1,0,0.0,0.0000,M,0.0000,M,0.0000,0
$GPRMC,231052.00,A,3719.0932600,N,12158.4458200,W,0.0020,33.8091,101220,,,,
$GPGGA,231053.00,3719.0932600,N,12158.4458200,W,1,0,0.0,0.0000,M,0.0000,M,0.0000,0
$GPRMC,231053.00,A,3719.0932600,N,12158.4458200,W,0.0020,33.8085,101220,,,,
$GPGGA,231054.00,3719.0932600,N,12158.4458200,W,1,0,0.0,0.0000,M,0.0000,M,0.0000,0
$GPRMC,231054.00,A,3719.0932600,N,12158.4458200,W,0.0010,33.8075,101220,,,,
$GPGGA,231055.00,3719.0932600,N,12158.4458200,W,1,0,0.0,0.0000,M,0.0000,M,0.0000,0
$GPRMC,231055.00,A,3719.0932600,N,12158.4458200,W,0.0020,33.8065,101220,,,,
$GPGGA,231056.00,3719.0932600,N,12158.4458200,W,1,0,0.0,0.0000,M,0.0000,M,0.0000,0
$GPRMC,231056.00,A,3719.0932600,N,12158.4458200,W,0.0020,33.8054,101220,,,,
$GPGGA,231057.00,3719.0932600,N,12158.4458200,W,1,0,0.0,0.0000,M,0.0000,M,0.0000,0
$GPRMC,231057.00,A,3719.0932600,N,12158.4458200,W,0.0010,33.8044,101220,,,,
$GPGGA,231058.00,3719.0932600,N,12158.4458200,W,1,0,0.0,0.0000,M,0.0000,M,0.0000,0
$GPRMC,231058.00,A,3719.0932600,N,12158.4458200,W,0.0010,33.8032,101220,,,,
$GPGGA,231059.00,3719.0932600,N,12158.4458200,W,1,0,0.0,0.0000,M,0.0000,M,0.0000,0
$GPRMC,231059.00,A,3719.0932600,N,12158.4458200,W,0.0010,33.8021,101220,,,,
$GPGGA,231100.00,3719.0932600,N,12158.4458200,W,1,0,0.0,0.0000,M,0.0000,M,0.0000,0
$GPRMC,231100.00,A,3719.0932600,N,12158.4458200,W,0.0010,33.8011,101220,,,,
$GPGGA,231101.00,3719.0932600,N,12158.4458200,W,1,0,0.0,0.0000,M,0.0000,M,0.0000,0
$GPRMC,231101.00,A,3719.0932600,N,12158.4458200,W,0.0010,33.8004,101220,,,,
$GPGGA,231102.00,3719.0932600,N,12158.4458200,W,1,0,0.0,0.0000,M,0.0000,M,0.0000,0
$GPRMC,231102.00,A,3719.0932600,N,12158.4458200,W,0.0010,33.7992,101220,,,,
$GPGGA,231103.00,3719.0932600,N,12158.4458200,W,1,0,0.0,0.0000,M,0.0000,M,0.0000,0
$GPRMC,231103.00,A,3719.0932600,N,12158.4458200,W,0.0010,33.7981,101220,,,,
$GPGGA,231104.00,3719.0932600,N,12158.4458200,W,1,0,0.0,0.0000,M,0.0000,M,0.0000,0
$GPRMC,231104.00,A,3719.0932600,N,12158.4458200,W,0.0010,33.7972,101220,,,,
$GPGGA,231105.00,3719.0932600,N,12158.4458200,W,1,0,0.0,0.0000,M,0.0000,M,0.0000,0
$GPRMC,231105.00,A,3719.0932600,N,12158.4458200,W,0.0010,33.7965,101220,,,,
$GPGGA,231106.00,3719.0932600,N,12158.4458200,W,1,0,0.0,0.0000,M,0.0000,M,0.0000,0
$GPRMC,231106.00,A,3719.0932600,N,12158.4458200,W,0.0014,33.7957,101220,,,,
$GPGGA,231107.00,3719.0932600,N,12158.4458200,W,1,0,0.0,0.0000,M,0.0000,M,0.0000,0
$GPRMC,231107.00,A,3719.0932600,N,12158.4458200,W,0.0014,33.7945,101220,,,,
$GPGGA,231108.00,3719.0932600,N,12158.4458200,W,1,0,0.0,0.0000,M,0.0000,M,0.0000,0
$GPRMC,231108.00,A,3719.0932600,N,12158.4458200,W,0.0014,33.7936,101220,,,,
$GPGGA,231109.00,3719.0932600,N,12158.4458200,W,1,0,0.0,0.0000,M,0.0000,M,0.0000,0
$GPRMC,231109.00,A,3719.0932600,N,12158.4458200,W,0.0014,33.7925,101220,,,,
$GPGGA,231110.00,3719.0932600,N,12158.4458200,W,1,0,0.0,0.0000,M,0.0000,M,0.0000,0
$GPRMC,231110.00,A,3719.0932600,N,12158.4458200,W,0.0014,33.7916,101220,,,,
$GPGGA,231111.00,3719.0932600,N,12158.4458200,W,1,0,0.0,0.0000,M,0.0000,M,0.0000,0
$GPRMC,231111.00,A,3719.0932600,N,12158.4458200,W,0.0020,33.7907,101220,,,,
$GPGGA,231112.00,3719.0932600,N,12158.4458200,W,1,0,0.0,0.0000,M,0.0000,M,0.0000,0
$GPRMC,231112.00,A,3719.0932600,N,12158.4458200,W,0.0014,33.7897,101220,,,,
$GPGGA,231113.00,3719.0932600,N,12158.4458200,W,1,0,0.0,0.0000,M,0.0000,M,0.0000,0
$GPRMC,231113.00,A,3719.0932600,N,12158.4458200,W,0.0010,33.7887,101220,,,,
$GPGGA,231114.00,3719.0932600,N,12158.4458200,W,1,0,0.0,0.0000,M,0.0000,M,0.0000,0
$GPRMC,231114.00,A,3719.0932600,N,12158.4458200,W,0.0014,33.7869,101220,,,,
$GPGGA,231115.00,3719.0932600,N,12158.4458200,W,1,0,0.0,0.0000,M,0.0000,M,0.0000,0
$GPRMC,231115.00,A,3719.0932600,N,12158.4458200,W,0.0014,33.7864,101220,,,,
$GPGGA,231116.00,3719.0932600,N,12158.4458200,W,1,0,0.0,0.0000,M,0.0000,M,0.0000,0
$GPRMC,231116.00,A,3719.0932600,N,12158.4458200,W,0.0014,33.7858,101220,,,,
$GPGGA,231117.00,3719.0932600,N,12158.4458200,W,1,0,0.0,0.0000,M,0.0000,M,0.0000,0
$GPRMC,231117.00,A,3719.0932600,N,12158.4458200,W,0.0014,33.7850,101220,,,,
$GPGGA,231118.00,3719.0932600,N,12158.4458200,W,1,0,0.0,0.0000,M,0.0000,M,0.0000,0
$GPRMC,231118.00,A,3719.0932600,N,12158.4458200,W,0.0014,33.7841,101220,,,,
$GPGGA,231119.00,3719.0932600,N,12158.4458200,W,1,0,0.0,0.0000,M,0.0000,M,0.0000,0
$GPRMC,231119.00,A,3719.0932600,N,12158.4458200,W,0.0014,33.7830,101220,,,,
$GPGGA,231120.00,3719.0932600,N,12158.4458200,W,1,0,0.0,0.0000,M,0.0000,M,0.0000,0
$GPRMC,231120.00,A,3719.0932600,N,12158.4458200,W,0.0014,33.7819,101220,,,,
$GPGGA,231121.00,3719.0932600,N,12158.4458200,W,1,0,0.0,0.0000,M,0.0000,M,0.0000,0
$GPRMC,231121.00,A,3719.0932600,N,12158.4458200,W,0.0014,33.7812,101220,,,,
$GPGGA,231122.00,3719.0932600,N,12158.4458200,W,1,0,0.0,0.0000,M,0.0000,M,0.0000,0
$GPRMC,231122.00,A,3719.0932600,N,12158.4458200,W,0.0022,33.7798,101220,,,,
$GPGGA,231123.00,3719.0932600,N,12158.4458200,W,1,0,0.0,0.0000,M,0.0000,M,0.0000,0
$GPRMC,231123.00,A,3719.0932600,N,12158.4458200,W,0.0014,33.7791,101220,,,,
$GPGGA,231124.00,3719.0932600,N,12158.4458200,W,1,0,0.0,0.0000,M,0.0000,M,0.0000,0
$GPRMC,231124.00,A,3719.0932600,N,12158.4458200,W,0.0014,33.7781,101220,,,,
$GPGGA,231125.00,3719.0932600,N,12158.4458200,W,1,0,0.0,0.0000,M,0.0000,M,0.0000,0
$GPRMC,231125.00,A,3719.0932600,N,12158.4458200,W,0.0010,33.7769,101220,,,,
$GPGGA,231126.00,3719.0932600,N,12158.4458200,W,1,0,0.0,0.0000,M,0.0000,M,0.0000,0
$GPRMC,231126.00,A,3719.0932600,N,12158.4458200,W,0.0014,33.7760,101220,,,,
$GPGGA,231127.00,3719.0932600,N,12158.4458200,W,1,0,0.0,0.0000,M,0.0000,M,0.0000,0
$GPRMC,231127.00,A,3719.0932600,N,12158.4458200,W,0.0022,33.7749,101220,,,,
$GPGGA,231128.00,3719.0932600,N,12158.4458200,W,1,0,0.0,0.0000,M,0.0000,M,0.0000,0
$GPRMC,231128.00,A,3719.0932600,N,12158.4458200,W,0.0022,33.7742,101220,,,,
$GPGGA,231129.00,3719.0932600,N,12158.4458200,W,1,0,0.0,0.0000,M,0.0000,M,0.0000,0
$GPRMC,231129.00,A,3719.0932600,N,12158.4458200,W,0.0010,33.7734,101220,,,,
$GPGGA,231130.00,3719.0932600,N,12158.4458200,W,1,0,0.0,0.0000,M,0.0000,M,0.0000,0
$GPRMC,231130.00,A,3719.0932600,N,12158.4458200,W,0.0014,33.7725,101220,,,,
$GPGGA,231131.00,3719.0932600,N,12158.4458200,W,1,0,0.0,0.0000,M,0.0000,M,0.0000,0
$GPRMC,231131.00,A,3719.0932600,N,12158.4458200,W,0.0014,33.7714,101220,,,,
$GPGGA,231132.00,3719.0932600,N,12158.4458200,W,1,0,0.0,0.0000,M,0.0000,M,0.0000,0
$GPRMC,231132.00,A,3719.0932600,N,12158.4458200,W,0.0014,33.7705,101220,,,,
$GPGGA,231133.00,3719.0932600,N,12158.4458200,W,1,0,0.0,0.0000,M,0.0000,M,0.0000,0
$GPRMC,231133.00,A,3719.0932600,N,12158.4458200,W,0.0010,33.7695,101220,,,,
$GPGGA,231134.00,3719.0932600,N,12158.4458200,W,1,0,0.0,0.0000,M,0.0000,M,0.0000,0
$GPRMC,231134.00,A,3719.0932600,N,12158.4458200,W,0.0020,33.7688,101220,,,,
$GPGGA,231135.00,3719.0932600,N,12158.4458200,W,1,0,0.0,0.0000,M,0.0000,M,0.0000,0
$GPRMC,231135.00,A,3719.0932600,N,12158.4458200,W,0.0022,33.7679,101220,,,,
$GPGGA,231136.00,3719.0932600,N,12158.4458200,W,1,0,0.0,0.0000,M,0.0000,M,0.0000,0
$GPRMC,231136.00,A,3719.0932600,N,12158.4458200,W,0.0022,33.7668,101220,,,,
$GPGGA,231137.00,3719.0932600,N,12158.4458200,W,1,0,0.0,0.0000,M,0.0000,M,0.0000,0
$GPRMC,231137.00,A,3719.0932600,N,12158.4458200,W,0.0014,33.7658,101220,,,,
$GPGGA,231138.00,3719.0932600,N,12158.4458200,W,1,0,0.0,0.0000,M,0.0000,M,0.0000,0
$GPRMC,231138.00,A,3719.0932600,N,12158.4458200,W,0.0022,33.7647,101220,,,,
$GPGGA,231139.00,3719.0932600,N,12158.4458200,W,1,0,0.0,0.0000,M,0.0000,M,0.0000,0
$GPRMC,231139.00,A,3719.0932600,N,12158.4458200,W,0.0022,33.7636,101220,,,,
$GPGGA,231140.00,3719.0932600,N,12158.4458200,W,1,0,0.0,0.0000,M,0.0000,M,0.0000,0
$GPRMC,231140.00,A,3719.0932600,N,12158.4458200,W,0.0022,33.7629,101220,,,,
$GPGGA,231141.00,3719.0932600,N,12158.4458200,W,1,0,0.0,0.0000,M,0.0000,M,0.0000,0
$GPRMC,231141.00,A,3719.0932600,N,12158.4458200,W,0.0022,33.7621,101220,,,,
$GPGGA,231142.00,3719.0932600,N,12158.4458200,W,1,0,0.0,0.0000,M,0.0000,M,0.0000,0
$GPRMC,231142.00,A,3719.0932600,N,12158.4458200,W,0.0036,33.7611,101220,,,,
$GPGGA,231143.00,3719.0932600,N,12158.4458200,W,1,0,0.0,0.0000,M,0.0000,M,0.0000,0
$GPRMC,231143.00,A,3719.0932600,N,12158.4458200,W,0.0042,33.7601,101220,,,,
$GPGGA,231144.00,3719.0932600,N,12158.4458200,W,1,0,0.0,0.0000,M,0.0000,M,0.0000,0
$GPRMC,231144.00,A,3719.0932600,N,12158.4458200,W,0.0036,33.7591,101220,,,,
$GPGGA,231145.00,3719.0932600,N,12158.4458200,W,1,0,0.0,0.0000,M,0.0000,M,0.0000,0
$GPRMC,231145.00,A,3719.0932600,N,12158.4458200,W,0.0036,33.7581,101220,,,,
$GPGGA,231146.00,3719.0932600,N,12158.4458200,W,1,0,0.0,0.0000,M,0.0000,M,0.0000,0
$GPRMC,231146.00,A,3719.0932600,N,12158.4458200,W,0.0036,33.7573,101220,,,,
$GPGGA,231147.00,3719.0932540,N,12158.4458260,W,1,0,0.0,0.0000,M,0.0000,M,0.0000,0
$GPRMC,231147.00,A,3719.0932540,N,12158.4458260,W,0.0045,33.7564,101220,,,,
$GPGGA,231148.00,3719.0932540,N,12158.4458260,W,1,0,0.0,0.0000,M,0.0000,M,0.0000,0
$GPRMC,231148.00,A,3719.0932540,N,12158.4458260,W,0.0045,33.7554,101220,,,,
$GPGGA,231149.00,3719.0932540,N,12158.4458260,W,1,0,0.0,0.0000,M,0.0000,M,0.0000,0
$GPRMC,231149.00,A,3719.0932540,N,12158.4458260,W,0.0045,33.7543,101220,,,,
$GPGGA,231150.00,3719.0932540,N,12158.4458260,W,1,0,0.0,0.0000,M,0.0000,M,0.0000,0
$GPRMC,231150.00,A,3719.0932540,N,12158.4458260,W,0.0045,33.7533,101220,,,,
$GPGGA,231151.00,3719.0932480,N,12158.4458260,W,1,0,0.0,0.0000,M,0.0000,M,0.0000,0
$GPRMC,231151.00,A,3719.0932480,N,12158.4458260,W,0.0045,33.7523,101220,,,,
$GPGGA,231152.00,3719.0932480,N,12158.4458200,W,1,0,0.0,0.0000,M,0.0000,M,0.0000,0
$GPRMC,231152.00,A,3719.0932480,N,12158.4458200,W,0.0045,33.7515,101220,,,,
$GPGGA,231153.00,3719.0932480,N,12158.4458200,W,1,0,0.0,0.0000,M,0.0000,M,0.0000,0
$GPRMC,231153.00,A,3719.0932480,N,12158.4458200,W,0.0058,33.7505,101220,,,,
$GPGGA,231154.00,3719.0932480,N,12158.4458200,W,1,0,0.0,0.0000,M,0.0000,M,0.0000,0
$GPRMC,231154.00,A,3719.0932480,N,12158.4458200,W,0.0058,33.7495,101220,,,,
$GPGGA,231155.00,3719.0932480,N,12158.4458200,W,1,0,0.0,0.0000,M,0.0000,M,0.0000,0
$GPRMC,231155.00,A,3719.0932480,N,12158.4458200,W,0.0064,33.7485,101220,,,,
$GPGGA,231156.00,3719.0932480,N,12158.4458200,W,1,0,0.0,0.0000,M,0.0000,M,0.0000,0
$GPRMC,231156.00,A,3719.0932480,N,12158.4458200,W,0.0071,33.7474,101220,,,,
$GPGGA,231157.00,3719.0932480,N,12158.4458200,W,1,0,0.0,0.0000,M,0.0000,M,0.0000,0
$GPRMC,231157.00,A,3719.0932480,N,12158.4458200,W,0.0085,33.7468,101220,,,,
$GPGGA,231158.00,3719.0932540,N,12158.4458200,W,1,0,0.0,0.0000,M,0.0000,M,0.0000,0
$GPRMC,231158.00,A,3719.0932540,N,12158.4458200,W,0.0106,33.7454,101220,,,,
$GPGGA,231159.00,3719.0932540,N,12158.4458140,W,1,0,0.0,0.0000,M,0.0000,M,0.0000,0
$GPRMC,231159.00,A,3719.0932540,N,12158.4458140,W,0.0128,33.7449,101220,,,,
$GPGGA,231200.00,3719.0932600,N,12158.4458140,W,1,0,0.0,0.0000,M,0.0000,M,0.0000,0
$GPRMC,231200.00,A,3719.0932600,N,12158.4458140,W,0.0158,33.7437,101220,,,,
$GPGGA,231201.00,3719.0932660,N,12158.4458080,W,1,0,0.0,0.0000,M,0.0000,M,0.0000,0
$GPRMC,231201.00,A,3719.0932660,N,12158.4458080,W,0.0189,33.7425,101220,,,,
$GPGGA,231202.00,3719.0932660,N,12158.4458080,W,1,0,0.0,0.0000,M,0.0000,M,0.0000,0
$GPRMC,231202.00,A,3719.0932660,N,12158.4458080,W,0.0230,33.7415,101220,,,,
$GPGGA,231203.00,3719.0932720,N,12158.4458020,W,1,0,0.0,0.0000,M,0.0000,M,0.0000,0
$GPRMC,231203.00,A,3719.0932720,N,12158.4458020,W,0.0283,33.7404,101220,,,,
$GPGGA,231204.00,3719.0932780,N,12158.4458080,W,1,0,0.0,0.0000,M,0.0000,M,0.0000,0
$GPRMC,231204.00,A,3719.0932780,N,12158.4458080,W,0.0319,33.7420,101220,,,,
$GPGGA,231205.00,3719.0934220,N,12158.4456940,W,1,0,0.0,0.0000,M,0.0000,M,0.0000,0
$GPRMC,231205.00,A,3719.0934220,N,12158.4456940,W,0.8303,33.7322,101220,,,,
$GPGGA,231206.00,3719.0942500,N,12158.4450220,W,1,0,0.0,0.0000,M,0.0000,M,0.0000,0
$GPRMC,231206.00,A,3719.0942500,N,12158.4450220,W,2.5655,33.4910,101220,,,,
$GPGGA,231207.00,3719.0955820,N,12158.4447760,W,1,0,0.0,0.0000,M,0.0000,M,0.0000,0
$GPRMC,231207.00,A,3719.0955820,N,12158.4447760,W,2.3218,17.4641,101220,,,,
$GPGGA,231208.00,3719.0967100,N,12158.4458740,W,1,0,0.0,0.0000,M,0.0000,M,0.0000,0
$GPRMC,231208.00,A,3719.0967100,N,12158.4458740,W,2.5818,346.4224,101220,,,,
$GPGGA,231209.00,3719.0972260,N,12158.4478960,W,1,0,0.0,0.0000,M,0.0000,M,0.0000,0
$GPRMC,231209.00,A,3719.0972260,N,12158.4478960,W,3.1596,309.3771,101220,,,,
$GPGGA,231210.00,3719.0964760,N,12158.4501460,W,1,0,0.0,0.0000,M,0.0000,M,0.0000,0
$GPRMC,231210.00,A,3719.0964760,N,12158.4501460,W,3.7039,266.9486,101220,,,,
$GPGGA,231211.00,3719.0945620,N,12158.4516700,W,1,0,0.0,0.0000,M,0.0000,M,0.0000,0
$GPRMC,231211.00,A,3719.0945620,N,12158.4516700,W,4.9027,227.7580,101220,,,,
$GPGGA,231212.00,3719.0918680,N,12158.4532720,W,1,0,0.0,0.0000,M,0.0000,M,0.0000,0
$GPRMC,231212.00,A,3719.0918680,N,12158.4532720,W,6.6591,209.8495,101220,,,,
$GPGGA,231213.00,3719.0882500,N,12158.4557980,W,1,0,0.0,0.0000,M,0.0000,M,0.0000,0
$GPRMC,231213.00,A,3719.0882500,N,12158.4557980,W,8.7086,209.1131,101220,,,,
$GPGGA,231214.00,3719.0837440,N,12158.4590260,W,1,0,0.0,0.0000,M,0.0000,M,0.0000,0
$GPRMC,231214.00,A,3719.0837440,N,12158.4590260,W,10.4183,209.4617,101220,,,,
$GPGGA,231215.00,3719.0784040,N,12158.4627220,W,1,0,0.0,0.0000,M,0.0000,M,0.0000,0
$GPRMC,231215.00,A,3719.0784040,N,12158.4627220,W,12.2877,208.3905,101220,,,,
$GPGGA,231216.00,3719.0721700,N,12158.4670120,W,1,0,0.0,0.0000,M,0.0000,M,0.0000,0
$GPRMC,231216.00,A,3719.0721700,N,12158.4670120,W,14.0345,208.9458,101220,,,,
$GPGGA,231217.00,3719.0652100,N,12158.4720700,W,1,0,0.0,0.0000,M,0.0000,M,0.0000,0
$GPRMC,231217.00,A,3719.0652100,N,12158.4720700,W,15.6609,210.5496,101220,,,,
$GPGGA,231218.00,3719.0577580,N,12158.4778600,W,1,0,0.0,0.0000,M,0.0000,M,0.0000,0
$GPRMC,231218.00,A,3719.0577580,N,12158.4778600,W,16.4999,212.0742,101220,,,,
$GPGGA,231219.00,3719.0502940,N,12158.4838900,W,1,0,0.0,0.0000,M,0.0000,M,0.0000,0
$GPRMC,231219.00,A,3719.0502940,N,12158.4838900,W,16.3240,212.8047,101220,,,,
$GPGGA,231220.00,3719.0429560,N,12158.4898840,W,1,0,0.0,0.0000,M,0.0000,M,0.0000,0
$GPRMC,231220.00,A,3719.0429560,N,12158.4898840,W,16.0707,213.1219,101220,,,,
$GPGGA,231221.00,3719.0357860,N,12158.4958720,W,1,0,0.0,0.0000,M,0.0000,M,0.0000,0
$GPRMC,231221.00,A,3719.0357860,N,12158.4958720,W,15.7810,213.6899,101220,,,,
$GPGGA,231222.00,3719.0288740,N,12158.5016860,W,1,0,0.0,0.0000,M,0.0000,M,0.0000,0
$GPRMC,231222.00,A,3719.0288740,N,12158.5016860,W,14.5618,213.8450,101220,,,,
$GPGGA,231223.00,3719.0232040,N,12158.5064320,W,1,0,0.0,0.0000,M,0.0000,M,0.0000,0
$GPRMC,231223.00,A,3719.0232040,N,12158.5064320,W,10.5576,213.5504,101220,,,,
$GPGGA,231224.00,3719.0193880,N,12158.5095640,W,1,0,0.0,0.0000,M,0.0000,M,0.0000,0
$GPRMC,231224.00,A,3719.0193880,N,12158.5095640,W,6.3552,212.9884,101220,,,,
$GPGGA,231225.00,3719.0173540,N,12158.5111840,W,1,0,0.0,0.0000,M,0.0000,M,0.0000,0
$GPRMC,231225.00,A,3719.0173540,N,12158.5111840,W,2.7324,212.5378,101220,,,,
$GPGGA,231226.00,3719.0166160,N,12158.5117660,W,1,0,0.0,0.0000,M,0.0000,M,0.0000,0
$GPRMC,231226.00,A,3719.0166160,N,12158.5117660,W,0.7035,212.2912,101220,,,,
$GPGGA,231227.00,3719.0165620,N,12158.5118200,W,1,0,0.0,0.0000,M,0.0000,M,0.0000,0
$GPRMC,231227.00,A,3719.0165620,N,12158.5118200,W,0.0064,212.2774,101220,,,,
$GPGGA,231228.00,3719.0165620,N,12158.5118260,W,1,0,0.0,0.0000,M,0.0000,M,0.0000,0
$GPRMC,231228.00,A,3719.0165620,N,12158.5118260,W,0.0072,212.2766,101220,,,,
$GPGGA,231229.00,3719.0165620,N,12158.5118260,W,1,0,0.0,0.0000,M,0.0000,M,0.0000,0
$GPRMC,231229.00,A,3719.0165620,N,12158.5118260,W,0.0078,212.2726,101220,,,,
$GPGGA,231230.00,3719.0165620,N,12158.5118260,W,1,0,0.0,0.0000,M,0.0000,M,0.0000,0
$GPRMC,231230.00,A,3719.0165620,N,12158.5118260,W,0.0072,212.2719,101220,,,,
$GPGGA,231231.00,3719.0165620,N,12158.5118260,W,1,0,0.0,0.0000,M,0.0000,M,0.0000,0
$GPRMC,231231.00,A,3719.0165620,N,12158.5118260,W,0.0067,212.2707,101220,,,,
$GPGGA,231232.00,3719.0165620,N,12158.5118260,W,1,0,0.0,0.0000,M,0.0000,M,0.0000,0
$GPRMC,231232.00,A,3719.0165620,N,12158.5118260,W,0.0076,212.2685,101220,,,,
$GPGGA,231233.00,3719.0165620,N,12158.5118260,W,1,0,0.0,0.0000,M,0.0000,M,0.0000,0
$GPRMC,231233.00,A,3719.0165620,N,12158.5118260,W,0.0061,212.2683,101220,,,,
$GPGGA,231234.00,3719.0165620,N,12158.5118260,W,1,0,0.0,0.0000,M,0.0000,M,0.0000,0
$GPRMC,231234.00,A,3719.0165620,N,12158.5118260,W,0.0050,212.2664,101220,,,,
$GPGGA,231235.00,3719.0165620,N,12158.5118260,W,1,0,0.0,0.0000,M,0.0000,M,0.0000,0
$GPRMC,231235.00,A,3719.0165620,N,12158.5118260,W,0.0045,212.2661,101220,,,,
$GPGGA,231236.00,3719.0165620,N,12158.5118260,W,1,0,0.0,0.0000,M,0.0000,M,0.0000,0
$GPRMC,231236.00,A,3719.0165620,N,12158.5118260,W,0.0036,212.2658,101220,,,,
$GPGGA,231237.00,3719.0165620,N,12158.5118260,W,1,0,0.0,0.0000,M,0.0000,M,0.0000,0
$GPRMC,231237.00,A,3719.0165620,N,12158.5118260,W,0.0036,212.2646,101220,,,,
$GPGGA,231238.00,3719.0165620,N,12158.5118260,W,1,0,0.0,0.0000,M,0.0000,M,0.0000,0
$GPRMC,231238.00,A,3719.0165620,N,12158.5118260,W,0.0036,212.2634,101220,,,,
$GPGGA,231239.00,3719.0165620,N,12158.5118260,W,1,0,0.0,0.0000,M,0.0000,M,0.0000,0
$GPRMC,231239.00,A,3719.0165620,N,12158.5118260,W,0.0028,212.2625,101220,,,,
$GPGGA,231240.00,3719.0165620,N,12158.5118260,W,1,0,0.0,0.0000,M,0.0000,M,0.0000,0
$GPRMC,231240.00,A,3719.0165620,N,12158.5118260,W,0.0022,212.2614,101220,,,,
$GPGGA,231241.00,3719.0165620,N,12158.5118260,W,1,0,0.0,0.0000,M,0.0000,M,0.0000,0
$GPRMC,231241.00,A,3719.0165620,N,12158.5118260,W,0.0028,212.2602,101220,,,,
$GPGGA,231242.00,3719.0165620,N,12158.5118260,W,1,0,0.0,0.0000,M,0.0000,M,0.0000,0
$GPRMC,231242.00,A,3719.0165620,N,12158.5118260,W,0.0014,212.2594,101220,,,,
$GPGGA,231243.00,3719.0165620,N,12158.5118260,W,1,0,0.0,0.0000,M,0.0000,M,0.0000,0
$GPRMC,231243.00,A,3719.0165620,N,12158.5118260,W,0.0010,212.2583,101220,,,,
$GPGGA,231244.00,3719.0165620,N,12158.5118260,W,1,0,0.0,0.0000,M,0.0000,M,0.0000,0
$GPRMC,231244.00,A,3719.0165620,N,12158.5118260,W,0.0022,212.2571,101220,,,,
$GPGGA,231245.00,3719.0165620,N,12158.5118260,W,1,0,0.0,0.0000,M,0.0000,M,0.0000,0
$GPRMC,231245.00,A,3719.0165620,N,12158.5118260,W,0.0014,212.2559,101220,,,,
$GPGGA,231246.00,3719.0165620,N,12158.5118260,W,1,0,0.0,0.0000,M,0.0000,M,0.0000,0
$GPRMC,231246.00,A,3719.0165620,N,12158.5118260,W,0.0014,212.2551,101220,,,,
$GPGGA,231247.00,3719.0165620,N,12158.5118260,W,1,0,0.0,0.0000,M,0.0000,M,0.0000,0
$GPRMC,231247.00,A,3719.0165620,N,12158.5118260,W,0.0000,212.2541,101220,,,,
$GPGGA,231248.00,3719.0165620,N,12158.5118260,W,1,0,0.0,0.0000,M,0.0000,M,0.0000,0
$GPRMC,231248.00,A,3719.0165620,N,12158.5118260,W,0.0000,212.2529,101220,,,,
$GPGGA,231249.00,3719.0165620,N,12158.5118260,W,1,0,0.0,0.0000,M,0.0000,M,0.0000,0
$GPRMC,231249.00,A,3719.0165620,N,12158.5118260,W,0.0000,212.2519,101220,,,,
$GPGGA,231250.00,3719.0165620,N,12158.5118260,W,1,0,0.0,0.0000,M,0.0000,M,0.0000,0
$GPRMC,231250.00,A,3719.0165620,N,12158.5118260,W,0.0000,212.2507,101220,,,,
$GPGGA,231251.00,3719.0165620,N,12158.5118260,W,1,0,0.0,0.0000,M,0.0000,M,0.0000,0
$GPRMC,231251.00,A,3719.0165620,N,12158.5118260,W,0.0000,212.2495,101220,,,,
$GPGGA,231252.00,3719.0165620,N,12158.5118260,W,1,0,0.0,0.0000,M,0.0000,M,0.0000,0
$GPRMC,231252.00,A,3719.0165620,N,12158.5118260,W,0.0000,212.2485,101220,,,,
$GPGGA,231253.00,3719.0165620,N,12158.5118260,W,1,0,0.0,0.0000,M,0.0000,M,0.0000,0
$GPRMC,231253.00,A,3719.0165620,N,12158.5118260,W,0.0000,212.2477,101220,,,,
$GPGGA,231254.00,3719.0165620,N,12158.5118260,W,1,0,0.0,0.0000,M,0.0000,M,0.0000,0
$GPRMC,231254.00,A,3719.0165620,N,12158.5118260,W,0.0010,212.2463,101220,,,,
$GPGGA,231255.00,3719.0165620,N,12158.5118260,W,1,0,0.0,0.0000,M,0.0000,M,0.0000,0
$GPRMC,231255.00,A,3719.0165620,N,12158.5118260,W,0.0014,212.2455,101220,,,,
$GPGGA,231256.00,3719.0165620,N,12158.5118260,W,1,0,0.0,0.0000,M,0.0000,M,0.0000,0
$GPRMC,231256.00,A,3719.0165620,N,12158.5118260,W,0.0020,212.2441,101220,,,,
$GPGGA,231257.00,3719.0165620,N,12158.5118320,W,1,0,0.0,0.0000,M,0.0000,M,0.0000,0
$GPRMC,231257.00,A,3719.0165620,N,12158.5118320,W,0.0030,212.2430,101220,,,,
$GPGGA,231258.00,3719.0165560,N,12158.5118440,W,1,0,0.0,0.0000,M,0.0000,M,0.0000,0
$GPRMC,231258.00,A,3719.0165560,N,12158.5118440,W,0.0030,212.2421,101220,,,,
$GPGGA,231259.00,3719.0165440,N,12158.5118560,W,1,0,0.0,0.0000,M,0.0000,M,0.0000,0
$GPRMC,231259.00,A,3719.0165440,N,12158.5118560,W,0.0032,212.2412,101220,,,,
$GPGGA,231300.00,3719.0165320,N,12158.5118800,W,1,0,0.0,0.0000,M,0.0000,M,0.0000,0
$GPRMC,231300.00,A,3719.0165320,N,12158.5118800,W,0.0042,212.2401,101220,,,,
$GPGGA,231301.00,3719.0165200,N,12158.5119040,W,1,0,0.0,0.0000,M,0.0000,M,0.0000,0
$GPRMC,231301.00,A,3719.0165200,N,12158.5119040,W,0.0041,212.2391,101220,,,,
$GPGGA,231302.00,3719.0165020,N,12158.5119340,W,1,0,0.0,0.0000,M,0.0000,M,0.0000,0
$GPRMC,231302.00,A,3719.0165020,N,12158.5119340,W,0.0061,212.2379,101220,,,,
$GPGGA,231303.00,3719.0164720,N,12158.5119640,W,1,0,0.0,0.0000,M,0.0000,M,0.0000,0
$GPRMC,231303.00,A,3719.0164720,N,12158.5119640,W,0.0089,212.2370,101220,,,,
$GPGGA,231304.00,3719.0164420,N,12158.5120000,W,1,0,0.0,0.0000,M,0.0000,M,0.0000,0
$GPRMC,231304.00,A,3719.0164420,N,12158.5120000,W,0.0789,212.2381,101220,,,,
$GPGGA,231305.00,3719.0160580,N,12158.5123060,W,1,0,0.0,0.0000,M,0.0000,M,0.0000,0
$GPRMC,231305.00,A,3719.0160580,N,12158.5123060,W,1.8185,212.1090,101220,,,,
$GPGGA,231306.00,3719.0146720,N,12158.5133620,W,1,0,0.0,0.0000,M,0.0000,M,0.0000,0
$GPRMC,231306.00,A,3719.0146720,N,12158.5133620,W,3.8640,211.3085,101220,,,,
$GPGGA,231307.00,3719.0123380,N,12158.5146280,W,1,0,0.0,0.0000,M,0.0000,M,0.0000,0
$GPRMC,231307.00,A,3719.0123380,N,12158.5146280,W,5.5990,204.5237,101220,,,,
$GPGGA,231308.00,3719.0087860,N,12158.5152520,W,1,0,0.0,0.0000,M,0.0000,M,0.0000,0
$GPRMC,231308.00,A,3719.0087860,N,12158.5152520,W,7.6824,188.5247,101220,,,,
$GPGGA,231309.00,3719.0048680,N,12158.5139260,W,1,0,0.0,0.0000,M,0.0000,M,0.0000,0
$GPRMC,231309.00,A,3719.0048680,N,12158.5139260,W,7.8526,162.5137,101220,,,,
$GPGGA,231310.00,3719.0021920,N,12158.5102240,W,1,0,0.0,0.0000,M,0.0000,M,0.0000,0
$GPRMC,231310.00,A,3719.0021920,N,12158.5102240,W,8.1956,132.9290,101220,,,,
$GPGGA,231311.00,3719.0003380,N,12158.5049200,W,1,0,0.0,0.0000,M,0.0000,M,0.0000,0
$GPRMC,231311.00,A,3719.0003380,N,12158.5049200,W,9.9951,114.4963,101220,,,,
$GPGGA,231312.00,3718.9985440,N,12158.4979780,W,1,0,0.0,0.0000,M,0.0000,M,0.0000,0
$GPRMC,231312.00,A,3718.9985440,N,12158.4979780,W,12.0548,107.1361,101220,,,,
$GPGGA,231313.00,3718.9966420,N,12158.4894880,W,1,0,0.0,0.0000,M,0.0000,M,0.0000,0
$GPRMC,231313.00,A,3718.9966420,N,12158.4894880,W,14.2116,104.9964,101220,,,,
$GPGGA,231314.00,3718.9945240,N,12158.4794740,W,1,0,0.0,0.0000,M,0.0000,M,0.0000,0
$GPRMC,231314.00,A,3718.9945240,N,12158.4794740,W,16.5441,104.1539,101220,,,,
$GPGGA,231315.00,3718.9921480,N,12158.4679300,W,1,0,0.0,0.0000,M,0.0000,M,0.0000,0
$GPRMC,231315.00,A,3718.9921480,N,12158.4679300,W,18.3681,103.9497,101220,,,,
$GPGGA,231316.00,3718.9896640,N,12158.4558460,W,1,0,0.0,0.0000,M,0.0000,M,0.0000,0
$GPRMC,231316.00,A,3718.9896640,N,12158.4558460,W,18.4469,104.1037,101220,,,,
$GPGGA,231317.00,3718.9871620,N,12158.4438040,W,1,0,0.0,0.0000,M,0.0000,M,0.0000,0
$GPRMC,231317.00,A,3718.9871620,N,12158.4438040,W,18.3204,104.1851,101220,,,,
$GPGGA,231318.00,3718.9847140,N,12158.4318400,W,1,0,0.0,0.0000,M,0.0000,M,0.0000,0
$GPRMC,231318.00,A,3718.9847140,N,12158.4318400,W,18.2688,103.9786,101220,,,,
$GPGGA,231319.00,3718.9823260,N,12158.4196900,W,1,0,0.0,0.0000,M,0.0000,M,0.0000,0
$GPRMC,231319.00,A,3718.9823260,N,12158.4196900,W,18.8334,103.4605,101220,,,,
$GPGGA,231320.00,3718.9799680,N,12158.4071200,W,1,0,0.0,0.0000,M,0.0000,M,0.0000,0
$GPRMC,231320.00,A,3718.9799680,N,12158.4071200,W,19.2947,102.8737,101220,,,,
$GPGGA,231321.00,3718.9777360,N,12158.3942440,W,1,0,0.0,0.0000,M,0.0000,M,0.0000,0
$GPRMC,231321.00,A,3718.9777360,N,12158.3942440,W,19.6665,101.5829,101220,,,,
$GPGGA,231322.00,3718.9759540,N,12158.3812240,W,1,0,0.0,0.0000,M,0.0000,M,0.0000,0
$GPRMC,231322.00,A,3718.9759540,N,12158.3812240,W,19.5027,98.7187,101220,,,,
$GPGGA,231323.00,3718.9747720,N,12158.3682640,W,1,0,0.0,0.0000,M,0.0000,M,0.0000,0
$GPRMC,231323.00,A,3718.9747720,N,12158.3682640,W,19.2807,95.4510,101220,,,,
$GPGGA,231324.00,3718.9740100,N,12158.3552200,W,1,0,0.0,0.0000,M,0.0000,M,0.0000,0
$GPRMC,231324.00,A,3718.9740100,N,12158.3552200,W,19.5382,93.7388,101220,,,,
$GPGGA,231325.00,3718.9734220,N,12158.3418460,W,1,0,0.0,0.0000,M,0.0000,M,0.0000,0
$GPRMC,231325.00,A,3718.9734220,N,12158.3418460,W,20.0769,92.8716,101220,,,,
$GPGGA,231326.00,3718.9727920,N,12158.3280760,W,1,0,0.0,0.0000,M,0.0000,M,0.0000,0
$GPRMC,231326.00,A,3718.9727920,N,12158.3280760,W,20.6396,93.4609,101220,,,,
$GPGGA,231327.00,3718.9720180,N,12158.3140180,W,1,0,0.0,0.0000,M,0.0000,M,0.0000,0
$GPRMC,231327.00,A,3718.9720180,N,12158.3140180,W,20.7698,93.9348,101220,,,,
$GPGGA,231328.00,3718.9711840,N,12158.3000620,W,1,0,0.0,0.0000,M,0.0000,M,0.0000,0
$GPRMC,231328.00,A,3718.9711840,N,12158.3000620,W,20.5623,94.4863,101220,,,,
$GPGGA,231329.00,3718.9703020,N,12158.2861180,W,1,0,0.0,0.0000,M,0.0000,M,0.0000,0
$GPRMC,231329.00,A,3718.9703020,N,12158.2861180,W,20.8479,94.2962,101220,,,,
$GPGGA,231330.00,3718.9694440,N,12158.2721140,W,1,0,0.0,0.0000,M,0.0000,M,0.0000,0
$GPRMC,231330.00,A,3718.9694440,N,12158.2721140,W,20.6191,94.3822,101220,,,,
$GPGGA,231331.00,3718.9685800,N,12158.2582960,W,1,0,0.0,0.0000,M,0.0000,M,0.0000,0
$GPRMC,231331.00,A,3718.9685800,N,12158.2582960,W,20.2969,94.3208,101220,,,,
$GPGGA,231332.00,3718.9678960,N,12158.2448260,W,1,0,0.0,0.0000,M,0.0000,M,0.0000,0
$GPRMC,231332.00,A,3718.9678960,N,12158.2448260,W,19.5587,93.3850,101220,,,,
$GPGGA,231333.00,3718.9674640,N,12158.2319620,W,1,0,0.0,0.0000,M,0.0000,M,0.0000,0
$GPRMC,231333.00,A,3718.9674640,N,12158.2319620,W,18.4703,91.7852,101220,,,,
$GPGGA,231334.00,3718.9673560,N,12158.2197880,W,1,0,0.0,0.0000,M,0.0000,M,0.0000,0
$GPRMC,231334.00,A,3718.9673560,N,12158.2197880,W,17.7096,90.3122,101220,,,,
$GPGGA,231335.00,3718.9674640,N,12158.2079080,W,1,0,0.0,0.0000,M,0.0000,M,0.0000,0
$GPRMC,231335.00,A,3718.9674640,N,12158.2079080,W,17.4141,89.0972,101220,,,,
$GPGGA,231336.00,3718.9676860,N,12158.1962200,W,1,0,0.0,0.0000,M,0.0000,M,0.0000,0
$GPRMC,231336.00,A,3718.9676860,N,12158.1962200,W,17.1648,88.5197,101220,,,,
$GPGGA,231337.00,3718.9679140,N,12158.1846460,W,1,0,0.0,0.0000,M,0.0000,M,0.0000,0
$GPRMC,231337.00,A,3718.9679140,N,12158.1846460,W,17.1453,88.1828,101220,,,,
$GPGGA,231338.00,3718.9683160,N,12158.1728860,W,1,0,0.0,0.0000,M,0.0000,M,0.0000,0
$GPRMC,231338.00,A,3718.9683160,N,12158.1728860,W,17.7174,87.4379,101220,,,,
$GPGGA,231339.00,3718.9686700,N,12158.1607000,W,1,0,0.0,0.0000,M,0.0000,M,0.0000,0
$GPRMC,231339.00,A,3718.9686700,N,12158.1607000,W,18.2965,87.9048,101220,,,,
$GPGGA,231340.00,3718.9691320,N,12158.1481600,W,1,0,0.0,0.0000,M,0.0000,M,0.0000,0
$GPRMC,231340.00,A,3718.9691320,N,12158.1481600,W,18.8467,86.4603,101220,,,,
$GPGGA,231341.00,3718.9699360,N,12158.1351880,W,1,0,0.0,0.0000,M,0.0000,M,0.0000,0
$GPRMC,231341.00,A,3718.9699360,N,12158.1351880,W,19.6727,84.9846,101220,,,,
$GPGGA,231342.00,3718.9709080,N,12158.1214780,W,1,0,0.0,0.0000,M,0.0000,M,0.0000,0
$GPRMC,231342.00,A,3718.9709080,N,12158.1214780,W,21.0379,84.8117,101220,,,,
$GPGGA,231343.00,3718.9717840,N,12158.1068440,W,1,0,0.0,0.0000,M,0.0000,M,0.0000,0
$GPRMC,231343.00,A,3718.9717840,N,12158.1068440,W,22.2273,86.1852,101220,,,,
$GPGGA,231344.00,3718.9724860,N,12158.0915140,W,1,0,0.0,0.0000,M,0.0000,M,0.0000,0
$GPRMC,231344.00,A,3718.9724860,N,12158.0915140,W,22.9201,87.0220,101220,,,,
$GPGGA,231345.00,3718.9730140,N,12158.0760880,W,1,0,0.0,0.0000,M,0.0000,M,0.0000,0
$GPRMC,231345.00,A,3718.9730140,N,12158.0760880,W,22.6821,87.5522,101220,,,,
$GPGGA,231346.00,3718.9735240,N,12158.0608720,W,1,0,0.0,0.0000,M,0.0000,M,0.0000,0
$GPRMC,231346.00,A,3718.9735240,N,12158.0608720,W,22.2959,87.5942,101220,,,,
$GPGGA,231347.00,3718.9740340,N,12158.0459500,W,1,0,0.0,0.0000,M,0.0000,M,0.0000,0
$GPRMC,231347.00,A,3718.9740340,N,12158.0459500,W,21.8468,87.2369,101220,,,,
$GPGGA,231348.00,3718.9746160,N,12158.0313460,W,1,0,0.0,0.0000,M,0.0000,M,0.0000,0
$GPRMC,231348.00,A,3718.9746160,N,12158.0313460,W,21.3738,86.8343,101220,,,,
$GPGGA,231349.00,3718.9754020,N,12158.0169400,W,1,0,0.0,0.0000,M,0.0000,M,0.0000,0
$GPRMC,231349.00,A,3718.9754020,N,12158.0169400,W,21.4904,85.4950,101220,,,,
$GPGGA,231350.00,3718.9763980,N,12158.0022040,W,1,0,0.0,0.0000,M,0.0000,M,0.0000,0
$GPRMC,231350.00,A,3718.9763980,N,12158.0022040,W,22.3490,84.9399,101220,,,,
$GPGGA,231351.00,3718.9773820,N,12157.9866640,W,1,0,0.0,0.0000,M,0.0000,M,0.0000,0
$GPRMC,231351.00,A,3718.9773820,N,12157.9866640,W,23.8282,85.6927,101220,,,,
$GPGGA,231352.00,3718.9782580,N,12157.9700440,W,1,0,0.0,0.0000,M,0.0000,M,0.0000,0
$GPRMC,231352.00,A,3718.9782580,N,12157.9700440,W,25.2326,86.4585,101220,,,,
$GPGGA,231353.00,3718.9789480,N,12157.9529200,W,1,0,0.0,0.0000,M,0.0000,M,0.0000,0
$GPRMC,231353.00,A,3718.9789480,N,12157.9529200,W,25.3491,87.3051,101220,,,,
$GPGGA,231354.00,3718.9795480,N,12157.9357780,W,1,0,0.0,0.0000,M,0.0000,M,0.0000,0
$GPRMC,231354.00,A,3718.9795480,N,12157.9357780,W,25.3699,87.4412,101220,,,,
$GPGGA,231355.00,3718.9801420,N,12157.9185820,W,1,0,0.0,0.0000,M,0.0000,M,0.0000,0
$GPRMC,231355.00,A,3718.9801420,N,12157.9185820,W,25.5332,87.5653,101220,,,,
$GPGGA,231356.00,3718.9806820,N,12157.9012180,W,1,0,0.0,0.0000,M,0.0000,M,0.0000,0
$GPRMC,231356.00,A,3718.9806820,N,12157.9012180,W,25.8610,87.7753,101220,,,,
$GPGGA,231357.00,3718.9812100,N,12157.8835840,W,1,0,0.0,0.0000,M,0.0000,M,0.0000,0
$GPRMC,231357.00,A,3718.9812100,N,12157.8835840,W,26.3040,87.7562,101220,,,,
$GPGGA,231358.00,3718.9817620,N,12157.8656380,W,1,0,0.0,0.0000,M,0.0000,M,0.0000,0
$GPRMC,231358.00,A,3718.9817620,N,12157.8656380,W,26.7635,87.8075,101220,,,,
$GPGGA,231359.00,3718.9821820,N,12157.8473320,W,1,0,0.0,0.0000,M,0.0000,M,0.0000,0
$GPRMC,231359.00,A,3718.9821820,N,12157.8473320,W,27.3201,88.8241,101220,,,,
$GPGGA,231400.00,3718.9823320,N,12157.8286480,W,1,0,0.0,0.0000,M,0.0000,M,0.0000,0
$GPRMC,231400.00,A,3718.9823320,N,12157.8286480,W,27.8372,89.7145,101220,,,,
$GPGGA,231401.00,3718.9822780,N,12157.8098440,W,1,0,0.0,0.0000,M,0.0000,M,0.0000,0
$GPRMC,231401.00,A,3718.9822780,N,12157.8098440,W,27.6979,90.4707,101220,,,,
$GPGGA,231402.00,3718.9820560,N,12157.7910940,W,1,0,0.0,0.0000,M,0.0000,M,0.0000,0
$GPRMC,231402.00,A,3718.9820560,N,12157.7910940,W,27.8445,90.9472,101220,,,,
$GPGGA,231403.00,3718.9817440,N,12157.7720920,W,1,0,0.0,0.0000,M,0.0000,M,0.0000,0
$GPRMC,231403.00,A,3718.9817440,N,12157.7720920,W,28.3294,90.9343,101220,,,,
$GPGGA,231404.00,3718.9814680,N,12157.7527480,W,1,0,0.0,0.0000,M,0.0000,M,0.0000,0
$GPRMC,231404.00,A,3718.9814680,N,12157.7527480,W,28.8494,90.6321,101220,,,,
$GPGGA,231405.00,3718.9812040,N,12157.7330260,W,1,0,0.0,0.0000,M,0.0000,M,0.0000,0
$GPRMC,231405.00,A,3718.9812040,N,12157.7330260,W,29.3591,90.6886,101220,,,,
$GPGGA,231406.00,3718.9809700,N,12157.7129680,W,1,0,0.0,0.0000,M,0.0000,M,0.0000,0
$GPRMC,231406.00,A,3718.9809700,N,12157.7129680,W,29.8730,90.9236,101220,,,,
$GPGGA,231407.00,3718.9806820,N,12157.6926100,W,1,0,0.0,0.0000,M,0.0000,M,0.0000,0
$GPRMC,231407.00,A,3718.9806820,N,12157.6926100,W,30.2671,90.9019,101220,,,,
$GPGGA,231408.00,3718.9804000,N,12157.6719760,W,1,0,0.0,0.0000,M,0.0000,M,0.0000,0
$GPRMC,231408.00,A,3718.9804000,N,12157.6719760,W,30.7857,90.8484,101220,,,,
$GPGGA,231409.00,3718.9801060,N,12157.6509220,W,1,0,0.0,0.0000,M,0.0000,M,0.0000,0
$GPRMC,231409.00,A,3718.9801060,N,12157.6509220,W,31.4112,90.7668,101220,,,,
$GPGGA,231410.00,3718.9798300,N,12157.6294660,W,1,0,0.0,0.0000,M,0.0000,M,0.0000,0
$GPRMC,231410.00,A,3718.9798300,N,12157.6294660,W,31.9941,90.6724,101220,,,,
$GPGGA,231411.00,3718.9795120,N,12157.6078300,W,1,0,0.0,0.0000,M,0.0000,M,0.0000,0
$GPRMC,231411.00,A,3718.9795120,N,12157.6078300,W,31.8530,91.0195,101220,,,,
$GPGGA,231412.00,3718.9791520,N,12157.5863980,W,1,0,0.0,0.0000,M,0.0000,M,0.0000,0
$GPRMC,231412.00,A,3718.9791520,N,12157.5863980,W,31.4913,90.9008,101220,,,,
$GPGGA,231413.00,3718.9789180,N,12157.5652360,W,1,0,0.0,0.0000,M,0.0000,M,0.0000,0
$GPRMC,231413.00,A,3718.9789180,N,12157.5652360,W,31.0648,90.6674,101220,,,,
$GPGGA,231414.00,3718.9784200,N,12157.5443020,W,1,0,0.0,0.0000,M,0.0000,M,0.0000,0
$GPRMC,231414.00,A,3718.9784200,N,12157.5443020,W,30.8971,91.7358,101220,,,,
$GPGGA,231415.00,3718.9778380,N,12157.5232900,W,1,0,0.0,0.0000,M,0.0000,M,0.0000,0
$GPRMC,231415.00,A,3718.9778380,N,12157.5232900,W,31.2154,91.9586,101220,,,,
$GPGGA,231416.00,3718.9773580,N,12157.5021100,W,1,0,0.0,0.0000,M,0.0000,M,0.0000,0
$GPRMC,231416.00,A,3718.9773580,N,12157.5021100,W,31.2611,91.1039,101220,,,,
$GPGGA,231417.00,3718.9772860,N,12157.4810200,W,1,0,0.0,0.0000,M,0.0000,M,0.0000,0
$GPRMC,231417.00,A,3718.9772860,N,12157.4810200,W,31.2420,89.6607,101220,,,,
$GPGGA,231418.00,3718.9777060,N,12157.4594920,W,1,0,0.0,0.0000,M,0.0000,M,0.0000,0
$GPRMC,231418.00,A,3718.9777060,N,12157.4594920,W,32.6129,88.0511,101220,,,,
$GPGGA,231419.00,3718.9784860,N,12157.4368900,W,1,0,0.0,0.0000,M,0.0000,M,0.0000,0
$GPRMC,231419.00,A,3718.9784860,N,12157.4368900,W,34.2025,87.0342,101220,,,,
$GPGGA,231420.00,3718.9795240,N,12157.4133700,W,1,0,0.0,0.0000,M,0.0000,M,0.0000,0
$GPRMC,231420.00,A,3718.9795240,N,12157.4133700,W,34.9192,86.8714,101220,,,,
$GPGGA,231421.00,3718.9803160,N,12157.3898380,W,1,0,0.0,0.0000,M,0.0000,M,0.0000,0
$GPRMC,231421.00,A,3718.9803160,N,12157.3898380,W,34.7050,87.8172,101220,,,,
$GPGGA,231422.00,3718.9811740,N,12157.3664920,W,1,0,0.0,0.0000,M,0.0000,M,0.0000,0
$GPRMC,231422.00,A,3718.9811740,N,12157.3664920,W,34.3722,86.6600,101220,,,,
$GPGGA,231423.00,3718.9823860,N,12157.3434100,W,1,0,0.0,0.0000,M,0.0000,M,0.0000,0
$GPRMC,231423.00,A,3718.9823860,N,12157.3434100,W,34.0521,85.6121,101220,,,,
$GPGGA,231424.00,3718.9837960,N,12157.3207060,W,1,0,0.0,0.0000,M,0.0000,M,0.0000,0
$GPRMC,231424.00,A,3718.9837960,N,12157.3207060,W,32.9370,85.4307,101220,,,,
$GPGGA,231425.00,3718.9850500,N,12157.2994540,W,1,0,0.0,0.0000,M,0.0000,M,0.0000,0
$GPRMC,231425.00,A,3718.9850500,N,12157.2994540,W,29.8824,86.0036,101220,,,,
$GPGGA,231426.00,3718.9858360,N,12157.2802900,W,1,0,0.0,0.0000,M,0.0000,M,0.0000,0
$GPRMC,231426.00,A,3718.9858360,N,12157.2802900,W,27.0805,87.7490,101220,,,,
$GPGGA,231427.00,3718.9862500,N,12157.2621700,W,1,0,0.0,0.0000,M,0.0000,M,0.0000,0
$GPRMC,231427.00,A,3718.9862500,N,12157.2621700,W,26.6082,88.4933,101220,,,,
$GPGGA,231428.00,3718.9865380,N,12157.2442420,W,1,0,0.0,0.0000,M,0.0000,M,0.0000,0
$GPRMC,231428.00,A,3718.9865380,N,12157.2442420,W,26.3712,88.5480,101220,,,,
$GPGGA,231429.00,3718.9869220,N,12157.2265060,W,1,0,0.0,0.0000,M,0.0000,M,0.0000,0
$GPRMC,231429.00,A,3718.9869220,N,12157.2265060,W,26.0804,88.1072,101220,,,,
$GPGGA,231430.00,3718.9873660,N,12157.2089920,W,1,0,0.0,0.0000,M,0.0000,M,0.0000,0
$GPRMC,231430.00,A,3718.9873660,N,12157.2089920,W,25.7343,87.9989,101220,,,,
$GPGGA,231431.00,3718.9877440,N,12157.1916880,W,1,0,0.0,0.0000,M,0.0000,M,0.0000,0
$GPRMC,231431.00,A,3718.9877440,N,12157.1916880,W,25.4357,88.4307,101220,,,,
$GPGGA,231432.00,3718.9879900,N,12157.1745640,W,1,0,0.0,0.0000,M,0.0000,M,0.0000,0
$GPRMC,231432.00,A,3718.9879900,N,12157.1745640,W,25.0422,88.5314,101220,,,,
$GPGGA,231433.00,3718.9882660,N,12157.1579260,W,1,0,0.0,0.0000,M,0.0000,M,0.0000,0
$GPRMC,231433.00,A,3718.9882660,N,12157.1579260,W,23.6981,88.5432,101220,,,,
$GPGGA,231434.00,3718.9885600,N,12157.1427760,W,1,0,0.0,0.0000,M,0.0000,M,0.0000,0
$GPRMC,231434.00,A,3718.9885600,N,12157.1427760,W,21.1724,88.9486,101220,,,,
$GPGGA,231435.00,3718.9886860,N,12157.1291320,W,1,0,0.0,0.0000,M,0.0000,M,0.0000,0
$GPRMC,231435.00,A,3718.9886860,N,12157.1291320,W,19.1562,89.0721,101220,,,,
$GPGGA,231436.00,3718.9888840,N,12157.1171620,W,1,0,0.0,0.0000,M,0.0000,M,0.0000,0
$GPRMC,231436.00,A,3718.9888840,N,12157.1171620,W,15.8803,88.9230,101220,,,,
$GPGGA,231437.00,3718.9895980,N,12157.1084620,W,1,0,0.0,0.0000,M,0.0000,M,0.0000,0
$GPRMC,231437.00,A,3718.9895980,N,12157.1084620,W,9.7908,95.6403,101220,,,,
$GPGGA,231438.00,3718.9884700,N,12157.1042140,W,1,0,0.0,0.0000,M,0.0000,M,0.0000,0
$GPRMC,231438.00,A,3718.9884700,N,12157.1042140,W,3.1886,99.4698,101220,,,,
$GPGGA,231439.00,3718.9880560,N,12157.1029480,W,1,0,0.0,0.0000,M,0.0000,M,0.0000,0
$GPRMC,231439.00,A,3718.9880560,N,12157.1029480,W,1.4204,102.8076,101220,,,,
$GPGGA,231440.00,3718.9877620,N,12157.1023540,W,1,0,0.0,0.0000,M,0.0000,M,0.0000,0
$GPRMC,231440.00,A,3718.9877620,N,12157.1023540,W,0.9296,105.8636,101220,,,,
$GPGGA,231441.00,3718.9875760,N,12157.1019520,W,1,0,0.0,0.0000,M,0.0000,M,0.0000,0
$GPRMC,231441.00,A,3718.9875760,N,12157.1019520,W,0.9885,105.9511,101220,,,,
$GPGGA,231442.00,3718.9873840,N,12157.1013580,W,1,0,0.0,0.0000,M,0.0000,M,0.0000,0
$GPRMC,231442.00,A,3718.9873840,N,12157.1013580,W,1.5353,105.5804,101220,,,,
$GPGGA,231443.00,3718.9870360,N,12157.1000320,W,1,0,0.0,0.0000,M,0.0000,M,0.0000,0
$GPRMC,231443.00,A,3718.9870360,N,12157.1000320,W,3.0925,105.3612,101220,,,,
$GPGGA,231444.00,3718.9863700,N,12157.0974820,W,1,0,0.0,0.0000,M,0.0000,M,0.0000,0
$GPRMC,231444.00,A,3718.9863700,N,12157.0974820,W,5.0302,106.9931,101220,,,,
$GPGGA,231445.00,3718.9850080,N,12157.0938340,W,1,0,0.0,0.0000,M,0.0000,M,0.0000,0
$GPRMC,231445.00,A,3718.9850080,N,12157.0938340,W,6.5448,117.5747,101220,,,,
$GPGGA,231446.00,3718.9824160,N,12157.0906600,W,1,0,0.0,0.0000,M,0.0000,M,0.0000,0
$GPRMC,231446.00,A,3718.9824160,N,12157.0906600,W,6.5851,140.7515,101220,,,,
$GPGGA,231447.00,3718.9789300,N,12157.0889140,W,1,0,0.0,0.0000,M,0.0000,M,0.0000,0
$GPRMC,231447.00,A,3718.9789300,N,12157.0889140,W,6.9404,162.0256,101220,,,,
$GPGGA,231448.00,3718.9751860,N,12157.0879600,W,1,0,0.0,0.0000,M,0.0000,M,0.0000,0
$GPRMC,231448.00,A,3718.9751860,N,12157.0879600,W,7.0601,169.1865,101220,,,,
$GPGGA,231449.00,3718.9715080,N,12157.0866100,W,1,0,0.0,0.0000,M,0.0000,M,0.0000,0
$GPRMC,231449.00,A,3718.9715080,N,12157.0866100,W,6.8542,160.3995,101220,,,,
$GPGGA,231450.00,3718.9686760,N,12157.0840060,W,1,0,0.0,0.0000,M,0.0000,M,0.0000,0
$GPRMC,231450.00,A,3718.9686760,N,12157.0840060,W,6.4775,138.8231,101220,,,,
$GPGGA,231451.00,3718.9670620,N,12157.0800820,W,1,0,0.0,0.0000,M,0.0000,M,0.0000,0
$GPRMC,231451.00,A,3718.9670620,N,12157.0800820,W,6.9334,113.7733,101220,,,,
$GPGGA,231452.00,3718.9666300,N,12157.0751680,W,1,0,0.0,0.0000,M,0.0000,M,0.0000,0
$GPRMC,231452.00,A,3718.9666300,N,12157.0751680,W,7.8330,95.4473,101220,,,,
$GPGGA,231453.00,3718.9666180,N,12157.0691860,W,1,0,0.0,0.0000,M,0.0000,M,0.0000,0
$GPRMC,231453.00,A,3718.9666180,N,12157.0691860,W,9.8631,90.8723,101220,,,,
$GPGGA,231454.00,3718.9666480,N,12157.0620760,W,1,0,0.0,0.0000,M,0.0000,M,0.0000,0
$GPRMC,231454.00,A,3718.9666480,N,12157.0620760,W,10.6752,90.4785,101220,,,,
$GPGGA,231455.00,3718.9665940,N,12157.0548520,W,1,0,0.0,0.0000,M,0.0000,M,0.0000,0
$GPRMC,231455.00,A,3718.9665940,N,12157.0548520,W,10.5727,91.6363,101220,,,,
$GPGGA,231456.00,3718.9664980,N,12157.0475500,W,1,0,0.0,0.0000,M,0.0000,M,0.0000,0
$GPRMC,231456.00,A,3718.9664980,N,12157.0475500,W,11.1746,92.3643,101220,,,,
$GPGGA,231457.00,3718.9662340,N,12157.0394560,W,1,0,0.0,0.0000,M,0.0000,M,0.0000,0
$GPRMC,231457.00,A,3718.9662340,N,12157.0394560,W,12.2867,92.6531,101220,,,,
$GPGGA,231458.00,3718.9658980,N,12157.0311280,W,1,0,0.0,0.0000,M,0.0000,M,0.0000,0
$GPRMC,231458.00,A,3718.9658980,N,12157.0311280,W,12.2805,92.8118,101220,,,,
$GPGGA,231459.00,3718.9655980,N,12157.0231960,W,1,0,0.0,0.0000,M,0.0000,M,0.0000,0
$GPRMC,231459.00,A,3718.9655980,N,12157.0231960,W,11.2771,92.3261,101220,,,,
$GPGGA,231500.00,3718.9655200,N,12157.0162180,W,1,0,0.0,0.0000,M,0.0000,M,0.0000,0
$GPRMC,231500.00,A,3718.9655200,N,12157.0162180,W,9.7282,89.1710,101220,,,,
$GPGGA,231501.00,3718.9664080,N,12157.0101580,W,1,0,0.0,0.0000,M,0.0000,M,0.0000,0
$GPRMC,231501.00,A,3718.9664080,N,12157.0101580,W,8.6615,75.0826,101220,,,,
$GPGGA,231502.00,3718.9689160,N,12157.0055320,W,1,0,0.0,0.0000,M,0.0000,M,0.0000,0
$GPRMC,231502.00,A,3718.9689160,N,12157.0055320,W,8.2991,47.9090,101220,,,,
$GPGGA,231503.00,3718.9729000,N,12157.0029460,W,1,0,0.0,0.0000,M,0.0000,M,0.0000,0
$GPRMC,231503.00,A,3718.9729000,N,12157.0029460,W,8.6929,21.4740,101220,,,,
$GPGGA,231504.00,3718.9776340,N,12157.0021420,W,1,0,0.0,0.0000,M,0.0000,M,0.0000,0
$GPRMC,231504.00,A,3718.9776340,N,12157.0021420,W,9.1553,5.6801,101220,,,,
$GPGGA,231505.00,3718.9827460,N,12157.0016200,W,1,0,0.0,0.0000,M,0.0000,M,0.0000,0
$GPRMC,231505.00,A,3718.9827460,N,12157.0016200,W,10.0229,5.4666,101220,,,,
$GPGGA,231506.00,3718.9886320,N,12157.0010380,W,1,0,0.0,0.0000,M,0.0000,M,0.0000,0
$GPRMC,231506.00,A,3718.9886320,N,12157.0010380,W,12.4480,3.8642,101220,,,,
$GPGGA,231507.00,3718.9961440,N,12157.0006600,W,1,0,0.0,0.0000,M,0.0000,M,0.0000,0
$GPRMC,231507.00,A,3718.9961440,N,12157.0006600,W,14.6354,1.7748,101220,,,,
$GPGGA,231508.00,3719.0041300,N,12157.0004680,W,1,0,0.0,0.0000,M,0.0000,M,0.0000,0
$GPRMC,231508.00,A,3719.0041300,N,12157.0004680,W,14.8258,0.6836,101220,,,,
$GPGGA,231509.00,3719.0120920,N,12157.0003840,W,1,0,0.0,0.0000,M,0.0000,M,0.0000,0
$GPRMC,231509.00,A,3719.0120920,N,12157.0003840,W,14.6363,0.2031,101220,,,,
$GPGGA,231510.00,3719.0197540,N,12157.0002400,W,1,0,0.0,0.0000,M,0.0000,M,0.0000,0
$GPRMC,231510.00,A,3719.0197540,N,12157.0002400,W,13.2256,359.8966,101220,,,,
$GPGGA,231511.00,3719.0261380,N,12157.0003780,W,1,0,0.0,0.0000,M,0.0000,M,0.0000,0
$GPRMC,231511.00,A,3719.0261380,N,12157.0003780,W,10.3682,358.7914,101220,,,,
$GPGGA,231512.00,3719.0307880,N,12157.0000840,W,1,0,0.0,0.0000,M,0.0000,M,0.0000,0
$GPRMC,231512.00,A,3719.0307880,N,12157.0000840,W,7.2353,5.9625,101220,,,,
$GPGGA,231513.00,3719.0339980,N,12156.9981220,W,1,0,0.0,0.0000,M,0.0000,M,0.0000,0
$GPRMC,231513.00,A,3719.0339980,N,12156.9981220,W,6.0110,32.9019,101220,,,,
$GPGGA,231514.00,3719.0354020,N,12156.9944260,W,1,0,0.0,0.0000,M,0.0000,M,0.0000,0
$GPRMC,231514.00,A,3719.0354020,N,12156.9944260,W,5.8105,69.6797,101220,,,,
$GPGGA,231515.00,3719.0355400,N,12156.9899740,W,1,0,0.0,0.0000,M,0.0000,M,0.0000,0
$GPRMC,231515.00,A,3719.0355400,N,12156.9899740,W,7.2180,88.1943,101220,,,,
$GPGGA,231516.00,3719.0353780,N,12156.9843160,W,1,0,0.0,0.0000,M,0.0000,M,0.0000,0
$GPRMC,231516.00,A,3719.0353780,N,12156.9843160,W,9.3371,92.5238,101220,,,,
$GPGGA,231517.00,3719.0350960,N,12156.9776800,W,1,0,0.0,0.0000,M,0.0000,M,0.0000,0
$GPRMC,231517.00,A,3719.0350960,N,12156.9776800,W,10.0465,92.8952,101220,,,,
$GPGGA,231518.00,3719.0348440,N,12156.9709420,W,1,0,0.0,0.0000,M,0.0000,M,0.0000,0
$GPRMC,231518.00,A,3719.0348440,N,12156.9709420,W,9.8365,92.6057,101220,,,,
$GPGGA,231519.00,3719.0345680,N,12156.9644500,W,1,0,0.0,0.0000,M,0.0000,M,0.0000,0
$GPRMC,231519.00,A,3719.0345680,N,12156.9644500,W,9.3342,92.9965,101220,,,,
$GPGGA,231520.00,3719.0341780,N,12156.9585100,W,1,0,0.0,0.0000,M,0.0000,M,0.0000,0
$GPRMC,231520.00,A,3719.0341780,N,12156.9585100,W,8.0389,93.6714,101220,,,,
$GPGGA,231521.00,3719.0339560,N,12156.9535600,W,1,0,0.0,0.0000,M,0.0000,M,0.0000,0
$GPRMC,231521.00,A,3719.0339560,N,12156.9535600,W,6.7539,93.9110,101220,,,,
$GPGGA,231522.00,3719.0337880,N,12156.9491860,W,1,0,0.0,0.0000,M,0.0000,M,0.0000,0
$GPRMC,231522.00,A,3719.0337880,N,12156.9491860,W,6.1577,93.2627,101220,,,,
$GPGGA,231523.00,3719.0338840,N,12156.9452260,W,1,0,0.0,0.0000,M,0.0000,M,0.0000,0
$GPRMC,231523.00,A,3719.0338840,N,12156.9452260,W,5.7042,86.3549,101220,,,,
$GPGGA,231524.00,3719.0352220,N,12156.9418600,W,1,0,0.0,0.0000,M,0.0000,M,0.0000,0
$GPRMC,231524.00,A,3719.0352220,N,12156.9418600,W,5.8349,59.2153,101220,,,,
$GPGGA,231525.00,3719.0376280,N,12156.9395860,W,1,0,0.0,0.0000,M,0.0000,M,0.0000,0
$GPRMC,231525.00,A,3719.0376280,N,12156.9395860,W,5.6822,34.1189,101220,,,,
$GPGGA,231526.00,3719.0404660,N,12156.9386440,W,1,0,0.0,0.0000,M,0.0000,M,0.0000,0
$GPRMC,231526.00,A,3719.0404660,N,12156.9386440,W,5.4742,13.0960,101220,,,,
$GPGGA,231527.00,3719.0434660,N,12156.9383080,W,1,0,0.0,0.0000,M,0.0000,M,0.0000,0
$GPRMC,231527.00,A,3719.0434660,N,12156.9383080,W,5.6764,5.1238,101220,,,,
$GPGGA,231528.00,3719.0465140,N,12156.9383260,W,1,0,0.0,0.0000,M,0.0000,M,0.0000,0
$GPRMC,231528.00,A,3719.0465140,N,12156.9383260,W,5.6583,359.7490,101220,,,,
$GPGGA,231529.00,3719.0496280,N,12156.9384940,W,1,0,0.0,0.0000,M,0.0000,M,0.0000,0
$GPRMC,231529.00,A,3719.0496280,N,12156.9384940,W,5.9239,358.0824,101220,,,,
$GPGGA,231530.00,3719.0528800,N,12156.9386380,W,1,0,0.0,0.0000,M,0.0000,M,0.0000,0
$GPRMC,231530.00,A,3719.0528800,N,12156.9386380,W,6.0141,358.4093,101220,,,,
$GPGGA,231531.00,3719.0560900,N,12156.9388180,W,1,0,0.0,0.0000,M,0.0000,M,0.0000,0
$GPRMC,231531.00,A,3719.0560900,N,12156.9388180,W,5.8728,358.7533,101220,,,,
$GPGGA,231532.00,3719.0592880,N,12156.9388780,W,1,0,0.0,0.0000,M,0.0000,M,0.0000,0
$GPRMC,231532.00,A,3719.0592880,N,12156.9388780,W,5.9078,358.7079,101220,,,,
$GPGGA,231533.00,3719.0624140,N,12156.9389680,W,1,0,0.0,0.0000,M,0.0000,M,0.0000,0
$GPRMC,231533.00,A,3719.0624140,N,12156.9389680,W,5.6587,358.3705,101220,,,,
$GPGGA,231534.00,3719.0653180,N,12156.9390760,W,1,0,0.0,0.0000,M,0.0000,M,0.0000,0
$GPRMC,231534.00,A,3719.0653180,N,12156.9390760,W,5.0121,358.1862,101220,,,,
$GPGGA,231535.00,3719.0677000,N,12156.9390520,W,1,0,0.0,0.0000,M,0.0000,M,0.0000,0
$GPRMC,231535.00,A,3719.0677000,N,12156.9390520,W,3.7541,0.7507,101220,,,,
$GPGGA,231536.00,3719.0692960,N,12156.9382420,W,1,0,0.0,0.0000,M,0.0000,M,0.0000,0
$GPRMC,231536.00,A,3719.0692960,N,12156.9382420,W,2.5428,21.3841,101220,,,,
$GPGGA,231537.00,3719.0700640,N,12156.9365140,W,1,0,0.0,0.0000,M,0.0000,M,0.0000,0
$GPRMC,231537.00,A,3719.0700640,N,12156.9365140,W,2.6969,52.5869,101220,,,,
$GPGGA,231538.00,3719.0703100,N,12156.9342820,W,1,0,0.0,0.0000,M,0.0000,M,0.0000,0
$GPRMC,231538.00,A,3719.0703100,N,12156.9342820,W,3.6261,76.7541,101220,,,,
$GPGGA,231539.00,3719.0694400,N,12156.9326080,W,1,0,0.0,0.0000,M,0.0000,M,0.0000,0
$GPRMC,231539.00,A,3719.0694400,N,12156.9326080,W,4.5681,84.8021,101220,,,,
$GPGGA,231540.00,3719.0649460,N,12156.9325600,W,1,0,0.0,0.0000,M,0.0000,M,0.0000,0
$GPRMC,231540.00,A,3719.0649460,N,12156.9325600,W,5.2724,87.2306,101220,,,,
$GPGGA,231541.00,3719.0628340,N,12156.9292480,W,1,0,0.0,0.0000,M,0.0000,M,0.0000,0
$GPRMC,231541.00,A,3719.0628340,N,12156.9292480,W,5.3731,88.7657,101220,,,,
$GPGGA,231542.00,3719.0635840,N,12156.9257620,W,1,0,0.0,0.0000,M,0.0000,M,0.0000,0
$GPRMC,231542.00,A,3719.0635840,N,12156.9257620,W,5.1845,89.2866,101220,,,,
$GPGGA,231543.00,3719.0674420,N,12156.9219160,W,1,0,0.0,0.0000,M,0.0000,M,0.0000,0
$GPRMC,231543.00,A,3719.0674420,N,12156.9219160,W,4.9893,90.7735,101220,,,,
$GPGGA,231544.00,3719.0706640,N,12156.9173680,W,1,0,0.0,0.0000,M,0.0000,M,0.0000,0
$GPRMC,231544.00,A,3719.0706640,N,12156.9173680,W,4.8026,91.9277,101220,,,,
$GPGGA,231545.00,3719.0725300,N,12156.9119800,W,1,0,0.0,0.0000,M,0.0000,M,0.0000,0
$GPRMC,231545.00,A,3719.0725300,N,12156.9119800,W,4.5755,91.8707,101220,,,,
$GPGGA,231546.00,3719.0736820,N,12156.9064900,W,1,0,0.0,0.0000,M,0.0000,M,0.0000,0
$GPRMC,231546.00,A,3719.0736820,N,12156.9064900,W,4.3291,91.9356,101220,,,,
$GPGGA,231547.00,3719.0745220,N,12156.9029200,W,1,0,0.0,0.0000,M,0.0000,M,0.0000,0
$GPRMC,231547.00,A,3719.0745220,N,12156.9029200,W,3.5274,86.2120,101220,,,,
$GPGGA,231548.00,3719.0756320,N,12156.9012820,W,1,0,0.0,0.0000,M,0.0000,M,0.0000,0
$GPRMC,231548.00,A,3719.0756320,N,12156.9012820,W,2.9338,68.3013,101220,,,,
$GPGGA,231549.00,3719.0742100,N,12156.9019660,W,1,0,0.0,0.0000,M,0.0000,M,0.0000,0
$GPRMC,231549.00,A,3719.0742100,N,12156.9019660,W,2.2862,44.8596,101220,,,,
$GPGGA,231550.00,3719.0741980,N,12156.9021100,W,1,0,0.0,0.0000,M,0.0000,M,0.0000,0
$GPRMC,231550.00,A,3719.0741980,N,12156.9021100,W,1.6964,19.1016,101220,,,,
$GPGGA,231551.00,3719.0747440,N,12156.9024880,W,1,0,0.0,0.0000,M,0.0000,M,0.0000,0
$GPRMC,231551.00,A,3719.0747440,N,12156.9024880,W,0.8871,1.8455,101220,,,,
$GPGGA,231552.00,3719.0743480,N,12156.9027340,W,1,0,0.0,0.0000,M,0.0000,M,0.0000,0
$GPRMC,231552.00,A,3719.0743480,N,12156.9027340,W,0.1751,357.7139,101220,,,,
$GPGGA,231553.00,3719.0744980,N,12156.9027640,W,1,0,0.0,0.0000,M,0.0000,M,0.0000,0
$GPRMC,231553.00,A,3719.0744980,N,12156.9027640,W,0.0876,357.7800,101220,,,,
$GPGGA,231554.00,3719.0745220,N,12156.9028060,W,1,0,0.0,0.0000,M,0.0000,M,0.0000,0
$GPRMC,231554.00,A,3719.0745220,N,12156.9028060,W,0.0765,357.7825,101220,,,,
$GPGGA,231555.00,3719.0745400,N,12156.9028480,W,1,0,0.0,0.0000,M,0.0000,M,0.0000,0
$GPRMC,231555.00,A,3719.0745400,N,12156.9028480,W,0.0613,357.7813,101220,,,,
$GPGGA,231556.00,3719.0745700,N,12156.9028840,W,1,0,0.0,0.0000,M,0.0000,M,0.0000,0
$GPRMC,231556.00,A,3719.0745700,N,12156.9028840,W,0.0957,357.7831,101220,,,,
$GPGGA,231557.00,3719.0745760,N,12156.9029080,W,1,0,0.0,0.0000,M,0.0000,M,0.0000,0
$GPRMC,231557.00,A,3719.0745760,N,12156.9029080,W,0.0496,357.7820,101220,,,,
$GPGGA,231558.00,3719.0745880,N,12156.9029260,W,1,0,0.0,0.0000,M,0.0000,M,0.0000,0
$GPRMC,231558.00,A,3719.0745880,N,12156.9029260,W,0.0288,357.7802,101220,,,,
$GPGGA,231559.00,3719.0745940,N,12156.9029380,W,1,0,0.0,0.0000,M,0.0000,M,0.0000,0
$GPRMC,231559.00,A,3719.0745940,N,12156.9029380,W,0.0214,357.7790,101220,,,,
$GPGGA,231600.00,3719.0746000,N,12156.9029440,W,1,0,0.0,0.0000,M,0.0000,M,0.0000,0
$GPRMC,231600.00,A,3719.0746000,N,12156.9029440,W,0.0156,357.7778,101220,,,,
$GPGGA,231601.00,3719.0746000,N,12156.9029500,W,1,0,0.0,0.0000,M,0.0000,M,0.0000,0
$GPRMC,231601.00,A,3719.0746000,N,12156.9029500,W,0.0114,357.7773,101220,,,,
$GPGGA,231602.00,3719.0746000,N,12156.9029500,W,1,0,0.0,0.0000,M,0.0000,M,0.0000,0
$GPRMC,231602.00,A,3719.0746000,N,12156.9029500,W,0.0085,357.7757,101220,,,,
$GPGGA,231603.00,3719.0746060,N,12156.9029440,W,1,0,0.0,0.0000,M,0.0000,M,0.0000,0
$GPRMC,231603.00,A,3719.0746060,N,12156.9029440,W,0.0061,357.7744,101220,,,,
$GPGGA,231604.00,3719.0746060,N,12156.9029440,W,1,0,0.0,0.0000,M,0.0000,M,0.0000,0
$GPRMC,231604.00,A,3719.0746060,N,12156.9029440,W,0.0050,357.7735,101220,,,,
$GPGGA,231605.00,3719.0746060,N,12156.9029380,W,1,0,0.0,0.0000,M,0.0000,M,0.0000,0
$GPRMC,231605.00,A,3719.0746060,N,12156.9029380,W,0.0045,357.7725,101220,,,,
$GPGGA,231606.00,3719.0746120,N,12156.9029380,W,1,0,0.0,0.0000,M,0.0000,M,0.0000,0
$GPRMC,231606.00,A,3719.0746120,N,12156.9029380,W,0.0036,357.7711,101220,,,,

