$GPGGA,215014.66,3726.6636100,N,12213.9619940,W,1,0,0.0,11.6900,M,0.0000,M,0.0000,0
$GPRMC,215014.66,A,3726.6636100,N,12213.9619940,W,0.0006,300.7308,040121,,,,
$GPGGA,215015.65,3726.6636100,N,12213.9619940,W,1,0,0.0,11.6900,M,0.0000,M,0.0000,0
$GPRMC,215015.65,A,3726.6636100,N,12213.9619940,W,0.0010,300.7302,040121,,,,
$GPGGA,215016.66,3726.6636100,N,12213.9619940,W,1,0,0.0,11.6900,M,0.0000,M,0.0000,0
$GPRMC,215016.66,A,3726.6636100,N,12213.9619940,W,0.0009,300.7315,040121,,,,
$GPGGA,215017.66,3726.6636100,N,12213.9619940,W,1,0,0.0,11.6900,M,0.0000,M,0.0000,0
$GPRMC,215017.66,A,3726.6636100,N,12213.9619940,W,0.0000,300.7316,040121,,,,
$GPGGA,215018.67,3726.6636100,N,12213.9619940,W,1,0,0.0,11.6900,M,0.0000,M,0.0000,0
$GPRMC,215018.67,A,3726.6636100,N,12213.9619940,W,0.0013,300.7314,040121,,,,
$GPGGA,215019.64,3726.6636100,N,12213.9619940,W,1,0,0.0,11.6900,M,0.0000,M,0.0000,0
$GPRMC,215019.64,A,3726.6636100,N,12213.9619940,W,0.0013,300.7314,040121,,,,
$GPGGA,215020.65,3726.6636100,N,12213.9619940,W,1,0,0.0,11.6900,M,0.0000,M,0.0000,0
$GPRMC,215020.65,A,3726.6636100,N,12213.9619940,W,0.0012,300.7314,040121,,,,
$GPGGA,215021.65,3726.6636100,N,12213.9619940,W,1,0,0.0,11.6900,M,0.0000,M,0.0000,0
$GPRMC,215021.65,A,3726.6636100,N,12213.9619940,W,0.0010,300.7318,040121,,,,
$GPGGA,215022.66,3726.6636100,N,12213.9619940,W,1,0,0.0,11.6900,M,0.0000,M,0.0000,0
$GPRMC,215022.66,A,3726.6636100,N,12213.9619940,W,0.0010,300.7321,040121,,,,
$GPGGA,215023.65,3726.6636100,N,12213.9619940,W,1,0,0.0,11.6900,M,0.0000,M,0.0000,0
$GPRMC,215023.65,A,3726.6636100,N,12213.9619940,W,0.0017,300.7318,040121,,,,
$GPGGA,215024.64,3726.6636100,N,12213.9619940,W,1,0,0.0,11.6900,M,0.0000,M,0.0000,0
$GPRMC,215024.64,A,3726.6636100,N,12213.9619940,W,0.0013,300.7315,040121,,,,
$GPGGA,215025.65,3726.6636100,N,12213.9619940,W,1,0,0.0,11.6900,M,0.0000,M,0.0000,0
$GPRMC,215025.65,A,3726.6636100,N,12213.9619940,W,0.0005,300.7312,040121,,,,
$GPGGA,215026.64,3726.6636100,N,12213.9619940,W,1,0,0.0,11.6900,M,0.0000,M,0.0000,0
$GPRMC,215026.64,A,3726.6636100,N,12213.9619940,W,0.0019,300.7313,040121,,,,
$GPGGA,215027.66,3726.6636100,N,12213.9619940,W,1,0,0.0,11.6900,M,0.0000,M,0.0000,0
$GPRMC,215027.66,A,3726.6636100,N,12213.9619940,W,0.0019,300.7313,040121,,,,
$GPGGA,215028.65,3726.6636100,N,12213.9619940,W,1,0,0.0,11.6900,M,0.0000,M,0.0000,0
$GPRMC,215028.65,A,3726.6636100,N,12213.9619940,W,0.0018,300.7313,040121,,,,
$GPGGA,215029.67,3726.6636100,N,12213.9619940,W,1,0,0.0,11.6900,M,0.0000,M,0.0000,0
$GPRMC,215029.67,A,3726.6636100,N,12213.9619940,W,0.0020,300.7316,040121,,,,
$GPGGA,215030.66,3726.6636100,N,12213.9619940,W,1,0,0.0,11.6900,M,0.0000,M,0.0000,0
$GPRMC,215030.66,A,3726.6636100,N,12213.9619940,W,0.0018,300.7313,040121,,,,
$GPGGA,215031.65,3726.6636100,N,12213.9619940,W,1,0,0.0,11.6900,M,0.0000,M,0.0000,0
$GPRMC,215031.65,A,3726.6636100,N,12213.9619940,W,0.0014,300.7312,040121,,,,
$GPGGA,215032.66,3726.6636100,N,12213.9619940,W,1,0,0.0,11.6900,M,0.0000,M,0.0000,0
$GPRMC,215032.66,A,3726.6636100,N,12213.9619940,W,0.0013,300.7313,040121,,,,
$GPGGA,215033.65,3726.6636100,N,12213.9619940,W,1,0,0.0,11.6900,M,0.0000,M,0.0000,0
$GPRMC,215033.65,A,3726.6636100,N,12213.9619940,W,0.0012,300.7313,040121,,,,
$GPGGA,215034.67,3726.6636100,N,12213.9619940,W,1,0,0.0,11.6900,M,0.0000,M,0.0000,0
$GPRMC,215034.67,A,3726.6636100,N,12213.9619940,W,0.0000,300.7310,040121,,,,
$GPGGA,215035.66,3726.6636100,N,12213.9619940,W,1,0,0.0,11.6900,M,0.0000,M,0.0000,0
$GPRMC,215035.66,A,3726.6636100,N,12213.9619940,W,0.0015,300.7312,040121,,,,
$GPGGA,215036.65,3726.6636100,N,12213.9619940,W,1,0,0.0,11.6900,M,0.0000,M,0.0000,0
$GPRMC,215036.65,A,3726.6636100,N,12213.9619940,W,0.0005,300.7313,040121,,,,
$GPGGA,215037.66,3726.6636100,N,12213.9619940,W,1,0,0.0,11.6900,M,0.0000,M,0.0000,0
$GPRMC,215037.66,A,3726.6636100,N,12213.9619940,W,0.0012,300.7311,040121,,,,
$GPGGA,215038.65,3726.6636100,N,12213.9619940,W,1,0,0.0,11.6890,M,0.0000,M,0.0000,0
$GPRMC,215038.65,A,3726.6636100,N,12213.9619940,W,0.0010,300.7310,040121,,,,
$GPGGA,215039.67,3726.6636100,N,12213.9619940,W,1,0,0.0,11.6890,M,0.0000,M,0.0000,0
$GPRMC,215039.67,A,3726.6636100,N,12213.9619940,W,0.0013,300.7310,040121,,,,
$GPGGA,215040.66,3726.6636100,N,12213.9619940,W,1,0,0.0,11.6890,M,0.0000,M,0.0000,0
$GPRMC,215040.66,A,3726.6636100,N,12213.9619940,W,0.0010,300.7308,040121,,,,
$GPGGA,215041.65,3726.6636100,N,12213.9619940,W,1,0,0.0,11.6890,M,0.0000,M,0.0000,0
$GPRMC,215041.65,A,3726.6636100,N,12213.9619940,W,0.0010,300.7307,040121,,,,
$GPGGA,215042.66,3726.6636100,N,12213.9619940,W,1,0,0.0,11.6890,M,0.0000,M,0.0000,0
$GPRMC,215042.66,A,3726.6636100,N,12213.9619940,W,0.0026,300.7309,040121,,,,
$GPGGA,215043.65,3726.6636100,N,12213.9619940,W,1,0,0.0,11.6880,M,0.0000,M,0.0000,0
$GPRMC,215043.65,A,3726.6636100,N,12213.9619940,W,0.0027,300.7307,040121,,,,
$GPGGA,215044.66,3726.6636160,N,12213.9620060,W,1,0,0.0,11.6818,M,0.0000,M,0.0000,0
$GPRMC,215044.66,A,3726.6636160,N,12213.9620060,W,0.1184,300.7363,040121,,,,
$GPGGA,215045.66,3726.6637420,N,12213.9622820,W,1,0,0.0,11.6790,M,0.0000,M,0.0000,0
$GPRMC,215045.66,A,3726.6637420,N,12213.9622820,W,0.8140,300.7982,040121,,,,
$GPGGA,215046.65,3726.6640360,N,12213.9629420,W,1,0,0.0,11.6880,M,0.0000,M,0.0000,0
$GPRMC,215046.65,A,3726.6640360,N,12213.9629420,W,1.5106,300.3534,040121,,,,
$GPGGA,215047.66,3726.6644260,N,12213.9641540,W,1,0,0.0,11.6918,M,0.0000,M,0.0000,0
$GPRMC,215047.66,A,3726.6644260,N,12213.9641540,W,2.2235,294.4515,040121,,,,
$GPGGA,215048.66,3726.6645520,N,12213.9658700,W,1,0,0.0,11.6892,M,0.0000,M,0.0000,0
$GPRMC,215048.66,A,3726.6645520,N,12213.9658700,W,2.9440,279.5713,040121,,,,
$GPGGA,215049.67,3726.6641380,N,12213.9681140,W,1,0,0.0,11.6434,M,0.0000,M,0.0000,0
$GPRMC,215049.67,A,3726.6641380,N,12213.9681140,W,3.8449,258.8473,040121,,,,
$GPGGA,215050.66,3726.6629740,N,12213.9706220,W,1,0,0.0,11.4810,M,0.0000,M,0.0000,0
$GPRMC,215050.66,A,3726.6629740,N,12213.9706220,W,4.8788,240.5660,040121,,,,
$GPGGA,215051.65,3726.6611680,N,12213.9734360,W,1,0,0.0,11.3216,M,0.0000,M,0.0000,0
$GPRMC,215051.65,A,3726.6611680,N,12213.9734360,W,5.8463,229.2551,040121,,,,
$GPGGA,215052.66,3726.6584980,N,12213.9761240,W,1,0,0.0,11.0628,M,0.0000,M,0.0000,0
$GPRMC,215052.66,A,3726.6584980,N,12213.9761240,W,6.7731,216.7378,040121,,,,
$GPGGA,215053.66,3726.6552880,N,12213.9786080,W,1,0,0.0,10.7438,M,0.0000,M,0.0000,0
$GPRMC,215053.66,A,3726.6552880,N,12213.9786080,W,7.1746,210.7420,040121,,,,
$GPGGA,215054.65,3726.6519400,N,12213.9811220,W,1,0,0.0,10.4114,M,0.0000,M,0.0000,0
$GPRMC,215054.65,A,3726.6519400,N,12213.9811220,W,7.3917,210.9567,040121,,,,
$GPGGA,215055.66,3726.6485860,N,12213.9839960,W,1,0,0.0,10.1518,M,0.0000,M,0.0000,0
$GPRMC,215055.66,A,3726.6485860,N,12213.9839960,W,7.4174,215.7632,040121,,,,
$GPGGA,215056.65,3726.6457180,N,12213.9873440,W,1,0,0.0,9.9778,M,0.0000,M,0.0000,0
$GPRMC,215056.65,A,3726.6457180,N,12213.9873440,W,7.0836,225.4839,040121,,,,
$GPGGA,215057.66,3726.6435100,N,12213.9911780,W,1,0,0.0,9.7956,M,0.0000,M,0.0000,0
$GPRMC,215057.66,A,3726.6435100,N,12213.9911780,W,6.6526,236.6767,040121,,,,
$GPGGA,215058.65,3726.6420280,N,12213.9951320,W,1,0,0.0,9.6012,M,0.0000,M,0.0000,0
$GPRMC,215058.65,A,3726.6420280,N,12213.9951320,W,6.3242,246.8845,040121,,,,
$GPGGA,215059.66,3726.6411100,N,12213.9992360,W,1,0,0.0,9.3367,M,0.0000,M,0.0000,0
$GPRMC,215059.66,A,3726.6411100,N,12213.9992360,W,6.2529,255.9709,040121,,,,
$GPGGA,215100.66,3726.6407440,N,12214.0034720,W,1,0,0.0,8.9785,M,0.0000,M,0.0000,0
$GPRMC,215100.66,A,3726.6407440,N,12214.0034720,W,6.3064,265.5609,040121,,,,
$GPGGA,215101.65,3726.6411160,N,12214.0077380,W,1,0,0.0,8.7283,M,0.0000,M,0.0000,0
$GPRMC,215101.65,A,3726.6411160,N,12214.0077380,W,6.4638,278.5124,040121,,,,
$GPGGA,215102.66,3726.6423160,N,12214.0121780,W,1,0,0.0,8.5665,M,0.0000,M,0.0000,0
$GPRMC,215102.66,A,3726.6423160,N,12214.0121780,W,7.2308,291.2437,040121,,,,
$GPGGA,215103.65,3726.6441760,N,12214.0167980,W,1,0,0.0,8.3811,M,0.0000,M,0.0000,0
$GPRMC,215103.65,A,3726.6441760,N,12214.0167980,W,8.1858,297.3637,040121,,,,
$GPGGA,215104.66,3726.6464800,N,12214.0219880,W,1,0,0.0,8.2425,M,0.0000,M,0.0000,0
$GPRMC,215104.66,A,3726.6464800,N,12214.0219880,W,9.1869,299.7789,040121,,,,
$GPGGA,215105.65,3726.6491680,N,12214.0275500,W,1,0,0.0,8.0383,M,0.0000,M,0.0000,0
$GPRMC,215105.65,A,3726.6491680,N,12214.0275500,W,10.0571,301.6526,040121,,,,
$GPGGA,215106.64,3726.6520420,N,12214.0332860,W,1,0,0.0,7.8438,M,0.0000,M,0.0000,0
$GPRMC,215106.64,A,3726.6520420,N,12214.0332860,W,10.0529,302.1230,040121,,,,
$GPGGA,215107.66,3726.6549700,N,12214.0391120,W,1,0,0.0,7.6281,M,0.0000,M,0.0000,0
$GPRMC,215107.66,A,3726.6549700,N,12214.0391120,W,9.8370,302.1963,040121,,,,
$GPGGA,215108.65,3726.6576880,N,12214.0444580,W,1,0,0.0,7.4728,M,0.0000,M,0.0000,0
$GPRMC,215108.65,A,3726.6576880,N,12214.0444580,W,8.7286,302.5522,040121,,,,
$GPGGA,215109.67,3726.6599920,N,12214.0489580,W,1,0,0.0,7.3052,M,0.0000,M,0.0000,0
$GPRMC,215109.67,A,3726.6599920,N,12214.0489580,W,6.8105,302.6257,040121,,,,
$GPGGA,215110.66,3726.6616660,N,12214.0522760,W,1,0,0.0,7.1959,M,0.0000,M,0.0000,0
$GPRMC,215110.66,A,3726.6616660,N,12214.0522760,W,4.8310,302.3449,040121,,,,
$GPGGA,215111.65,3726.6627640,N,12214.0544300,W,1,0,0.0,7.1125,M,0.0000,M,0.0000,0
$GPRMC,215111.65,A,3726.6627640,N,12214.0544300,W,2.8420,302.3721,040121,,,,
$GPGGA,215112.66,3726.6633880,N,12214.0556420,W,1,0,0.0,7.0668,M,0.0000,M,0.0000,0
$GPRMC,215112.66,A,3726.6633880,N,12214.0556420,W,1.4613,302.3984,040121,,,,
$GPGGA,215113.65,3726.6636460,N,12214.0561460,W,1,0,0.0,7.0475,M,0.0000,M,0.0000,0
$GPRMC,215113.65,A,3726.6636460,N,12214.0561460,W,0.3094,302.4074,040121,,,,
$GPGGA,215114.65,3726.6636520,N,12214.0561700,W,1,0,0.0,7.0429,M,0.0000,M,0.0000,0
$GPRMC,215114.65,A,3726.6636520,N,12214.0561700,W,0.0017,302.4142,040121,,,,
$GPGGA,215115.66,3726.6636400,N,12214.0561700,W,1,0,0.0,7.0556,M,0.0000,M,0.0000,0
$GPRMC,215115.66,A,3726.6636400,N,12214.0561700,W,0.0033,302.4132,040121,,,,
$GPGGA,215116.65,3726.6636400,N,12214.0561700,W,1,0,0.0,7.0580,M,0.0000,M,0.0000,0
$GPRMC,215116.65,A,3726.6636400,N,12214.0561700,W,0.0010,302.4116,040121,,,,
$GPGGA,215117.66,3726.6636400,N,12214.0561700,W,1,0,0.0,7.0586,M,0.0000,M,0.0000,0
$GPRMC,215117.66,A,3726.6636400,N,12214.0561700,W,0.0008,302.4118,040121,,,,
$GPGGA,215118.65,3726.6636400,N,12214.0561700,W,1,0,0.0,7.0590,M,0.0000,M,0.0000,0
$GPRMC,215118.65,A,3726.6636400,N,12214.0561700,W,0.0010,302.4119,040121,,,,
$GPGGA,215119.66,3726.6636400,N,12214.0561700,W,1,0,0.0,7.0590,M,0.0000,M,0.0000,0
$GPRMC,215119.66,A,3726.6636400,N,12214.0561700,W,0.0010,302.4118,040121,,,,
$GPGGA,215120.66,3726.6636400,N,12214.0561700,W,1,0,0.0,7.0590,M,0.0000,M,0.0000,0
$GPRMC,215120.66,A,3726.6636400,N,12214.0561700,W,0.0012,302.4119,040121,,,,
$GPGGA,215121.65,3726.6636400,N,12214.0561700,W,1,0,0.0,7.0590,M,0.0000,M,0.0000,0
$GPRMC,215121.65,A,3726.6636400,N,12214.0561700,W,0.0015,302.4117,040121,,,,
$GPGGA,215122.66,3726.6636400,N,12214.0561700,W,1,0,0.0,7.0590,M,0.0000,M,0.0000,0
$GPRMC,215122.66,A,3726.6636400,N,12214.0561700,W,0.0010,302.4112,040121,,,,
$GPGGA,215123.65,3726.6636400,N,12214.0561700,W,1,0,0.0,7.0590,M,0.0000,M,0.0000,0
$GPRMC,215123.65,A,3726.6636400,N,12214.0561700,W,0.0010,302.4111,040121,,,,
$GPGGA,215124.64,3726.6636400,N,12214.0561700,W,1,0,0.0,7.0590,M,0.0000,M,0.0000,0
$GPRMC,215124.64,A,3726.6636400,N,12214.0561700,W,0.0006,302.4117,040121,,,,
$GPGGA,215125.65,3726.6636400,N,12214.0561700,W,1,0,0.0,7.0590,M,0.0000,M,0.0000,0
$GPRMC,215125.65,A,3726.6636400,N,12214.0561700,W,0.0005,302.4118,040121,,,,
$GPGGA,215126.65,3726.6636400,N,12214.0561700,W,1,0,0.0,7.0590,M,0.0000,M,0.0000,0
$GPRMC,215126.65,A,3726.6636400,N,12214.0561700,W,0.0000,302.4118,040121,,,,
$GPGGA,215127.66,3726.6636400,N,12214.0561700,W,1,0,0.0,7.0574,M,0.0000,M,0.0000,0
$GPRMC,215127.66,A,3726.6636400,N,12214.0561700,W,0.0172,302.4116,040121,,,,
$GPGGA,215128.66,3726.6637300,N,12214.0563560,W,1,0,0.0,7.0449,M,0.0000,M,0.0000,0
$GPRMC,215128.66,A,3726.6637300,N,12214.0563560,W,0.8128,302.4414,040121,,,,
$GPGGA,215129.67,3726.6641980,N,12214.0572800,W,1,0,0.0,7.0120,M,0.0000,M,0.0000,0
$GPRMC,215129.67,A,3726.6641980,N,12214.0572800,W,2.3463,302.5176,040121,,,,
$GPGGA,215130.66,3726.6650800,N,12214.0590200,W,1,0,0.0,6.9138,M,0.0000,M,0.0000,0
$GPRMC,215130.66,A,3726.6650800,N,12214.0590200,W,3.8651,302.2753,040121,,,,
$GPGGA,215131.65,3726.6662080,N,12214.0617380,W,1,0,0.0,6.9596,M,0.0000,M,0.0000,0
$GPRMC,215131.65,A,3726.6662080,N,12214.0617380,W,5.1984,296.4243,040121,,,,
$GPGGA,215132.66,3726.6669520,N,12214.0655660,W,1,0,0.0,7.0243,M,0.0000,M,0.0000,0
$GPRMC,215132.66,A,3726.6669520,N,12214.0655660,W,6.2482,279.9814,040121,,,,
$GPGGA,215133.66,3726.6664960,N,12214.0699040,W,1,0,0.0,7.1458,M,0.0000,M,0.0000,0
$GPRMC,215133.66,A,3726.6664960,N,12214.0699040,W,6.8161,257.8294,040121,,,,
$GPGGA,215134.66,3726.6645940,N,12214.0740680,W,1,0,0.0,7.1664,M,0.0000,M,0.0000,0
$GPRMC,215134.66,A,3726.6645940,N,12214.0740680,W,7.3962,234.7022,040121,,,,
$GPGGA,215135.66,3726.6614680,N,12214.0774880,W,1,0,0.0,7.2360,M,0.0000,M,0.0000,0
$GPRMC,215135.66,A,3726.6614680,N,12214.0774880,W,8.1817,217.5367,040121,,,,
$GPGGA,215136.65,3726.6574360,N,12214.0806260,W,1,0,0.0,7.3741,M,0.0000,M,0.0000,0
$GPRMC,215136.65,A,3726.6574360,N,12214.0806260,W,9.6102,210.0390,040121,,,,
$GPGGA,215137.66,3726.6524620,N,12214.0839500,W,1,0,0.0,7.6279,M,0.0000,M,0.0000,0
$GPRMC,215137.66,A,3726.6524620,N,12214.0839500,W,11.0292,207.8452,040121,,,,
$GPGGA,215138.66,3726.6469060,N,12214.0876400,W,1,0,0.0,7.9290,M,0.0000,M,0.0000,0
$GPRMC,215138.66,A,3726.6469060,N,12214.0876400,W,12.3329,207.8931,040121,,,,
$GPGGA,215139.64,3726.6408220,N,12214.0917260,W,1,0,0.0,8.2888,M,0.0000,M,0.0000,0
$GPRMC,215139.64,A,3726.6408220,N,12214.0917260,W,13.5775,208.0235,040121,,,,
$GPGGA,215140.66,3726.6339520,N,12214.0962980,W,1,0,0.0,8.8077,M,0.0000,M,0.0000,0
$GPRMC,215140.66,A,3726.6339520,N,12214.0962980,W,14.7695,207.6991,040121,,,,
$GPGGA,215141.65,3726.6266500,N,12214.1011040,W,1,0,0.0,9.1348,M,0.0000,M,0.0000,0
$GPRMC,215141.65,A,3726.6266500,N,12214.1011040,W,15.8675,207.7742,040121,,,,
$GPGGA,215142.65,3726.6187840,N,12214.1063900,W,1,0,0.0,9.4022,M,0.0000,M,0.0000,0
$GPRMC,215142.65,A,3726.6187840,N,12214.1063900,W,16.9964,208.3396,040121,,,,
$GPGGA,215143.66,3726.6104380,N,12214.1120660,W,1,0,0.0,9.5288,M,0.0000,M,0.0000,0
$GPRMC,215143.66,A,3726.6104380,N,12214.1120660,W,17.7125,208.4211,040121,,,,
$GPGGA,215144.66,3726.6019240,N,12214.1178860,W,1,0,0.0,9.6555,M,0.0000,M,0.0000,0
$GPRMC,215144.66,A,3726.6019240,N,12214.1178860,W,17.9776,208.5305,040121,,,,
$GPGGA,215145.68,3726.5933020,N,12214.1237480,W,1,0,0.0,9.8305,M,0.0000,M,0.0000,0
$GPRMC,215145.68,A,3726.5933020,N,12214.1237480,W,17.8359,208.2079,040121,,,,
$GPGGA,215146.67,3726.5848720,N,12214.1294180,W,1,0,0.0,10.0133,M,0.0000,M,0.0000,0
$GPRMC,215146.67,A,3726.5848720,N,12214.1294180,W,17.9621,207.9471,040121,,,,
$GPGGA,215147.66,3726.5763400,N,12214.1351000,W,1,0,0.0,10.2568,M,0.0000,M,0.0000,0
$GPRMC,215147.66,A,3726.5763400,N,12214.1351000,W,18.1397,207.7441,040121,,,,
$GPGGA,215148.67,3726.5675080,N,12214.1409440,W,1,0,0.0,10.6619,M,0.0000,M,0.0000,0
$GPRMC,215148.67,A,3726.5675080,N,12214.1409440,W,18.2944,207.6542,040121,,,,
$GPGGA,215149.67,3726.5587960,N,12214.1466800,W,1,0,0.0,11.2794,M,0.0000,M,0.0000,0
$GPRMC,215149.67,A,3726.5587960,N,12214.1466800,W,18.3673,207.4576,040121,,,,
$GPGGA,215150.65,3726.5501080,N,12214.1523200,W,1,0,0.0,12.0468,M,0.0000,M,0.0000,0
$GPRMC,215150.65,A,3726.5501080,N,12214.1523200,W,18.3836,207.1015,040121,,,,
$GPGGA,215151.67,3726.5411380,N,12214.1580800,W,1,0,0.0,13.1436,M,0.0000,M,0.0000,0
$GPRMC,215151.67,A,3726.5411380,N,12214.1580800,W,18.3488,207.0471,040121,,,,
$GPGGA,215152.66,3726.5324020,N,12214.1637140,W,1,0,0.0,14.2534,M,0.0000,M,0.0000,0
$GPRMC,215152.66,A,3726.5324020,N,12214.1637140,W,18.1695,207.3255,040121,,,,
$GPGGA,215153.67,3726.5237380,N,12214.1694920,W,1,0,0.0,15.2215,M,0.0000,M,0.0000,0
$GPRMC,215153.67,A,3726.5237380,N,12214.1694920,W,17.7638,208.1733,040121,,,,
$GPGGA,215154.64,3726.5156140,N,12214.1749940,W,1,0,0.0,16.0581,M,0.0000,M,0.0000,0
$GPRMC,215154.64,A,3726.5156140,N,12214.1749940,W,17.3673,208.3823,040121,,,,
$GPGGA,215155.66,3726.5072860,N,12214.1807000,W,1,0,0.0,16.8692,M,0.0000,M,0.0000,0
$GPRMC,215155.66,A,3726.5072860,N,12214.1807000,W,17.2808,208.6211,040121,,,,
$GPGGA,215156.59,3726.4996480,N,12214.1860280,W,1,0,0.0,17.5523,M,0.0000,M,0.0000,0
$GPRMC,215156.59,A,3726.4996480,N,12214.1860280,W,17.4468,209.3112,040121,,,,
$GPGGA,215157.78,3726.4898980,N,12214.1932880,W,1,0,0.0,18.4961,M,0.0000,M,0.0000,0
$GPRMC,215157.78,A,3726.4898980,N,12214.1932880,W,17.6824,211.6600,040121,,,,
$GPGGA,215158.66,3726.4828780,N,12214.1990480,W,1,0,0.0,19.2719,M,0.0000,M,0.0000,0
$GPRMC,215158.66,A,3726.4828780,N,12214.1990480,W,17.8405,214.2509,040121,,,,
$GPGGA,215159.66,3726.4750720,N,12214.2063560,W,1,0,0.0,20.2279,M,0.0000,M,0.0000,0
$GPRMC,215159.66,A,3726.4750720,N,12214.2063560,W,17.9471,218.5629,040121,,,,
$GPGGA,215200.66,3726.4677700,N,12214.2143720,W,1,0,0.0,21.0910,M,0.0000,M,0.0000,0
$GPRMC,215200.66,A,3726.4677700,N,12214.2143720,W,18.0976,222.8120,040121,,,,
$GPGGA,215201.67,3726.4607140,N,12214.2231560,W,1,0,0.0,22.1235,M,0.0000,M,0.0000,0
$GPRMC,215201.67,A,3726.4607140,N,12214.2231560,W,18.1449,226.0955,040121,,,,
$GPGGA,215202.65,3726.4543240,N,12214.2321740,W,1,0,0.0,23.0831,M,0.0000,M,0.0000,0
$GPRMC,215202.65,A,3726.4543240,N,12214.2321740,W,18.2151,229.9371,040121,,,,
$GPGGA,215203.67,3726.4481500,N,12214.2422120,W,1,0,0.0,24.1479,M,0.0000,M,0.0000,0
$GPRMC,215203.67,A,3726.4481500,N,12214.2422120,W,18.2828,233.6831,040121,,,,
$GPGGA,215204.61,3726.4428400,N,12214.2516800,W,1,0,0.0,25.1527,M,0.0000,M,0.0000,0
$GPRMC,215204.61,A,3726.4428400,N,12214.2516800,W,18.3538,235.5989,040121,,,,
$GPGGA,215205.78,3726.4364740,N,12214.2637700,W,1,0,0.0,26.4289,M,0.0000,M,0.0000,0
$GPRMC,215205.78,A,3726.4364740,N,12214.2637700,W,18.0828,236.7208,040121,,,,
$GPGGA,215206.67,3726.4316740,N,12214.2727640,W,1,0,0.0,27.3472,M,0.0000,M,0.0000,0
$GPRMC,215206.67,A,3726.4316740,N,12214.2727640,W,17.7341,235.6947,040121,,,,
$GPGGA,215207.66,3726.4262800,N,12214.2823100,W,1,0,0.0,28.4831,M,0.0000,M,0.0000,0
$GPRMC,215207.66,A,3726.4262800,N,12214.2823100,W,17.0288,233.8346,040121,,,,
$GPGGA,215208.67,3726.4207120,N,12214.2913880,W,1,0,0.0,29.4438,M,0.0000,M,0.0000,0
$GPRMC,215208.67,A,3726.4207120,N,12214.2913880,W,16.3348,231.4523,040121,,,,
$GPGGA,215209.66,3726.4152820,N,12214.2996980,W,1,0,0.0,30.2906,M,0.0000,M,0.0000,0
$GPRMC,215209.66,A,3726.4152820,N,12214.2996980,W,15.8919,230.3883,040121,,,,
$GPGGA,215210.68,3726.4096480,N,12214.3081040,W,1,0,0.0,31.1001,M,0.0000,M,0.0000,0
$GPRMC,215210.68,A,3726.4096480,N,12214.3081040,W,15.8756,229.7087,040121,,,,
$GPGGA,215211.67,3726.4041400,N,12214.3161860,W,1,0,0.0,31.8820,M,0.0000,M,0.0000,0
$GPRMC,215211.67,A,3726.4041400,N,12214.3161860,W,15.8726,229.1113,040121,,,,
$GPGGA,215212.66,3726.3985180,N,12214.3241360,W,1,0,0.0,32.6911,M,0.0000,M,0.0000,0
$GPRMC,215212.66,A,3726.3985180,N,12214.3241360,W,15.8403,227.9182,040121,,,,
$GPGGA,215213.65,3726.3927280,N,12214.3319840,W,1,0,0.0,33.5039,M,0.0000,M,0.0000,0
$GPRMC,215213.65,A,3726.3927280,N,12214.3319840,W,15.8085,226.7417,040121,,,,
$GPGGA,215214.67,3726.3866920,N,12214.3398020,W,1,0,0.0,34.2538,M,0.0000,M,0.0000,0
$GPRMC,215214.67,A,3726.3866920,N,12214.3398020,W,15.8664,225.0294,040121,,,,
$GPGGA,215215.65,3726.3806680,N,12214.3471760,W,1,0,0.0,34.9422,M,0.0000,M,0.0000,0
$GPRMC,215215.65,A,3726.3806680,N,12214.3471760,W,15.8246,223.4995,040121,,,,
$GPGGA,215216.65,3726.3743740,N,12214.3543820,W,1,0,0.0,35.7470,M,0.0000,M,0.0000,0
$GPRMC,215216.65,A,3726.3743740,N,12214.3543820,W,15.6427,221.3599,040121,,,,
$GPGGA,215217.66,3726.3679000,N,12214.3612640,W,1,0,0.0,36.6677,M,0.0000,M,0.0000,0
$GPRMC,215217.66,A,3726.3679000,N,12214.3612640,W,15.4232,219.6155,040121,,,,
$GPGGA,215218.66,3726.3615220,N,12214.3676900,W,1,0,0.0,37.5523,M,0.0000,M,0.0000,0
$GPRMC,215218.66,A,3726.3615220,N,12214.3676900,W,15.0037,218.2253,040121,,,,
$GPGGA,215219.67,3726.3551980,N,12214.3738160,W,1,0,0.0,38.3269,M,0.0000,M,0.0000,0
$GPRMC,215219.67,A,3726.3551980,N,12214.3738160,W,14.2663,217.0935,040121,,,,
$GPGGA,215220.65,3726.3492640,N,12214.3792940,W,1,0,0.0,39.0132,M,0.0000,M,0.0000,0
$GPRMC,215220.65,A,3726.3492640,N,12214.3792940,W,13.4708,215.8079,040121,,,,
$GPGGA,215221.65,3726.3434260,N,12214.3844540,W,1,0,0.0,39.5921,M,0.0000,M,0.0000,0
$GPRMC,215221.65,A,3726.3434260,N,12214.3844540,W,13.0209,214.8467,040121,,,,
$GPGGA,215222.66,3726.3375220,N,12214.3894580,W,1,0,0.0,40.1924,M,0.0000,M,0.0000,0
$GPRMC,215222.66,A,3726.3375220,N,12214.3894580,W,13.2536,213.3529,040121,,,,
$GPGGA,215223.66,3726.3313120,N,12214.3944020,W,1,0,0.0,40.8043,M,0.0000,M,0.0000,0
$GPRMC,215223.66,A,3726.3313120,N,12214.3944020,W,14.1085,211.7374,040121,,,,
$GPGGA,215224.66,3726.3245440,N,12214.3995200,W,1,0,0.0,41.3554,M,0.0000,M,0.0000,0
$GPRMC,215224.66,A,3726.3245440,N,12214.3995200,W,14.9904,210.6311,040121,,,,
$GPGGA,215225.65,3726.3173440,N,12214.4046620,W,1,0,0.0,41.7893,M,0.0000,M,0.0000,0
$GPRMC,215225.65,A,3726.3173440,N,12214.4046620,W,16.0648,209.0291,040121,,,,
$GPGGA,215226.65,3726.3093820,N,12214.4099540,W,1,0,0.0,42.2100,M,0.0000,M,0.0000,0
$GPRMC,215226.65,A,3726.3093820,N,12214.4099540,W,17.1115,207.2212,040121,,,,
$GPGGA,215227.66,3726.3008080,N,12214.4153360,W,1,0,0.0,42.5759,M,0.0000,M,0.0000,0
$GPRMC,215227.66,A,3726.3008080,N,12214.4153360,W,18.0236,206.0478,040121,,,,
$GPGGA,215228.66,3726.2919520,N,12214.4205920,W,1,0,0.0,42.8721,M,0.0000,M,0.0000,0
$GPRMC,215228.66,A,3726.2919520,N,12214.4205920,W,18.3946,204.6284,040121,,,,
$GPGGA,215229.67,3726.2827120,N,12214.4256620,W,1,0,0.0,43.0678,M,0.0000,M,0.0000,0
$GPRMC,215229.67,A,3726.2827120,N,12214.4256620,W,18.4787,202.7566,040121,,,,
$GPGGA,215230.65,3726.2737120,N,12214.4302880,W,1,0,0.0,43.1914,M,0.0000,M,0.0000,0
$GPRMC,215230.65,A,3726.2737120,N,12214.4302880,W,18.0881,201.7126,040121,,,,
$GPGGA,215231.67,3726.2645560,N,12214.4346980,W,1,0,0.0,43.3374,M,0.0000,M,0.0000,0
$GPRMC,215231.67,A,3726.2645560,N,12214.4346980,W,17.6028,200.3513,040121,,,,
$GPGGA,215232.66,3726.2557960,N,12214.4387600,W,1,0,0.0,43.3928,M,0.0000,M,0.0000,0
$GPRMC,215232.66,A,3726.2557960,N,12214.4387600,W,17.2036,200.2332,040121,,,,
$GPGGA,215233.67,3726.2471020,N,12214.4428880,W,1,0,0.0,43.5412,M,0.0000,M,0.0000,0
$GPRMC,215233.67,A,3726.2471020,N,12214.4428880,W,16.6967,200.9193,040121,,,,
$GPGGA,215234.66,3726.2388700,N,12214.4469200,W,1,0,0.0,43.7771,M,0.0000,M,0.0000,0
$GPRMC,215234.66,A,3726.2388700,N,12214.4469200,W,16.5321,201.4531,040121,,,,
$GPGGA,215235.67,3726.2304580,N,12214.4512460,W,1,0,0.0,44.0835,M,0.0000,M,0.0000,0
$GPRMC,215235.67,A,3726.2304580,N,12214.4512460,W,16.9910,202.8110,040121,,,,
$GPGGA,215236.67,3726.2218720,N,12214.4560940,W,1,0,0.0,44.5107,M,0.0000,M,0.0000,0
$GPRMC,215236.67,A,3726.2218720,N,12214.4560940,W,17.7703,205.2332,040121,,,,
$GPGGA,215237.66,3726.2132800,N,12214.4616080,W,1,0,0.0,45.0159,M,0.0000,M,0.0000,0
$GPRMC,215237.66,A,3726.2132800,N,12214.4616080,W,18.0035,208.1903,040121,,,,
$GPGGA,215238.61,3726.2054500,N,12214.4673500,W,1,0,0.0,45.6145,M,0.0000,M,0.0000,0
$GPRMC,215238.61,A,3726.2054500,N,12214.4673500,W,17.5046,212.0888,040121,,,,
$GPGGA,215239.78,3726.1967080,N,12214.4753660,W,1,0,0.0,46.4416,M,0.0000,M,0.0000,0
$GPRMC,215239.78,A,3726.1967080,N,12214.4753660,W,16.6544,219.1478,040121,,,,
$GPGGA,215240.66,3726.1909480,N,12214.4819360,W,1,0,0.0,46.9931,M,0.0000,M,0.0000,0
$GPRMC,215240.66,A,3726.1909480,N,12214.4819360,W,16.0680,224.1735,040121,,,,
$GPGGA,215241.67,3726.1850920,N,12214.4898080,W,1,0,0.0,47.5182,M,0.0000,M,0.0000,0
$GPRMC,215241.67,A,3726.1850920,N,12214.4898080,W,15.3198,228.6331,040121,,,,
$GPGGA,215242.65,3726.1800100,N,12214.4975240,W,1,0,0.0,47.9975,M,0.0000,M,0.0000,0
$GPRMC,215242.65,A,3726.1800100,N,12214.4975240,W,14.6138,230.6506,040121,,,,
$GPGGA,215243.67,3726.1751440,N,12214.5051380,W,1,0,0.0,48.6041,M,0.0000,M,0.0000,0
$GPRMC,215243.67,A,3726.1751440,N,12214.5051380,W,13.8389,231.4822,040121,,,,
$GPGGA,215244.66,3726.1707400,N,12214.5123620,W,1,0,0.0,49.1878,M,0.0000,M,0.0000,0
$GPRMC,215244.66,A,3726.1707400,N,12214.5123620,W,13.1000,233.1423,040121,,,,
$GPGGA,215245.66,3726.1668160,N,12214.5193400,W,1,0,0.0,49.6968,M,0.0000,M,0.0000,0
$GPRMC,215245.66,A,3726.1668160,N,12214.5193400,W,12.0046,235.7027,040121,,,,
$GPGGA,215246.66,3726.1636300,N,12214.5257720,W,1,0,0.0,50.2082,M,0.0000,M,0.0000,0
$GPRMC,215246.66,A,3726.1636300,N,12214.5257720,W,10.1360,239.4543,040121,,,,
$GPGGA,215247.66,3726.1613860,N,12214.5313040,W,1,0,0.0,50.5480,M,0.0000,M,0.0000,0
$GPRMC,215247.66,A,3726.1613860,N,12214.5313040,W,8.0214,244.8314,040121,,,,
$GPGGA,215248.67,3726.1600660,N,12214.5357200,W,1,0,0.0,50.7915,M,0.0000,M,0.0000,0
$GPRMC,215248.67,A,3726.1600660,N,12214.5357200,W,5.7825,250.6814,040121,,,,
$GPGGA,215249.64,3726.1593580,N,12214.5390680,W,1,0,0.0,50.9668,M,0.0000,M,0.0000,0
$GPRMC,215249.64,A,3726.1593580,N,12214.5390680,W,4.9299,255.3465,040121,,,,
$GPGGA,215250.66,3726.1588540,N,12214.5423380,W,1,0,0.0,51.1444,M,0.0000,M,0.0000,0
$GPRMC,215250.66,A,3726.1588540,N,12214.5423380,W,5.0025,259.5930,040121,,,,
$GPGGA,215251.65,3726.1585660,N,12214.5460580,W,1,0,0.0,51.3092,M,0.0000,M,0.0000,0
$GPRMC,215251.65,A,3726.1585660,N,12214.5460580,W,6.1131,265.2496,040121,,,,
$GPGGA,215252.66,3726.1586260,N,12214.5508100,W,1,0,0.0,51.4866,M,0.0000,M,0.0000,0
$GPRMC,215252.66,A,3726.1586260,N,12214.5508100,W,7.8862,272.5559,040121,,,,
$GPGGA,215253.66,3726.1592740,N,12214.5566840,W,1,0,0.0,51.8178,M,0.0000,M,0.0000,0
$GPRMC,215253.66,A,3726.1592740,N,12214.5566840,W,9.6604,279.6108,040121,,,,
$GPGGA,215254.74,3726.1609360,N,12214.5642500,W,1,0,0.0,52.3686,M,0.0000,M,0.0000,0
$GPRMC,215254.74,A,3726.1609360,N,12214.5642500,W,11.5636,288.3521,040121,,,,
$GPGGA,215255.46,3726.1626100,N,12214.5696800,W,1,0,0.0,52.7090,M,0.0000,M,0.0000,0
$GPRMC,215255.46,A,3726.1626100,N,12214.5696800,W,12.5861,292.0385,040121,,,,
$GPGGA,215256.65,3726.1662220,N,12214.5797180,W,1,0,0.0,53.5040,M,0.0000,M,0.0000,0
$GPRMC,215256.65,A,3726.1662220,N,12214.5797180,W,14.5272,294.9974,040121,,,,
$GPGGA,215257.66,3726.1697920,N,12214.5891860,W,1,0,0.0,54.3151,M,0.0000,M,0.0000,0
$GPRMC,215257.66,A,3726.1697920,N,12214.5891860,W,16.0726,295.1387,040121,,,,
$GPGGA,215258.65,3726.1736440,N,12214.5993680,W,1,0,0.0,55.2930,M,0.0000,M,0.0000,0
$GPRMC,215258.65,A,3726.1736440,N,12214.5993680,W,17.3535,295.4059,040121,,,,
$GPGGA,215259.65,3726.1778260,N,12214.6101500,W,1,0,0.0,56.3296,M,0.0000,M,0.0000,0
$GPRMC,215259.65,A,3726.1778260,N,12214.6101500,W,17.8690,295.8562,040121,,,,
$GPGGA,215300.66,3726.1820800,N,12214.6210100,W,1,0,0.0,57.3716,M,0.0000,M,0.0000,0
$GPRMC,215300.66,A,3726.1820800,N,12214.6210100,W,17.5579,296.3587,040121,,,,
$GPGGA,215301.65,3726.1865200,N,12214.6315220,W,1,0,0.0,58.4297,M,0.0000,M,0.0000,0
$GPRMC,215301.65,A,3726.1865200,N,12214.6315220,W,17.7572,299.2420,040121,,,,
$GPGGA,215302.66,3726.1916740,N,12214.6420100,W,1,0,0.0,59.5291,M,0.0000,M,0.0000,0
$GPRMC,215302.66,A,3726.1916740,N,12214.6420100,W,18.2828,303.3331,040121,,,,
$GPGGA,215303.66,3726.1975240,N,12214.6521020,W,1,0,0.0,60.6048,M,0.0000,M,0.0000,0
$GPRMC,215303.66,A,3726.1975240,N,12214.6521020,W,18.7159,307.8685,040121,,,,
$GPGGA,215304.64,3726.2039980,N,12214.6618460,W,1,0,0.0,61.7285,M,0.0000,M,0.0000,0
$GPRMC,215304.64,A,3726.2039980,N,12214.6618460,W,19.1933,310.7901,040121,,,,
$GPGGA,215305.66,3726.2110660,N,12214.6718480,W,1,0,0.0,62.9685,M,0.0000,M,0.0000,0
$GPRMC,215305.66,A,3726.2110660,N,12214.6718480,W,19.6632,311.8467,040121,,,,
$GPGGA,215306.65,3726.2182300,N,12214.6816880,W,1,0,0.0,64.1564,M,0.0000,M,0.0000,0
$GPRMC,215306.65,A,3726.2182300,N,12214.6816880,W,20.1185,312.5811,040121,,,,
$GPGGA,215307.66,3726.2257540,N,12214.6919180,W,1,0,0.0,65.2564,M,0.0000,M,0.0000,0
$GPRMC,215307.66,A,3726.2257540,N,12214.6919180,W,20.5338,312.3516,040121,,,,
$GPGGA,215308.67,3726.2334100,N,12214.7024660,W,1,0,0.0,66.2160,M,0.0000,M,0.0000,0
$GPRMC,215308.67,A,3726.2334100,N,12214.7024660,W,20.9681,312.3054,040121,,,,
$GPGGA,215309.66,3726.2411440,N,12214.7130560,W,1,0,0.0,67.1069,M,0.0000,M,0.0000,0
$GPRMC,215309.66,A,3726.2411440,N,12214.7130560,W,21.7758,312.5627,040121,,,,
$GPGGA,215310.66,3726.2492860,N,12214.7240240,W,1,0,0.0,68.0247,M,0.0000,M,0.0000,0
$GPRMC,215310.66,A,3726.2492860,N,12214.7240240,W,22.6676,313.2194,040121,,,,
$GPGGA,215311.66,3726.2579620,N,12214.7354240,W,1,0,0.0,68.9723,M,0.0000,M,0.0000,0
$GPRMC,215311.66,A,3726.2579620,N,12214.7354240,W,23.5283,313.9409,040121,,,,
$GPGGA,215312.65,3726.2669320,N,12214.7468900,W,1,0,0.0,69.9621,M,0.0000,M,0.0000,0
$GPRMC,215312.65,A,3726.2669320,N,12214.7468900,W,24.1050,314.6383,040121,,,,
$GPGGA,215313.67,3726.2763640,N,12214.7588300,W,1,0,0.0,71.0450,M,0.0000,M,0.0000,0
$GPRMC,215313.67,A,3726.2763640,N,12214.7588300,W,24.5275,314.6030,040121,,,,
$GPGGA,215314.66,3726.2856460,N,12214.7705420,W,1,0,0.0,72.0433,M,0.0000,M,0.0000,0
$GPRMC,215314.66,A,3726.2856460,N,12214.7705420,W,24.7206,315.0399,040121,,,,
$GPGGA,215315.68,3726.2953060,N,12214.7826440,W,1,0,0.0,73.0780,M,0.0000,M,0.0000,0
$GPRMC,215315.68,A,3726.2953060,N,12214.7826440,W,24.9754,314.9365,040121,,,,
$GPGGA,215316.67,3726.3047560,N,12214.7945120,W,1,0,0.0,74.1210,M,0.0000,M,0.0000,0
$GPRMC,215316.67,A,3726.3047560,N,12214.7945120,W,25.1988,314.7089,040121,,,,
$GPGGA,215317.67,3726.3144040,N,12214.8067160,W,1,0,0.0,75.1505,M,0.0000,M,0.0000,0
$GPRMC,215317.67,A,3726.3144040,N,12214.8067160,W,25.4921,314.5968,040121,,,,
$GPGGA,215318.67,3726.3242320,N,12214.8191840,W,1,0,0.0,76.1690,M,0.0000,M,0.0000,0
$GPRMC,215318.67,A,3726.3242320,N,12214.8191840,W,25.7800,314.4896,040121,,,,
$GPGGA,215319.66,3726.3339700,N,12214.8315680,W,1,0,0.0,77.2069,M,0.0000,M,0.0000,0
$GPRMC,215319.66,A,3726.3339700,N,12214.8315680,W,26.1712,314.3734,040121,,,,
$GPGGA,215320.67,3726.3440200,N,12214.8444440,W,1,0,0.0,78.2763,M,0.0000,M,0.0000,0
$GPRMC,215320.67,A,3726.3440200,N,12214.8444440,W,26.5644,314.1770,040121,,,,
$GPGGA,215321.67,3726.3540940,N,12214.8574340,W,1,0,0.0,79.3585,M,0.0000,M,0.0000,0
$GPRMC,215321.67,A,3726.3540940,N,12214.8574340,W,26.9399,314.0206,040121,,,,
$GPGGA,215322.66,3726.3642520,N,12214.8705320,W,1,0,0.0,80.4422,M,0.0000,M,0.0000,0
$GPRMC,215322.66,A,3726.3642520,N,12214.8705320,W,27.2933,314.1263,040121,,,,
$GPGGA,215323.68,3726.3747160,N,12214.8840860,W,1,0,0.0,81.5535,M,0.0000,M,0.0000,0
$GPRMC,215323.68,A,3726.3747160,N,12214.8840860,W,27.6421,313.7426,040121,,,,
$GPGGA,215324.67,3726.3850060,N,12214.8975800,W,1,0,0.0,82.6544,M,0.0000,M,0.0000,0
$GPRMC,215324.67,A,3726.3850060,N,12214.8975800,W,27.9434,313.6268,040121,,,,
$GPGGA,215325.68,3726.3956560,N,12214.9114700,W,1,0,0.0,83.7826,M,0.0000,M,0.0000,0
$GPRMC,215325.68,A,3726.3956560,N,12214.9114700,W,28.2612,313.9792,040121,,,,
$GPGGA,215326.67,3726.4062580,N,12214.9252460,W,1,0,0.0,84.9465,M,0.0000,M,0.0000,0
$GPRMC,215326.67,A,3726.4062580,N,12214.9252460,W,28.5660,313.7644,040121,,,,
$GPGGA,215327.66,3726.4168420,N,12214.9390880,W,1,0,0.0,86.1164,M,0.0000,M,0.0000,0
$GPRMC,215327.66,A,3726.4168420,N,12214.9390880,W,28.8030,313.6474,040121,,,,
$GPGGA,215328.67,3726.4277800,N,12214.9533500,W,1,0,0.0,87.2769,M,0.0000,M,0.0000,0
$GPRMC,215328.67,A,3726.4277800,N,12214.9533500,W,29.0506,313.8740,040121,,,,
$GPGGA,215329.67,3726.4386580,N,12214.9675280,W,1,0,0.0,88.4447,M,0.0000,M,0.0000,0
$GPRMC,215329.67,A,3726.4386580,N,12214.9675280,W,29.0424,313.8508,040121,,,,
$GPGGA,215330.65,3726.4494520,N,12214.9815260,W,1,0,0.0,89.5700,M,0.0000,M,0.0000,0
$GPRMC,215330.65,A,3726.4494520,N,12214.9815260,W,29.0361,313.9825,040121,,,,
$GPGGA,215331.65,3726.4603300,N,12214.9955660,W,1,0,0.0,90.7147,M,0.0000,M,0.0000,0
$GPRMC,215331.65,A,3726.4603300,N,12214.9955660,W,29.0256,314.1113,040121,,,,
$GPGGA,215332.66,3726.4714000,N,12215.0098700,W,1,0,0.0,91.8665,M,0.0000,M,0.0000,0
$GPRMC,215332.66,A,3726.4714000,N,12215.0098700,W,29.0354,313.9753,040121,,,,
$GPGGA,215333.66,3726.4822240,N,12215.0239580,W,1,0,0.0,93.0236,M,0.0000,M,0.0000,0
$GPRMC,215333.66,A,3726.4822240,N,12215.0239580,W,28.9798,313.7662,040121,,,,
$GPGGA,215334.66,3726.4931560,N,12215.0382140,W,1,0,0.0,94.3207,M,0.0000,M,0.0000,0
$GPRMC,215334.66,A,3726.4931560,N,12215.0382140,W,28.8909,314.0303,040121,,,,
$GPGGA,215335.66,3726.5039080,N,12215.0521340,W,1,0,0.0,95.6123,M,0.0000,M,0.0000,0
$GPRMC,215335.66,A,3726.5039080,N,12215.0521340,W,28.8030,313.9467,040121,,,,
$GPGGA,215336.64,3726.5145340,N,12215.0660660,W,1,0,0.0,96.9172,M,0.0000,M,0.0000,0
$GPRMC,215336.64,A,3726.5145340,N,12215.0660660,W,28.7190,313.4978,040121,,,,
$GPGGA,215337.66,3726.5253400,N,12215.0805140,W,1,0,0.0,98.2282,M,0.0000,M,0.0000,0
$GPRMC,215337.66,A,3726.5253400,N,12215.0805140,W,28.6067,312.6797,040121,,,,
$GPGGA,215338.67,3726.5357140,N,12215.0949980,W,1,0,0.0,99.4507,M,0.0000,M,0.0000,0
$GPRMC,215338.67,A,3726.5357140,N,12215.0949980,W,28.4535,311.2193,040121,,,,
$GPGGA,215339.66,3726.5455660,N,12215.1095000,W,1,0,0.0,100.5568,M,0.0000,M,0.0000,0
$GPRMC,215339.66,A,3726.5455660,N,12215.1095000,W,28.3655,309.4763,040121,,,,
$GPGGA,215340.66,3726.5550700,N,12215.1244940,W,1,0,0.0,101.6859,M,0.0000,M,0.0000,0
$GPRMC,215340.66,A,3726.5550700,N,12215.1244940,W,28.2953,307.5605,040121,,,,
$GPGGA,215341.66,3726.5642080,N,12215.1399440,W,1,0,0.0,102.8062,M,0.0000,M,0.0000,0
$GPRMC,215341.66,A,3726.5642080,N,12215.1399440,W,28.1680,305.5523,040121,,,,
$GPGGA,215342.65,3726.5727940,N,12215.1554300,W,1,0,0.0,103.8986,M,0.0000,M,0.0000,0
$GPRMC,215342.65,A,3726.5727940,N,12215.1554300,W,28.0690,304.0149,040121,,,,
$GPGGA,215343.68,3726.5813020,N,12215.1717020,W,1,0,0.0,105.0301,M,0.0000,M,0.0000,0
$GPRMC,215343.68,A,3726.5813020,N,12215.1717020,W,27.9829,302.4613,040121,,,,
$GPGGA,215344.66,3726.5891140,N,12215.1876380,W,1,0,0.0,106.1173,M,0.0000,M,0.0000,0
$GPRMC,215344.66,A,3726.5891140,N,12215.1876380,W,27.9222,300.6851,040121,,,,
$GPGGA,215345.66,3726.5965720,N,12215.2039220,W,1,0,0.0,107.2029,M,0.0000,M,0.0000,0
$GPRMC,215345.66,A,3726.5965720,N,12215.2039220,W,27.8799,299.0298,040121,,,,
$GPGGA,215346.67,3726.6037720,N,12215.2207220,W,1,0,0.0,108.3080,M,0.0000,M,0.0000,0
$GPRMC,215346.67,A,3726.6037720,N,12215.2207220,W,27.7836,297.3592,040121,,,,
$GPGGA,215347.66,3726.6104200,N,12215.2374680,W,1,0,0.0,109.4144,M,0.0000,M,0.0000,0
$GPRMC,215347.66,A,3726.6104200,N,12215.2374680,W,27.6727,295.5560,040121,,,,
$GPGGA,215348.67,3726.6166780,N,12215.2545560,W,1,0,0.0,110.5201,M,0.0000,M,0.0000,0
$GPRMC,215348.67,A,3726.6166780,N,12215.2545560,W,27.5732,293.7691,040121,,,,
$GPGGA,215349.66,3726.6224320,N,12215.2716620,W,1,0,0.0,111.5977,M,0.0000,M,0.0000,0
$GPRMC,215349.66,A,3726.6224320,N,12215.2716620,W,27.4869,291.9108,040121,,,,
$GPGGA,215350.65,3726.6276880,N,12215.2888220,W,1,0,0.0,112.6552,M,0.0000,M,0.0000,0
$GPRMC,215350.65,A,3726.6276880,N,12215.2888220,W,27.4250,290.2075,040121,,,,
$GPGGA,215351.67,3726.6327280,N,12215.3066660,W,1,0,0.0,113.7427,M,0.0000,M,0.0000,0
$GPRMC,215351.67,A,3726.6327280,N,12215.3066660,W,27.3523,288.7948,040121,,,,
$GPGGA,215352.66,3726.6372820,N,12215.3240840,W,1,0,0.0,114.8430,M,0.0000,M,0.0000,0
$GPRMC,215352.66,A,3726.6372820,N,12215.3240840,W,27.2859,287.4273,040121,,,,
$GPGGA,215353.67,3726.6415480,N,12215.3420780,W,1,0,0.0,115.9230,M,0.0000,M,0.0000,0
$GPRMC,215353.67,A,3726.6415480,N,12215.3420780,W,27.2305,285.5566,040121,,,,
$GPGGA,215354.66,3726.6451900,N,12215.3596520,W,1,0,0.0,116.9754,M,0.0000,M,0.0000,0
$GPRMC,215354.66,A,3726.6451900,N,12215.3596520,W,27.0749,283.5511,040121,,,,
$GPGGA,215355.66,3726.6483820,N,12215.3774900,W,1,0,0.0,118.0057,M,0.0000,M,0.0000,0
$GPRMC,215355.66,A,3726.6483820,N,12215.3774900,W,26.9689,281.8605,040121,,,,
$GPGGA,215356.65,3726.6511900,N,12215.3951840,W,1,0,0.0,118.9757,M,0.0000,M,0.0000,0
$GPRMC,215356.65,A,3726.6511900,N,12215.3951840,W,26.8811,280.6088,040121,,,,
$GPGGA,215357.66,3726.6537280,N,12215.4133640,W,1,0,0.0,119.9006,M,0.0000,M,0.0000,0
$GPRMC,215357.66,A,3726.6537280,N,12215.4133640,W,26.8196,279.1891,040121,,,,
$GPGGA,215358.67,3726.6558340,N,12215.4314420,W,1,0,0.0,120.7566,M,0.0000,M,0.0000,0
$GPRMC,215358.67,A,3726.6558340,N,12215.4314420,W,26.7984,277.4371,040121,,,,
$GPGGA,215359.66,3726.6574780,N,12215.4492800,W,1,0,0.0,121.5562,M,0.0000,M,0.0000,0
$GPRMC,215359.66,A,3726.6574780,N,12215.4492800,W,26.7846,275.6454,040121,,,,
$GPGGA,215400.66,3726.6586600,N,12215.4673880,W,1,0,0.0,122.3261,M,0.0000,M,0.0000,0
$GPRMC,215400.66,A,3726.6586600,N,12215.4673880,W,26.8071,273.8398,040121,,,,
$GPGGA,215401.67,3726.6594400,N,12215.4857780,W,1,0,0.0,123.0103,M,0.0000,M,0.0000,0
$GPRMC,215401.67,A,3726.6594400,N,12215.4857780,W,26.7896,272.1512,040121,,,,
$GPGGA,215402.66,3726.6597760,N,12215.5037840,W,1,0,0.0,123.6391,M,0.0000,M,0.0000,0
$GPRMC,215402.66,A,3726.6597760,N,12215.5037840,W,26.7545,270.5128,040121,,,,
$GPGGA,215403.67,3726.6596560,N,12215.5221320,W,1,0,0.0,124.2228,M,0.0000,M,0.0000,0
$GPRMC,215403.67,A,3726.6596560,N,12215.5221320,W,26.7788,268.5724,040121,,,,
$GPGGA,215404.66,3726.6590560,N,12215.5401380,W,1,0,0.0,124.6955,M,0.0000,M,0.0000,0
$GPRMC,215404.66,A,3726.6590560,N,12215.5401380,W,26.9037,266.7621,040121,,,,
$GPGGA,215405.65,3726.6580900,N,12215.5581260,W,1,0,0.0,125.0654,M,0.0000,M,0.0000,0
$GPRMC,215405.65,A,3726.6580900,N,12215.5581260,W,27.0461,265.4639,040121,,,,
$GPGGA,215406.66,3726.6568180,N,12215.5765400,W,1,0,0.0,125.3625,M,0.0000,M,0.0000,0
$GPRMC,215406.66,A,3726.6568180,N,12215.5765400,W,27.1719,264.5768,040121,,,,
$GPGGA,215407.65,3726.6553720,N,12215.5948520,W,1,0,0.0,125.6023,M,0.0000,M,0.0000,0
$GPRMC,215407.65,A,3726.6553720,N,12215.5948520,W,27.3214,264.0811,040121,,,,
$GPGGA,215408.67,3726.6538180,N,12215.6136800,W,1,0,0.0,125.7804,M,0.0000,M,0.0000,0
$GPRMC,215408.67,A,3726.6538180,N,12215.6136800,W,27.6553,263.9951,040121,,,,
$GPGGA,215409.66,3726.6523060,N,12215.6323340,W,1,0,0.0,125.8927,M,0.0000,M,0.0000,0
$GPRMC,215409.66,A,3726.6523060,N,12215.6323340,W,27.9750,264.2295,040121,,,,
$GPGGA,215410.66,3726.6508420,N,12215.6512520,W,1,0,0.0,126.0116,M,0.0000,M,0.0000,0
$GPRMC,215410.66,A,3726.6508420,N,12215.6512520,W,28.3240,264.4343,040121,,,,
$GPGGA,215411.67,3726.6493180,N,12215.6706140,W,1,0,0.0,126.1911,M,0.0000,M,0.0000,0
$GPRMC,215411.67,A,3726.6493180,N,12215.6706140,W,28.4850,264.0820,040121,,,,
$GPGGA,215412.66,3726.6477760,N,12215.6896520,W,1,0,0.0,126.4061,M,0.0000,M,0.0000,0
$GPRMC,215412.66,A,3726.6477760,N,12215.6896520,W,28.5930,264.2227,040121,,,,
$GPGGA,215413.67,3726.6462400,N,12215.7092720,W,1,0,0.0,126.5975,M,0.0000,M,0.0000,0
$GPRMC,215413.67,A,3726.6462400,N,12215.7092720,W,28.7323,264.3515,040121,,,,
$GPGGA,215414.66,3726.6447580,N,12215.7285380,W,1,0,0.0,126.7659,M,0.0000,M,0.0000,0
$GPRMC,215414.66,A,3726.6447580,N,12215.7285380,W,28.8986,264.4293,040121,,,,
$GPGGA,215415.65,3726.6432700,N,12215.7478580,W,1,0,0.0,126.9279,M,0.0000,M,0.0000,0
$GPRMC,215415.65,A,3726.6432700,N,12215.7478580,W,29.0426,264.2055,040121,,,,
$GPGGA,215416.67,3726.6416800,N,12215.7678380,W,1,0,0.0,127.0403,M,0.0000,M,0.0000,0
$GPRMC,215416.67,A,3726.6416800,N,12215.7678380,W,29.2504,264.3127,040121,,,,
$GPGGA,215417.66,3726.6401500,N,12215.7875900,W,1,0,0.0,127.1419,M,0.0000,M,0.0000,0
$GPRMC,215417.66,A,3726.6401500,N,12215.7875900,W,29.4470,264.3118,040121,,,,
$GPGGA,215418.67,3726.6385180,N,12215.8076840,W,1,0,0.0,127.2979,M,0.0000,M,0.0000,0
$GPRMC,215418.67,A,3726.6385180,N,12215.8076840,W,29.6493,263.9991,040121,,,,
$GPGGA,215419.66,3726.6369220,N,12215.8275200,W,1,0,0.0,127.4179,M,0.0000,M,0.0000,0
$GPRMC,215419.66,A,3726.6369220,N,12215.8275200,W,29.7398,264.3823,040121,,,,
$GPGGA,215420.65,3726.6355720,N,12215.8473320,W,1,0,0.0,127.4654,M,0.0000,M,0.0000,0
$GPRMC,215420.65,A,3726.6355720,N,12215.8473320,W,29.7844,265.8156,040121,,,,
$GPGGA,215421.66,3726.6347440,N,12215.8678640,W,1,0,0.0,127.4402,M,0.0000,M,0.0000,0
$GPRMC,215421.66,A,3726.6347440,N,12215.8678640,W,29.9417,268.0614,040121,,,,
$GPGGA,215422.66,3726.6344680,N,12215.8881800,W,1,0,0.0,127.3984,M,0.0000,M,0.0000,0
$GPRMC,215422.66,A,3726.6344680,N,12215.8881800,W,30.1407,269.6625,040121,,,,
$GPGGA,215423.67,3726.6346120,N,12215.9089280,W,1,0,0.0,127.3050,M,0.0000,M,0.0000,0
$GPRMC,215423.67,A,3726.6346120,N,12215.9089280,W,30.2813,271.2813,040121,,,,
$GPGGA,215424.66,3726.6352660,N,12215.9293100,W,1,0,0.0,127.1514,M,0.0000,M,0.0000,0
$GPRMC,215424.66,A,3726.6352660,N,12215.9293100,W,30.3852,273.1683,040121,,,,
$GPGGA,215425.65,3726.6364480,N,12215.9496140,W,1,0,0.0,126.9464,M,0.0000,M,0.0000,0
$GPRMC,215425.65,A,3726.6364480,N,12215.9496140,W,30.5905,275.0776,040121,,,,
$GPGGA,215426.67,3726.6382420,N,12215.9706740,W,1,0,0.0,126.6498,M,0.0000,M,0.0000,0
$GPRMC,215426.67,A,3726.6382420,N,12215.9706740,W,30.6397,276.8394,040121,,,,
$GPGGA,215427.66,3726.6404440,N,12215.9910740,W,1,0,0.0,126.2917,M,0.0000,M,0.0000,0
$GPRMC,215427.66,A,3726.6404440,N,12215.9910740,W,30.6759,278.2952,040121,,,,
$GPGGA,215428.65,3726.6430240,N,12216.0115220,W,1,0,0.0,125.9046,M,0.0000,M,0.0000,0
$GPRMC,215428.65,A,3726.6430240,N,12216.0115220,W,30.7182,279.6240,040121,,,,
$GPGGA,215429.64,3726.6460480,N,12216.0317600,W,1,0,0.0,125.4971,M,0.0000,M,0.0000,0
$GPRMC,215429.64,A,3726.6460480,N,12216.0317600,W,30.7405,281.5484,040121,,,,
$GPGGA,215430.65,3726.6496960,N,12216.0522620,W,1,0,0.0,125.0347,M,0.0000,M,0.0000,0
$GPRMC,215430.65,A,3726.6496960,N,12216.0522620,W,30.7745,283.4265,040121,,,,
$GPGGA,215431.65,3726.6538480,N,12216.0724460,W,1,0,0.0,124.6072,M,0.0000,M,0.0000,0
$GPRMC,215431.65,A,3726.6538480,N,12216.0724460,W,30.8056,285.3983,040121,,,,
$GPGGA,215432.65,3726.6585640,N,12216.0925160,W,1,0,0.0,124.1610,M,0.0000,M,0.0000,0
$GPRMC,215432.65,A,3726.6585640,N,12216.0925160,W,30.8676,287.2676,040121,,,,
$GPGGA,215433.66,3726.6638560,N,12216.1127300,W,1,0,0.0,123.7055,M,0.0000,M,0.0000,0
$GPRMC,215433.66,A,3726.6638560,N,12216.1127300,W,30.9074,288.9720,040121,,,,
$GPGGA,215434.66,3726.6695680,N,12216.1324100,W,1,0,0.0,123.2665,M,0.0000,M,0.0000,0
$GPRMC,215434.66,A,3726.6695680,N,12216.1324100,W,30.9174,290.8257,040121,,,,
$GPGGA,215435.65,3726.6757060,N,12216.1516220,W,1,0,0.0,122.8033,M,0.0000,M,0.0000,0
$GPRMC,215435.65,A,3726.6757060,N,12216.1516220,W,30.8667,292.7395,040121,,,,
$GPGGA,215436.67,3726.6824980,N,12216.1711160,W,1,0,0.0,122.2569,M,0.0000,M,0.0000,0
$GPRMC,215436.67,A,3726.6824980,N,12216.1711160,W,30.8335,294.2436,040121,,,,
$GPGGA,215437.66,3726.6894940,N,12216.1898960,W,1,0,0.0,121.8626,M,0.0000,M,0.0000,0
$GPRMC,215437.66,A,3726.6894940,N,12216.1898960,W,30.8714,295.7977,040121,,,,
$GPGGA,215438.67,3726.6971020,N,12216.2088740,W,1,0,0.0,121.4502,M,0.0000,M,0.0000,0
$GPRMC,215438.67,A,3726.6971020,N,12216.2088740,W,30.9720,297.4898,040121,,,,
$GPGGA,215439.66,3726.7050340,N,12216.2272520,W,1,0,0.0,121.0570,M,0.0000,M,0.0000,0
$GPRMC,215439.66,A,3726.7050340,N,12216.2272520,W,31.1054,299.2201,040121,,,,
$GPGGA,215440.66,3726.7134460,N,12216.2453120,W,1,0,0.0,120.7347,M,0.0000,M,0.0000,0
$GPRMC,215440.66,A,3726.7134460,N,12216.2453120,W,31.2090,301.1047,040121,,,,
$GPGGA,215441.66,3726.7224640,N,12216.2633660,W,1,0,0.0,120.5077,M,0.0000,M,0.0000,0
$GPRMC,215441.66,A,3726.7224640,N,12216.2633660,W,31.2652,302.7710,040121,,,,
$GPGGA,215442.65,3726.7318000,N,12216.2808560,W,1,0,0.0,120.3698,M,0.0000,M,0.0000,0
$GPRMC,215442.65,A,3726.7318000,N,12216.2808560,W,31.1547,304.6541,040121,,,,
$GPGGA,215443.65,3726.7415260,N,12216.2979080,W,1,0,0.0,120.3135,M,0.0000,M,0.0000,0
$GPRMC,215443.65,A,3726.7415260,N,12216.2979080,W,31.0181,306.3033,040121,,,,
$GPGGA,215444.65,3726.7516540,N,12216.3145520,W,1,0,0.0,120.3597,M,0.0000,M,0.0000,0
$GPRMC,215444.65,A,3726.7516540,N,12216.3145520,W,30.8943,308.0999,040121,,,,
$GPGGA,215445.66,3726.7622440,N,12216.3310220,W,1,0,0.0,120.5818,M,0.0000,M,0.0000,0
$GPRMC,215445.66,A,3726.7622440,N,12216.3310220,W,30.7770,309.5254,040121,,,,
$GPGGA,215446.65,3726.7729600,N,12216.3467840,W,1,0,0.0,120.8657,M,0.0000,M,0.0000,0
$GPRMC,215446.65,A,3726.7729600,N,12216.3467840,W,30.6325,311.0461,040121,,,,
$GPGGA,215447.66,3726.7839640,N,12216.3624380,W,1,0,0.0,121.2298,M,0.0000,M,0.0000,0
$GPRMC,215447.66,A,3726.7839640,N,12216.3624380,W,30.4141,311.3438,040121,,,,
$GPGGA,215448.66,3726.7947040,N,12216.3777860,W,1,0,0.0,121.6475,M,0.0000,M,0.0000,0
$GPRMC,215448.66,A,3726.7947040,N,12216.3777860,W,30.1694,311.0821,040121,,,,
$GPGGA,215449.67,3726.8054980,N,12216.3932780,W,1,0,0.0,122.0828,M,0.0000,M,0.0000,0
$GPRMC,215449.67,A,3726.8054980,N,12216.3932780,W,29.8370,311.1084,040121,,,,
$GPGGA,215450.66,3726.8159500,N,12216.4082060,W,1,0,0.0,122.6120,M,0.0000,M,0.0000,0
$GPRMC,215450.66,A,3726.8159500,N,12216.4082060,W,29.2892,311.1563,040121,,,,
$GPGGA,215451.66,3726.8262820,N,12216.4230620,W,1,0,0.0,123.1850,M,0.0000,M,0.0000,0
$GPRMC,215451.66,A,3726.8262820,N,12216.4230620,W,28.5996,311.1548,040121,,,,
$GPGGA,215452.66,3726.8363260,N,12216.4373780,W,1,0,0.0,123.8060,M,0.0000,M,0.0000,0
$GPRMC,215452.66,A,3726.8363260,N,12216.4373780,W,27.9487,311.2912,040121,,,,
$GPGGA,215453.67,3726.8463580,N,12216.4516640,W,1,0,0.0,124.5158,M,0.0000,M,0.0000,0
$GPRMC,215453.67,A,3726.8463580,N,12216.4516640,W,27.2978,311.2498,040121,,,,
$GPGGA,215454.66,3726.8559220,N,12216.4652720,W,1,0,0.0,125.2457,M,0.0000,M,0.0000,0
$GPRMC,215454.66,A,3726.8559220,N,12216.4652720,W,26.6186,311.2743,040121,,,,
$GPGGA,215455.68,3726.8653900,N,12216.4787840,W,1,0,0.0,125.9954,M,0.0000,M,0.0000,0
$GPRMC,215455.68,A,3726.8653900,N,12216.4787840,W,25.8991,311.2987,040121,,,,
$GPGGA,215456.67,3726.8745220,N,12216.4917800,W,1,0,0.0,126.7084,M,0.0000,M,0.0000,0
$GPRMC,215456.67,A,3726.8745220,N,12216.4917800,W,25.3806,311.2772,040121,,,,
$GPGGA,215457.66,3726.8834020,N,12216.5044520,W,1,0,0.0,127.4333,M,0.0000,M,0.0000,0
$GPRMC,215457.66,A,3726.8834020,N,12216.5044520,W,25.0046,311.2521,040121,,,,
$GPGGA,215458.65,3726.8922400,N,12216.5170100,W,1,0,0.0,128.1350,M,0.0000,M,0.0000,0
$GPRMC,215458.65,A,3726.8922400,N,12216.5170100,W,24.8354,311.4924,040121,,,,
$GPGGA,215459.66,3726.9011860,N,12216.5296220,W,1,0,0.0,128.8735,M,0.0000,M,0.0000,0
$GPRMC,215459.66,A,3726.9011860,N,12216.5296220,W,24.8219,311.6232,040121,,,,
$GPGGA,215500.67,3726.9102280,N,12216.5424020,W,1,0,0.0,129.5856,M,0.0000,M,0.0000,0
$GPRMC,215500.67,A,3726.9102280,N,12216.5424020,W,24.8259,311.2261,040121,,,,
$GPGGA,215501.67,3726.9190300,N,12216.5550260,W,1,0,0.0,130.2816,M,0.0000,M,0.0000,0
$GPRMC,215501.67,A,3726.9190300,N,12216.5550260,W,24.8731,310.9497,040121,,,,
$GPGGA,215502.66,3726.9278320,N,12216.5677520,W,1,0,0.0,130.9940,M,0.0000,M,0.0000,0
$GPRMC,215502.66,A,3726.9278320,N,12216.5677520,W,25.1186,310.8574,040121,,,,
$GPGGA,215503.67,3726.9368440,N,12216.5808200,W,1,0,0.0,131.7304,M,0.0000,M,0.0000,0
$GPRMC,215503.67,A,3726.9368440,N,12216.5808200,W,25.3613,310.6826,040121,,,,
$GPGGA,215504.66,3726.9457180,N,12216.5938100,W,1,0,0.0,132.4472,M,0.0000,M,0.0000,0
$GPRMC,215504.66,A,3726.9457180,N,12216.5938100,W,25.6296,310.3797,040121,,,,
$GPGGA,215505.65,3726.9546280,N,12216.6069380,W,1,0,0.0,133.1434,M,0.0000,M,0.0000,0
$GPRMC,215505.65,A,3726.9546280,N,12216.6069380,W,25.8348,310.2250,040121,,,,
$GPGGA,215506.67,3726.9639220,N,12216.6206480,W,1,0,0.0,133.8134,M,0.0000,M,0.0000,0
$GPRMC,215506.67,A,3726.9639220,N,12216.6206480,W,26.1415,310.2706,040121,,,,
$GPGGA,215507.66,3726.9730060,N,12216.6340880,W,1,0,0.0,134.4500,M,0.0000,M,0.0000,0
$GPRMC,215507.66,A,3726.9730060,N,12216.6340880,W,26.2156,310.1327,040121,,,,
$GPGGA,215508.67,3726.9822520,N,12216.6478880,W,1,0,0.0,134.9966,M,0.0000,M,0.0000,0
$GPRMC,215508.67,A,3726.9822520,N,12216.6478880,W,26.2968,309.7159,040121,,,,
$GPGGA,215509.66,3726.9912400,N,12216.6614720,W,1,0,0.0,135.4522,M,0.0000,M,0.0000,0
$GPRMC,215509.66,A,3726.9912400,N,12216.6614720,W,26.5341,309.5485,040121,,,,
$GPGGA,215510.68,3727.0005820,N,12216.6756440,W,1,0,0.0,135.9305,M,0.0000,M,0.0000,0
$GPRMC,215510.68,A,3727.0005820,N,12216.6756440,W,26.7595,309.4957,040121,,,,
$GPGGA,215511.67,3727.0097200,N,12216.6895280,W,1,0,0.0,136.3488,M,0.0000,M,0.0000,0
$GPRMC,215511.67,A,3727.0097200,N,12216.6895280,W,26.7531,309.3519,040121,,,,
$GPGGA,215512.66,3727.0187980,N,12216.7033520,W,1,0,0.0,136.8042,M,0.0000,M,0.0000,0
$GPRMC,215512.66,A,3727.0187980,N,12216.7033520,W,26.6955,309.4487,040121,,,,
$GPGGA,215513.65,3727.0279720,N,12216.7172540,W,1,0,0.0,137.1918,M,0.0000,M,0.0000,0
$GPRMC,215513.65,A,3727.0279720,N,12216.7172540,W,26.6642,309.5500,040121,,,,
$GPGGA,215514.64,3727.0370740,N,12216.7309700,W,1,0,0.0,137.4654,M,0.0000,M,0.0000,0
$GPRMC,215514.64,A,3727.0370740,N,12216.7309700,W,26.7034,309.6324,040121,,,,
$GPGGA,215515.65,3727.0463860,N,12216.7450460,W,1,0,0.0,137.6803,M,0.0000,M,0.0000,0
$GPRMC,215515.65,A,3727.0463860,N,12216.7450460,W,26.7197,309.5076,040121,,,,
$GPGGA,215516.67,3727.0557700,N,12216.7592600,W,1,0,0.0,137.8386,M,0.0000,M,0.0000,0
$GPRMC,215516.67,A,3727.0557700,N,12216.7592600,W,26.8151,309.5151,040121,,,,
$GPGGA,215517.66,3727.0649500,N,12216.7731920,W,1,0,0.0,137.8998,M,0.0000,M,0.0000,0
$GPRMC,215517.66,A,3727.0649500,N,12216.7731920,W,26.9264,309.3976,040121,,,,
$GPGGA,215518.68,3727.0743520,N,12216.7875140,W,1,0,0.0,137.9303,M,0.0000,M,0.0000,0
$GPRMC,215518.68,A,3727.0743520,N,12216.7875140,W,27.0138,309.4121,040121,,,,
$GPGGA,215519.67,3727.0835500,N,12216.8015420,W,1,0,0.0,137.9509,M,0.0000,M,0.0000,0
$GPRMC,215519.67,A,3727.0835500,N,12216.8015420,W,27.1144,309.2585,040121,,,,
$GPGGA,215520.60,3727.0922380,N,12216.8148020,W,1,0,0.0,137.9391,M,0.0000,M,0.0000,0
$GPRMC,215520.60,A,3727.0922380,N,12216.8148020,W,27.2414,309.3398,040121,,,,
$GPGGA,215521.79,3727.1034400,N,12216.8318720,W,1,0,0.0,137.8704,M,0.0000,M,0.0000,0
$GPRMC,215521.79,A,3727.1034400,N,12216.8318720,W,27.4730,309.3639,040121,,,,
$GPGGA,215522.66,3727.1116780,N,12216.8443940,W,1,0,0.0,137.7429,M,0.0000,M,0.0000,0
$GPRMC,215522.66,A,3727.1116780,N,12216.8443940,W,27.7535,309.4983,040121,,,,
$GPGGA,215523.67,3727.1214760,N,12216.8592620,W,1,0,0.0,137.5784,M,0.0000,M,0.0000,0
$GPRMC,215523.67,A,3727.1214760,N,12216.8592620,W,28.1021,309.3613,040121,,,,
$GPGGA,215524.66,3727.1310220,N,12216.8738420,W,1,0,0.0,137.3350,M,0.0000,M,0.0000,0
$GPRMC,215524.66,A,3727.1310220,N,12216.8738420,W,28.2763,309.2284,040121,,,,
$GPGGA,215525.68,3727.1408800,N,12216.8889140,W,1,0,0.0,137.0421,M,0.0000,M,0.0000,0
$GPRMC,215525.68,A,3727.1408800,N,12216.8889140,W,28.2772,309.2862,040121,,,,
$GPGGA,215526.67,3727.1505160,N,12216.9035960,W,1,0,0.0,136.6752,M,0.0000,M,0.0000,0
$GPRMC,215526.67,A,3727.1505160,N,12216.9035960,W,28.1788,309.4286,040121,,,,
$GPGGA,215527.66,3727.1601220,N,12216.9182240,W,1,0,0.0,136.2798,M,0.0000,M,0.0000,0
$GPRMC,215527.66,A,3727.1601220,N,12216.9182240,W,28.1555,309.2935,040121,,,,
$GPGGA,215528.65,3727.1696920,N,12216.9328520,W,1,0,0.0,135.8563,M,0.0000,M,0.0000,0
$GPRMC,215528.65,A,3727.1696920,N,12216.9328520,W,28.0944,309.2947,040121,,,,
$GPGGA,215529.66,3727.1793580,N,12216.9476060,W,1,0,0.0,135.3510,M,0.0000,M,0.0000,0
$GPRMC,215529.66,A,3727.1793580,N,12216.9476060,W,27.9403,309.3353,040121,,,,
$GPGGA,215530.68,3727.1890960,N,12216.9624560,W,1,0,0.0,134.7836,M,0.0000,M,0.0000,0
$GPRMC,215530.68,A,3727.1890960,N,12216.9624560,W,27.9135,309.3697,040121,,,,
$GPGGA,215531.67,3727.1986600,N,12216.9769820,W,1,0,0.0,134.1894,M,0.0000,M,0.0000,0
$GPRMC,215531.67,A,3727.1986600,N,12216.9769820,W,27.9379,309.6199,040121,,,,
$GPGGA,215532.66,3727.2082540,N,12216.9914000,W,1,0,0.0,133.5802,M,0.0000,M,0.0000,0
$GPRMC,215532.66,A,3727.2082540,N,12216.9914000,W,28.0503,309.6723,040121,,,,
$GPGGA,215533.67,3727.2181060,N,12217.0062560,W,1,0,0.0,132.9552,M,0.0000,M,0.0000,0
$GPRMC,215533.67,A,3727.2181060,N,12217.0062560,W,28.2137,309.6288,040121,,,,
$GPGGA,215534.66,3727.2277600,N,12217.0209020,W,1,0,0.0,132.3328,M,0.0000,M,0.0000,0
$GPRMC,215534.66,A,3727.2277600,N,12217.0209020,W,28.3983,309.3790,040121,,,,
$GPGGA,215535.66,3727.2374680,N,12217.0357040,W,1,0,0.0,131.7314,M,0.0000,M,0.0000,0
$GPRMC,215535.66,A,3727.2374680,N,12217.0357040,W,28.5990,309.3440,040121,,,,
$GPGGA,215536.65,3727.2472840,N,12217.0507340,W,1,0,0.0,131.0921,M,0.0000,M,0.0000,0
$GPRMC,215536.65,A,3727.2472840,N,12217.0507340,W,28.8265,309.1706,040121,,,,
$GPGGA,215537.66,3727.2572560,N,12217.0660220,W,1,0,0.0,130.4362,M,0.0000,M,0.0000,0
$GPRMC,215537.66,A,3727.2572560,N,12217.0660220,W,29.0023,309.1556,040121,,,,
$GPGGA,215538.67,3727.2672280,N,12217.0813580,W,1,0,0.0,129.8136,M,0.0000,M,0.0000,0
$GPRMC,215538.67,A,3727.2672280,N,12217.0813580,W,28.9989,309.1985,040121,,,,
$GPGGA,215539.66,3727.2771280,N,12217.0964600,W,1,0,0.0,129.1739,M,0.0000,M,0.0000,0
$GPRMC,215539.66,A,3727.2771280,N,12217.0964600,W,29.0056,309.3554,040121,,,,
$GPGGA,215540.67,3727.2871540,N,12217.1117540,W,1,0,0.0,128.5428,M,0.0000,M,0.0000,0
$GPRMC,215540.67,A,3727.2871540,N,12217.1117540,W,29.0245,309.3690,040121,,,,
$GPGGA,215541.67,3727.2971680,N,12217.1269460,W,1,0,0.0,127.8893,M,0.0000,M,0.0000,0
$GPRMC,215541.67,A,3727.2971680,N,12217.1269460,W,28.9938,309.6990,040121,,,,
$GPGGA,215542.66,3727.3070680,N,12217.1418980,W,1,0,0.0,127.2522,M,0.0000,M,0.0000,0
$GPRMC,215542.66,A,3727.3070680,N,12217.1418980,W,29.0096,309.5340,040121,,,,
$GPGGA,215543.67,3727.3172260,N,12217.1572880,W,1,0,0.0,126.5782,M,0.0000,M,0.0000,0
$GPRMC,215543.67,A,3727.3172260,N,12217.1572880,W,29.0410,309.5051,040121,,,,
$GPGGA,215544.67,3727.3271260,N,12217.1723900,W,1,0,0.0,125.9136,M,0.0000,M,0.0000,0
$GPRMC,215544.67,A,3727.3271260,N,12217.1723900,W,29.0715,309.1964,040121,,,,
$GPGGA,215545.68,3727.3372000,N,12217.1877920,W,1,0,0.0,125.2013,M,0.0000,M,0.0000,0
$GPRMC,215545.68,A,3727.3372000,N,12217.1877920,W,28.9535,309.2875,040121,,,,
$GPGGA,215546.67,3727.3471240,N,12217.2027920,W,1,0,0.0,124.4333,M,0.0000,M,0.0000,0
$GPRMC,215546.67,A,3727.3471240,N,12217.2027920,W,28.8024,309.8297,040121,,,,
$GPGGA,215547.66,3727.3569820,N,12217.2175340,W,1,0,0.0,123.7278,M,0.0000,M,0.0000,0
$GPRMC,215547.66,A,3727.3569820,N,12217.2175340,W,28.7769,309.9034,040121,,,,
$GPGGA,215548.67,3727.3671580,N,12217.2324680,W,1,0,0.0,123.1311,M,0.0000,M,0.0000,0
$GPRMC,215548.67,A,3727.3671580,N,12217.2324680,W,28.7902,311.3680,040121,,,,
$GPGGA,215549.64,3727.3774720,N,12217.2465260,W,1,0,0.0,122.7247,M,0.0000,M,0.0000,0
$GPRMC,215549.64,A,3727.3774720,N,12217.2465260,W,28.7874,313.7206,040121,,,,
$GPGGA,215550.66,3727.3885600,N,12217.2605960,W,1,0,0.0,122.3674,M,0.0000,M,0.0000,0
$GPRMC,215550.66,A,3727.3885600,N,12217.2605960,W,28.7919,315.5162,040121,,,,
$GPGGA,215551.67,3727.4000380,N,12217.2741980,W,1,0,0.0,122.1738,M,0.0000,M,0.0000,0
$GPRMC,215551.67,A,3727.4000380,N,12217.2741980,W,28.7776,317.4733,040121,,,,
$GPGGA,215552.66,3727.4116060,N,12217.2870020,W,1,0,0.0,122.0724,M,0.0000,M,0.0000,0
$GPRMC,215552.66,A,3727.4116060,N,12217.2870020,W,28.7435,319.4111,040121,,,,
$GPGGA,215553.68,3727.4237200,N,12217.2995480,W,1,0,0.0,122.0806,M,0.0000,M,0.0000,0
$GPRMC,215553.68,A,3727.4237200,N,12217.2995480,W,28.6696,321.2436,040121,,,,
$GPGGA,215554.66,3727.4357920,N,12217.3113560,W,1,0,0.0,122.2223,M,0.0000,M,0.0000,0
$GPRMC,215554.66,A,3727.4357920,N,12217.3113560,W,28.5674,322.6346,040121,,,,
$GPGGA,215555.66,3727.4480920,N,12217.3227380,W,1,0,0.0,122.5037,M,0.0000,M,0.0000,0
$GPRMC,215555.66,A,3727.4480920,N,12217.3227380,W,28.4364,324.3633,040121,,,,
$GPGGA,215556.66,3727.4608120,N,12217.3336700,W,1,0,0.0,122.8999,M,0.0000,M,0.0000,0
$GPRMC,215556.66,A,3727.4608120,N,12217.3336700,W,28.3351,326.5952,040121,,,,
$GPGGA,215557.65,3727.4736220,N,12217.3438280,W,1,0,0.0,123.3671,M,0.0000,M,0.0000,0
$GPRMC,215557.65,A,3727.4736220,N,12217.3438280,W,28.3341,328.4466,040121,,,,
$GPGGA,215558.67,3727.4870860,N,12217.3538540,W,1,0,0.0,123.9499,M,0.0000,M,0.0000,0
$GPRMC,215558.67,A,3727.4870860,N,12217.3538540,W,28.3551,330.0622,040121,,,,
$GPGGA,215559.66,3727.5004060,N,12217.3630640,W,1,0,0.0,124.5083,M,0.0000,M,0.0000,0
$GPRMC,215559.66,A,3727.5004060,N,12217.3630640,W,28.3688,332.0141,040121,,,,
$GPGGA,215600.67,3727.5141820,N,12217.3718900,W,1,0,0.0,125.1077,M,0.0000,M,0.0000,0
$GPRMC,215600.67,A,3727.5141820,N,12217.3718900,W,28.3990,333.6366,040121,,,,
$GPGGA,215601.65,3727.5277540,N,12217.3798880,W,1,0,0.0,125.7028,M,0.0000,M,0.0000,0
$GPRMC,215601.65,A,3727.5277540,N,12217.3798880,W,28.3032,335.6363,040121,,,,
$GPGGA,215602.66,3727.5419260,N,12217.3875980,W,1,0,0.0,126.2766,M,0.0000,M,0.0000,0
$GPRMC,215602.66,A,3727.5419260,N,12217.3875980,W,28.2492,337.3008,040121,,,,
$GPGGA,215603.66,3727.5560560,N,12217.3946360,W,1,0,0.0,126.8738,M,0.0000,M,0.0000,0
$GPRMC,215603.66,A,3727.5560560,N,12217.3946360,W,28.2636,339.1746,040121,,,,
$GPGGA,215604.66,3727.5705520,N,12217.4012060,W,1,0,0.0,127.3745,M,0.0000,M,0.0000,0
$GPRMC,215604.66,A,3727.5705520,N,12217.4012060,W,28.3606,340.8293,040121,,,,
$GPGGA,215605.66,3727.5850060,N,12217.4072060,W,1,0,0.0,127.9750,M,0.0000,M,0.0000,0
$GPRMC,215605.66,A,3727.5850060,N,12217.4072060,W,28.4643,342.3585,040121,,,,
$GPGGA,215606.67,3727.5999700,N,12217.4128100,W,1,0,0.0,128.5610,M,0.0000,M,0.0000,0
$GPRMC,215606.67,A,3727.5999700,N,12217.4128100,W,28.5367,344.2149,040121,,,,
$GPGGA,215607.66,3727.6147360,N,12217.4176520,W,1,0,0.0,129.1016,M,0.0000,M,0.0000,0
$GPRMC,215607.66,A,3727.6147360,N,12217.4176520,W,28.6073,346.7466,040121,,,,
$GPGGA,215608.67,3727.6301500,N,12217.4217800,W,1,0,0.0,129.8194,M,0.0000,M,0.0000,0
$GPRMC,215608.67,A,3727.6301500,N,12217.4217800,W,28.6523,348.8105,040121,,,,
$GPGGA,215609.67,3727.6452760,N,12217.4252060,W,1,0,0.0,130.3893,M,0.0000,M,0.0000,0
$GPRMC,215609.67,A,3727.6452760,N,12217.4252060,W,28.5270,350.6176,040121,,,,
$GPGGA,215610.65,3727.6602580,N,12217.4279300,W,1,0,0.0,130.9331,M,0.0000,M,0.0000,0
$GPRMC,215610.65,A,3727.6602580,N,12217.4279300,W,28.2029,352.6333,040121,,,,
$GPGGA,215611.66,3727.6754800,N,12217.4300540,W,1,0,0.0,131.4941,M,0.0000,M,0.0000,0
$GPRMC,215611.66,A,3727.6754800,N,12217.4300540,W,27.9404,354.7123,040121,,,,
$GPGGA,215612.66,3727.6905280,N,12217.4313380,W,1,0,0.0,132.0376,M,0.0000,M,0.0000,0
$GPRMC,215612.66,A,3727.6905280,N,12217.4313380,W,27.9763,357.3468,040121,,,,
$GPGGA,215613.67,3727.7057680,N,12217.4318840,W,1,0,0.0,132.7273,M,0.0000,M,0.0000,0
$GPRMC,215613.67,A,3727.7057680,N,12217.4318840,W,27.9284,358.8546,040121,,,,
$GPGGA,215614.66,3727.7206720,N,12217.4321900,W,1,0,0.0,133.4447,M,0.0000,M,0.0000,0
$GPRMC,215614.66,A,3727.7206720,N,12217.4321900,W,27.7996,358.9370,040121,,,,
$GPGGA,215615.65,3727.7354500,N,12217.4325920,W,1,0,0.0,134.0525,M,0.0000,M,0.0000,0
$GPRMC,215615.65,A,3727.7354500,N,12217.4325920,W,27.7266,358.6645,040121,,,,
$GPGGA,215616.66,3727.7506600,N,12217.4329760,W,1,0,0.0,134.6389,M,0.0000,M,0.0000,0
$GPRMC,215616.66,A,3727.7506600,N,12217.4329760,W,27.6210,358.8195,040121,,,,
$GPGGA,215617.66,3727.7655160,N,12217.4333360,W,1,0,0.0,135.1571,M,0.0000,M,0.0000,0
$GPRMC,215617.66,A,3727.7655160,N,12217.4333360,W,27.5811,358.7451,040121,,,,
$GPGGA,215618.68,3727.7806540,N,12217.4337380,W,1,0,0.0,135.7203,M,0.0000,M,0.0000,0
$GPRMC,215618.68,A,3727.7806540,N,12217.4337380,W,27.5360,358.6303,040121,,,,
$GPGGA,215619.67,3727.7953960,N,12217.4341820,W,1,0,0.0,136.3341,M,0.0000,M,0.0000,0
$GPRMC,215619.67,A,3727.7953960,N,12217.4341820,W,27.3962,358.4025,040121,,,,
$GPGGA,215620.65,3727.8098440,N,12217.4347400,W,1,0,0.0,137.0096,M,0.0000,M,0.0000,0
$GPRMC,215620.65,A,3727.8098440,N,12217.4347400,W,27.0002,358.0238,040121,,,,
$GPGGA,215621.65,3727.8242140,N,12217.4354180,W,1,0,0.0,137.8097,M,0.0000,M,0.0000,0
$GPRMC,215621.65,A,3727.8242140,N,12217.4354180,W,26.3763,357.6949,040121,,,,
$GPGGA,215622.66,3727.8385840,N,12217.4361620,W,1,0,0.0,138.5484,M,0.0000,M,0.0000,0
$GPRMC,215622.66,A,3727.8385840,N,12217.4361620,W,25.9973,357.5693,040121,,,,
$GPGGA,215623.66,3727.8524740,N,12217.4369900,W,1,0,0.0,139.0130,M,0.0000,M,0.0000,0
$GPRMC,215623.66,A,3727.8524740,N,12217.4369900,W,25.7716,356.9318,040121,,,,
$GPGGA,215624.67,3727.8664840,N,12217.4381480,W,1,0,0.0,139.3712,M,0.0000,M,0.0000,0
$GPRMC,215624.67,A,3727.8664840,N,12217.4381480,W,25.6759,355.5347,040121,,,,
$GPGGA,215625.65,3727.8800620,N,12217.4396900,W,1,0,0.0,139.7030,M,0.0000,M,0.0000,0
$GPRMC,215625.65,A,3727.8800620,N,12217.4396900,W,25.6856,354.1866,040121,,,,
$GPGGA,215626.65,3727.8938740,N,12217.4416580,W,1,0,0.0,140.0345,M,0.0000,M,0.0000,0
$GPRMC,215626.65,A,3727.8938740,N,12217.4416580,W,25.6312,352.7400,040121,,,,
$GPGGA,215627.66,3727.9076980,N,12217.4440700,W,1,0,0.0,140.3027,M,0.0000,M,0.0000,0
$GPRMC,215627.66,A,3727.9076980,N,12217.4440700,W,25.4434,351.4585,040121,,,,
$GPGGA,215628.67,3727.9213480,N,12217.4467820,W,1,0,0.0,140.5678,M,0.0000,M,0.0000,0
$GPRMC,215628.67,A,3727.9213480,N,12217.4467820,W,25.2181,350.4715,040121,,,,
$GPGGA,215629.60,3727.9337560,N,12217.4494580,W,1,0,0.0,140.8023,M,0.0000,M,0.0000,0
$GPRMC,215629.60,A,3727.9337560,N,12217.4494580,W,24.8666,350.1779,040121,,,,
$GPGGA,215630.77,3727.9490320,N,12217.4527400,W,1,0,0.0,141.0618,M,0.0000,M,0.0000,0
$GPRMC,215630.77,A,3727.9490320,N,12217.4527400,W,24.2723,350.4745,040121,,,,
$GPGGA,215631.67,3727.9606000,N,12217.4551100,W,1,0,0.0,141.3075,M,0.0000,M,0.0000,0
$GPRMC,215631.67,A,3727.9606000,N,12217.4551100,W,23.8300,350.8259,040121,,,,
$GPGGA,215632.68,3727.9733620,N,12217.4576600,W,1,0,0.0,141.6100,M,0.0000,M,0.0000,0
$GPRMC,215632.68,A,3727.9733620,N,12217.4576600,W,23.3394,350.9270,040121,,,,
$GPGGA,215633.67,3727.9855720,N,12217.4601860,W,1,0,0.0,141.8852,M,0.0000,M,0.0000,0
$GPRMC,215633.67,A,3727.9855720,N,12217.4601860,W,22.8559,350.0822,040121,,,,
$GPGGA,215634.66,3727.9974220,N,12217.4629640,W,1,0,0.0,142.1986,M,0.0000,M,0.0000,0
$GPRMC,215634.66,A,3727.9974220,N,12217.4629640,W,22.3699,348.7947,040121,,,,
$GPGGA,215635.67,3728.0092780,N,12217.4661080,W,1,0,0.0,142.3859,M,0.0000,M,0.0000,0
$GPRMC,215635.67,A,3728.0092780,N,12217.4661080,W,21.9635,347.2618,040121,,,,
$GPGGA,215636.67,3728.0207200,N,12217.4695700,W,1,0,0.0,142.3457,M,0.0000,M,0.0000,0
$GPRMC,215636.67,A,3728.0207200,N,12217.4695700,W,21.6456,345.8553,040121,,,,
$GPGGA,215637.66,3728.0318920,N,12217.4732240,W,1,0,0.0,142.0694,M,0.0000,M,0.0000,0
$GPRMC,215637.66,A,3728.0318920,N,12217.4732240,W,21.4235,345.0404,040121,,,,
$GPGGA,215638.67,3728.0431300,N,12217.4771000,W,1,0,0.0,141.6407,M,0.0000,M,0.0000,0
$GPRMC,215638.67,A,3728.0431300,N,12217.4771000,W,21.2902,344.2598,040121,,,,
$GPGGA,215639.67,3728.0540260,N,12217.4809880,W,1,0,0.0,141.0151,M,0.0000,M,0.0000,0
$GPRMC,215639.67,A,3728.0540260,N,12217.4809880,W,20.7836,343.9023,040121,,,,
$GPGGA,215640.67,3728.0645920,N,12217.4850020,W,1,0,0.0,140.4386,M,0.0000,M,0.0000,0
$GPRMC,215640.67,A,3728.0645920,N,12217.4850020,W,19.8955,342.2980,040121,,,,
$GPGGA,215641.65,3728.0742760,N,12217.4891960,W,1,0,0.0,139.6857,M,0.0000,M,0.0000,0
$GPRMC,215641.65,A,3728.0742760,N,12217.4891960,W,18.6622,340.1040,040121,,,,
$GPGGA,215642.66,3728.0834260,N,12217.4934260,W,1,0,0.0,138.8126,M,0.0000,M,0.0000,0
$GPRMC,215642.66,A,3728.0834260,N,12217.4934260,W,17.0985,339.6202,040121,,,,
$GPGGA,215643.66,3728.0916880,N,12217.4971580,W,1,0,0.0,137.9466,M,0.0000,M,0.0000,0
$GPRMC,215643.66,A,3728.0916880,N,12217.4971580,W,15.4806,340.4880,040121,,,,
$GPGGA,215644.66,3728.0992060,N,12217.5003980,W,1,0,0.0,137.1143,M,0.0000,M,0.0000,0
$GPRMC,215644.66,A,3728.0992060,N,12217.5003980,W,13.6311,341.3033,040121,,,,
$GPGGA,215645.66,3728.1056080,N,12217.5030200,W,1,0,0.0,136.4596,M,0.0000,M,0.0000,0
$GPRMC,215645.66,A,3728.1056080,N,12217.5030200,W,11.3123,342.0648,040121,,,,
$GPGGA,215646.65,3728.1107980,N,12217.5050780,W,1,0,0.0,136.0606,M,0.0000,M,0.0000,0
$GPRMC,215646.65,A,3728.1107980,N,12217.5050780,W,8.9077,342.3629,040121,,,,
$GPGGA,215647.66,3728.1147280,N,12217.5067400,W,1,0,0.0,135.8182,M,0.0000,M,0.0000,0
$GPRMC,215647.66,A,3728.1147280,N,12217.5067400,W,6.3360,340.8565,040121,,,,
$GPGGA,215648.66,3728.1173260,N,12217.5079520,W,1,0,0.0,135.7044,M,0.0000,M,0.0000,0
$GPRMC,215648.66,A,3728.1173260,N,12217.5079520,W,4.0687,339.1943,040121,,,,
$GPGGA,215649.67,3728.1189640,N,12217.5088580,W,1,0,0.0,135.6640,M,0.0000,M,0.0000,0
$GPRMC,215649.67,A,3728.1189640,N,12217.5088580,W,2.4900,336.5942,040121,,,,
$GPGGA,215650.75,3728.1199180,N,12217.5094340,W,1,0,0.0,135.6254,M,0.0000,M,0.0000,0
$GPRMC,215650.75,A,3728.1199180,N,12217.5094340,W,1.3356,335.1683,040121,,,,
$GPGGA,215651.45,3728.1203020,N,12217.5096740,W,1,0,0.0,135.6085,M,0.0000,M,0.0000,0
$GPRMC,215651.45,A,3728.1203020,N,12217.5096740,W,0.9217,334.5327,040121,,,,
$GPGGA,215652.66,3728.1205720,N,12217.5098540,W,1,0,0.0,135.5964,M,0.0000,M,0.0000,0
$GPRMC,215652.66,A,3728.1205720,N,12217.5098540,W,0.0351,334.0675,040121,,,,
$GPGGA,215653.66,3728.1205720,N,12217.5098540,W,1,0,0.0,135.5890,M,0.0000,M,0.0000,0
$GPRMC,215653.66,A,3728.1205720,N,12217.5098540,W,0.0018,334.0677,040121,,,,
$GPGGA,215654.66,3728.1205720,N,12217.5098540,W,1,0,0.0,135.5880,M,0.0000,M,0.0000,0
$GPRMC,215654.66,A,3728.1205720,N,12217.5098540,W,0.0019,334.0655,040121,,,,
$GPGGA,215655.66,3728.1205720,N,12217.5098540,W,1,0,0.0,135.5870,M,0.0000,M,0.0000,0
$GPRMC,215655.66,A,3728.1205720,N,12217.5098540,W,0.0021,334.0653,040121,,,,
$GPGGA,215656.65,3728.1205720,N,12217.5098480,W,1,0,0.0,135.5870,M,0.0000,M,0.0000,0
$GPRMC,215656.65,A,3728.1205720,N,12217.5098480,W,0.0012,334.0643,040121,,,,
$GPGGA,215657.66,3728.1205720,N,12217.5098480,W,1,0,0.0,135.5880,M,0.0000,M,0.0000,0
$GPRMC,215657.66,A,3728.1205720,N,12217.5098480,W,0.0014,334.0641,040121,,,,
$GPGGA,215658.65,3728.1205720,N,12217.5098480,W,1,0,0.0,135.5890,M,0.0000,M,0.0000,0
$GPRMC,215658.65,A,3728.1205720,N,12217.5098480,W,0.0012,334.0649,040121,,,,
$GPGGA,215659.66,3728.1205720,N,12217.5098480,W,1,0,0.0,135.5870,M,0.0000,M,0.0000,0
$GPRMC,215659.66,A,3728.1205720,N,12217.5098480,W,0.0019,334.0649,040121,,,,
$GPGGA,215700.66,3728.1205720,N,12217.5098480,W,1,0,0.0,135.5870,M,0.0000,M,0.0000,0
$GPRMC,215700.66,A,3728.1205720,N,12217.5098480,W,0.0014,334.0645,040121,,,,
$GPGGA,215701.65,3728.1205780,N,12217.5098480,W,1,0,0.0,135.5850,M,0.0000,M,0.0000,0
$GPRMC,215701.65,A,3728.1205780,N,12217.5098480,W,0.0010,334.0647,040121,,,,
$GPGGA,215702.66,3728.1205780,N,12217.5098480,W,1,0,0.0,135.5840,M,0.0000,M,0.0000,0
$GPRMC,215702.66,A,3728.1205780,N,12217.5098480,W,0.0010,334.0650,040121,,,,
$GPGGA,215703.75,3728.1205780,N,12217.5098480,W,1,0,0.0,135.5840,M,0.0000,M,0.0000,0
$GPRMC,215703.75,A,3728.1205780,N,12217.5098480,W,0.0012,334.0647,040121,,,,
$GPGGA,215704.46,3728.1205780,N,12217.5098480,W,1,0,0.0,135.5830,M,0.0000,M,0.0000,0
$GPRMC,215704.46,A,3728.1205780,N,12217.5098480,W,0.0006,334.0651,040121,,,,
$GPGGA,215705.65,3728.1205780,N,12217.5098480,W,1,0,0.0,135.5820,M,0.0000,M,0.0000,0
$GPRMC,215705.65,A,3728.1205780,N,12217.5098480,W,0.0005,334.0650,040121,,,,
$GPGGA,215706.64,3728.1205780,N,12217.5098480,W,1,0,0.0,135.5820,M,0.0000,M,0.0000,0
$GPRMC,215706.64,A,3728.1205780,N,12217.5098480,W,0.0006,334.0650,040121,,,,
$GPGGA,215707.63,3728.1205780,N,12217.5098480,W,1,0,0.0,135.5810,M,0.0000,M,0.0000,0
$GPRMC,215707.63,A,3728.1205780,N,12217.5098480,W,0.0010,334.0639,040121,,,,
$GPGGA,215708.66,3728.1205840,N,12217.5098480,W,1,0,0.0,135.5773,M,0.0000,M,0.0000,0
$GPRMC,215708.66,A,3728.1205840,N,12217.5098480,W,0.0872,334.0540,040121,,,,
$GPGGA,215709.67,3728.1208420,N,12217.5100220,W,1,0,0.0,135.5650,M,0.0000,M,0.0000,0
$GPRMC,215709.67,A,3728.1208420,N,12217.5100220,W,1.0970,333.5905,040121,,,,
$GPGGA,215710.66,3728.1216220,N,12217.5105620,W,1,0,0.0,135.5432,M,0.0000,M,0.0000,0
$GPRMC,215710.66,A,3728.1216220,N,12217.5105620,W,2.2785,332.0470,040121,,,,
$GPGGA,215711.65,3728.1230320,N,12217.5116780,W,1,0,0.0,135.5345,M,0.0000,M,0.0000,0
$GPRMC,215711.65,A,3728.1230320,N,12217.5116780,W,3.9292,328.2246,040121,,,,
$GPGGA,215712.66,3728.1249820,N,12217.5136700,W,1,0,0.0,135.5845,M,0.0000,M,0.0000,0
$GPRMC,215712.66,A,3728.1249820,N,12217.5136700,W,5.2363,319.6978,040121,,,,
$GPGGA,215713.66,3728.1267820,N,12217.5167480,W,1,0,0.0,135.7865,M,0.0000,M,0.0000,0
$GPRMC,215713.66,A,3728.1267820,N,12217.5167480,W,6.0056,302.5458,040121,,,,
$GPGGA,215714.67,3728.1275020,N,12217.5208640,W,1,0,0.0,135.9363,M,0.0000,M,0.0000,0
$GPRMC,215714.67,A,3728.1275020,N,12217.5208640,W,6.4808,277.2908,040121,,,,
$GPGGA,215715.66,3728.1267940,N,12217.5254120,W,1,0,0.0,135.9908,M,0.0000,M,0.0000,0
$GPRMC,215715.66,A,3728.1267940,N,12217.5254120,W,7.4713,254.0841,040121,,,,
$GPGGA,215716.65,3728.1247240,N,12217.5300800,W,1,0,0.0,136.0191,M,0.0000,M,0.0000,0
$GPRMC,215716.65,A,3728.1247240,N,12217.5300800,W,8.4947,236.4124,040121,,,,
$GPGGA,215717.75,3728.1211480,N,12217.5352100,W,1,0,0.0,136.0388,M,0.0000,M,0.0000,0
$GPRMC,215717.75,A,3728.1211480,N,12217.5352100,W,9.8222,226.8937,040121,,,,
$GPGGA,215718.57,3728.1178840,N,12217.5392660,W,1,0,0.0,136.0299,M,0.0000,M,0.0000,0
$GPRMC,215718.57,A,3728.1178840,N,12217.5392660,W,10.9316,224.1957,040121,,,,
$GPGGA,215719.46,3728.1140200,N,12217.5439880,W,1,0,0.0,135.9987,M,0.0000,M,0.0000,0
$GPRMC,215719.46,A,3728.1140200,N,12217.5439880,W,11.3284,224.1294,040121,,,,
$GPGGA,215720.75,3728.1083980,N,12217.5508640,W,1,0,0.0,135.8151,M,0.0000,M,0.0000,0
$GPRMC,215720.75,A,3728.1083980,N,12217.5508640,W,11.1847,224.3741,040121,,,,
$GPGGA,215722.44,3728.1014440,N,12217.5600920,W,1,0,0.0,135.3687,M,0.0000,M,0.0000,0
$GPRMC,215722.44,A,3728.1014440,N,12217.5600920,W,11.0440,228.9686,040121,,,,
$GPGGA,215723.44,3728.0976280,N,12217.5658700,W,1,0,0.0,135.0179,M,0.0000,M,0.0000,0
$GPRMC,215723.44,A,3728.0976280,N,12217.5658700,W,11.0678,230.4484,040121,,,,
$GPGGA,215724.44,3728.0937280,N,12217.5716000,W,1,0,0.0,134.5961,M,0.0000,M,0.0000,0
$GPRMC,215724.44,A,3728.0937280,N,12217.5716000,W,11.1607,228.3242,040121,,,,
$GPGGA,215725.44,3728.0895160,N,12217.5770780,W,1,0,0.0,134.0893,M,0.0000,M,0.0000,0
$GPRMC,215725.44,A,3728.0895160,N,12217.5770780,W,11.2961,224.7900,040121,,,,
$GPGGA,215726.44,3728.0851120,N,12217.5823640,W,1,0,0.0,133.4990,M,0.0000,M,0.0000,0
$GPRMC,215726.44,A,3728.0851120,N,12217.5823640,W,10.9900,223.5851,040121,,,,
$GPGGA,215727.44,3728.0812420,N,12217.5874820,W,1,0,0.0,132.9058,M,0.0000,M,0.0000,0
$GPRMC,215727.44,A,3728.0812420,N,12217.5874820,W,9.7865,229.0736,040121,,,,
$GPGGA,215728.44,3728.0785240,N,12217.5927620,W,1,0,0.0,132.2728,M,0.0000,M,0.0000,0
$GPRMC,215728.44,A,3728.0785240,N,12217.5927620,W,8.8870,241.4262,040121,,,,
$GPGGA,215729.44,3728.0771740,N,12217.5986180,W,1,0,0.0,131.4563,M,0.0000,M,0.0000,0
$GPRMC,215729.44,A,3728.0771740,N,12217.5986180,W,9.1714,260.2889,040121,,,,
$GPGGA,215730.44,3728.0780020,N,12217.6048400,W,1,0,0.0,130.8166,M,0.0000,M,0.0000,0
$GPRMC,215730.44,A,3728.0780020,N,12217.6048400,W,9.3470,288.3280,040121,,,,
$GPGGA,215731.44,3728.0809240,N,12217.6101200,W,1,0,0.0,130.6581,M,0.0000,M,0.0000,0
$GPRMC,215731.44,A,3728.0809240,N,12217.6101200,W,9.8048,309.9456,040121,,,,
$GPGGA,215732.44,3728.0849680,N,12217.6152320,W,1,0,0.0,130.6957,M,0.0000,M,0.0000,0
$GPRMC,215732.44,A,3728.0849680,N,12217.6152320,W,11.4190,315.9446,040121,,,,
$GPGGA,215733.44,3728.0898160,N,12217.6208000,W,1,0,0.0,130.8047,M,0.0000,M,0.0000,0
$GPRMC,215733.44,A,3728.0898160,N,12217.6208000,W,12.9044,317.6338,040121,,,,
$GPGGA,215734.44,3728.0953120,N,12217.6269560,W,1,0,0.0,130.9130,M,0.0000,M,0.0000,0
$GPRMC,215734.44,A,3728.0953120,N,12217.6269560,W,14.2947,318.2602,040121,,,,
$GPGGA,215735.44,3728.1013060,N,12217.6335260,W,1,0,0.0,131.3186,M,0.0000,M,0.0000,0
$GPRMC,215735.44,A,3728.1013060,N,12217.6335260,W,14.9413,318.8912,040121,,,,
$GPGGA,215736.44,3728.1074380,N,12217.6401200,W,1,0,0.0,131.8431,M,0.0000,M,0.0000,0
$GPRMC,215736.44,A,3728.1074380,N,12217.6401200,W,14.8929,319.6221,040121,,,,
$GPGGA,215737.44,3728.1135760,N,12217.6464320,W,1,0,0.0,132.4709,M,0.0000,M,0.0000,0
$GPRMC,215737.44,A,3728.1135760,N,12217.6464320,W,14.3749,321.1478,040121,,,,
$GPGGA,215738.44,3728.1196360,N,12217.6521080,W,1,0,0.0,133.1716,M,0.0000,M,0.0000,0
$GPRMC,215738.44,A,3728.1196360,N,12217.6521080,W,13.5654,325.6693,040121,,,,
$GPGGA,215739.44,3728.1259600,N,12217.6560980,W,1,0,0.0,133.9932,M,0.0000,M,0.0000,0
$GPRMC,215739.44,A,3728.1259600,N,12217.6560980,W,12.6014,339.0861,040121,,,,
$GPGGA,215740.44,3728.1323920,N,12217.6576220,W,1,0,0.0,134.8367,M,0.0000,M,0.0000,0
$GPRMC,215740.44,A,3728.1323920,N,12217.6576220,W,11.6305,355.1447,040121,,,,
$GPGGA,215741.44,3728.1384880,N,12217.6569920,W,1,0,0.0,135.6335,M,0.0000,M,0.0000,0
$GPRMC,215741.44,A,3728.1384880,N,12217.6569920,W,11.1707,9.4694,040121,,,,
$GPGGA,215742.44,3728.1442060,N,12217.6545320,W,1,0,0.0,136.3658,M,0.0000,M,0.0000,0
$GPRMC,215742.44,A,3728.1442060,N,12217.6545320,W,11.1775,23.9420,040121,,,,
$GPGGA,215743.44,3728.1492760,N,12217.6503860,W,1,0,0.0,137.0879,M,0.0000,M,0.0000,0
$GPRMC,215743.44,A,3728.1492760,N,12217.6503860,W,11.2189,37.8544,040121,,,,
$GPGGA,215744.44,3728.1534160,N,12217.6447520,W,1,0,0.0,137.7736,M,0.0000,M,0.0000,0
$GPRMC,215744.44,A,3728.1534160,N,12217.6447520,W,11.3823,52.1637,040121,,,,
$GPGGA,215745.44,3728.1563680,N,12217.6378880,W,1,0,0.0,138.4514,M,0.0000,M,0.0000,0
$GPRMC,215745.44,A,3728.1563680,N,12217.6378880,W,11.5871,66.9429,040121,,,,
$GPGGA,215746.44,3728.1579280,N,12217.6301720,W,1,0,0.0,139.1008,M,0.0000,M,0.0000,0
$GPRMC,215746.44,A,3728.1579280,N,12217.6301720,W,11.8567,80.6082,040121,,,,
$GPGGA,215747.44,3728.1579460,N,12217.6220480,W,1,0,0.0,139.8223,M,0.0000,M,0.0000,0
$GPRMC,215747.44,A,3728.1579460,N,12217.6220480,W,12.0773,94.8502,040121,,,,
$GPGGA,215748.44,3728.1563020,N,12217.6140080,W,1,0,0.0,140.5389,M,0.0000,M,0.0000,0
$GPRMC,215748.44,A,3728.1563020,N,12217.6140080,W,12.4494,110.0181,040121,,,,
$GPGGA,215749.44,3728.1528640,N,12217.6065380,W,1,0,0.0,141.1999,M,0.0000,M,0.0000,0
$GPRMC,215749.44,A,3728.1528640,N,12217.6065380,W,13.0153,125.7617,040121,,,,
$GPGGA,215750.44,3728.1478420,N,12217.5998720,W,1,0,0.0,141.7285,M,0.0000,M,0.0000,0
$GPRMC,215750.44,A,3728.1478420,N,12217.5998720,W,14.0609,136.1725,040121,,,,
$GPGGA,215751.44,3728.1419200,N,12217.5932660,W,1,0,0.0,142.2012,M,0.0000,M,0.0000,0
$GPRMC,215751.44,A,3728.1419200,N,12217.5932660,W,15.2681,139.0664,040121,,,,
$GPGGA,215752.44,3728.1353500,N,12217.5862940,W,1,0,0.0,142.6285,M,0.0000,M,0.0000,0
$GPRMC,215752.44,A,3728.1353500,N,12217.5862940,W,16.5907,140.1118,040121,,,,
$GPGGA,215753.44,3728.1281380,N,12217.5788780,W,1,0,0.0,143.0249,M,0.0000,M,0.0000,0
$GPRMC,215753.44,A,3728.1281380,N,12217.5788780,W,17.8966,141.2251,040121,,,,
$GPGGA,215754.44,3728.1201640,N,12217.5711860,W,1,0,0.0,143.1163,M,0.0000,M,0.0000,0
$GPRMC,215754.44,A,3728.1201640,N,12217.5711860,W,19.3302,143.3387,040121,,,,
$GPGGA,215755.44,3728.1113320,N,12217.5633020,W,1,0,0.0,142.9930,M,0.0000,M,0.0000,0
$GPRMC,215755.44,A,3728.1113320,N,12217.5633020,W,20.7767,145.5121,040121,,,,
$GPGGA,215756.44,3728.1016420,N,12217.5553340,W,1,0,0.0,142.8333,M,0.0000,M,0.0000,0
$GPRMC,215756.44,A,3728.1016420,N,12217.5553340,W,21.9399,147.8469,040121,,,,
$GPGGA,215757.44,3728.0911720,N,12217.5475940,W,1,0,0.0,142.6342,M,0.0000,M,0.0000,0
$GPRMC,215757.44,A,3728.0911720,N,12217.5475940,W,23.0281,150.8177,040121,,,,
$GPGGA,215758.44,3728.0799040,N,12217.5401240,W,1,0,0.0,142.4254,M,0.0000,M,0.0000,0
$GPRMC,215758.44,A,3728.0799040,N,12217.5401240,W,24.1485,152.9910,040121,,,,
$GPGGA,215759.44,3728.0678740,N,12217.5327920,W,1,0,0.0,142.2013,M,0.0000,M,0.0000,0
$GPRMC,215759.44,A,3728.0678740,N,12217.5327920,W,25.3161,154.6735,040121,,,,
$GPGGA,215800.44,3728.0551840,N,12217.5255260,W,1,0,0.0,142.0097,M,0.0000,M,0.0000,0
$GPRMC,215800.44,A,3728.0551840,N,12217.5255260,W,26.2403,156.0026,040121,,,,
$GPGGA,215801.44,3728.0419720,N,12217.5185240,W,1,0,0.0,141.7311,M,0.0000,M,0.0000,0
$GPRMC,215801.44,A,3728.0419720,N,12217.5185240,W,26.8096,158.0153,040121,,,,
$GPGGA,215802.44,3728.0283100,N,12217.5119720,W,1,0,0.0,141.4204,M,0.0000,M,0.0000,0
$GPRMC,215802.44,A,3728.0283100,N,12217.5119720,W,27.2371,159.8342,040121,,,,
$GPGGA,215803.59,3728.0121640,N,12217.5047660,W,1,0,0.0,141.1785,M,0.0000,M,0.0000,0
$GPRMC,215803.59,A,3728.0121640,N,12217.5047660,W,27.5189,160.7304,040121,,,,
$GPGGA,215804.79,3727.9952740,N,12217.4975600,W,1,0,0.0,140.8506,M,0.0000,M,0.0000,0
$GPRMC,215804.79,A,3727.9952740,N,12217.4975600,W,27.6982,161.6029,040121,,,,
$GPGGA,215805.66,3727.9828420,N,12217.4925380,W,1,0,0.0,140.6134,M,0.0000,M,0.0000,0
$GPRMC,215805.66,A,3727.9828420,N,12217.4925380,W,27.7698,162.6923,040121,,,,
$GPGGA,215806.61,3727.9691200,N,12217.4874680,W,1,0,0.0,140.3319,M,0.0000,M,0.0000,0
$GPRMC,215806.61,A,3727.9691200,N,12217.4874680,W,27.8549,164.3652,040121,,,,
$GPGGA,215807.72,3727.9529080,N,12217.4821820,W,1,0,0.0,140.0258,M,0.0000,M,0.0000,0
$GPRMC,215807.72,A,3727.9529080,N,12217.4821820,W,27.9019,166.2806,040121,,,,
$GPGGA,215808.78,3727.9374040,N,12217.4778500,W,1,0,0.0,139.7645,M,0.0000,M,0.0000,0
$GPRMC,215808.78,A,3727.9374040,N,12217.4778500,W,27.9312,168.3868,040121,,,,
$GPGGA,215809.67,3727.9241500,N,12217.4747420,W,1,0,0.0,139.5394,M,0.0000,M,0.0000,0
$GPRMC,215809.67,A,3727.9241500,N,12217.4747420,W,27.9849,170.1185,040121,,,,
$GPGGA,215810.66,3727.9092520,N,12217.4717300,W,1,0,0.0,139.1994,M,0.0000,M,0.0000,0
$GPRMC,215810.66,A,3727.9092520,N,12217.4717300,W,28.2015,171.2108,040121,,,,
$GPGGA,215811.66,3727.8941920,N,12217.4689700,W,1,0,0.0,138.9012,M,0.0000,M,0.0000,0
$GPRMC,215811.66,A,3727.8941920,N,12217.4689700,W,28.3639,172.1955,040121,,,,
$GPGGA,215812.66,3727.8788680,N,12217.4666900,W,1,0,0.0,138.5780,M,0.0000,M,0.0000,0
$GPRMC,215812.66,A,3727.8788680,N,12217.4666900,W,28.4833,174.1053,040121,,,,
$GPGGA,215813.68,3727.8632440,N,12217.4649320,W,1,0,0.0,138.2032,M,0.0000,M,0.0000,0
$GPRMC,215813.68,A,3727.8632440,N,12217.4649320,W,28.5743,175.6117,040121,,,,
$GPGGA,215814.66,3727.8479980,N,12217.4637080,W,1,0,0.0,137.8082,M,0.0000,M,0.0000,0
$GPRMC,215814.66,A,3727.8479980,N,12217.4637080,W,28.6619,176.7855,040121,,,,
$GPGGA,215815.65,3727.8327880,N,12217.4627960,W,1,0,0.0,137.4601,M,0.0000,M,0.0000,0
$GPRMC,215815.65,A,3727.8327880,N,12217.4627960,W,28.6881,177.6888,040121,,,,
$GPGGA,215816.67,3727.8169660,N,12217.4621240,W,1,0,0.0,137.0893,M,0.0000,M,0.0000,0
$GPRMC,215816.67,A,3727.8169660,N,12217.4621240,W,28.7451,178.1832,040121,,,,
$GPGGA,215817.66,3727.8014500,N,12217.4615480,W,1,0,0.0,136.6268,M,0.0000,M,0.0000,0
$GPRMC,215817.66,A,3727.8014500,N,12217.4615480,W,28.8193,178.3259,040121,,,,
$GPGGA,215818.68,3727.7856880,N,12217.4609600,W,1,0,0.0,136.0809,M,0.0000,M,0.0000,0
$GPRMC,215818.68,A,3727.7856880,N,12217.4609600,W,28.8373,178.2028,040121,,,,
$GPGGA,215819.67,3727.7702680,N,12217.4603900,W,1,0,0.0,135.5524,M,0.0000,M,0.0000,0
$GPRMC,215819.67,A,3727.7702680,N,12217.4603900,W,28.7883,178.3658,040121,,,,
$GPGGA,215820.65,3727.7549740,N,12217.4599160,W,1,0,0.0,135.0397,M,0.0000,M,0.0000,0
$GPRMC,215820.65,A,3727.7549740,N,12217.4599160,W,28.6415,178.7488,040121,,,,
$GPGGA,215821.67,3727.7393020,N,12217.4594840,W,1,0,0.0,134.7049,M,0.0000,M,0.0000,0
$GPRMC,215821.67,A,3727.7393020,N,12217.4594840,W,28.4560,178.6437,040121,,,,
$GPGGA,215822.65,3727.7241820,N,12217.4589860,W,1,0,0.0,134.4457,M,0.0000,M,0.0000,0
$GPRMC,215822.65,A,3727.7241820,N,12217.4589860,W,28.2760,178.2781,040121,,,,
$GPGGA,215823.65,3727.7090560,N,12217.4583080,W,1,0,0.0,134.2053,M,0.0000,M,0.0000,0
$GPRMC,215823.65,A,3727.7090560,N,12217.4583080,W,28.1029,177.6630,040121,,,,
$GPGGA,215824.74,3727.6925680,N,12217.4572280,W,1,0,0.0,133.7929,M,0.0000,M,0.0000,0
$GPRMC,215824.74,A,3727.6925680,N,12217.4572280,W,27.9625,176.1419,040121,,,,
$GPGGA,215825.45,3727.6817980,N,12217.4561540,W,1,0,0.0,133.4298,M,0.0000,M,0.0000,0
$GPRMC,215825.45,A,3727.6817980,N,12217.4561540,W,27.9163,174.8351,040121,,,,
$GPGGA,215826.65,3727.6638700,N,12217.4537000,W,1,0,0.0,132.7523,M,0.0000,M,0.0000,0
$GPRMC,215826.65,A,3727.6638700,N,12217.4537000,W,27.8764,172.7493,040121,,,,
$GPGGA,215827.66,3727.6487860,N,12217.4509760,W,1,0,0.0,132.1548,M,0.0000,M,0.0000,0
$GPRMC,215827.66,A,3727.6487860,N,12217.4509760,W,27.9443,170.9719,040121,,,,
$GPGGA,215828.66,3727.6339120,N,12217.4477420,W,1,0,0.0,131.6041,M,0.0000,M,0.0000,0
$GPRMC,215828.66,A,3727.6339120,N,12217.4477420,W,28.0754,169.4509,040121,,,,
$GPGGA,215829.67,3727.6188220,N,12217.4438960,W,1,0,0.0,131.0249,M,0.0000,M,0.0000,0
$GPRMC,215829.67,A,3727.6188220,N,12217.4438960,W,28.2551,167.6069,040121,,,,
$GPGGA,215830.65,3727.6041880,N,12217.4395460,W,1,0,0.0,130.5035,M,0.0000,M,0.0000,0
$GPRMC,215830.65,A,3727.6041880,N,12217.4395460,W,28.4146,165.7683,040121,,,,
$GPGGA,215831.65,3727.5892960,N,12217.4345000,W,1,0,0.0,129.8778,M,0.0000,M,0.0000,0
$GPRMC,215831.65,A,3727.5892960,N,12217.4345000,W,28.6180,164.0175,040121,,,,
$GPGGA,215832.60,3727.5751480,N,12217.4291300,W,1,0,0.0,129.3329,M,0.0000,M,0.0000,0
$GPRMC,215832.60,A,3727.5751480,N,12217.4291300,W,28.8096,162.3285,040121,,,,
$GPGGA,215834.45,3727.5479020,N,12217.4171960,W,1,0,0.0,128.3227,M,0.0000,M,0.0000,0
$GPRMC,215834.45,A,3727.5479020,N,12217.4171960,W,29.1336,159.0069,040121,,,,
$GPGGA,215835.60,3727.5310180,N,12217.4086040,W,1,0,0.0,127.6650,M,0.0000,M,0.0000,0
$GPRMC,215835.60,A,3727.5310180,N,12217.4086040,W,29.2704,157.0537,040121,,,,
$GPGGA,215836.71,3727.5148840,N,12217.3996700,W,1,0,0.0,126.9984,M,0.0000,M,0.0000,0
$GPRMC,215836.71,A,3727.5148840,N,12217.3996700,W,29.3768,155.2250,040121,,,,
$GPGGA,215837.71,3727.5005620,N,12217.3909880,W,1,0,0.0,126.3582,M,0.0000,M,0.0000,0
$GPRMC,215837.71,A,3727.5005620,N,12217.3909880,W,29.4427,153.3251,040121,,,,
$GPGGA,215838.74,3727.4860780,N,12217.3815260,W,1,0,0.0,125.7661,M,0.0000,M,0.0000,0
$GPRMC,215838.74,A,3727.4860780,N,12217.3815260,W,29.4889,151.5726,040121,,,,
$GPGGA,215839.73,3727.4723500,N,12217.3718480,W,1,0,0.0,125.2129,M,0.0000,M,0.0000,0
$GPRMC,215839.73,A,3727.4723500,N,12217.3718480,W,29.5231,149.7576,040121,,,,
$GPGGA,215840.74,3727.4585440,N,12217.3613960,W,1,0,0.0,124.7004,M,0.0000,M,0.0000,0
$GPRMC,215840.74,A,3727.4585440,N,12217.3613960,W,29.5574,147.9877,040121,,,,
$GPGGA,215841.73,3727.4452480,N,12217.3505720,W,1,0,0.0,124.2413,M,0.0000,M,0.0000,0
$GPRMC,215841.73,A,3727.4452480,N,12217.3505720,W,29.5740,145.9279,040121,,,,
$GPGGA,215842.78,3727.4314720,N,12217.3384100,W,1,0,0.0,123.9138,M,0.0000,M,0.0000,0
$GPRMC,215842.78,A,3727.4314720,N,12217.3384100,W,29.5382,143.8038,040121,,,,
$GPGGA,215843.67,3727.4201260,N,12217.3276640,W,1,0,0.0,123.7005,M,0.0000,M,0.0000,0
$GPRMC,215843.67,A,3727.4201260,N,12217.3276640,W,29.4978,142.2598,040121,,,,
$GPGGA,215844.67,3727.4077420,N,12217.3152860,W,1,0,0.0,123.5650,M,0.0000,M,0.0000,0
$GPRMC,215844.67,A,3727.4077420,N,12217.3152860,W,29.4243,140.6170,040121,,,,
$GPGGA,215845.68,3727.3955140,N,12217.3022000,W,1,0,0.0,123.5120,M,0.0000,M,0.0000,0
$GPRMC,215845.68,A,3727.3955140,N,12217.3022000,W,29.3116,138.4810,040121,,,,
$GPGGA,215846.67,3727.3838920,N,12217.2889880,W,1,0,0.0,123.6004,M,0.0000,M,0.0000,0
$GPRMC,215846.67,A,3727.3838920,N,12217.2889880,W,29.1219,136.9598,040121,,,,
$GPGGA,215847.68,3727.3725640,N,12217.2752720,W,1,0,0.0,123.8359,M,0.0000,M,0.0000,0
$GPRMC,215847.68,A,3727.3725640,N,12217.2752720,W,28.9350,135.0902,040121,,,,
$GPGGA,215848.67,3727.3617040,N,12217.2613820,W,1,0,0.0,124.1414,M,0.0000,M,0.0000,0
$GPRMC,215848.67,A,3727.3617040,N,12217.2613820,W,28.7357,133.8766,040121,,,,
$GPGGA,215849.66,3727.3512700,N,12217.2473060,W,1,0,0.0,124.5433,M,0.0000,M,0.0000,0
$GPRMC,215849.66,A,3727.3512700,N,12217.2473060,W,28.5171,131.8936,040121,,,,
$GPGGA,215850.66,3727.3412800,N,12217.2328160,W,1,0,0.0,124.9459,M,0.0000,M,0.0000,0
$GPRMC,215850.66,A,3727.3412800,N,12217.2328160,W,28.3553,129.9605,040121,,,,
$GPGGA,215851.60,3727.3320460,N,12217.2188000,W,1,0,0.0,125.1937,M,0.0000,M,0.0000,0
$GPRMC,215851.60,A,3727.3320460,N,12217.2188000,W,28.3267,129.2614,040121,,,,
$GPGGA,215852.78,3727.3205860,N,12217.2012800,W,1,0,0.0,125.5236,M,0.0000,M,0.0000,0
$GPRMC,215852.78,A,3727.3205860,N,12217.2012800,W,28.4236,129.4461,040121,,,,
$GPGGA,215853.67,3727.3118380,N,12217.1880080,W,1,0,0.0,125.9150,M,0.0000,M,0.0000,0
$GPRMC,215853.67,A,3727.3118380,N,12217.1880080,W,28.4556,129.5227,040121,,,,
$GPGGA,215854.66,3727.3021180,N,12217.1732600,W,1,0,0.0,126.4639,M,0.0000,M,0.0000,0
$GPRMC,215854.66,A,3727.3021180,N,12217.1732600,W,28.4417,129.4250,040121,,,,
$GPGGA,215855.66,3727.2924400,N,12217.1585000,W,1,0,0.0,127.1270,M,0.0000,M,0.0000,0
$GPRMC,215855.66,A,3727.2924400,N,12217.1585000,W,28.4074,129.3415,040121,,,,
$GPGGA,215856.66,3727.2826000,N,12217.1435120,W,1,0,0.0,127.7410,M,0.0000,M,0.0000,0
$GPRMC,215856.66,A,3727.2826000,N,12217.1435120,W,28.3432,129.3937,040121,,,,
$GPGGA,215857.66,3727.2728920,N,12217.1287100,W,1,0,0.0,128.3447,M,0.0000,M,0.0000,0
$GPRMC,215857.66,A,3727.2728920,N,12217.1287100,W,28.3032,129.3481,040121,,,,
$GPGGA,215858.68,3727.2630700,N,12217.1136980,W,1,0,0.0,128.9882,M,0.0000,M,0.0000,0
$GPRMC,215858.68,A,3727.2630700,N,12217.1136980,W,28.2474,129.3125,040121,,,,
$GPGGA,215859.66,3727.2534700,N,12217.0990940,W,1,0,0.0,129.5948,M,0.0000,M,0.0000,0
$GPRMC,215859.66,A,3727.2534700,N,12217.0990940,W,28.1789,129.6194,040121,,,,
$GPGGA,215900.68,3727.2436660,N,12217.0842560,W,1,0,0.0,130.2171,M,0.0000,M,0.0000,0
$GPRMC,215900.68,A,3727.2436660,N,12217.0842560,W,28.0909,129.5153,040121,,,,
$GPGGA,215901.67,3727.2340660,N,12217.0696880,W,1,0,0.0,130.8009,M,0.0000,M,0.0000,0
$GPRMC,215901.67,A,3727.2340660,N,12217.0696880,W,28.0311,129.5025,040121,,,,
$GPGGA,215902.66,3727.2244900,N,12217.0551500,W,1,0,0.0,131.4037,M,0.0000,M,0.0000,0
$GPRMC,215902.66,A,3727.2244900,N,12217.0551500,W,27.9770,129.4318,040121,,,,
$GPGGA,215903.65,3727.2149740,N,12217.0406600,W,1,0,0.0,132.0272,M,0.0000,M,0.0000,0
$GPRMC,215903.65,A,3727.2149740,N,12217.0406600,W,27.9235,129.3870,040121,,,,
$GPGGA,215904.66,3727.2053500,N,12217.0259660,W,1,0,0.0,132.6766,M,0.0000,M,0.0000,0
$GPRMC,215904.66,A,3727.2053500,N,12217.0259660,W,27.8667,129.2267,040121,,,,
$GPGGA,215905.68,3727.1955940,N,12217.0110380,W,1,0,0.0,133.3027,M,0.0000,M,0.0000,0
$GPRMC,215905.68,A,3727.1955940,N,12217.0110380,W,27.8230,129.3000,040121,,,,
$GPGGA,215906.67,3727.1861440,N,12216.9965900,W,1,0,0.0,133.8698,M,0.0000,M,0.0000,0
$GPRMC,215906.67,A,3727.1861440,N,12216.9965900,W,27.7682,129.3213,040121,,,,
$GPGGA,215907.66,3727.1767120,N,12216.9822200,W,1,0,0.0,134.3889,M,0.0000,M,0.0000,0
$GPRMC,215907.66,A,3727.1767120,N,12216.9822200,W,27.7463,129.5146,040121,,,,
$GPGGA,215908.68,3727.1669920,N,12216.9675020,W,1,0,0.0,134.8908,M,0.0000,M,0.0000,0
$GPRMC,215908.68,A,3727.1669920,N,12216.9675020,W,27.7878,129.5403,040121,,,,
$GPGGA,215909.66,3727.1575120,N,12216.9531260,W,1,0,0.0,135.3355,M,0.0000,M,0.0000,0
$GPRMC,215909.66,A,3727.1575120,N,12216.9531260,W,27.8271,129.4714,040121,,,,
$GPGGA,215910.68,3727.1477620,N,12216.9383240,W,1,0,0.0,135.7728,M,0.0000,M,0.0000,0
$GPRMC,215910.68,A,3727.1477620,N,12216.9383240,W,27.8701,129.4749,040121,,,,
$GPGGA,215911.61,3727.1388340,N,12216.9247640,W,1,0,0.0,136.1123,M,0.0000,M,0.0000,0
$GPRMC,215911.61,A,3727.1388340,N,12216.9247640,W,27.9619,129.4736,040121,,,,
$GPGGA,215912.78,3727.1275660,N,12216.9075620,W,1,0,0.0,136.4856,M,0.0000,M,0.0000,0
$GPRMC,215912.78,A,3727.1275660,N,12216.9075620,W,28.0652,129.2130,040121,,,,
$GPGGA,215913.62,3727.1195380,N,12216.8952740,W,1,0,0.0,136.7244,M,0.0000,M,0.0000,0
$GPRMC,215913.62,A,3727.1195380,N,12216.8952740,W,28.1346,129.3050,040121,,,,
$GPGGA,215914.78,3727.1082220,N,12216.8780240,W,1,0,0.0,136.9711,M,0.0000,M,0.0000,0
$GPRMC,215914.78,A,3727.1082220,N,12216.8780240,W,28.2659,129.4195,040121,,,,
$GPGGA,215915.68,3727.0995400,N,12216.8648180,W,1,0,0.0,137.1479,M,0.0000,M,0.0000,0
$GPRMC,215915.68,A,3727.0995400,N,12216.8648180,W,28.3851,129.4052,040121,,,,
$GPGGA,215916.67,3727.0898080,N,12216.8500040,W,1,0,0.0,137.2815,M,0.0000,M,0.0000,0
$GPRMC,215916.67,A,3727.0898080,N,12216.8500040,W,28.5189,129.4149,040121,,,,
$GPGGA,215917.60,3727.0806760,N,12216.8360780,W,1,0,0.0,137.3763,M,0.0000,M,0.0000,0
$GPRMC,215917.60,A,3727.0806760,N,12216.8360780,W,28.5218,129.3757,040121,,,,
$GPGGA,215918.73,3727.0696120,N,12216.8192060,W,1,0,0.0,137.4327,M,0.0000,M,0.0000,0
$GPRMC,215918.73,A,3727.0696120,N,12216.8192060,W,28.4685,129.3653,040121,,,,
$GPGGA,215919.79,3727.0593280,N,12216.8035100,W,1,0,0.0,137.4293,M,0.0000,M,0.0000,0
$GPRMC,215919.79,A,3727.0593280,N,12216.8035100,W,28.4490,129.3646,040121,,,,
$GPGGA,215920.61,3727.0512340,N,12216.7911740,W,1,0,0.0,137.3496,M,0.0000,M,0.0000,0
$GPRMC,215920.61,A,3727.0512340,N,12216.7911740,W,28.4793,129.4363,040121,,,,
$GPGGA,215921.71,3727.0404640,N,12216.7748300,W,1,0,0.0,137.2388,M,0.0000,M,0.0000,0
$GPRMC,215921.71,A,3727.0404640,N,12216.7748300,W,28.5336,129.5777,040121,,,,
$GPGGA,215922.78,3727.0299100,N,12216.7588580,W,1,0,0.0,137.0500,M,0.0000,M,0.0000,0
$GPRMC,215922.78,A,3727.0299100,N,12216.7588580,W,28.6053,129.5560,040121,,,,
$GPGGA,215923.66,3727.0212760,N,12216.7457420,W,1,0,0.0,136.8451,M,0.0000,M,0.0000,0
$GPRMC,215923.66,A,3727.0212760,N,12216.7457420,W,28.6694,129.4301,040121,,,,
$GPGGA,215924.67,3727.0113340,N,12216.7305800,W,1,0,0.0,136.6170,M,0.0000,M,0.0000,0
$GPRMC,215924.67,A,3727.0113340,N,12216.7305800,W,28.7526,129.3328,040121,,,,
$GPGGA,215925.67,3727.0014460,N,12216.7154780,W,1,0,0.0,136.2511,M,0.0000,M,0.0000,0
$GPRMC,215925.67,A,3727.0014460,N,12216.7154780,W,28.8683,129.2629,040121,,,,
$GPGGA,215926.66,3726.9915880,N,12216.7003880,W,1,0,0.0,135.8974,M,0.0000,M,0.0000,0
$GPRMC,215926.66,A,3726.9915880,N,12216.7003880,W,28.8560,129.2840,040121,,,,
$GPGGA,215927.65,3726.9817840,N,12216.6854660,W,1,0,0.0,135.5273,M,0.0000,M,0.0000,0
$GPRMC,215927.65,A,3726.9817840,N,12216.6854660,W,28.7826,129.5727,040121,,,,
$GPGGA,215928.67,3726.9716680,N,12216.6701660,W,1,0,0.0,135.0283,M,0.0000,M,0.0000,0
$GPRMC,215928.67,A,3726.9716680,N,12216.6701660,W,28.7567,129.6677,040121,,,,
$GPGGA,215929.66,3726.9617920,N,12216.6553340,W,1,0,0.0,134.5622,M,0.0000,M,0.0000,0
$GPRMC,215929.66,A,3726.9617920,N,12216.6553340,W,28.7297,129.8801,040121,,,,
$GPGGA,215930.65,3726.9518920,N,12216.6405380,W,1,0,0.0,133.9861,M,0.0000,M,0.0000,0
$GPRMC,215930.65,A,3726.9518920,N,12216.6405380,W,28.7429,129.9308,040121,,,,
$GPGGA,215931.67,3726.9417400,N,12216.6253580,W,1,0,0.0,133.3412,M,0.0000,M,0.0000,0
$GPRMC,215931.67,A,3726.9417400,N,12216.6253580,W,28.7741,130.0146,040121,,,,
$GPGGA,215932.66,3726.9317680,N,12216.6105920,W,1,0,0.0,132.6430,M,0.0000,M,0.0000,0
$GPRMC,215932.66,A,3726.9317680,N,12216.6105920,W,28.7804,130.3216,040121,,,,
$GPGGA,215933.67,3726.9215440,N,12216.5955920,W,1,0,0.0,131.8817,M,0.0000,M,0.0000,0
$GPRMC,215933.67,A,3726.9215440,N,12216.5955920,W,28.8082,130.5589,040121,,,,
$GPGGA,215934.66,3726.9114760,N,12216.5809580,W,1,0,0.0,131.0489,M,0.0000,M,0.0000,0
$GPRMC,215934.66,A,3726.9114760,N,12216.5809580,W,28.8670,130.8690,040121,,,,
$GPGGA,215935.65,3726.9013180,N,12216.5663540,W,1,0,0.0,130.2425,M,0.0000,M,0.0000,0
$GPRMC,215935.65,A,3726.9013180,N,12216.5663540,W,28.8727,131.2444,040121,,,,
$GPGGA,215936.65,3726.8910160,N,12216.5516960,W,1,0,0.0,129.4312,M,0.0000,M,0.0000,0
$GPRMC,215936.65,A,3726.8910160,N,12216.5516960,W,28.8502,131.3206,040121,,,,
$GPGGA,215937.66,3726.8805460,N,12216.5368520,W,1,0,0.0,128.5924,M,0.0000,M,0.0000,0
$GPRMC,215937.66,A,3726.8805460,N,12216.5368520,W,28.8370,131.4019,040121,,,,
$GPGGA,215938.66,3726.8703220,N,12216.5222720,W,1,0,0.0,127.7506,M,0.0000,M,0.0000,0
$GPRMC,215938.66,A,3726.8703220,N,12216.5222720,W,28.8294,131.1089,040121,,,,
$GPGGA,215939.65,3726.8601640,N,12216.5077040,W,1,0,0.0,126.9256,M,0.0000,M,0.0000,0
$GPRMC,215939.65,A,3726.8601640,N,12216.5077040,W,28.8163,131.0902,040121,,,,
$GPGGA,215940.66,3726.8498200,N,12216.4928600,W,1,0,0.0,126.0944,M,0.0000,M,0.0000,0
$GPRMC,215940.66,A,3726.8498200,N,12216.4928600,W,28.8104,131.0852,040121,,,,
$GPGGA,215941.65,3726.8396080,N,12216.4782380,W,1,0,0.0,125.2752,M,0.0000,M,0.0000,0
$GPRMC,215941.65,A,3726.8396080,N,12216.4782380,W,28.8060,131.3112,040121,,,,
$GPGGA,215942.66,3726.8291920,N,12216.4634480,W,1,0,0.0,124.4359,M,0.0000,M,0.0000,0
$GPRMC,215942.66,A,3726.8291920,N,12216.4634480,W,28.8304,131.3552,040121,,,,
$GPGGA,215943.66,3726.8189620,N,12216.4488440,W,1,0,0.0,123.6508,M,0.0000,M,0.0000,0
$GPRMC,215943.66,A,3726.8189620,N,12216.4488440,W,28.8643,131.2307,040121,,,,
$GPGGA,215944.67,3726.8085040,N,12216.4339640,W,1,0,0.0,122.9353,M,0.0000,M,0.0000,0
$GPRMC,215944.67,A,3726.8085040,N,12216.4339640,W,28.8876,131.3110,040121,,,,
$GPGGA,215945.66,3726.7982680,N,12216.4194260,W,1,0,0.0,122.3093,M,0.0000,M,0.0000,0
$GPRMC,215945.66,A,3726.7982680,N,12216.4194260,W,28.8883,131.4266,040121,,,,
$GPGGA,215946.66,3726.7879780,N,12216.4047920,W,1,0,0.0,121.7950,M,0.0000,M,0.0000,0
$GPRMC,215946.66,A,3726.7879780,N,12216.4047920,W,28.8322,131.2892,040121,,,,
$GPGGA,215947.66,3726.7776400,N,12216.3900440,W,1,0,0.0,121.4458,M,0.0000,M,0.0000,0
$GPRMC,215947.66,A,3726.7776400,N,12216.3900440,W,28.7100,131.2435,040121,,,,
$GPGGA,215948.66,3726.7675000,N,12216.3755000,W,1,0,0.0,121.2138,M,0.0000,M,0.0000,0
$GPRMC,215948.66,A,3726.7675000,N,12216.3755000,W,28.5698,131.0294,040121,,,,
$GPGGA,215949.64,3726.7574740,N,12216.3611360,W,1,0,0.0,120.9996,M,0.0000,M,0.0000,0
$GPRMC,215949.64,A,3726.7574740,N,12216.3611360,W,28.4187,131.2521,040121,,,,
$GPGGA,215950.66,3726.7473280,N,12216.3463820,W,1,0,0.0,120.8917,M,0.0000,M,0.0000,0
$GPRMC,215950.66,A,3726.7473280,N,12216.3463820,W,28.1925,130.1284,040121,,,,
$GPGGA,215951.65,3726.7377400,N,12216.3317840,W,1,0,0.0,120.8002,M,0.0000,M,0.0000,0
$GPRMC,215951.65,A,3726.7377400,N,12216.3317840,W,28.0790,128.7273,040121,,,,
$GPGGA,215952.66,3726.7284280,N,12216.3167000,W,1,0,0.0,120.7388,M,0.0000,M,0.0000,0
$GPRMC,215952.66,A,3726.7284280,N,12216.3167000,W,28.0618,126.8005,040121,,,,
$GPGGA,215953.67,3726.7193920,N,12216.3011660,W,1,0,0.0,120.7182,M,0.0000,M,0.0000,0
$GPRMC,215953.67,A,3726.7193920,N,12216.3011660,W,28.1011,125.3929,040121,,,,
$GPGGA,215954.60,3726.7113160,N,12216.2865980,W,1,0,0.0,120.7678,M,0.0000,M,0.0000,0
$GPRMC,215954.60,A,3726.7113160,N,12216.2865980,W,28.1744,124.2554,040121,,,,
$GPGGA,215955.79,3726.7013200,N,12216.2675180,W,1,0,0.0,120.9247,M,0.0000,M,0.0000,0
$GPRMC,215955.79,A,3726.7013200,N,12216.2675180,W,28.0847,122.2457,040121,,,,
$GPGGA,215956.67,3726.6943180,N,12216.2532860,W,1,0,0.0,121.1410,M,0.0000,M,0.0000,0
$GPRMC,215956.67,A,3726.6943180,N,12216.2532860,W,27.9969,121.1662,040121,,,,
$GPGGA,215957.66,3726.6867280,N,12216.2370980,W,1,0,0.0,121.4252,M,0.0000,M,0.0000,0
$GPRMC,215957.66,A,3726.6867280,N,12216.2370980,W,27.9233,119.6993,040121,,,,
$GPGGA,215958.67,3726.6793540,N,12216.2204960,W,1,0,0.0,121.7278,M,0.0000,M,0.0000,0
$GPRMC,215958.67,A,3726.6793540,N,12216.2204960,W,27.8229,118.3665,040121,,,,
$GPGGA,215959.66,3726.6724840,N,12216.2040380,W,1,0,0.0,122.0663,M,0.0000,M,0.0000,0
$GPRMC,215959.66,A,3726.6724840,N,12216.2040380,W,27.6949,116.8733,040121,,,,
$GPGGA,220000.68,3726.6657640,N,12216.1868060,W,1,0,0.0,122.4164,M,0.0000,M,0.0000,0
$GPRMC,220000.68,A,3726.6657640,N,12216.1868060,W,27.5601,115.1754,040121,,,,
$GPGGA,220001.67,3726.6596740,N,12216.1699580,W,1,0,0.0,122.6573,M,0.0000,M,0.0000,0
$GPRMC,220001.67,A,3726.6596740,N,12216.1699580,W,27.4718,113.6704,040121,,,,
$GPGGA,220002.66,3726.6539560,N,12216.1531220,W,1,0,0.0,122.9277,M,0.0000,M,0.0000,0
$GPRMC,220002.66,A,3726.6539560,N,12216.1531220,W,27.3618,112.4192,040121,,,,
$GPGGA,220003.67,3726.6484900,N,12216.1357400,W,1,0,0.0,123.2905,M,0.0000,M,0.0000,0
$GPRMC,220003.67,A,3726.6484900,N,12216.1357400,W,27.1723,110.6463,040121,,,,
$GPGGA,220004.66,3726.6434920,N,12216.1185320,W,1,0,0.0,123.6559,M,0.0000,M,0.0000,0
$GPRMC,220004.66,A,3726.6434920,N,12216.1185320,W,27.0778,109.2714,040121,,,,
$GPGGA,220005.65,3726.6388600,N,12216.1013060,W,1,0,0.0,123.9518,M,0.0000,M,0.0000,0
$GPRMC,220005.65,A,3726.6388600,N,12216.1013060,W,26.9904,107.9363,040121,,,,
$GPGGA,220006.67,3726.6344920,N,12216.0835220,W,1,0,0.0,124.2658,M,0.0000,M,0.0000,0
$GPRMC,220006.67,A,3726.6344920,N,12216.0835220,W,26.9233,106.3644,040121,,,,
$GPGGA,220007.66,3726.6306340,N,12216.0662240,W,1,0,0.0,124.5794,M,0.0000,M,0.0000,0
$GPRMC,220007.66,A,3726.6306340,N,12216.0662240,W,26.8636,104.9150,040121,,,,
$GPGGA,220008.68,3726.6269920,N,12216.0482840,W,1,0,0.0,124.8846,M,0.0000,M,0.0000,0
$GPRMC,220008.68,A,3726.6269920,N,12216.0482840,W,26.7996,103.6238,040121,,,,
$GPGGA,220009.67,3726.6237760,N,12216.0307700,W,1,0,0.0,125.1981,M,0.0000,M,0.0000,0
$GPRMC,220009.67,A,3726.6237760,N,12216.0307700,W,26.7574,102.2482,040121,,,,
$GPGGA,220010.66,3726.6209080,N,12216.0131000,W,1,0,0.0,125.4963,M,0.0000,M,0.0000,0
$GPRMC,220010.66,A,3726.6209080,N,12216.0131000,W,26.7115,100.8579,040121,,,,
$GPGGA,220011.66,3726.6183460,N,12215.9953040,W,1,0,0.0,125.8018,M,0.0000,M,0.0000,0
$GPRMC,220011.66,A,3726.6183460,N,12215.9953040,W,26.6552,99.5741,040121,,,,
$GPGGA,220012.67,3726.6161140,N,12215.9773040,W,1,0,0.0,126.0852,M,0.0000,M,0.0000,0
$GPRMC,220012.67,A,3726.6161140,N,12215.9773040,W,26.5985,98.0531,040121,,,,
$GPGGA,220013.68,3726.6142720,N,12215.9593340,W,1,0,0.0,126.3536,M,0.0000,M,0.0000,0
$GPRMC,220013.68,A,3726.6142720,N,12215.9593340,W,26.5651,96.6725,040121,,,,
$GPGGA,220014.66,3726.6128080,N,12215.9416160,W,1,0,0.0,126.5836,M,0.0000,M,0.0000,0
$GPRMC,220014.66,A,3726.6128080,N,12215.9416160,W,26.5490,95.1878,040121,,,,
$GPGGA,220015.65,3726.6117220,N,12215.9239100,W,1,0,0.0,126.7541,M,0.0000,M,0.0000,0
$GPRMC,220015.65,A,3726.6117220,N,12215.9239100,W,26.5666,93.7245,040121,,,,
$GPGGA,220016.64,3726.6109480,N,12215.9060060,W,1,0,0.0,126.8885,M,0.0000,M,0.0000,0
$GPRMC,220016.64,A,3726.6109480,N,12215.9060060,W,26.7327,92.4546,040121,,,,
$GPGGA,220017.66,3726.6104980,N,12215.8874660,W,1,0,0.0,127.0019,M,0.0000,M,0.0000,0
$GPRMC,220017.66,A,3726.6104980,N,12215.8874660,W,26.9637,91.0791,040121,,,,
$GPGGA,220018.66,3726.6103900,N,12215.8691840,W,1,0,0.0,127.0488,M,0.0000,M,0.0000,0
$GPRMC,220018.66,A,3726.6103900,N,12215.8691840,W,27.2141,89.7895,040121,,,,
$GPGGA,220019.67,3726.6106420,N,12215.8504760,W,1,0,0.0,126.9913,M,0.0000,M,0.0000,0
$GPRMC,220019.67,A,3726.6106420,N,12215.8504760,W,27.5049,88.3160,040121,,,,
$GPGGA,220020.65,3726.6112660,N,12215.8320740,W,1,0,0.0,127.0375,M,0.0000,M,0.0000,0
$GPRMC,220020.65,A,3726.6112660,N,12215.8320740,W,27.7372,86.7213,040121,,,,
$GPGGA,220021.64,3726.6123220,N,12215.8133720,W,1,0,0.0,126.9694,M,0.0000,M,0.0000,0
$GPRMC,220021.64,A,3726.6123220,N,12215.8133720,W,27.9688,85.1827,040121,,,,
$GPGGA,220022.67,3726.6138940,N,12215.7940220,W,1,0,0.0,126.9093,M,0.0000,M,0.0000,0
$GPRMC,220022.67,A,3726.6138940,N,12215.7940220,W,28.2241,83.1416,040121,,,,
$GPGGA,220023.66,3726.6158560,N,12215.7750680,W,1,0,0.0,126.6498,M,0.0000,M,0.0000,0
$GPRMC,220023.66,A,3726.6158560,N,12215.7750680,W,28.5419,82.2216,040121,,,,
$GPGGA,220024.66,3726.6179680,N,12215.7558860,W,1,0,0.0,126.3476,M,0.0000,M,0.0000,0
$GPRMC,220024.66,A,3726.6179680,N,12215.7558860,W,28.7559,82.0408,040121,,,,
$GPGGA,220025.65,3726.6200980,N,12215.7366380,W,1,0,0.0,126.0160,M,0.0000,M,0.0000,0
$GPRMC,220025.65,A,3726.6200980,N,12215.7366380,W,28.8792,82.2461,040121,,,,
$GPGGA,220026.67,3726.6222100,N,12215.7168260,W,1,0,0.0,125.6781,M,0.0000,M,0.0000,0
$GPRMC,220026.67,A,3726.6222100,N,12215.7168260,W,29.0416,82.2646,040121,,,,
$GPGGA,220027.66,3726.6242860,N,12215.6973320,W,1,0,0.0,125.4283,M,0.0000,M,0.0000,0
$GPRMC,220027.66,A,3726.6242860,N,12215.6973320,W,29.1781,82.2921,040121,,,,
$GPGGA,220028.68,3726.6263980,N,12215.6774720,W,1,0,0.0,125.2370,M,0.0000,M,0.0000,0
$GPRMC,220028.68,A,3726.6263980,N,12215.6774720,W,29.2692,82.3112,040121,,,,
$GPGGA,220029.67,3726.6284980,N,12215.6579420,W,1,0,0.0,125.0523,M,0.0000,M,0.0000,0
$GPRMC,220029.67,A,3726.6284980,N,12215.6579420,W,29.3133,82.1050,040121,,,,
$GPGGA,220030.65,3726.6306760,N,12215.6385980,W,1,0,0.0,124.8925,M,0.0000,M,0.0000,0
$GPRMC,220030.65,A,3726.6306760,N,12215.6385980,W,29.3141,81.7623,040121,,,,
$GPGGA,220031.66,3726.6329140,N,12215.6187980,W,1,0,0.0,124.6714,M,0.0000,M,0.0000,0
$GPRMC,220031.66,A,3726.6329140,N,12215.6187980,W,29.2931,81.9757,040121,,,,
$GPGGA,220032.66,3726.6350320,N,12215.5991780,W,1,0,0.0,124.3707,M,0.0000,M,0.0000,0
$GPRMC,220032.66,A,3726.6350320,N,12215.5991780,W,29.1357,82.4371,040121,,,,
$GPGGA,220033.67,3726.6369640,N,12215.5792820,W,1,0,0.0,123.9781,M,0.0000,M,0.0000,0
$GPRMC,220033.67,A,3726.6369640,N,12215.5792820,W,28.8448,83.6046,040121,,,,
$GPGGA,220034.66,3726.6384580,N,12215.5601420,W,1,0,0.0,123.5380,M,0.0000,M,0.0000,0
$GPRMC,220034.66,A,3726.6384580,N,12215.5601420,W,28.5821,85.0887,040121,,,,
$GPGGA,220035.66,3726.6395140,N,12215.5410020,W,1,0,0.0,123.0879,M,0.0000,M,0.0000,0
$GPRMC,220035.66,A,3726.6395140,N,12215.5410020,W,28.3581,86.8408,040121,,,,
$GPGGA,220036.65,3726.6400900,N,12215.5219040,W,1,0,0.0,122.5751,M,0.0000,M,0.0000,0
$GPRMC,220036.65,A,3726.6400900,N,12215.5219040,W,28.2096,88.6377,040121,,,,
$GPGGA,220037.66,3726.6402160,N,12215.5025480,W,1,0,0.0,121.9904,M,0.0000,M,0.0000,0
$GPRMC,220037.66,A,3726.6402160,N,12215.5025480,W,28.3107,90.3962,040121,,,,
$GPGGA,220038.66,3726.6398260,N,12215.4834260,W,1,0,0.0,121.3563,M,0.0000,M,0.0000,0
$GPRMC,220038.66,A,3726.6398260,N,12215.4834260,W,28.4633,92.4196,040121,,,,
$GPGGA,220039.67,3726.6388420,N,12215.4639620,W,1,0,0.0,120.6280,M,0.0000,M,0.0000,0
$GPRMC,220039.67,A,3726.6388420,N,12215.4639620,W,28.6113,94.5182,040121,,,,
$GPGGA,220040.66,3726.6374140,N,12215.4446840,W,1,0,0.0,119.8550,M,0.0000,M,0.0000,0
$GPRMC,220040.66,A,3726.6374140,N,12215.4446840,W,28.7110,95.7656,040121,,,,
$GPGGA,220041.65,3726.6356020,N,12215.4254720,W,1,0,0.0,119.0292,M,0.0000,M,0.0000,0
$GPRMC,220041.65,A,3726.6356020,N,12215.4254720,W,28.8330,97.7350,040121,,,,
$GPGGA,220042.60,3726.6333220,N,12215.4071240,W,1,0,0.0,118.1630,M,0.0000,M,0.0000,0
$GPRMC,220042.60,A,3726.6333220,N,12215.4071240,W,28.9693,99.8905,040121,,,,
$GPGGA,220043.78,3726.6298300,N,12215.3843900,W,1,0,0.0,116.9894,M,0.0000,M,0.0000,0
$GPRMC,220043.78,A,3726.6298300,N,12215.3843900,W,29.1243,101.7938,040121,,,,
$GPGGA,220044.67,3726.6267100,N,12215.3672120,W,1,0,0.0,116.0451,M,0.0000,M,0.0000,0
$GPRMC,220044.67,A,3726.6267100,N,12215.3672120,W,29.2449,103.7782,040121,,,,
$GPGGA,220045.66,3726.6227200,N,12215.3481320,W,1,0,0.0,114.9240,M,0.0000,M,0.0000,0
$GPRMC,220045.66,A,3726.6227200,N,12215.3481320,W,29.3959,105.4901,040121,,,,
$GPGGA,220046.65,3726.6182020,N,12215.3290700,W,1,0,0.0,113.7076,M,0.0000,M,0.0000,0
$GPRMC,220046.65,A,3726.6182020,N,12215.3290700,W,29.5697,107.4747,040121,,,,
$GPGGA,220047.66,3726.6131080,N,12215.3098220,W,1,0,0.0,112.4963,M,0.0000,M,0.0000,0
$GPRMC,220047.66,A,3726.6131080,N,12215.3098220,W,29.7569,109.0121,040121,,,,
$GPGGA,220048.66,3726.6075940,N,12215.2908740,W,1,0,0.0,111.2815,M,0.0000,M,0.0000,0
$GPRMC,220048.66,A,3726.6075940,N,12215.2908740,W,29.9323,110.9379,040121,,,,
$GPGGA,220049.66,3726.6014800,N,12215.2719200,W,1,0,0.0,110.0629,M,0.0000,M,0.0000,0
$GPRMC,220049.66,A,3726.6014800,N,12215.2719200,W,30.0272,112.9023,040121,,,,
$GPGGA,220050.66,3726.5949580,N,12215.2534220,W,1,0,0.0,108.8602,M,0.0000,M,0.0000,0
$GPRMC,220050.66,A,3726.5949580,N,12215.2534220,W,30.0663,114.6871,040121,,,,
$GPGGA,220051.65,3726.5879260,N,12215.2351460,W,1,0,0.0,107.6330,M,0.0000,M,0.0000,0
$GPRMC,220051.65,A,3726.5879260,N,12215.2351460,W,30.0696,116.7487,040121,,,,
$GPGGA,220052.66,3726.5802760,N,12215.2169240,W,1,0,0.0,106.4021,M,0.0000,M,0.0000,0
$GPRMC,220052.66,A,3726.5802760,N,12215.2169240,W,30.0485,118.6880,040121,,,,
$GPGGA,220053.66,3726.5722780,N,12215.1993200,W,1,0,0.0,105.1898,M,0.0000,M,0.0000,0
$GPRMC,220053.66,A,3726.5722780,N,12215.1993200,W,30.0217,120.5741,040121,,,,
$GPGGA,220054.67,3726.5636680,N,12215.1818120,W,1,0,0.0,103.9804,M,0.0000,M,0.0000,0
$GPRMC,220054.67,A,3726.5636680,N,12215.1818120,W,29.9982,122.5662,040121,,,,
$GPGGA,220055.66,3726.5547280,N,12215.1650060,W,1,0,0.0,102.7909,M,0.0000,M,0.0000,0
$GPRMC,220055.66,A,3726.5547280,N,12215.1650060,W,29.9712,124.6996,040121,,,,
$GPGGA,220056.65,3726.5453200,N,12215.1486440,W,1,0,0.0,101.5775,M,0.0000,M,0.0000,0
$GPRMC,220056.65,A,3726.5453200,N,12215.1486440,W,29.9559,126.7068,040121,,,,
$GPGGA,220057.66,3726.5354260,N,12215.1324140,W,1,0,0.0,100.4752,M,0.0000,M,0.0000,0
$GPRMC,220057.66,A,3726.5354260,N,12215.1324140,W,29.8896,128.0926,040121,,,,
$GPGGA,220058.66,3726.5252320,N,12215.1167540,W,1,0,0.0,99.2359,M,0.0000,M,0.0000,0
$GPRMC,220058.66,A,3726.5252320,N,12215.1167540,W,30.0423,130.2207,040121,,,,
$GPGGA,220059.67,3726.5143000,N,12215.1012440,W,1,0,0.0,97.9298,M,0.0000,M,0.0000,0
$GPRMC,220059.67,A,3726.5143000,N,12215.1012440,W,30.4254,132.4872,040121,,,,
$GPGGA,220100.66,3726.5030440,N,12215.0861960,W,1,0,0.0,96.8381,M,0.0000,M,0.0000,0
$GPRMC,220100.66,A,3726.5030440,N,12215.0861960,W,30.8250,133.5221,040121,,,,
$GPGGA,220101.67,3726.4913260,N,12215.0708660,W,1,0,0.0,95.7061,M,0.0000,M,0.0000,0
$GPRMC,220101.67,A,3726.4913260,N,12215.0708660,W,31.2041,133.8100,040121,,,,
$GPGGA,220102.66,3726.4796680,N,12215.0556500,W,1,0,0.0,94.4631,M,0.0000,M,0.0000,0
$GPRMC,220102.66,A,3726.4796680,N,12215.0556500,W,31.5763,133.7341,040121,,,,
$GPGGA,220103.66,3726.4678240,N,12215.0402060,W,1,0,0.0,93.1958,M,0.0000,M,0.0000,0
$GPRMC,220103.66,A,3726.4678240,N,12215.0402060,W,31.8486,133.8101,040121,,,,
$GPGGA,220104.67,3726.4557640,N,12215.0244800,W,1,0,0.0,91.9458,M,0.0000,M,0.0000,0
$GPRMC,220104.67,A,3726.4557640,N,12215.0244800,W,32.0262,133.8796,040121,,,,
$GPGGA,220105.66,3726.4437820,N,12215.0089100,W,1,0,0.0,90.6596,M,0.0000,M,0.0000,0
$GPRMC,220105.66,A,3726.4437820,N,12215.0089100,W,32.0943,133.9209,040121,,,,
$GPGGA,220106.65,3726.4319200,N,12214.9934720,W,1,0,0.0,89.4304,M,0.0000,M,0.0000,0
$GPRMC,220106.65,A,3726.4319200,N,12214.9934720,W,32.1069,133.8650,040121,,,,
$GPGGA,220107.66,3726.4197520,N,12214.9776320,W,1,0,0.0,88.1047,M,0.0000,M,0.0000,0
$GPRMC,220107.66,A,3726.4197520,N,12214.9776320,W,32.0429,133.7760,040121,,,,
$GPGGA,220108.66,3726.4077760,N,12214.9619480,W,1,0,0.0,86.8432,M,0.0000,M,0.0000,0
$GPRMC,220108.66,A,3726.4077760,N,12214.9619480,W,32.0109,133.6400,040121,,,,
$GPGGA,220109.65,3726.3959380,N,12214.9464500,W,1,0,0.0,85.6347,M,0.0000,M,0.0000,0
$GPRMC,220109.65,A,3726.3959380,N,12214.9464500,W,31.9410,133.7193,040121,,,,
$GPGGA,220110.66,3726.3838120,N,12214.9306760,W,1,0,0.0,84.3911,M,0.0000,M,0.0000,0
$GPRMC,220110.66,A,3726.3838120,N,12214.9306760,W,31.8852,133.9555,040121,,,,
$GPGGA,220111.65,3726.3719200,N,12214.9153220,W,1,0,0.0,83.0483,M,0.0000,M,0.0000,0
$GPRMC,220111.65,A,3726.3719200,N,12214.9153220,W,31.8643,134.2207,040121,,,,
$GPGGA,220112.66,3726.3597040,N,12214.8997280,W,1,0,0.0,81.6692,M,0.0000,M,0.0000,0
$GPRMC,220112.66,A,3726.3597040,N,12214.8997280,W,31.8072,134.6730,040121,,,,
$GPGGA,220113.66,3726.3476440,N,12214.8845900,W,1,0,0.0,80.4132,M,0.0000,M,0.0000,0
$GPRMC,220113.66,A,3726.3476440,N,12214.8845900,W,31.7187,135.0616,040121,,,,
$GPGGA,220114.67,3726.3353860,N,12214.8693020,W,1,0,0.0,79.0806,M,0.0000,M,0.0000,0
$GPRMC,220114.67,A,3726.3353860,N,12214.8693020,W,31.6033,135.1066,040121,,,,
$GPGGA,220115.66,3726.3234220,N,12214.8544280,W,1,0,0.0,77.8752,M,0.0000,M,0.0000,0
$GPRMC,220115.66,A,3726.3234220,N,12214.8544280,W,30.9430,135.1585,040121,,,,
$GPGGA,220116.65,3726.3117880,N,12214.8400580,W,1,0,0.0,76.6336,M,0.0000,M,0.0000,0
$GPRMC,220116.65,A,3726.3117880,N,12214.8400580,W,29.7577,135.6863,040121,,,,
$GPGGA,220117.66,3726.3003460,N,12214.8265160,W,1,0,0.0,75.5272,M,0.0000,M,0.0000,0
$GPRMC,220117.66,A,3726.3003460,N,12214.8265160,W,28.0259,137.9425,040121,,,,
$GPGGA,220118.66,3726.2892340,N,12214.8144200,W,1,0,0.0,74.4030,M,0.0000,M,0.0000,0
$GPRMC,220118.66,A,3726.2892340,N,12214.8144200,W,26.7340,139.7861,040121,,,,
$GPGGA,220119.67,3726.2781640,N,12214.8029840,W,1,0,0.0,73.2445,M,0.0000,M,0.0000,0
$GPRMC,220119.67,A,3726.2781640,N,12214.8029840,W,25.8747,140.7221,040121,,,,
$GPGGA,220120.66,3726.2675320,N,12214.7921060,W,1,0,0.0,72.1337,M,0.0000,M,0.0000,0
$GPRMC,220120.66,A,3726.2675320,N,12214.7921060,W,25.1165,140.4835,040121,,,,
$GPGGA,220121.65,3726.2571820,N,12214.7814020,W,1,0,0.0,71.1245,M,0.0000,M,0.0000,0
$GPRMC,220121.65,A,3726.2571820,N,12214.7814020,W,24.9155,140.3166,040121,,,,
$GPGGA,220122.66,3726.2467420,N,12214.7705960,W,1,0,0.0,70.0788,M,0.0000,M,0.0000,0
$GPRMC,220122.66,A,3726.2467420,N,12214.7705960,W,24.7395,140.5537,040121,,,,
$GPGGA,220123.66,3726.2365180,N,12214.7600480,W,1,0,0.0,69.1489,M,0.0000,M,0.0000,0
$GPRMC,220123.66,A,3726.2365180,N,12214.7600480,W,24.5968,140.5583,040121,,,,
$GPGGA,220124.67,3726.2261800,N,12214.7493440,W,1,0,0.0,68.1029,M,0.0000,M,0.0000,0
$GPRMC,220124.67,A,3726.2261800,N,12214.7493440,W,24.3755,140.5141,040121,,,,
$GPGGA,220125.66,3726.2162560,N,12214.7390060,W,1,0,0.0,67.0872,M,0.0000,M,0.0000,0
$GPRMC,220125.66,A,3726.2162560,N,12214.7390060,W,23.5719,140.1841,040121,,,,
$GPGGA,220126.65,3726.2067640,N,12214.7290220,W,1,0,0.0,65.9646,M,0.0000,M,0.0000,0
$GPRMC,220126.65,A,3726.2067640,N,12214.7290220,W,22.6266,139.9035,040121,,,,
$GPGGA,220127.66,3726.1975840,N,12214.7191700,W,1,0,0.0,64.7839,M,0.0000,M,0.0000,0
$GPRMC,220127.66,A,3726.1975840,N,12214.7191700,W,21.5804,138.9487,040121,,,,
$GPGGA,220128.66,3726.1891360,N,12214.7098160,W,1,0,0.0,63.6405,M,0.0000,M,0.0000,0
$GPRMC,220128.66,A,3726.1891360,N,12214.7098160,W,20.2080,138.2687,040121,,,,
$GPGGA,220129.67,3726.1813000,N,12214.7010560,W,1,0,0.0,62.6053,M,0.0000,M,0.0000,0
$GPRMC,220129.67,A,3726.1813000,N,12214.7010560,W,18.2260,138.3305,040121,,,,
$GPGGA,220130.66,3726.1743820,N,12214.6933640,W,1,0,0.0,61.6924,M,0.0000,M,0.0000,0
$GPRMC,220130.66,A,3726.1743820,N,12214.6933640,W,16.1869,138.3864,040121,,,,
$GPGGA,220131.75,3726.1677580,N,12214.6859600,W,1,0,0.0,60.8444,M,0.0000,M,0.0000,0
$GPRMC,220131.75,A,3726.1677580,N,12214.6859600,W,13.9984,138.2239,040121,,,,
$GPGGA,220132.46,3726.1638940,N,12214.6816580,W,1,0,0.0,60.3383,M,0.0000,M,0.0000,0
$GPRMC,220132.46,A,3726.1638940,N,12214.6816580,W,12.8594,138.3132,040121,,,,
$GPGGA,220133.65,3726.1581820,N,12214.6752320,W,1,0,0.0,59.6091,M,0.0000,M,0.0000,0
$GPRMC,220133.65,A,3726.1581820,N,12214.6752320,W,11.1106,138.1239,040121,,,,
$GPGGA,220134.67,3726.1538440,N,12214.6703720,W,1,0,0.0,59.0940,M,0.0000,M,0.0000,0
$GPRMC,220134.67,A,3726.1538440,N,12214.6703720,W,10.2885,138.2000,040121,,,,
$GPGGA,220135.66,3726.1497820,N,12214.6658300,W,1,0,0.0,58.6337,M,0.0000,M,0.0000,0
$GPRMC,220135.66,A,3726.1497820,N,12214.6658300,W,9.9458,138.4801,040121,,,,
$GPGGA,220136.65,3726.1458220,N,12214.6614680,W,1,0,0.0,58.2156,M,0.0000,M,0.0000,0
$GPRMC,220136.65,A,3726.1458220,N,12214.6614680,W,9.7777,138.6404,040121,,,,
$GPGGA,220137.66,3726.1418080,N,12214.6570700,W,1,0,0.0,57.8816,M,0.0000,M,0.0000,0
$GPRMC,220137.66,A,3726.1418080,N,12214.6570700,W,9.7728,138.8887,040121,,,,
$GPGGA,220138.65,3726.1379080,N,12214.6528220,W,1,0,0.0,57.6253,M,0.0000,M,0.0000,0
$GPRMC,220138.65,A,3726.1379080,N,12214.6528220,W,9.3986,138.9745,040121,,,,
$GPGGA,220139.65,3726.1340980,N,12214.6487180,W,1,0,0.0,57.4086,M,0.0000,M,0.0000,0
$GPRMC,220139.65,A,3726.1340980,N,12214.6487180,W,9.3152,139.3589,040121,,,,
$GPGGA,220140.45,3726.1310440,N,12214.6454300,W,1,0,0.0,57.2922,M,0.0000,M,0.0000,0
$GPRMC,220140.45,A,3726.1310440,N,12214.6454300,W,9.2574,139.4999,040121,,,,
$GPGGA,220141.45,3726.1272520,N,12214.6413740,W,1,0,0.0,57.1586,M,0.0000,M,0.0000,0
$GPRMC,220141.45,A,3726.1272520,N,12214.6413740,W,9.1693,139.3795,040121,,,,
$GPGGA,220142.45,3726.1235380,N,12214.6373180,W,1,0,0.0,57.0707,M,0.0000,M,0.0000,0
$GPRMC,220142.45,A,3726.1235380,N,12214.6373180,W,9.0600,138.8701,040121,,,,
$GPGGA,220143.45,3726.1199080,N,12214.6333100,W,1,0,0.0,56.9367,M,0.0000,M,0.0000,0
$GPRMC,220143.45,A,3726.1199080,N,12214.6333100,W,8.7359,138.7332,040121,,,,
$GPGGA,220144.45,3726.1165420,N,12214.6295060,W,1,0,0.0,56.8071,M,0.0000,M,0.0000,0
$GPRMC,220144.45,A,3726.1165420,N,12214.6295060,W,8.0242,137.4006,040121,,,,
$GPGGA,220145.45,3726.1137640,N,12214.6256840,W,1,0,0.0,56.6314,M,0.0000,M,0.0000,0
$GPRMC,220145.45,A,3726.1137640,N,12214.6256840,W,7.3676,129.7213,040121,,,,
$GPGGA,220146.45,3726.1118200,N,12214.6214660,W,1,0,0.0,56.4787,M,0.0000,M,0.0000,0
$GPRMC,220146.45,A,3726.1118200,N,12214.6214660,W,7.0959,116.5370,040121,,,,
$GPGGA,220147.45,3726.1109200,N,12214.6168460,W,1,0,0.0,56.3193,M,0.0000,M,0.0000,0
$GPRMC,220147.45,A,3726.1109200,N,12214.6168460,W,7.0667,99.0320,040121,,,,
$GPGGA,220148.45,3726.1114660,N,12214.6121600,W,1,0,0.0,56.1606,M,0.0000,M,0.0000,0
$GPRMC,220148.45,A,3726.1114660,N,12214.6121600,W,7.1389,75.9559,040121,,,,
$GPGGA,220149.45,3726.1132600,N,12214.6076900,W,1,0,0.0,55.9489,M,0.0000,M,0.0000,0
$GPRMC,220149.45,A,3726.1132600,N,12214.6076900,W,7.7653,61.2550,040121,,,,
$GPGGA,220150.45,3726.1155040,N,12214.6029020,W,1,0,0.0,55.6780,M,0.0000,M,0.0000,0
$GPRMC,220150.45,A,3726.1155040,N,12214.6029020,W,8.6422,59.0048,040121,,,,
$GPGGA,220151.45,3726.1180420,N,12214.5976160,W,1,0,0.0,55.3879,M,0.0000,M,0.0000,0
$GPRMC,220151.45,A,3726.1180420,N,12214.5976160,W,9.5542,59.2298,040121,,,,
$GPGGA,220152.45,3726.1207360,N,12214.5917840,W,1,0,0.0,55.0520,M,0.0000,M,0.0000,0
$GPRMC,220152.45,A,3726.1207360,N,12214.5917840,W,10.1876,59.8932,040121,,,,
$GPGGA,220153.45,3726.1234960,N,12214.5857600,W,1,0,0.0,54.7110,M,0.0000,M,0.0000,0
$GPRMC,220153.45,A,3726.1234960,N,12214.5857600,W,10.2934,60.0403,040121,,,,
$GPGGA,220154.45,3726.1263100,N,12214.5797120,W,1,0,0.0,54.3609,M,0.0000,M,0.0000,0
$GPRMC,220154.45,A,3726.1263100,N,12214.5797120,W,10.3873,59.3955,040121,,,,
$GPGGA,220155.45,3726.1291960,N,12214.5735920,W,1,0,0.0,54.0065,M,0.0000,M,0.0000,0
$GPRMC,220155.45,A,3726.1291960,N,12214.5735920,W,10.5094,59.1909,040121,,,,
$GPGGA,220156.45,3726.1320220,N,12214.5676820,W,1,0,0.0,53.6585,M,0.0000,M,0.0000,0
$GPRMC,220156.45,A,3726.1320220,N,12214.5676820,W,9.6905,59.2214,040121,,,,
$GPGGA,220157.45,3726.1344880,N,12214.5624440,W,1,0,0.0,53.3234,M,0.0000,M,0.0000,0
$GPRMC,220157.45,A,3726.1344880,N,12214.5624440,W,8.2004,59.4441,040121,,,,
$GPGGA,220158.45,3726.1365100,N,12214.5581300,W,1,0,0.0,53.0868,M,0.0000,M,0.0000,0
$GPRMC,220158.45,A,3726.1365100,N,12214.5581300,W,6.4599,59.5614,040121,,,,
$GPGGA,220159.45,3726.1380280,N,12214.5549320,W,1,0,0.0,52.9082,M,0.0000,M,0.0000,0
$GPRMC,220159.45,A,3726.1380280,N,12214.5549320,W,4.5861,59.2251,040121,,,,
$GPGGA,220200.45,3726.1390840,N,12214.5527480,W,1,0,0.0,52.7787,M,0.0000,M,0.0000,0
$GPRMC,220200.45,A,3726.1390840,N,12214.5527480,W,2.8875,58.7996,040121,,,,
$GPGGA,220201.45,3726.1396780,N,12214.5515480,W,1,0,0.0,52.7001,M,0.0000,M,0.0000,0
$GPRMC,220201.45,A,3726.1396780,N,12214.5515480,W,1.4227,58.5212,040121,,,,
$GPGGA,220202.45,3726.1399000,N,12214.5511040,W,1,0,0.0,52.6710,M,0.0000,M,0.0000,0
$GPRMC,220202.45,A,3726.1399000,N,12214.5511040,W,0.1496,58.4099,040121,,,,
$GPGGA,220203.45,3726.1399060,N,12214.5511040,W,1,0,0.0,52.6660,M,0.0000,M,0.0000,0
$GPRMC,220203.45,A,3726.1399060,N,12214.5511040,W,0.0011,58.4052,040121,,,,
$GPGGA,220204.45,3726.1399060,N,12214.5511040,W,1,0,0.0,52.6660,M,0.0000,M,0.0000,0
$GPRMC,220204.45,A,3726.1399060,N,12214.5511040,W,0.0012,58.4033,040121,,,,
$GPGGA,220205.45,3726.1399060,N,12214.5511040,W,1,0,0.0,52.6660,M,0.0000,M,0.0000,0
$GPRMC,220205.45,A,3726.1399060,N,12214.5511040,W,0.0005,58.4043,040121,,,,
$GPGGA,220206.45,3726.1399060,N,12214.5510980,W,1,0,0.0,52.6655,M,0.0000,M,0.0000,0
$GPRMC,220206.45,A,3726.1399060,N,12214.5510980,W,0.0005,58.4041,040121,,,,
$GPGGA,220207.45,3726.1399060,N,12214.5510980,W,1,0,0.0,52.6650,M,0.0000,M,0.0000,0
$GPRMC,220207.45,A,3726.1399060,N,12214.5510980,W,0.0005,58.4039,040121,,,,
$GPGGA,220208.45,3726.1399060,N,12214.5510980,W,1,0,0.0,52.6655,M,0.0000,M,0.0000,0
$GPRMC,220208.45,A,3726.1399060,N,12214.5510980,W,0.0012,58.4043,040121,,,,
$GPGGA,220209.45,3726.1399060,N,12214.5511040,W,1,0,0.0,52.6670,M,0.0000,M,0.0000,0
$GPRMC,220209.45,A,3726.1399060,N,12214.5511040,W,0.0007,58.4043,040121,,,,
$GPGGA,220210.45,3726.1399060,N,12214.5511040,W,1,0,0.0,52.6670,M,0.0000,M,0.0000,0
$GPRMC,220210.45,A,3726.1399060,N,12214.5511040,W,0.0012,58.4042,040121,,,,
$GPGGA,220211.45,3726.1399060,N,12214.5511040,W,1,0,0.0,52.6670,M,0.0000,M,0.0000,0
$GPRMC,220211.45,A,3726.1399060,N,12214.5511040,W,0.0000,58.4042,040121,,,,
$GPGGA,220212.45,3726.1399060,N,12214.5511040,W,1,0,0.0,52.6670,M,0.0000,M,0.0000,0
$GPRMC,220212.45,A,3726.1399060,N,12214.5511040,W,0.0010,58.4044,040121,,,,
$GPGGA,220213.45,3726.1399060,N,12214.5511040,W,1,0,0.0,52.6670,M,0.0000,M,0.0000,0
$GPRMC,220213.45,A,3726.1399060,N,12214.5511040,W,0.0016,58.4046,040121,,,,
$GPGGA,220214.45,3726.1399060,N,12214.5511040,W,1,0,0.0,52.6670,M,0.0000,M,0.0000,0
$GPRMC,220214.45,A,3726.1399060,N,12214.5511040,W,0.0020,58.4047,040121,,,,
$GPGGA,220215.45,3726.1399060,N,12214.5511040,W,1,0,0.0,52.6670,M,0.0000,M,0.0000,0
$GPRMC,220215.45,A,3726.1399060,N,12214.5511040,W,0.0011,58.4048,040121,,,,
$GPGGA,220216.45,3726.1399060,N,12214.5511040,W,1,0,0.0,52.6670,M,0.0000,M,0.0000,0
$GPRMC,220216.45,A,3726.1399060,N,12214.5511040,W,0.0022,58.4048,040121,,,,
$GPGGA,220217.45,3726.1399060,N,12214.5510980,W,1,0,0.0,52.6655,M,0.0000,M,0.0000,0
$GPRMC,220217.45,A,3726.1399060,N,12214.5510980,W,0.0021,58.4047,040121,,,,
$GPGGA,220218.45,3726.1399060,N,12214.5510980,W,1,0,0.0,52.6660,M,0.0000,M,0.0000,0
$GPRMC,220218.45,A,3726.1399060,N,12214.5510980,W,0.0023,58.4048,040121,,,,
$GPGGA,220219.45,3726.1399060,N,12214.5510980,W,1,0,0.0,52.6670,M,0.0000,M,0.0000,0
$GPRMC,220219.45,A,3726.1399060,N,12214.5510980,W,0.0015,58.4047,040121,,,,
$GPGGA,220220.45,3726.1399420,N,12214.5510320,W,1,0,0.0,52.6575,M,0.0000,M,0.0000,0
$GPRMC,220220.45,A,3726.1399420,N,12214.5510320,W,0.4494,58.3711,040121,,,,
$GPGGA,220221.45,3726.1402900,N,12214.5503960,W,1,0,0.0,52.6196,M,0.0000,M,0.0000,0
$GPRMC,220221.45,A,3726.1402900,N,12214.5503960,W,1.9314,56.8122,040121,,,,
$GPGGA,220222.45,3726.1413340,N,12214.5492020,W,1,0,0.0,52.5412,M,0.0000,M,0.0000,0
$GPRMC,220222.45,A,3726.1413340,N,12214.5492020,W,3.2956,44.8689,040121,,,,
$GPGGA,220223.45,3726.1433200,N,12214.5481640,W,1,0,0.0,52.4671,M,0.0000,M,0.0000,0
$GPRMC,220223.45,A,3726.1433200,N,12214.5481640,W,4.6906,22.8842,040121,,,,
$GPGGA,220224.45,3726.1462660,N,12214.5481100,W,1,0,0.0,52.3192,M,0.0000,M,0.0000,0
$GPRMC,220224.45,A,3726.1462660,N,12214.5481100,W,6.2836,358.1255,040121,,,,
$GPGGA,220225.45,3726.1498300,N,12214.5495800,W,1,0,0.0,52.1851,M,0.0000,M,0.0000,0
$GPRMC,220225.45,A,3726.1498300,N,12214.5495800,W,7.6609,337.0254,040121,,,,
$GPGGA,220226.45,3726.1532020,N,12214.5530720,W,1,0,0.0,52.0149,M,0.0000,M,0.0000,0
$GPRMC,220226.45,A,3726.1532020,N,12214.5530720,W,8.6690,314.2050,040121,,,,
$GPGGA,220227.45,3726.1557280,N,12214.5583100,W,1,0,0.0,52.2246,M,0.0000,M,0.0000,0
$GPRMC,220227.45,A,3726.1557280,N,12214.5583100,W,9.5389,298.0334,040121,,,,
$GPGGA,220228.45,3726.1582240,N,12214.5645260,W,1,0,0.0,52.5411,M,0.0000,M,0.0000,0
$GPRMC,220228.45,A,3726.1582240,N,12214.5645260,W,11.0246,296.3124,040121,,,,
$GPGGA,220229.45,3726.1610560,N,12214.5716180,W,1,0,0.0,52.9909,M,0.0000,M,0.0000,0
$GPRMC,220229.45,A,3726.1610560,N,12214.5716180,W,12.3840,296.4637,040121,,,,
$GPGGA,220230.45,3726.1642120,N,12214.5795260,W,1,0,0.0,53.5982,M,0.0000,M,0.0000,0
$GPRMC,220230.45,A,3726.1642120,N,12214.5795260,W,13.6730,296.5490,040121,,,,
$GPGGA,220231.45,3726.1676980,N,12214.5881240,W,1,0,0.0,54.2855,M,0.0000,M,0.0000,0
$GPRMC,220231.45,A,3726.1676980,N,12214.5881240,W,14.6412,296.9382,040121,,,,
$GPGGA,220232.45,3726.1714000,N,12214.5971000,W,1,0,0.0,55.1402,M,0.0000,M,0.0000,0
$GPRMC,220232.45,A,3726.1714000,N,12214.5971000,W,15.1924,297.3797,040121,,,,
$GPGGA,220233.45,3726.1752640,N,12214.6063940,W,1,0,0.0,56.0292,M,0.0000,M,0.0000,0
$GPRMC,220233.45,A,3726.1752640,N,12214.6063940,W,15.7412,297.4145,040121,,,,
$GPGGA,220234.45,3726.1792780,N,12214.6160060,W,1,0,0.0,56.9068,M,0.0000,M,0.0000,0
$GPRMC,220234.45,A,3726.1792780,N,12214.6160060,W,16.2450,297.6581,040121,,,,
$GPGGA,220235.45,3726.1835200,N,12214.6258280,W,1,0,0.0,57.8796,M,0.0000,M,0.0000,0
$GPRMC,220235.45,A,3726.1835200,N,12214.6258280,W,16.7189,299.0281,040121,,,,
$GPGGA,220236.45,3726.1882180,N,12214.6356980,W,1,0,0.0,58.8966,M,0.0000,M,0.0000,0
$GPRMC,220236.45,A,3726.1882180,N,12214.6356980,W,17.1701,301.9674,040121,,,,
$GPGGA,220237.45,3726.1934800,N,12214.6454840,W,1,0,0.0,59.8921,M,0.0000,M,0.0000,0
$GPRMC,220237.45,A,3726.1934800,N,12214.6454840,W,17.6204,305.4082,040121,,,,
$GPGGA,220238.45,3726.1993300,N,12214.6550720,W,1,0,0.0,60.9600,M,0.0000,M,0.0000,0
$GPRMC,220238.45,A,3726.1993300,N,12214.6550720,W,17.9646,308.7641,040121,,,,
$GPGGA,220239.45,3726.2056840,N,12214.6644260,W,1,0,0.0,62.0729,M,0.0000,M,0.0000,0
$GPRMC,220239.45,A,3726.2056840,N,12214.6644260,W,18.2680,311.2995,040121,,,,
$GPGGA,220240.45,3726.2123680,N,12214.6736780,W,1,0,0.0,63.2168,M,0.0000,M,0.0000,0
$GPRMC,220240.45,A,3726.2123680,N,12214.6736780,W,18.5343,312.4432,040121,,,,
$GPGGA,220241.45,3726.2192020,N,12214.6830080,W,1,0,0.0,64.3181,M,0.0000,M,0.0000,0
$GPRMC,220241.45,A,3726.2192020,N,12214.6830080,W,18.9112,312.3948,040121,,,,
$GPGGA,220242.45,3726.2262220,N,12214.6926200,W,1,0,0.0,65.3437,M,0.0000,M,0.0000,0
$GPRMC,220242.45,A,3726.2262220,N,12214.6926200,W,19.5989,312.3125,040121,,,,
$GPGGA,220243.45,3726.2335000,N,12214.7026160,W,1,0,0.0,66.2522,M,0.0000,M,0.0000,0
$GPRMC,220243.45,A,3726.2335000,N,12214.7026160,W,20.2731,312.3304,040121,,,,
$GPGGA,220244.45,3726.2410840,N,12214.7129240,W,1,0,0.0,67.1223,M,0.0000,M,0.0000,0
$GPRMC,220244.45,A,3726.2410840,N,12214.7129240,W,21.1806,313.0025,040121,,,,
$GPGGA,220245.45,3726.2491600,N,12214.7236160,W,1,0,0.0,68.0181,M,0.0000,M,0.0000,0
$GPRMC,220245.45,A,3726.2491600,N,12214.7236160,W,22.2643,313.5439,040121,,,,
$GPGGA,220246.45,3726.2576860,N,12214.7347640,W,1,0,0.0,68.9502,M,0.0000,M,0.0000,0
$GPRMC,220246.45,A,3726.2576860,N,12214.7347640,W,23.2119,313.9394,040121,,,,
$GPGGA,220247.45,3726.2665600,N,12214.7461460,W,1,0,0.0,69.9220,M,0.0000,M,0.0000,0
$GPRMC,220247.45,A,3726.2665600,N,12214.7461460,W,23.7728,314.5197,040121,,,,
$GPGGA,220248.45,3726.2757100,N,12214.7577200,W,1,0,0.0,70.9735,M,0.0000,M,0.0000,0
$GPRMC,220248.45,A,3726.2757100,N,12214.7577200,W,24.3521,314.6368,040121,,,,
$GPGGA,220249.45,3726.2851060,N,12214.7696900,W,1,0,0.0,71.9903,M,0.0000,M,0.0000,0
$GPRMC,220249.45,A,3726.2851060,N,12214.7696900,W,25.2061,314.2526,040121,,,,
$GPGGA,220250.45,3726.2947120,N,12214.7821160,W,1,0,0.0,73.0600,M,0.0000,M,0.0000,0
$GPRMC,220250.45,A,3726.2947120,N,12214.7821160,W,25.7916,314.0948,040121,,,,
$GPGGA,220251.45,3726.3044920,N,12214.7947640,W,1,0,0.0,74.1584,M,0.0000,M,0.0000,0
$GPRMC,220251.45,A,3726.3044920,N,12214.7947640,W,26.2036,313.7705,040121,,,,
$GPGGA,220252.45,3726.3144040,N,12214.8076580,W,1,0,0.0,75.2466,M,0.0000,M,0.0000,0
$GPRMC,220252.45,A,3726.3144040,N,12214.8076580,W,26.6823,313.9218,040121,,,,
$GPGGA,220253.45,3726.3245140,N,12214.8207320,W,1,0,0.0,76.3195,M,0.0000,M,0.0000,0
$GPRMC,220253.45,A,3726.3245140,N,12214.8207320,W,26.9304,314.0952,040121,,,,
$GPGGA,220254.45,3726.3346420,N,12214.8338660,W,1,0,0.0,77.4125,M,0.0000,M,0.0000,0
$GPRMC,220254.45,A,3726.3346420,N,12214.8338660,W,26.9754,313.6494,040121,,,,
$GPGGA,220255.45,3726.3447100,N,12214.8472340,W,1,0,0.0,78.5065,M,0.0000,M,0.0000,0
$GPRMC,220255.45,A,3726.3447100,N,12214.8472340,W,27.3489,312.8934,040121,,,,
$GPGGA,220256.45,3726.3548380,N,12214.8609920,W,1,0,0.0,79.6194,M,0.0000,M,0.0000,0
$GPRMC,220256.45,A,3726.3548380,N,12214.8609920,W,27.8640,312.4951,040121,,,,
$GPGGA,220257.45,3726.3651820,N,12214.8749480,W,1,0,0.0,80.7624,M,0.0000,M,0.0000,0
$GPRMC,220257.45,A,3726.3651820,N,12214.8749480,W,28.3435,313.2338,040121,,,,
$GPGGA,220258.45,3726.3758680,N,12214.8889100,W,1,0,0.0,81.9034,M,0.0000,M,0.0000,0
$GPRMC,220258.45,A,3726.3758680,N,12214.8889100,W,28.6963,313.9547,040121,,,,
$GPGGA,220259.45,3726.3866980,N,12214.9029740,W,1,0,0.0,83.0554,M,0.0000,M,0.0000,0
$GPRMC,220259.45,A,3726.3866980,N,12214.9029740,W,28.9946,313.7648,040121,,,,
$GPGGA,220300.45,3726.3976120,N,12214.9172180,W,1,0,0.0,84.2253,M,0.0000,M,0.0000,0
$GPRMC,220300.45,A,3726.3976120,N,12214.9172180,W,29.2761,313.7620,040121,,,,
$GPGGA,220301.45,3726.4086040,N,12214.9315700,W,1,0,0.0,85.4339,M,0.0000,M,0.0000,0
$GPRMC,220301.45,A,3726.4086040,N,12214.9315700,W,29.3540,313.7615,040121,,,,
$GPGGA,220302.67,3726.4220740,N,12214.9491500,W,1,0,0.0,86.9064,M,0.0000,M,0.0000,0
$GPRMC,220302.67,A,3726.4220740,N,12214.9491500,W,29.3317,313.8041,040121,,,,
$GPGGA,220303.66,3726.4329640,N,12214.9633340,W,1,0,0.0,88.0653,M,0.0000,M,0.0000,0
$GPRMC,220303.66,A,3726.4329640,N,12214.9633340,W,29.3469,313.8665,040121,,,,
$GPGGA,220304.65,3726.4438300,N,12214.9774760,W,1,0,0.0,89.1979,M,0.0000,M,0.0000,0
$GPRMC,220304.65,A,3726.4438300,N,12214.9774760,W,29.3634,313.8021,040121,,,,
$GPGGA,220305.67,3726.4550380,N,12214.9921340,W,1,0,0.0,90.4008,M,0.0000,M,0.0000,0
$GPRMC,220305.67,A,3726.4550380,N,12214.9921340,W,29.3768,313.6961,040121,,,,
$GPGGA,220306.66,3726.4658800,N,12215.0062940,W,1,0,0.0,91.5429,M,0.0000,M,0.0000,0
$GPRMC,220306.66,A,3726.4658800,N,12215.0062940,W,29.3908,313.8016,040121,,,,
$GPGGA,220307.67,3726.4770040,N,12215.0207660,W,1,0,0.0,92.7108,M,0.0000,M,0.0000,0
$GPRMC,220307.67,A,3726.4770040,N,12215.0207660,W,29.3896,314.0410,040121,,,,
$GPGGA,220308.66,3726.4880500,N,12215.0350460,W,1,0,0.0,93.9403,M,0.0000,M,0.0000,0
$GPRMC,220308.66,A,3726.4880500,N,12215.0350460,W,29.3095,313.9419,040121,,,,
$GPGGA,220309.68,3726.4991800,N,12215.0495480,W,1,0,0.0,95.2538,M,0.0000,M,0.0000,0
$GPRMC,220309.68,A,3726.4991800,N,12215.0495480,W,29.0743,313.6873,040121,,,,
$GPGGA,220310.67,3726.5099020,N,12215.0636120,W,1,0,0.0,96.5004,M,0.0000,M,0.0000,0
$GPRMC,220310.67,A,3726.5099020,N,12215.0636120,W,28.8684,313.8650,040121,,,,
$GPGGA,220311.66,3726.5205400,N,12215.0775440,W,1,0,0.0,97.7606,M,0.0000,M,0.0000,0
$GPRMC,220311.66,A,3726.5205400,N,12215.0775440,W,28.6715,313.4669,040121,,,,
$GPGGA,220312.67,3726.5311300,N,12215.0919620,W,1,0,0.0,98.9713,M,0.0000,M,0.0000,0
$GPRMC,220312.67,A,3726.5311300,N,12215.0919620,W,28.5198,311.7396,040121,,,,
$GPGGA,220313.65,3726.5409340,N,12215.1061940,W,1,0,0.0,100.0767,M,0.0000,M,0.0000,0
$GPRMC,220313.65,A,3726.5409340,N,12215.1061940,W,28.4587,309.9045,040121,,,,
$GPGGA,220314.65,3726.5506240,N,12215.1212000,W,1,0,0.0,101.2169,M,0.0000,M,0.0000,0
$GPRMC,220314.65,A,3726.5506240,N,12215.1212000,W,28.3935,308.1205,040121,,,,
$GPGGA,220315.65,3726.5599000,N,12215.1364820,W,1,0,0.0,102.3454,M,0.0000,M,0.0000,0
$GPRMC,220315.65,A,3726.5599000,N,12215.1364820,W,28.1929,306.4263,040121,,,,
$GPGGA,220316.66,3726.5688340,N,12215.1521600,W,1,0,0.0,103.4796,M,0.0000,M,0.0000,0
$GPRMC,220316.66,A,3726.5688340,N,12215.1521600,W,27.9792,304.6808,040121,,,,
$GPGGA,220317.65,3726.5771320,N,12215.1677300,W,1,0,0.0,104.5626,M,0.0000,M,0.0000,0
$GPRMC,220317.65,A,3726.5771320,N,12215.1677300,W,27.8462,302.7892,040121,,,,
$GPGGA,220318.65,3726.5850160,N,12215.1836240,W,1,0,0.0,105.6452,M,0.0000,M,0.0000,0
$GPRMC,220318.65,A,3726.5850160,N,12215.1836240,W,27.7158,301.0319,040121,,,,
$GPGGA,220319.66,3726.5926240,N,12215.1999800,W,1,0,0.0,106.7453,M,0.0000,M,0.0000,0
$GPRMC,220319.66,A,3726.5926240,N,12215.1999800,W,27.6243,299.4788,040121,,,,
$GPGGA,220320.65,3726.5997280,N,12215.2163420,W,1,0,0.0,107.8162,M,0.0000,M,0.0000,0
$GPRMC,220320.65,A,3726.5997280,N,12215.2163420,W,27.5743,297.7655,040121,,,,
$GPGGA,220321.66,3726.6065500,N,12215.2331900,W,1,0,0.0,108.9249,M,0.0000,M,0.0000,0
$GPRMC,220321.66,A,3726.6065500,N,12215.2331900,W,27.5244,296.0320,040121,,,,
$GPGGA,220322.65,3726.6128260,N,12215.2499120,W,1,0,0.0,110.0192,M,0.0000,M,0.0000,0
$GPRMC,220322.65,A,3726.6128260,N,12215.2499120,W,27.5356,294.3659,040121,,,,
$GPGGA,220323.64,3726.6187180,N,12215.2668740,W,1,0,0.0,111.1040,M,0.0000,M,0.0000,0
$GPRMC,220323.64,A,3726.6187180,N,12215.2668740,W,27.5389,292.6997,040121,,,,
$GPGGA,220324.66,3726.6243520,N,12215.2844540,W,1,0,0.0,112.2061,M,0.0000,M,0.0000,0
$GPRMC,220324.66,A,3726.6243520,N,12215.2844540,W,27.5557,291.1192,040121,,,,
$GPGGA,220325.65,3726.6294580,N,12215.3017940,W,1,0,0.0,113.2841,M,0.0000,M,0.0000,0
$GPRMC,220325.65,A,3726.6294580,N,12215.3017940,W,27.5829,289.3975,040121,,,,
$GPGGA,220326.66,3726.6342580,N,12215.3197940,W,1,0,0.0,114.4051,M,0.0000,M,0.0000,0
$GPRMC,220326.66,A,3726.6342580,N,12215.3197940,W,27.6128,287.5845,040121,,,,
$GPGGA,220327.65,3726.6385360,N,12215.3375660,W,1,0,0.0,115.4845,M,0.0000,M,0.0000,0
$GPRMC,220327.65,A,3726.6385360,N,12215.3375660,W,27.6353,285.9679,040121,,,,
$GPGGA,220328.65,3726.6423880,N,12215.3555180,W,1,0,0.0,116.5769,M,0.0000,M,0.0000,0
$GPRMC,220328.65,A,3726.6423880,N,12215.3555180,W,27.6533,284.1189,040121,,,,
$GPGGA,220329.66,3726.6458440,N,12215.3739620,W,1,0,0.0,117.6656,M,0.0000,M,0.0000,0
$GPRMC,220329.66,A,3726.6458440,N,12215.3739620,W,27.6624,282.2017,040121,,,,
$GPGGA,220330.65,3726.6487960,N,12215.3922380,W,1,0,0.0,118.6779,M,0.0000,M,0.0000,0
$GPRMC,220330.65,A,3726.6487960,N,12215.3922380,W,27.6853,280.8356,040121,,,,
$GPGGA,220331.66,3726.6514360,N,12215.4108920,W,1,0,0.0,119.6380,M,0.0000,M,0.0000,0
$GPRMC,220331.66,A,3726.6514360,N,12215.4108920,W,27.5930,279.2252,040121,,,,
$GPGGA,220332.65,3726.6535960,N,12215.4292220,W,1,0,0.0,120.5225,M,0.0000,M,0.0000,0
$GPRMC,220332.65,A,3726.6535960,N,12215.4292220,W,27.5198,277.4983,040121,,,,
$GPGGA,220333.64,3726.6552880,N,12215.4475280,W,1,0,0.0,121.3519,M,0.0000,M,0.0000,0
$GPRMC,220333.64,A,3726.6552880,N,12215.4475280,W,27.4801,275.6825,040121,,,,
$GPGGA,220334.66,3726.6565840,N,12215.4663980,W,1,0,0.0,122.1587,M,0.0000,M,0.0000,0
$GPRMC,220334.66,A,3726.6565840,N,12215.4663980,W,27.4824,274.0058,040121,,,,
$GPGGA,220335.65,3726.6573760,N,12215.4848720,W,1,0,0.0,122.8523,M,0.0000,M,0.0000,0
$GPRMC,220335.65,A,3726.6573760,N,12215.4848720,W,27.5152,272.1586,040121,,,,
$GPGGA,220336.66,3726.6576880,N,12215.5037720,W,1,0,0.0,123.5194,M,0.0000,M,0.0000,0
$GPRMC,220336.66,A,3726.6576880,N,12215.5037720,W,27.5709,270.2344,040121,,,,
$GPGGA,220337.66,3726.6575200,N,12215.5223240,W,1,0,0.0,124.1188,M,0.0000,M,0.0000,0
$GPRMC,220337.66,A,3726.6575200,N,12215.5223240,W,27.5788,268.5311,040121,,,,
$GPGGA,220338.65,3726.6569500,N,12215.5408400,W,1,0,0.0,124.6154,M,0.0000,M,0.0000,0
$GPRMC,220338.65,A,3726.6569500,N,12215.5408400,W,27.6505,266.9323,040121,,,,
$GPGGA,220339.66,3726.6559420,N,12215.5598780,W,1,0,0.0,125.0242,M,0.0000,M,0.0000,0
$GPRMC,220339.66,A,3726.6559420,N,12215.5598780,W,27.9028,265.5844,040121,,,,
$GPGGA,220340.65,3726.6546820,N,12215.5786280,W,1,0,0.0,125.3635,M,0.0000,M,0.0000,0
$GPRMC,220340.65,A,3726.6546820,N,12215.5786280,W,28.1267,264.6966,040121,,,,
$GPGGA,220341.66,3726.6531940,N,12215.5978700,W,1,0,0.0,125.6359,M,0.0000,M,0.0000,0
$GPRMC,220341.66,A,3726.6531940,N,12215.5978700,W,28.1445,264.2197,040121,,,,
$GPGGA,220342.66,3726.6517000,N,12215.6167100,W,1,0,0.0,125.8344,M,0.0000,M,0.0000,0
$GPRMC,220342.66,A,3726.6517000,N,12215.6167100,W,28.0520,264.2246,040121,,,,
$GPGGA,220343.65,3726.6502240,N,12215.6354120,W,1,0,0.0,125.9725,M,0.0000,M,0.0000,0
$GPRMC,220343.65,A,3726.6502240,N,12215.6354120,W,27.9781,264.2454,040121,,,,
$GPGGA,220344.66,3726.6487120,N,12215.6544980,W,1,0,0.0,126.1117,M,0.0000,M,0.0000,0
$GPRMC,220344.66,A,3726.6487120,N,12215.6544980,W,27.9504,264.1635,040121,,,,
$GPGGA,220345.65,3726.6471880,N,12215.6732960,W,1,0,0.0,126.2938,M,0.0000,M,0.0000,0
$GPRMC,220345.65,A,3726.6471880,N,12215.6732960,W,28.1605,263.9531,040121,,,,
$GPGGA,220346.76,3726.6454180,N,12215.6943020,W,1,0,0.0,126.5263,M,0.0000,M,0.0000,0
$GPRMC,220346.76,A,3726.6454180,N,12215.6943020,W,28.1937,263.9207,040121,,,,
$GPGGA,220347.45,3726.6443380,N,12215.7075740,W,1,0,0.0,126.6625,M,0.0000,M,0.0000,0
$GPRMC,220347.45,A,3726.6443380,N,12215.7075740,W,28.2183,264.2430,040121,,,,
$GPGGA,220348.77,3726.6424240,N,12215.7325700,W,1,0,0.0,126.8808,M,0.0000,M,0.0000,0
$GPRMC,220348.77,A,3726.6424240,N,12215.7325700,W,28.1385,264.5661,040121,,,,
$GPGGA,220349.46,3726.6414460,N,12215.7456080,W,1,0,0.0,126.9864,M,0.0000,M,0.0000,0
$GPRMC,220349.46,A,3726.6414460,N,12215.7456080,W,28.0851,264.4347,040121,,,,
$GPGGA,220350.67,3726.6396220,N,12215.7686600,W,1,0,0.0,127.1371,M,0.0000,M,0.0000,0
$GPRMC,220350.67,A,3726.6396220,N,12215.7686600,W,27.9713,263.9599,040121,,,,
$GPGGA,220351.66,3726.6381100,N,12215.7870860,W,1,0,0.0,127.2436,M,0.0000,M,0.0000,0
$GPRMC,220351.66,A,3726.6381100,N,12215.7870860,W,27.5980,264.1926,040121,,,,
$GPGGA,220352.67,3726.6366580,N,12215.8058840,W,1,0,0.0,127.3868,M,0.0000,M,0.0000,0
$GPRMC,220352.67,A,3726.6366580,N,12215.8058840,W,27.1675,264.4623,040121,,,,
$GPGGA,220353.67,3726.6352600,N,12215.8239260,W,1,0,0.0,127.4903,M,0.0000,M,0.0000,0
$GPRMC,220353.67,A,3726.6352600,N,12215.8239260,W,26.7573,264.3556,040121,,,,
$GPGGA,220354.68,3726.6339940,N,12215.8421300,W,1,0,0.0,127.5969,M,0.0000,M,0.0000,0
$GPRMC,220354.68,A,3726.6339940,N,12215.8421300,W,26.5100,265.4533,040121,,,,
$GPGGA,220355.67,3726.6330280,N,12215.8599560,W,1,0,0.0,127.6184,M,0.0000,M,0.0000,0
$GPRMC,220355.67,A,3726.6330280,N,12215.8599560,W,26.6318,266.8655,040121,,,,
$GPGGA,220356.66,3726.6325360,N,12215.8778240,W,1,0,0.0,127.5974,M,0.0000,M,0.0000,0
$GPRMC,220356.66,A,3726.6325360,N,12215.8778240,W,26.8337,268.8951,040121,,,,
$GPGGA,220357.66,3726.6324700,N,12215.8962260,W,1,0,0.0,127.5354,M,0.0000,M,0.0000,0
$GPRMC,220357.66,A,3726.6324700,N,12215.8962260,W,26.9875,270.3140,040121,,,,
$GPGGA,220358.67,3726.6327580,N,12215.9145500,W,1,0,0.0,127.4494,M,0.0000,M,0.0000,0
$GPRMC,220358.67,A,3726.6327580,N,12215.9145500,W,26.9931,271.8032,040121,,,,
$GPGGA,220359.66,3726.6334540,N,12215.9326100,W,1,0,0.0,127.3002,M,0.0000,M,0.0000,0
$GPRMC,220359.66,A,3726.6334540,N,12215.9326100,W,26.9240,273.4590,040121,,,,
$GPGGA,220400.67,3726.6345940,N,12215.9510180,W,1,0,0.0,127.1051,M,0.0000,M,0.0000,0
$GPRMC,220400.67,A,3726.6345940,N,12215.9510180,W,26.8439,275.2041,040121,,,,
$GPGGA,220401.66,3726.6361180,N,12215.9689400,W,1,0,0.0,126.8519,M,0.0000,M,0.0000,0
$GPRMC,220401.66,A,3726.6361180,N,12215.9689400,W,26.7253,276.6977,040121,,,,
$GPGGA,220402.67,3726.6380260,N,12215.9870900,W,1,0,0.0,126.5492,M,0.0000,M,0.0000,0
$GPRMC,220402.67,A,3726.6380260,N,12215.9870900,W,26.6284,278.0037,040121,,,,
$GPGGA,220403.66,3726.6401800,N,12216.0047540,W,1,0,0.0,126.2245,M,0.0000,M,0.0000,0
$GPRMC,220403.66,A,3726.6401800,N,12216.0047540,W,26.5624,279.1765,040121,,,,
$GPGGA,220404.65,3726.6426220,N,12216.0222860,W,1,0,0.0,125.8600,M,0.0000,M,0.0000,0
$GPRMC,220404.65,A,3726.6426220,N,12216.0222860,W,26.4504,280.4405,040121,,,,
$GPGGA,220405.66,3726.6454660,N,12216.0399080,W,1,0,0.0,125.4955,M,0.0000,M,0.0000,0
$GPRMC,220405.66,A,3726.6454660,N,12216.0399080,W,26.2649,282.2979,040121,,,,
$GPGGA,220406.66,3726.6486760,N,12216.0571340,W,1,0,0.0,125.1081,M,0.0000,M,0.0000,0
$GPRMC,220406.66,A,3726.6486760,N,12216.0571340,W,26.1072,283.7676,040121,,,,
$GPGGA,220407.67,3726.6522580,N,12216.0744800,W,1,0,0.0,124.7516,M,0.0000,M,0.0000,0
$GPRMC,220407.67,A,3726.6522580,N,12216.0744800,W,25.9362,285.0643,040121,,,,
$GPGGA,220408.67,3726.6561160,N,12216.0912380,W,1,0,0.0,124.3795,M,0.0000,M,0.0000,0
$GPRMC,220408.67,A,3726.6561160,N,12216.0912380,W,25.7725,287.0150,040121,,,,
$GPGGA,220409.65,3726.6603700,N,12216.1076060,W,1,0,0.0,124.0088,M,0.0000,M,0.0000,0
$GPRMC,220409.65,A,3726.6603700,N,12216.1076060,W,25.6037,288.7858,040121,,,,
$GPGGA,220410.66,3726.6650380,N,12216.1240100,W,1,0,0.0,123.6265,M,0.0000,M,0.0000,0
$GPRMC,220410.66,A,3726.6650380,N,12216.1240100,W,25.4532,290.1206,040121,,,,
$GPGGA,220411.66,3726.6699280,N,12216.1401380,W,1,0,0.0,123.2595,M,0.0000,M,0.0000,0
$GPRMC,220411.66,A,3726.6699280,N,12216.1401380,W,25.3107,291.2427,040121,,,,
$GPGGA,220412.65,3726.6749860,N,12216.1558340,W,1,0,0.0,122.8256,M,0.0000,M,0.0000,0
$GPRMC,220412.65,A,3726.6749860,N,12216.1558340,W,25.1943,292.5069,040121,,,,
$GPGGA,220413.64,3726.6803140,N,12216.1713080,W,1,0,0.0,122.4426,M,0.0000,M,0.0000,0
$GPRMC,220413.64,A,3726.6803140,N,12216.1713080,W,25.1397,294.0519,040121,,,,
$GPGGA,220414.66,3726.6861400,N,12216.1870040,W,1,0,0.0,122.1122,M,0.0000,M,0.0000,0
$GPRMC,220414.66,A,3726.6861400,N,12216.1870040,W,25.1060,295.5836,040121,,,,
$GPGGA,220415.64,3726.6921280,N,12216.2020700,W,1,0,0.0,121.8046,M,0.0000,M,0.0000,0
$GPRMC,220415.64,A,3726.6921280,N,12216.2020700,W,25.1378,297.0401,040121,,,,
$GPGGA,220416.64,3726.6984460,N,12216.2170280,W,1,0,0.0,121.4491,M,0.0000,M,0.0000,0
$GPRMC,220416.64,A,3726.6984460,N,12216.2170280,W,25.2581,298.3711,040121,,,,
$GPGGA,220417.66,3726.7052500,N,12216.2323460,W,1,0,0.0,121.1033,M,0.0000,M,0.0000,0
$GPRMC,220417.66,A,3726.7052500,N,12216.2323460,W,25.4209,299.6629,040121,,,,
$GPGGA,220418.64,3726.7121560,N,12216.2470220,W,1,0,0.0,120.8529,M,0.0000,M,0.0000,0
$GPRMC,220418.64,A,3726.7121560,N,12216.2470220,W,25.5714,301.0507,040121,,,,
$GPGGA,220419.65,3726.7195180,N,12216.2619680,W,1,0,0.0,120.6602,M,0.0000,M,0.0000,0
$GPRMC,220419.65,A,3726.7195180,N,12216.2619680,W,25.7084,302.1581,040121,,,,
$GPGGA,220420.64,3726.7270240,N,12216.2765060,W,1,0,0.0,120.5376,M,0.0000,M,0.0000,0
$GPRMC,220420.64,A,3726.7270240,N,12216.2765060,W,25.8216,303.5676,040121,,,,
$GPGGA,220421.74,3726.7357420,N,12216.2922560,W,1,0,0.0,120.4475,M,0.0000,M,0.0000,0
$GPRMC,220421.74,A,3726.7357420,N,12216.2922560,W,25.9386,305.6795,040121,,,,
$GPGGA,220422.46,3726.7417420,N,12216.3024500,W,1,0,0.0,120.4364,M,0.0000,M,0.0000,0
$GPRMC,220422.46,A,3726.7417420,N,12216.3024500,W,25.9992,306.8917,040121,,,,
$GPGGA,220423.67,3726.7522000,N,12216.3193100,W,1,0,0.0,120.5039,M,0.0000,M,0.0000,0
$GPRMC,220423.67,A,3726.7522000,N,12216.3193100,W,26.0664,308.6495,040121,,,,
$GPGGA,220424.66,3726.7611040,N,12216.3328580,W,1,0,0.0,120.6747,M,0.0000,M,0.0000,0
$GPRMC,220424.66,A,3726.7611040,N,12216.3328580,W,26.0403,309.9682,040121,,,,
$GPGGA,220425.64,3726.7700860,N,12216.3460640,W,1,0,0.0,120.8944,M,0.0000,M,0.0000,0
$GPRMC,220425.64,A,3726.7700860,N,12216.3460640,W,25.9031,310.7516,040121,,,,
$GPGGA,220426.64,3726.7791940,N,12216.3591380,W,1,0,0.0,121.1617,M,0.0000,M,0.0000,0
$GPRMC,220426.64,A,3726.7791940,N,12216.3591380,W,25.7364,311.1005,040121,,,,
$GPGGA,220427.66,3726.7885180,N,12216.3724640,W,1,0,0.0,121.4971,M,0.0000,M,0.0000,0
$GPRMC,220427.66,A,3726.7885180,N,12216.3724640,W,25.5603,311.2486,040121,,,,
$GPGGA,220428.66,3726.7976860,N,12216.3855620,W,1,0,0.0,121.8540,M,0.0000,M,0.0000,0
$GPRMC,220428.66,A,3726.7976860,N,12216.3855620,W,25.4277,311.0686,040121,,,,
$GPGGA,220429.66,3726.8066620,N,12216.3984800,W,1,0,0.0,122.2604,M,0.0000,M,0.0000,0
$GPRMC,220429.66,A,3726.8066620,N,12216.3984800,W,25.2531,310.8229,040121,,,,
$GPGGA,220430.64,3726.8154280,N,12216.4111820,W,1,0,0.0,122.7079,M,0.0000,M,0.0000,0
$GPRMC,220430.64,A,3726.8154280,N,12216.4111820,W,25.1139,310.7807,040121,,,,
$GPGGA,220431.63,3726.8242180,N,12216.4238360,W,1,0,0.0,123.1807,M,0.0000,M,0.0000,0
$GPRMC,220431.63,A,3726.8242180,N,12216.4238360,W,24.9272,311.1328,040121,,,,
$GPGGA,220432.66,3726.8332900,N,12216.4367780,W,1,0,0.0,123.7396,M,0.0000,M,0.0000,0
$GPRMC,220432.66,A,3726.8332900,N,12216.4367780,W,24.7597,311.3338,040121,,,,
$GPGGA,220433.67,3726.8421880,N,12216.4494200,W,1,0,0.0,124.3686,M,0.0000,M,0.0000,0
$GPRMC,220433.67,A,3726.8421880,N,12216.4494200,W,24.5602,311.3397,040121,,,,
$GPGGA,220434.66,3726.8508760,N,12216.4618040,W,1,0,0.0,125.0073,M,0.0000,M,0.0000,0
$GPRMC,220434.66,A,3726.8508760,N,12216.4618040,W,24.3918,311.1394,040121,,,,
$GPGGA,220435.65,3726.8594620,N,12216.4741520,W,1,0,0.0,125.6899,M,0.0000,M,0.0000,0
$GPRMC,220435.65,A,3726.8594620,N,12216.4741520,W,24.3386,311.0371,040121,,,,
$GPGGA,220436.66,3726.8682520,N,12216.4867400,W,1,0,0.0,126.3823,M,0.0000,M,0.0000,0
$GPRMC,220436.66,A,3726.8682520,N,12216.4867400,W,24.4007,311.1452,040121,,,,
$GPGGA,220437.65,3726.8768500,N,12216.4990520,W,1,0,0.0,127.0807,M,0.0000,M,0.0000,0
$GPRMC,220437.65,A,3726.8768500,N,12216.4990520,W,24.3236,311.1035,040121,,,,
$GPGGA,220438.67,3726.8855860,N,12216.5115800,W,1,0,0.0,127.7982,M,0.0000,M,0.0000,0
$GPRMC,220438.67,A,3726.8855860,N,12216.5115800,W,24.1733,311.1916,040121,,,,
$GPGGA,220439.66,3726.8941480,N,12216.5237360,W,1,0,0.0,128.5089,M,0.0000,M,0.0000,0
$GPRMC,220439.66,A,3726.8941480,N,12216.5237360,W,24.1683,311.4626,040121,,,,
$GPGGA,220440.59,3726.9022360,N,12216.5351960,W,1,0,0.0,129.1621,M,0.0000,M,0.0000,0
$GPRMC,220440.59,A,3726.9022360,N,12216.5351960,W,24.1895,311.4344,040121,,,,
$GPGGA,220441.72,3726.9120880,N,12216.5491580,W,1,0,0.0,129.9354,M,0.0000,M,0.0000,0
$GPRMC,220441.72,A,3726.9120880,N,12216.5491580,W,24.3930,311.4220,040121,,,,
$GPGGA,220442.77,3726.9212740,N,12216.5622080,W,1,0,0.0,130.6718,M,0.0000,M,0.0000,0
$GPRMC,220442.77,A,3726.9212740,N,12216.5622080,W,24.6385,311.2747,040121,,,,
$GPGGA,220443.67,3726.9291580,N,12216.5735060,W,1,0,0.0,131.2929,M,0.0000,M,0.0000,0
$GPRMC,220443.67,A,3726.9291580,N,12216.5735060,W,24.8973,310.9229,040121,,,,
$GPGGA,220444.66,3726.9379360,N,12216.5862980,W,1,0,0.0,132.0164,M,0.0000,M,0.0000,0
$GPRMC,220444.66,A,3726.9379360,N,12216.5862980,W,25.1756,310.4282,040121,,,,
$GPGGA,220445.65,3726.9467260,N,12216.5992640,W,1,0,0.0,132.7228,M,0.0000,M,0.0000,0
$GPRMC,220445.65,A,3726.9467260,N,12216.5992640,W,25.2952,310.2992,040121,,,,
$GPGGA,220446.66,3726.9556540,N,12216.6124220,W,1,0,0.0,133.4132,M,0.0000,M,0.0000,0
$GPRMC,220446.66,A,3726.9556540,N,12216.6124220,W,25.2130,310.3206,040121,,,,
$GPGGA,220447.66,3726.9644080,N,12216.6253580,W,1,0,0.0,134.0472,M,0.0000,M,0.0000,0
$GPRMC,220447.66,A,3726.9644080,N,12216.6253580,W,25.0994,310.1327,040121,,,,
$GPGGA,220448.67,3726.9732220,N,12216.6384620,W,1,0,0.0,134.6487,M,0.0000,M,0.0000,0
$GPRMC,220448.67,A,3726.9732220,N,12216.6384620,W,24.9442,310.0008,040121,,,,
$GPGGA,220449.66,3726.9818080,N,12216.6513140,W,1,0,0.0,135.1413,M,0.0000,M,0.0000,0
$GPRMC,220449.66,A,3726.9818080,N,12216.6513140,W,24.7773,309.8513,040121,,,,
$GPGGA,220450.64,3726.9902200,N,12216.6639380,W,1,0,0.0,135.5529,M,0.0000,M,0.0000,0
$GPRMC,220450.64,A,3726.9902200,N,12216.6639380,W,24.6713,309.7518,040121,,,,
$GPGGA,220451.66,3726.9988600,N,12216.6769880,W,1,0,0.0,135.9985,M,0.0000,M,0.0000,0
$GPRMC,220451.66,A,3726.9988600,N,12216.6769880,W,24.7146,309.5250,040121,,,,
$GPGGA,220452.66,3727.0073500,N,12216.6899000,W,1,0,0.0,136.3913,M,0.0000,M,0.0000,0
$GPRMC,220452.66,A,3727.0073500,N,12216.6899000,W,24.6553,309.4659,040121,,,,
$GPGGA,220453.67,3727.0159180,N,12216.7028720,W,1,0,0.0,136.7767,M,0.0000,M,0.0000,0
$GPRMC,220453.67,A,3727.0159180,N,12216.7028720,W,24.5229,309.5855,040121,,,,
$GPGGA,220454.66,3727.0243240,N,12216.7155620,W,1,0,0.0,137.1919,M,0.0000,M,0.0000,0
$GPRMC,220454.66,A,3727.0243240,N,12216.7155620,W,24.4093,309.7030,040121,,,,
$GPGGA,220455.65,3727.0327000,N,12216.7281620,W,1,0,0.0,137.4712,M,0.0000,M,0.0000,0
$GPRMC,220455.65,A,3727.0327000,N,12216.7281620,W,24.3969,309.7278,040121,,,,
$GPGGA,220456.66,3727.0412260,N,12216.7410260,W,1,0,0.0,137.7225,M,0.0000,M,0.0000,0
$GPRMC,220456.66,A,3727.0412260,N,12216.7410260,W,24.5089,309.4912,040121,,,,
$GPGGA,220457.66,3727.0496440,N,12216.7538180,W,1,0,0.0,137.8725,M,0.0000,M,0.0000,0
$GPRMC,220457.66,A,3727.0496440,N,12216.7538180,W,24.7098,309.3406,040121,,,,
$GPGGA,220458.65,3727.0580920,N,12216.7667060,W,1,0,0.0,137.9893,M,0.0000,M,0.0000,0
$GPRMC,220458.65,A,3727.0580920,N,12216.7667060,W,24.9276,309.3640,040121,,,,
$GPGGA,220459.66,3727.0667800,N,12216.7799240,W,1,0,0.0,138.0174,M,0.0000,M,0.0000,0
$GPRMC,220459.66,A,3727.0667800,N,12216.7799240,W,24.9210,309.4744,040121,,,,
$GPGGA,220500.65,3727.0752880,N,12216.7928480,W,1,0,0.0,138.0386,M,0.0000,M,0.0000,0
$GPRMC,220500.65,A,3727.0752880,N,12216.7928480,W,24.9197,309.3911,040121,,,,
$GPGGA,220501.66,3727.0839580,N,12216.8060360,W,1,0,0.0,138.0651,M,0.0000,M,0.0000,0
$GPRMC,220501.66,A,3727.0839580,N,12216.8060360,W,24.9940,309.4089,040121,,,,
$GPGGA,220502.66,3727.0925500,N,12216.8190740,W,1,0,0.0,138.0399,M,0.0000,M,0.0000,0
$GPRMC,220502.66,A,3727.0925500,N,12216.8190740,W,25.1872,309.5541,040121,,,,
$GPGGA,220503.67,3727.1013460,N,12216.8323460,W,1,0,0.0,137.9737,M,0.0000,M,0.0000,0
$GPRMC,220503.67,A,3727.1013460,N,12216.8323460,W,25.2351,309.6755,040121,,,,
$GPGGA,220504.66,3727.1100340,N,12216.8454800,W,1,0,0.0,137.8325,M,0.0000,M,0.0000,0
$GPRMC,220504.66,A,3727.1100340,N,12216.8454800,W,25.4072,309.3786,040121,,,,
$GPGGA,220505.59,3727.1181820,N,12216.8579240,W,1,0,0.0,137.7142,M,0.0000,M,0.0000,0
$GPRMC,220505.59,A,3727.1181820,N,12216.8579240,W,25.6319,309.2352,040121,,,,
$GPGGA,220506.78,3727.1287300,N,12216.8739680,W,1,0,0.0,137.4555,M,0.0000,M,0.0000,0
$GPRMC,220506.78,A,3727.1287300,N,12216.8739680,W,25.9086,309.5196,040121,,,,
$GPGGA,220507.65,3727.1365480,N,12216.8858240,W,1,0,0.0,137.2166,M,0.0000,M,0.0000,0
$GPRMC,220507.65,A,3727.1365480,N,12216.8858240,W,26.1170,309.3952,040121,,,,
$GPGGA,220508.67,3727.1456980,N,12216.8997140,W,1,0,0.0,136.8915,M,0.0000,M,0.0000,0
$GPRMC,220508.67,A,3727.1456980,N,12216.8997140,W,26.4057,309.4885,040121,,,,
$GPGGA,220509.66,3727.1548240,N,12216.9135500,W,1,0,0.0,136.5296,M,0.0000,M,0.0000,0
$GPRMC,220509.66,A,3727.1548240,N,12216.9135500,W,26.7014,309.4400,040121,,,,
$GPGGA,220510.65,3727.1639560,N,12216.9274700,W,1,0,0.0,136.1381,M,0.0000,M,0.0000,0
$GPRMC,220510.65,A,3727.1639560,N,12216.9274700,W,27.0065,309.2809,040121,,,,
$GPGGA,220511.66,3727.1733040,N,12216.9417260,W,1,0,0.0,135.6831,M,0.0000,M,0.0000,0
$GPRMC,220511.66,A,3727.1733040,N,12216.9417260,W,27.2079,309.3860,040121,,,,
$GPGGA,220512.65,3727.1826460,N,12216.9559400,W,1,0,0.0,135.1876,M,0.0000,M,0.0000,0
$GPRMC,220512.65,A,3727.1826460,N,12216.9559400,W,27.3389,309.3266,040121,,,,
$GPGGA,220513.61,3727.1916100,N,12216.9696500,W,1,0,0.0,134.6513,M,0.0000,M,0.0000,0
$GPRMC,220513.61,A,3727.1916100,N,12216.9696500,W,27.4714,309.1790,040121,,,,
$GPGGA,220514.78,3727.2026260,N,12216.9865520,W,1,0,0.0,133.9380,M,0.0000,M,0.0000,0
$GPRMC,220514.78,A,3727.2026260,N,12216.9865520,W,27.5806,309.1533,040121,,,,
$GPGGA,220515.59,3727.2103180,N,12216.9983540,W,1,0,0.0,133.4507,M,0.0000,M,0.0000,0
$GPRMC,220515.59,A,3727.2103180,N,12216.9983540,W,27.6002,309.2325,040121,,,,
$GPGGA,220516.78,3727.2215620,N,12217.0155440,W,1,0,0.0,132.7298,M,0.0000,M,0.0000,0
$GPRMC,220516.78,A,3727.2215620,N,12217.0155440,W,27.6122,309.3537,040121,,,,
$GPGGA,220517.59,3727.2292360,N,12217.0272320,W,1,0,0.0,132.2527,M,0.0000,M,0.0000,0
$GPRMC,220517.59,A,3727.2292360,N,12217.0272320,W,27.5786,309.4411,040121,,,,
$GPGGA,220518.79,3727.2405880,N,12217.0444520,W,1,0,0.0,131.5250,M,0.0000,M,0.0000,0
$GPRMC,220518.79,A,3727.2405880,N,12217.0444520,W,27.3939,309.5146,040121,,,,
$GPGGA,220519.59,3727.2481900,N,12217.0559720,W,1,0,0.0,131.0213,M,0.0000,M,0.0000,0
$GPRMC,220519.59,A,3727.2481900,N,12217.0559720,W,27.2645,309.4994,040121,,,,
$GPGGA,220520.77,3727.2591640,N,12217.0726940,W,1,0,0.0,130.3269,M,0.0000,M,0.0000,0
$GPRMC,220520.77,A,3727.2591640,N,12217.0726940,W,27.0504,309.1765,040121,,,,
$GPGGA,220521.66,3727.2674140,N,12217.0853360,W,1,0,0.0,129.8028,M,0.0000,M,0.0000,0
$GPRMC,220521.66,A,3727.2674140,N,12217.0853360,W,26.9082,309.1964,040121,,,,
$GPGGA,220522.59,3727.2759640,N,12217.0984040,W,1,0,0.0,129.2507,M,0.0000,M,0.0000,0
$GPRMC,220522.59,A,3727.2759640,N,12217.0984040,W,26.7410,309.2864,040121,,,,
$GPGGA,220523.72,3727.2863200,N,12217.1141900,W,1,0,0.0,128.6038,M,0.0000,M,0.0000,0
$GPRMC,220523.72,A,3727.2863200,N,12217.1141900,W,26.6415,309.4204,040121,,,,
$GPGGA,220524.77,3727.2960040,N,12217.1288360,W,1,0,0.0,127.9659,M,0.0000,M,0.0000,0
$GPRMC,220524.77,A,3727.2960040,N,12217.1288360,W,26.7032,309.7209,040121,,,,
$GPGGA,220525.59,3727.3035520,N,12217.1401880,W,1,0,0.0,127.4923,M,0.0000,M,0.0000,0
$GPRMC,220525.59,A,3727.3035520,N,12217.1401880,W,26.7828,309.6707,040121,,,,
$GPGGA,220526.78,3727.3145800,N,12217.1568980,W,1,0,0.0,126.7477,M,0.0000,M,0.0000,0
$GPRMC,220526.78,A,3727.3145800,N,12217.1568980,W,26.8753,309.3555,040121,,,,
$GPGGA,220527.66,3727.3226500,N,12217.1692520,W,1,0,0.0,126.2277,M,0.0000,M,0.0000,0
$GPRMC,220527.66,A,3727.3226500,N,12217.1692520,W,26.9165,309.1490,040121,,,,
$GPGGA,220528.67,3727.3319260,N,12217.1834960,W,1,0,0.0,125.5960,M,0.0000,M,0.0000,0
$GPRMC,220528.67,A,3727.3319260,N,12217.1834960,W,26.8451,309.0442,040121,,,,
$GPGGA,220529.66,3727.3410340,N,12217.1974280,W,1,0,0.0,124.9302,M,0.0000,M,0.0000,0
$GPRMC,220529.66,A,3727.3410340,N,12217.1974280,W,26.7241,309.4559,040121,,,,
$GPGGA,220530.65,3727.3501900,N,12217.2112400,W,1,0,0.0,124.2642,M,0.0000,M,0.0000,0
$GPRMC,220530.65,A,3727.3501900,N,12217.2112400,W,26.6023,309.7310,040121,,,,
$GPGGA,220531.60,3727.3589620,N,12217.2243200,W,1,0,0.0,123.6721,M,0.0000,M,0.0000,0
$GPRMC,220531.60,A,3727.3589620,N,12217.2243200,W,26.4664,310.4502,040121,,,,
$GPGGA,220532.77,3727.3700440,N,12217.2399980,W,1,0,0.0,123.1160,M,0.0000,M,0.0000,0
$GPRMC,220532.77,A,3727.3700440,N,12217.2399980,W,26.3208,312.4003,040121,,,,
$GPGGA,220533.67,3727.3787200,N,12217.2516140,W,1,0,0.0,122.7870,M,0.0000,M,0.0000,0
$GPRMC,220533.67,A,3727.3787200,N,12217.2516140,W,26.3075,313.7468,040121,,,,
$GPGGA,220534.66,3727.3886680,N,12217.2641960,W,1,0,0.0,122.5255,M,0.0000,M,0.0000,0
$GPRMC,220534.66,A,3727.3886680,N,12217.2641960,W,26.2641,315.4346,040121,,,,
$GPGGA,220535.65,3727.3988920,N,12217.2763400,W,1,0,0.0,122.3848,M,0.0000,M,0.0000,0
$GPRMC,220535.65,A,3727.3988920,N,12217.2763400,W,26.2691,317.5859,040121,,,,
$GPGGA,220536.67,3727.4097340,N,12217.2882440,W,1,0,0.0,122.2747,M,0.0000,M,0.0000,0
$GPRMC,220536.67,A,3727.4097340,N,12217.2882440,W,26.2913,319.6008,040121,,,,
$GPGGA,220537.66,3727.4206000,N,12217.2994580,W,1,0,0.0,122.2620,M,0.0000,M,0.0000,0
$GPRMC,220537.66,A,3727.4206000,N,12217.2994580,W,26.1523,321.1514,040121,,,,
$GPGGA,220538.67,3727.4317900,N,12217.3104320,W,1,0,0.0,122.3578,M,0.0000,M,0.0000,0
$GPRMC,220538.67,A,3727.4317900,N,12217.3104320,W,25.8159,322.4513,040121,,,,
$GPGGA,220539.66,3727.4428300,N,12217.3207760,W,1,0,0.0,122.5767,M,0.0000,M,0.0000,0
$GPRMC,220539.66,A,3727.4428300,N,12217.3207760,W,25.4042,323.7490,040121,,,,
$GPGGA,220540.65,3727.4538340,N,12217.3305440,W,1,0,0.0,122.8758,M,0.0000,M,0.0000,0
$GPRMC,220540.65,A,3727.4538340,N,12217.3305440,W,25.0844,325.3536,040121,,,,
$GPGGA,220541.66,3727.4651800,N,12217.3400360,W,1,0,0.0,123.2777,M,0.0000,M,0.0000,0
$GPRMC,220541.66,A,3727.4651800,N,12217.3400360,W,24.8036,326.9613,040121,,,,
$GPGGA,220542.65,3727.4763460,N,12217.3488020,W,1,0,0.0,123.7013,M,0.0000,M,0.0000,0
$GPRMC,220542.65,A,3727.4763460,N,12217.3488020,W,24.6588,328.6783,040121,,,,
$GPGGA,220543.64,3727.4876860,N,12217.3571480,W,1,0,0.0,124.1997,M,0.0000,M,0.0000,0
$GPRMC,220543.64,A,3727.4876860,N,12217.3571480,W,24.5715,330.2405,040121,,,,
$GPGGA,220544.66,3727.4995780,N,12217.3653500,W,1,0,0.0,124.6949,M,0.0000,M,0.0000,0
$GPRMC,220544.66,A,3727.4995780,N,12217.3653500,W,24.5201,331.8213,040121,,,,
$GPGGA,220545.65,3727.5113080,N,12217.3729580,W,1,0,0.0,125.2079,M,0.0000,M,0.0000,0
$GPRMC,220545.65,A,3727.5113080,N,12217.3729580,W,24.6014,333.3516,040121,,,,
$GPGGA,220546.66,3727.5234100,N,12217.3802120,W,1,0,0.0,125.7269,M,0.0000,M,0.0000,0
$GPRMC,220546.66,A,3727.5234100,N,12217.3802120,W,24.4961,335.1904,040121,,,,
$GPGGA,220547.66,3727.5354100,N,12217.3868840,W,1,0,0.0,126.2291,M,0.0000,M,0.0000,0
$GPRMC,220547.66,A,3727.5354100,N,12217.3868840,W,24.4621,336.8053,040121,,,,
$GPGGA,220548.67,3727.5477760,N,12217.3932200,W,1,0,0.0,126.7544,M,0.0000,M,0.0000,0
$GPRMC,220548.67,A,3727.5477760,N,12217.3932200,W,24.4269,338.4708,040121,,,,
$GPGGA,220549.66,3727.5600760,N,12217.3990400,W,1,0,0.0,127.2312,M,0.0000,M,0.0000,0
$GPRMC,220549.66,A,3727.5600760,N,12217.3990400,W,24.5264,339.8201,040121,,,,
$GPGGA,220550.65,3727.5724840,N,12217.4044940,W,1,0,0.0,127.6538,M,0.0000,M,0.0000,0
$GPRMC,220550.65,A,3727.5724840,N,12217.4044940,W,24.6730,341.1349,040121,,,,
$GPGGA,220551.66,3727.5853780,N,12217.4097560,W,1,0,0.0,128.1995,M,0.0000,M,0.0000,0
$GPRMC,220551.66,A,3727.5853780,N,12217.4097560,W,24.8992,342.5474,040121,,,,
$GPGGA,220552.65,3727.5982360,N,12217.4145800,W,1,0,0.0,128.6909,M,0.0000,M,0.0000,0
$GPRMC,220552.65,A,3727.5982360,N,12217.4145800,W,25.1349,343.8973,040121,,,,
$GPGGA,220553.66,3727.6115680,N,12217.4190920,W,1,0,0.0,129.1924,M,0.0000,M,0.0000,0
$GPRMC,220553.66,A,3727.6115680,N,12217.4190920,W,25.4076,345.6316,040121,,,,
$GPGGA,220554.66,3727.6249120,N,12217.4230580,W,1,0,0.0,129.7920,M,0.0000,M,0.0000,0
$GPRMC,220554.66,A,3727.6249120,N,12217.4230580,W,25.6702,347.4565,040121,,,,
$GPGGA,220555.65,3727.6385200,N,12217.4265080,W,1,0,0.0,130.3453,M,0.0000,M,0.0000,0
$GPRMC,220555.65,A,3727.6385200,N,12217.4265080,W,25.9580,349.4722,040121,,,,
$GPGGA,220556.66,3727.6525840,N,12217.4293940,W,1,0,0.0,130.8640,M,0.0000,M,0.0000,0
$GPRMC,220556.66,A,3727.6525840,N,12217.4293940,W,26.2579,351.6918,040121,,,,
$GPGGA,220557.66,3727.6666660,N,12217.4316860,W,1,0,0.0,131.3826,M,0.0000,M,0.0000,0
$GPRMC,220557.66,A,3727.6666660,N,12217.4316860,W,26.6511,353.1399,040121,,,,
$GPGGA,220558.66,3727.6811920,N,12217.4335760,W,1,0,0.0,131.9287,M,0.0000,M,0.0000,0
$GPRMC,220558.66,A,3727.6811920,N,12217.4335760,W,27.0133,354.8416,040121,,,,
$GPGGA,220559.66,3727.6958200,N,12217.4348900,W,1,0,0.0,132.4782,M,0.0000,M,0.0000,0
$GPRMC,220559.66,A,3727.6958200,N,12217.4348900,W,27.3475,356.6401,040121,,,,
$GPGGA,220600.65,3727.7105440,N,12217.4356580,W,1,0,0.0,133.1448,M,0.0000,M,0.0000,0
$GPRMC,220600.65,A,3727.7105440,N,12217.4356580,W,27.6449,358.2217,040121,,,,
$GPGGA,220601.66,3727.7255740,N,12217.4360000,W,1,0,0.0,133.8487,M,0.0000,M,0.0000,0
$GPRMC,220601.66,A,3727.7255740,N,12217.4360000,W,27.2496,359.5673,040121,,,,
$GPGGA,220602.66,3727.7401240,N,12217.4359760,W,1,0,0.0,134.3844,M,0.0000,M,0.0000,0
$GPRMC,220602.66,A,3727.7401240,N,12217.4359760,W,27.0269,0.4025,040121,,,,
$GPGGA,220603.67,3727.7548720,N,12217.4358020,W,1,0,0.0,134.9113,M,0.0000,M,0.0000,0
$GPRMC,220603.67,A,3727.7548720,N,12217.4358020,W,26.9887,0.3171,040121,,,,
$GPGGA,220604.66,3727.7693800,N,12217.4357360,W,1,0,0.0,135.4260,M,0.0000,M,0.0000,0
$GPRMC,220604.66,A,3727.7693800,N,12217.4357360,W,26.9597,0.1189,040121,,,,
$GPGGA,220605.65,3727.7837980,N,12217.4356400,W,1,0,0.0,135.9541,M,0.0000,M,0.0000,0
$GPRMC,220605.65,A,3727.7837980,N,12217.4356400,W,26.7861,0.3431,040121,,,,
$GPGGA,220606.66,3727.7983360,N,12217.4354660,W,1,0,0.0,136.5281,M,0.0000,M,0.0000,0
$GPRMC,220606.66,A,3727.7983360,N,12217.4354660,W,26.4761,0.5465,040121,,,,
$GPGGA,220607.66,3727.8124300,N,12217.4353520,W,1,0,0.0,137.1838,M,0.0000,M,0.0000,0
$GPRMC,220607.66,A,3727.8124300,N,12217.4353520,W,25.9179,359.8673,040121,,,,
$GPGGA,220608.67,3727.8264100,N,12217.4355680,W,1,0,0.0,137.9591,M,0.0000,M,0.0000,0
$GPRMC,220608.67,A,3727.8264100,N,12217.4355680,W,25.2800,358.6746,040121,,,,
$GPGGA,220609.66,3727.8398140,N,12217.4361140,W,1,0,0.0,138.6377,M,0.0000,M,0.0000,0
$GPRMC,220609.66,A,3727.8398140,N,12217.4361140,W,24.7864,357.6458,040121,,,,
$GPGGA,220610.65,3727.8530140,N,12217.4368940,W,1,0,0.0,139.0633,M,0.0000,M,0.0000,0
$GPRMC,220610.65,A,3727.8530140,N,12217.4368940,W,24.5250,356.9960,040121,,,,
$GPGGA,220611.66,3727.8663400,N,12217.4379440,W,1,0,0.0,139.4059,M,0.0000,M,0.0000,0
$GPRMC,220611.66,A,3727.8663400,N,12217.4379440,W,24.3230,355.7888,040121,,,,
$GPGGA,220612.65,3727.8792820,N,12217.4393480,W,1,0,0.0,139.7204,M,0.0000,M,0.0000,0
$GPRMC,220612.65,A,3727.8792820,N,12217.4393480,W,24.1301,354.2891,040121,,,,
$GPGGA,220613.67,3727.8923440,N,12217.4412080,W,1,0,0.0,140.0296,M,0.0000,M,0.0000,0
$GPRMC,220613.67,A,3727.8923440,N,12217.4412080,W,23.9355,352.8142,040121,,,,
$GPGGA,220614.66,3727.9049980,N,12217.4433680,W,1,0,0.0,140.2770,M,0.0000,M,0.0000,0
$GPRMC,220614.66,A,3727.9049980,N,12217.4433680,W,23.7857,351.5540,040121,,,,
$GPGGA,220615.64,3727.9174840,N,12217.4458760,W,1,0,0.0,140.5109,M,0.0000,M,0.0000,0
$GPRMC,220615.64,A,3727.9174840,N,12217.4458760,W,23.6680,350.4135,040121,,,,
$GPGGA,220616.63,3727.9299160,N,12217.4485640,W,1,0,0.0,140.7411,M,0.0000,M,0.0000,0
$GPRMC,220616.63,A,3727.9299160,N,12217.4485640,W,23.3826,350.0854,040121,,,,
$GPGGA,220617.66,3727.9425400,N,12217.4513780,W,1,0,0.0,140.9452,M,0.0000,M,0.0000,0
$GPRMC,220617.66,A,3727.9425400,N,12217.4513780,W,22.9616,349.7719,040121,,,,
$GPGGA,220618.67,3727.9547560,N,12217.4541080,W,1,0,0.0,141.1643,M,0.0000,M,0.0000,0
$GPRMC,220618.67,A,3727.9547560,N,12217.4541080,W,22.6241,350.3136,040121,,,,
$GPGGA,220619.66,3727.9667560,N,12217.4566040,W,1,0,0.0,141.4312,M,0.0000,M,0.0000,0
$GPRMC,220619.66,A,3727.9667560,N,12217.4566040,W,22.6266,350.6484,040121,,,,
$GPGGA,220620.64,3727.9785940,N,12217.4590220,W,1,0,0.0,141.7126,M,0.0000,M,0.0000,0
$GPRMC,220620.64,A,3727.9785940,N,12217.4590220,W,22.4968,350.6298,040121,,,,
$GPGGA,220621.63,3727.9903840,N,12217.4615900,W,1,0,0.0,141.9771,M,0.0000,M,0.0000,0
$GPRMC,220621.63,A,3727.9903840,N,12217.4615900,W,22.1702,349.5580,040121,,,,
$GPGGA,220622.66,3728.0023000,N,12217.4645120,W,1,0,0.0,142.2703,M,0.0000,M,0.0000,0
$GPRMC,220622.66,A,3728.0023000,N,12217.4645120,W,21.7526,348.3161,040121,,,,
$GPGGA,220623.66,3728.0137660,N,12217.4676800,W,1,0,0.0,142.3634,M,0.0000,M,0.0000,0
$GPRMC,220623.66,A,3728.0137660,N,12217.4676800,W,21.4090,346.9802,040121,,,,
$GPGGA,220624.66,3728.0249260,N,12217.4710520,W,1,0,0.0,142.2265,M,0.0000,M,0.0000,0
$GPRMC,220624.66,A,3728.0249260,N,12217.4710520,W,21.1544,346.0465,040121,,,,
$GPGGA,220625.64,3728.0357500,N,12217.4745500,W,1,0,0.0,141.9427,M,0.0000,M,0.0000,0
$GPRMC,220625.64,A,3728.0357500,N,12217.4745500,W,20.9780,345.1649,040121,,,,
$GPGGA,220626.63,3728.0465140,N,12217.4782460,W,1,0,0.0,141.4174,M,0.0000,M,0.0000,0
$GPRMC,220626.63,A,3728.0465140,N,12217.4782460,W,20.7612,344.2516,040121,,,,
$GPGGA,220627.65,3728.0573500,N,12217.4822000,W,1,0,0.0,140.8710,M,0.0000,M,0.0000,0
$GPRMC,220627.65,A,3728.0573500,N,12217.4822000,W,20.0422,343.3137,040121,,,,
$GPGGA,220628.67,3728.0675620,N,12217.4862740,W,1,0,0.0,140.2274,M,0.0000,M,0.0000,0
$GPRMC,220628.67,A,3728.0675620,N,12217.4862740,W,19.0453,341.2688,040121,,,,
$GPGGA,220629.66,3728.0769340,N,12217.4905220,W,1,0,0.0,139.4152,M,0.0000,M,0.0000,0
$GPRMC,220629.66,A,3728.0769340,N,12217.4905220,W,17.9633,339.5787,040121,,,,
$GPGGA,220630.64,3728.0854840,N,12217.4944400,W,1,0,0.0,138.5822,M,0.0000,M,0.0000,0
$GPRMC,220630.64,A,3728.0854840,N,12217.4944400,W,16.2687,340.3193,040121,,,,
$GPGGA,220631.63,3728.0933500,N,12217.4978480,W,1,0,0.0,137.7479,M,0.0000,M,0.0000,0
$GPRMC,220631.63,A,3728.0933500,N,12217.4978480,W,14.8896,341.1253,040121,,,,
$GPGGA,220632.66,3728.1007840,N,12217.5009380,W,1,0,0.0,136.9207,M,0.0000,M,0.0000,0
$GPRMC,220632.66,A,3728.1007840,N,12217.5009380,W,13.4050,341.8129,040121,,,,
$GPGGA,220633.66,3728.1072640,N,12217.5035360,W,1,0,0.0,136.2949,M,0.0000,M,0.0000,0
$GPRMC,220633.66,A,3728.1072640,N,12217.5035360,W,11.4858,342.5144,040121,,,,
$GPGGA,220634.66,3728.1126100,N,12217.5056120,W,1,0,0.0,135.9124,M,0.0000,M,0.0000,0
$GPRMC,220634.66,A,3728.1126100,N,12217.5056120,W,9.2071,342.5272,040121,,,,
$GPGGA,220635.65,3728.1166300,N,12217.5073040,W,1,0,0.0,135.7141,M,0.0000,M,0.0000,0
$GPRMC,220635.65,A,3728.1166300,N,12217.5073040,W,6.6838,340.2943,040121,,,,
$GPGGA,220636.66,3728.1193000,N,12217.5088700,W,1,0,0.0,135.6464,M,0.0000,M,0.0000,0
$GPRMC,220636.66,A,3728.1193000,N,12217.5088700,W,4.1612,333.7536,040121,,,,
$GPGGA,220637.65,3728.1207280,N,12217.5099800,W,1,0,0.0,135.5998,M,0.0000,M,0.0000,0
$GPRMC,220637.65,A,3728.1207280,N,12217.5099800,W,2.1721,329.0934,040121,,,,
$GPGGA,220638.66,3728.1213400,N,12217.5104900,W,1,0,0.0,135.5807,M,0.0000,M,0.0000,0
$GPRMC,220638.66,A,3728.1213400,N,12217.5104900,W,0.7365,327.9078,040121,,,,
$GPGGA,220639.66,3728.1214960,N,12217.5106100,W,1,0,0.0,135.5760,M,0.0000,M,0.0000,0
$GPRMC,220639.66,A,3728.1214960,N,12217.5106100,W,0.0226,327.7450,040121,,,,
$GPGGA,220640.65,3728.1215980,N,12217.5107000,W,1,0,0.0,135.5675,M,0.0000,M,0.0000,0
$GPRMC,220640.65,A,3728.1215980,N,12217.5107000,W,0.5664,327.6190,040121,,,,
$GPGGA,220641.66,3728.1221200,N,12217.5111320,W,1,0,0.0,135.5584,M,0.0000,M,0.0000,0
$GPRMC,220641.66,A,3728.1221200,N,12217.5111320,W,1.8081,327.1731,040121,,,,
$GPGGA,220642.65,3728.1232540,N,12217.5120860,W,1,0,0.0,135.5535,M,0.0000,M,0.0000,0
$GPRMC,220642.65,A,3728.1232540,N,12217.5120860,W,3.3273,326.1141,040121,,,,
$GPGGA,220643.67,3728.1249880,N,12217.5137840,W,1,0,0.0,135.6083,M,0.0000,M,0.0000,0
$GPRMC,220643.67,A,3728.1249880,N,12217.5137840,W,4.5520,321.5181,040121,,,,
$GPGGA,220644.66,3728.1266740,N,12217.5163100,W,1,0,0.0,135.7889,M,0.0000,M,0.0000,0
$GPRMC,220644.66,A,3728.1266740,N,12217.5163100,W,5.3227,307.3713,040121,,,,
$GPGGA,220645.65,3728.1276880,N,12217.5198980,W,1,0,0.0,135.9402,M,0.0000,M,0.0000,0
$GPRMC,220645.65,A,3728.1276880,N,12217.5198980,W,6.0312,286.0012,040121,,,,
$GPGGA,220646.76,3728.1274060,N,12217.5247280,W,1,0,0.0,136.0258,M,0.0000,M,0.0000,0
$GPRMC,220646.76,A,3728.1274060,N,12217.5247280,W,7.1667,259.4571,040121,,,,
$GPGGA,220647.45,3728.1262300,N,12217.5279740,W,1,0,0.0,136.0146,M,0.0000,M,0.0000,0
$GPRMC,220647.45,A,3728.1262300,N,12217.5279740,W,8.0628,243.4321,040121,,,,
$GPGGA,220648.66,3728.1226120,N,12217.5335840,W,1,0,0.0,136.0410,M,0.0000,M,0.0000,0
$GPRMC,220648.66,A,3728.1226120,N,12217.5335840,W,9.7441,227.8840,040121,,,,
$GPGGA,220649.66,3728.1186280,N,12217.5386300,W,1,0,0.0,136.0463,M,0.0000,M,0.0000,0
$GPRMC,220649.66,A,3728.1186280,N,12217.5386300,W,11.2235,224.8537,040121,,,,
$GPGGA,220650.65,3728.1142420,N,12217.5440300,W,1,0,0.0,135.9983,M,0.0000,M,0.0000,0
$GPRMC,220650.65,A,3728.1142420,N,12217.5440300,W,11.5120,224.0348,040121,,,,
$GPGGA,220651.76,3728.1092740,N,12217.5500420,W,1,0,0.0,135.8456,M,0.0000,M,0.0000,0
$GPRMC,220651.76,A,3728.1092740,N,12217.5500420,W,11.3752,223.9447,040121,,,,
$GPGGA,220652.55,3728.1058240,N,12217.5542900,W,1,0,0.0,135.6512,M,0.0000,M,0.0000,0
$GPRMC,220652.55,A,3728.1058240,N,12217.5542900,W,11.2644,224.8711,040121,,,,
$GPGGA,220654.43,3728.0981380,N,12217.5648620,W,1,0,0.0,135.0807,M,0.0000,M,0.0000,0
$GPRMC,220654.43,A,3728.0981380,N,12217.5648620,W,11.2136,229.6086,040121,,,,
$GPGGA,220655.43,3728.0942320,N,12217.5707000,W,1,0,0.0,134.6561,M,0.0000,M,0.0000,0
$GPRMC,220655.43,A,3728.0942320,N,12217.5707000,W,11.2693,229.3278,040121,,,,
$GPGGA,220656.43,3728.0901280,N,12217.5762800,W,1,0,0.0,134.1699,M,0.0000,M,0.0000,0
$GPRMC,220656.43,A,3728.0901280,N,12217.5762800,W,10.9681,226.0303,040121,,,,
$GPGGA,220657.43,3728.0860180,N,12217.5813320,W,1,0,0.0,133.6337,M,0.0000,M,0.0000,0
$GPRMC,220657.43,A,3728.0860180,N,12217.5813320,W,10.3635,223.8421,040121,,,,
$GPGGA,220658.43,3728.0821600,N,12217.5861020,W,1,0,0.0,133.0356,M,0.0000,M,0.0000,0
$GPRMC,220658.43,A,3728.0821600,N,12217.5861020,W,9.6010,225.6679,040121,,,,
$GPGGA,220659.43,3728.0791060,N,12217.5910220,W,1,0,0.0,132.4567,M,0.0000,M,0.0000,0
$GPRMC,220659.43,A,3728.0791060,N,12217.5910220,W,8.8358,235.7243,040121,,,,
$GPGGA,220700.43,3728.0772400,N,12217.5966020,W,1,0,0.0,131.7518,M,0.0000,M,0.0000,0
$GPRMC,220700.43,A,3728.0772400,N,12217.5966020,W,9.0905,253.1479,040121,,,,
$GPGGA,220701.43,3728.0773660,N,12217.6029020,W,1,0,0.0,130.9669,M,0.0000,M,0.0000,0
$GPRMC,220701.43,A,3728.0773660,N,12217.6029020,W,9.4294,279.8938,040121,,,,
$GPGGA,220702.43,3728.0797900,N,12217.6085960,W,1,0,0.0,130.6655,M,0.0000,M,0.0000,0
$GPRMC,220702.43,A,3728.0797900,N,12217.6085960,W,9.7829,305.3218,040121,,,,
$GPGGA,220703.43,3728.0835400,N,12217.6137980,W,1,0,0.0,130.6982,M,0.0000,M,0.0000,0
$GPRMC,220703.43,A,3728.0835400,N,12217.6137980,W,10.8527,313.9188,040121,,,,
$GPGGA,220704.43,3728.0881060,N,12217.6190240,W,1,0,0.0,130.7691,M,0.0000,M,0.0000,0
$GPRMC,220704.43,A,3728.0881060,N,12217.6190240,W,12.0134,318.4367,040121,,,,
$GPGGA,220705.43,3728.0932660,N,12217.6246700,W,1,0,0.0,130.8586,M,0.0000,M,0.0000,0
$GPRMC,220705.43,A,3728.0932660,N,12217.6246700,W,13.3526,318.7738,040121,,,,
$GPGGA,220706.43,3728.0989420,N,12217.6309100,W,1,0,0.0,131.1525,M,0.0000,M,0.0000,0
$GPRMC,220706.43,A,3728.0989420,N,12217.6309100,W,14.4818,318.3674,040121,,,,
$GPGGA,220707.43,3728.1049660,N,12217.6376060,W,1,0,0.0,131.6386,M,0.0000,M,0.0000,0
$GPRMC,220707.43,A,3728.1049660,N,12217.6376060,W,15.1995,318.2693,040121,,,,
$GPGGA,220708.43,3728.1111160,N,12217.6442900,W,1,0,0.0,132.2762,M,0.0000,M,0.0000,0
$GPRMC,220708.43,A,3728.1111160,N,12217.6442900,W,14.8027,319.5553,040121,,,,
$GPGGA,220709.43,3728.1172840,N,12217.6503380,W,1,0,0.0,132.9519,M,0.0000,M,0.0000,0
$GPRMC,220709.43,A,3728.1172840,N,12217.6503380,W,14.1390,323.9407,040121,,,,
$GPGGA,220710.43,3728.1237280,N,12217.6550000,W,1,0,0.0,133.7220,M,0.0000,M,0.0000,0
$GPRMC,220710.43,A,3728.1237280,N,12217.6550000,W,13.3105,334.8788,040121,,,,
$GPGGA,220711.43,3728.1304000,N,12217.6573460,W,1,0,0.0,134.5713,M,0.0000,M,0.0000,0
$GPRMC,220711.43,A,3728.1304000,N,12217.6573460,W,12.3731,350.2298,040121,,,,
$GPGGA,220712.43,3728.1369400,N,12217.6573400,W,1,0,0.0,135.4620,M,0.0000,M,0.0000,0
$GPRMC,220712.43,A,3728.1369400,N,12217.6573400,W,11.8749,5.5698,040121,,,,
$GPGGA,220713.43,3728.1430840,N,12217.6552400,W,1,0,0.0,136.2541,M,0.0000,M,0.0000,0
$GPRMC,220713.43,A,3728.1430840,N,12217.6552400,W,11.7216,20.4886,040121,,,,
$GPGGA,220714.43,3728.1485260,N,12217.6512200,W,1,0,0.0,137.0108,M,0.0000,M,0.0000,0
$GPRMC,220714.43,A,3728.1485260,N,12217.6512200,W,11.6587,36.0399,040121,,,,
$GPGGA,220715.43,3728.1529420,N,12217.6455320,W,1,0,0.0,137.7062,M,0.0000,M,0.0000,0
$GPRMC,220715.43,A,3728.1529420,N,12217.6455320,W,11.7801,50.5419,040121,,,,
$GPGGA,220716.43,3728.1562540,N,12217.6385780,W,1,0,0.0,138.4100,M,0.0000,M,0.0000,0
$GPRMC,220716.43,A,3728.1562540,N,12217.6385780,W,12.0580,63.9655,040121,,,,
$GPGGA,220717.43,3728.1581860,N,12217.6306580,W,1,0,0.0,139.1318,M,0.0000,M,0.0000,0
$GPRMC,220717.43,A,3728.1581860,N,12217.6306580,W,12.3854,78.1191,040121,,,,
$GPGGA,220718.43,3728.1584860,N,12217.6220960,W,1,0,0.0,139.9273,M,0.0000,M,0.0000,0
$GPRMC,220718.43,A,3728.1584860,N,12217.6220960,W,12.8478,93.2321,040121,,,,
$GPGGA,220719.43,3728.1567280,N,12217.6135760,W,1,0,0.0,140.6789,M,0.0000,M,0.0000,0
$GPRMC,220719.43,A,3728.1567280,N,12217.6135760,W,13.1354,111.4751,040121,,,,
$GPGGA,220720.43,3728.1528400,N,12217.6058840,W,1,0,0.0,141.3147,M,0.0000,M,0.0000,0
$GPRMC,220720.43,A,3728.1528400,N,12217.6058840,W,13.8338,128.5359,040121,,,,
$GPGGA,220721.43,3728.1473920,N,12217.5989120,W,1,0,0.0,141.8308,M,0.0000,M,0.0000,0
$GPRMC,220721.43,A,3728.1473920,N,12217.5989120,W,14.9588,137.1619,040121,,,,
$GPGGA,220722.43,3728.1409960,N,12217.5920300,W,1,0,0.0,142.2995,M,0.0000,M,0.0000,0
$GPRMC,220722.43,A,3728.1409960,N,12217.5920300,W,16.2558,139.8403,040121,,,,
$GPGGA,220723.43,3728.1339280,N,12217.5846860,W,1,0,0.0,142.7248,M,0.0000,M,0.0000,0
$GPRMC,220723.43,A,3728.1339280,N,12217.5846860,W,17.6771,140.6694,040121,,,,
$GPGGA,220724.43,3728.1261400,N,12217.5769220,W,1,0,0.0,143.0891,M,0.0000,M,0.0000,0
$GPRMC,220724.43,A,3728.1261400,N,12217.5769220,W,19.1256,142.2134,040121,,,,
$GPGGA,220725.43,3728.1175360,N,12217.5689060,W,1,0,0.0,143.0959,M,0.0000,M,0.0000,0
$GPRMC,220725.43,A,3728.1175360,N,12217.5689060,W,20.5064,144.2642,040121,,,,
$GPGGA,220726.43,3728.1081220,N,12217.5606980,W,1,0,0.0,142.9475,M,0.0000,M,0.0000,0
$GPRMC,220726.43,A,3728.1081220,N,12217.5606980,W,21.8561,145.9480,040121,,,,
$GPGGA,220727.43,3728.0980540,N,12217.5525860,W,1,0,0.0,142.7919,M,0.0000,M,0.0000,0
$GPRMC,220727.43,A,3728.0980540,N,12217.5525860,W,22.3872,148.4249,040121,,,,
$GPGGA,220728.43,3728.0874640,N,12217.5449300,W,1,0,0.0,142.5839,M,0.0000,M,0.0000,0
$GPRMC,220728.43,A,3728.0874640,N,12217.5449300,W,22.8158,151.3370,040121,,,,
$GPGGA,220729.43,3728.0763940,N,12217.5377660,W,1,0,0.0,142.3570,M,0.0000,M,0.0000,0
$GPRMC,220729.43,A,3728.0763940,N,12217.5377660,W,23.2625,153.6410,040121,,,,
$GPGGA,220730.43,3728.0649400,N,12217.5308960,W,1,0,0.0,142.1958,M,0.0000,M,0.0000,0
$GPRMC,220730.43,A,3728.0649400,N,12217.5308960,W,23.7057,155.0674,040121,,,,
$GPGGA,220731.43,3728.0531380,N,12217.5242660,W,1,0,0.0,141.9886,M,0.0000,M,0.0000,0
$GPRMC,220731.43,A,3728.0531380,N,12217.5242660,W,24.1367,156.4161,040121,,,,
$GPGGA,220732.65,3728.0383120,N,12217.5164480,W,1,0,0.0,141.6492,M,0.0000,M,0.0000,0
$GPRMC,220732.65,A,3728.0383120,N,12217.5164480,W,24.6675,157.5532,040121,,,,
$GPGGA,220733.66,3728.0256580,N,12217.5101480,W,1,0,0.0,141.4267,M,0.0000,M,0.0000,0
$GPRMC,220733.66,A,3728.0256580,N,12217.5101480,W,25.0977,159.0476,040121,,,,
$GPGGA,220734.66,3728.0129080,N,12217.5042500,W,1,0,0.0,141.2384,M,0.0000,M,0.0000,0
$GPRMC,220734.66,A,3728.0129080,N,12217.5042500,W,25.4652,160.2067,040121,,,,
$GPGGA,220735.67,3727.9997560,N,12217.4985860,W,1,0,0.0,140.9609,M,0.0000,M,0.0000,0
$GPRMC,220735.67,A,3727.9997560,N,12217.4985860,W,25.3228,161.7086,040121,,,,
$GPGGA,220736.66,3727.9868500,N,12217.4934440,W,1,0,0.0,140.7382,M,0.0000,M,0.0000,0
$GPRMC,220736.66,A,3727.9868500,N,12217.4934440,W,25.0552,162.9707,040121,,,,
$GPGGA,220737.65,3727.9740160,N,12217.4887940,W,1,0,0.0,140.4615,M,0.0000,M,0.0000,0
$GPRMC,220737.65,A,3727.9740160,N,12217.4887940,W,24.7564,164.4027,040121,,,,
$GPGGA,220738.67,3727.9610500,N,12217.4843240,W,1,0,0.0,140.2100,M,0.0000,M,0.0000,0
$GPRMC,220738.67,A,3727.9610500,N,12217.4843240,W,24.4607,164.4786,040121,,,,
$GPGGA,220739.66,3727.9484080,N,12217.4799380,W,1,0,0.0,140.0100,M,0.0000,M,0.0000,0
$GPRMC,220739.66,A,3727.9484080,N,12217.4799380,W,24.5879,164.7276,040121,,,,
$GPGGA,220740.61,3727.9361380,N,12217.4759600,W,1,0,0.0,139.8115,M,0.0000,M,0.0000,0
$GPRMC,220740.61,A,3727.9361380,N,12217.4759600,W,24.6970,166.3484,040121,,,,
$GPGGA,220741.78,3727.9208200,N,12217.4718440,W,1,0,0.0,139.5420,M,0.0000,M,0.0000,0
$GPRMC,220741.78,A,3727.9208200,N,12217.4718440,W,24.6602,169.3312,040121,,,,
$GPGGA,220742.65,3727.9093900,N,12217.4694500,W,1,0,0.0,139.3092,M,0.0000,M,0.0000,0
$GPRMC,220742.65,A,3727.9093900,N,12217.4694500,W,24.6628,171.1932,040121,,,,
$GPGGA,220743.66,3727.8959560,N,12217.4669900,W,1,0,0.0,139.0385,M,0.0000,M,0.0000,0
$GPRMC,220743.66,A,3727.8959560,N,12217.4669900,W,24.8674,171.8846,040121,,,,
$GPGGA,220744.76,3727.8811660,N,12217.4646440,W,1,0,0.0,138.7447,M,0.0000,M,0.0000,0
$GPRMC,220744.76,A,3727.8811660,N,12217.4646440,W,25.6693,173.5139,040121,,,,
$GPGGA,220745.44,3727.8716080,N,12217.4633960,W,1,0,0.0,138.5121,M,0.0000,M,0.0000,0
$GPRMC,220745.44,A,3727.8716080,N,12217.4633960,W,26.0827,174.4415,040121,,,,
$GPGGA,220746.65,3727.8543640,N,12217.4616860,W,1,0,0.0,138.0789,M,0.0000,M,0.0000,0
$GPRMC,220746.65,A,3727.8543640,N,12217.4616860,W,26.7822,176.2463,040121,,,,
$GPGGA,220747.65,3727.8398320,N,12217.4606960,W,1,0,0.0,137.7252,M,0.0000,M,0.0000,0
$GPRMC,220747.65,A,3727.8398320,N,12217.4606960,W,27.3088,177.3405,040121,,,,
$GPGGA,220748.66,3727.8247180,N,12217.4599100,W,1,0,0.0,137.3757,M,0.0000,M,0.0000,0
$GPRMC,220748.66,A,3727.8247180,N,12217.4599100,W,27.8154,177.7001,040121,,,,
$GPGGA,220749.66,3727.8097420,N,12217.4592320,W,1,0,0.0,136.9831,M,0.0000,M,0.0000,0
$GPRMC,220749.66,A,3727.8097420,N,12217.4592320,W,28.0424,178.1113,040121,,,,
$GPGGA,220750.76,3727.7929420,N,12217.4586440,W,1,0,0.0,136.4352,M,0.0000,M,0.0000,0
$GPRMC,220750.76,A,3727.7929420,N,12217.4586440,W,28.2468,178.3635,040121,,,,
$GPGGA,220751.45,3727.7823460,N,12217.4582660,W,1,0,0.0,136.0777,M,0.0000,M,0.0000,0
$GPRMC,220751.45,A,3727.7823460,N,12217.4582660,W,28.3861,178.2416,040121,,,,
$GPGGA,220752.65,3727.7639380,N,12217.4576780,W,1,0,0.0,135.4208,M,0.0000,M,0.0000,0
$GPRMC,220752.65,A,3727.7639380,N,12217.4576780,W,28.6488,178.5298,040121,,,,
$GPGGA,220753.66,3727.7481880,N,12217.4571740,W,1,0,0.0,134.9343,M,0.0000,M,0.0000,0
$GPRMC,220753.66,A,3727.7481880,N,12217.4571740,W,28.7192,178.5100,040121,,,,
$GPGGA,220754.76,3727.7312980,N,12217.4566460,W,1,0,0.0,134.5527,M,0.0000,M,0.0000,0
$GPRMC,220754.76,A,3727.7312980,N,12217.4566460,W,28.4731,178.5171,040121,,,,
$GPGGA,220755.45,3727.7207020,N,12217.4562740,W,1,0,0.0,134.3424,M,0.0000,M,0.0000,0
$GPRMC,220755.45,A,3727.7207020,N,12217.4562740,W,28.3781,178.2777,040121,,,,
$GPGGA,220756.66,3727.7021500,N,12217.4553680,W,1,0,0.0,133.9501,M,0.0000,M,0.0000,0
$GPRMC,220756.66,A,3727.7021500,N,12217.4553680,W,28.2484,177.1362,040121,,,,
$GPGGA,220757.75,3727.6855420,N,12217.4540300,W,1,0,0.0,133.4398,M,0.0000,M,0.0000,0
$GPRMC,220757.75,A,3727.6855420,N,12217.4540300,W,28.1584,175.2899,040121,,,,
$GPGGA,220758.46,3727.6747840,N,12217.4527520,W,1,0,0.0,133.0328,M,0.0000,M,0.0000,0
$GPRMC,220758.46,A,3727.6747840,N,12217.4527520,W,28.0834,173.8976,040121,,,,
$GPGGA,220759.65,3727.6568620,N,12217.4499140,W,1,0,0.0,132.3384,M,0.0000,M,0.0000,0
$GPRMC,220759.65,A,3727.6568620,N,12217.4499140,W,27.9749,171.9034,040121,,,,
$GPGGA,220800.64,3727.6420900,N,12217.4469800,W,1,0,0.0,131.7784,M,0.0000,M,0.0000,0
$GPRMC,220800.64,A,3727.6420900,N,12217.4469800,W,27.9003,170.0862,040121,,,,
$GPGGA,220801.66,3727.6270360,N,12217.4433680,W,1,0,0.0,131.1906,M,0.0000,M,0.0000,0
$GPRMC,220801.66,A,3727.6270360,N,12217.4433680,W,27.8484,168.3654,040121,,,,
$GPGGA,220802.65,3727.6125760,N,12217.4393720,W,1,0,0.0,130.6402,M,0.0000,M,0.0000,0
$GPRMC,220802.65,A,3727.6125760,N,12217.4393720,W,27.7322,166.7731,040121,,,,
$GPGGA,220803.66,3727.5978820,N,12217.4346920,W,1,0,0.0,130.1114,M,0.0000,M,0.0000,0
$GPRMC,220803.66,A,3727.5978820,N,12217.4346920,W,27.6850,164.9738,040121,,,,
$GPGGA,220804.65,3727.5835480,N,12217.4295980,W,1,0,0.0,129.5107,M,0.0000,M,0.0000,0
$GPRMC,220804.65,A,3727.5835480,N,12217.4295980,W,27.7232,163.4562,040121,,,,
$GPGGA,220805.65,3727.5693640,N,12217.4240420,W,1,0,0.0,128.9745,M,0.0000,M,0.0000,0
$GPRMC,220805.65,A,3727.5693640,N,12217.4240420,W,27.7832,161.9974,040121,,,,
$GPGGA,220806.66,3727.5549100,N,12217.4178620,W,1,0,0.0,128.4400,M,0.0000,M,0.0000,0
$GPRMC,220806.66,A,3727.5549100,N,12217.4178620,W,27.8836,160.1999,040121,,,,
$GPGGA,220807.65,3727.5409480,N,12217.4111720,W,1,0,0.0,127.9389,M,0.0000,M,0.0000,0
$GPRMC,220807.65,A,3727.5409480,N,12217.4111720,W,28.0136,158.0325,040121,,,,
$GPGGA,220808.66,3727.5267460,N,12217.4036900,W,1,0,0.0,127.3688,M,0.0000,M,0.0000,0
$GPRMC,220808.66,A,3727.5267460,N,12217.4036900,W,28.3106,156.4410,040121,,,,
$GPGGA,220809.65,3727.5128380,N,12217.3957820,W,1,0,0.0,126.7679,M,0.0000,M,0.0000,0
$GPRMC,220809.65,A,3727.5128380,N,12217.3957820,W,28.6808,154.8066,040121,,,,
$GPGGA,220810.67,3727.4986660,N,12217.3870640,W,1,0,0.0,126.1503,M,0.0000,M,0.0000,0
$GPRMC,220810.67,A,3727.4986660,N,12217.3870640,W,29.0946,152.9260,040121,,,,
$GPGGA,220811.66,3727.4847700,N,12217.3778300,W,1,0,0.0,125.5759,M,0.0000,M,0.0000,0
$GPRMC,220811.66,A,3727.4847700,N,12217.3778300,W,29.5359,151.1780,040121,,,,
$GPGGA,220812.65,3727.4709160,N,12217.3679300,W,1,0,0.0,125.0297,M,0.0000,M,0.0000,0
$GPRMC,220812.65,A,3727.4709160,N,12217.3679300,W,29.9570,149.3795,040121,,,,
$GPGGA,220813.66,3727.4568700,N,12217.3570760,W,1,0,0.0,124.4931,M,0.0000,M,0.0000,0
$GPRMC,220813.66,A,3727.4568700,N,12217.3570760,W,30.3728,147.3638,040121,,,,
$GPGGA,220814.59,3727.4440540,N,12217.3464500,W,1,0,0.0,124.0649,M,0.0000,M,0.0000,0
$GPRMC,220814.59,A,3727.4440540,N,12217.3464500,W,30.6909,145.5778,040121,,,,
$GPGGA,220815.71,3727.4289160,N,12217.3329140,W,1,0,0.0,123.7404,M,0.0000,M,0.0000,0
$GPRMC,220815.71,A,3727.4289160,N,12217.3329140,W,31.0337,143.5110,040121,,,,
$GPGGA,220816.77,3727.4146900,N,12217.3192700,W,1,0,0.0,123.5273,M,0.0000,M,0.0000,0
$GPRMC,220816.77,A,3727.4146900,N,12217.3192700,W,31.3310,141.6403,040121,,,,
$GPGGA,220817.65,3727.4030740,N,12217.3073840,W,1,0,0.0,123.4433,M,0.0000,M,0.0000,0
$GPRMC,220817.65,A,3727.4030740,N,12217.3073840,W,31.5267,139.8605,040121,,,,
$GPGGA,220818.66,3727.3900480,N,12217.2931100,W,1,0,0.0,123.4513,M,0.0000,M,0.0000,0
$GPRMC,220818.66,A,3727.3900480,N,12217.2931100,W,31.7365,137.7417,040121,,,,
$GPGGA,220819.65,3727.3776280,N,12217.2784280,W,1,0,0.0,123.6524,M,0.0000,M,0.0000,0
$GPRMC,220819.65,A,3727.3776280,N,12217.2784280,W,31.9261,135.7723,040121,,,,
$GPGGA,220820.64,3727.3655800,N,12217.2632540,W,1,0,0.0,123.9725,M,0.0000,M,0.0000,0
$GPRMC,220820.64,A,3727.3655800,N,12217.2632540,W,31.9802,133.7845,040121,,,,
$GPGGA,220821.65,3727.3538740,N,12217.2472880,W,1,0,0.0,124.3964,M,0.0000,M,0.0000,0
$GPRMC,220821.65,A,3727.3538740,N,12217.2472880,W,31.5644,131.2092,040121,,,,
$GPGGA,220822.65,3727.3427620,N,12217.2310700,W,1,0,0.0,124.8672,M,0.0000,M,0.0000,0
$GPRMC,220822.65,A,3727.3427620,N,12217.2310700,W,31.2723,130.1338,040121,,,,
$GPGGA,220823.66,3727.3318360,N,12217.2146720,W,1,0,0.0,125.2442,M,0.0000,M,0.0000,0
$GPRMC,220823.66,A,3727.3318360,N,12217.2146720,W,31.0950,129.5541,040121,,,,
$GPGGA,220824.65,3727.3212160,N,12217.1986520,W,1,0,0.0,125.6213,M,0.0000,M,0.0000,0
$GPRMC,220824.65,A,3727.3212160,N,12217.1986520,W,30.9399,129.5925,040121,,,,
$GPGGA,220825.66,3727.3105120,N,12217.1823500,W,1,0,0.0,126.1686,M,0.0000,M,0.0000,0
$GPRMC,220825.66,A,3727.3105120,N,12217.1823500,W,30.7169,129.1293,040121,,,,
$GPGGA,220826.65,3727.3001920,N,12217.1665100,W,1,0,0.0,126.8203,M,0.0000,M,0.0000,0
$GPRMC,220826.65,A,3727.3001920,N,12217.1665100,W,30.4529,129.4026,040121,,,,
$GPGGA,220827.65,3727.2897460,N,12217.1506580,W,1,0,0.0,127.5071,M,0.0000,M,0.0000,0
$GPRMC,220827.65,A,3727.2897460,N,12217.1506580,W,30.2547,129.5557,040121,,,,
$GPGGA,220828.63,3727.2795280,N,12217.1351120,W,1,0,0.0,128.1558,M,0.0000,M,0.0000,0
$GPRMC,220828.63,A,3727.2795280,N,12217.1351120,W,30.0975,129.3267,040121,,,,
$GPGGA,220829.65,3727.2690880,N,12217.1192000,W,1,0,0.0,128.8169,M,0.0000,M,0.0000,0
$GPRMC,220829.65,A,3727.2690880,N,12217.1192000,W,29.9751,129.3687,040121,,,,
$GPGGA,220830.64,3727.2589120,N,12217.1036660,W,1,0,0.0,129.4632,M,0.0000,M,0.0000,0
$GPRMC,220830.64,A,3727.2589120,N,12217.1036660,W,29.8651,129.2667,040121,,,,
$GPGGA,220831.65,3727.2485560,N,12217.0878380,W,1,0,0.0,130.1120,M,0.0000,M,0.0000,0
$GPRMC,220831.65,A,3727.2485560,N,12217.0878380,W,29.7509,129.2908,040121,,,,
$GPGGA,220832.65,3727.2383200,N,12217.0722560,W,1,0,0.0,130.7589,M,0.0000,M,0.0000,0
$GPRMC,220832.65,A,3727.2383200,N,12217.0722560,W,29.6483,129.6194,040121,,,,
$GPGGA,220833.66,3727.2279940,N,12217.0566800,W,1,0,0.0,131.4145,M,0.0000,M,0.0000,0
$GPRMC,220833.66,A,3727.2279940,N,12217.0566800,W,29.4952,129.5565,040121,,,,
$GPGGA,220834.65,3727.2179620,N,12217.0414400,W,1,0,0.0,132.0541,M,0.0000,M,0.0000,0
$GPRMC,220834.65,A,3727.2179620,N,12217.0414400,W,29.3810,129.3735,040121,,,,
$GPGGA,220835.66,3727.2077800,N,12217.0259000,W,1,0,0.0,132.7591,M,0.0000,M,0.0000,0
$GPRMC,220835.66,A,3727.2077800,N,12217.0259000,W,29.3654,129.2546,040121,,,,
$GPGGA,220836.66,3727.1977540,N,12217.0105520,W,1,0,0.0,133.3835,M,0.0000,M,0.0000,0
$GPRMC,220836.66,A,3727.1977540,N,12217.0105520,W,29.3623,129.2087,040121,,,,
$GPGGA,220837.65,3727.1878060,N,12216.9953000,W,1,0,0.0,133.9666,M,0.0000,M,0.0000,0
$GPRMC,220837.65,A,3727.1878060,N,12216.9953000,W,29.3193,129.2264,040121,,,,
$GPGGA,220838.66,3727.1776240,N,12216.9797780,W,1,0,0.0,134.5507,M,0.0000,M,0.0000,0
$GPRMC,220838.66,A,3727.1776240,N,12216.9797780,W,29.2979,129.5958,040121,,,,
$GPGGA,220839.65,3727.1675680,N,12216.9645980,W,1,0,0.0,135.0847,M,0.0000,M,0.0000,0
$GPRMC,220839.65,A,3727.1675680,N,12216.9645980,W,29.3418,129.5789,040121,,,,
$GPGGA,220840.67,3727.1573440,N,12216.9490520,W,1,0,0.0,135.5629,M,0.0000,M,0.0000,0
$GPRMC,220840.67,A,3727.1573440,N,12216.9490520,W,29.3010,129.3680,040121,,,,
$GPGGA,220841.66,3727.1473540,N,12216.9338360,W,1,0,0.0,136.0081,M,0.0000,M,0.0000,0
$GPRMC,220841.66,A,3727.1473540,N,12216.9338360,W,29.2175,129.4873,040121,,,,
$GPGGA,220842.65,3727.1374180,N,12216.9187460,W,1,0,0.0,136.3594,M,0.0000,M,0.0000,0
$GPRMC,220842.65,A,3727.1374180,N,12216.9187460,W,29.1775,129.5260,040121,,,,
$GPGGA,220843.66,3727.1272300,N,12216.9032960,W,1,0,0.0,136.6799,M,0.0000,M,0.0000,0
$GPRMC,220843.66,A,3727.1272300,N,12216.9032960,W,29.1429,129.4672,040121,,,,
$GPGGA,220844.65,3727.1172880,N,12216.8881580,W,1,0,0.0,136.9538,M,0.0000,M,0.0000,0
$GPRMC,220844.65,A,3727.1172880,N,12216.8881580,W,29.2177,129.2876,040121,,,,
$GPGGA,220845.67,3727.1071300,N,12216.8726600,W,1,0,0.0,137.1787,M,0.0000,M,0.0000,0
$GPRMC,220845.67,A,3727.1071300,N,12216.8726600,W,29.3428,129.3778,040121,,,,
$GPGGA,220846.66,3727.0970440,N,12216.8573060,W,1,0,0.0,137.3612,M,0.0000,M,0.0000,0
$GPRMC,220846.66,A,3727.0970440,N,12216.8573060,W,29.4878,129.4874,040121,,,,
$GPGGA,220847.65,3727.0870060,N,12216.8420360,W,1,0,0.0,137.4736,M,0.0000,M,0.0000,0
$GPRMC,220847.65,A,3727.0870060,N,12216.8420360,W,29.6040,129.3456,040121,,,,
$GPGGA,220848.66,3727.0767040,N,12216.8262920,W,1,0,0.0,137.5518,M,0.0000,M,0.0000,0
$GPRMC,220848.66,A,3727.0767040,N,12216.8262920,W,29.6697,129.2899,040121,,,,
$GPGGA,220849.66,3727.0666300,N,12216.8108240,W,1,0,0.0,137.5739,M,0.0000,M,0.0000,0
$GPRMC,220849.66,A,3727.0666300,N,12216.8108240,W,29.7006,129.0671,040121,,,,
$GPGGA,220850.67,3727.0563520,N,12216.7950860,W,1,0,0.0,137.5281,M,0.0000,M,0.0000,0
$GPRMC,220850.67,A,3727.0563520,N,12216.7950860,W,29.7733,129.4817,040121,,,,
$GPGGA,220851.66,3727.0461340,N,12216.7795280,W,1,0,0.0,137.4394,M,0.0000,M,0.0000,0
$GPRMC,220851.66,A,3727.0461340,N,12216.7795280,W,29.8926,129.3371,040121,,,,
$GPGGA,220852.65,3727.0359460,N,12216.7640540,W,1,0,0.0,137.3019,M,0.0000,M,0.0000,0
$GPRMC,220852.65,A,3727.0359460,N,12216.7640540,W,29.9804,129.5849,040121,,,,
$GPGGA,220853.66,3727.0254700,N,12216.7481720,W,1,0,0.0,137.0722,M,0.0000,M,0.0000,0
$GPRMC,220853.66,A,3727.0254700,N,12216.7481720,W,30.0298,129.4592,040121,,,,
$GPGGA,220854.66,3727.0152220,N,12216.7325600,W,1,0,0.0,136.8395,M,0.0000,M,0.0000,0
$GPRMC,220854.66,A,3727.0152220,N,12216.7325600,W,30.0457,129.3561,040121,,,,
$GPGGA,220855.67,3727.0047760,N,12216.7166480,W,1,0,0.0,136.4870,M,0.0000,M,0.0000,0
$GPRMC,220855.67,A,3727.0047760,N,12216.7166480,W,30.0834,129.4155,040121,,,,
$GPGGA,220856.66,3726.9945040,N,12216.7010720,W,1,0,0.0,136.0650,M,0.0000,M,0.0000,0
$GPRMC,220856.66,A,3726.9945040,N,12216.7010720,W,30.0490,129.6757,040121,,,,
$GPGGA,220857.65,3726.9842260,N,12216.6855740,W,1,0,0.0,135.6782,M,0.0000,M,0.0000,0
$GPRMC,220857.65,A,3726.9842260,N,12216.6855740,W,30.0810,129.6422,040121,,,,
$GPGGA,220858.66,3726.9736540,N,12216.6695960,W,1,0,0.0,135.1697,M,0.0000,M,0.0000,0
$GPRMC,220858.66,A,3726.9736540,N,12216.6695960,W,30.1916,129.5810,040121,,,,
$GPGGA,220859.65,3726.9633100,N,12216.6539720,W,1,0,0.0,134.6718,M,0.0000,M,0.0000,0
$GPRMC,220859.65,A,3726.9633100,N,12216.6539720,W,30.3164,129.6748,040121,,,,
$GPGGA,220900.67,3726.9526720,N,12216.6379580,W,1,0,0.0,134.0495,M,0.0000,M,0.0000,0
$GPRMC,220900.67,A,3726.9526720,N,12216.6379580,W,30.5003,129.8133,040121,,,,
$GPGGA,220901.66,3726.9420700,N,12216.6221360,W,1,0,0.0,133.3792,M,0.0000,M,0.0000,0
$GPRMC,220901.66,A,3726.9420700,N,12216.6221360,W,30.7041,130.1263,040121,,,,
$GPGGA,220902.65,3726.9314140,N,12216.6063860,W,1,0,0.0,132.6226,M,0.0000,M,0.0000,0
$GPRMC,220902.65,A,3726.9314140,N,12216.6063860,W,30.8655,130.3460,040121,,,,
$GPGGA,220903.66,3726.9203920,N,12216.5902820,W,1,0,0.0,131.7673,M,0.0000,M,0.0000,0
$GPRMC,220903.66,A,3726.9203920,N,12216.5902820,W,30.9995,130.7724,040121,,,,
$GPGGA,220904.66,3726.9094540,N,12216.5745080,W,1,0,0.0,130.8777,M,0.0000,M,0.0000,0
$GPRMC,220904.66,A,3726.9094540,N,12216.5745080,W,31.1281,131.1255,040121,,,,
$GPGGA,220905.67,3726.8982100,N,12216.5584460,W,1,0,0.0,129.9885,M,0.0000,M,0.0000,0
$GPRMC,220905.67,A,3726.8982100,N,12216.5584460,W,31.2206,131.2521,040121,,,,
$GPGGA,220906.65,3726.8871820,N,12216.5427140,W,1,0,0.0,129.1171,M,0.0000,M,0.0000,0
$GPRMC,220906.65,A,3726.8871820,N,12216.5427140,W,31.3148,131.2144,040121,,,,
$GPGGA,220907.65,3726.8760640,N,12216.5268080,W,1,0,0.0,128.1947,M,0.0000,M,0.0000,0
$GPRMC,220907.65,A,3726.8760640,N,12216.5268080,W,31.3615,131.0374,040121,,,,
$GPGGA,220908.67,3726.8647600,N,12216.5105300,W,1,0,0.0,127.2848,M,0.0000,M,0.0000,0
$GPRMC,220908.67,A,3726.8647600,N,12216.5105300,W,31.3260,130.9952,040121,,,,
$GPGGA,220909.66,3726.8537320,N,12216.4947080,W,1,0,0.0,126.3796,M,0.0000,M,0.0000,0
$GPRMC,220909.66,A,3726.8537320,N,12216.4947080,W,31.3046,131.2391,040121,,,,
$GPGGA,220910.67,3726.8424340,N,12216.4786040,W,1,0,0.0,125.4669,M,0.0000,M,0.0000,0
$GPRMC,220910.67,A,3726.8424340,N,12216.4786040,W,31.2778,131.3502,040121,,,,
$GPGGA,220911.66,3726.8313100,N,12216.4628480,W,1,0,0.0,124.5733,M,0.0000,M,0.0000,0
$GPRMC,220911.66,A,3726.8313100,N,12216.4628480,W,31.2598,131.5112,040121,,,,
$GPGGA,220912.65,3726.8201860,N,12216.4471220,W,1,0,0.0,123.7246,M,0.0000,M,0.0000,0
$GPRMC,220912.65,A,3726.8201860,N,12216.4471220,W,31.2521,131.4503,040121,,,,
$GPGGA,220913.67,3726.8088400,N,12216.4310300,W,1,0,0.0,122.9485,M,0.0000,M,0.0000,0
$GPRMC,220913.67,A,3726.8088400,N,12216.4310300,W,31.2179,131.1757,040121,,,,
$GPGGA,220914.66,3726.7978300,N,12216.4152800,W,1,0,0.0,122.2941,M,0.0000,M,0.0000,0
$GPRMC,220914.66,A,3726.7978300,N,12216.4152800,W,31.1506,131.1659,040121,,,,
$GPGGA,220915.65,3726.7868380,N,12216.3995420,W,1,0,0.0,121.7438,M,0.0000,M,0.0000,0
$GPRMC,220915.65,A,3726.7868380,N,12216.3995420,W,31.0753,131.1890,040121,,,,
$GPGGA,220916.60,3726.7762840,N,12216.3844400,W,1,0,0.0,121.3942,M,0.0000,M,0.0000,0
$GPRMC,220916.60,A,3726.7762840,N,12216.3844400,W,30.9388,131.0762,040121,,,,
$GPGGA,220917.77,3726.7634500,N,12216.3660080,W,1,0,0.0,121.0552,M,0.0000,M,0.0000,0
$GPRMC,220917.77,A,3726.7634500,N,12216.3660080,W,30.7399,131.2142,040121,,,,
$GPGGA,220918.66,3726.7537180,N,12216.3520580,W,1,0,0.0,120.8746,M,0.0000,M,0.0000,0
$GPRMC,220918.66,A,3726.7537180,N,12216.3520580,W,30.5054,130.9549,040121,,,,
$GPGGA,220919.66,3726.7432180,N,12216.3364820,W,1,0,0.0,120.7373,M,0.0000,M,0.0000,0
$GPRMC,220919.66,A,3726.7432180,N,12216.3364820,W,30.2782,129.2559,040121,,,,
$GPGGA,220920.67,3726.7329760,N,12216.3202520,W,1,0,0.0,120.6339,M,0.0000,M,0.0000,0
$GPRMC,220920.67,A,3726.7329760,N,12216.3202520,W,30.0134,127.4677,040121,,,,
$GPGGA,220921.66,3726.7233760,N,12216.3041000,W,1,0,0.0,120.5904,M,0.0000,M,0.0000,0
$GPRMC,220921.66,A,3726.7233760,N,12216.3041000,W,29.7946,125.9587,040121,,,,
$GPGGA,220922.75,3726.7132960,N,12216.2861720,W,1,0,0.0,120.6387,M,0.0000,M,0.0000,0
$GPRMC,220922.75,A,3726.7132960,N,12216.2861720,W,29.5843,124.2350,040121,,,,
$GPGGA,220923.46,3726.7070320,N,12216.2743400,W,1,0,0.0,120.7229,M,0.0000,M,0.0000,0
$GPRMC,220923.46,A,3726.7070320,N,12216.2743400,W,29.5289,122.9564,040121,,,,
$GPGGA,220924.75,3726.6960820,N,12216.2524400,W,1,0,0.0,121.0036,M,0.0000,M,0.0000,0
$GPRMC,220924.75,A,3726.6960820,N,12216.2524400,W,29.4466,121.2317,040121,,,,
$GPGGA,220925.44,3726.6904840,N,12216.2406080,W,1,0,0.0,121.2291,M,0.0000,M,0.0000,0
$GPRMC,220925.44,A,3726.6904840,N,12216.2406080,W,29.3963,120.1099,040121,,,,
$GPGGA,220926.66,3726.6810700,N,12216.2195000,W,1,0,0.0,121.6034,M,0.0000,M,0.0000,0
$GPRMC,220926.66,A,3726.6810700,N,12216.2195000,W,29.3015,118.2156,040121,,,,
$GPGGA,220927.65,3726.6738220,N,12216.2020040,W,1,0,0.0,121.9544,M,0.0000,M,0.0000,0
$GPRMC,220927.65,A,3726.6738220,N,12216.2020040,W,29.2583,116.6770,040121,,,,
$GPGGA,220928.66,3726.6668380,N,12216.1839680,W,1,0,0.0,122.3135,M,0.0000,M,0.0000,0
$GPRMC,220928.66,A,3726.6668380,N,12216.1839680,W,29.1932,115.0639,040121,,,,
$GPGGA,220929.66,3726.6604180,N,12216.1661060,W,1,0,0.0,122.5613,M,0.0000,M,0.0000,0
$GPRMC,220929.66,A,3726.6604180,N,12216.1661060,W,29.1523,113.5463,040121,,,,
$GPGGA,220930.65,3726.6543340,N,12216.1480520,W,1,0,0.0,122.8976,M,0.0000,M,0.0000,0
$GPRMC,220930.65,A,3726.6543340,N,12216.1480520,W,29.0807,112.1006,040121,,,,
$GPGGA,220931.66,3726.6485800,N,12216.1294580,W,1,0,0.0,123.3166,M,0.0000,M,0.0000,0
$GPRMC,220931.66,A,3726.6485800,N,12216.1294580,W,28.9774,110.3334,040121,,,,
$GPGGA,220932.65,3726.6433960,N,12216.1111280,W,1,0,0.0,123.6312,M,0.0000,M,0.0000,0
$GPRMC,220932.65,A,3726.6433960,N,12216.1111280,W,28.9352,108.6808,040121,,,,
$GPGGA,220933.66,3726.6385960,N,12216.0923180,W,1,0,0.0,123.9643,M,0.0000,M,0.0000,0
$GPRMC,220933.66,A,3726.6385960,N,12216.0923180,W,28.9046,106.8098,040121,,,,
$GPGGA,220934.66,3726.6342640,N,12216.0735740,W,1,0,0.0,124.2856,M,0.0000,M,0.0000,0
$GPRMC,220934.66,A,3726.6342640,N,12216.0735740,W,28.8905,105.5110,040121,,,,
$GPGGA,220935.61,3726.6304240,N,12216.0555560,W,1,0,0.0,124.6050,M,0.0000,M,0.0000,0
$GPRMC,220935.61,A,3726.6304240,N,12216.0555560,W,28.8852,104.3516,040121,,,,
$GPGGA,220936.78,3726.6261340,N,12216.0332900,W,1,0,0.0,125.0037,M,0.0000,M,0.0000,0
$GPRMC,220936.78,A,3726.6261340,N,12216.0332900,W,28.8710,102.7767,040121,,,,
$GPGGA,220937.65,3726.6232660,N,12216.0165800,W,1,0,0.0,125.2946,M,0.0000,M,0.0000,0
$GPRMC,220937.65,A,3726.6232660,N,12216.0165800,W,28.8487,101.4305,040121,,,,
$GPGGA,220938.66,3726.6204040,N,12215.9972600,W,1,0,0.0,125.6250,M,0.0000,M,0.0000,0
$GPRMC,220938.66,A,3726.6204040,N,12215.9972600,W,28.8495,99.6075,040121,,,,
$GPGGA,220939.65,3726.6180460,N,12215.9779700,W,1,0,0.0,125.9316,M,0.0000,M,0.0000,0
$GPRMC,220939.65,A,3726.6180460,N,12215.9779700,W,28.8923,97.7859,040121,,,,
$GPGGA,220940.67,3726.6160840,N,12215.9583080,W,1,0,0.0,126.2049,M,0.0000,M,0.0000,0
$GPRMC,220940.67,A,3726.6160840,N,12215.9583080,W,28.9358,96.4490,040121,,,,
$GPGGA,220941.66,3726.6145240,N,12215.9388680,W,1,0,0.0,126.4368,M,0.0000,M,0.0000,0
$GPRMC,220941.66,A,3726.6145240,N,12215.9388680,W,29.1271,94.9619,040121,,,,
$GPGGA,220942.65,3726.6133720,N,12215.9192420,W,1,0,0.0,126.6262,M,0.0000,M,0.0000,0
$GPRMC,220942.65,A,3726.6133720,N,12215.9192420,W,29.3567,93.4037,040121,,,,
$GPGGA,220943.67,3726.6126520,N,12215.8990040,W,1,0,0.0,126.7731,M,0.0000,M,0.0000,0
$GPRMC,220943.67,A,3726.6126520,N,12215.8990040,W,29.5948,91.6282,040121,,,,
$GPGGA,220944.65,3726.6124120,N,12215.8790840,W,1,0,0.0,126.8695,M,0.0000,M,0.0000,0
$GPRMC,220944.65,A,3726.6124120,N,12215.8790840,W,29.8294,90.0977,040121,,,,
$GPGGA,220945.67,3726.6125500,N,12215.8585040,W,1,0,0.0,126.8823,M,0.0000,M,0.0000,0
$GPRMC,220945.67,A,3726.6125500,N,12215.8585040,W,30.1237,89.0453,040121,,,,
$GPGGA,220946.76,3726.6130660,N,12215.8360520,W,1,0,0.0,126.8297,M,0.0000,M,0.0000,0
$GPRMC,220946.76,A,3726.6130660,N,12215.8360520,W,30.4103,87.4096,040121,,,,
$GPGGA,220947.45,3726.6137320,N,12215.8219220,W,1,0,0.0,126.8373,M,0.0000,M,0.0000,0
$GPRMC,220947.45,A,3726.6137320,N,12215.8219220,W,30.3824,85.8234,040121,,,,
$GPGGA,220948.66,3726.6155800,N,12215.7970400,W,1,0,0.0,126.7766,M,0.0000,M,0.0000,0
$GPRMC,220948.66,A,3726.6155800,N,12215.7970400,W,30.2787,83.6734,040121,,,,
$GPGGA,220949.65,3726.6174940,N,12215.7768380,W,1,0,0.0,126.5785,M,0.0000,M,0.0000,0
$GPRMC,220949.65,A,3726.6174940,N,12215.7768380,W,30.2833,82.7105,040121,,,,
$GPGGA,220950.67,3726.6196840,N,12215.7561800,W,1,0,0.0,126.2973,M,0.0000,M,0.0000,0
$GPRMC,220950.67,A,3726.6196840,N,12215.7561800,W,30.4243,81.9720,040121,,,,
$GPGGA,220951.66,3726.6219940,N,12215.7357980,W,1,0,0.0,125.9919,M,0.0000,M,0.0000,0
$GPRMC,220951.66,A,3726.6219940,N,12215.7357980,W,30.6280,81.8131,040121,,,,
$GPGGA,220952.65,3726.6242680,N,12215.7153500,W,1,0,0.0,125.7037,M,0.0000,M,0.0000,0
$GPRMC,220952.65,A,3726.6242680,N,12215.7153500,W,30.8493,82.1687,040121,,,,
$GPGGA,220953.67,3726.6264760,N,12215.6942960,W,1,0,0.0,125.4698,M,0.0000,M,0.0000,0
$GPRMC,220953.67,A,3726.6264760,N,12215.6942960,W,30.9754,82.5386,040121,,,,
$GPGGA,220954.66,3726.6286480,N,12215.6736860,W,1,0,0.0,125.2640,M,0.0000,M,0.0000,0
$GPRMC,220954.66,A,3726.6286480,N,12215.6736860,W,30.9444,82.2049,040121,,,,
$GPGGA,220955.67,3726.6309640,N,12215.6527040,W,1,0,0.0,125.0690,M,0.0000,M,0.0000,0
$GPRMC,220955.67,A,3726.6309640,N,12215.6527040,W,30.8958,81.9223,040121,,,,
$GPGGA,220956.66,3726.6332680,N,12215.6321480,W,1,0,0.0,124.9019,M,0.0000,M,0.0000,0
$GPRMC,220956.66,A,3726.6332680,N,12215.6321480,W,30.7698,81.8176,040121,,,,
$GPGGA,220957.65,3726.6355720,N,12215.6117300,W,1,0,0.0,124.6609,M,0.0000,M,0.0000,0
$GPRMC,220957.65,A,3726.6355720,N,12215.6117300,W,30.6128,82.0068,040121,,,,
$GPGGA,220958.67,3726.6377800,N,12215.5908680,W,1,0,0.0,124.3306,M,0.0000,M,0.0000,0
$GPRMC,220958.67,A,3726.6377800,N,12215.5908680,W,30.5170,82.6968,040121,,,,
$GPGGA,220959.76,3726.6398320,N,12215.5684580,W,1,0,0.0,123.8739,M,0.0000,M,0.0000,0
$GPRMC,220959.76,A,3726.6398320,N,12215.5684580,W,30.4799,84.1946,040121,,,,
$GPGGA,221000.45,3726.6408400,N,12215.5542560,W,1,0,0.0,123.5516,M,0.0000,M,0.0000,0
$GPRMC,221000.45,A,3726.6408400,N,12215.5542560,W,30.5395,85.4471,040121,,,,
$GPGGA,221001.66,3726.6419920,N,12215.5290980,W,1,0,0.0,122.9375,M,0.0000,M,0.0000,0
$GPRMC,221001.66,A,3726.6419920,N,12215.5290980,W,30.7245,88.0600,040121,,,,
$GPGGA,221002.65,3726.6421780,N,12215.5084160,W,1,0,0.0,122.3360,M,0.0000,M,0.0000,0
$GPRMC,221002.65,A,3726.6421780,N,12215.5084160,W,30.8208,90.2480,040121,,,,
$GPGGA,221003.66,3726.6417760,N,12215.4872120,W,1,0,0.0,121.6265,M,0.0000,M,0.0000,0
$GPRMC,221003.66,A,3726.6417760,N,12215.4872120,W,30.9052,92.2624,040121,,,,
$GPGGA,221004.66,3726.6408460,N,12215.4664220,W,1,0,0.0,120.8659,M,0.0000,M,0.0000,0
$GPRMC,221004.66,A,3726.6408460,N,12215.4664220,W,30.9369,93.9391,040121,,,,
$GPGGA,221005.65,3726.6394240,N,12215.4457760,W,1,0,0.0,120.0588,M,0.0000,M,0.0000,0
$GPRMC,221005.65,A,3726.6394240,N,12215.4457760,W,30.8568,95.7886,040121,,,,
$GPGGA,221006.66,3726.6373780,N,12215.4246800,W,1,0,0.0,119.1388,M,0.0000,M,0.0000,0
$GPRMC,221006.66,A,3726.6373780,N,12215.4246800,W,30.7162,98.0526,040121,,,,
$GPGGA,221007.65,3726.6347440,N,12215.4044120,W,1,0,0.0,118.1773,M,0.0000,M,0.0000,0
$GPRMC,221007.65,A,3726.6347440,N,12215.4044120,W,30.5755,100.1704,040121,,,,
$GPGGA,221008.66,3726.6315040,N,12215.3838560,W,1,0,0.0,117.1082,M,0.0000,M,0.0000,0
$GPRMC,221008.66,A,3726.6315040,N,12215.3838560,W,30.4502,102.0879,040121,,,,
$GPGGA,221009.66,3726.6278380,N,12215.3639660,W,1,0,0.0,116.0058,M,0.0000,M,0.0000,0
$GPRMC,221009.66,A,3726.6278380,N,12215.3639660,W,30.3505,103.7853,040121,,,,
$GPGGA,221010.67,3726.6236200,N,12215.3438840,W,1,0,0.0,114.8222,M,0.0000,M,0.0000,0
$GPRMC,221010.67,A,3726.6236200,N,12215.3438840,W,30.2799,105.5851,040121,,,,
$GPGGA,221011.66,3726.6189520,N,12215.3243900,W,1,0,0.0,113.5810,M,0.0000,M,0.0000,0
$GPRMC,221011.66,A,3726.6189520,N,12215.3243900,W,30.3003,107.6347,040121,,,,
$GPGGA,221012.65,3726.6137440,N,12215.3050640,W,1,0,0.0,112.3798,M,0.0000,M,0.0000,0
$GPRMC,221012.65,A,3726.6137440,N,12215.3050640,W,30.3520,109.4927,040121,,,,
$GPGGA,221013.66,3726.6079420,N,12215.2854980,W,1,0,0.0,111.1319,M,0.0000,M,0.0000,0
$GPRMC,221013.66,A,3726.6079420,N,12215.2854980,W,30.3892,111.1874,040121,,,,
$GPGGA,221014.65,3726.6017680,N,12215.2665860,W,1,0,0.0,109.9235,M,0.0000,M,0.0000,0
$GPRMC,221014.65,A,3726.6017680,N,12215.2665860,W,30.4448,113.2198,040121,,,,
$GPGGA,221015.67,3726.5948980,N,12215.2475060,W,1,0,0.0,108.6708,M,0.0000,M,0.0000,0
$GPRMC,221015.67,A,3726.5948980,N,12215.2475060,W,30.4979,115.2330,040121,,,,
$GPGGA,221016.65,3726.5876920,N,12215.2292600,W,1,0,0.0,107.4477,M,0.0000,M,0.0000,0
$GPRMC,221016.65,A,3726.5876920,N,12215.2292600,W,30.5657,117.2436,040121,,,,
$GPGGA,221017.65,3726.5798500,N,12215.2110200,W,1,0,0.0,106.2137,M,0.0000,M,0.0000,0
$GPRMC,221017.65,A,3726.5798500,N,12215.2110200,W,30.6113,119.3239,040121,,,,
$GPGGA,221018.66,3726.5713360,N,12215.1928820,W,1,0,0.0,104.9756,M,0.0000,M,0.0000,0
$GPRMC,221018.66,A,3726.5713360,N,12215.1928820,W,30.6606,121.4497,040121,,,,
$GPGGA,221019.65,3726.5624920,N,12215.1754940,W,1,0,0.0,103.7590,M,0.0000,M,0.0000,0
$GPRMC,221019.65,A,3726.5624920,N,12215.1754940,W,30.7158,123.5502,040121,,,,
$GPGGA,221020.67,3726.5528860,N,12215.1582080,W,1,0,0.0,102.4987,M,0.0000,M,0.0000,0
$GPRMC,221020.67,A,3726.5528860,N,12215.1582080,W,30.6963,126.2784,040121,,,,
$GPGGA,221021.65,3726.5428720,N,12215.1420380,W,1,0,0.0,101.2549,M,0.0000,M,0.0000,0
$GPRMC,221021.65,A,3726.5428720,N,12215.1420380,W,30.6606,129.1220,040121,,,,
$GPGGA,221022.65,3726.5321860,N,12215.1262100,W,1,0,0.0,100.0732,M,0.0000,M,0.0000,0
$GPRMC,221022.65,A,3726.5321860,N,12215.1262100,W,30.6125,131.2302,040121,,,,
$GPGGA,221023.66,3726.5209060,N,12215.1105680,W,1,0,0.0,98.7503,M,0.0000,M,0.0000,0
$GPRMC,221023.66,A,3726.5209060,N,12215.1105680,W,30.7610,132.5623,040121,,,,
$GPGGA,221024.65,3726.5096320,N,12215.0953520,W,1,0,0.0,97.4418,M,0.0000,M,0.0000,0
$GPRMC,221024.65,A,3726.5096320,N,12215.0953520,W,31.2285,132.9612,040121,,,,
$GPGGA,221025.67,3726.4978180,N,12215.0795660,W,1,0,0.0,96.3417,M,0.0000,M,0.0000,0
$GPRMC,221025.67,A,3726.4978180,N,12215.0795660,W,31.6686,133.3443,040121,,,,
$GPGGA,221026.65,3726.4861660,N,12215.0642780,W,1,0,0.0,95.1514,M,0.0000,M,0.0000,0
$GPRMC,221026.65,A,3726.4861660,N,12215.0642780,W,31.9058,133.8406,040121,,,,
$GPGGA,221027.65,3726.4741420,N,12215.0486600,W,1,0,0.0,93.8811,M,0.0000,M,0.0000,0
$GPRMC,221027.65,A,3726.4741420,N,12215.0486600,W,31.9908,133.9084,040121,,,,
$GPGGA,221028.66,3726.4619620,N,12215.0328260,W,1,0,0.0,92.5632,M,0.0000,M,0.0000,0
$GPRMC,221028.66,A,3726.4619620,N,12215.0328260,W,31.9211,133.7897,040121,,,,
$GPGGA,221029.65,3726.4501900,N,12215.0174360,W,1,0,0.0,91.3668,M,0.0000,M,0.0000,0
$GPRMC,221029.65,A,3726.4501900,N,12215.0174360,W,31.8115,133.7256,040121,,,,
$GPGGA,221030.61,3726.4388440,N,12215.0025980,W,1,0,0.0,90.1343,M,0.0000,M,0.0000,0
$GPRMC,221030.61,A,3726.4388440,N,12215.0025980,W,31.7089,133.8279,040121,,,,
$GPGGA,221031.77,3726.4250380,N,12214.9845980,W,1,0,0.0,88.6543,M,0.0000,M,0.0000,0
$GPRMC,221031.77,A,3726.4250380,N,12214.9845980,W,31.5702,133.8032,040121,,,,
$GPGGA,221032.65,3726.4146460,N,12214.9710800,W,1,0,0.0,87.5690,M,0.0000,M,0.0000,0
$GPRMC,221032.65,A,3726.4146460,N,12214.9710800,W,31.4966,133.9354,040121,,,,
$GPGGA,221033.66,3726.4026760,N,12214.9555160,W,1,0,0.0,86.2970,M,0.0000,M,0.0000,0
$GPRMC,221033.66,A,3726.4026760,N,12214.9555160,W,31.4082,133.8691,040121,,,,
$GPGGA,221034.65,3726.3910000,N,12214.9403480,W,1,0,0.0,85.1192,M,0.0000,M,0.0000,0
$GPRMC,221034.65,A,3726.3910000,N,12214.9403480,W,31.3242,133.8607,040121,,,,
$GPGGA,221035.67,3726.3791020,N,12214.9249400,W,1,0,0.0,83.8920,M,0.0000,M,0.0000,0
$GPRMC,221035.67,A,3726.3791020,N,12214.9249400,W,31.2267,133.9379,040121,,,,
$GPGGA,221036.66,3726.3674620,N,12214.9099280,W,1,0,0.0,82.5075,M,0.0000,M,0.0000,0
$GPRMC,221036.66,A,3726.3674620,N,12214.9099280,W,31.1606,134.3427,040121,,,,
$GPGGA,221037.65,3726.3557320,N,12214.8950000,W,1,0,0.0,81.2484,M,0.0000,M,0.0000,0
$GPRMC,221037.65,A,3726.3557320,N,12214.8950000,W,31.0990,134.6617,040121,,,,
$GPGGA,221038.65,3726.3438580,N,12214.8800000,W,1,0,0.0,80.0007,M,0.0000,M,0.0000,0
$GPRMC,221038.65,A,3726.3438580,N,12214.8800000,W,30.7977,134.8425,040121,,,,
$GPGGA,221039.65,3726.3321760,N,12214.8654380,W,1,0,0.0,78.7562,M,0.0000,M,0.0000,0
$GPRMC,221039.65,A,3726.3321760,N,12214.8654380,W,30.1337,135.2592,040121,,,,
$GPGGA,221040.67,3726.3206380,N,12214.8511280,W,1,0,0.0,77.5547,M,0.0000,M,0.0000,0
$GPRMC,221040.67,A,3726.3206380,N,12214.8511280,W,29.0250,135.2997,040121,,,,
$GPGGA,221041.66,3726.3098260,N,12214.8378500,W,1,0,0.0,76.4555,M,0.0000,M,0.0000,0
$GPRMC,221041.66,A,3726.3098260,N,12214.8378500,W,27.3883,135.8695,040121,,,,
$GPGGA,221042.65,3726.2995300,N,12214.8256040,W,1,0,0.0,75.4261,M,0.0000,M,0.0000,0
$GPRMC,221042.65,A,3726.2995300,N,12214.8256040,W,25.7880,137.3595,040121,,,,
$GPGGA,221043.66,3726.2891740,N,12214.8140660,W,1,0,0.0,74.3866,M,0.0000,M,0.0000,0
$GPRMC,221043.66,A,3726.2891740,N,12214.8140660,W,24.8748,139.0024,040121,,,,
$GPGGA,221044.65,3726.2790880,N,12214.8033560,W,1,0,0.0,73.3341,M,0.0000,M,0.0000,0
$GPRMC,221044.65,A,3726.2790880,N,12214.8033560,W,24.3304,140.1544,040121,,,,
$GPGGA,221045.67,3726.2688040,N,12214.7927780,W,1,0,0.0,72.2906,M,0.0000,M,0.0000,0
$GPRMC,221045.67,A,3726.2688040,N,12214.7927780,W,24.2862,140.6905,040121,,,,
$GPGGA,221046.66,3726.2587000,N,12214.7823860,W,1,0,0.0,71.2735,M,0.0000,M,0.0000,0
$GPRMC,221046.66,A,3726.2587000,N,12214.7823860,W,24.2963,140.5392,040121,,,,
$GPGGA,221047.65,3726.2486200,N,12214.7721020,W,1,0,0.0,70.2742,M,0.0000,M,0.0000,0
$GPRMC,221047.65,A,3726.2486200,N,12214.7721020,W,24.2966,141.0319,040121,,,,
$GPGGA,221048.66,3726.2382880,N,12214.7616140,W,1,0,0.0,69.3213,M,0.0000,M,0.0000,0
$GPRMC,221048.66,A,3726.2382880,N,12214.7616140,W,24.2586,140.9280,040121,,,,
$GPGGA,221049.65,3726.2282320,N,12214.7512880,W,1,0,0.0,68.3063,M,0.0000,M,0.0000,0
$GPRMC,221049.65,A,3726.2282320,N,12214.7512880,W,24.2506,140.6526,040121,,,,
$GPGGA,221050.61,3726.2185960,N,12214.7413580,W,1,0,0.0,67.3393,M,0.0000,M,0.0000,0
$GPRMC,221050.61,A,3726.2185960,N,12214.7413580,W,24.2351,140.5540,040121,,,,
$GPGGA,221051.72,3726.2073760,N,12214.7296040,W,1,0,0.0,66.0500,M,0.0000,M,0.0000,0
$GPRMC,221051.72,A,3726.2073760,N,12214.7296040,W,24.2809,139.5911,040121,,,,
$GPGGA,221052.77,3726.1969540,N,12214.7182640,W,1,0,0.0,64.7105,M,0.0000,M,0.0000,0
$GPRMC,221052.77,A,3726.1969540,N,12214.7182640,W,24.3496,138.7747,040121,,,,
$GPGGA,221053.66,3726.1881040,N,12214.7085500,W,1,0,0.0,63.5115,M,0.0000,M,0.0000,0
$GPRMC,221053.66,A,3726.1881040,N,12214.7085500,W,24.4095,138.7675,040121,,,,
$GPGGA,221054.65,3726.1783180,N,12214.6977740,W,1,0,0.0,62.2449,M,0.0000,M,0.0000,0
$GPRMC,221054.65,A,3726.1783180,N,12214.6977740,W,24.0603,138.6125,040121,,,,
$GPGGA,221055.65,3726.1688560,N,12214.6873100,W,1,0,0.0,61.0303,M,0.0000,M,0.0000,0
$GPRMC,221055.65,A,3726.1688560,N,12214.6873100,W,22.9048,138.4759,040121,,,,
$GPGGA,221056.66,3726.1598440,N,12214.6773380,W,1,0,0.0,59.8656,M,0.0000,M,0.0000,0
$GPRMC,221056.66,A,3726.1598440,N,12214.6773380,W,21.0246,138.5565,040121,,,,
$GPGGA,221057.65,3726.1517980,N,12214.6684460,W,1,0,0.0,58.9272,M,0.0000,M,0.0000,0
$GPRMC,221057.65,A,3726.1517980,N,12214.6684460,W,18.8759,138.5865,040121,,,,
$GPGGA,221058.66,3726.1445620,N,12214.6604780,W,1,0,0.0,58.1756,M,0.0000,M,0.0000,0
$GPRMC,221058.66,A,3726.1445620,N,12214.6604780,W,16.2493,138.7600,040121,,,,
$GPGGA,221059.65,3726.1385500,N,12214.6538780,W,1,0,0.0,57.7330,M,0.0000,M,0.0000,0
$GPRMC,221059.65,A,3726.1385500,N,12214.6538780,W,13.5794,138.7842,040121,,,,
$GPGGA,221100.64,3726.1335520,N,12214.6483880,W,1,0,0.0,57.4485,M,0.0000,M,0.0000,0
$GPRMC,221100.64,A,3726.1335520,N,12214.6483880,W,11.2853,138.7314,040121,,,,
$GPGGA,221101.66,3726.1293460,N,12214.6437560,W,1,0,0.0,57.2904,M,0.0000,M,0.0000,0
$GPRMC,221101.66,A,3726.1293460,N,12214.6437560,W,9.2568,138.8770,040121,,,,
$GPGGA,221102.65,3726.1259620,N,12214.6400660,W,1,0,0.0,57.1890,M,0.0000,M,0.0000,0
$GPRMC,221102.65,A,3726.1259620,N,12214.6400660,W,7.5303,138.8197,040121,,,,
$GPGGA,221103.66,3726.1231720,N,12214.6369340,W,1,0,0.0,57.1123,M,0.0000,M,0.0000,0
$GPRMC,221103.66,A,3726.1231720,N,12214.6369340,W,6.2092,138.0735,040121,,,,
$GPGGA,221104.65,3726.1209760,N,12214.6344380,W,1,0,0.0,57.0054,M,0.0000,M,0.0000,0
$GPRMC,221104.65,A,3726.1209760,N,12214.6344380,W,4.7103,137.9606,040121,,,,
$GPGGA,221105.64,3726.1193860,N,12214.6326260,W,1,0,0.0,56.9514,M,0.0000,M,0.0000,0
$GPRMC,221105.64,A,3726.1193860,N,12214.6326260,W,3.4219,137.8055,040121,,,,
$GPGGA,221106.66,3726.1181980,N,12214.6312520,W,1,0,0.0,56.8967,M,0.0000,M,0.0000,0
$GPRMC,221106.66,A,3726.1181980,N,12214.6312520,W,2.5080,137.6133,040121,,,,
$GPGGA,221107.65,3726.1173820,N,12214.6303040,W,1,0,0.0,56.8605,M,0.0000,M,0.0000,0
$GPRMC,221107.65,A,3726.1173820,N,12214.6303040,W,1.6381,137.4947,040121,,,,
$GPGGA,221108.66,3726.1169260,N,12214.6297820,W,1,0,0.0,56.8424,M,0.0000,M,0.0000,0
$GPRMC,221108.66,A,3726.1169260,N,12214.6297820,W,0.5568,137.4418,040121,,,,
$GPGGA,221109.65,3726.1168720,N,12214.6297220,W,1,0,0.0,56.8345,M,0.0000,M,0.0000,0
$GPRMC,221109.65,A,3726.1168720,N,12214.6297220,W,0.0032,137.4262,040121,,,,
$GPGGA,221110.67,3726.1168720,N,12214.6297220,W,1,0,0.0,56.8330,M,0.0000,M,0.0000,0
$GPRMC,221110.67,A,3726.1168720,N,12214.6297220,W,0.0013,137.4268,040121,,,,
$GPGGA,221111.66,3726.1168720,N,12214.6297220,W,1,0,0.0,56.8330,M,0.0000,M,0.0000,0
$GPRMC,221111.66,A,3726.1168720,N,12214.6297220,W,0.0012,137.4260,040121,,,,
$GPGGA,221112.65,3726.1168720,N,12214.6297220,W,1,0,0.0,56.8330,M,0.0000,M,0.0000,0
$GPRMC,221112.65,A,3726.1168720,N,12214.6297220,W,0.0010,137.4264,040121,,,,
$GPGGA,221113.66,3726.1168720,N,12214.6297220,W,1,0,0.0,56.8330,M,0.0000,M,0.0000,0
$GPRMC,221113.66,A,3726.1168720,N,12214.6297220,W,0.0010,137.4257,040121,,,,
$GPGGA,221114.65,3726.1168720,N,12214.6297220,W,1,0,0.0,56.8330,M,0.0000,M,0.0000,0
$GPRMC,221114.65,A,3726.1168720,N,12214.6297220,W,0.0010,137.4261,040121,,,,
$GPGGA,221115.66,3726.1168720,N,12214.6297220,W,1,0,0.0,56.8330,M,0.0000,M,0.0000,0
$GPRMC,221115.66,A,3726.1168720,N,12214.6297220,W,0.0010,137.4268,040121,,,,
$GPGGA,221116.66,3726.1168720,N,12214.6297220,W,1,0,0.0,56.8330,M,0.0000,M,0.0000,0
$GPRMC,221116.66,A,3726.1168720,N,12214.6297220,W,0.0006,137.4265,040121,,,,
$GPGGA,221117.59,3726.1168720,N,12214.6297220,W,1,0,0.0,56.8330,M,0.0000,M,0.0000,0
$GPRMC,221117.59,A,3726.1168720,N,12214.6297220,W,0.0000,137.4274,040121,,,,
$GPGGA,221118.78,3726.1168720,N,12214.6297220,W,1,0,0.0,56.8330,M,0.0000,M,0.0000,0
$GPRMC,221118.78,A,3726.1168720,N,12214.6297220,W,0.0008,137.4274,040121,,,,
$GPGGA,221119.65,3726.1168720,N,12214.6297220,W,1,0,0.0,56.8330,M,0.0000,M,0.0000,0
$GPRMC,221119.65,A,3726.1168720,N,12214.6297220,W,0.0012,137.4270,040121,,,,
$GPGGA,221120.66,3726.1168720,N,12214.6297220,W,1,0,0.0,56.8330,M,0.0000,M,0.0000,0
$GPRMC,221120.66,A,3726.1168720,N,12214.6297220,W,0.0004,137.4274,040121,,,,
$GPGGA,221121.66,3726.1168720,N,12214.6297220,W,1,0,0.0,56.8330,M,0.0000,M,0.0000,0
$GPRMC,221121.66,A,3726.1168720,N,12214.6297220,W,0.0010,137.4270,040121,,,,
$GPGGA,221122.65,3726.1168720,N,12214.6297220,W,1,0,0.0,56.8330,M,0.0000,M,0.0000,0
$GPRMC,221122.65,A,3726.1168720,N,12214.6297220,W,0.0012,137.4268,040121,,,,
$GPGGA,221123.66,3726.1168720,N,12214.6297220,W,1,0,0.0,56.8330,M,0.0000,M,0.0000,0
$GPRMC,221123.66,A,3726.1168720,N,12214.6297220,W,0.0004,137.4269,040121,,,,
$GPGGA,221124.65,3726.1168720,N,12214.6297220,W,1,0,0.0,56.8330,M,0.0000,M,0.0000,0
$GPRMC,221124.65,A,3726.1168720,N,12214.6297220,W,0.0010,137.4272,040121,,,,
$GPGGA,221125.67,3726.1168720,N,12214.6297220,W,1,0,0.0,56.8330,M,0.0000,M,0.0000,0
$GPRMC,221125.67,A,3726.1168720,N,12214.6297220,W,0.0010,137.4265,040121,,,,
$GPGGA,221126.66,3726.1168720,N,12214.6297220,W,1,0,0.0,56.8330,M,0.0000,M,0.0000,0
$GPRMC,221126.66,A,3726.1168720,N,12214.6297220,W,0.0012,137.4262,040121,,,,
$GPGGA,221127.59,3726.1168720,N,12214.6297220,W,1,0,0.0,56.8330,M,0.0000,M,0.0000,0
$GPRMC,221127.59,A,3726.1168720,N,12214.6297220,W,0.0014,137.4259,040121,,,,
$GPGGA,221128.69,3726.1168720,N,12214.6297220,W,1,0,0.0,56.8330,M,0.0000,M,0.0000,0
$GPRMC,221128.69,A,3726.1168720,N,12214.6297220,W,0.0010,137.4255,040121,,,,
$GPGGA,221129.77,3726.1168720,N,12214.6297220,W,1,0,0.0,56.8330,M,0.0000,M,0.0000,0
$GPRMC,221129.77,A,3726.1168720,N,12214.6297220,W,0.0003,137.4251,040121,,,,
$GPGGA,221130.64,3726.1168720,N,12214.6297280,W,1,0,0.0,56.8330,M,0.0000,M,0.0000,0
$GPRMC,221130.64,A,3726.1168720,N,12214.6297280,W,0.0004,137.4249,040121,,,,
$GPGGA,221131.66,3726.1168720,N,12214.6297280,W,1,0,0.0,56.8336,M,0.0000,M,0.0000,0
$GPRMC,221131.66,A,3726.1168720,N,12214.6297280,W,0.0000,137.4255,040121,,,,
$GPGGA,221132.65,3726.1168060,N,12214.6296500,W,1,0,0.0,56.8260,M,0.0000,M,0.0000,0
$GPRMC,221132.65,A,3726.1168060,N,12214.6296500,W,0.5043,137.3962,040121,,,,
$GPGGA,221133.60,3726.1163980,N,12214.6291700,W,1,0,0.0,56.8069,M,0.0000,M,0.0000,0
$GPRMC,221133.60,A,3726.1163980,N,12214.6291700,W,1.7425,136.8722,040121,,,,
$GPGGA,221134.77,3726.1152520,N,12214.6276640,W,1,0,0.0,56.7513,M,0.0000,M,0.0000,0
$GPRMC,221134.77,A,3726.1152520,N,12214.6276640,W,3.6400,134.0954,040121,,,,
$GPGGA,221135.67,3726.1139200,N,12214.6255760,W,1,0,0.0,56.6454,M,0.0000,M,0.0000,0
$GPRMC,221135.67,A,3726.1139200,N,12214.6255760,W,5.1840,128.2488,040121,,,,
$GPGGA,221136.66,3726.1123060,N,12214.6220240,W,1,0,0.0,56.4987,M,0.0000,M,0.0000,0
$GPRMC,221136.66,A,3726.1123060,N,12214.6220240,W,6.8630,117.6685,040121,,,,
$GPGGA,221137.65,3726.1111660,N,12214.6175180,W,1,0,0.0,56.3654,M,0.0000,M,0.0000,0
$GPRMC,221137.65,A,3726.1111660,N,12214.6175180,W,7.1494,104.3447,040121,,,,
$GPGGA,221138.66,3726.1113400,N,12214.6127120,W,1,0,0.0,56.2156,M,0.0000,M,0.0000,0
$GPRMC,221138.66,A,3726.1113400,N,12214.6127120,W,7.0840,79.7166,040121,,,,
$GPGGA,221139.65,3726.1131220,N,12214.6084160,W,1,0,0.0,56.0316,M,0.0000,M,0.0000,0
$GPRMC,221139.65,A,3726.1131220,N,12214.6084160,W,7.6460,60.3702,040121,,,,
$GPGGA,221140.64,3726.1153900,N,12214.6035800,W,1,0,0.0,55.7588,M,0.0000,M,0.0000,0
$GPRMC,221140.64,A,3726.1153900,N,12214.6035800,W,9.1794,59.5731,040121,,,,
$GPGGA,221141.76,3726.1184620,N,12214.5969860,W,1,0,0.0,55.4009,M,0.0000,M,0.0000,0
$GPRMC,221141.76,A,3726.1184620,N,12214.5969860,W,10.8663,59.5942,040121,,,,
$GPGGA,221142.45,3726.1205380,N,12214.5925160,W,1,0,0.0,55.1399,M,0.0000,M,0.0000,0
$GPRMC,221142.45,A,3726.1205380,N,12214.5925160,W,11.1564,59.8103,040121,,,,
$GPGGA,221143.76,3726.1245580,N,12214.5838520,W,1,0,0.0,54.6435,M,0.0000,M,0.0000,0
$GPRMC,221143.76,A,3726.1245580,N,12214.5838520,W,11.3355,59.7060,040121,,,,
$GPGGA,221144.45,3726.1266820,N,12214.5792620,W,1,0,0.0,54.3920,M,0.0000,M,0.0000,0
$GPRMC,221144.45,A,3726.1266820,N,12214.5792620,W,11.3907,59.6680,040121,,,,
$GPGGA,221145.64,3726.1303360,N,12214.5714560,W,1,0,0.0,53.9219,M,0.0000,M,0.0000,0
$GPRMC,221145.64,A,3726.1303360,N,12214.5714560,W,10.7279,59.4433,040121,,,,
$GPGGA,221146.66,3726.1331620,N,12214.5655220,W,1,0,0.0,53.5610,M,0.0000,M,0.0000,0
$GPRMC,221146.66,A,3726.1331620,N,12214.5655220,W,9.3417,59.2546,040121,,,,
$GPGGA,221147.65,3726.1354720,N,12214.5606140,W,1,0,0.0,53.2800,M,0.0000,M,0.0000,0
$GPRMC,221147.65,A,3726.1354720,N,12214.5606140,W,7.5683,59.3731,040121,,,,
$GPGGA,221148.66,3726.1373020,N,12214.5567200,W,1,0,0.0,53.0579,M,0.0000,M,0.0000,0
$GPRMC,221148.66,A,3726.1373020,N,12214.5567200,W,5.4816,59.3789,040121,,,,
$GPGGA,221149.65,3726.1385440,N,12214.5541460,W,1,0,0.0,52.9052,M,0.0000,M,0.0000,0
$GPRMC,221149.65,A,3726.1385440,N,12214.5541460,W,3.6454,58.7744,040121,,,,
$GPGGA,221150.67,3726.1394020,N,12214.5524360,W,1,0,0.0,52.7996,M,0.0000,M,0.0000,0
$GPRMC,221150.67,A,3726.1394020,N,12214.5524360,W,2.2709,58.2083,040121,,,,
$GPGGA,221151.65,3726.1398940,N,12214.5514760,W,1,0,0.0,52.7379,M,0.0000,M,0.0000,0
$GPRMC,221151.65,A,3726.1398940,N,12214.5514760,W,1.1154,57.9182,040121,,,,
$GPGGA,221152.65,3726.1400320,N,12214.5511940,W,1,0,0.0,52.7175,M,0.0000,M,0.0000,0
$GPRMC,221152.65,A,3726.1400320,N,12214.5511940,W,0.0315,57.8507,040121,,,,
$GPGGA,221153.60,3726.1400260,N,12214.5512000,W,1,0,0.0,52.7140,M,0.0000,M,0.0000,0
$GPRMC,221153.60,A,3726.1400260,N,12214.5512000,W,0.0014,57.8502,040121,,,,
$GPGGA,221154.72,3726.1400260,N,12214.5512000,W,1,0,0.0,52.7140,M,0.0000,M,0.0000,0
$GPRMC,221154.72,A,3726.1400260,N,12214.5512000,W,0.0008,57.8480,040121,,,,
$GPGGA,221155.73,3726.1400260,N,12214.5512000,W,1,0,0.0,52.7140,M,0.0000,M,0.0000,0
$GPRMC,221155.73,A,3726.1400260,N,12214.5512000,W,0.0010,57.8488,040121,,,,
$GPGGA,221156.78,3726.1400260,N,12214.5512000,W,1,0,0.0,52.7140,M,0.0000,M,0.0000,0
$GPRMC,221156.78,A,3726.1400260,N,12214.5512000,W,0.0010,57.8490,040121,,,,
$GPGGA,221157.65,3726.1400260,N,12214.5512000,W,1,0,0.0,52.7125,M,0.0000,M,0.0000,0
$GPRMC,221157.65,A,3726.1400260,N,12214.5512000,W,0.0005,57.8492,040121,,,,
$GPGGA,221158.66,3726.1400260,N,12214.5512000,W,1,0,0.0,52.7044,M,0.0000,M,0.0000,0
$GPRMC,221158.66,A,3726.1400260,N,12214.5512000,W,0.0010,57.8492,040121,,,,
$GPGGA,221159.65,3726.1400260,N,12214.5512000,W,1,0,0.0,52.7040,M,0.0000,M,0.0000,0
$GPRMC,221159.65,A,3726.1400260,N,12214.5512000,W,0.0010,57.8489,040121,,,,
$GPGGA,221200.66,3726.1400260,N,12214.5512000,W,1,0,0.0,52.7040,M,0.0000,M,0.0000,0
$GPRMC,221200.66,A,3726.1400260,N,12214.5512000,W,0.0010,57.8488,040121,,,,
$GPGGA,221201.66,3726.1400260,N,12214.5512000,W,1,0,0.0,52.7040,M,0.0000,M,0.0000,0
$GPRMC,221201.66,A,3726.1400260,N,12214.5512000,W,0.0006,57.8491,040121,,,,
$GPGGA,221202.59,3726.1400260,N,12214.5512000,W,1,0,0.0,52.7040,M,0.0000,M,0.0000,0
$GPRMC,221202.59,A,3726.1400260,N,12214.5512000,W,0.0010,57.8488,040121,,,,
$GPGGA,221203.72,3726.1400260,N,12214.5512000,W,1,0,0.0,52.7040,M,0.0000,M,0.0000,0
$GPRMC,221203.72,A,3726.1400260,N,12214.5512000,W,0.0002,57.8489,040121,,,,
$GPGGA,221204.77,3726.1400260,N,12214.5512000,W,1,0,0.0,52.7040,M,0.0000,M,0.0000,0
$GPRMC,221204.77,A,3726.1400260,N,12214.5512000,W,0.0003,57.8488,040121,,,,
$GPGGA,221205.60,3726.1400260,N,12214.5512000,W,1,0,0.0,52.7040,M,0.0000,M,0.0000,0
$GPRMC,221205.60,A,3726.1400260,N,12214.5512000,W,0.0010,57.8490,040121,,,,
$GPGGA,221206.78,3726.1400260,N,12214.5512000,W,1,0,0.0,52.7040,M,0.0000,M,0.0000,0
$GPRMC,221206.78,A,3726.1400260,N,12214.5512000,W,0.0011,57.8491,040121,,,,
$GPGGA,221207.59,3726.1400260,N,12214.5512000,W,1,0,0.0,52.7040,M,0.0000,M,0.0000,0
$GPRMC,221207.59,A,3726.1400260,N,12214.5512000,W,0.0009,57.8493,040121,,,,
$GPGGA,221208.72,3726.1400260,N,12214.5512000,W,1,0,0.0,52.7040,M,0.0000,M,0.0000,0
$GPRMC,221208.72,A,3726.1400260,N,12214.5512000,W,0.0010,57.8491,040121,,,,
$GPGGA,221209.72,3726.1400260,N,12214.5512000,W,1,0,0.0,52.7040,M,0.0000,M,0.0000,0
$GPRMC,221209.72,A,3726.1400260,N,12214.5512000,W,0.0000,57.8490,040121,,,,
$GPGGA,221210.73,3726.1400260,N,12214.5512000,W,1,0,0.0,52.7040,M,0.0000,M,0.0000,0
$GPRMC,221210.73,A,3726.1400260,N,12214.5512000,W,0.0000,57.8487,040121,,,,
$GPGGA,221211.78,3726.1400260,N,12214.5512000,W,1,0,0.0,52.7040,M,0.0000,M,0.0000,0
$GPRMC,221211.78,A,3726.1400260,N,12214.5512000,W,0.0008,57.8486,040121,,,,
$GPGGA,221212.59,3726.1400260,N,12214.5512000,W,1,0,0.0,52.7040,M,0.0000,M,0.0000,0
$GPRMC,221212.59,A,3726.1400260,N,12214.5512000,W,0.0000,57.8485,040121,,,,
$GPGGA,221213.72,3726.1400260,N,12214.5512000,W,1,0,0.0,52.7040,M,0.0000,M,0.0000,0
$GPRMC,221213.72,A,3726.1400260,N,12214.5512000,W,0.0000,57.8485,040121,,,,
$GPGGA,221214.72,3726.1400260,N,12214.5512000,W,1,0,0.0,52.7050,M,0.0000,M,0.0000,0
$GPRMC,221214.72,A,3726.1400260,N,12214.5512000,W,0.0000,57.8486,040121,,,,
$GPGGA,221215.73,3726.1400260,N,12214.5512000,W,1,0,0.0,52.7050,M,0.0000,M,0.0000,0
$GPRMC,221215.73,A,3726.1400260,N,12214.5512000,W,0.0000,57.8485,040121,,,,
$GPGGA,221216.77,3726.1400260,N,12214.5512000,W,1,0,0.0,52.7050,M,0.0000,M,0.0000,0
$GPRMC,221216.77,A,3726.1400260,N,12214.5512000,W,0.0010,57.8483,040121,,,,
$GPGGA,221217.59,3726.1400260,N,12214.5512000,W,1,0,0.0,52.7050,M,0.0000,M,0.0000,0
$GPRMC,221217.59,A,3726.1400260,N,12214.5512000,W,0.0010,57.8484,040121,,,,
$GPGGA,221218.78,3726.1400260,N,12214.5512000,W,1,0,0.0,52.7050,M,0.0000,M,0.0000,0
$GPRMC,221218.78,A,3726.1400260,N,12214.5512000,W,0.0014,57.8485,040121,,,,
$GPGGA,221219.65,3726.1400260,N,12214.5512000,W,1,0,0.0,52.7050,M,0.0000,M,0.0000,0
$GPRMC,221219.65,A,3726.1400260,N,12214.5512000,W,0.0010,57.8487,040121,,,,
$GPGGA,221220.67,3726.1400260,N,12214.5512000,W,1,0,0.0,52.7040,M,0.0000,M,0.0000,0
$GPRMC,221220.67,A,3726.1400260,N,12214.5512000,W,0.0010,57.8486,040121,,,,
$GPGGA,221221.65,3726.1400260,N,12214.5512000,W,1,0,0.0,52.7030,M,0.0000,M,0.0000,0
$GPRMC,221221.65,A,3726.1400260,N,12214.5512000,W,0.0012,57.8486,040121,,,,
$GPGGA,221222.65,3726.1400260,N,12214.5512000,W,1,0,0.0,52.7010,M,0.0000,M,0.0000,0
$GPRMC,221222.65,A,3726.1400260,N,12214.5512000,W,0.0193,57.8419,040121,,,,
$GPGGA,221223.67,3726.1401520,N,12214.5509780,W,1,0,0.0,52.6747,M,0.0000,M,0.0000,0
$GPRMC,221223.67,A,3726.1401520,N,12214.5509780,W,0.9531,57.5066,040121,,,,
$GPGGA,221224.66,3726.1407640,N,12214.5501020,W,1,0,0.0,52.6140,M,0.0000,M,0.0000,0
$GPRMC,221224.66,A,3726.1407640,N,12214.5501020,W,2.4164,52.0149,040121,,,,
$GPGGA,221225.67,3726.1421620,N,12214.5489680,W,1,0,0.0,52.5243,M,0.0000,M,0.0000,0
$GPRMC,221225.67,A,3726.1421620,N,12214.5489680,W,3.7326,35.3206,040121,,,,
$GPGGA,221226.75,3726.1447540,N,12214.5482180,W,1,0,0.0,52.4189,M,0.0000,M,0.0000,0
$GPRMC,221226.75,A,3726.1447540,N,12214.5482180,W,5.4367,10.9537,040121,,,,
$GPGGA,221227.44,3726.1469740,N,12214.5484340,W,1,0,0.0,52.3101,M,0.0000,M,0.0000,0
$GPRMC,221227.44,A,3726.1469740,N,12214.5484340,W,6.5394,355.5222,040121,,,,
$GPGGA,221228.66,3726.1513720,N,12214.5508940,W,1,0,0.0,52.1080,M,0.0000,M,0.0000,0
$GPRMC,221228.66,A,3726.1513720,N,12214.5508940,W,8.1104,328.0405,040121,,,,
$GPGGA,221229.65,3726.1544440,N,12214.5551540,W,1,0,0.0,52.0632,M,0.0000,M,0.0000,0
$GPRMC,221229.65,A,3726.1544440,N,12214.5551540,W,9.1499,306.5137,040121,,,,
$GPGGA,221230.67,3726.1570600,N,12214.5610700,W,1,0,0.0,52.3620,M,0.0000,M,0.0000,0
$GPRMC,221230.67,A,3726.1570600,N,12214.5610700,W,10.6655,297.4070,040121,,,,
$GPGGA,221231.65,3726.1597420,N,12214.5679340,W,1,0,0.0,52.7246,M,0.0000,M,0.0000,0
$GPRMC,221231.65,A,3726.1597420,N,12214.5679340,W,12.3164,295.6750,040121,,,,
$GPGGA,221232.65,3726.1628380,N,12214.5759740,W,1,0,0.0,53.3039,M,0.0000,M,0.0000,0
$GPRMC,221232.65,A,3726.1628380,N,12214.5759740,W,14.0328,295.7715,040121,,,,
$GPGGA,221233.66,3726.1664500,N,12214.5851840,W,1,0,0.0,54.0241,M,0.0000,M,0.0000,0
$GPRMC,221233.66,A,3726.1664500,N,12214.5851840,W,15.7201,296.3291,040121,,,,
$GPGGA,221234.65,3726.1704280,N,12214.5950120,W,1,0,0.0,54.9286,M,0.0000,M,0.0000,0
$GPRMC,221234.65,A,3726.1704280,N,12214.5950120,W,17.1747,297.1432,040121,,,,
$GPGGA,221235.67,3726.1749820,N,12214.6059380,W,1,0,0.0,55.9727,M,0.0000,M,0.0000,0
$GPRMC,221235.67,A,3726.1749820,N,12214.6059380,W,18.6516,297.6694,040121,,,,
$GPGGA,221236.66,3726.1798960,N,12214.6174400,W,1,0,0.0,57.0239,M,0.0000,M,0.0000,0
$GPRMC,221236.66,A,3726.1798960,N,12214.6174400,W,20.0808,298.4367,040121,,,,
$GPGGA,221237.65,3726.1853860,N,12214.6295540,W,1,0,0.0,58.2350,M,0.0000,M,0.0000,0
$GPRMC,221237.65,A,3726.1853860,N,12214.6295540,W,21.3135,300.5049,040121,,,,
$GPGGA,221238.66,3726.1918060,N,12214.6421300,W,1,0,0.0,59.5298,M,0.0000,M,0.0000,0
$GPRMC,221238.66,A,3726.1918060,N,12214.6421300,W,22.2233,304.2719,040121,,,,
$GPGGA,221239.65,3726.1990300,N,12214.6543640,W,1,0,0.0,60.8550,M,0.0000,M,0.0000,0
$GPRMC,221239.65,A,3726.1990300,N,12214.6543640,W,23.2207,308.2576,040121,,,,
$GPGGA,221240.67,3726.2074480,N,12214.6668140,W,1,0,0.0,62.3421,M,0.0000,M,0.0000,0
$GPRMC,221240.67,A,3726.2074480,N,12214.6668140,W,24.1810,311.5243,040121,,,,
$GPGGA,221241.66,3726.2163100,N,12214.6790840,W,1,0,0.0,63.8413,M,0.0000,M,0.0000,0
$GPRMC,221241.66,A,3726.2163100,N,12214.6790840,W,25.0804,312.2891,040121,,,,
$GPGGA,221242.65,3726.2255680,N,12214.6917560,W,1,0,0.0,65.2232,M,0.0000,M,0.0000,0
$GPRMC,221242.65,A,3726.2255680,N,12214.6917560,W,26.0485,312.5041,040121,,,,
$GPGGA,221243.67,3726.2354260,N,12214.7051180,W,1,0,0.0,66.4346,M,0.0000,M,0.0000,0
$GPRMC,221243.67,A,3726.2354260,N,12214.7051180,W,26.9252,312.8676,040121,,,,
$GPGGA,221244.65,3726.2454340,N,12214.7184860,W,1,0,0.0,67.5664,M,0.0000,M,0.0000,0
$GPRMC,221244.65,A,3726.2454340,N,12214.7184860,W,27.8993,313.2328,040121,,,,
$GPGGA,221245.67,3726.2561320,N,12214.7326100,W,1,0,0.0,68.7261,M,0.0000,M,0.0000,0
$GPRMC,221245.67,A,3726.2561320,N,12214.7326100,W,28.6977,313.7164,040121,,,,
$GPGGA,221246.66,3726.2668300,N,12214.7463980,W,1,0,0.0,69.9022,M,0.0000,M,0.0000,0
$GPRMC,221246.66,A,3726.2668300,N,12214.7463980,W,28.4387,314.4164,040121,,,,
$GPGGA,221247.65,3726.2774860,N,12214.7599160,W,1,0,0.0,71.1386,M,0.0000,M,0.0000,0
$GPRMC,221247.65,A,3726.2774860,N,12214.7599160,W,28.1956,314.6754,040121,,,,
$GPGGA,221248.66,3726.2883040,N,12214.7736620,W,1,0,0.0,72.2985,M,0.0000,M,0.0000,0
$GPRMC,221248.66,A,3726.2883040,N,12214.7736620,W,28.1319,314.2933,040121,,,,
$GPGGA,221249.65,3726.2988040,N,12214.7872340,W,1,0,0.0,73.4367,M,0.0000,M,0.0000,0
$GPRMC,221249.65,A,3726.2988040,N,12214.7872340,W,28.1506,313.9140,040121,,,,
$GPGGA,221250.74,3726.3102880,N,12214.8022100,W,1,0,0.0,74.7510,M,0.0000,M,0.0000,0
$GPRMC,221250.74,A,3726.3102880,N,12214.8022100,W,28.0567,313.7063,040121,,,,
$GPGGA,221251.46,3726.3177820,N,12214.8119960,W,1,0,0.0,75.5342,M,0.0000,M,0.0000,0
$GPRMC,221251.46,A,3726.3177820,N,12214.8119960,W,28.0598,313.6392,040121,,,,
$GPGGA,221252.59,3726.3295780,N,12214.8276740,W,1,0,0.0,76.8352,M,0.0000,M,0.0000,0
$GPRMC,221252.59,A,3726.3295780,N,12214.8276740,W,28.0409,312.8355,040121,,,,
$GPGGA,221254.56,3726.3499000,N,12214.8549260,W,1,0,0.0,79.0743,M,0.0000,M,0.0000,0
$GPRMC,221254.56,A,3726.3499000,N,12214.8549260,W,27.9579,313.3421,040121,,,,
$GPGGA,221255.44,3726.3591400,N,12214.8671540,W,1,0,0.0,80.0742,M,0.0000,M,0.0000,0
$GPRMC,221255.44,A,3726.3591400,N,12214.8671540,W,27.9628,313.3021,040121,,,,
$GPGGA,221256.66,3726.3716800,N,12214.8839360,W,1,0,0.0,81.4371,M,0.0000,M,0.0000,0
$GPRMC,221256.66,A,3726.3716800,N,12214.8839360,W,28.0039,312.5376,040121,,,,
$GPGGA,221257.65,3726.3817720,N,12214.8978380,W,1,0,0.0,82.5574,M,0.0000,M,0.0000,0
$GPRMC,221257.65,A,3726.3817720,N,12214.8978380,W,27.9776,311.9759,040121,,,,
$GPGGA,221258.76,3726.3930160,N,12214.9136000,W,1,0,0.0,83.8187,M,0.0000,M,0.0000,0
$GPRMC,221258.76,A,3726.3930160,N,12214.9136000,W,27.9321,311.5783,040121,,,,
$GPGGA,221259.45,3726.3999640,N,12214.9232960,W,1,0,0.0,84.6339,M,0.0000,M,0.0000,0
$GPRMC,221259.45,A,3726.3999640,N,12214.9232960,W,27.8901,312.2145,040121,,,,
$GPGGA,221300.61,3726.4118260,N,12214.9392440,W,1,0,0.0,85.9453,M,0.0000,M,0.0000,0
$GPRMC,221300.61,A,3726.4118260,N,12214.9392440,W,27.8386,313.5409,040121,,,,
$GPGGA,221301.78,3726.4240240,N,12214.9552100,W,1,0,0.0,87.2648,M,0.0000,M,0.0000,0
$GPRMC,221301.78,A,3726.4240240,N,12214.9552100,W,27.8199,313.7783,040121,,,,
$GPGGA,221302.65,3726.4331320,N,12214.9670840,W,1,0,0.0,88.2283,M,0.0000,M,0.0000,0
$GPRMC,221302.65,A,3726.4331320,N,12214.9670840,W,27.7909,313.8744,040121,,,,
$GPGGA,221303.66,3726.4436620,N,12214.9807700,W,1,0,0.0,89.3130,M,0.0000,M,0.0000,0
$GPRMC,221303.66,A,3726.4436620,N,12214.9807700,W,27.7623,313.8759,040121,,,,
$GPGGA,221304.65,3726.4539880,N,12214.9941680,W,1,0,0.0,90.4331,M,0.0000,M,0.0000,0
$GPRMC,221304.65,A,3726.4539880,N,12214.9941680,W,27.7130,314.0425,040121,,,,
$GPGGA,221305.64,3726.4643380,N,12215.0074880,W,1,0,0.0,91.5096,M,0.0000,M,0.0000,0
$GPRMC,221305.64,A,3726.4643380,N,12215.0074880,W,27.6746,314.1560,040121,,,,
$GPGGA,221306.66,3726.4748680,N,12215.0211020,W,1,0,0.0,92.6083,M,0.0000,M,0.0000,0
$GPRMC,221306.66,A,3726.4748680,N,12215.0211020,W,27.6386,313.8214,040121,,,,
$GPGGA,221307.65,3726.4851580,N,12215.0345000,W,1,0,0.0,93.7250,M,0.0000,M,0.0000,0
$GPRMC,221307.65,A,3726.4851580,N,12215.0345000,W,27.5789,313.8959,040121,,,,
$GPGGA,221308.66,3726.4955680,N,12215.0480540,W,1,0,0.0,94.9156,M,0.0000,M,0.0000,0
$GPRMC,221308.66,A,3726.4955680,N,12215.0480540,W,27.4956,313.8892,040121,,,,
$GPGGA,221309.59,3726.5052040,N,12215.0605820,W,1,0,0.0,96.0036,M,0.0000,M,0.0000,0
$GPRMC,221309.59,A,3726.5052040,N,12215.0605820,W,27.4459,313.9183,040121,,,,
$GPGGA,221310.78,3726.5173960,N,12215.0766260,W,1,0,0.0,97.4058,M,0.0000,M,0.0000,0
$GPRMC,221310.78,A,3726.5173960,N,12215.0766260,W,27.3699,313.2010,040121,,,,
$GPGGA,221311.66,3726.5261920,N,12215.0885360,W,1,0,0.0,98.3879,M,0.0000,M,0.0000,0
$GPRMC,221311.66,A,3726.5261920,N,12215.0885360,W,27.3184,312.2405,040121,,,,
$GPGGA,221312.65,3726.5358580,N,12215.1022700,W,1,0,0.0,99.4864,M,0.0000,M,0.0000,0
$GPRMC,221312.65,A,3726.5358580,N,12215.1022700,W,27.2460,310.4828,040121,,,,
$GPGGA,221313.66,3726.5453260,N,12215.1166640,W,1,0,0.0,100.5684,M,0.0000,M,0.0000,0
$GPRMC,221313.66,A,3726.5453260,N,12215.1166640,W,27.1682,308.6258,040121,,,,
$GPGGA,221314.65,3726.5542240,N,12215.1310280,W,1,0,0.0,101.6174,M,0.0000,M,0.0000,0
$GPRMC,221314.65,A,3726.5542240,N,12215.1310280,W,27.0613,306.9754,040121,,,,
$GPGGA,221315.67,3726.5629420,N,12215.1460340,W,1,0,0.0,102.7246,M,0.0000,M,0.0000,0
$GPRMC,221315.67,A,3726.5629420,N,12215.1460340,W,26.8831,305.2816,040121,,,,
$GPGGA,221316.66,3726.5711080,N,12215.1609020,W,1,0,0.0,103.7829,M,0.0000,M,0.0000,0
$GPRMC,221316.66,A,3726.5711080,N,12215.1609020,W,26.7708,303.7827,040121,,,,
$GPGGA,221317.64,3726.5788120,N,12215.1758660,W,1,0,0.0,104.8114,M,0.0000,M,0.0000,0
$GPRMC,221317.64,A,3726.5788120,N,12215.1758660,W,26.6937,302.0663,040121,,,,
$GPGGA,221318.66,3726.5864260,N,12215.1916340,W,1,0,0.0,105.9064,M,0.0000,M,0.0000,0
$GPRMC,221318.66,A,3726.5864260,N,12215.1916340,W,26.7175,300.3013,040121,,,,
$GPGGA,221319.65,3726.5935540,N,12215.2072400,W,1,0,0.0,106.9358,M,0.0000,M,0.0000,0
$GPRMC,221319.65,A,3726.5935540,N,12215.2072400,W,26.7745,299.1666,040121,,,,
$GPGGA,221320.64,3726.6003460,N,12215.2230980,W,1,0,0.0,108.0009,M,0.0000,M,0.0000,0
$GPRMC,221320.64,A,3726.6003460,N,12215.2230980,W,26.8478,297.4634,040121,,,,
$GPGGA,221321.66,3726.6069400,N,12215.2396220,W,1,0,0.0,109.0860,M,0.0000,M,0.0000,0
$GPRMC,221321.66,A,3726.6069400,N,12215.2396220,W,26.9461,295.6009,040121,,,,
$GPGGA,221322.65,3726.6129580,N,12215.2560560,W,1,0,0.0,110.1642,M,0.0000,M,0.0000,0
$GPRMC,221322.65,A,3726.6129580,N,12215.2560560,W,27.0254,293.6659,040121,,,,
$GPGGA,221323.66,3726.6186760,N,12215.2732220,W,1,0,0.0,111.2533,M,0.0000,M,0.0000,0
$GPRMC,221323.66,A,3726.6186760,N,12215.2732220,W,27.1031,291.8352,040121,,,,
$GPGGA,221324.65,3726.6239200,N,12215.2902800,W,1,0,0.0,112.2987,M,0.0000,M,0.0000,0
$GPRMC,221324.65,A,3726.6239200,N,12215.2902800,W,27.1611,290.3182,040121,,,,
$GPGGA,221325.64,3726.6287920,N,12215.3074700,W,1,0,0.0,113.3760,M,0.0000,M,0.0000,0
$GPRMC,221325.64,A,3726.6287920,N,12215.3074700,W,27.2142,288.8261,040121,,,,
$GPGGA,221326.66,3726.6334540,N,12215.3252720,W,1,0,0.0,114.4880,M,0.0000,M,0.0000,0
$GPRMC,221326.66,A,3726.6334540,N,12215.3252720,W,27.2711,287.3848,040121,,,,
$GPGGA,221327.65,3726.6376120,N,12215.3428160,W,1,0,0.0,115.5540,M,0.0000,M,0.0000,0
$GPRMC,221327.65,A,3726.6376120,N,12215.3428160,W,27.3074,285.6522,040121,,,,
$GPGGA,221328.66,3726.6414040,N,12215.3609660,W,1,0,0.0,116.6632,M,0.0000,M,0.0000,0
$GPRMC,221328.66,A,3726.6414040,N,12215.3609660,W,27.3618,283.7327,040121,,,,
$GPGGA,221329.65,3726.6446740,N,12215.3788880,W,1,0,0.0,117.7091,M,0.0000,M,0.0000,0
$GPRMC,221329.65,A,3726.6446740,N,12215.3788880,W,27.4075,282.0423,040121,,,,
$GPGGA,221330.67,3726.6476020,N,12215.3973860,W,1,0,0.0,118.7260,M,0.0000,M,0.0000,0
$GPRMC,221330.67,A,3726.6476020,N,12215.3973860,W,27.4757,280.3722,040121,,,,
$GPGGA,221331.66,3726.6500560,N,12215.4156560,W,1,0,0.0,119.6624,M,0.0000,M,0.0000,0
$GPRMC,221331.66,A,3726.6500560,N,12215.4156560,W,27.5348,278.6414,040121,,,,
$GPGGA,221332.65,3726.6520660,N,12215.4340340,W,1,0,0.0,120.5338,M,0.0000,M,0.0000,0
$GPRMC,221332.65,A,3726.6520660,N,12215.4340340,W,27.6176,276.9012,040121,,,,
$GPGGA,221333.66,3726.6536800,N,12215.4529520,W,1,0,0.0,121.3844,M,0.0000,M,0.0000,0
$GPRMC,221333.66,A,3726.6536800,N,12215.4529520,W,27.9543,275.1606,040121,,,,
$GPGGA,221334.65,3726.6548020,N,12215.4717620,W,1,0,0.0,122.1799,M,0.0000,M,0.0000,0
$GPRMC,221334.65,A,3726.6548020,N,12215.4717620,W,28.1317,273.3632,040121,,,,
$GPGGA,221335.58,3726.6554320,N,12215.4894020,W,1,0,0.0,122.8252,M,0.0000,M,0.0000,0
$GPRMC,221335.58,A,3726.6554320,N,12215.4894020,W,28.0373,271.7326,040121,,,,
$GPGGA,221336.72,3726.6556240,N,12215.5110140,W,1,0,0.0,123.5663,M,0.0000,M,0.0000,0
$GPRMC,221336.72,A,3726.6556240,N,12215.5110140,W,27.9968,269.5029,040121,,,,
$GPGGA,221337.71,3726.6552940,N,12215.5298720,W,1,0,0.0,124.1601,M,0.0000,M,0.0000,0
$GPRMC,221337.71,A,3726.6552940,N,12215.5298720,W,28.0494,267.9497,040121,,,,
$GPGGA,221338.78,3726.6544720,N,12215.5502360,W,1,0,0.0,124.6845,M,0.0000,M,0.0000,0
$GPRMC,221338.78,A,3726.6544720,N,12215.5502360,W,28.1428,266.1263,040121,,,,
$GPGGA,221339.60,3726.6535540,N,12215.5657160,W,1,0,0.0,125.0181,M,0.0000,M,0.0000,0
$GPRMC,221339.60,A,3726.6535540,N,12215.5657160,W,28.2163,265.3275,040121,,,,
$GPGGA,221340.72,3726.6520240,N,12215.5872680,W,1,0,0.0,125.4249,M,0.0000,M,0.0000,0
$GPRMC,221340.72,A,3726.6520240,N,12215.5872680,W,28.2857,264.3706,040121,,,,
$GPGGA,221341.72,3726.6504820,N,12215.6062640,W,1,0,0.0,125.6994,M,0.0000,M,0.0000,0
$GPRMC,221341.72,A,3726.6504820,N,12215.6062640,W,28.4114,263.9984,040121,,,,
$GPGGA,221342.77,3726.6488500,N,12215.6264900,W,1,0,0.0,125.9432,M,0.0000,M,0.0000,0
$GPRMC,221342.77,A,3726.6488500,N,12215.6264900,W,28.5930,264.3027,040121,,,,
$GPGGA,221343.66,3726.6475240,N,12215.6437880,W,1,0,0.0,126.0717,M,0.0000,M,0.0000,0
$GPRMC,221343.66,A,3726.6475240,N,12215.6437880,W,28.7496,264.4459,040121,,,,
$GPGGA,221344.65,3726.6460360,N,12215.6630600,W,1,0,0.0,126.2314,M,0.0000,M,0.0000,0
$GPRMC,221344.65,A,3726.6460360,N,12215.6630600,W,28.9017,264.2374,040121,,,,
$GPGGA,221345.64,3726.6444760,N,12215.6823680,W,1,0,0.0,126.4414,M,0.0000,M,0.0000,0
$GPRMC,221345.64,A,3726.6444760,N,12215.6823680,W,28.8918,264.1091,040121,,,,
$GPGGA,221346.60,3726.6429820,N,12215.7009380,W,1,0,0.0,126.6406,M,0.0000,M,0.0000,0
$GPRMC,221346.60,A,3726.6429820,N,12215.7009380,W,28.8162,264.1501,040121,,,,
$GPGGA,221347.77,3726.6411700,N,12215.7236900,W,1,0,0.0,126.8333,M,0.0000,M,0.0000,0
$GPRMC,221347.77,A,3726.6411700,N,12215.7236900,W,28.7805,264.2388,040121,,,,
$GPGGA,221348.66,3726.6397960,N,12215.7410300,W,1,0,0.0,126.9838,M,0.0000,M,0.0000,0
$GPRMC,221348.66,A,3726.6397960,N,12215.7410300,W,28.6963,264.2263,040121,,,,
$GPGGA,221349.65,3726.6382720,N,12215.7601400,W,1,0,0.0,127.1439,M,0.0000,M,0.0000,0
$GPRMC,221349.65,A,3726.6382720,N,12215.7601400,W,28.5794,264.0945,040121,,,,
$GPGGA,221350.67,3726.6366940,N,12215.7796400,W,1,0,0.0,127.2237,M,0.0000,M,0.0000,0
$GPRMC,221350.67,A,3726.6366940,N,12215.7796400,W,28.4374,264.0681,040121,,,,
$GPGGA,221351.60,3726.6352540,N,12215.7974420,W,1,0,0.0,127.3695,M,0.0000,M,0.0000,0
$GPRMC,221351.60,A,3726.6352540,N,12215.7974420,W,28.3221,264.2281,040121,,,,
$GPGGA,221352.77,3726.6334900,N,12215.8198220,W,1,0,0.0,127.5159,M,0.0000,M,0.0000,0
$GPRMC,221352.77,A,3726.6334900,N,12215.8198220,W,28.2705,264.3315,040121,,,,
$GPGGA,221353.66,3726.6322720,N,12215.8368380,W,1,0,0.0,127.6576,M,0.0000,M,0.0000,0
$GPRMC,221353.66,A,3726.6322720,N,12215.8368380,W,28.2167,265.3809,040121,,,,
$GPGGA,221354.65,3726.6313000,N,12215.8557560,W,1,0,0.0,127.7185,M,0.0000,M,0.0000,0
$GPRMC,221354.65,A,3726.6313000,N,12215.8557560,W,28.1967,267.1250,040121,,,,
$GPGGA,221355.64,3726.6307840,N,12215.8747160,W,1,0,0.0,127.7001,M,0.0000,M,0.0000,0
$GPRMC,221355.64,A,3726.6307840,N,12215.8747160,W,28.1816,268.6832,040121,,,,
$GPGGA,221356.66,3726.6306880,N,12215.8940900,W,1,0,0.0,127.6435,M,0.0000,M,0.0000,0
$GPRMC,221356.66,A,3726.6306880,N,12215.8940900,W,28.1849,270.2461,040121,,,,
$GPGGA,221357.75,3726.6309880,N,12215.9149880,W,1,0,0.0,127.5468,M,0.0000,M,0.0000,0
$GPRMC,221357.75,A,3726.6309880,N,12215.9149880,W,28.2465,271.6716,040121,,,,
$GPGGA,221358.46,3726.6314500,N,12215.9285780,W,1,0,0.0,127.4355,M,0.0000,M,0.0000,0
$GPRMC,221358.46,A,3726.6314500,N,12215.9285780,W,28.2894,272.9395,040121,,,,
$GPGGA,221359.65,3726.6327640,N,12215.9514620,W,1,0,0.0,127.2075,M,0.0000,M,0.0000,0
$GPRMC,221359.65,A,3726.6327640,N,12215.9514620,W,28.3940,275.1132,040121,,,,
$GPGGA,221400.67,3726.6344020,N,12215.9708720,W,1,0,0.0,126.9347,M,0.0000,M,0.0000,0
$GPRMC,221400.67,A,3726.6344020,N,12215.9708720,W,28.4766,276.7227,040121,,,,
$GPGGA,221401.66,3726.6364060,N,12215.9898740,W,1,0,0.0,126.6216,M,0.0000,M,0.0000,0
$GPRMC,221401.66,A,3726.6364060,N,12215.9898740,W,28.6009,278.1055,040121,,,,
$GPGGA,221402.65,3726.6388120,N,12216.0089360,W,1,0,0.0,126.2656,M,0.0000,M,0.0000,0
$GPRMC,221402.65,A,3726.6388120,N,12216.0089360,W,28.7405,279.5240,040121,,,,
$GPGGA,221403.76,3726.6419500,N,12216.0303500,W,1,0,0.0,125.8132,M,0.0000,M,0.0000,0
$GPRMC,221403.76,A,3726.6419500,N,12216.0303500,W,28.8994,281.1379,040121,,,,
$GPGGA,221404.45,3726.6441520,N,12216.0435680,W,1,0,0.0,125.5418,M,0.0000,M,0.0000,0
$GPRMC,221404.45,A,3726.6441520,N,12216.0435680,W,28.9986,282.3222,040121,,,,
$GPGGA,221405.75,3726.6489400,N,12216.0683240,W,1,0,0.0,125.0141,M,0.0000,M,0.0000,0
$GPRMC,221405.75,A,3726.6489400,N,12216.0683240,W,29.0165,284.7831,040121,,,,
$GPGGA,221406.56,3726.6523720,N,12216.0837140,W,1,0,0.0,124.6786,M,0.0000,M,0.0000,0
$GPRMC,221406.56,A,3726.6523720,N,12216.0837140,W,28.9954,286.2783,040121,,,,
$GPGGA,221407.44,3726.6564820,N,12216.1003700,W,1,0,0.0,124.3066,M,0.0000,M,0.0000,0
$GPRMC,221407.44,A,3726.6564820,N,12216.1003700,W,29.0159,287.8323,040121,,,,
$GPGGA,221408.66,3726.6627220,N,12216.1230140,W,1,0,0.0,123.7946,M,0.0000,M,0.0000,0
$GPRMC,221408.66,A,3726.6627220,N,12216.1230140,W,29.0559,290.0435,040121,,,,
$GPGGA,221409.65,3726.6682540,N,12216.1412660,W,1,0,0.0,123.3783,M,0.0000,M,0.0000,0
$GPRMC,221409.65,A,3726.6682540,N,12216.1412660,W,29.0930,291.2823,040121,,,,
$GPGGA,221410.67,3726.6742660,N,12216.1598000,W,1,0,0.0,122.8716,M,0.0000,M,0.0000,0
$GPRMC,221410.67,A,3726.6742660,N,12216.1598000,W,29.1355,292.9130,040121,,,,
$GPGGA,221411.66,3726.6805840,N,12216.1777820,W,1,0,0.0,122.4483,M,0.0000,M,0.0000,0
$GPRMC,221411.66,A,3726.6805840,N,12216.1777820,W,29.2081,294.3251,040121,,,,
$GPGGA,221412.65,3726.6872140,N,12216.1955000,W,1,0,0.0,122.0796,M,0.0000,M,0.0000,0
$GPRMC,221412.65,A,3726.6872140,N,12216.1955000,W,29.2348,295.8805,040121,,,,
$GPGGA,221413.66,3726.6944860,N,12216.2134640,W,1,0,0.0,121.7085,M,0.0000,M,0.0000,0
$GPRMC,221413.66,A,3726.6944860,N,12216.2134640,W,29.3068,297.8493,040121,,,,
$GPGGA,221414.65,3726.7020760,N,12216.2307500,W,1,0,0.0,121.3196,M,0.0000,M,0.0000,0
$GPRMC,221414.65,A,3726.7020760,N,12216.2307500,W,29.4042,299.5482,040121,,,,
$GPGGA,221415.67,3726.7102540,N,12216.2482340,W,1,0,0.0,120.9993,M,0.0000,M,0.0000,0
$GPRMC,221415.67,A,3726.7102540,N,12216.2482340,W,29.4687,301.0044,040121,,,,
$GPGGA,221416.65,3726.7185040,N,12216.2649320,W,1,0,0.0,120.7828,M,0.0000,M,0.0000,0
$GPRMC,221416.65,A,3726.7185040,N,12216.2649320,W,29.5335,302.4991,040121,,,,
$GPGGA,221417.64,3726.7271920,N,12216.2814680,W,1,0,0.0,120.6482,M,0.0000,M,0.0000,0
$GPRMC,221417.64,A,3726.7271920,N,12216.2814680,W,29.5285,304.0840,040121,,,,
$GPGGA,221418.66,3726.7365880,N,12216.2982320,W,1,0,0.0,120.5895,M,0.0000,M,0.0000,0
$GPRMC,221418.66,A,3726.7365880,N,12216.2982320,W,29.5330,306.1198,040121,,,,
$GPGGA,221419.65,3726.7461460,N,12216.3140180,W,1,0,0.0,120.6136,M,0.0000,M,0.0000,0
$GPRMC,221419.65,A,3726.7461460,N,12216.3140180,W,29.5521,308.0525,040121,,,,
$GPGGA,221420.64,3726.7561120,N,12216.3294620,W,1,0,0.0,120.7267,M,0.0000,M,0.0000,0
$GPRMC,221420.64,A,3726.7561120,N,12216.3294620,W,29.5735,309.8660,040121,,,,
$GPGGA,221421.65,3726.7666240,N,12216.3447560,W,1,0,0.0,120.9341,M,0.0000,M,0.0000,0
$GPRMC,221421.65,A,3726.7666240,N,12216.3447560,W,29.5659,311.1606,040121,,,,
$GPGGA,221422.64,3726.7770580,N,12216.3597020,W,1,0,0.0,121.2050,M,0.0000,M,0.0000,0
$GPRMC,221422.64,A,3726.7770580,N,12216.3597020,W,29.5545,310.9860,040121,,,,
$GPGGA,221423.66,3726.7877560,N,12216.3751220,W,1,0,0.0,121.5781,M,0.0000,M,0.0000,0
$GPRMC,221423.66,A,3726.7877560,N,12216.3751220,W,29.5281,311.0068,040121,,,,
$GPGGA,221424.65,3726.7981120,N,12216.3899060,W,1,0,0.0,121.9859,M,0.0000,M,0.0000,0
$GPRMC,221424.65,A,3726.7981120,N,12216.3899060,W,29.5150,311.1740,040121,,,,
$GPGGA,221425.65,3726.8086300,N,12216.4049360,W,1,0,0.0,122.4848,M,0.0000,M,0.0000,0
$GPRMC,221425.65,A,3726.8086300,N,12216.4049360,W,29.4424,311.2023,040121,,,,
$GPGGA,221426.65,3726.8191420,N,12216.4199360,W,1,0,0.0,123.0057,M,0.0000,M,0.0000,0
$GPRMC,221426.65,A,3726.8191420,N,12216.4199360,W,29.3637,311.2013,040121,,,,
$GPGGA,221427.64,3726.8295640,N,12216.4347860,W,1,0,0.0,123.6249,M,0.0000,M,0.0000,0
$GPRMC,221427.64,A,3726.8295640,N,12216.4347860,W,29.3843,311.3730,040121,,,,
$GPGGA,221428.66,3726.8403160,N,12216.4500980,W,1,0,0.0,124.3554,M,0.0000,M,0.0000,0
$GPRMC,221428.66,A,3726.8403160,N,12216.4500980,W,29.5740,311.1963,040121,,,,
$GPGGA,221429.65,3726.8507860,N,12216.4650860,W,1,0,0.0,125.1330,M,0.0000,M,0.0000,0
$GPRMC,221429.65,A,3726.8507860,N,12216.4650860,W,29.7366,311.0749,040121,,,,
$GPGGA,221430.63,3726.8611600,N,12216.4799780,W,1,0,0.0,125.9564,M,0.0000,M,0.0000,0
$GPRMC,221430.63,A,3726.8611600,N,12216.4799780,W,29.7156,311.0318,040121,,,,
$GPGGA,221431.65,3726.8718880,N,12216.4953680,W,1,0,0.0,126.8187,M,0.0000,M,0.0000,0
$GPRMC,221431.65,A,3726.8718880,N,12216.4953680,W,29.6842,311.0823,040121,,,,
$GPGGA,221432.64,3726.8823940,N,12216.5103380,W,1,0,0.0,127.6768,M,0.0000,M,0.0000,0
$GPRMC,221432.64,A,3726.8823940,N,12216.5103380,W,29.6449,311.4657,040121,,,,
$GPGGA,221433.66,3726.8932600,N,12216.5256920,W,1,0,0.0,128.5605,M,0.0000,M,0.0000,0
$GPRMC,221433.66,A,3726.8932600,N,12216.5256920,W,29.6061,311.5312,040121,,,,
$GPGGA,221434.65,3726.9037720,N,12216.5405360,W,1,0,0.0,129.4179,M,0.0000,M,0.0000,0
$GPRMC,221434.65,A,3726.9037720,N,12216.5405360,W,29.4693,311.5152,040121,,,,
$GPGGA,221435.64,3726.9141940,N,12216.5552960,W,1,0,0.0,130.2437,M,0.0000,M,0.0000,0
$GPRMC,221435.64,A,3726.9141940,N,12216.5552960,W,29.2542,311.2853,040121,,,,
$GPGGA,221436.65,3726.9246760,N,12216.5703200,W,1,0,0.0,131.0780,M,0.0000,M,0.0000,0
$GPRMC,221436.65,A,3726.9246760,N,12216.5703200,W,29.0684,311.0066,040121,,,,
$GPGGA,221437.65,3726.9349360,N,12216.5850740,W,1,0,0.0,131.8863,M,0.0000,M,0.0000,0
$GPRMC,221437.65,A,3726.9349360,N,12216.5850740,W,28.9020,310.8500,040121,,,,
$GPGGA,221438.66,3726.9452380,N,12216.6000800,W,1,0,0.0,132.7107,M,0.0000,M,0.0000,0
$GPRMC,221438.66,A,3726.9452380,N,12216.6000800,W,28.7971,310.3868,040121,,,,
$GPGGA,221439.65,3726.9551860,N,12216.6148160,W,1,0,0.0,133.4801,M,0.0000,M,0.0000,0
$GPRMC,221439.65,A,3726.9551860,N,12216.6148160,W,28.7529,309.9280,040121,,,,
$GPGGA,221440.65,3726.9651040,N,12216.6296540,W,1,0,0.0,134.1990,M,0.0000,M,0.0000,0
$GPRMC,221440.65,A,3726.9651040,N,12216.6296540,W,28.7551,309.7819,040121,,,,
$GPGGA,221441.66,3726.9751660,N,12216.6447980,W,1,0,0.0,134.8570,M,0.0000,M,0.0000,0
$GPRMC,221441.66,A,3726.9751660,N,12216.6447980,W,28.7769,309.5909,040121,,,,
$GPGGA,221442.65,3726.9850120,N,12216.6597380,W,1,0,0.0,135.3651,M,0.0000,M,0.0000,0
$GPRMC,221442.65,A,3726.9850120,N,12216.6597380,W,28.8206,309.4466,040121,,,,
$GPGGA,221443.66,3726.9950620,N,12216.6749960,W,1,0,0.0,135.9054,M,0.0000,M,0.0000,0
$GPRMC,221443.66,A,3726.9950620,N,12216.6749960,W,28.9171,309.4466,040121,,,,
$GPGGA,221444.65,3727.0049680,N,12216.6900440,W,1,0,0.0,136.3644,M,0.0000,M,0.0000,0
$GPRMC,221444.65,A,3727.0049680,N,12216.6900440,W,29.0014,309.4846,040121,,,,
$GPGGA,221445.66,3727.0150660,N,12216.7053380,W,1,0,0.0,136.8071,M,0.0000,M,0.0000,0
$GPRMC,221445.66,A,3727.0150660,N,12216.7053380,W,29.0232,309.6658,040121,,,,
$GPGGA,221446.66,3727.0250440,N,12216.7203740,W,1,0,0.0,137.2805,M,0.0000,M,0.0000,0
$GPRMC,221446.66,A,3727.0250440,N,12216.7203740,W,29.0334,309.6616,040121,,,,
$GPGGA,221447.65,3727.0350160,N,12216.7354340,W,1,0,0.0,137.6149,M,0.0000,M,0.0000,0
$GPRMC,221447.65,A,3727.0350160,N,12216.7354340,W,29.0528,309.5043,040121,,,,
$GPGGA,221448.66,3727.0451500,N,12216.7508180,W,1,0,0.0,137.8288,M,0.0000,M,0.0000,0
$GPRMC,221448.66,A,3727.0451500,N,12216.7508180,W,29.1693,309.6055,040121,,,,
$GPGGA,221449.65,3727.0551700,N,12216.7659080,W,1,0,0.0,138.0008,M,0.0000,M,0.0000,0
$GPRMC,221449.65,A,3727.0551700,N,12216.7659080,W,29.3196,309.6201,040121,,,,
$GPGGA,221450.64,3727.0652200,N,12216.7811540,W,1,0,0.0,138.0396,M,0.0000,M,0.0000,0
$GPRMC,221450.64,A,3727.0652200,N,12216.7811540,W,29.5203,309.4896,040121,,,,
$GPGGA,221451.66,3727.0755580,N,12216.7968260,W,1,0,0.0,138.0828,M,0.0000,M,0.0000,0
$GPRMC,221451.66,A,3727.0755580,N,12216.7968260,W,29.6480,309.4907,040121,,,,
$GPGGA,221452.65,3727.0856920,N,12216.8122160,W,1,0,0.0,138.1030,M,0.0000,M,0.0000,0
$GPRMC,221452.65,A,3727.0856920,N,12216.8122160,W,29.6691,309.3704,040121,,,,
$GPGGA,221453.66,3727.0960000,N,12216.8279540,W,1,0,0.0,138.0575,M,0.0000,M,0.0000,0
$GPRMC,221453.66,A,3727.0960000,N,12216.8279540,W,29.7597,309.2248,040121,,,,
$GPGGA,221454.65,3727.1061340,N,12216.8434580,W,1,0,0.0,137.9182,M,0.0000,M,0.0000,0
$GPRMC,221454.65,A,3727.1061340,N,12216.8434580,W,29.8643,309.2615,040121,,,,
$GPGGA,221455.65,3727.1163340,N,12216.8589740,W,1,0,0.0,137.7836,M,0.0000,M,0.0000,0
$GPRMC,221455.65,A,3727.1163340,N,12216.8589740,W,29.8826,309.5082,040121,,,,
$GPGGA,221456.66,3727.1267740,N,12216.8747900,W,1,0,0.0,137.5419,M,0.0000,M,0.0000,0
$GPRMC,221456.66,A,3727.1267740,N,12216.8747900,W,29.9117,309.4647,040121,,,,
$GPGGA,221457.65,3727.1370160,N,12216.8903360,W,1,0,0.0,137.2223,M,0.0000,M,0.0000,0
$GPRMC,221457.65,A,3727.1370160,N,12216.8903360,W,30.0554,309.4096,040121,,,,
$GPGGA,221458.66,3727.1474920,N,12216.9062600,W,1,0,0.0,136.8434,M,0.0000,M,0.0000,0
$GPRMC,221458.66,A,3727.1474920,N,12216.9062600,W,30.2304,309.4526,040121,,,,
$GPGGA,221459.65,3727.1578720,N,12216.9219980,W,1,0,0.0,136.4066,M,0.0000,M,0.0000,0
$GPRMC,221459.65,A,3727.1578720,N,12216.9219980,W,30.4482,309.4599,040121,,,,
$GPGGA,221500.64,3727.1682700,N,12216.9377960,W,1,0,0.0,135.9308,M,0.0000,M,0.0000,0
$GPRMC,221500.64,A,3727.1682700,N,12216.9377960,W,30.7063,309.2710,040121,,,,
$GPGGA,221501.66,3727.1790100,N,12216.9542960,W,1,0,0.0,135.3817,M,0.0000,M,0.0000,0
$GPRMC,221501.66,A,3727.1790100,N,12216.9542960,W,31.0120,309.0507,040121,,,,
$GPGGA,221502.65,3727.1895340,N,12216.9705200,W,1,0,0.0,134.7582,M,0.0000,M,0.0000,0
$GPRMC,221502.65,A,3727.1895340,N,12216.9705200,W,31.3652,309.1176,040121,,,,
$GPGGA,221503.66,3727.2005080,N,12216.9873140,W,1,0,0.0,134.0575,M,0.0000,M,0.0000,0
$GPRMC,221503.66,A,3727.2005080,N,12216.9873140,W,31.8115,309.4178,040121,,,,
$GPGGA,221504.66,3727.2114520,N,12217.0039400,W,1,0,0.0,133.3476,M,0.0000,M,0.0000,0
$GPRMC,221504.66,A,3727.2114520,N,12217.0039400,W,32.1885,309.4352,040121,,,,
$GPGGA,221505.67,3727.2226960,N,12217.0210160,W,1,0,0.0,132.6370,M,0.0000,M,0.0000,0
$GPRMC,221505.67,A,3727.2226960,N,12217.0210160,W,32.3693,309.4770,040121,,,,
$GPGGA,221506.66,3727.2337480,N,12217.0378040,W,1,0,0.0,131.9435,M,0.0000,M,0.0000,0
$GPRMC,221506.66,A,3727.2337480,N,12217.0378040,W,32.5354,309.3256,040121,,,,
$GPGGA,221507.65,3727.2448420,N,12217.0547720,W,1,0,0.0,131.2211,M,0.0000,M,0.0000,0
$GPRMC,221507.65,A,3727.2448420,N,12217.0547720,W,32.7190,309.2823,040121,,,,
$GPGGA,221508.66,3727.2562600,N,12217.0721720,W,1,0,0.0,130.4961,M,0.0000,M,0.0000,0
$GPRMC,221508.66,A,3727.2562600,N,12217.0721720,W,32.8497,309.4055,040121,,,,
$GPGGA,221509.65,3727.2674560,N,12217.0892000,W,1,0,0.0,129.7844,M,0.0000,M,0.0000,0
$GPRMC,221509.65,A,3727.2674560,N,12217.0892000,W,32.9497,309.3776,040121,,,,
$GPGGA,221510.64,3727.2787240,N,12217.1063240,W,1,0,0.0,129.0467,M,0.0000,M,0.0000,0
$GPRMC,221510.64,A,3727.2787240,N,12217.1063240,W,33.0916,309.5323,040121,,,,
$GPGGA,221511.66,3727.2902860,N,12217.1238860,W,1,0,0.0,128.3213,M,0.0000,M,0.0000,0
$GPRMC,221511.66,A,3727.2902860,N,12217.1238860,W,33.2592,309.3188,040121,,,,
$GPGGA,221512.65,3727.3016680,N,12217.1412500,W,1,0,0.0,127.5969,M,0.0000,M,0.0000,0
$GPRMC,221512.65,A,3727.3016680,N,12217.1412500,W,33.4237,309.3119,040121,,,,
$GPGGA,221513.66,3727.3132900,N,12217.1589800,W,1,0,0.0,126.8155,M,0.0000,M,0.0000,0
$GPRMC,221513.66,A,3727.3132900,N,12217.1589800,W,33.4852,309.4456,040121,,,,
$GPGGA,221514.65,3727.3246960,N,12217.1762960,W,1,0,0.0,126.0770,M,0.0000,M,0.0000,0
$GPRMC,221514.65,A,3727.3246960,N,12217.1762960,W,33.2519,309.3915,040121,,,,
$GPGGA,221515.67,3727.3362160,N,12217.1938580,W,1,0,0.0,125.2835,M,0.0000,M,0.0000,0
$GPRMC,221515.67,A,3727.3362160,N,12217.1938580,W,32.9727,309.3303,040121,,,,
$GPGGA,221516.65,3727.3473940,N,12217.2107900,W,1,0,0.0,124.4921,M,0.0000,M,0.0000,0
$GPRMC,221516.65,A,3727.3473940,N,12217.2107900,W,32.6876,309.6979,040121,,,,
$GPGGA,221517.65,3727.3586860,N,12217.2275960,W,1,0,0.0,123.7486,M,0.0000,M,0.0000,0
$GPRMC,221517.65,A,3727.3586860,N,12217.2275960,W,32.3676,310.6656,040121,,,,
$GPGGA,221518.66,3727.3704040,N,12217.2440780,W,1,0,0.0,123.1739,M,0.0000,M,0.0000,0
$GPRMC,221518.66,A,3727.3704040,N,12217.2440780,W,31.9838,312.8392,040121,,,,
$GPGGA,221519.65,3727.3822180,N,12217.2594080,W,1,0,0.0,122.7853,M,0.0000,M,0.0000,0
$GPRMC,221519.65,A,3727.3822180,N,12217.2594080,W,31.5779,315.0073,040121,,,,
$GPGGA,221520.65,3727.3943860,N,12217.2740960,W,1,0,0.0,122.5473,M,0.0000,M,0.0000,0
$GPRMC,221520.65,A,3727.3943860,N,12217.2740960,W,31.1697,316.9589,040121,,,,
$GPGGA,221521.66,3727.4070040,N,12217.2884000,W,1,0,0.0,122.4004,M,0.0000,M,0.0000,0
$GPRMC,221521.66,A,3727.4070040,N,12217.2884000,W,31.0360,318.6158,040121,,,,
$GPGGA,221522.65,3727.4196280,N,12217.3018400,W,1,0,0.0,122.4141,M,0.0000,M,0.0000,0
$GPRMC,221522.65,A,3727.4196280,N,12217.3018400,W,31.0092,320.6614,040121,,,,
$GPGGA,221523.66,3727.4330200,N,12217.3150220,W,1,0,0.0,122.5418,M,0.0000,M,0.0000,0
$GPRMC,221523.66,A,3727.4330200,N,12217.3150220,W,30.9348,322.8654,040121,,,,
$GPGGA,221524.65,3727.4463400,N,12217.3272680,W,1,0,0.0,122.8496,M,0.0000,M,0.0000,0
$GPRMC,221524.65,A,3727.4463400,N,12217.3272680,W,30.7832,324.5569,040121,,,,
$GPGGA,221525.64,3727.4599180,N,12217.3389200,W,1,0,0.0,123.2624,M,0.0000,M,0.0000,0
$GPRMC,221525.64,A,3727.4599180,N,12217.3389200,W,30.5817,326.6972,040121,,,,
$GPGGA,221526.66,3727.4740420,N,12217.3501040,W,1,0,0.0,123.7676,M,0.0000,M,0.0000,0
$GPRMC,221526.66,A,3727.4740420,N,12217.3501040,W,30.4228,328.5396,040121,,,,
$GPGGA,221527.65,3727.4880820,N,12217.3604000,W,1,0,0.0,124.3882,M,0.0000,M,0.0000,0
$GPRMC,221527.65,A,3727.4880820,N,12217.3604000,W,30.2868,330.8159,040121,,,,
$GPGGA,221528.66,3727.5026620,N,12217.3702100,W,1,0,0.0,124.9658,M,0.0000,M,0.0000,0
$GPRMC,221528.66,A,3727.5026620,N,12217.3702100,W,30.2322,332.5159,040121,,,,
$GPGGA,221529.65,3727.5171760,N,12217.3792580,W,1,0,0.0,125.6033,M,0.0000,M,0.0000,0
$GPRMC,221529.65,A,3727.5171760,N,12217.3792580,W,30.1514,334.5786,040121,,,,
$GPGGA,221530.64,3727.5319120,N,12217.3875920,W,1,0,0.0,126.2218,M,0.0000,M,0.0000,0
$GPRMC,221530.64,A,3727.5319120,N,12217.3875920,W,30.1963,336.5362,040121,,,,
$GPGGA,221531.60,3727.5463360,N,12217.3950740,W,1,0,0.0,126.8306,M,0.0000,M,0.0000,0
$GPRMC,221531.60,A,3727.5463360,N,12217.3950740,W,30.2788,338.2031,040121,,,,
$GPGGA,221532.77,3727.5643000,N,12217.4035400,W,1,0,0.0,127.5152,M,0.0000,M,0.0000,0
$GPRMC,221532.77,A,3727.5643000,N,12217.4035400,W,30.4198,340.4408,040121,,,,
$GPGGA,221533.66,3727.5782620,N,12217.4094740,W,1,0,0.0,128.0607,M,0.0000,M,0.0000,0
$GPRMC,221533.66,A,3727.5782620,N,12217.4094740,W,30.5308,341.9880,040121,,,,
$GPGGA,221534.65,3727.5939100,N,12217.4155220,W,1,0,0.0,128.6444,M,0.0000,M,0.0000,0
$GPRMC,221534.65,A,3727.5939100,N,12217.4155220,W,30.7145,343.5544,040121,,,,
$GPGGA,221535.65,3727.6098400,N,12217.4210000,W,1,0,0.0,129.2560,M,0.0000,M,0.0000,0
$GPRMC,221535.65,A,3727.6098400,N,12217.4210000,W,30.8728,345.4068,040121,,,,
$GPGGA,221536.66,3727.6262800,N,12217.4258960,W,1,0,0.0,129.9617,M,0.0000,M,0.0000,0
$GPRMC,221536.66,A,3727.6262800,N,12217.4258960,W,31.0317,347.9360,040121,,,,
$GPGGA,221537.65,3727.6426780,N,12217.4298920,W,1,0,0.0,130.6210,M,0.0000,M,0.0000,0
$GPRMC,221537.65,A,3727.6426780,N,12217.4298920,W,31.2229,350.1709,040121,,,,
$GPGGA,221538.66,3727.6596700,N,12217.4331020,W,1,0,0.0,131.2446,M,0.0000,M,0.0000,0
$GPRMC,221538.66,A,3727.6596700,N,12217.4331020,W,31.4093,352.2499,040121,,,,
$GPGGA,221539.65,3727.6763320,N,12217.4355860,W,1,0,0.0,131.8814,M,0.0000,M,0.0000,0
$GPRMC,221539.65,A,3727.6763320,N,12217.4355860,W,31.2600,354.1477,040121,,,,
$GPGGA,221540.64,3727.6929640,N,12217.4373440,W,1,0,0.0,132.5008,M,0.0000,M,0.0000,0
$GPRMC,221540.64,A,3727.6929640,N,12217.4373440,W,31.0796,356.0236,040121,,,,
$GPGGA,221541.66,3727.7099140,N,12217.4385260,W,1,0,0.0,133.2217,M,0.0000,M,0.0000,0
$GPRMC,221541.66,A,3727.7099140,N,12217.4385260,W,30.9671,357.3747,040121,,,,
$GPGGA,221542.65,3727.7265400,N,12217.4393060,W,1,0,0.0,133.9627,M,0.0000,M,0.0000,0
$GPRMC,221542.65,A,3727.7265400,N,12217.4393060,W,30.9123,358.2438,040121,,,,
$GPGGA,221543.66,3727.7433460,N,12217.4396480,W,1,0,0.0,134.6077,M,0.0000,M,0.0000,0
$GPRMC,221543.66,A,3727.7433460,N,12217.4396480,W,30.5367,0.0432,040121,,,,
$GPGGA,221544.65,3727.7595640,N,12217.4394020,W,1,0,0.0,135.1747,M,0.0000,M,0.0000,0
$GPRMC,221544.65,A,3727.7595640,N,12217.4394020,W,29.9594,0.8674,040121,,,,
$GPGGA,221545.64,3727.7754580,N,12217.4391140,W,1,0,0.0,135.7298,M,0.0000,M,0.0000,0
$GPRMC,221545.64,A,3727.7754580,N,12217.4391140,W,29.3449,0.7314,040121,,,,
$GPGGA,221546.66,3727.7913700,N,12217.4387060,W,1,0,0.0,136.3042,M,0.0000,M,0.0000,0
$GPRMC,221546.66,A,3727.7913700,N,12217.4387060,W,28.7311,1.5983,040121,,,,
$GPGGA,221547.65,3727.8065740,N,12217.4381420,W,1,0,0.0,136.8886,M,0.0000,M,0.0000,0
$GPRMC,221547.65,A,3727.8065740,N,12217.4381420,W,28.1027,0.9953,040121,,,,
$GPGGA,221548.66,3727.8218080,N,12217.4380460,W,1,0,0.0,137.6581,M,0.0000,M,0.0000,0
$GPRMC,221548.66,A,3727.8218080,N,12217.4380460,W,27.4234,359.9783,040121,,,,
$GPGGA,221549.65,3727.8362800,N,12217.4380160,W,1,0,0.0,138.3677,M,0.0000,M,0.0000,0
$GPRMC,221549.65,A,3727.8362800,N,12217.4380160,W,26.7920,0.2380,040121,,,,
$GPGGA,221550.65,3727.8505480,N,12217.4380220,W,1,0,0.0,138.9098,M,0.0000,M,0.0000,0
$GPRMC,221550.65,A,3727.8505480,N,12217.4380220,W,26.2287,359.4695,040121,,,,
$GPGGA,221551.66,3727.8647380,N,12217.4384540,W,1,0,0.0,139.3009,M,0.0000,M,0.0000,0
$GPRMC,221551.66,A,3727.8647380,N,12217.4384540,W,25.7474,357.5981,040121,,,,
$GPGGA,221552.65,3727.8784600,N,12217.4395400,W,1,0,0.0,139.6627,M,0.0000,M,0.0000,0
$GPRMC,221552.65,A,3727.8784600,N,12217.4395400,W,25.6039,355.1263,040121,,,,
$GPGGA,221553.66,3727.8923140,N,12217.4412500,W,1,0,0.0,140.0083,M,0.0000,M,0.0000,0
$GPRMC,221553.66,A,3727.8923140,N,12217.4412500,W,25.2856,353.3284,040121,,,,
$GPGGA,221554.65,3727.9056520,N,12217.4434940,W,1,0,0.0,140.2745,M,0.0000,M,0.0000,0
$GPRMC,221554.65,A,3727.9056520,N,12217.4434940,W,24.8486,351.7191,040121,,,,
$GPGGA,221555.64,3727.9186900,N,12217.4460440,W,1,0,0.0,140.5238,M,0.0000,M,0.0000,0
$GPRMC,221555.64,A,3727.9186900,N,12217.4460440,W,24.4349,350.4752,040121,,,,
$GPGGA,221556.66,3727.9317460,N,12217.4489000,W,1,0,0.0,140.7640,M,0.0000,M,0.0000,0
$GPRMC,221556.66,A,3727.9317460,N,12217.4489000,W,24.0333,349.8375,040121,,,,
$GPGGA,221557.65,3727.9443340,N,12217.4517560,W,1,0,0.0,140.9684,M,0.0000,M,0.0000,0
$GPRMC,221557.65,A,3727.9443340,N,12217.4517560,W,23.6360,349.8963,040121,,,,
$GPGGA,221558.66,3727.9569760,N,12217.4544560,W,1,0,0.0,141.1947,M,0.0000,M,0.0000,0
$GPRMC,221558.66,A,3727.9569760,N,12217.4544560,W,23.1909,350.7278,040121,,,,
$GPGGA,221559.66,3727.9691680,N,12217.4569280,W,1,0,0.0,141.4761,M,0.0000,M,0.0000,0
$GPRMC,221559.66,A,3727.9691680,N,12217.4569280,W,22.7693,350.7071,040121,,,,
$GPGGA,221600.65,3727.9810780,N,12217.4594300,W,1,0,0.0,141.7716,M,0.0000,M,0.0000,0
$GPRMC,221600.65,A,3727.9810780,N,12217.4594300,W,22.3676,350.0764,040121,,,,
$GPGGA,221601.66,3727.9929940,N,12217.4621540,W,1,0,0.0,142.0635,M,0.0000,M,0.0000,0
$GPRMC,221601.66,A,3727.9929940,N,12217.4621540,W,21.9356,349.1733,040121,,,,
$GPGGA,221602.65,3728.0044000,N,12217.4650520,W,1,0,0.0,142.3027,M,0.0000,M,0.0000,0
$GPRMC,221602.65,A,3728.0044000,N,12217.4650520,W,21.5689,347.9111,040121,,,,
$GPGGA,221603.66,3728.0158120,N,12217.4683340,W,1,0,0.0,142.3509,M,0.0000,M,0.0000,0
$GPRMC,221603.66,A,3728.0158120,N,12217.4683340,W,21.2878,346.5755,040121,,,,
$GPGGA,221604.65,3728.0268820,N,12217.4717300,W,1,0,0.0,142.1778,M,0.0000,M,0.0000,0
$GPRMC,221604.65,A,3728.0268820,N,12217.4717300,W,21.1034,346.0003,040121,,,,
$GPGGA,221605.67,3728.0380360,N,12217.4753060,W,1,0,0.0,141.8639,M,0.0000,M,0.0000,0
$GPRMC,221605.67,A,3728.0380360,N,12217.4753060,W,20.8128,345.3194,040121,,,,
$GPGGA,221606.66,3728.0486440,N,12217.4789120,W,1,0,0.0,141.3075,M,0.0000,M,0.0000,0
$GPRMC,221606.66,A,3728.0486440,N,12217.4789120,W,20.2229,344.4464,040121,,,,
$GPGGA,221607.59,3728.0582680,N,12217.4824400,W,1,0,0.0,140.8426,M,0.0000,M,0.0000,0
$GPRMC,221607.59,A,3728.0582680,N,12217.4824400,W,19.5271,342.7960,040121,,,,
$GPGGA,221608.78,3728.0698720,N,12217.4873120,W,1,0,0.0,140.0513,M,0.0000,M,0.0000,0
$GPRMC,221608.78,A,3728.0698720,N,12217.4873120,W,18.6862,340.4855,040121,,,,
$GPGGA,221609.65,3728.0780080,N,12217.4910320,W,1,0,0.0,139.3183,M,0.0000,M,0.0000,0
$GPRMC,221609.65,A,3728.0780080,N,12217.4910320,W,17.7881,339.5197,040121,,,,
$GPGGA,221610.67,3728.0867860,N,12217.4951480,W,1,0,0.0,138.4465,M,0.0000,M,0.0000,0
$GPRMC,221610.67,A,3728.0867860,N,12217.4951480,W,16.3281,339.4217,040121,,,,
$GPGGA,221611.66,3728.0946400,N,12217.4987000,W,1,0,0.0,137.6048,M,0.0000,M,0.0000,0
$GPRMC,221611.66,A,3728.0946400,N,12217.4987000,W,14.8530,340.7627,040121,,,,
$GPGGA,221612.65,3728.1017800,N,12217.5016280,W,1,0,0.0,136.8212,M,0.0000,M,0.0000,0
$GPRMC,221612.65,A,3728.1017800,N,12217.5016280,W,13.1098,342.2387,040121,,,,
$GPGGA,221613.66,3728.1080920,N,12217.5040700,W,1,0,0.0,136.2433,M,0.0000,M,0.0000,0
$GPRMC,221613.66,A,3728.1080920,N,12217.5040700,W,11.0210,343.1537,040121,,,,
$GPGGA,221614.65,3728.1131980,N,12217.5059540,W,1,0,0.0,135.8866,M,0.0000,M,0.0000,0
$GPRMC,221614.65,A,3728.1131980,N,12217.5059540,W,8.7528,343.2602,040121,,,,
$GPGGA,221615.67,3728.1170800,N,12217.5075680,W,1,0,0.0,135.7006,M,0.0000,M,0.0000,0
$GPRMC,221615.67,A,3728.1170800,N,12217.5075680,W,6.2467,340.4691,040121,,,,
$GPGGA,221616.65,3728.1195040,N,12217.5089600,W,1,0,0.0,135.6459,M,0.0000,M,0.0000,0
$GPRMC,221616.65,A,3728.1195040,N,12217.5089600,W,3.7866,334.8004,040121,,,,
$GPGGA,221617.64,3728.1207880,N,12217.5098780,W,1,0,0.0,135.6003,M,0.0000,M,0.0000,0
$GPRMC,221617.64,A,3728.1207880,N,12217.5098780,W,1.9166,331.2899,040121,,,,
$GPGGA,221618.66,3728.1213760,N,12217.5103400,W,1,0,0.0,135.5818,M,0.0000,M,0.0000,0
$GPRMC,221618.66,A,3728.1213760,N,12217.5103400,W,0.6973,329.6221,040121,,,,
$GPGGA,221619.65,3728.1215620,N,12217.5105020,W,1,0,0.0,135.5740,M,0.0000,M,0.0000,0
$GPRMC,221619.65,A,3728.1215620,N,12217.5105020,W,0.1562,329.0857,040121,,,,
$GPGGA,221620.64,3728.1215980,N,12217.5105260,W,1,0,0.0,135.5676,M,0.0000,M,0.0000,0
$GPRMC,221620.64,A,3728.1215980,N,12217.5105260,W,0.1236,328.9701,040121,,,,
$GPGGA,221621.65,3728.1216520,N,12217.5105740,W,1,0,0.0,135.5660,M,0.0000,M,0.0000,0
$GPRMC,221621.65,A,3728.1216520,N,12217.5105740,W,0.1136,328.8033,040121,,,,
$GPGGA,221622.64,3728.1217840,N,12217.5106880,W,1,0,0.0,135.5600,M,0.0000,M,0.0000,0
$GPRMC,221622.64,A,3728.1217840,N,12217.5106880,W,0.6175,328.3887,040121,,,,
$GPGGA,221623.66,3728.1223300,N,12217.5111620,W,1,0,0.0,135.5510,M,0.0000,M,0.0000,0
$GPRMC,221623.66,A,3728.1223300,N,12217.5111620,W,1.8922,326.9611,040121,,,,
$GPGGA,221624.65,3728.1235060,N,12217.5122480,W,1,0,0.0,135.5421,M,0.0000,M,0.0000,0
$GPRMC,221624.65,A,3728.1235060,N,12217.5122480,W,3.7462,324.1537,040121,,,,
$GPGGA,221625.64,3728.1253360,N,12217.5143120,W,1,0,0.0,135.5956,M,0.0000,M,0.0000,0
$GPRMC,221625.64,A,3728.1253360,N,12217.5143120,W,5.1980,316.6300,040121,,,,
$GPGGA,221626.59,3728.1268540,N,12217.5173780,W,1,0,0.0,135.8038,M,0.0000,M,0.0000,0
$GPRMC,221626.59,A,3728.1268540,N,12217.5173780,W,6.1741,298.5099,040121,,,,
$GPGGA,221627.77,3728.1273940,N,12217.5227360,W,1,0,0.0,135.9891,M,0.0000,M,0.0000,0
$GPRMC,221627.77,A,3728.1273940,N,12217.5227360,W,7.5450,269.7946,040121,,,,
$GPGGA,221628.66,3728.1263560,N,12217.5274880,W,1,0,0.0,136.0026,M,0.0000,M,0.0000,0
$GPRMC,221628.66,A,3728.1263560,N,12217.5274880,W,8.8777,249.7619,040121,,,,
$GPGGA,221629.65,3728.1234940,N,12217.5327860,W,1,0,0.0,136.0126,M,0.0000,M,0.0000,0
$GPRMC,221629.65,A,3728.1234940,N,12217.5327860,W,10.2734,230.7335,040121,,,,
$GPGGA,221630.74,3728.1189040,N,12217.5385280,W,1,0,0.0,136.0181,M,0.0000,M,0.0000,0
$GPRMC,221630.74,A,3728.1189040,N,12217.5385280,W,11.6364,223.8589,040121,,,,
$GPGGA,221631.45,3728.1156100,N,12217.5424880,W,1,0,0.0,135.9850,M,0.0000,M,0.0000,0
$GPRMC,221631.45,A,3728.1156100,N,12217.5424880,W,12.2385,223.5869,040121,,,,
$GPGGA,221632.74,3728.1093400,N,12217.5500660,W,1,0,0.0,135.8118,M,0.0000,M,0.0000,0
$GPRMC,221632.74,A,3728.1093400,N,12217.5500660,W,12.5354,224.0148,040121,,,,
$GPGGA,221634.45,3728.1013420,N,12217.5605960,W,1,0,0.0,135.3008,M,0.0000,M,0.0000,0
$GPRMC,221634.45,A,3728.1013420,N,12217.5605960,W,12.8825,228.4905,040121,,,,
$GPGGA,221635.45,3728.0966920,N,12217.5674420,W,1,0,0.0,134.8624,M,0.0000,M,0.0000,0
$GPRMC,221635.45,A,3728.0966920,N,12217.5674420,W,13.5274,229.4022,040121,,,,
$GPGGA,221636.45,3728.0917420,N,12217.5743120,W,1,0,0.0,134.3097,M,0.0000,M,0.0000,0
$GPRMC,221636.45,A,3728.0917420,N,12217.5743120,W,13.7568,226.5711,040121,,,,
$GPGGA,221637.45,3728.0865460,N,12217.5809240,W,1,0,0.0,133.6628,M,0.0000,M,0.0000,0
$GPRMC,221637.45,A,3728.0865460,N,12217.5809240,W,13.4807,224.7499,040121,,,,
$GPGGA,221638.45,3728.0816980,N,12217.5871640,W,1,0,0.0,132.9042,M,0.0000,M,0.0000,0
$GPRMC,221638.45,A,3728.0816980,N,12217.5871640,W,12.0561,227.6918,040121,,,,
$GPGGA,221639.45,3728.0783020,N,12217.5934400,W,1,0,0.0,132.1615,M,0.0000,M,0.0000,0
$GPRMC,221639.45,A,3728.0783020,N,12217.5934400,W,10.3955,241.3600,040121,,,,
$GPGGA,221640.45,3728.0770900,N,12217.5999200,W,1,0,0.0,131.2289,M,0.0000,M,0.0000,0
$GPRMC,221640.45,A,3728.0770900,N,12217.5999200,W,9.4276,265.5227,040121,,,,
$GPGGA,221641.45,3728.0784460,N,12217.6060700,W,1,0,0.0,130.7318,M,0.0000,M,0.0000,0
$GPRMC,221641.45,A,3728.0784460,N,12217.6060700,W,9.3903,294.7958,040121,,,,
$GPGGA,221642.45,3728.0816920,N,12217.6111520,W,1,0,0.0,130.6384,M,0.0000,M,0.0000,0
$GPRMC,221642.45,A,3728.0816920,N,12217.6111520,W,9.9478,312.8954,040121,,,,
$GPGGA,221643.45,3728.0858620,N,12217.6160120,W,1,0,0.0,130.6738,M,0.0000,M,0.0000,0
$GPRMC,221643.45,A,3728.0858620,N,12217.6160120,W,11.0898,318.2783,040121,,,,
$GPGGA,221644.45,3728.0905540,N,12217.6212320,W,1,0,0.0,130.7838,M,0.0000,M,0.0000,0
$GPRMC,221644.45,A,3728.0905540,N,12217.6212320,W,12.0992,318.0278,040121,,,,
$GPGGA,221645.45,3728.0956240,N,12217.6269560,W,1,0,0.0,130.8951,M,0.0000,M,0.0000,0
$GPRMC,221645.45,A,3728.0956240,N,12217.6269560,W,13.1395,317.8478,040121,,,,
$GPGGA,221646.45,3728.1011080,N,12217.6331000,W,1,0,0.0,131.2721,M,0.0000,M,0.0000,0
$GPRMC,221646.45,A,3728.1011080,N,12217.6331000,W,14.0021,318.2621,040121,,,,
$GPGGA,221647.45,3728.1069580,N,12217.6395440,W,1,0,0.0,131.7698,M,0.0000,M,0.0000,0
$GPRMC,221647.45,A,3728.1069580,N,12217.6395440,W,14.6960,318.5905,040121,,,,
$GPGGA,221648.45,3728.1129160,N,12217.6459520,W,1,0,0.0,132.4058,M,0.0000,M,0.0000,0
$GPRMC,221648.45,A,3728.1129160,N,12217.6459520,W,14.2345,319.8713,040121,,,,
$GPGGA,221649.45,3728.1188680,N,12217.6516820,W,1,0,0.0,133.0930,M,0.0000,M,0.0000,0
$GPRMC,221649.45,A,3728.1188680,N,12217.6516820,W,13.4408,325.0915,040121,,,,
$GPGGA,221650.45,3728.1250960,N,12217.6557200,W,1,0,0.0,133.8684,M,0.0000,M,0.0000,0
$GPRMC,221650.45,A,3728.1250960,N,12217.6557200,W,12.4690,337.9445,040121,,,,
$GPGGA,221651.45,3728.1314260,N,12217.6574420,W,1,0,0.0,134.6684,M,0.0000,M,0.0000,0
$GPRMC,221651.45,A,3728.1314260,N,12217.6574420,W,11.5821,353.5273,040121,,,,
$GPGGA,221652.45,3728.1376060,N,12217.6570580,W,1,0,0.0,135.4830,M,0.0000,M,0.0000,0
$GPRMC,221652.45,A,3728.1376060,N,12217.6570580,W,11.3844,7.7469,040121,,,,
$GPGGA,221653.45,3728.1434920,N,12217.6547960,W,1,0,0.0,136.2352,M,0.0000,M,0.0000,0
$GPRMC,221653.45,A,3728.1434920,N,12217.6547960,W,11.4014,21.9795,040121,,,,
$GPGGA,221654.45,3728.1488320,N,12217.6506920,W,1,0,0.0,136.9881,M,0.0000,M,0.0000,0
$GPRMC,221654.45,A,3728.1488320,N,12217.6506920,W,11.7840,36.5858,040121,,,,
$GPGGA,221655.45,3728.1533080,N,12217.6448060,W,1,0,0.0,137.7246,M,0.0000,M,0.0000,0
$GPRMC,221655.45,A,3728.1533080,N,12217.6448060,W,12.2406,51.7620,040121,,,,
$GPGGA,221656.45,3728.1565300,N,12217.6373600,W,1,0,0.0,138.4790,M,0.0000,M,0.0000,0
$GPRMC,221656.45,A,3728.1565300,N,12217.6373600,W,12.7125,67.0539,040121,,,,
$GPGGA,221657.45,3728.1581140,N,12217.6288700,W,1,0,0.0,139.2140,M,0.0000,M,0.0000,0
$GPRMC,221657.45,A,3728.1581140,N,12217.6288700,W,12.9779,82.5593,040121,,,,
$GPGGA,221658.45,3728.1578140,N,12217.6200140,W,1,0,0.0,140.0230,M,0.0000,M,0.0000,0
$GPRMC,221658.45,A,3728.1578140,N,12217.6200140,W,13.1721,98.7364,040121,,,,
$GPGGA,221659.45,3728.1554440,N,12217.6115180,W,1,0,0.0,140.7537,M,0.0000,M,0.0000,0
$GPRMC,221659.45,A,3728.1554440,N,12217.6115180,W,13.3970,115.8772,040121,,,,
$GPGGA,221700.45,3728.1510940,N,12217.6040540,W,1,0,0.0,141.3934,M,0.0000,M,0.0000,0
$GPRMC,221700.45,A,3728.1510940,N,12217.6040540,W,14.0013,132.1501,040121,,,,
$GPGGA,221701.45,3728.1453700,N,12217.5972560,W,1,0,0.0,141.8855,M,0.0000,M,0.0000,0
$GPRMC,221701.45,A,3728.1453700,N,12217.5972560,W,15.1576,138.0870,040121,,,,
$GPGGA,221702.45,3728.1388840,N,12217.5902960,W,1,0,0.0,142.3527,M,0.0000,M,0.0000,0
$GPRMC,221702.45,A,3728.1388840,N,12217.5902960,W,16.4235,139.7231,040121,,,,
$GPGGA,221703.45,3728.1318280,N,12217.5827900,W,1,0,0.0,142.7988,M,0.0000,M,0.0000,0
$GPRMC,221703.45,A,3728.1318280,N,12217.5827900,W,17.7944,139.8349,040121,,,,
$GPGGA,221704.45,3728.1240400,N,12217.5749000,W,1,0,0.0,143.1168,M,0.0000,M,0.0000,0
$GPRMC,221704.45,A,3728.1240400,N,12217.5749000,W,19.2243,142.2383,040121,,,,
$GPGGA,221705.45,3728.1154180,N,12217.5669500,W,1,0,0.0,143.0418,M,0.0000,M,0.0000,0
$GPRMC,221705.45,A,3728.1154180,N,12217.5669500,W,20.3849,144.6841,040121,,,,
$GPGGA,221706.45,3728.1060460,N,12217.5589580,W,1,0,0.0,142.8953,M,0.0000,M,0.0000,0
$GPRMC,221706.45,A,3728.1060460,N,12217.5589580,W,21.5456,146.6564,040121,,,,
$GPGGA,221707.45,3728.0958760,N,12217.5510380,W,1,0,0.0,142.7280,M,0.0000,M,0.0000,0
$GPRMC,221707.45,A,3728.0958760,N,12217.5510380,W,22.6995,149.2750,040121,,,,
$GPGGA,221708.45,3728.0848720,N,12217.5432800,W,1,0,0.0,142.5228,M,0.0000,M,0.0000,0
$GPRMC,221708.45,A,3728.0848720,N,12217.5432800,W,24.0093,151.8097,040121,,,,
$GPGGA,221709.45,3728.0729560,N,12217.5356900,W,1,0,0.0,142.2808,M,0.0000,M,0.0000,0
$GPRMC,221709.45,A,3728.0729560,N,12217.5356900,W,25.4583,153.7961,040121,,,,
$GPGGA,221710.45,3728.0601460,N,12217.5281540,W,1,0,0.0,142.0732,M,0.0000,M,0.0000,0
$GPRMC,221710.45,A,3728.0601460,N,12217.5281540,W,26.8536,155.7850,040121,,,,
$GPGGA,221711.45,3728.0465200,N,12217.5206300,W,1,0,0.0,141.8381,M,0.0000,M,0.0000,0
$GPRMC,221711.45,A,3728.0465200,N,12217.5206300,W,28.1664,156.7059,040121,,,,
$GPGGA,221712.45,3728.0323120,N,12217.5132500,W,1,0,0.0,141.5175,M,0.0000,M,0.0000,0
$GPRMC,221712.45,A,3728.0323120,N,12217.5132500,W,28.6375,158.1436,040121,,,,
$GPGGA,221713.16,3728.0220160,N,12217.5082040,W,1,0,0.0,141.3734,M,0.0000,M,0.0000,0
$GPRMC,221713.16,A,3728.0220160,N,12217.5082040,W,28.8023,158.9837,040121,,,,
$GPGGA,221714.64,3728.0001400,N,12217.4982740,W,1,0,0.0,140.9765,M,0.0000,M,0.0000,0
$GPRMC,221714.64,A,3728.0001400,N,12217.4982740,W,28.9837,160.9133,040121,,,,
$GPGGA,221715.65,3727.9852420,N,12217.4919080,W,1,0,0.0,140.7312,M,0.0000,M,0.0000,0
$GPRMC,221715.65,A,3727.9852420,N,12217.4919080,W,28.6834,161.2630,040121,,,,
$GPGGA,221716.59,3727.9715020,N,12217.4863220,W,1,0,0.0,140.4735,M,0.0000,M,0.0000,0
$GPRMC,221716.59,A,3727.9715020,N,12217.4863220,W,28.5006,163.0944,040121,,,,
$GPGGA,221717.78,3727.9538320,N,12217.4802260,W,1,0,0.0,140.1469,M,0.0000,M,0.0000,0
$GPRMC,221717.78,A,3727.9538320,N,12217.4802260,W,28.4022,165.5573,040121,,,,
$GPGGA,221718.76,3727.9392760,N,12217.4756240,W,1,0,0.0,139.9138,M,0.0000,M,0.0000,0
$GPRMC,221718.76,A,3727.9392760,N,12217.4756240,W,28.6832,166.0036,040121,,,,
$GPGGA,221719.44,3727.9288840,N,12217.4724560,W,1,0,0.0,139.7292,M,0.0000,M,0.0000,0
$GPRMC,221719.44,A,3727.9288840,N,12217.4724560,W,29.0285,166.5877,040121,,,,
$GPGGA,221720.76,3727.9083940,N,12217.4669840,W,1,0,0.0,139.3664,M,0.0000,M,0.0000,0
$GPRMC,221720.76,A,3727.9083940,N,12217.4669840,W,29.8290,169.5096,040121,,,,
$GPGGA,221721.45,3727.8973900,N,12217.4646800,W,1,0,0.0,139.1644,M,0.0000,M,0.0000,0
$GPRMC,221721.45,A,3727.8973900,N,12217.4646800,W,30.3232,171.3534,040121,,,,
$GPGGA,221722.76,3727.8756160,N,12217.4613080,W,1,0,0.0,138.7251,M,0.0000,M,0.0000,0
$GPRMC,221722.76,A,3727.8756160,N,12217.4613080,W,31.2572,174.4948,040121,,,,
$GPGGA,221723.45,3727.8639700,N,12217.4600540,W,1,0,0.0,138.4350,M,0.0000,M,0.0000,0
$GPRMC,221723.45,A,3727.8639700,N,12217.4600540,W,31.7391,175.6142,040121,,,,
$GPGGA,221724.65,3727.8432160,N,12217.4584820,W,1,0,0.0,137.8858,M,0.0000,M,0.0000,0
$GPRMC,221724.65,A,3727.8432160,N,12217.4584820,W,32.5848,177.0830,040121,,,,
$GPGGA,221725.66,3727.8252640,N,12217.4575460,W,1,0,0.0,137.4561,M,0.0000,M,0.0000,0
$GPRMC,221725.66,A,3727.8252640,N,12217.4575460,W,32.8766,178.0756,040121,,,,
$GPGGA,221726.65,3727.8076300,N,12217.4568560,W,1,0,0.0,136.9875,M,0.0000,M,0.0000,0
$GPRMC,221726.65,A,3727.8076300,N,12217.4568560,W,32.8537,178.0568,040121,,,,
$GPGGA,221727.66,3727.7896720,N,12217.4561540,W,1,0,0.0,136.3959,M,0.0000,M,0.0000,0
$GPRMC,221727.66,A,3727.7896720,N,12217.4561540,W,32.8410,178.3078,040121,,,,
$GPGGA,221728.65,3727.7721220,N,12217.4555240,W,1,0,0.0,135.7992,M,0.0000,M,0.0000,0
$GPRMC,221728.65,A,3727.7721220,N,12217.4555240,W,32.6252,178.3355,040121,,,,
$GPGGA,221729.65,3727.7547580,N,12217.4549360,W,1,0,0.0,135.1636,M,0.0000,M,0.0000,0
$GPRMC,221729.65,A,3727.7547580,N,12217.4549360,W,32.2244,178.4298,040121,,,,
$GPGGA,221730.65,3727.7373820,N,12217.4542940,W,1,0,0.0,134.6995,M,0.0000,M,0.0000,0
$GPRMC,221730.65,A,3727.7373820,N,12217.4542940,W,31.8079,178.3001,040121,,,,
$GPGGA,221731.64,3727.7203960,N,12217.4537240,W,1,0,0.0,134.2616,M,0.0000,M,0.0000,0
$GPRMC,221731.64,A,3727.7203960,N,12217.4537240,W,31.5242,178.4094,040121,,,,
$GPGGA,221732.63,3727.7036080,N,12217.4529740,W,1,0,0.0,133.8514,M,0.0000,M,0.0000,0
$GPRMC,221732.63,A,3727.7036080,N,12217.4529740,W,31.2377,177.2281,040121,,,,
$GPGGA,221733.65,3727.6864960,N,12217.4515520,W,1,0,0.0,133.3054,M,0.0000,M,0.0000,0
$GPRMC,221733.65,A,3727.6864960,N,12217.4515520,W,31.0198,175.2623,040121,,,,
$GPGGA,221734.64,3727.6699900,N,12217.4494580,W,1,0,0.0,132.6649,M,0.0000,M,0.0000,0
$GPRMC,221734.64,A,3727.6699900,N,12217.4494580,W,30.8716,173.2316,040121,,,,
$GPGGA,221735.66,3727.6532680,N,12217.4466680,W,1,0,0.0,132.0104,M,0.0000,M,0.0000,0
$GPRMC,221735.66,A,3727.6532680,N,12217.4466680,W,30.7679,171.4146,040121,,,,
$GPGGA,221736.65,3727.6370200,N,12217.4432720,W,1,0,0.0,131.4133,M,0.0000,M,0.0000,0
$GPRMC,221736.65,A,3727.6370200,N,12217.4432720,W,30.7009,169.5796,040121,,,,
$GPGGA,221737.66,3727.6205260,N,12217.4391740,W,1,0,0.0,130.7699,M,0.0000,M,0.0000,0
$GPRMC,221737.66,A,3727.6205260,N,12217.4391740,W,30.6482,167.7651,040121,,,,
$GPGGA,221738.65,3727.6046020,N,12217.4344460,W,1,0,0.0,130.1936,M,0.0000,M,0.0000,0
$GPRMC,221738.65,A,3727.6046020,N,12217.4344460,W,30.6132,165.6871,040121,,,,
$GPGGA,221739.65,3727.5886960,N,12217.4290340,W,1,0,0.0,129.5365,M,0.0000,M,0.0000,0
$GPRMC,221739.65,A,3727.5886960,N,12217.4290340,W,30.6665,163.7229,040121,,,,
$GPGGA,221740.66,3727.5726700,N,12217.4228660,W,1,0,0.0,128.9242,M,0.0000,M,0.0000,0
$GPRMC,221740.66,A,3727.5726700,N,12217.4228660,W,30.7206,161.9803,040121,,,,
$GPGGA,221741.65,3727.5571000,N,12217.4161520,W,1,0,0.0,128.3214,M,0.0000,M,0.0000,0
$GPRMC,221741.65,A,3727.5571000,N,12217.4161520,W,30.7704,160.0460,040121,,,,
$GPGGA,221742.66,3727.5412840,N,12217.4086220,W,1,0,0.0,127.7469,M,0.0000,M,0.0000,0
$GPRMC,221742.66,A,3727.5412840,N,12217.4086220,W,30.9692,158.2521,040121,,,,
$GPGGA,221743.59,3727.5268360,N,12217.4010920,W,1,0,0.0,127.1653,M,0.0000,M,0.0000,0
$GPRMC,221743.59,A,3727.5268360,N,12217.4010920,W,31.2940,156.5991,040121,,,,
$GPGGA,221744.73,3727.5092020,N,12217.3910240,W,1,0,0.0,126.4085,M,0.0000,M,0.0000,0
$GPRMC,221744.73,A,3727.5092020,N,12217.3910240,W,31.7852,154.4111,040121,,,,
$GPGGA,221745.78,3727.4929600,N,12217.3807880,W,1,0,0.0,125.7049,M,0.0000,M,0.0000,0
$GPRMC,221745.78,A,3727.4929600,N,12217.3807880,W,32.2672,152.0227,040121,,,,
$GPGGA,221746.65,3727.4795620,N,12217.3715600,W,1,0,0.0,125.1637,M,0.0000,M,0.0000,0
$GPRMC,221746.65,A,3727.4795620,N,12217.3715600,W,32.6420,150.3590,040121,,,,
$GPGGA,221747.66,3727.4641000,N,12217.3600580,W,1,0,0.0,124.5530,M,0.0000,M,0.0000,0
$GPRMC,221747.66,A,3727.4641000,N,12217.3600580,W,33.0868,148.0887,040121,,,,
$GPGGA,221748.65,3727.4491660,N,12217.3478780,W,1,0,0.0,123.9992,M,0.0000,M,0.0000,0
$GPRMC,221748.65,A,3727.4491660,N,12217.3478780,W,33.4421,145.7707,040121,,,,
$GPGGA,221749.59,3727.4353180,N,12217.3356440,W,1,0,0.0,123.6292,M,0.0000,M,0.0000,0
$GPRMC,221749.59,A,3727.4353180,N,12217.3356440,W,33.7618,143.9810,040121,,,,
$GPGGA,221750.72,3727.4187280,N,12217.3199180,W,1,0,0.0,123.3564,M,0.0000,M,0.0000,0
$GPRMC,221750.72,A,3727.4187280,N,12217.3199180,W,34.1192,141.6863,040121,,,,
$GPGGA,221751.77,3727.4036680,N,12217.3044380,W,1,0,0.0,123.2364,M,0.0000,M,0.0000,0
$GPRMC,221751.77,A,3727.4036680,N,12217.3044380,W,34.2432,139.5124,040121,,,,
$GPGGA,221752.66,3727.3912720,N,12217.2907880,W,1,0,0.0,123.2618,M,0.0000,M,0.0000,0
$GPRMC,221752.66,A,3727.3912720,N,12217.2907880,W,34.1905,137.7345,040121,,,,
$GPGGA,221753.65,3727.3779640,N,12217.2750980,W,1,0,0.0,123.4712,M,0.0000,M,0.0000,0
$GPRMC,221753.65,A,3727.3779640,N,12217.2750980,W,34.0953,135.5739,040121,,,,
$GPGGA,221754.65,3727.3651120,N,12217.2587900,W,1,0,0.0,123.8347,M,0.0000,M,0.0000,0
$GPRMC,221754.65,A,3727.3651120,N,12217.2587900,W,33.9765,133.6158,040121,,,,
$GPGGA,221755.66,3727.3525180,N,12217.2416720,W,1,0,0.0,124.3340,M,0.0000,M,0.0000,0
$GPRMC,221755.66,A,3727.3525180,N,12217.2416720,W,33.8202,131.4845,040121,,,,
$GPGGA,221756.65,3727.3407520,N,12217.2244760,W,1,0,0.0,124.8566,M,0.0000,M,0.0000,0
$GPRMC,221756.65,A,3727.3407520,N,12217.2244760,W,33.6764,129.9017,040121,,,,
$GPGGA,221757.66,3727.3290100,N,12217.2067700,W,1,0,0.0,125.3467,M,0.0000,M,0.0000,0
$GPRMC,221757.66,A,3727.3290100,N,12217.2067700,W,33.5554,129.4553,040121,,,,
$GPGGA,221758.65,3727.3175920,N,12217.1893820,W,1,0,0.0,125.8777,M,0.0000,M,0.0000,0
$GPRMC,221758.65,A,3727.3175920,N,12217.1893820,W,33.4962,129.3009,040121,,,,
$GPGGA,221759.64,3727.3061980,N,12217.1720120,W,1,0,0.0,126.5661,M,0.0000,M,0.0000,0
$GPRMC,221759.64,A,3727.3061980,N,12217.1720120,W,33.5227,129.3894,040121,,,,
$GPGGA,221800.66,3727.2944800,N,12217.1542220,W,1,0,0.0,127.3261,M,0.0000,M,0.0000,0
$GPRMC,221800.66,A,3727.2944800,N,12217.1542220,W,33.5715,129.4960,040121,,,,
$GPGGA,221801.65,3727.2830200,N,12217.1367620,W,1,0,0.0,128.0344,M,0.0000,M,0.0000,0
$GPRMC,221801.65,A,3727.2830200,N,12217.1367620,W,33.6153,129.2869,040121,,,,
$GPGGA,221802.66,3727.2713680,N,12217.1189360,W,1,0,0.0,128.7998,M,0.0000,M,0.0000,0
$GPRMC,221802.66,A,3727.2713680,N,12217.1189360,W,33.6250,129.2958,040121,,,,
$GPGGA,221803.65,3727.2599260,N,12217.1014400,W,1,0,0.0,129.5329,M,0.0000,M,0.0000,0
$GPRMC,221803.65,A,3727.2599260,N,12217.1014400,W,33.6373,129.3437,040121,,,,
$GPGGA,221804.64,3727.2484480,N,12217.0839920,W,1,0,0.0,130.2432,M,0.0000,M,0.0000,0
$GPRMC,221804.64,A,3727.2484480,N,12217.0839920,W,33.6893,129.4612,040121,,,,
$GPGGA,221805.66,3727.2366820,N,12217.0661360,W,1,0,0.0,130.9836,M,0.0000,M,0.0000,0
$GPRMC,221805.66,A,3727.2366820,N,12217.0661360,W,33.7303,129.4830,040121,,,,
$GPGGA,221806.65,3727.2251380,N,12217.0486580,W,1,0,0.0,131.7301,M,0.0000,M,0.0000,0
$GPRMC,221806.65,A,3727.2251380,N,12217.0486580,W,33.7392,129.6027,040121,,,,
$GPGGA,221807.66,3727.2133720,N,12217.0308320,W,1,0,0.0,132.4806,M,0.0000,M,0.0000,0
$GPRMC,221807.66,A,3727.2133720,N,12217.0308320,W,33.7379,129.4318,040121,,,,
$GPGGA,221808.65,3727.2018880,N,12217.0133240,W,1,0,0.0,133.2522,M,0.0000,M,0.0000,0
$GPRMC,221808.65,A,3727.2018880,N,12217.0133240,W,33.7296,129.3180,040121,,,,
$GPGGA,221809.64,3727.1904340,N,12216.9958160,W,1,0,0.0,133.9088,M,0.0000,M,0.0000,0
$GPRMC,221809.64,A,3727.1904340,N,12216.9958160,W,33.7426,129.1883,040121,,,,
$GPGGA,221810.66,3727.1787040,N,12216.9778760,W,1,0,0.0,134.5887,M,0.0000,M,0.0000,0
$GPRMC,221810.66,A,3727.1787040,N,12216.9778760,W,33.7704,129.3383,040121,,,,
$GPGGA,221811.65,3727.1671720,N,12216.9602780,W,1,0,0.0,135.2237,M,0.0000,M,0.0000,0
$GPRMC,221811.65,A,3727.1671720,N,12216.9602780,W,33.7863,129.3718,040121,,,,
$GPGGA,221812.66,3727.1554360,N,12216.9424400,W,1,0,0.0,135.7529,M,0.0000,M,0.0000,0
$GPRMC,221812.66,A,3727.1554360,N,12216.9424400,W,33.7911,129.4804,040121,,,,
$GPGGA,221813.65,3727.1438860,N,12216.9248960,W,1,0,0.0,136.2170,M,0.0000,M,0.0000,0
$GPRMC,221813.65,A,3727.1438860,N,12216.9248960,W,33.6769,129.4434,040121,,,,
$GPGGA,221814.65,3727.1324320,N,12216.9074480,W,1,0,0.0,136.6068,M,0.0000,M,0.0000,0
$GPRMC,221814.65,A,3727.1324320,N,12216.9074480,W,33.5940,129.3533,040121,,,,
$GPGGA,221815.66,3727.1207620,N,12216.8896580,W,1,0,0.0,136.9407,M,0.0000,M,0.0000,0
$GPRMC,221815.66,A,3727.1207620,N,12216.8896580,W,33.5447,129.3647,040121,,,,
$GPGGA,221816.64,3727.1093980,N,12216.8723600,W,1,0,0.0,137.2020,M,0.0000,M,0.0000,0
$GPRMC,221816.64,A,3727.1093980,N,12216.8723600,W,33.5282,129.3300,040121,,,,
$GPGGA,221817.64,3727.0979740,N,12216.8549360,W,1,0,0.0,137.3976,M,0.0000,M,0.0000,0
$GPRMC,221817.64,A,3727.0979740,N,12216.8549360,W,33.5404,129.3082,040121,,,,
$GPGGA,221818.65,3727.0862380,N,12216.8370200,W,1,0,0.0,137.5240,M,0.0000,M,0.0000,0
$GPRMC,221818.65,A,3727.0862380,N,12216.8370200,W,33.5500,129.2944,040121,,,,
$GPGGA,221819.64,3727.0749100,N,12216.8196620,W,1,0,0.0,137.5960,M,0.0000,M,0.0000,0
$GPRMC,221819.64,A,3727.0749100,N,12216.8196620,W,33.5620,129.2749,040121,,,,
$GPGGA,221820.65,3727.0632400,N,12216.8018660,W,1,0,0.0,137.5960,M,0.0000,M,0.0000,0
$GPRMC,221820.65,A,3727.0632400,N,12216.8018660,W,33.6046,129.4183,040121,,,,
$GPGGA,221821.64,3727.0517740,N,12216.7844660,W,1,0,0.0,137.5085,M,0.0000,M,0.0000,0
$GPRMC,221821.64,A,3727.0517740,N,12216.7844660,W,33.6948,129.5517,040121,,,,
$GPGGA,221822.63,3727.0402360,N,12216.7669700,W,1,0,0.0,137.3891,M,0.0000,M,0.0000,0
$GPRMC,221822.63,A,3727.0402360,N,12216.7669700,W,33.7735,129.3746,040121,,,,
$GPGGA,221823.66,3727.0283740,N,12216.7489400,W,1,0,0.0,137.1521,M,0.0000,M,0.0000,0
$GPRMC,221823.66,A,3727.0283740,N,12216.7489400,W,33.7598,129.5240,040121,,,,
$GPGGA,221824.65,3727.0168840,N,12216.7314920,W,1,0,0.0,136.8651,M,0.0000,M,0.0000,0
$GPRMC,221824.65,A,3727.0168840,N,12216.7314920,W,33.6765,129.4175,040121,,,,
$GPGGA,221825.66,3727.0051780,N,12216.7136840,W,1,0,0.0,136.4400,M,0.0000,M,0.0000,0
$GPRMC,221825.66,A,3727.0051780,N,12216.7136840,W,33.6136,129.4055,040121,,,,
$GPGGA,221826.64,3726.9938200,N,12216.6963320,W,1,0,0.0,136.0142,M,0.0000,M,0.0000,0
$GPRMC,221826.64,A,3726.9938200,N,12216.6963320,W,33.5674,129.2451,040121,,,,
$GPGGA,221827.63,3726.9823900,N,12216.6788900,W,1,0,0.0,135.5361,M,0.0000,M,0.0000,0
$GPRMC,221827.63,A,3726.9823900,N,12216.6788900,W,33.5654,129.4390,040121,,,,
$GPGGA,221828.65,3726.9706600,N,12216.6611000,W,1,0,0.0,134.9919,M,0.0000,M,0.0000,0
$GPRMC,221828.65,A,3726.9706600,N,12216.6611000,W,33.5735,129.5917,040121,,,,
$GPGGA,221829.64,3726.9590800,N,12216.6436820,W,1,0,0.0,134.3707,M,0.0000,M,0.0000,0
$GPRMC,221829.64,A,3726.9590800,N,12216.6436820,W,33.6400,129.9288,040121,,,,
$GPGGA,221830.65,3726.9472840,N,12216.6261680,W,1,0,0.0,133.6405,M,0.0000,M,0.0000,0
$GPRMC,221830.65,A,3726.9472840,N,12216.6261680,W,33.7688,130.1829,040121,,,,
$GPGGA,221831.64,3726.9354760,N,12216.6087800,W,1,0,0.0,132.8195,M,0.0000,M,0.0000,0
$GPRMC,221831.64,A,3726.9354760,N,12216.6087800,W,33.8984,130.4296,040121,,,,
$GPGGA,221832.63,3726.9236140,N,12216.5914400,W,1,0,0.0,131.9366,M,0.0000,M,0.0000,0
$GPRMC,221832.63,A,3726.9236140,N,12216.5914400,W,34.0916,130.6335,040121,,,,
$GPGGA,221833.65,3726.9113080,N,12216.5735540,W,1,0,0.0,130.9322,M,0.0000,M,0.0000,0
$GPRMC,221833.65,A,3726.9113080,N,12216.5735540,W,34.3245,130.8218,040121,,,,
$GPGGA,221834.64,3726.8991640,N,12216.5561120,W,1,0,0.0,129.9766,M,0.0000,M,0.0000,0
$GPRMC,221834.64,A,3726.8991640,N,12216.5561120,W,34.5292,131.1737,040121,,,,
$GPGGA,221835.66,3726.8866720,N,12216.5382860,W,1,0,0.0,128.9714,M,0.0000,M,0.0000,0
$GPRMC,221835.66,A,3726.8866720,N,12216.5382860,W,34.6232,131.3279,040121,,,,
$GPGGA,221836.65,3726.8743900,N,12216.5207600,W,1,0,0.0,127.9788,M,0.0000,M,0.0000,0
$GPRMC,221836.65,A,3726.8743900,N,12216.5207600,W,34.7110,131.1100,040121,,,,
$GPGGA,221837.66,3726.8618980,N,12216.5028740,W,1,0,0.0,126.9494,M,0.0000,M,0.0000,0
$GPRMC,221837.66,A,3726.8618980,N,12216.5028740,W,34.8176,131.1942,040121,,,,
$GPGGA,221838.65,3726.8495740,N,12216.4852400,W,1,0,0.0,125.9488,M,0.0000,M,0.0000,0
$GPRMC,221838.65,A,3726.8495740,N,12216.4852400,W,34.9310,131.1369,040121,,,,
$GPGGA,221839.65,3726.8371240,N,12216.4674860,W,1,0,0.0,124.9584,M,0.0000,M,0.0000,0
$GPRMC,221839.65,A,3726.8371240,N,12216.4674860,W,35.0368,131.3826,040121,,,,
$GPGGA,221840.66,3726.8244340,N,12216.4494500,W,1,0,0.0,123.9648,M,0.0000,M,0.0000,0
$GPRMC,221840.66,A,3726.8244340,N,12216.4494500,W,35.1100,131.3128,040121,,,,
$GPGGA,221841.65,3726.8119840,N,12216.4317020,W,1,0,0.0,123.0799,M,0.0000,M,0.0000,0
$GPRMC,221841.65,A,3726.8119840,N,12216.4317020,W,35.1925,131.1842,040121,,,,
$GPGGA,221842.66,3726.7992820,N,12216.4136000,W,1,0,0.0,122.3207,M,0.0000,M,0.0000,0
$GPRMC,221842.66,A,3726.7992820,N,12216.4136000,W,35.2379,131.2915,040121,,,,
$GPGGA,221843.65,3726.7867780,N,12216.3957740,W,1,0,0.0,121.6818,M,0.0000,M,0.0000,0
$GPRMC,221843.65,A,3726.7867780,N,12216.3957740,W,35.2946,131.3160,040121,,,,
$GPGGA,221844.65,3726.7742680,N,12216.3779420,W,1,0,0.0,121.2493,M,0.0000,M,0.0000,0
$GPRMC,221844.65,A,3726.7742680,N,12216.3779420,W,35.3066,131.1624,040121,,,,
$GPGGA,221845.66,3726.7616140,N,12216.3597080,W,1,0,0.0,120.8798,M,0.0000,M,0.0000,0
$GPRMC,221845.66,A,3726.7616140,N,12216.3597080,W,35.2159,130.8358,040121,,,,
$GPGGA,221846.64,3726.7494040,N,12216.3418100,W,1,0,0.0,120.6658,M,0.0000,M,0.0000,0
$GPRMC,221846.64,A,3726.7494040,N,12216.3418100,W,35.0533,130.0414,040121,,,,
$GPGGA,221847.66,3726.7372480,N,12216.3230780,W,1,0,0.0,120.4985,M,0.0000,M,0.0000,0
$GPRMC,221847.66,A,3726.7372480,N,12216.3230780,W,34.8459,128.0687,040121,,,,
$GPGGA,221848.65,3726.7260340,N,12216.3045080,W,1,0,0.0,120.4345,M,0.0000,M,0.0000,0
$GPRMC,221848.65,A,3726.7260340,N,12216.3045080,W,34.6361,125.9843,040121,,,,
$GPGGA,221849.64,3726.7153720,N,12216.2855240,W,1,0,0.0,120.4780,M,0.0000,M,0.0000,0
$GPRMC,221849.64,A,3726.7153720,N,12216.2855240,W,34.4408,124.1844,040121,,,,
$GPGGA,221850.65,3726.7050580,N,12216.2659640,W,1,0,0.0,120.6472,M,0.0000,M,0.0000,0
$GPRMC,221850.65,A,3726.7050580,N,12216.2659640,W,34.2088,122.6557,040121,,,,
$GPGGA,221851.65,3726.6953680,N,12216.2463920,W,1,0,0.0,120.9472,M,0.0000,M,0.0000,0
$GPRMC,221851.65,A,3726.6953680,N,12216.2463920,W,33.9506,120.7271,040121,,,,
$GPGGA,221852.66,3726.6861520,N,12216.2262620,W,1,0,0.0,121.3249,M,0.0000,M,0.0000,0
$GPRMC,221852.66,A,3726.6861520,N,12216.2262620,W,33.7167,118.7657,040121,,,,
$GPGGA,221853.65,3726.6777460,N,12216.2063000,W,1,0,0.0,121.6883,M,0.0000,M,0.0000,0
$GPRMC,221853.65,A,3726.6777460,N,12216.2063000,W,33.5155,116.8845,040121,,,,
$GPGGA,221854.65,3726.6698500,N,12216.1860980,W,1,0,0.0,122.0883,M,0.0000,M,0.0000,0
$GPRMC,221854.65,A,3726.6698500,N,12216.1860980,W,33.3411,115.1411,040121,,,,
$GPGGA,221855.66,3726.6623500,N,12216.1653500,W,1,0,0.0,122.3956,M,0.0000,M,0.0000,0
$GPRMC,221855.66,A,3726.6623500,N,12216.1653500,W,33.1844,113.4795,040121,,,,
$GPGGA,221856.65,3726.6555040,N,12216.1447760,W,1,0,0.0,122.8030,M,0.0000,M,0.0000,0
$GPRMC,221856.65,A,3726.6555040,N,12216.1447760,W,33.0176,111.6606,040121,,,,
$GPGGA,221857.66,3726.6491560,N,12216.1236680,W,1,0,0.0,123.2349,M,0.0000,M,0.0000,0
$GPRMC,221857.66,A,3726.6491560,N,12216.1236680,W,32.8608,109.7932,040121,,,,
$GPGGA,221858.65,3726.6433960,N,12216.1027880,W,1,0,0.0,123.6030,M,0.0000,M,0.0000,0
$GPRMC,221858.65,A,3726.6433960,N,12216.1027880,W,32.7572,108.1208,040121,,,,
$GPGGA,221859.65,3726.6381760,N,12216.0817760,W,1,0,0.0,123.9837,M,0.0000,M,0.0000,0
$GPRMC,221859.65,A,3726.6381760,N,12216.0817760,W,32.6511,106.3691,040121,,,,
$GPGGA,221900.65,3726.6334060,N,12216.0603260,W,1,0,0.0,124.3633,M,0.0000,M,0.0000,0
$GPRMC,221900.65,A,3726.6334060,N,12216.0603260,W,32.5319,104.7966,040121,,,,
$GPGGA,221901.65,3726.6291760,N,12216.0390980,W,1,0,0.0,124.7536,M,0.0000,M,0.0000,0
$GPRMC,221901.65,A,3726.6291760,N,12216.0390980,W,32.4457,103.1688,040121,,,,
$GPGGA,221902.66,3726.6253960,N,12216.0173120,W,1,0,0.0,125.1303,M,0.0000,M,0.0000,0
$GPRMC,221902.66,A,3726.6253960,N,12216.0173120,W,32.3671,101.2173,040121,,,,
$GPGGA,221903.65,3726.6223180,N,12215.9959220,W,1,0,0.0,125.4953,M,0.0000,M,0.0000,0
$GPRMC,221903.65,A,3726.6223180,N,12215.9959220,W,32.2881,99.2320,040121,,,,
$GPGGA,221904.65,3726.6197620,N,12215.9744720,W,1,0,0.0,125.8272,M,0.0000,M,0.0000,0
$GPRMC,221904.65,A,3726.6197620,N,12215.9744720,W,32.2334,97.8239,040121,,,,
$GPGGA,221905.66,3726.6175780,N,12215.9525240,W,1,0,0.0,126.1395,M,0.0000,M,0.0000,0
$GPRMC,221905.66,A,3726.6175780,N,12215.9525240,W,32.1652,96.2233,040121,,,,
$GPGGA,221906.65,3726.6159340,N,12215.9310740,W,1,0,0.0,126.3826,M,0.0000,M,0.0000,0
$GPRMC,221906.65,A,3726.6159340,N,12215.9310740,W,32.0975,94.5427,040121,,,,
$GPGGA,221907.66,3726.6148060,N,12215.9090660,W,1,0,0.0,126.5752,M,0.0000,M,0.0000,0
$GPRMC,221907.66,A,3726.6148060,N,12215.9090660,W,32.0502,92.6520,040121,,,,
$GPGGA,221908.65,3726.6142780,N,12215.8875800,W,1,0,0.0,126.7007,M,0.0000,M,0.0000,0
$GPRMC,221908.65,A,3726.6142780,N,12215.8875800,W,32.0182,90.7995,040121,,,,
$GPGGA,221909.64,3726.6143080,N,12215.8660640,W,1,0,0.0,126.7563,M,0.0000,M,0.0000,0
$GPRMC,221909.64,A,3726.6143080,N,12215.8660640,W,31.9902,89.0633,040121,,,,
$GPGGA,221910.76,3726.6148720,N,12215.8418720,W,1,0,0.0,126.7026,M,0.0000,M,0.0000,0
$GPRMC,221910.76,A,3726.6148720,N,12215.8418720,W,31.9907,87.4420,040121,,,,
$GPGGA,221911.45,3726.6155200,N,12215.8269800,W,1,0,0.0,126.7054,M,0.0000,M,0.0000,0
$GPRMC,221911.45,A,3726.6155200,N,12215.8269800,W,31.9742,86.2662,040121,,,,
$GPGGA,221912.66,3726.6172420,N,12215.8007000,W,1,0,0.0,126.6074,M,0.0000,M,0.0000,0
$GPRMC,221912.66,A,3726.6172420,N,12215.8007000,W,32.0069,83.9938,040121,,,,
$GPGGA,221913.65,3726.6192940,N,12215.7793760,W,1,0,0.0,126.4929,M,0.0000,M,0.0000,0
$GPRMC,221913.65,A,3726.6192940,N,12215.7793760,W,32.0574,82.4390,040121,,,,
$GPGGA,221914.65,3726.6215560,N,12215.7579260,W,1,0,0.0,126.2577,M,0.0000,M,0.0000,0
$GPRMC,221914.65,A,3726.6215560,N,12215.7579260,W,32.1487,82.3383,040121,,,,
$GPGGA,221915.66,3726.6239080,N,12215.7360500,W,1,0,0.0,125.9818,M,0.0000,M,0.0000,0
$GPRMC,221915.66,A,3726.6239080,N,12215.7360500,W,32.2200,81.9958,040121,,,,
$GPGGA,221916.65,3726.6263320,N,12215.7145940,W,1,0,0.0,125.7210,M,0.0000,M,0.0000,0
$GPRMC,221916.65,A,3726.6263320,N,12215.7145940,W,32.2842,81.8700,040121,,,,
$GPGGA,221917.66,3726.6287680,N,12215.6926100,W,1,0,0.0,125.4944,M,0.0000,M,0.0000,0
$GPRMC,221917.66,A,3726.6287680,N,12215.6926100,W,32.3801,82.3454,040121,,,,
$GPGGA,221918.66,3726.6310660,N,12215.6709680,W,1,0,0.0,125.2708,M,0.0000,M,0.0000,0
$GPRMC,221918.66,A,3726.6310660,N,12215.6709680,W,32.4610,82.2338,040121,,,,
$GPGGA,221919.65,3726.6334180,N,12215.6493260,W,1,0,0.0,125.0705,M,0.0000,M,0.0000,0
$GPRMC,221919.65,A,3726.6334180,N,12215.6493260,W,32.5178,81.9894,040121,,,,
$GPGGA,221920.66,3726.6359440,N,12215.6272460,W,1,0,0.0,124.8975,M,0.0000,M,0.0000,0
$GPRMC,221920.66,A,3726.6359440,N,12215.6272460,W,32.4291,81.7333,040121,,,,
$GPGGA,221921.65,3726.6383200,N,12215.6057660,W,1,0,0.0,124.6389,M,0.0000,M,0.0000,0
$GPRMC,221921.65,A,3726.6383200,N,12215.6057660,W,32.3274,82.4027,040121,,,,
$GPGGA,221922.66,3726.6405220,N,12215.5837160,W,1,0,0.0,124.2710,M,0.0000,M,0.0000,0
$GPRMC,221922.66,A,3726.6405220,N,12215.5837160,W,32.2035,83.2083,040121,,,,
$GPGGA,221923.65,3726.6423040,N,12215.5622720,W,1,0,0.0,123.8364,M,0.0000,M,0.0000,0
$GPRMC,221923.65,A,3726.6423040,N,12215.5622720,W,31.9415,84.9684,040121,,,,
$GPGGA,221924.64,3726.6434500,N,12215.5410440,W,1,0,0.0,123.3546,M,0.0000,M,0.0000,0
$GPRMC,221924.64,A,3726.6434500,N,12215.5410440,W,31.7144,87.2388,040121,,,,
$GPGGA,221925.66,3726.6439600,N,12215.5192400,W,1,0,0.0,122.7729,M,0.0000,M,0.0000,0
$GPRMC,221925.66,A,3726.6439600,N,12215.5192400,W,31.4902,89.2279,040121,,,,
$GPGGA,221926.65,3726.6439180,N,12215.4980780,W,1,0,0.0,122.1138,M,0.0000,M,0.0000,0
$GPRMC,221926.65,A,3726.6439180,N,12215.4980780,W,31.2988,90.9364,040121,,,,
$GPGGA,221927.76,3726.6432040,N,12215.4746120,W,1,0,0.0,121.3090,M,0.0000,M,0.0000,0
$GPRMC,221927.76,A,3726.6432040,N,12215.4746120,W,31.1083,93.2062,040121,,,,
$GPGGA,221928.45,3726.6424180,N,12215.4600800,W,1,0,0.0,120.7515,M,0.0000,M,0.0000,0
$GPRMC,221928.45,A,3726.6424180,N,12215.4600800,W,31.0091,94.4554,040121,,,,
$GPGGA,221929.64,3726.6404440,N,12215.4352520,W,1,0,0.0,119.7465,M,0.0000,M,0.0000,0
$GPRMC,221929.64,A,3726.6404440,N,12215.4352520,W,30.8000,96.7198,040121,,,,
$GPGGA,221930.66,3726.6381460,N,12215.4143480,W,1,0,0.0,118.8073,M,0.0000,M,0.0000,0
$GPRMC,221930.66,A,3726.6381460,N,12215.4143480,W,30.6719,98.8471,040121,,,,
$GPGGA,221931.59,3726.6354820,N,12215.3952680,W,1,0,0.0,117.8704,M,0.0000,M,0.0000,0
$GPRMC,221931.59,A,3726.6354820,N,12215.3952680,W,30.5814,100.9108,040121,,,,
$GPGGA,221932.78,3726.6313480,N,12215.3711540,W,1,0,0.0,116.5814,M,0.0000,M,0.0000,0
$GPRMC,221932.78,A,3726.6313480,N,12215.3711540,W,30.4995,103.1780,040121,,,,
$GPGGA,221933.65,3726.6278920,N,12215.3536940,W,1,0,0.0,115.5889,M,0.0000,M,0.0000,0
$GPRMC,221933.65,A,3726.6278920,N,12215.3536940,W,30.4385,104.5612,040121,,,,
$GPGGA,221934.65,3726.6234700,N,12215.3339420,W,1,0,0.0,114.3684,M,0.0000,M,0.0000,0
$GPRMC,221934.65,A,3726.6234700,N,12215.3339420,W,30.4187,106.7352,040121,,,,
$GPGGA,221935.66,3726.6183400,N,12215.3140400,W,1,0,0.0,113.1153,M,0.0000,M,0.0000,0
$GPRMC,221935.66,A,3726.6183400,N,12215.3140400,W,30.5073,108.8155,040121,,,,
$GPGGA,221936.65,3726.6128260,N,12215.2947380,W,1,0,0.0,111.8918,M,0.0000,M,0.0000,0
$GPRMC,221936.65,A,3726.6128260,N,12215.2947380,W,30.5959,110.4057,040121,,,,
$GPGGA,221937.66,3726.6067420,N,12215.2751600,W,1,0,0.0,110.6597,M,0.0000,M,0.0000,0
$GPRMC,221937.66,A,3726.6067420,N,12215.2751600,W,30.6400,112.1281,040121,,,,
$GPGGA,221938.65,3726.6002080,N,12215.2562120,W,1,0,0.0,109.4212,M,0.0000,M,0.0000,0
$GPRMC,221938.65,A,3726.6002080,N,12215.2562120,W,30.6087,114.5434,040121,,,,
$GPGGA,221939.64,3726.5931460,N,12215.2377740,W,1,0,0.0,108.2229,M,0.0000,M,0.0000,0
$GPRMC,221939.64,A,3726.5931460,N,12215.2377740,W,30.5816,116.6016,040121,,,,
$GPGGA,221940.66,3726.5853580,N,12215.2190840,W,1,0,0.0,106.9335,M,0.0000,M,0.0000,0
$GPRMC,221940.66,A,3726.5853580,N,12215.2190840,W,30.5650,118.3655,040121,,,,
$GPGGA,221941.65,3726.5773600,N,12215.2012100,W,1,0,0.0,105.7276,M,0.0000,M,0.0000,0
$GPRMC,221941.65,A,3726.5773600,N,12215.2012100,W,30.5161,119.9518,040121,,,,
$GPGGA,221942.66,3726.5686840,N,12215.1832640,W,1,0,0.0,104.5242,M,0.0000,M,0.0000,0
$GPRMC,221942.66,A,3726.5686840,N,12215.1832640,W,30.4335,122.6019,040121,,,,
$GPGGA,221943.65,3726.5595580,N,12215.1663740,W,1,0,0.0,103.3173,M,0.0000,M,0.0000,0
$GPRMC,221943.65,A,3726.5595580,N,12215.1663740,W,30.3569,125.5970,040121,,,,
$GPGGA,221944.64,3726.5497420,N,12215.1501200,W,1,0,0.0,102.0460,M,0.0000,M,0.0000,0
$GPRMC,221944.64,A,3726.5497420,N,12215.1501200,W,30.3105,128.3024,040121,,,,
$GPGGA,221945.65,3726.5393680,N,12215.1340880,W,1,0,0.0,100.8340,M,0.0000,M,0.0000,0
$GPRMC,221945.65,A,3726.5393680,N,12215.1340880,W,30.2545,129.6499,040121,,,,
$GPGGA,221946.75,3726.5276740,N,12215.1169820,W,1,0,0.0,99.5199,M,0.0000,M,0.0000,0
$GPRMC,221946.75,A,3726.5276740,N,12215.1169820,W,30.1615,131.4997,040121,,,,
$GPGGA,221947.46,3726.5198800,N,12215.1062780,W,1,0,0.0,98.5463,M,0.0000,M,0.0000,0
$GPRMC,221947.46,A,3726.5198800,N,12215.1062780,W,30.1234,133.3203,040121,,,,
$GPGGA,221948.65,3726.5062660,N,12215.0888600,W,1,0,0.0,97.1032,M,0.0000,M,0.0000,0
$GPRMC,221948.65,A,3726.5062660,N,12215.0888600,W,30.0676,134.8793,040121,,,,
$GPGGA,221949.64,3726.4949260,N,12215.0746760,W,1,0,0.0,96.0245,M,0.0000,M,0.0000,0
$GPRMC,221949.64,A,3726.4949260,N,12215.0746760,W,29.9795,135.0919,040121,,,,
$GPGGA,221950.66,3726.4832920,N,12215.0600780,W,1,0,0.0,94.8146,M,0.0000,M,0.0000,0
$GPRMC,221950.66,A,3726.4832920,N,12215.0600780,W,29.9219,134.6229,040121,,,,
$GPGGA,221951.65,3726.4720480,N,12215.0456900,W,1,0,0.0,93.6178,M,0.0000,M,0.0000,0
$GPRMC,221951.65,A,3726.4720480,N,12215.0456900,W,29.8907,134.0726,040121,,,,
$GPGGA,221952.66,3726.4606780,N,12215.0309600,W,1,0,0.0,92.4097,M,0.0000,M,0.0000,0
$GPRMC,221952.66,A,3726.4606780,N,12215.0309600,W,29.8513,133.9037,040121,,,,
$GPGGA,221953.65,3726.4495840,N,12215.0165360,W,1,0,0.0,91.2750,M,0.0000,M,0.0000,0
$GPRMC,221953.65,A,3726.4495840,N,12215.0165360,W,29.7682,133.8694,040121,,,,
$GPGGA,221954.65,3726.4385200,N,12215.0021360,W,1,0,0.0,90.0781,M,0.0000,M,0.0000,0
$GPRMC,221954.65,A,3726.4385200,N,12215.0021360,W,29.7266,133.8278,040121,,,,
$GPGGA,221955.66,3726.4272340,N,12214.9874720,W,1,0,0.0,88.8840,M,0.0000,M,0.0000,0
$GPRMC,221955.66,A,3726.4272340,N,12214.9874720,W,29.6743,133.9203,040121,,,,
$GPGGA,221956.65,3726.4162000,N,12214.9731140,W,1,0,0.0,87.7074,M,0.0000,M,0.0000,0
$GPRMC,221956.65,A,3726.4162000,N,12214.9731140,W,29.6298,133.8879,040121,,,,
$GPGGA,221957.66,3726.4050100,N,12214.9585400,W,1,0,0.0,86.5224,M,0.0000,M,0.0000,0
$GPRMC,221957.66,A,3726.4050100,N,12214.9585400,W,29.5695,133.7678,040121,,,,
$GPGGA,221958.65,3726.3939880,N,12214.9441880,W,1,0,0.0,85.4077,M,0.0000,M,0.0000,0
$GPRMC,221958.65,A,3726.3939880,N,12214.9441880,W,29.4877,133.8764,040121,,,,
$GPGGA,221959.75,3726.3818800,N,12214.9285040,W,1,0,0.0,84.1788,M,0.0000,M,0.0000,0
$GPRMC,221959.75,A,3726.3818800,N,12214.9285040,W,29.4320,133.9755,040121,,,,
$GPGGA,222000.55,3726.3729340,N,12214.9169360,W,1,0,0.0,83.1397,M,0.0000,M,0.0000,0
$GPRMC,222000.55,A,3726.3729340,N,12214.9169360,W,29.4253,134.1929,040121,,,,
$GPGGA,222001.45,3726.3630040,N,12214.9042100,W,1,0,0.0,81.9971,M,0.0000,M,0.0000,0
$GPRMC,222001.45,A,3726.3630040,N,12214.9042100,W,29.4177,134.3385,040121,,,,
$GPGGA,222002.76,3726.3483340,N,12214.8855380,W,1,0,0.0,80.4603,M,0.0000,M,0.0000,0
$GPRMC,222002.76,A,3726.3483340,N,12214.8855380,W,29.3561,134.7185,040121,,,,
$GPGGA,222003.45,3726.3406000,N,12214.8758360,W,1,0,0.0,79.6331,M,0.0000,M,0.0000,0
$GPRMC,222003.45,A,3726.3406000,N,12214.8758360,W,29.2232,135.0616,040121,,,,
$GPGGA,222004.65,3726.3274720,N,12214.8595640,W,1,0,0.0,78.2744,M,0.0000,M,0.0000,0
$GPRMC,222004.65,A,3726.3274720,N,12214.8595640,W,27.8597,135.3808,040121,,,,
$GPGGA,222005.66,3726.3168760,N,12214.8465380,W,1,0,0.0,77.0944,M,0.0000,M,0.0000,0
$GPRMC,222005.66,A,3726.3168760,N,12214.8465380,W,26.4320,135.5930,040121,,,,
$GPGGA,222006.75,3726.3060040,N,12214.8333080,W,1,0,0.0,76.0910,M,0.0000,M,0.0000,0
$GPRMC,222006.75,A,3726.3060040,N,12214.8333080,W,24.8605,136.1327,040121,,,,
$GPGGA,222007.46,3726.2992060,N,12214.8252320,W,1,0,0.0,75.3891,M,0.0000,M,0.0000,0
$GPRMC,222007.46,A,3726.2992060,N,12214.8252320,W,24.0197,137.0153,040121,,,,
$GPGGA,222008.65,3726.2877940,N,12214.8123740,W,1,0,0.0,74.2350,M,0.0000,M,0.0000,0
$GPRMC,222008.65,A,3726.2877940,N,12214.8123740,W,23.7173,138.8304,040121,,,,
$GPGGA,222009.64,3726.2781040,N,12214.8020420,W,1,0,0.0,73.2315,M,0.0000,M,0.0000,0
$GPRMC,222009.64,A,3726.2781040,N,12214.8020420,W,23.7200,140.0003,040121,,,,
$GPGGA,222010.65,3726.2681500,N,12214.7917160,W,1,0,0.0,72.1874,M,0.0000,M,0.0000,0
$GPRMC,222010.65,A,3726.2681500,N,12214.7917160,W,23.6864,140.4598,040121,,,,
$GPGGA,222011.75,3726.2572420,N,12214.7805560,W,1,0,0.0,71.1204,M,0.0000,M,0.0000,0
$GPRMC,222011.75,A,3726.2572420,N,12214.7805560,W,23.7102,141.0223,040121,,,,
$GPGGA,222012.46,3726.2501500,N,12214.7734280,W,1,0,0.0,70.4239,M,0.0000,M,0.0000,0
$GPRMC,222012.46,A,3726.2501500,N,12214.7734280,W,23.7157,141.3769,040121,,,,
$GPGGA,222013.65,3726.2382160,N,12214.7614280,W,1,0,0.0,69.2993,M,0.0000,M,0.0000,0
$GPRMC,222013.65,A,3726.2382160,N,12214.7614280,W,23.7003,141.0193,040121,,,,
$GPGGA,222014.64,3726.2283760,N,12214.7513360,W,1,0,0.0,68.3032,M,0.0000,M,0.0000,0
$GPRMC,222014.64,A,3726.2283760,N,12214.7513360,W,23.7105,140.6226,040121,,,,
$GPGGA,222015.66,3726.2183680,N,12214.7409620,W,1,0,0.0,67.2949,M,0.0000,M,0.0000,0
$GPRMC,222015.66,A,3726.2183680,N,12214.7409620,W,23.6900,140.3292,040121,,,,
$GPGGA,222016.64,3726.2086840,N,12214.7308760,W,1,0,0.0,66.1781,M,0.0000,M,0.0000,0
$GPRMC,222016.64,A,3726.2086840,N,12214.7308760,W,23.6995,140.2703,040121,,,,
$GPGGA,222017.63,3726.1989820,N,12214.7205260,W,1,0,0.0,64.9636,M,0.0000,M,0.0000,0
$GPRMC,222017.63,A,3726.1989820,N,12214.7205260,W,23.7462,139.1241,040121,,,,
$GPGGA,222018.65,3726.1891120,N,12214.7097140,W,1,0,0.0,63.6385,M,0.0000,M,0.0000,0
$GPRMC,222018.65,A,3726.1891120,N,12214.7097140,W,23.8342,138.5753,040121,,,,
$GPGGA,222019.64,3726.1795420,N,12214.6990820,W,1,0,0.0,62.3864,M,0.0000,M,0.0000,0
$GPRMC,222019.64,A,3726.1795420,N,12214.6990820,W,23.9114,138.4016,040121,,,,
$GPGGA,222020.66,3726.1696960,N,12214.6881620,W,1,0,0.0,61.1075,M,0.0000,M,0.0000,0
$GPRMC,222020.66,A,3726.1696960,N,12214.6881620,W,23.9199,138.4568,040121,,,,
$GPGGA,222021.64,3726.1602760,N,12214.6777460,W,1,0,0.0,59.9031,M,0.0000,M,0.0000,0
$GPRMC,222021.64,A,3726.1602760,N,12214.6777460,W,23.1256,138.5428,040121,,,,
$GPGGA,222022.63,3726.1514020,N,12214.6679480,W,1,0,0.0,58.8707,M,0.0000,M,0.0000,0
$GPRMC,222022.63,A,3726.1514020,N,12214.6679480,W,20.8782,138.6304,040121,,,,
$GPGGA,222023.65,3726.1432840,N,12214.6590140,W,1,0,0.0,58.0601,M,0.0000,M,0.0000,0
$GPRMC,222023.65,A,3726.1432840,N,12214.6590140,W,18.2503,138.7702,040121,,,,
$GPGGA,222024.64,3726.1365220,N,12214.6516100,W,1,0,0.0,57.6064,M,0.0000,M,0.0000,0
$GPRMC,222024.64,A,3726.1365220,N,12214.6516100,W,15.1849,138.8573,040121,,,,
$GPGGA,222025.65,3726.1309300,N,12214.6454540,W,1,0,0.0,57.3483,M,0.0000,M,0.0000,0
$GPRMC,222025.65,A,3726.1309300,N,12214.6454540,W,12.2010,138.5093,040121,,,,
$GPGGA,222026.64,3726.1265980,N,12214.6406480,W,1,0,0.0,57.2021,M,0.0000,M,0.0000,0
$GPRMC,222026.64,A,3726.1265980,N,12214.6406480,W,9.5067,138.4815,040121,,,,
$GPGGA,222027.63,3726.1233100,N,12214.6369880,W,1,0,0.0,57.1173,M,0.0000,M,0.0000,0
$GPRMC,222027.63,A,3726.1233100,N,12214.6369880,W,6.9548,138.3923,040121,,,,
$GPGGA,222028.65,3726.1208680,N,12214.6342520,W,1,0,0.0,57.0015,M,0.0000,M,0.0000,0
$GPRMC,222028.65,A,3726.1208680,N,12214.6342520,W,4.9614,138.2924,040121,,,,
$GPGGA,222029.65,3726.1191820,N,12214.6323560,W,1,0,0.0,56.9413,M,0.0000,M,0.0000,0
$GPRMC,222029.65,A,3726.1191820,N,12214.6323560,W,3.6001,138.1652,040121,,,,
$GPGGA,222030.65,3726.1179460,N,12214.6309580,W,1,0,0.0,56.8899,M,0.0000,M,0.0000,0
$GPRMC,222030.65,A,3726.1179460,N,12214.6309580,W,2.4526,137.9875,040121,,,,
$GPGGA,222031.64,3726.1172260,N,12214.6301300,W,1,0,0.0,56.8572,M,0.0000,M,0.0000,0
$GPRMC,222031.64,A,3726.1172260,N,12214.6301300,W,1.2075,137.9083,040121,,,,
$GPGGA,222032.63,3726.1169860,N,12214.6298600,W,1,0,0.0,56.8467,M,0.0000,M,0.0000,0
$GPRMC,222032.63,A,3726.1169860,N,12214.6298600,W,0.0448,137.8908,040121,,,,
$GPGGA,222033.65,3726.1169860,N,12214.6298660,W,1,0,0.0,56.8390,M,0.0000,M,0.0000,0
$GPRMC,222033.65,A,3726.1169860,N,12214.6298660,W,0.0026,137.8857,040121,,,,
$GPGGA,222034.65,3726.1169860,N,12214.6298660,W,1,0,0.0,56.8390,M,0.0000,M,0.0000,0
$GPRMC,222034.65,A,3726.1169860,N,12214.6298660,W,0.0025,137.8839,040121,,,,
$GPGGA,222035.66,3726.1169860,N,12214.6298660,W,1,0,0.0,56.8390,M,0.0000,M,0.0000,0
$GPRMC,222035.66,A,3726.1169860,N,12214.6298660,W,0.0014,137.8851,040121,,,,
$GPGGA,222036.65,3726.1169860,N,12214.6298660,W,1,0,0.0,56.8390,M,0.0000,M,0.0000,0
$GPRMC,222036.65,A,3726.1169860,N,12214.6298660,W,0.0018,137.8854,040121,,,,
$GPGGA,222037.66,3726.1169860,N,12214.6298660,W,1,0,0.0,56.8390,M,0.0000,M,0.0000,0
$GPRMC,222037.66,A,3726.1169860,N,12214.6298660,W,0.0007,137.8850,040121,,,,
$GPGGA,222038.65,3726.1169860,N,12214.6298660,W,1,0,0.0,56.8390,M,0.0000,M,0.0000,0
$GPRMC,222038.65,A,3726.1169860,N,12214.6298660,W,0.0012,137.8849,040121,,,,
$GPGGA,222039.65,3726.1169860,N,12214.6298660,W,1,0,0.0,56.8390,M,0.0000,M,0.0000,0
$GPRMC,222039.65,A,3726.1169860,N,12214.6298660,W,0.0010,137.8851,040121,,,,
$GPGGA,222040.66,3726.1169860,N,12214.6298660,W,1,0,0.0,56.8390,M,0.0000,M,0.0000,0
$GPRMC,222040.66,A,3726.1169860,N,12214.6298660,W,0.0014,137.8850,040121,,,,
$GPGGA,222041.65,3726.1169860,N,12214.6298660,W,1,0,0.0,56.8390,M,0.0000,M,0.0000,0
$GPRMC,222041.65,A,3726.1169860,N,12214.6298660,W,0.0000,137.8849,040121,,,,
$GPGGA,222042.66,3726.1169860,N,12214.6298660,W,1,0,0.0,56.8390,M,0.0000,M,0.0000,0
$GPRMC,222042.66,A,3726.1169860,N,12214.6298660,W,0.0018,137.8853,040121,,,,
$GPGGA,222043.65,3726.1169860,N,12214.6298660,W,1,0,0.0,56.8390,M,0.0000,M,0.0000,0
$GPRMC,222043.65,A,3726.1169860,N,12214.6298660,W,0.0018,137.8851,040121,,,,
$GPGGA,222044.65,3726.1169860,N,12214.6298660,W,1,0,0.0,56.8390,M,0.0000,M,0.0000,0
$GPRMC,222044.65,A,3726.1169860,N,12214.6298660,W,0.0010,137.8848,040121,,,,
$GPGGA,222045.66,3726.1169860,N,12214.6298660,W,1,0,0.0,56.8390,M,0.0000,M,0.0000,0
$GPRMC,222045.66,A,3726.1169860,N,12214.6298660,W,0.0014,137.8849,040121,,,,
$GPGGA,222046.65,3726.1169860,N,12214.6298660,W,1,0,0.0,56.8390,M,0.0000,M,0.0000,0
$GPRMC,222046.65,A,3726.1169860,N,12214.6298660,W,0.0014,137.8849,040121,,,,
$GPGGA,222047.66,3726.1169860,N,12214.6298660,W,1,0,0.0,56.8390,M,0.0000,M,0.0000,0
$GPRMC,222047.66,A,3726.1169860,N,12214.6298660,W,0.0010,137.8850,040121,,,,
$GPGGA,222048.65,3726.1169860,N,12214.6298660,W,1,0,0.0,56.8390,M,0.0000,M,0.0000,0
$GPRMC,222048.65,A,3726.1169860,N,12214.6298660,W,0.0000,137.8849,040121,,,,
$GPGGA,222049.64,3726.1169860,N,12214.6298660,W,1,0,0.0,56.8390,M,0.0000,M,0.0000,0
$GPRMC,222049.64,A,3726.1169860,N,12214.6298660,W,0.0012,137.8850,040121,,,,
$GPGGA,222050.66,3726.1169860,N,12214.6298660,W,1,0,0.0,56.8390,M,0.0000,M,0.0000,0
$GPRMC,222050.66,A,3726.1169860,N,12214.6298660,W,0.0012,137.8851,040121,,,,
$GPGGA,222051.65,3726.1169860,N,12214.6298660,W,1,0,0.0,56.8390,M,0.0000,M,0.0000,0
$GPRMC,222051.65,A,3726.1169860,N,12214.6298660,W,0.0010,137.8850,040121,,,,
$GPGGA,222052.66,3726.1169860,N,12214.6298660,W,1,0,0.0,56.8390,M,0.0000,M,0.0000,0
$GPRMC,222052.66,A,3726.1169860,N,12214.6298660,W,0.0000,137.8850,040121,,,,
$GPGGA,222053.65,3726.1169860,N,12214.6298660,W,1,0,0.0,56.8390,M,0.0000,M,0.0000,0
$GPRMC,222053.65,A,3726.1169860,N,12214.6298660,W,0.0005,137.8849,040121,,,,
$GPGGA,222054.64,3726.1169860,N,12214.6298660,W,1,0,0.0,56.8390,M,0.0000,M,0.0000,0
$GPRMC,222054.64,A,3726.1169860,N,12214.6298660,W,0.0006,137.8847,040121,,,,
$GPGGA,222055.66,3726.1169860,N,12214.6298660,W,1,0,0.0,56.8390,M,0.0000,M,0.0000,0
$GPRMC,222055.66,A,3726.1169860,N,12214.6298660,W,0.0008,137.8849,040121,,,,
$GPGGA,222056.65,3726.1169860,N,12214.6298660,W,1,0,0.0,56.8390,M,0.0000,M,0.0000,0
$GPRMC,222056.65,A,3726.1169860,N,12214.6298660,W,0.0010,137.8850,040121,,,,
$GPGGA,222057.66,3726.1169860,N,12214.6298660,W,1,0,0.0,56.8390,M,0.0000,M,0.0000,0
$GPRMC,222057.66,A,3726.1169860,N,12214.6298660,W,0.0000,137.8851,040121,,,,
$GPGGA,222058.65,3726.1169860,N,12214.6298660,W,1,0,0.0,56.8390,M,0.0000,M,0.0000,0
$GPRMC,222058.65,A,3726.1169860,N,12214.6298660,W,0.0010,137.8850,040121,,,,
$GPGGA,222059.64,3726.1169860,N,12214.6298660,W,1,0,0.0,56.8390,M,0.0000,M,0.0000,0
$GPRMC,222059.64,A,3726.1169860,N,12214.6298660,W,0.0010,137.8849,040121,,,,
$GPGGA,222100.66,3726.1169860,N,12214.6298660,W,1,0,0.0,56.8390,M,0.0000,M,0.0000,0
$GPRMC,222100.66,A,3726.1169860,N,12214.6298660,W,0.0010,137.8848,040121,,,,
$GPGGA,222101.65,3726.1169860,N,12214.6298660,W,1,0,0.0,56.8390,M,0.0000,M,0.0000,0
$GPRMC,222101.65,A,3726.1169860,N,12214.6298660,W,0.0005,137.8848,040121,,,,
$GPGGA,222102.66,3726.1169860,N,12214.6298660,W,1,0,0.0,56.8390,M,0.0000,M,0.0000,0
$GPRMC,222102.66,A,3726.1169860,N,12214.6298660,W,0.0000,137.8849,040121,,,,
$GPGGA,222103.65,3726.1169860,N,12214.6298660,W,1,0,0.0,56.8390,M,0.0000,M,0.0000,0
$GPRMC,222103.65,A,3726.1169860,N,12214.6298660,W,0.0010,137.8846,040121,,,,
$GPGGA,222104.65,3726.1169860,N,12214.6298660,W,1,0,0.0,56.8390,M,0.0000,M,0.0000,0
$GPRMC,222104.65,A,3726.1169860,N,12214.6298660,W,0.0012,137.8843,040121,,,,
$GPGGA,222105.66,3726.1169860,N,12214.6298660,W,1,0,0.0,56.8390,M,0.0000,M,0.0000,0
$GPRMC,222105.66,A,3726.1169860,N,12214.6298660,W,0.0008,137.8843,040121,,,,
$GPGGA,222106.65,3726.1169860,N,12214.6298660,W,1,0,0.0,56.8390,M,0.0000,M,0.0000,0
$GPRMC,222106.65,A,3726.1169860,N,12214.6298660,W,0.0000,137.8841,040121,,,,
$GPGGA,222107.66,3726.1169860,N,12214.6298660,W,1,0,0.0,56.8390,M,0.0000,M,0.0000,0
$GPRMC,222107.66,A,3726.1169860,N,12214.6298660,W,0.0006,137.8840,040121,,,,
$GPGGA,222108.65,3726.1169860,N,12214.6298660,W,1,0,0.0,56.8390,M,0.0000,M,0.0000,0
$GPRMC,222108.65,A,3726.1169860,N,12214.6298660,W,0.0012,137.8846,040121,,,,
$GPGGA,222109.64,3726.1169860,N,12214.6298660,W,1,0,0.0,56.8390,M,0.0000,M,0.0000,0
$GPRMC,222109.64,A,3726.1169860,N,12214.6298660,W,0.0010,137.8849,040121,,,,
$GPGGA,222110.66,3726.1169860,N,12214.6298660,W,1,0,0.0,56.8390,M,0.0000,M,0.0000,0
$GPRMC,222110.66,A,3726.1169860,N,12214.6298660,W,0.0010,137.8849,040121,,,,
$GPGGA,222111.65,3726.1169860,N,12214.6298660,W,1,0,0.0,56.8390,M,0.0000,M,0.0000,0
$GPRMC,222111.65,A,3726.1169860,N,12214.6298660,W,0.0012,137.8848,040121,,,,
$GPGGA,222112.66,3726.1169860,N,12214.6298660,W,1,0,0.0,56.8390,M,0.0000,M,0.0000,0
$GPRMC,222112.66,A,3726.1169860,N,12214.6298660,W,0.0010,137.8848,040121,,,,
$GPGGA,222113.65,3726.1169860,N,12214.6298660,W,1,0,0.0,56.8390,M,0.0000,M,0.0000,0
$GPRMC,222113.65,A,3726.1169860,N,12214.6298660,W,0.0005,137.8846,040121,,,,
$GPGGA,222114.65,3726.1169860,N,12214.6298660,W,1,0,0.0,56.8390,M,0.0000,M,0.0000,0
$GPRMC,222114.65,A,3726.1169860,N,12214.6298660,W,0.0000,137.8846,040121,,,,
$GPGGA,222115.66,3726.1169860,N,12214.6298660,W,1,0,0.0,56.8390,M,0.0000,M,0.0000,0
$GPRMC,222115.66,A,3726.1169860,N,12214.6298660,W,0.0010,137.8846,040121,,,,
$GPGGA,222116.65,3726.1169860,N,12214.6298660,W,1,0,0.0,56.8390,M,0.0000,M,0.0000,0
$GPRMC,222116.65,A,3726.1169860,N,12214.6298660,W,0.0010,137.8847,040121,,,,
$GPGGA,222117.66,3726.1169860,N,12214.6298660,W,1,0,0.0,56.8390,M,0.0000,M,0.0000,0
$GPRMC,222117.66,A,3726.1169860,N,12214.6298660,W,0.0010,137.8847,040121,,,,
$GPGGA,222118.65,3726.1169860,N,12214.6298660,W,1,0,0.0,56.8390,M,0.0000,M,0.0000,0
$GPRMC,222118.65,A,3726.1169860,N,12214.6298660,W,0.0000,137.8846,040121,,,,
$GPGGA,222119.64,3726.1169860,N,12214.6298660,W,1,0,0.0,56.8390,M,0.0000,M,0.0000,0
$GPRMC,222119.64,A,3726.1169860,N,12214.6298660,W,0.0012,137.8845,040121,,,,
$GPGGA,222120.66,3726.1169860,N,12214.6298660,W,1,0,0.0,56.8390,M,0.0000,M,0.0000,0
$GPRMC,222120.66,A,3726.1169860,N,12214.6298660,W,0.0004,137.8845,040121,,,,
$GPGGA,222121.65,3726.1169860,N,12214.6298660,W,1,0,0.0,56.8390,M,0.0000,M,0.0000,0
$GPRMC,222121.65,A,3726.1169860,N,12214.6298660,W,0.0012,137.8846,040121,,,,
$GPGGA,222122.66,3726.1169860,N,12214.6298660,W,1,0,0.0,56.8390,M,0.0000,M,0.0000,0
$GPRMC,222122.66,A,3726.1169860,N,12214.6298660,W,0.0010,137.8846,040121,,,,
$GPGGA,222123.65,3726.1169860,N,12214.6298660,W,1,0,0.0,56.8390,M,0.0000,M,0.0000,0
$GPRMC,222123.65,A,3726.1169860,N,12214.6298660,W,0.0010,137.8846,040121,,,,
$GPGGA,222124.64,3726.1169860,N,12214.6298660,W,1,0,0.0,56.8390,M,0.0000,M,0.0000,0
$GPRMC,222124.64,A,3726.1169860,N,12214.6298660,W,0.0010,137.8848,040121,,,,
$GPGGA,222125.66,3726.1169860,N,12214.6298660,W,1,0,0.0,56.8390,M,0.0000,M,0.0000,0
$GPRMC,222125.66,A,3726.1169860,N,12214.6298660,W,0.0006,137.8849,040121,,,,
$GPGGA,222126.65,3726.1169860,N,12214.6298660,W,1,0,0.0,56.8390,M,0.0000,M,0.0000,0
$GPRMC,222126.65,A,3726.1169860,N,12214.6298660,W,0.0000,137.8844,040121,,,,
$GPGGA,222127.66,3726.1169860,N,12214.6298660,W,1,0,0.0,56.8390,M,0.0000,M,0.0000,0
$GPRMC,222127.66,A,3726.1169860,N,12214.6298660,W,0.0000,137.8846,040121,,,,
$GPGGA,222128.65,3726.1169860,N,12214.6298660,W,1,0,0.0,56.8390,M,0.0000,M,0.0000,0
$GPRMC,222128.65,A,3726.1169860,N,12214.6298660,W,0.0005,137.8845,040121,,,,
$GPGGA,222129.64,3726.1169860,N,12214.6298660,W,1,0,0.0,56.8390,M,0.0000,M,0.0000,0
$GPRMC,222129.64,A,3726.1169860,N,12214.6298660,W,0.0010,137.8844,040121,,,,
$GPGGA,222130.66,3726.1169860,N,12214.6298660,W,1,0,0.0,56.8390,M,0.0000,M,0.0000,0
$GPRMC,222130.66,A,3726.1169860,N,12214.6298660,W,0.0004,137.8845,040121,,,,
$GPGGA,222131.65,3726.1169860,N,12214.6298660,W,1,0,0.0,56.8390,M,0.0000,M,0.0000,0
$GPRMC,222131.65,A,3726.1169860,N,12214.6298660,W,0.0012,137.8844,040121,,,,
$GPGGA,222132.66,3726.1169860,N,12214.6298660,W,1,0,0.0,56.8390,M,0.0000,M,0.0000,0
$GPRMC,222132.66,A,3726.1169860,N,12214.6298660,W,0.0014,137.8844,040121,,,,
$GPGGA,222133.65,3726.1169860,N,12214.6298660,W,1,0,0.0,56.8390,M,0.0000,M,0.0000,0
$GPRMC,222133.65,A,3726.1169860,N,12214.6298660,W,0.0030,137.8842,040121,,,,
$GPGGA,222134.65,3726.1169140,N,12214.6297880,W,1,0,0.0,56.8305,M,0.0000,M,0.0000,0
$GPRMC,222134.65,A,3726.1169140,N,12214.6297880,W,0.5456,137.8582,040121,,,,
$GPGGA,222135.65,3726.1164040,N,12214.6291700,W,1,0,0.0,56.8038,M,0.0000,M,0.0000,0
$GPRMC,222135.65,A,3726.1164040,N,12214.6291700,W,2.1865,136.9503,040121,,,,
$GPGGA,222136.65,3726.1152400,N,12214.6276100,W,1,0,0.0,56.7456,M,0.0000,M,0.0000,0
$GPRMC,222136.65,A,3726.1152400,N,12214.6276100,W,4.2251,133.5331,040121,,,,
$GPGGA,222137.66,3726.1135060,N,12214.6247180,W,1,0,0.0,56.5940,M,0.0000,M,0.0000,0
$GPRMC,222137.66,A,3726.1135060,N,12214.6247180,W,6.3943,125.7451,040121,,,,
$GPGGA,222138.65,3726.1117900,N,12214.6204280,W,1,0,0.0,56.4611,M,0.0000,M,0.0000,0
$GPRMC,222138.65,A,3726.1117900,N,12214.6204280,W,7.6355,113.2249,040121,,,,
$GPGGA,222139.64,3726.1111060,N,12214.6153400,W,1,0,0.0,56.2856,M,0.0000,M,0.0000,0
$GPRMC,222139.64,A,3726.1111060,N,12214.6153400,W,7.8160,94.2706,040121,,,,
$GPGGA,222140.65,3726.1120900,N,12214.6102280,W,1,0,0.0,56.1525,M,0.0000,M,0.0000,0
$GPRMC,222140.65,A,3726.1120900,N,12214.6102280,W,7.7724,69.8839,040121,,,,
$GPGGA,222141.75,3726.1143700,N,12214.6051340,W,1,0,0.0,55.8479,M,0.0000,M,0.0000,0
$GPRMC,222141.75,A,3726.1143700,N,12214.6051340,W,7.9644,59.9461,040121,,,,
$GPGGA,222142.54,3726.1161100,N,12214.6014320,W,1,0,0.0,55.6435,M,0.0000,M,0.0000,0
$GPRMC,222142.54,A,3726.1161100,N,12214.6014320,W,8.0762,59.4160,040121,,,,
$GPGGA,222143.45,3726.1180480,N,12214.5970400,W,1,0,0.0,55.4105,M,0.0000,M,0.0000,0
$GPRMC,222143.45,A,3726.1180480,N,12214.5970400,W,8.2048,61.6577,040121,,,,
$GPGGA,222144.64,3726.1204180,N,12214.5908300,W,1,0,0.0,55.0304,M,0.0000,M,0.0000,0
$GPRMC,222144.64,A,3726.1204180,N,12214.5908300,W,9.1296,65.4938,040121,,,,
$GPGGA,222145.65,3726.1226680,N,12214.5846440,W,1,0,0.0,54.6770,M,0.0000,M,0.0000,0
$GPRMC,222145.65,A,3726.1226680,N,12214.5846440,W,10.7883,64.9921,040121,,,,
$GPGGA,222146.65,3726.1254580,N,12214.5775760,W,1,0,0.0,54.2685,M,0.0000,M,0.0000,0
$GPRMC,222146.65,A,3726.1254580,N,12214.5775760,W,12.6145,62.7300,040121,,,,
$GPGGA,222147.66,3726.1289620,N,12214.5693860,W,1,0,0.0,53.8138,M,0.0000,M,0.0000,0
$GPRMC,222147.66,A,3726.1289620,N,12214.5693860,W,14.3536,61.3266,040121,,,,
$GPGGA,222148.65,3726.1329280,N,12214.5605720,W,1,0,0.0,53.3423,M,0.0000,M,0.0000,0
$GPRMC,222148.65,A,3726.1329280,N,12214.5605720,W,15.8064,60.0682,040121,,,,
$GPGGA,222149.64,3726.1374100,N,12214.5510500,W,1,0,0.0,52.8375,M,0.0000,M,0.0000,0
$GPRMC,222149.64,A,3726.1374100,N,12214.5510500,W,16.9715,59.0486,040121,,,,
$GPGGA,222150.65,3726.1423360,N,12214.5409460,W,1,0,0.0,52.3745,M,0.0000,M,0.0000,0
$GPRMC,222150.65,A,3726.1423360,N,12214.5409460,W,17.4617,58.1653,040121,,,,
$GPGGA,222151.65,3726.1473640,N,12214.5309860,W,1,0,0.0,51.7489,M,0.0000,M,0.0000,0
$GPRMC,222151.65,A,3726.1473640,N,12214.5309860,W,17.5155,57.4652,040121,,,,
$GPGGA,222152.66,3726.1527040,N,12214.5208580,W,1,0,0.0,51.1474,M,0.0000,M,0.0000,0
$GPRMC,222152.66,A,3726.1527040,N,12214.5208580,W,17.8834,55.4770,040121,,,,
$GPGGA,222153.65,3726.1584460,N,12214.5110360,W,1,0,0.0,50.5929,M,0.0000,M,0.0000,0
$GPRMC,222153.65,A,3726.1584460,N,12214.5110360,W,18.4009,52.6018,040121,,,,
$GPGGA,222154.64,3726.1647400,N,12214.5013160,W,1,0,0.0,49.9307,M,0.0000,M,0.0000,0
$GPRMC,222154.64,A,3726.1647400,N,12214.5013160,W,18.9680,49.5981,040121,,,,
$GPGGA,222155.65,3726.1718140,N,12214.4916200,W,1,0,0.0,49.2934,M,0.0000,M,0.0000,0
$GPRMC,222155.65,A,3726.1718140,N,12214.4916200,W,19.5604,45.9117,040121,,,,
$GPGGA,222156.65,3726.1794880,N,12214.4822420,W,1,0,0.0,48.6691,M,0.0000,M,0.0000,0
$GPRMC,222156.65,A,3726.1794880,N,12214.4822420,W,20.1060,42.8716,040121,,,,
$GPGGA,222157.66,3726.1878700,N,12214.4732180,W,1,0,0.0,47.9807,M,0.0000,M,0.0000,0
$GPRMC,222157.66,A,3726.1878700,N,12214.4732180,W,20.2111,38.7159,040121,,,,
$GPGGA,222158.65,3726.1965760,N,12214.4650520,W,1,0,0.0,47.1740,M,0.0000,M,0.0000,0
$GPRMC,222158.65,A,3726.1965760,N,12214.4650520,W,20.4964,35.1931,040121,,,,
$GPGGA,222159.65,3726.2059060,N,12214.4575040,W,1,0,0.0,46.4511,M,0.0000,M,0.0000,0
$GPRMC,222159.65,A,3726.2059060,N,12214.4575040,W,20.6861,30.9804,040121,,,,
$GPGGA,222200.66,3726.2158000,N,12214.4507060,W,1,0,0.0,45.7241,M,0.0000,M,0.0000,0
$GPRMC,222200.66,A,3726.2158000,N,12214.4507060,W,20.6870,26.9051,040121,,,,
$GPGGA,222201.65,3726.2258260,N,12214.4448020,W,1,0,0.0,45.1060,M,0.0000,M,0.0000,0
$GPRMC,222201.65,A,3726.2258260,N,12214.4448020,W,20.5957,23.9414,040121,,,,
$GPGGA,222202.66,3726.2362120,N,12214.4392820,W,1,0,0.0,44.4481,M,0.0000,M,0.0000,0
$GPRMC,222202.66,A,3726.2362120,N,12214.4392820,W,20.6427,22.0598,040121,,,,
$GPGGA,222203.65,3726.2465440,N,12214.4342540,W,1,0,0.0,43.9776,M,0.0000,M,0.0000,0
$GPRMC,222203.65,A,3726.2465440,N,12214.4342540,W,20.7958,20.5162,040121,,,,
$GPGGA,222204.64,3726.2570560,N,12214.4293460,W,1,0,0.0,43.6002,M,0.0000,M,0.0000,0
$GPRMC,222204.64,A,3726.2570560,N,12214.4293460,W,21.0074,20.3091,040121,,,,
$GPGGA,222205.66,3726.2677240,N,12214.4240780,W,1,0,0.0,43.2654,M,0.0000,M,0.0000,0
$GPRMC,222205.66,A,3726.2677240,N,12214.4240780,W,20.8863,22.0523,040121,,,,
$GPGGA,222206.65,3726.2780080,N,12214.4185820,W,1,0,0.0,42.9557,M,0.0000,M,0.0000,0
$GPRMC,222206.65,A,3726.2780080,N,12214.4185820,W,20.6903,23.9495,040121,,,,
$GPGGA,222207.66,3726.2882320,N,12214.4126300,W,1,0,0.0,42.5820,M,0.0000,M,0.0000,0
$GPRMC,222207.66,A,3726.2882320,N,12214.4126300,W,20.5944,25.4015,040121,,,,
$GPGGA,222208.65,3726.2982160,N,12214.4065580,W,1,0,0.0,42.2736,M,0.0000,M,0.0000,0
$GPRMC,222208.65,A,3726.2982160,N,12214.4065580,W,20.8322,26.0401,040121,,,,
$GPGGA,222209.64,3726.3082360,N,12214.4002880,W,1,0,0.0,41.8630,M,0.0000,M,0.0000,0
$GPRMC,222209.64,A,3726.3082360,N,12214.4002880,W,20.8729,26.9811,040121,,,,
$GPGGA,222210.65,3726.3182440,N,12214.3935800,W,1,0,0.0,41.2820,M,0.0000,M,0.0000,0
$GPRMC,222210.65,A,3726.3182440,N,12214.3935800,W,20.8367,29.0230,040121,,,,
$GPGGA,222211.65,3726.3279400,N,12214.3864700,W,1,0,0.0,40.5468,M,0.0000,M,0.0000,0
$GPRMC,222211.65,A,3726.3279400,N,12214.3864700,W,20.8258,31.2324,040121,,,,
$GPGGA,222212.66,3726.3375640,N,12214.3787120,W,1,0,0.0,39.6731,M,0.0000,M,0.0000,0
$GPRMC,222212.66,A,3726.3375640,N,12214.3787120,W,20.8754,33.7350,040121,,,,
$GPGGA,222213.65,3726.3467560,N,12214.3706720,W,1,0,0.0,38.6855,M,0.0000,M,0.0000,0
$GPRMC,222213.65,A,3726.3467560,N,12214.3706720,W,20.9880,35.7354,040121,,,,
$GPGGA,222214.64,3726.3557920,N,12214.3621820,W,1,0,0.0,37.6183,M,0.0000,M,0.0000,0
$GPRMC,222214.64,A,3726.3557920,N,12214.3621820,W,21.1197,37.5951,040121,,,,
$GPGGA,222215.66,3726.3648340,N,12214.3530800,W,1,0,0.0,36.4971,M,0.0000,M,0.0000,0
$GPRMC,222215.66,A,3726.3648340,N,12214.3530800,W,21.2849,39.5753,040121,,,,
$GPGGA,222216.64,3726.3734440,N,12214.3437740,W,1,0,0.0,35.4617,M,0.0000,M,0.0000,0
$GPRMC,222216.64,A,3726.3734440,N,12214.3437740,W,21.4047,41.7639,040121,,,,
$GPGGA,222217.63,3726.3818740,N,12214.3339280,W,1,0,0.0,34.3182,M,0.0000,M,0.0000,0
$GPRMC,222217.63,A,3726.3818740,N,12214.3339280,W,21.5198,43.7290,040121,,,,
$GPGGA,222218.65,3726.3902800,N,12214.3233860,W,1,0,0.0,33.1942,M,0.0000,M,0.0000,0
$GPRMC,222218.65,A,3726.3902800,N,12214.3233860,W,21.6489,45.9806,040121,,,,
$GPGGA,222219.64,3726.3981280,N,12214.3126220,W,1,0,0.0,32.0773,M,0.0000,M,0.0000,0
$GPRMC,222219.64,A,3726.3981280,N,12214.3126220,W,21.7745,48.7629,040121,,,,
$GPGGA,222220.66,3726.4057420,N,12214.3011440,W,1,0,0.0,30.9379,M,0.0000,M,0.0000,0
$GPRMC,222220.66,A,3726.4057420,N,12214.3011440,W,21.7673,51.3829,040121,,,,
$GPGGA,222221.64,3726.4127740,N,12214.2895580,W,1,0,0.0,29.8613,M,0.0000,M,0.0000,0
$GPRMC,222221.64,A,3726.4127740,N,12214.2895580,W,21.5914,53.7259,040121,,,,
$GPGGA,222222.63,3726.4193140,N,12214.2779480,W,1,0,0.0,28.7509,M,0.0000,M,0.0000,0
$GPRMC,222222.63,A,3726.4193140,N,12214.2779480,W,20.6682,55.2642,040121,,,,
$GPGGA,222223.65,3726.4255720,N,12214.2662360,W,1,0,0.0,27.8626,M,0.0000,M,0.0000,0
$GPRMC,222223.65,A,3726.4255720,N,12214.2662360,W,20.2909,57.0760,040121,,,,
$GPGGA,222224.64,3726.4313920,N,12214.2546980,W,1,0,0.0,27.0913,M,0.0000,M,0.0000,0
$GPRMC,222224.64,A,3726.4313920,N,12214.2546980,W,20.2731,57.9346,040121,,,,
$GPGGA,222225.66,3726.4373980,N,12214.2429980,W,1,0,0.0,26.3003,M,0.0000,M,0.0000,0
$GPRMC,222225.66,A,3726.4373980,N,12214.2429980,W,20.2812,56.6206,040121,,,,
$GPGGA,222226.64,3726.4436500,N,12214.2319940,W,1,0,0.0,25.4670,M,0.0000,M,0.0000,0
$GPRMC,222226.64,A,3726.4436500,N,12214.2319940,W,20.3011,52.4488,040121,,,,
$GPGGA,222227.63,3726.4507120,N,12214.2215480,W,1,0,0.0,24.5003,M,0.0000,M,0.0000,0
$GPRMC,222227.63,A,3726.4507120,N,12214.2215480,W,20.3884,48.2196,040121,,,,
$GPGGA,222228.65,3726.4584880,N,12214.2113900,W,1,0,0.0,23.4347,M,0.0000,M,0.0000,0
$GPRMC,222228.65,A,3726.4584880,N,12214.2113900,W,20.5036,44.9096,040121,,,,
$GPGGA,222229.65,3726.4665700,N,12214.2019460,W,1,0,0.0,22.4608,M,0.0000,M,0.0000,0
$GPRMC,222229.65,A,3726.4665700,N,12214.2019460,W,20.5862,41.3037,040121,,,,
$GPGGA,222230.66,3726.4753360,N,12214.1930480,W,1,0,0.0,21.4284,M,0.0000,M,0.0000,0
$GPRMC,222230.66,A,3726.4753360,N,12214.1930480,W,20.6669,37.3039,040121,,,,
$GPGGA,222231.64,3726.4844020,N,12214.1851760,W,1,0,0.0,20.3438,M,0.0000,M,0.0000,0
$GPRMC,222231.64,A,3726.4844020,N,12214.1851760,W,20.7894,32.7054,040121,,,,
$GPGGA,222232.63,3726.4940140,N,12214.1779580,W,1,0,0.0,19.1347,M,0.0000,M,0.0000,0
$GPRMC,222232.63,A,3726.4940140,N,12214.1779580,W,20.9636,29.6484,040121,,,,
$GPGGA,222233.65,3726.5041780,N,12214.1709440,W,1,0,0.0,17.8484,M,0.0000,M,0.0000,0
$GPRMC,222233.65,A,3726.5041780,N,12214.1709440,W,21.1701,28.1877,040121,,,,
$GPGGA,222234.64,3726.5142100,N,12214.1642480,W,1,0,0.0,16.5650,M,0.0000,M,0.0000,0
$GPRMC,222234.64,A,3726.5142100,N,12214.1642480,W,21.3494,27.7526,040121,,,,
$GPGGA,222235.76,3726.5256580,N,12214.1566700,W,1,0,0.0,15.1707,M,0.0000,M,0.0000,0
$GPRMC,222235.76,A,3726.5256580,N,12214.1566700,W,21.5042,27.7605,040121,,,,
$GPGGA,222236.45,3726.5327440,N,12214.1520200,W,1,0,0.0,14.3287,M,0.0000,M,0.0000,0
$GPRMC,222236.45,A,3726.5327440,N,12214.1520200,W,21.6045,27.4596,040121,,,,
$GPGGA,222237.66,3726.5454100,N,12214.1437640,W,1,0,0.0,12.7792,M,0.0000,M,0.0000,0
$GPRMC,222237.66,A,3726.5454100,N,12214.1437640,W,21.7655,27.3789,040121,,,,
$GPGGA,222238.65,3726.5557540,N,12214.1370020,W,1,0,0.0,11.8936,M,0.0000,M,0.0000,0
$GPRMC,222238.65,A,3726.5557540,N,12214.1370020,W,21.7612,27.6530,040121,,,,
$GPGGA,222239.64,3726.5660620,N,12214.1301980,W,1,0,0.0,11.2203,M,0.0000,M,0.0000,0
$GPRMC,222239.64,A,3726.5660620,N,12214.1301980,W,21.6724,27.7144,040121,,,,
$GPGGA,222240.66,3726.5765080,N,12214.1232680,W,1,0,0.0,10.5949,M,0.0000,M,0.0000,0
$GPRMC,222240.66,A,3726.5765080,N,12214.1232680,W,21.5349,27.8506,040121,,,,
$GPGGA,222241.65,3726.5866360,N,12214.1165120,W,1,0,0.0,10.2692,M,0.0000,M,0.0000,0
$GPRMC,222241.65,A,3726.5866360,N,12214.1165120,W,21.2881,28.2448,040121,,,,
$GPGGA,222242.66,3726.5967760,N,12214.1094860,W,1,0,0.0,10.0262,M,0.0000,M,0.0000,0
$GPRMC,222242.66,A,3726.5967760,N,12214.1094860,W,20.9992,29.2933,040121,,,,
$GPGGA,222243.65,3726.6064240,N,12214.1025200,W,1,0,0.0,9.8358,M,0.0000,M,0.0000,0
$GPRMC,222243.65,A,3726.6064240,N,12214.1025200,W,20.4560,30.1817,040121,,,,
$GPGGA,222244.64,3726.6157000,N,12214.0957160,W,1,0,0.0,9.5704,M,0.0000,M,0.0000,0
$GPRMC,222244.64,A,3726.6157000,N,12214.0957160,W,19.6078,30.2480,040121,,,,
$GPGGA,222245.66,3726.6247600,N,12214.0891520,W,1,0,0.0,9.2226,M,0.0000,M,0.0000,0
$GPRMC,222245.66,A,3726.6247600,N,12214.0891520,W,18.4119,29.3212,040121,,,,
$GPGGA,222246.65,3726.6329740,N,12214.0834640,W,1,0,0.0,8.8110,M,0.0000,M,0.0000,0
$GPRMC,222246.65,A,3726.6329740,N,12214.0834640,W,16.5486,28.4603,040121,,,,
$GPGGA,222247.66,3726.6404140,N,12214.0784720,W,1,0,0.0,8.3144,M,0.0000,M,0.0000,0
$GPRMC,222247.66,A,3726.6404140,N,12214.0784720,W,14.2253,27.6176,040121,,,,
$GPGGA,222248.65,3726.6465520,N,12214.0744640,W,1,0,0.0,7.9823,M,0.0000,M,0.0000,0
$GPRMC,222248.65,A,3726.6465520,N,12214.0744640,W,11.5891,27.5072,040121,,,,
$GPGGA,222249.65,3726.6514300,N,12214.0711700,W,1,0,0.0,7.6364,M,0.0000,M,0.0000,0
$GPRMC,222249.65,A,3726.6514300,N,12214.0711700,W,9.1568,28.2915,040121,,,,
$GPGGA,222250.66,3726.6553420,N,12214.0683860,W,1,0,0.0,7.4419,M,0.0000,M,0.0000,0
$GPRMC,222250.66,A,3726.6553420,N,12214.0683860,W,7.3169,30.3455,040121,,,,
$GPGGA,222251.65,3726.6581260,N,12214.0659140,W,1,0,0.0,7.3535,M,0.0000,M,0.0000,0
$GPRMC,222251.65,A,3726.6581260,N,12214.0659140,W,5.3783,37.5012,040121,,,,
$GPGGA,222252.66,3726.6598000,N,12214.0632500,W,1,0,0.0,7.2740,M,0.0000,M,0.0000,0
$GPRMC,222252.66,A,3726.6598000,N,12214.0632500,W,4.7399,54.1611,040121,,,,
$GPGGA,222253.65,3726.6605980,N,12214.0601540,W,1,0,0.0,7.1436,M,0.0000,M,0.0000,0
$GPRMC,222253.65,A,3726.6605980,N,12214.0601540,W,4.9795,73.5606,040121,,,,
$GPGGA,222254.64,3726.6605500,N,12214.0565540,W,1,0,0.0,7.1106,M,0.0000,M,0.0000,0
$GPRMC,222254.64,A,3726.6605500,N,12214.0565540,W,5.6089,93.5223,040121,,,,
$GPGGA,222255.66,3726.6594340,N,12214.0526540,W,1,0,0.0,7.2463,M,0.0000,M,0.0000,0
$GPRMC,222255.66,A,3726.6594340,N,12214.0526540,W,6.4235,112.1652,040121,,,,
$GPGGA,222256.65,3726.6576520,N,12214.0485020,W,1,0,0.0,7.3260,M,0.0000,M,0.0000,0
$GPRMC,222256.65,A,3726.6576520,N,12214.0485020,W,7.4801,118.6475,040121,,,,
$GPGGA,222257.66,3726.6554380,N,12214.0438340,W,1,0,0.0,7.4908,M,0.0000,M,0.0000,0
$GPRMC,222257.66,A,3726.6554380,N,12214.0438340,W,8.3097,121.0784,040121,,,,
$GPGGA,222258.65,3726.6529540,N,12214.0388480,W,1,0,0.0,7.6389,M,0.0000,M,0.0000,0
$GPRMC,222258.65,A,3726.6529540,N,12214.0388480,W,9.1876,122.1593,040121,,,,
$GPGGA,222259.64,3726.6501640,N,12214.0334480,W,1,0,0.0,7.8295,M,0.0000,M,0.0000,0
$GPRMC,222259.64,A,3726.6501640,N,12214.0334480,W,9.8194,123.1077,040121,,,,
$GPGGA,222300.66,3726.6472120,N,12214.0278740,W,1,0,0.0,8.0165,M,0.0000,M,0.0000,0
$GPRMC,222300.66,A,3726.6472120,N,12214.0278740,W,9.5800,123.6461,040121,,,,
$GPGGA,222301.65,3726.6444040,N,12214.0226120,W,1,0,0.0,8.1124,M,0.0000,M,0.0000,0
$GPRMC,222301.65,A,3726.6444040,N,12214.0226120,W,9.1545,123.3120,040121,,,,
$GPGGA,222302.66,3726.6417940,N,12214.0175720,W,1,0,0.0,8.2607,M,0.0000,M,0.0000,0
$GPRMC,222302.66,A,3726.6417940,N,12214.0175720,W,8.2487,122.5405,040121,,,,
$GPGGA,222303.65,3726.6396820,N,12214.0131680,W,1,0,0.0,8.4351,M,0.0000,M,0.0000,0
$GPRMC,222303.65,A,3726.6396820,N,12214.0131680,W,7.1518,119.8311,040121,,,,
$GPGGA,222304.64,3726.6382360,N,12214.0090340,W,1,0,0.0,8.6439,M,0.0000,M,0.0000,0
$GPRMC,222304.64,A,3726.6382360,N,12214.0090340,W,6.3223,110.6513,040121,,,,
$GPGGA,222305.66,3726.6377740,N,12214.0050380,W,1,0,0.0,8.8309,M,0.0000,M,0.0000,0
$GPRMC,222305.66,A,3726.6377740,N,12214.0050380,W,5.5678,95.6778,040121,,,,
$GPGGA,222306.65,3726.6379840,N,12214.0015100,W,1,0,0.0,8.9751,M,0.0000,M,0.0000,0
$GPRMC,222306.65,A,3726.6379840,N,12214.0015100,W,5.0383,84.8074,040121,,,,
$GPGGA,222307.66,3726.6385540,N,12213.9982100,W,1,0,0.0,9.0854,M,0.0000,M,0.0000,0
$GPRMC,222307.66,A,3726.6385540,N,12213.9982100,W,4.9127,77.1427,040121,,,,
$GPGGA,222308.65,3726.6393760,N,12213.9950660,W,1,0,0.0,9.3001,M,0.0000,M,0.0000,0
$GPRMC,222308.65,A,3726.6393760,N,12213.9950660,W,5.0071,70.8287,040121,,,,
$GPGGA,222309.65,3726.6406420,N,12213.9920360,W,1,0,0.0,9.6092,M,0.0000,M,0.0000,0
$GPRMC,222309.65,A,3726.6406420,N,12213.9920360,W,5.2841,61.5311,040121,,,,
$GPGGA,222310.66,3726.6423940,N,12213.9889580,W,1,0,0.0,9.7743,M,0.0000,M,0.0000,0
$GPRMC,222310.66,A,3726.6423940,N,12213.9889580,W,5.7713,52.9347,040121,,,,
$GPGGA,222311.65,3726.6447040,N,12213.9861440,W,1,0,0.0,9.9487,M,0.0000,M,0.0000,0
$GPRMC,222311.65,A,3726.6447040,N,12213.9861440,W,6.3390,42.6777,040121,,,,
$GPGGA,222312.66,3726.6476620,N,12213.9835280,W,1,0,0.0,10.0943,M,0.0000,M,0.0000,0
$GPRMC,222312.66,A,3726.6476620,N,12213.9835280,W,6.8284,33.5708,040121,,,,
$GPGGA,222313.65,3726.6507820,N,12213.9812840,W,1,0,0.0,10.2283,M,0.0000,M,0.0000,0
$GPRMC,222313.65,A,3726.6507820,N,12213.9812840,W,6.5439,29.6701,040121,,,,
$GPGGA,222314.65,3726.6537340,N,12213.9792140,W,1,0,0.0,10.4032,M,0.0000,M,0.0000,0
$GPRMC,222314.65,A,3726.6537340,N,12213.9792140,W,6.0345,29.3194,040121,,,,
$GPGGA,222315.66,3726.6564160,N,12213.9771620,W,1,0,0.0,10.6270,M,0.0000,M,0.0000,0
$GPRMC,222315.66,A,3726.6564160,N,12213.9771620,W,5.4464,32.0740,040121,,,,
$GPGGA,222316.65,3726.6586420,N,12213.9751040,W,1,0,0.0,10.8747,M,0.0000,M,0.0000,0
$GPRMC,222316.65,A,3726.6586420,N,12213.9751040,W,4.8399,36.9665,040121,,,,
$GPGGA,222317.66,3726.6605020,N,12213.9730220,W,1,0,0.0,11.0802,M,0.0000,M,0.0000,0
$GPRMC,222317.66,A,3726.6605020,N,12213.9730220,W,4.2498,42.4501,040121,,,,
$GPGGA,222318.65,3726.6618400,N,12213.9709100,W,1,0,0.0,11.2475,M,0.0000,M,0.0000,0
$GPRMC,222318.65,A,3726.6618400,N,12213.9709100,W,3.7132,52.0869,040121,,,,
$GPGGA,222319.64,3726.6626080,N,12213.9687500,W,1,0,0.0,11.3637,M,0.0000,M,0.0000,0
$GPRMC,222319.64,A,3726.6626080,N,12213.9687500,W,3.2371,65.2801,040121,,,,
$GPGGA,222320.65,3726.6628660,N,12213.9666680,W,1,0,0.0,11.4604,M,0.0000,M,0.0000,0
$GPRMC,222320.65,A,3726.6628660,N,12213.9666680,W,2.8379,78.9713,040121,,,,
$GPGGA,222321.64,3726.6628060,N,12213.9647780,W,1,0,0.0,11.5727,M,0.0000,M,0.0000,0
$GPRMC,222321.64,A,3726.6628060,N,12213.9647780,W,2.8125,88.8967,040121,,,,
$GPGGA,222322.63,3726.6627700,N,12213.9628100,W,1,0,0.0,11.5894,M,0.0000,M,0.0000,0
$GPRMC,222322.63,A,3726.6627700,N,12213.9628100,W,3.0473,90.3730,040121,,,,
$GPGGA,222323.75,3726.6630700,N,12213.9605120,W,1,0,0.0,11.6151,M,0.0000,M,0.0000,0
$GPRMC,222323.75,A,3726.6630700,N,12213.9605120,W,3.0478,80.4441,040121,,,,
$GPGGA,222324.44,3726.6634840,N,12213.9591920,W,1,0,0.0,11.6300,M,0.0000,M,0.0000,0
$GPRMC,222324.44,A,3726.6634840,N,12213.9591920,W,3.0323,72.4641,040121,,,,
$GPGGA,222325.65,3726.6642760,N,12213.9571280,W,1,0,0.0,11.6329,M,0.0000,M,0.0000,0
$GPRMC,222325.65,A,3726.6642760,N,12213.9571280,W,2.3519,66.0886,040121,,,,
$GPGGA,222326.65,3726.6646540,N,12213.9560240,W,1,0,0.0,11.6055,M,0.0000,M,0.0000,0
$GPRMC,222326.65,A,3726.6646540,N,12213.9560240,W,1.2409,66.5652,040121,,,,
$GPGGA,222327.66,3726.6647980,N,12213.9556100,W,1,0,0.0,11.5924,M,0.0000,M,0.0000,0
$GPRMC,222327.66,A,3726.6647980,N,12213.9556100,W,0.0793,66.7731,040121,,,,
$GPGGA,222328.65,3726.6647920,N,12213.9556040,W,1,0,0.0,11.5880,M,0.0000,M,0.0000,0
$GPRMC,222328.65,A,3726.6647920,N,12213.9556040,W,0.0016,66.7763,040121,,,,
$GPGGA,222329.64,3726.6647920,N,12213.9556040,W,1,0,0.0,11.5890,M,0.0000,M,0.0000,0
$GPRMC,222329.64,A,3726.6647920,N,12213.9556040,W,0.0030,66.7767,040121,,,,
$GPGGA,222330.65,3726.6647980,N,12213.9555920,W,1,0,0.0,11.5880,M,0.0000,M,0.0000,0
$GPRMC,222330.65,A,3726.6647980,N,12213.9555920,W,0.0778,66.7825,040121,,,,
$GPGGA,222331.65,3726.6647980,N,12213.9555860,W,1,0,0.0,11.5905,M,0.0000,M,0.0000,0
$GPRMC,222331.65,A,3726.6647980,N,12213.9555860,W,0.0069,66.7865,040121,,,,
$GPGGA,222332.66,3726.6647980,N,12213.9555800,W,1,0,0.0,11.5910,M,0.0000,M,0.0000,0
$GPRMC,222332.66,A,3726.6647980,N,12213.9555800,W,0.0012,66.7863,040121,,,,
$GPGGA,222333.65,3726.6647980,N,12213.9555800,W,1,0,0.0,11.5910,M,0.0000,M,0.0000,0
$GPRMC,222333.65,A,3726.6647980,N,12213.9555800,W,0.0000,66.7866,040121,,,,

