$GPGGA,221724.00,3719.0733940,N,12156.9019840,W,1,0,0.0,0.0000,M,0.0000,M,0.0000,0
$GPRMC,221724.00,A,3719.0733940,N,12156.9019840,W,0.0500,89.7758,101220,,,,
$GPGGA,221725.00,3719.0733940,N,12156.9019840,W,1,0,0.0,0.0000,M,0.0000,M,0.0000,0
$GPRMC,221725.00,A,3719.0733940,N,12156.9019840,W,0.0500,89.7754,101220,,,,
$GPGGA,221726.00,3719.0733940,N,12156.9019840,W,1,0,0.0,0.0000,M,0.0000,M,0.0000,0
$GPRMC,221726.00,A,3719.0733940,N,12156.9019840,W,0.0491,89.7749,101220,,,,
$GPGGA,221727.00,3719.0733940,N,12156.9019840,W,1,0,0.0,0.0000,M,0.0000,M,0.0000,0
$GPRMC,221727.00,A,3719.0733940,N,12156.9019840,W,0.0481,89.7744,101220,,,,
$GPGGA,221728.00,3719.0733940,N,12156.9019840,W,1,0,0.0,0.0000,M,0.0000,M,0.0000,0
$GPRMC,221728.00,A,3719.0733940,N,12156.9019840,W,0.0471,89.7741,101220,,,,
$GPGGA,221729.00,3719.0733940,N,12156.9019840,W,1,0,0.0,0.0000,M,0.0000,M,0.0000,0
$GPRMC,221729.00,A,3719.0733940,N,12156.9019840,W,0.0490,89.7739,101220,,,,
$GPGGA,221730.00,3719.0733940,N,12156.9019840,W,1,0,0.0,0.0000,M,0.0000,M,0.0000,0
$GPRMC,221730.00,A,3719.0733940,N,12156.9019840,W,0.0491,89.7754,101220,,,,
$GPGGA,221731.00,3719.0733880,N,12156.9019840,W,1,0,0.0,0.0000,M,0.0000,M,0.0000,0
$GPRMC,221731.00,A,3719.0733880,N,12156.9019840,W,0.0471,89.7708,101220,,,,
$GPGGA,221732.00,3719.0733880,N,12156.9019840,W,1,0,0.0,0.0000,M,0.0000,M,0.0000,0
$GPRMC,221732.00,A,3719.0733880,N,12156.9019840,W,0.0461,89.7723,101220,,,,
$GPGGA,221733.00,3719.0733880,N,12156.9019840,W,1,0,0.0,0.0000,M,0.0000,M,0.0000,0
$GPRMC,221733.00,A,3719.0733880,N,12156.9019840,W,0.0432,89.7720,101220,,,,
$GPGGA,221734.00,3719.0733880,N,12156.9019840,W,1,0,0.0,0.0000,M,0.0000,M,0.0000,0
$GPRMC,221734.00,A,3719.0733880,N,12156.9019840,W,0.0431,89.7716,101220,,,,
$GPGGA,221735.00,3719.0733880,N,12156.9019840,W,1,0,0.0,0.0000,M,0.0000,M,0.0000,0
$GPRMC,221735.00,A,3719.0733880,N,12156.9019840,W,0.0512,89.7708,101220,,,,
$GPGGA,221736.00,3719.0733880,N,12156.9019840,W,1,0,0.0,0.0000,M,0.0000,M,0.0000,0
$GPRMC,221736.00,A,3719.0733880,N,12156.9019840,W,0.0581,89.7705,101220,,,,
$GPGGA,221737.00,3719.0733880,N,12156.9019840,W,1,0,0.0,0.0000,M,0.0000,M,0.0000,0
$GPRMC,221737.00,A,3719.0733880,N,12156.9019840,W,0.0662,89.7702,101220,,,,
$GPGGA,221738.00,3719.0733580,N,12156.9019840,W,1,0,0.0,0.0000,M,0.0000,M,0.0000,0
$GPRMC,221738.00,A,3719.0733580,N,12156.9019840,W,0.0752,89.7699,101220,,,,
$GPGGA,221739.00,3719.0730340,N,12156.9019600,W,1,0,0.0,0.0000,M,0.0000,M,0.0000,0
$GPRMC,221739.00,A,3719.0730340,N,12156.9019600,W,0.0841,89.7693,101220,,,,
$GPGGA,221740.00,3719.0730040,N,12156.9019540,W,1,0,0.0,0.0000,M,0.0000,M,0.0000,0
$GPRMC,221740.00,A,3719.0730040,N,12156.9019540,W,0.0962,89.7690,101220,,,,
$GPGGA,221741.00,3719.0729740,N,12156.9019540,W,1,0,0.0,0.0000,M,0.0000,M,0.0000,0
$GPRMC,221741.00,A,3719.0729740,N,12156.9019540,W,0.1112,89.7687,101220,,,,
$GPGGA,221742.00,3719.0729500,N,12156.9019480,W,1,0,0.0,0.0000,M,0.0000,M,0.0000,0
$GPRMC,221742.00,A,3719.0729500,N,12156.9019480,W,0.1381,89.7687,101220,,,,
$GPGGA,221743.00,3719.0728600,N,12156.9019420,W,1,0,0.0,0.0000,M,0.0000,M,0.0000,0
$GPRMC,221743.00,A,3719.0728600,N,12156.9019420,W,0.1612,89.7694,101220,,,,
$GPGGA,221744.00,3719.0727580,N,12156.9019300,W,1,0,0.0,0.0000,M,0.0000,M,0.0000,0
$GPRMC,221744.00,A,3719.0727580,N,12156.9019300,W,0.1772,89.7684,101220,,,,
$GPGGA,221745.00,3719.0726380,N,12156.9019240,W,1,0,0.0,0.0000,M,0.0000,M,0.0000,0
$GPRMC,221745.00,A,3719.0726380,N,12156.9019240,W,0.1820,89.7678,101220,,,,
$GPGGA,221746.00,3719.0725120,N,12156.9019180,W,1,0,0.0,0.0000,M,0.0000,M,0.0000,0
$GPRMC,221746.00,A,3719.0725120,N,12156.9019180,W,0.1850,89.7665,101220,,,,
$GPGGA,221747.00,3719.0723620,N,12156.9019000,W,1,0,0.0,0.0000,M,0.0000,M,0.0000,0
$GPRMC,221747.00,A,3719.0723620,N,12156.9019000,W,0.2020,89.7678,101220,,,,
$GPGGA,221748.00,3719.0723320,N,12156.9018940,W,1,0,0.0,0.0000,M,0.0000,M,0.0000,0
$GPRMC,221748.00,A,3719.0723320,N,12156.9018940,W,0.2283,89.7659,101220,,,,
$GPGGA,221749.00,3719.0723080,N,12156.9018940,W,1,0,0.0,0.0000,M,0.0000,M,0.0000,0
$GPRMC,221749.00,A,3719.0723080,N,12156.9018940,W,0.2547,89.7651,101220,,,,
$GPGGA,221750.00,3719.0722840,N,12156.9018940,W,1,0,0.0,0.0000,M,0.0000,M,0.0000,0
$GPRMC,221750.00,A,3719.0722840,N,12156.9018940,W,0.2784,89.7650,101220,,,,
$GPGGA,221751.00,3719.0722420,N,12156.9018880,W,1,0,0.0,0.0000,M,0.0000,M,0.0000,0
$GPRMC,221751.00,A,3719.0722420,N,12156.9018880,W,0.2978,89.7648,101220,,,,
$GPGGA,221752.00,3719.0719720,N,12156.9019300,W,1,0,0.0,0.0000,M,0.0000,M,0.0000,0
$GPRMC,221752.00,A,3719.0719720,N,12156.9019300,W,0.2668,89.7621,101220,,,,
$GPGGA,221753.00,3719.0718220,N,12156.9016960,W,1,0,0.0,0.0000,M,0.0000,M,0.0000,0
$GPRMC,221753.00,A,3719.0718220,N,12156.9016960,W,0.6790,89.7667,101220,,,,
$GPGGA,221754.00,3719.0716840,N,12156.9007120,W,1,0,0.0,0.0000,M,0.0000,M,0.0000,0
$GPRMC,221754.00,A,3719.0716840,N,12156.9007120,W,1.2422,92.2645,101220,,,,
$GPGGA,221755.00,3719.0714200,N,12156.8993020,W,1,0,0.0,0.0000,M,0.0000,M,0.0000,0
$GPRMC,221755.00,A,3719.0714200,N,12156.8993020,W,1.9697,100.0346,101220,,,,
$GPGGA,221756.00,3719.0710060,N,12156.8972380,W,1,0,0.0,0.0000,M,0.0000,M,0.0000,0
$GPRMC,221756.00,A,3719.0710060,N,12156.8972380,W,2.9600,111.7974,101220,,,,
$GPGGA,221757.00,3719.0710000,N,12156.8947240,W,1,0,0.0,0.0000,M,0.0000,M,0.0000,0
$GPRMC,221757.00,A,3719.0710000,N,12156.8947240,W,3.7867,114.7742,101220,,,,
$GPGGA,221758.00,3719.0717920,N,12156.8922460,W,1,0,0.0,0.0000,M,0.0000,M,0.0000,0
$GPRMC,221758.00,A,3719.0717920,N,12156.8922460,W,3.6171,108.3980,101220,,,,
$GPGGA,221759.00,3719.0726020,N,12156.8906500,W,1,0,0.0,0.0000,M,0.0000,M,0.0000,0
$GPRMC,221759.00,A,3719.0726020,N,12156.8906500,W,2.3180,103.1641,101220,,,,
$GPGGA,221800.00,3719.0732260,N,12156.8898940,W,1,0,0.0,0.0000,M,0.0000,M,0.0000,0
$GPRMC,221800.00,A,3719.0732260,N,12156.8898940,W,2.0155,99.2604,101220,,,,
$GPGGA,221801.00,3719.0738020,N,12156.8890960,W,1,0,0.0,0.0000,M,0.0000,M,0.0000,0
$GPRMC,221801.00,A,3719.0738020,N,12156.8890960,W,2.3967,97.5927,101220,,,,
$GPGGA,221802.00,3719.0731780,N,12156.8875600,W,1,0,0.0,0.0000,M,0.0000,M,0.0000,0
$GPRMC,221802.00,A,3719.0731780,N,12156.8875600,W,2.2873,113.5811,101220,,,,
$GPGGA,221803.00,3719.0707660,N,12156.8864680,W,1,0,0.0,0.0000,M,0.0000,M,0.0000,0
$GPRMC,221803.00,A,3719.0707660,N,12156.8864680,W,2.3627,144.3422,101220,,,,
$GPGGA,221804.00,3719.0681560,N,12156.8868520,W,1,0,0.0,0.0000,M,0.0000,M,0.0000,0
$GPRMC,221804.00,A,3719.0681560,N,12156.8868520,W,2.5775,168.0842,101220,,,,
$GPGGA,221805.00,3719.0664100,N,12156.8873680,W,1,0,0.0,0.0000,M,0.0000,M,0.0000,0
$GPRMC,221805.00,A,3719.0664100,N,12156.8873680,W,2.6747,178.7454,101220,,,,
$GPGGA,221806.00,3719.0653420,N,12156.8874160,W,1,0,0.0,0.0000,M,0.0000,M,0.0000,0
$GPRMC,221806.00,A,3719.0653420,N,12156.8874160,W,3.1640,180.5644,101220,,,,
$GPGGA,221807.00,3719.0640400,N,12156.8872180,W,1,0,0.0,0.0000,M,0.0000,M,0.0000,0
$GPRMC,221807.00,A,3719.0640400,N,12156.8872180,W,3.7661,180.4100,101220,,,,
$GPGGA,221808.00,3719.0622820,N,12156.8868700,W,1,0,0.0,0.0000,M,0.0000,M,0.0000,0
$GPRMC,221808.00,A,3719.0622820,N,12156.8868700,W,4.1050,181.1642,101220,,,,
$GPGGA,221809.00,3719.0580160,N,12156.8867680,W,1,0,0.0,0.0000,M,0.0000,M,0.0000,0
$GPRMC,221809.00,A,3719.0580160,N,12156.8867680,W,4.0991,181.6257,101220,,,,
$GPGGA,221810.00,3719.0553700,N,12156.8867380,W,1,0,0.0,0.0000,M,0.0000,M,0.0000,0
$GPRMC,221810.00,A,3719.0553700,N,12156.8867380,W,4.0801,180.3860,101220,,,,
$GPGGA,221811.00,3719.0529940,N,12156.8866660,W,1,0,0.0,0.0000,M,0.0000,M,0.0000,0
$GPRMC,221811.00,A,3719.0529940,N,12156.8866660,W,3.9680,178.9689,101220,,,,
$GPGGA,221812.00,3719.0507260,N,12156.8866300,W,1,0,0.0,0.0000,M,0.0000,M,0.0000,0
$GPRMC,221812.00,A,3719.0507260,N,12156.8866300,W,4.0348,178.6343,101220,,,,
$GPGGA,221813.00,3719.0482660,N,12156.8866000,W,1,0,0.0,0.0000,M,0.0000,M,0.0000,0
$GPRMC,221813.00,A,3719.0482660,N,12156.8866000,W,4.6949,178.7791,101220,,,,
$GPGGA,221814.00,3719.0456020,N,12156.8866240,W,1,0,0.0,0.0000,M,0.0000,M,0.0000,0
$GPRMC,221814.00,A,3719.0456020,N,12156.8866240,W,4.8714,179.9128,101220,,,,
$GPGGA,221815.00,3719.0429800,N,12156.8867620,W,1,0,0.0,0.0000,M,0.0000,M,0.0000,0
$GPRMC,221815.00,A,3719.0429800,N,12156.8867620,W,4.6767,181.4277,101220,,,,
$GPGGA,221816.00,3719.0405200,N,12156.8869000,W,1,0,0.0,0.0000,M,0.0000,M,0.0000,0
$GPRMC,221816.00,A,3719.0405200,N,12156.8869000,W,4.1001,181.3593,101220,,,,
$GPGGA,221817.00,3719.0386000,N,12156.8870320,W,1,0,0.0,0.0000,M,0.0000,M,0.0000,0
$GPRMC,221817.00,A,3719.0386000,N,12156.8870320,W,2.7951,181.0759,101220,,,,
$GPGGA,221818.00,3719.0373640,N,12156.8871220,W,1,0,0.0,0.0000,M,0.0000,M,0.0000,0
$GPRMC,221818.00,A,3719.0373640,N,12156.8871220,W,1.5552,180.7823,101220,,,,
$GPGGA,221819.00,3719.0366440,N,12156.8872060,W,1,0,0.0,0.0000,M,0.0000,M,0.0000,0
$GPRMC,221819.00,A,3719.0366440,N,12156.8872060,W,1.4515,180.6857,101220,,,,
$GPGGA,221820.00,3719.0355160,N,12156.8874700,W,1,0,0.0,0.0000,M,0.0000,M,0.0000,0
$GPRMC,221820.00,A,3719.0355160,N,12156.8874700,W,2.4752,187.1136,101220,,,,
$GPGGA,221821.00,3719.0343280,N,12156.8888020,W,1,0,0.0,0.0000,M,0.0000,M,0.0000,0
$GPRMC,221821.00,A,3719.0343280,N,12156.8888020,W,3.0628,215.9160,101220,,,,
$GPGGA,221822.00,3719.0335900,N,12156.8912920,W,1,0,0.0,0.0000,M,0.0000,M,0.0000,0
$GPRMC,221822.00,A,3719.0335900,N,12156.8912920,W,4.2088,247.5768,101220,,,,
$GPGGA,221823.00,3719.0334340,N,12156.8948800,W,1,0,0.0,0.0000,M,0.0000,M,0.0000,0
$GPRMC,221823.00,A,3719.0334340,N,12156.8948800,W,6.1947,267.2820,101220,,,,
$GPGGA,221824.00,3719.0335840,N,12156.8997400,W,1,0,0.0,0.0000,M,0.0000,M,0.0000,0
$GPRMC,221824.00,A,3719.0335840,N,12156.8997400,W,8.1077,273.4573,101220,,,,
$GPGGA,221825.00,3719.0339380,N,12156.9058000,W,1,0,0.0,0.0000,M,0.0000,M,0.0000,0
$GPRMC,221825.00,A,3719.0339380,N,12156.9058000,W,9.7333,274.4455,101220,,,,
$GPGGA,221826.00,3719.0343340,N,12156.9128740,W,1,0,0.0,0.0000,M,0.0000,M,0.0000,0
$GPRMC,221826.00,A,3719.0343340,N,12156.9128740,W,11.2455,273.9657,101220,,,,
$GPGGA,221827.00,3719.0347300,N,12156.9208960,W,1,0,0.0,0.0000,M,0.0000,M,0.0000,0
$GPRMC,221827.00,A,3719.0347300,N,12156.9208960,W,12.3129,273.1279,101220,,,,
$GPGGA,221828.00,3719.0351200,N,12156.9292120,W,1,0,0.0,0.0000,M,0.0000,M,0.0000,0
$GPRMC,221828.00,A,3719.0351200,N,12156.9292120,W,12.2764,273.7188,101220,,,,
$GPGGA,221829.00,3719.0356300,N,12156.9376060,W,1,0,0.0,0.0000,M,0.0000,M,0.0000,0
$GPRMC,221829.00,A,3719.0356300,N,12156.9376060,W,12.5772,274.4450,101220,,,,
$GPGGA,221830.00,3719.0361760,N,12156.9460540,W,1,0,0.0,0.0000,M,0.0000,M,0.0000,0
$GPRMC,221830.00,A,3719.0361760,N,12156.9460540,W,12.4106,274.3573,101220,,,,
$GPGGA,221831.00,3719.0366560,N,12156.9543460,W,1,0,0.0,0.0000,M,0.0000,M,0.0000,0
$GPRMC,221831.00,A,3719.0366560,N,12156.9543460,W,12.1499,273.9229,101220,,,,
$GPGGA,221832.00,3719.0370880,N,12156.9624700,W,1,0,0.0,0.0000,M,0.0000,M,0.0000,0
$GPRMC,221832.00,A,3719.0370880,N,12156.9624700,W,11.9167,273.8914,101220,,,,
$GPGGA,221833.00,3719.0375020,N,12156.9702940,W,1,0,0.0,0.0000,M,0.0000,M,0.0000,0
$GPRMC,221833.00,A,3719.0375020,N,12156.9702940,W,10.9883,273.5565,101220,,,,
$GPGGA,221834.00,3719.0378140,N,12156.9771280,W,1,0,0.0,0.0000,M,0.0000,M,0.0000,0
$GPRMC,221834.00,A,3719.0378140,N,12156.9771280,W,9.2320,273.4581,101220,,,,
$GPGGA,221835.00,3719.0381320,N,12156.9827500,W,1,0,0.0,0.0000,M,0.0000,M,0.0000,0
$GPRMC,221835.00,A,3719.0381320,N,12156.9827500,W,7.3797,274.0291,101220,,,,
$GPGGA,221836.00,3719.0383720,N,12156.9871480,W,1,0,0.0,0.0000,M,0.0000,M,0.0000,0
$GPRMC,221836.00,A,3719.0383720,N,12156.9871480,W,5.7267,273.8674,101220,,,,
$GPGGA,221837.00,3719.0385580,N,12156.9904360,W,1,0,0.0,0.0000,M,0.0000,M,0.0000,0
$GPRMC,221837.00,A,3719.0385580,N,12156.9904360,W,4.0571,273.8717,101220,,,,
$GPGGA,221838.00,3719.0386660,N,12156.9927040,W,1,0,0.0,0.0000,M,0.0000,M,0.0000,0
$GPRMC,221838.00,A,3719.0386660,N,12156.9927040,W,2.6171,273.5685,101220,,,,
$GPGGA,221839.00,3719.0387140,N,12156.9939700,W,1,0,0.0,0.0000,M,0.0000,M,0.0000,0
$GPRMC,221839.00,A,3719.0387140,N,12156.9939700,W,1.1382,273.1720,101220,,,,
$GPGGA,221840.00,3719.0387200,N,12156.9942460,W,1,0,0.0,0.0000,M,0.0000,M,0.0000,0
$GPRMC,221840.00,A,3719.0387200,N,12156.9942460,W,0.0717,273.0907,101220,,,,
$GPGGA,221841.00,3719.0387140,N,12156.9942460,W,1,0,0.0,0.0000,M,0.0000,M,0.0000,0
$GPRMC,221841.00,A,3719.0387140,N,12156.9942460,W,0.0596,273.0898,101220,,,,
$GPGGA,221842.00,3719.0387200,N,12156.9942460,W,1,0,0.0,0.0000,M,0.0000,M,0.0000,0
$GPRMC,221842.00,A,3719.0387200,N,12156.9942460,W,0.0524,273.0847,101220,,,,
$GPGGA,221843.00,3719.0387260,N,12156.9942460,W,1,0,0.0,0.0000,M,0.0000,M,0.0000,0
$GPRMC,221843.00,A,3719.0387260,N,12156.9942460,W,0.0472,273.0822,101220,,,,
$GPGGA,221844.00,3719.0387260,N,12156.9942520,W,1,0,0.0,0.0000,M,0.0000,M,0.0000,0
$GPRMC,221844.00,A,3719.0387260,N,12156.9942520,W,0.0410,273.0803,101220,,,,
$GPGGA,221845.00,3719.0387320,N,12156.9942520,W,1,0,0.0,0.0000,M,0.0000,M,0.0000,0
$GPRMC,221845.00,A,3719.0387320,N,12156.9942520,W,0.0347,273.0788,101220,,,,
$GPGGA,221846.00,3719.0387320,N,12156.9942520,W,1,0,0.0,0.0000,M,0.0000,M,0.0000,0
$GPRMC,221846.00,A,3719.0387320,N,12156.9942520,W,0.0288,273.0774,101220,,,,
$GPGGA,221847.00,3719.0387320,N,12156.9942520,W,1,0,0.0,0.0000,M,0.0000,M,0.0000,0
$GPRMC,221847.00,A,3719.0387320,N,12156.9942520,W,0.0243,273.0763,101220,,,,
$GPGGA,221848.00,3719.0387320,N,12156.9942520,W,1,0,0.0,0.0000,M,0.0000,M,0.0000,0
$GPRMC,221848.00,A,3719.0387320,N,12156.9942520,W,0.0201,273.0754,101220,,,,
$GPGGA,221849.00,3719.0387320,N,12156.9942520,W,1,0,0.0,0.0000,M,0.0000,M,0.0000,0
$GPRMC,221849.00,A,3719.0387320,N,12156.9942520,W,0.0220,273.0748,101220,,,,
$GPGGA,221850.00,3719.0387320,N,12156.9942520,W,1,0,0.0,0.0000,M,0.0000,M,0.0000,0
$GPRMC,221850.00,A,3719.0387320,N,12156.9942520,W,0.0181,273.0743,101220,,,,
$GPGGA,221851.00,3719.0387260,N,12156.9942520,W,1,0,0.0,0.0000,M,0.0000,M,0.0000,0
$GPRMC,221851.00,A,3719.0387260,N,12156.9942520,W,0.0141,273.0736,101220,,,,
$GPGGA,221852.00,3719.0387260,N,12156.9942520,W,1,0,0.0,0.0000,M,0.0000,M,0.0000,0
$GPRMC,221852.00,A,3719.0387260,N,12156.9942520,W,0.0092,273.0728,101220,,,,
$GPGGA,221853.00,3719.0387260,N,12156.9942520,W,1,0,0.0,0.0000,M,0.0000,M,0.0000,0
$GPRMC,221853.00,A,3719.0387260,N,12156.9942520,W,0.0082,273.0722,101220,,,,
$GPGGA,221854.00,3719.0387260,N,12156.9942520,W,1,0,0.0,0.0000,M,0.0000,M,0.0000,0
$GPRMC,221854.00,A,3719.0387260,N,12156.9942520,W,0.0073,273.0717,101220,,,,
$GPGGA,221855.00,3719.0387260,N,12156.9942580,W,1,0,0.0,0.0000,M,0.0000,M,0.0000,0
$GPRMC,221855.00,A,3719.0387260,N,12156.9942580,W,0.0082,273.0710,101220,,,,
$GPGGA,221856.00,3719.0387260,N,12156.9942580,W,1,0,0.0,0.0000,M,0.0000,M,0.0000,0
$GPRMC,221856.00,A,3719.0387260,N,12156.9942580,W,0.0082,273.0707,101220,,,,
$GPGGA,221857.00,3719.0387260,N,12156.9942580,W,1,0,0.0,0.0000,M,0.0000,M,0.0000,0
$GPRMC,221857.00,A,3719.0387260,N,12156.9942580,W,0.0092,273.0705,101220,,,,
$GPGGA,221858.00,3719.0387260,N,12156.9942580,W,1,0,0.0,0.0000,M,0.0000,M,0.0000,0
$GPRMC,221858.00,A,3719.0387260,N,12156.9942580,W,0.0091,273.0700,101220,,,,
$GPGGA,221859.00,3719.0387260,N,12156.9942580,W,1,0,0.0,0.0000,M,0.0000,M,0.0000,0
$GPRMC,221859.00,A,3719.0387260,N,12156.9942580,W,0.0102,273.0695,101220,,,,
$GPGGA,221900.00,3719.0387260,N,12156.9942580,W,1,0,0.0,0.0000,M,0.0000,M,0.0000,0
$GPRMC,221900.00,A,3719.0387260,N,12156.9942580,W,0.0112,273.0690,101220,,,,
$GPGGA,221901.00,3719.0387260,N,12156.9942580,W,1,0,0.0,0.0000,M,0.0000,M,0.0000,0
$GPRMC,221901.00,A,3719.0387260,N,12156.9942580,W,0.0100,273.0687,101220,,,,
$GPGGA,221902.00,3719.0387260,N,12156.9942580,W,1,0,0.0,0.0000,M,0.0000,M,0.0000,0
$GPRMC,221902.00,A,3719.0387260,N,12156.9942580,W,0.0100,273.0685,101220,,,,
$GPGGA,221903.00,3719.0387260,N,12156.9942580,W,1,0,0.0,0.0000,M,0.0000,M,0.0000,0
$GPRMC,221903.00,A,3719.0387260,N,12156.9942580,W,0.0110,273.0683,101220,,,,
$GPGGA,221904.00,3719.0387260,N,12156.9942640,W,1,0,0.0,0.0000,M,0.0000,M,0.0000,0
$GPRMC,221904.00,A,3719.0387260,N,12156.9942640,W,0.0100,273.0682,101220,,,,
$GPGGA,221905.00,3719.0387260,N,12156.9942640,W,1,0,0.0,0.0000,M,0.0000,M,0.0000,0
$GPRMC,221905.00,A,3719.0387260,N,12156.9942640,W,0.0090,273.0680,101220,,,,
$GPGGA,221906.00,3719.0387260,N,12156.9942700,W,1,0,0.0,0.0000,M,0.0000,M,0.0000,0
$GPRMC,221906.00,A,3719.0387260,N,12156.9942700,W,0.0091,273.0678,101220,,,,
$GPGGA,221907.00,3719.0387260,N,12156.9942760,W,1,0,0.0,0.0000,M,0.0000,M,0.0000,0
$GPRMC,221907.00,A,3719.0387260,N,12156.9942760,W,0.0090,273.0674,101220,,,,
$GPGGA,221908.00,3719.0387260,N,12156.9942820,W,1,0,0.0,0.0000,M,0.0000,M,0.0000,0
$GPRMC,221908.00,A,3719.0387260,N,12156.9942820,W,0.0080,273.0662,101220,,,,
$GPGGA,221909.00,3719.0387260,N,12156.9942820,W,1,0,0.0,0.0000,M,0.0000,M,0.0000,0
$GPRMC,221909.00,A,3719.0387260,N,12156.9942820,W,0.0071,273.0659,101220,,,,
$GPGGA,221910.00,3719.0387260,N,12156.9943000,W,1,0,0.0,0.0000,M,0.0000,M,0.0000,0
$GPRMC,221910.00,A,3719.0387260,N,12156.9943000,W,0.0022,273.0484,101220,,,,
$GPGGA,221911.00,3719.0387260,N,12156.9942520,W,1,0,0.0,0.0000,M,0.0000,M,0.0000,0
$GPRMC,221911.00,A,3719.0387260,N,12156.9942520,W,0.0000,273.1751,101220,,,,
$GPGGA,221912.00,3719.0387260,N,12156.9942520,W,1,0,0.0,0.0000,M,0.0000,M,0.0000,0
$GPRMC,221912.00,A,3719.0387260,N,12156.9942520,W,0.0010,273.1745,101220,,,,
$GPGGA,221913.00,3719.0387260,N,12156.9942520,W,1,0,0.0,0.0000,M,0.0000,M,0.0000,0
$GPRMC,221913.00,A,3719.0387260,N,12156.9942520,W,0.0000,273.1739,101220,,,,
$GPGGA,221914.00,3719.0387260,N,12156.9942520,W,1,0,0.0,0.0000,M,0.0000,M,0.0000,0
$GPRMC,221914.00,A,3719.0387260,N,12156.9942520,W,0.0000,273.1731,101220,,,,
$GPGGA,221915.00,3719.0387260,N,12156.9942520,W,1,0,0.0,0.0000,M,0.0000,M,0.0000,0
$GPRMC,221915.00,A,3719.0387260,N,12156.9942520,W,0.0022,273.1551,101220,,,,
$GPGGA,221916.00,3719.0387260,N,12156.9942520,W,1,0,0.0,0.0000,M,0.0000,M,0.0000,0
$GPRMC,221916.00,A,3719.0387260,N,12156.9942520,W,0.0032,273.1666,101220,,,,
$GPGGA,221917.00,3719.0387260,N,12156.9942520,W,1,0,0.0,0.0000,M,0.0000,M,0.0000,0
$GPRMC,221917.00,A,3719.0387260,N,12156.9942520,W,0.0091,273.1661,101220,,,,
$GPGGA,221918.00,3719.0387260,N,12156.9942520,W,1,0,0.0,0.0000,M,0.0000,M,0.0000,0
$GPRMC,221918.00,A,3719.0387260,N,12156.9942520,W,0.0170,273.1653,101220,,,,
$GPGGA,221919.00,3719.0387260,N,12156.9942520,W,1,0,0.0,0.0000,M,0.0000,M,0.0000,0
$GPRMC,221919.00,A,3719.0387260,N,12156.9942520,W,0.0170,273.1646,101220,,,,
$GPGGA,221920.00,3719.0387260,N,12156.9942520,W,1,0,0.0,0.0000,M,0.0000,M,0.0000,0
$GPRMC,221920.00,A,3719.0387260,N,12156.9942520,W,0.0160,273.1638,101220,,,,
$GPGGA,221921.00,3719.0387260,N,12156.9942520,W,1,0,0.0,0.0000,M,0.0000,M,0.0000,0
$GPRMC,221921.00,A,3719.0387260,N,12156.9942520,W,0.0140,273.1632,101220,,,,
$GPGGA,221922.00,3719.0387260,N,12156.9942520,W,1,0,0.0,0.0000,M,0.0000,M,0.0000,0
$GPRMC,221922.00,A,3719.0387260,N,12156.9942520,W,0.0130,273.1627,101220,,,,
$GPGGA,221923.00,3719.0387260,N,12156.9942520,W,1,0,0.0,0.0000,M,0.0000,M,0.0000,0
$GPRMC,221923.00,A,3719.0387260,N,12156.9942520,W,0.0130,273.1620,101220,,,,
$GPGGA,221924.00,3719.0387260,N,12156.9942520,W,1,0,0.0,0.0000,M,0.0000,M,0.0000,0
$GPRMC,221924.00,A,3719.0387260,N,12156.9942520,W,0.0150,273.1614,101220,,,,
$GPGGA,221925.00,3719.0387260,N,12156.9942520,W,1,0,0.0,0.0000,M,0.0000,M,0.0000,0
$GPRMC,221925.00,A,3719.0387260,N,12156.9942520,W,0.0160,273.1608,101220,,,,
$GPGGA,221926.00,3719.0387260,N,12156.9942520,W,1,0,0.0,0.0000,M,0.0000,M,0.0000,0
$GPRMC,221926.00,A,3719.0387260,N,12156.9942520,W,0.0180,273.1602,101220,,,,
$GPGGA,221927.00,3719.0387260,N,12156.9942520,W,1,0,0.0,0.0000,M,0.0000,M,0.0000,0
$GPRMC,221927.00,A,3719.0387260,N,12156.9942520,W,0.0200,273.1598,101220,,,,
$GPGGA,221928.00,3719.0387260,N,12156.9942520,W,1,0,0.0,0.0000,M,0.0000,M,0.0000,0
$GPRMC,221928.00,A,3719.0387260,N,12156.9942520,W,0.0230,273.1591,101220,,,,
$GPGGA,221929.00,3719.0387260,N,12156.9942520,W,1,0,0.0,0.0000,M,0.0000,M,0.0000,0
$GPRMC,221929.00,A,3719.0387260,N,12156.9942520,W,0.0240,273.1585,101220,,,,
$GPGGA,221930.00,3719.0387260,N,12156.9942520,W,1,0,0.0,0.0000,M,0.0000,M,0.0000,0
$GPRMC,221930.00,A,3719.0387260,N,12156.9942520,W,0.0321,273.1578,101220,,,,
$GPGGA,221931.00,3719.0387260,N,12156.9942520,W,1,0,0.0,0.0000,M,0.0000,M,0.0000,0
$GPRMC,221931.00,A,3719.0387260,N,12156.9942520,W,0.0430,273.1583,101220,,,,
$GPGGA,221932.00,3719.0387260,N,12156.9942520,W,1,0,0.0,0.0000,M,0.0000,M,0.0000,0
$GPRMC,221932.00,A,3719.0387260,N,12156.9942520,W,0.0432,273.1575,101220,,,,
$GPGGA,221933.00,3719.0387260,N,12156.9942520,W,1,0,0.0,0.0000,M,0.0000,M,0.0000,0
$GPRMC,221933.00,A,3719.0387260,N,12156.9942520,W,0.0413,273.1566,101220,,,,
$GPGGA,221934.00,3719.0387260,N,12156.9942520,W,1,0,0.0,0.0000,M,0.0000,M,0.0000,0
$GPRMC,221934.00,A,3719.0387260,N,12156.9942520,W,0.0373,273.1559,101220,,,,
$GPGGA,221935.00,3719.0387260,N,12156.9942520,W,1,0,0.0,0.0000,M,0.0000,M,0.0000,0
$GPRMC,221935.00,A,3719.0387260,N,12156.9942520,W,0.0373,273.1553,101220,,,,
$GPGGA,221936.00,3719.0387260,N,12156.9942520,W,1,0,0.0,0.0000,M,0.0000,M,0.0000,0
$GPRMC,221936.00,A,3719.0387260,N,12156.9942520,W,0.0362,273.1547,101220,,,,
$GPGGA,221937.00,3719.0387260,N,12156.9942520,W,1,0,0.0,0.0000,M,0.0000,M,0.0000,0
$GPRMC,221937.00,A,3719.0387260,N,12156.9942520,W,0.0361,273.1540,101220,,,,
$GPGGA,221938.00,3719.0387260,N,12156.9942520,W,1,0,0.0,0.0000,M,0.0000,M,0.0000,0
$GPRMC,221938.00,A,3719.0387260,N,12156.9942520,W,0.0351,273.1534,101220,,,,
$GPGGA,221939.00,3719.0387260,N,12156.9942520,W,1,0,0.0,0.0000,M,0.0000,M,0.0000,0
$GPRMC,221939.00,A,3719.0387260,N,12156.9942520,W,0.0321,273.1528,101220,,,,
$GPGGA,221940.00,3719.0387260,N,12156.9942520,W,1,0,0.0,0.0000,M,0.0000,M,0.0000,0
$GPRMC,221940.00,A,3719.0387260,N,12156.9942520,W,0.0410,273.1522,101220,,,,
$GPGGA,221941.00,3719.0387260,N,12156.9942520,W,1,0,0.0,0.0000,M,0.0000,M,0.0000,0
$GPRMC,221941.00,A,3719.0387260,N,12156.9942520,W,0.0480,273.1516,101220,,,,
$GPGGA,221942.00,3719.0387260,N,12156.9942520,W,1,0,0.0,0.0000,M,0.0000,M,0.0000,0
$GPRMC,221942.00,A,3719.0387260,N,12156.9942520,W,0.0470,273.1510,101220,,,,
$GPGGA,221943.00,3719.0387260,N,12156.9942520,W,1,0,0.0,0.0000,M,0.0000,M,0.0000,0
$GPRMC,221943.00,A,3719.0387260,N,12156.9942520,W,0.0460,273.1502,101220,,,,
$GPGGA,221944.00,3719.0387260,N,12156.9942520,W,1,0,0.0,0.0000,M,0.0000,M,0.0000,0
$GPRMC,221944.00,A,3719.0387260,N,12156.9942520,W,0.0451,273.1497,101220,,,,
$GPGGA,221945.00,3719.0387260,N,12156.9942520,W,1,0,0.0,0.0000,M,0.0000,M,0.0000,0
$GPRMC,221945.00,A,3719.0387260,N,12156.9942520,W,0.0451,273.1490,101220,,,,
$GPGGA,221946.00,3719.0387260,N,12156.9942520,W,1,0,0.0,0.0000,M,0.0000,M,0.0000,0
$GPRMC,221946.00,A,3719.0387260,N,12156.9942520,W,0.0451,273.1485,101220,,,,
$GPGGA,221947.00,3719.0387260,N,12156.9942520,W,1,0,0.0,0.0000,M,0.0000,M,0.0000,0
$GPRMC,221947.00,A,3719.0387260,N,12156.9942520,W,0.0451,273.1479,101220,,,,
$GPGGA,221948.00,3719.0387260,N,12156.9942520,W,1,0,0.0,0.0000,M,0.0000,M,0.0000,0
$GPRMC,221948.00,A,3719.0387260,N,12156.9942520,W,0.0461,273.1472,101220,,,,
$GPGGA,221949.00,3719.0387260,N,12156.9942520,W,1,0,0.0,0.0000,M,0.0000,M,0.0000,0
$GPRMC,221949.00,A,3719.0387260,N,12156.9942520,W,0.0461,273.1465,101220,,,,
$GPGGA,221950.00,3719.0387260,N,12156.9942520,W,1,0,0.0,0.0000,M,0.0000,M,0.0000,0
$GPRMC,221950.00,A,3719.0387260,N,12156.9942520,W,0.0451,273.1458,101220,,,,
$GPGGA,221951.00,3719.0387260,N,12156.9942520,W,1,0,0.0,0.0000,M,0.0000,M,0.0000,0
$GPRMC,221951.00,A,3719.0387260,N,12156.9942520,W,0.0451,273.1453,101220,,,,
$GPGGA,221952.00,3719.0387260,N,12156.9942520,W,1,0,0.0,0.0000,M,0.0000,M,0.0000,0
$GPRMC,221952.00,A,3719.0387260,N,12156.9942520,W,0.0450,273.1447,101220,,,,
$GPGGA,221953.00,3719.0387260,N,12156.9942520,W,1,0,0.0,0.0000,M,0.0000,M,0.0000,0
$GPRMC,221953.00,A,3719.0387260,N,12156.9942520,W,0.0440,273.1440,101220,,,,
$GPGGA,221954.00,3719.0387260,N,12156.9942520,W,1,0,0.0,0.0000,M,0.0000,M,0.0000,0
$GPRMC,221954.00,A,3719.0387260,N,12156.9942520,W,0.0421,273.1433,101220,,,,
$GPGGA,221955.00,3719.0387260,N,12156.9942520,W,1,0,0.0,0.0000,M,0.0000,M,0.0000,0
$GPRMC,221955.00,A,3719.0387260,N,12156.9942520,W,0.0391,273.1425,101220,,,,
$GPGGA,221956.00,3719.0387260,N,12156.9942520,W,1,0,0.0,0.0000,M,0.0000,M,0.0000,0
$GPRMC,221956.00,A,3719.0387260,N,12156.9942520,W,0.0361,273.1420,101220,,,,
$GPGGA,221957.00,3719.0387260,N,12156.9942520,W,1,0,0.0,0.0000,M,0.0000,M,0.0000,0
$GPRMC,221957.00,A,3719.0387260,N,12156.9942520,W,0.0311,273.1414,101220,,,,
$GPGGA,221958.00,3719.0387260,N,12156.9942520,W,1,0,0.0,0.0000,M,0.0000,M,0.0000,0
$GPRMC,221958.00,A,3719.0387260,N,12156.9942520,W,0.0291,273.1408,101220,,,,
$GPGGA,221959.00,3719.0387260,N,12156.9942520,W,1,0,0.0,0.0000,M,0.0000,M,0.0000,0
$GPRMC,221959.00,A,3719.0387260,N,12156.9942520,W,0.0301,273.1401,101220,,,,
$GPGGA,222000.00,3719.0387260,N,12156.9942520,W,1,0,0.0,0.0000,M,0.0000,M,0.0000,0
$GPRMC,222000.00,A,3719.0387260,N,12156.9942520,W,0.0300,273.1393,101220,,,,
$GPGGA,222001.00,3719.0387260,N,12156.9942520,W,1,0,0.0,0.0000,M,0.0000,M,0.0000,0
$GPRMC,222001.00,A,3719.0387260,N,12156.9942520,W,0.0330,273.1388,101220,,,,
$GPGGA,222002.00,3719.0387260,N,12156.9942520,W,1,0,0.0,0.0000,M,0.0000,M,0.0000,0
$GPRMC,222002.00,A,3719.0387260,N,12156.9942520,W,0.0350,273.1383,101220,,,,
$GPGGA,222003.00,3719.0387260,N,12156.9942520,W,1,0,0.0,0.0000,M,0.0000,M,0.0000,0
$GPRMC,222003.00,A,3719.0387260,N,12156.9942520,W,0.0440,273.1377,101220,,,,
$GPGGA,222004.00,3719.0387260,N,12156.9942520,W,1,0,0.0,0.0000,M,0.0000,M,0.0000,0
$GPRMC,222004.00,A,3719.0387260,N,12156.9942520,W,0.0420,273.1370,101220,,,,
$GPGGA,222005.00,3719.0387260,N,12156.9942520,W,1,0,0.0,0.0000,M,0.0000,M,0.0000,0
$GPRMC,222005.00,A,3719.0387260,N,12156.9942520,W,0.0380,273.1364,101220,,,,
$GPGGA,222006.00,3719.0387260,N,12156.9942520,W,1,0,0.0,0.0000,M,0.0000,M,0.0000,0
$GPRMC,222006.00,A,3719.0387260,N,12156.9942520,W,0.0380,273.1357,101220,,,,
$GPGGA,222007.00,3719.0387260,N,12156.9942520,W,1,0,0.0,0.0000,M,0.0000,M,0.0000,0
$GPRMC,222007.00,A,3719.0387260,N,12156.9942520,W,0.0360,273.1350,101220,,,,
$GPGGA,222008.00,3719.0387260,N,12156.9942520,W,1,0,0.0,0.0000,M,0.0000,M,0.0000,0
$GPRMC,222008.00,A,3719.0387260,N,12156.9942520,W,0.0300,273.1345,101220,,,,
$GPGGA,222009.00,3719.0387260,N,12156.9942520,W,1,0,0.0,0.0000,M,0.0000,M,0.0000,0
$GPRMC,222009.00,A,3719.0387260,N,12156.9942520,W,0.0210,273.1340,101220,,,,
$GPGGA,222010.00,3719.0387260,N,12156.9942520,W,1,0,0.0,0.0000,M,0.0000,M,0.0000,0
$GPRMC,222010.00,A,3719.0387260,N,12156.9942520,W,0.0141,273.1335,101220,,,,
$GPGGA,222011.00,3719.0387260,N,12156.9942520,W,1,0,0.0,0.0000,M,0.0000,M,0.0000,0
$GPRMC,222011.00,A,3719.0387260,N,12156.9942520,W,0.0095,273.1328,101220,,,,
$GPGGA,222012.00,3719.0387260,N,12156.9942520,W,1,0,0.0,0.0000,M,0.0000,M,0.0000,0
$GPRMC,222012.00,A,3719.0387260,N,12156.9942520,W,0.0058,273.1320,101220,,,,
$GPGGA,222013.00,3719.0387260,N,12156.9942520,W,1,0,0.0,0.0000,M,0.0000,M,0.0000,0
$GPRMC,222013.00,A,3719.0387260,N,12156.9942520,W,0.0054,273.1311,101220,,,,
$GPGGA,222014.00,3719.0387260,N,12156.9942460,W,1,0,0.0,0.0000,M,0.0000,M,0.0000,0
$GPRMC,222014.00,A,3719.0387260,N,12156.9942460,W,0.0060,273.1305,101220,,,,
$GPGGA,222015.00,3719.0387200,N,12156.9942460,W,1,0,0.0,0.0000,M,0.0000,M,0.0000,0
$GPRMC,222015.00,A,3719.0387200,N,12156.9942460,W,0.0155,273.1305,101220,,,,
$GPGGA,222016.00,3719.0387140,N,12156.9945340,W,1,0,0.0,0.0000,M,0.0000,M,0.0000,0
$GPRMC,222016.00,A,3719.0387140,N,12156.9945340,W,1.1266,273.0846,101220,,,,
$GPGGA,222017.00,3719.0379400,N,12156.9959320,W,1,0,0.0,0.0000,M,0.0000,M,0.0000,0
$GPRMC,222017.00,A,3719.0379400,N,12156.9959320,W,3.3112,273.0449,101220,,,,
$GPGGA,222018.00,3719.0358760,N,12156.9983920,W,1,0,0.0,0.0000,M,0.0000,M,0.0000,0
$GPRMC,222018.00,A,3719.0358760,N,12156.9983920,W,5.2479,271.4012,101220,,,,
$GPGGA,222019.00,3719.0327440,N,12157.0018420,W,1,0,0.0,0.0000,M,0.0000,M,0.0000,0
$GPRMC,222019.00,A,3719.0327440,N,12157.0018420,W,7.6931,268.5310,101220,,,,
$GPGGA,222020.00,3719.0385520,N,12157.0093240,W,1,0,0.0,0.0000,M,0.0000,M,0.0000,0
$GPRMC,222020.00,A,3719.0385520,N,12157.0093240,W,10.0637,267.1494,101220,,,,
$GPGGA,222021.00,3719.0381320,N,12157.0168660,W,1,0,0.0,0.0000,M,0.0000,M,0.0000,0
$GPRMC,222021.00,A,3719.0381320,N,12157.0168660,W,12.2381,265.6297,101220,,,,
$GPGGA,222022.00,3719.0374960,N,12157.0257820,W,1,0,0.0,0.0000,M,0.0000,M,0.0000,0
$GPRMC,222022.00,A,3719.0374960,N,12157.0257820,W,14.2575,264.7100,101220,,,,
$GPGGA,222023.00,3719.0366920,N,12157.0360180,W,1,0,0.0,0.0000,M,0.0000,M,0.0000,0
$GPRMC,222023.00,A,3719.0366920,N,12157.0360180,W,16.1096,264.2495,101220,,,,
$GPGGA,222024.00,3719.0357980,N,12157.0475320,W,1,0,0.0,0.0000,M,0.0000,M,0.0000,0
$GPRMC,222024.00,A,3719.0357980,N,12157.0475320,W,17.8394,264.5775,101220,,,,
$GPGGA,222025.00,3719.0349280,N,12157.0599400,W,1,0,0.0,0.0000,M,0.0000,M,0.0000,0
$GPRMC,222025.00,A,3719.0349280,N,12157.0599400,W,19.2438,264.7063,101220,,,,
$GPGGA,222026.00,3719.0338540,N,12157.0734280,W,1,0,0.0,0.0000,M,0.0000,M,0.0000,0
$GPRMC,222026.00,A,3719.0338540,N,12157.0734280,W,20.7121,264.7139,101220,,,,
$GPGGA,222027.00,3719.0327320,N,12157.0878880,W,1,0,0.0,0.0000,M,0.0000,M,0.0000,0
$GPRMC,222027.00,A,3719.0327320,N,12157.0878880,W,22.1905,264.2479,101220,,,,
$GPGGA,222028.00,3719.0314120,N,12157.1032360,W,1,0,0.0,0.0000,M,0.0000,M,0.0000,0
$GPRMC,222028.00,A,3719.0314120,N,12157.1032360,W,23.3926,263.5835,101220,,,,
$GPGGA,222029.00,3719.0298280,N,12157.1193640,W,1,0,0.0,0.0000,M,0.0000,M,0.0000,0
$GPRMC,222029.00,A,3719.0298280,N,12157.1193640,W,24.6030,262.6450,101220,,,,
$GPGGA,222030.00,3719.0280340,N,12157.1360620,W,1,0,0.0,0.0000,M,0.0000,M,0.0000,0
$GPRMC,222030.00,A,3719.0280340,N,12157.1360620,W,25.0552,262.1975,101220,,,,
$GPGGA,222031.00,3719.0261560,N,12157.1529040,W,1,0,0.0,0.0000,M,0.0000,M,0.0000,0
$GPRMC,222031.00,A,3719.0261560,N,12157.1529040,W,25.2378,261.8254,101220,,,,
$GPGGA,222032.00,3719.0240920,N,12157.1698540,W,1,0,0.0,0.0000,M,0.0000,M,0.0000,0
$GPRMC,222032.00,A,3719.0240920,N,12157.1698540,W,25.4253,260.7886,101220,,,,
$GPGGA,222033.00,3719.0217820,N,12157.1868940,W,1,0,0.0,0.0000,M,0.0000,M,0.0000,0
$GPRMC,222033.00,A,3719.0217820,N,12157.1868940,W,25.6777,260.1093,101220,,,,
$GPGGA,222034.00,3719.0193700,N,12157.2041620,W,1,0,0.0,0.0000,M,0.0000,M,0.0000,0
$GPRMC,222034.00,A,3719.0193700,N,12157.2041620,W,26.0922,260.0098,101220,,,,
$GPGGA,222035.00,3719.0169160,N,12157.2217000,W,1,0,0.0,0.0000,M,0.0000,M,0.0000,0
$GPRMC,222035.00,A,3719.0169160,N,12157.2217000,W,26.4966,260.2858,101220,,,,
$GPGGA,222036.00,3719.0146120,N,12157.2394720,W,1,0,0.0,0.0000,M,0.0000,M,0.0000,0
$GPRMC,222036.00,A,3719.0146120,N,12157.2394720,W,26.6759,261.2318,101220,,,,
$GPGGA,222037.00,3719.0124520,N,12157.2573340,W,1,0,0.0,0.0000,M,0.0000,M,0.0000,0
$GPRMC,222037.00,A,3719.0124520,N,12157.2573340,W,26.6886,261.5311,101220,,,,
$GPGGA,222038.00,3719.0103820,N,12157.2752080,W,1,0,0.0,0.0000,M,0.0000,M,0.0000,0
$GPRMC,222038.00,A,3719.0103820,N,12157.2752080,W,26.7097,261.7942,101220,,,,
$GPGGA,222039.00,3719.0083420,N,12157.2931240,W,1,0,0.0,0.0000,M,0.0000,M,0.0000,0
$GPRMC,222039.00,A,3719.0083420,N,12157.2931240,W,26.7521,261.9232,101220,,,,
$GPGGA,222040.00,3719.0063800,N,12157.3110580,W,1,0,0.0,0.0000,M,0.0000,M,0.0000,0
$GPRMC,222040.00,A,3719.0063800,N,12157.3110580,W,26.6966,262.5187,101220,,,,
$GPGGA,222041.00,3719.0046040,N,12157.3289860,W,1,0,0.0,0.0000,M,0.0000,M,0.0000,0
$GPRMC,222041.00,A,3719.0046040,N,12157.3289860,W,26.6764,263.4531,101220,,,,
$GPGGA,222042.00,3719.0030800,N,12157.3469920,W,1,0,0.0,0.0000,M,0.0000,M,0.0000,0
$GPRMC,222042.00,A,3719.0030800,N,12157.3469920,W,26.8225,264.4110,101220,,,,
$GPGGA,222043.00,3719.0017300,N,12157.3651540,W,1,0,0.0,0.0000,M,0.0000,M,0.0000,0
$GPRMC,222043.00,A,3719.0017300,N,12157.3651540,W,27.0916,264.6757,101220,,,,
$GPGGA,222044.00,3719.0004040,N,12157.3835320,W,1,0,0.0,0.0000,M,0.0000,M,0.0000,0
$GPRMC,222044.00,A,3719.0004040,N,12157.3835320,W,27.3545,265.0127,101220,,,,
$GPGGA,222045.00,3718.9991740,N,12157.4019340,W,1,0,0.0,0.0000,M,0.0000,M,0.0000,0
$GPRMC,222045.00,A,3718.9991740,N,12157.4019340,W,27.1823,265.3863,101220,,,,
$GPGGA,222046.00,3718.9980880,N,12157.4202580,W,1,0,0.0,0.0000,M,0.0000,M,0.0000,0
$GPRMC,222046.00,A,3718.9980880,N,12157.4202580,W,27.1317,265.9962,101220,,,,
$GPGGA,222047.00,3718.9971700,N,12157.4386000,W,1,0,0.0,0.0000,M,0.0000,M,0.0000,0
$GPRMC,222047.00,A,3718.9971700,N,12157.4386000,W,27.1577,266.7542,101220,,,,
$GPGGA,222048.00,3718.9964560,N,12157.4569780,W,1,0,0.0,0.0000,M,0.0000,M,0.0000,0
$GPRMC,222048.00,A,3718.9964560,N,12157.4569780,W,27.1896,267.6988,101220,,,,
$GPGGA,222049.00,3718.9959940,N,12157.4753980,W,1,0,0.0,0.0000,M,0.0000,M,0.0000,0
$GPRMC,222049.00,A,3718.9959940,N,12157.4753980,W,27.2518,268.5761,101220,,,,
$GPGGA,222050.00,3718.9957060,N,12157.4938660,W,1,0,0.0,0.0000,M,0.0000,M,0.0000,0
$GPRMC,222050.00,A,3718.9957060,N,12157.4938660,W,27.3161,269.1139,101220,,,,
$GPGGA,222051.00,3718.9955560,N,12157.5123700,W,1,0,0.0,0.0000,M,0.0000,M,0.0000,0
$GPRMC,222051.00,A,3718.9955560,N,12157.5123700,W,27.3590,269.5446,101220,,,,
$GPGGA,222052.00,3718.9955560,N,12157.5308680,W,1,0,0.0,0.0000,M,0.0000,M,0.0000,0
$GPRMC,222052.00,A,3718.9955560,N,12157.5308680,W,27.4221,270.1830,101220,,,,
$GPGGA,222053.00,3718.9957660,N,12157.5493900,W,1,0,0.0,0.0000,M,0.0000,M,0.0000,0
$GPRMC,222053.00,A,3718.9957660,N,12157.5493900,W,27.5034,271.0562,101220,,,,
$GPGGA,222054.00,3718.9961320,N,12157.5679960,W,1,0,0.0,0.0000,M,0.0000,M,0.0000,0
$GPRMC,222054.00,A,3718.9961320,N,12157.5679960,W,27.5839,271.3290,101220,,,,
$GPGGA,222055.00,3718.9964980,N,12157.5866800,W,1,0,0.0,0.0000,M,0.0000,M,0.0000,0
$GPRMC,222055.00,A,3718.9964980,N,12157.5866800,W,27.6395,271.2072,101220,,,,
$GPGGA,222056.00,3718.9967560,N,12157.6055080,W,1,0,0.0,0.0000,M,0.0000,M,0.0000,0
$GPRMC,222056.00,A,3718.9967560,N,12157.6055080,W,27.7303,271.1633,101220,,,,
$GPGGA,222057.00,3718.9970020,N,12157.6243360,W,1,0,0.0,0.0000,M,0.0000,M,0.0000,0
$GPRMC,222057.00,A,3718.9970020,N,12157.6243360,W,27.8090,271.0104,101220,,,,
$GPGGA,222058.00,3718.9972780,N,12157.6431700,W,1,0,0.0,0.0000,M,0.0000,M,0.0000,0
$GPRMC,222058.00,A,3718.9972780,N,12157.6431700,W,27.8814,271.0713,101220,,,,
$GPGGA,222059.00,3718.9975780,N,12157.6620580,W,1,0,0.0,0.0000,M,0.0000,M,0.0000,0
$GPRMC,222059.00,A,3718.9975780,N,12157.6620580,W,27.9460,271.1323,101220,,,,
$GPGGA,222100.00,3718.9978660,N,12157.6809700,W,1,0,0.0,0.0000,M,0.0000,M,0.0000,0
$GPRMC,222100.00,A,3718.9978660,N,12157.6809700,W,27.9470,271.0171,101220,,,,
$GPGGA,222101.00,3718.9981660,N,12157.6998700,W,1,0,0.0,0.0000,M,0.0000,M,0.0000,0
$GPRMC,222101.00,A,3718.9981660,N,12157.6998700,W,27.9175,271.1551,101220,,,,
$GPGGA,222102.00,3718.9984660,N,12157.7187880,W,1,0,0.0,0.0000,M,0.0000,M,0.0000,0
$GPRMC,222102.00,A,3718.9984660,N,12157.7187880,W,28.0168,271.1138,101220,,,,
$GPGGA,222103.00,3718.9987540,N,12157.7377720,W,1,0,0.0,0.0000,M,0.0000,M,0.0000,0
$GPRMC,222103.00,A,3718.9987540,N,12157.7377720,W,28.0626,271.1053,101220,,,,
$GPGGA,222104.00,3718.9990600,N,12157.7567260,W,1,0,0.0,0.0000,M,0.0000,M,0.0000,0
$GPRMC,222104.00,A,3718.9990600,N,12157.7567260,W,27.9516,271.1204,101220,,,,
$GPGGA,222105.00,3718.9993420,N,12157.7754880,W,1,0,0.0,0.0000,M,0.0000,M,0.0000,0
$GPRMC,222105.00,A,3718.9993420,N,12157.7754880,W,27.5015,271.1128,101220,,,,
$GPGGA,222106.00,3718.9995760,N,12157.7939380,W,1,0,0.0,0.0000,M,0.0000,M,0.0000,0
$GPRMC,222106.00,A,3718.9995760,N,12157.7939380,W,27.0262,270.7349,101220,,,,
$GPGGA,222107.00,3718.9997260,N,12157.8120640,W,1,0,0.0,0.0000,M,0.0000,M,0.0000,0
$GPRMC,222107.00,A,3718.9997260,N,12157.8120640,W,26.5278,270.3890,101220,,,,
$GPGGA,222108.00,3718.9997500,N,12157.8298840,W,1,0,0.0,0.0000,M,0.0000,M,0.0000,0
$GPRMC,222108.00,A,3718.9997500,N,12157.8298840,W,26.1131,269.8581,101220,,,,
$GPGGA,222109.00,3718.9996180,N,12157.8474280,W,1,0,0.0,0.0000,M,0.0000,M,0.0000,0
$GPRMC,222109.00,A,3718.9996180,N,12157.8474280,W,25.7469,269.1094,101220,,,,
$GPGGA,222110.00,3718.9993060,N,12157.8647500,W,1,0,0.0,0.0000,M,0.0000,M,0.0000,0
$GPRMC,222110.00,A,3718.9993060,N,12157.8647500,W,25.5103,268.3813,101220,,,,
$GPGGA,222111.00,3718.9988440,N,12157.8819820,W,1,0,0.0,0.0000,M,0.0000,M,0.0000,0
$GPRMC,222111.00,A,3718.9988440,N,12157.8819820,W,25.4438,267.8494,101220,,,,
$GPGGA,222112.00,3718.9982980,N,12157.8992080,W,1,0,0.0,0.0000,M,0.0000,M,0.0000,0
$GPRMC,222112.00,A,3718.9982980,N,12157.8992080,W,25.5557,267.5664,101220,,,,
$GPGGA,222113.00,3718.9977100,N,12157.9166020,W,1,0,0.0,0.0000,M,0.0000,M,0.0000,0
$GPRMC,222113.00,A,3718.9977100,N,12157.9166020,W,25.9092,267.7030,101220,,,,
$GPGGA,222114.00,3718.9971640,N,12157.9342720,W,1,0,0.0,0.0000,M,0.0000,M,0.0000,0
$GPRMC,222114.00,A,3718.9971640,N,12157.9342720,W,26.3348,267.8256,101220,,,,
$GPGGA,222115.00,3718.9966060,N,12157.9522060,W,1,0,0.0,0.0000,M,0.0000,M,0.0000,0
$GPRMC,222115.00,A,3718.9966060,N,12157.9522060,W,26.6585,267.5542,101220,,,,
$GPGGA,222116.00,3718.9960000,N,12157.9702300,W,1,0,0.0,0.0000,M,0.0000,M,0.0000,0
$GPRMC,222116.00,A,3718.9960000,N,12157.9702300,W,26.6077,267.6018,101220,,,,
$GPGGA,222117.00,3718.9954120,N,12157.9881880,W,1,0,0.0,0.0000,M,0.0000,M,0.0000,0
$GPRMC,222117.00,A,3718.9954120,N,12157.9881880,W,26.5033,267.6274,101220,,,,
$GPGGA,222118.00,3718.9948180,N,12158.0061220,W,1,0,0.0,0.0000,M,0.0000,M,0.0000,0
$GPRMC,222118.00,A,3718.9948180,N,12158.0061220,W,26.6171,267.5834,101220,,,,
$GPGGA,222119.00,3718.9941940,N,12158.0242360,W,1,0,0.0,0.0000,M,0.0000,M,0.0000,0
$GPRMC,222119.00,A,3718.9941940,N,12158.0242360,W,26.9375,267.3525,101220,,,,
$GPGGA,222120.00,3718.9935160,N,12158.0425420,W,1,0,0.0,0.0000,M,0.0000,M,0.0000,0
$GPRMC,222120.00,A,3718.9935160,N,12158.0425420,W,27.1325,267.2218,101220,,,,
$GPGGA,222121.00,3718.9928740,N,12158.0608480,W,1,0,0.0,0.0000,M,0.0000,M,0.0000,0
$GPRMC,222121.00,A,3718.9928740,N,12158.0608480,W,26.9720,267.4824,101220,,,,
$GPGGA,222122.00,3718.9922920,N,12158.0789980,W,1,0,0.0,0.0000,M,0.0000,M,0.0000,0
$GPRMC,222122.00,A,3718.9922920,N,12158.0789980,W,26.7086,267.5507,101220,,,,
$GPGGA,222123.00,3718.9917760,N,12158.0969500,W,1,0,0.0,0.0000,M,0.0000,M,0.0000,0
$GPRMC,222123.00,A,3718.9917760,N,12158.0969500,W,26.3769,268.1296,101220,,,,
$GPGGA,222124.00,3718.9915840,N,12158.1146920,W,1,0,0.0,0.0000,M,0.0000,M,0.0000,0
$GPRMC,222124.00,A,3718.9915840,N,12158.1146920,W,26.0110,270.1609,101220,,,,
$GPGGA,222125.00,3718.9919260,N,12158.1321820,W,1,0,0.0,0.0000,M,0.0000,M,0.0000,0
$GPRMC,222125.00,A,3718.9919260,N,12158.1321820,W,25.6429,272.3499,101220,,,,
$GPGGA,222126.00,3718.9926520,N,12158.1494260,W,1,0,0.0,0.0000,M,0.0000,M,0.0000,0
$GPRMC,222126.00,A,3718.9926520,N,12158.1494260,W,25.3646,273.4259,101220,,,,
$GPGGA,222127.00,3718.9935160,N,12158.1664540,W,1,0,0.0,0.0000,M,0.0000,M,0.0000,0
$GPRMC,222127.00,A,3718.9935160,N,12158.1664540,W,25.0979,273.3790,101220,,,,
$GPGGA,222128.00,3718.9942600,N,12158.1833560,W,1,0,0.0,0.0000,M,0.0000,M,0.0000,0
$GPRMC,222128.00,A,3718.9942600,N,12158.1833560,W,24.9073,272.5414,101220,,,,
$GPGGA,222129.00,3718.9948360,N,12158.2001080,W,1,0,0.0,0.0000,M,0.0000,M,0.0000,0
$GPRMC,222129.00,A,3718.9948360,N,12158.2001080,W,24.6171,272.0791,101220,,,,
$GPGGA,222130.00,3718.9952980,N,12158.2166500,W,1,0,0.0,0.0000,M,0.0000,M,0.0000,0
$GPRMC,222130.00,A,3718.9952980,N,12158.2166500,W,24.2868,271.5572,101220,,,,
$GPGGA,222131.00,3718.9957300,N,12158.2329820,W,1,0,0.0,0.0000,M,0.0000,M,0.0000,0
$GPRMC,222131.00,A,3718.9957300,N,12158.2329820,W,23.9748,271.7820,101220,,,,
$GPGGA,222132.00,3718.9963000,N,12158.2490920,W,1,0,0.0,0.0000,M,0.0000,M,0.0000,0
$GPRMC,222132.00,A,3718.9963000,N,12158.2490920,W,23.6618,272.7654,101220,,,,
$GPGGA,222133.00,3718.9972300,N,12158.2649560,W,1,0,0.0,0.0000,M,0.0000,M,0.0000,0
$GPRMC,222133.00,A,3718.9972300,N,12158.2649560,W,23.3401,275.0024,101220,,,,
$GPGGA,222134.00,3718.9986400,N,12158.2805740,W,1,0,0.0,0.0000,M,0.0000,M,0.0000,0
$GPRMC,222134.00,A,3718.9986400,N,12158.2805740,W,23.1041,277.0047,101220,,,,
$GPGGA,222135.00,3719.0004040,N,12158.2959760,W,1,0,0.0,0.0000,M,0.0000,M,0.0000,0
$GPRMC,222135.00,A,3719.0004040,N,12158.2959760,W,22.8493,278.4837,101220,,,,
$GPGGA,222136.00,3719.0024800,N,12158.3111620,W,1,0,0.0,0.0000,M,0.0000,M,0.0000,0
$GPRMC,222136.00,A,3719.0024800,N,12158.3111620,W,22.6406,280.2888,101220,,,,
$GPGGA,222137.00,3719.0050420,N,12158.3260840,W,1,0,0.0,0.0000,M,0.0000,M,0.0000,0
$GPRMC,222137.00,A,3719.0050420,N,12158.3260840,W,22.4488,283.2997,101220,,,,
$GPGGA,222138.00,3719.0083000,N,12158.3406820,W,1,0,0.0,0.0000,M,0.0000,M,0.0000,0
$GPRMC,222138.00,A,3719.0083000,N,12158.3406820,W,22.3285,286.9352,101220,,,,
$GPGGA,222139.00,3719.0123200,N,12158.3549080,W,1,0,0.0,0.0000,M,0.0000,M,0.0000,0
$GPRMC,222139.00,A,3719.0123200,N,12158.3549080,W,22.2258,290.9330,101220,,,,
$GPGGA,222140.00,3719.0169520,N,12158.3687320,W,1,0,0.0,0.0000,M,0.0000,M,0.0000,0
$GPRMC,222140.00,A,3719.0169520,N,12158.3687320,W,22.0023,293.8141,101220,,,,
$GPGGA,222141.00,3719.0220760,N,12158.3820820,W,1,0,0.0,0.0000,M,0.0000,M,0.0000,0
$GPRMC,222141.00,A,3719.0220760,N,12158.3820820,W,21.6998,296.4642,101220,,,,
$GPGGA,222142.00,3719.0276740,N,12158.3950180,W,1,0,0.0,0.0000,M,0.0000,M,0.0000,0
$GPRMC,222142.00,A,3719.0276740,N,12158.3950180,W,21.1966,296.8792,101220,,,,
$GPGGA,222143.00,3719.0352220,N,12158.4064600,W,1,0,0.0,0.0000,M,0.0000,M,0.0000,0
$GPRMC,222143.00,A,3719.0352220,N,12158.4064600,W,20.5851,296.6587,101220,,,,
$GPGGA,222144.00,3719.0440660,N,12158.4165280,W,1,0,0.0,0.0000,M,0.0000,M,0.0000,0
$GPRMC,222144.00,A,3719.0440660,N,12158.4165280,W,18.8769,296.2455,101220,,,,
$GPGGA,222145.00,3719.0580160,N,12158.4232900,W,1,0,0.0,0.0000,M,0.0000,M,0.0000,0
$GPRMC,222145.00,A,3719.0580160,N,12158.4232900,W,15.8793,295.6795,101220,,,,
$GPGGA,222146.00,3719.0451040,N,12158.4385600,W,1,0,0.0,0.0000,M,0.0000,M,0.0000,0
$GPRMC,222146.00,A,3719.0451040,N,12158.4385600,W,12.2125,296.8854,101220,,,,
$GPGGA,222147.00,3719.0479240,N,12158.4449020,W,1,0,0.0,0.0000,M,0.0000,M,0.0000,0
$GPRMC,222147.00,A,3719.0479240,N,12158.4449020,W,9.4270,299.5301,101220,,,,
$GPGGA,222148.00,3719.0506120,N,12158.4496600,W,1,0,0.0,0.0000,M,0.0000,M,0.0000,0
$GPRMC,222148.00,A,3719.0506120,N,12158.4496600,W,7.8979,307.5499,101220,,,,
$GPGGA,222149.00,3719.0537380,N,12158.4531820,W,1,0,0.0,0.0000,M,0.0000,M,0.0000,0
$GPRMC,222149.00,A,3719.0537380,N,12158.4531820,W,7.6163,320.9456,101220,,,,
$GPGGA,222150.00,3719.0573800,N,12158.4556000,W,1,0,0.0,0.0000,M,0.0000,M,0.0000,0
$GPRMC,222150.00,A,3719.0573800,N,12158.4556000,W,7.4719,334.9336,101220,,,,
$GPGGA,222151.00,3719.0613940,N,12158.4566620,W,1,0,0.0,0.0000,M,0.0000,M,0.0000,0
$GPRMC,222151.00,A,3719.0613940,N,12158.4566620,W,7.5538,351.5148,101220,,,,
$GPGGA,222152.00,3719.0655040,N,12158.4565420,W,1,0,0.0,0.0000,M,0.0000,M,0.0000,0
$GPRMC,222152.00,A,3719.0655040,N,12158.4565420,W,7.5522,2.1366,101220,,,,
$GPGGA,222153.00,3719.0695420,N,12158.4561880,W,1,0,0.0,0.0000,M,0.0000,M,0.0000,0
$GPRMC,222153.00,A,3719.0695420,N,12158.4561880,W,7.4003,3.3640,101220,,,,
$GPGGA,222154.00,3719.0736880,N,12158.4558160,W,1,0,0.0,0.0000,M,0.0000,M,0.0000,0
$GPRMC,222154.00,A,3719.0736880,N,12158.4558160,W,7.8968,4.1820,101220,,,,
$GPGGA,222155.00,3719.0779240,N,12158.4552940,W,1,0,0.0,0.0000,M,0.0000,M,0.0000,0
$GPRMC,222155.00,A,3719.0779240,N,12158.4552940,W,7.9359,6.4084,101220,,,,
$GPGGA,222156.00,3719.0820760,N,12158.4540640,W,1,0,0.0,0.0000,M,0.0000,M,0.0000,0
$GPRMC,222156.00,A,3719.0820760,N,12158.4540640,W,7.6644,15.2676,101220,,,,
$GPGGA,222157.00,3719.0856220,N,12158.4521800,W,1,0,0.0,0.0000,M,0.0000,M,0.0000,0
$GPRMC,222157.00,A,3719.0856220,N,12158.4521800,W,6.0962,24.6742,101220,,,,
$GPGGA,222158.00,3719.0879080,N,12158.4502960,W,1,0,0.0,0.0000,M,0.0000,M,0.0000,0
$GPRMC,222158.00,A,3719.0879080,N,12158.4502960,W,3.8790,31.6739,101220,,,,
$GPGGA,222159.00,3719.0892400,N,12158.4490660,W,1,0,0.0,0.0000,M,0.0000,M,0.0000,0
$GPRMC,222159.00,A,3719.0892400,N,12158.4490660,W,2.3996,33.4126,101220,,,,
$GPGGA,222200.00,3719.0899840,N,12158.4484000,W,1,0,0.0,0.0000,M,0.0000,M,0.0000,0
$GPRMC,222200.00,A,3719.0899840,N,12158.4484000,W,1.0796,33.4790,101220,,,,
$GPGGA,222201.00,3719.0901460,N,12158.4482440,W,1,0,0.0,0.0000,M,0.0000,M,0.0000,0
$GPRMC,222201.00,A,3719.0901460,N,12158.4482440,W,0.0234,33.4785,101220,,,,
$GPGGA,222202.00,3719.0901460,N,12158.4482620,W,1,0,0.0,0.0000,M,0.0000,M,0.0000,0
$GPRMC,222202.00,A,3719.0901460,N,12158.4482620,W,0.0228,33.4902,101220,,,,
$GPGGA,222203.00,3719.0901640,N,12158.4482800,W,1,0,0.0,0.0000,M,0.0000,M,0.0000,0
$GPRMC,222203.00,A,3719.0901640,N,12158.4482800,W,0.0184,33.4920,101220,,,,
$GPGGA,222204.00,3719.0901940,N,12158.4482920,W,1,0,0.0,0.0000,M,0.0000,M,0.0000,0
$GPRMC,222204.00,A,3719.0901940,N,12158.4482920,W,0.0170,33.4935,101220,,,,
$GPGGA,222205.00,3719.0902180,N,12158.4482980,W,1,0,0.0,0.0000,M,0.0000,M,0.0000,0
$GPRMC,222205.00,A,3719.0902180,N,12158.4482980,W,0.0150,33.4917,101220,,,,
$GPGGA,222206.00,3719.0902360,N,12158.4482980,W,1,0,0.0,0.0000,M,0.0000,M,0.0000,0
$GPRMC,222206.00,A,3719.0902360,N,12158.4482980,W,0.0127,33.4909,101220,,,,
$GPGGA,222207.00,3719.0902540,N,12158.4482980,W,1,0,0.0,0.0000,M,0.0000,M,0.0000,0
$GPRMC,222207.00,A,3719.0902540,N,12158.4482980,W,0.0099,33.4894,101220,,,,
$GPGGA,222208.00,3719.0902660,N,12158.4482980,W,1,0,0.0,0.0000,M,0.0000,M,0.0000,0
$GPRMC,222208.00,A,3719.0902660,N,12158.4482980,W,0.0081,33.4886,101220,,,,
$GPGGA,222209.00,3719.0902780,N,12158.4482980,W,1,0,0.0,0.0000,M,0.0000,M,0.0000,0
$GPRMC,222209.00,A,3719.0902780,N,12158.4482980,W,0.0054,33.4874,101220,,,,
$GPGGA,222210.00,3719.0902840,N,12158.4482980,W,1,0,0.0,0.0000,M,0.0000,M,0.0000,0
$GPRMC,222210.00,A,3719.0902840,N,12158.4482980,W,0.0051,33.4860,101220,,,,
$GPGGA,222211.00,3719.0902840,N,12158.4482980,W,1,0,0.0,0.0000,M,0.0000,M,0.0000,0
$GPRMC,222211.00,A,3719.0902840,N,12158.4482980,W,0.0064,33.4846,101220,,,,
$GPGGA,222212.00,3719.0902840,N,12158.4482980,W,1,0,0.0,0.0000,M,0.0000,M,0.0000,0
$GPRMC,222212.00,A,3719.0902840,N,12158.4482980,W,0.0072,33.4834,101220,,,,
$GPGGA,222213.00,3719.0902900,N,12158.4482980,W,1,0,0.0,0.0000,M,0.0000,M,0.0000,0
$GPRMC,222213.00,A,3719.0902900,N,12158.4482980,W,0.0081,33.4822,101220,,,,
$GPGGA,222214.00,3719.0902900,N,12158.4482920,W,1,0,0.0,0.0000,M,0.0000,M,0.0000,0
$GPRMC,222214.00,A,3719.0902900,N,12158.4482920,W,0.0098,33.4810,101220,,,,
$GPGGA,222215.00,3719.0902900,N,12158.4482920,W,1,0,0.0,0.0000,M,0.0000,M,0.0000,0
$GPRMC,222215.00,A,3719.0902900,N,12158.4482920,W,0.0104,33.4800,101220,,,,
$GPGGA,222216.00,3719.0902840,N,12158.4482920,W,1,0,0.0,0.0000,M,0.0000,M,0.0000,0
$GPRMC,222216.00,A,3719.0902840,N,12158.4482920,W,0.0117,33.4788,101220,,,,
$GPGGA,222217.00,3719.0902840,N,12158.4482920,W,1,0,0.0,0.0000,M,0.0000,M,0.0000,0
$GPRMC,222217.00,A,3719.0902840,N,12158.4482920,W,0.0117,33.4775,101220,,,,
$GPGGA,222218.00,3719.0902780,N,12158.4482920,W,1,0,0.0,0.0000,M,0.0000,M,0.0000,0
$GPRMC,222218.00,A,3719.0902780,N,12158.4482920,W,0.0126,33.4764,101220,,,,
$GPGGA,222219.00,3719.0902720,N,12158.4482920,W,1,0,0.0,0.0000,M,0.0000,M,0.0000,0
$GPRMC,222219.00,A,3719.0902720,N,12158.4482920,W,0.0117,33.4746,101220,,,,
$GPGGA,222220.00,3719.0902660,N,12158.4482860,W,1,0,0.0,0.0000,M,0.0000,M,0.0000,0
$GPRMC,222220.00,A,3719.0902660,N,12158.4482860,W,0.0102,33.4743,101220,,,,
$GPGGA,222221.00,3719.0902660,N,12158.4482860,W,1,0,0.0,0.0000,M,0.0000,M,0.0000,0
$GPRMC,222221.00,A,3719.0902660,N,12158.4482860,W,0.0104,33.4728,101220,,,,
$GPGGA,222222.00,3719.0902600,N,12158.4482800,W,1,0,0.0,0.0000,M,0.0000,M,0.0000,0
$GPRMC,222222.00,A,3719.0902600,N,12158.4482800,W,0.0095,33.4712,101220,,,,
$GPGGA,222223.00,3719.0902600,N,12158.4482800,W,1,0,0.0,0.0000,M,0.0000,M,0.0000,0
$GPRMC,222223.00,A,3719.0902600,N,12158.4482800,W,0.0085,33.4698,101220,,,,
$GPGGA,222224.00,3719.0902540,N,12158.4482800,W,1,0,0.0,0.0000,M,0.0000,M,0.0000,0
$GPRMC,222224.00,A,3719.0902540,N,12158.4482800,W,0.0076,33.4684,101220,,,,
$GPGGA,222225.00,3719.0902540,N,12158.4482740,W,1,0,0.0,0.0000,M,0.0000,M,0.0000,0
$GPRMC,222225.00,A,3719.0902540,N,12158.4482740,W,0.0054,33.4673,101220,,,,
$GPGGA,222226.00,3719.0902540,N,12158.4482740,W,1,0,0.0,0.0000,M,0.0000,M,0.0000,0
$GPRMC,222226.00,A,3719.0902540,N,12158.4482740,W,0.0054,33.4661,101220,,,,
$GPGGA,222227.00,3719.0902540,N,12158.4482680,W,1,0,0.0,0.0000,M,0.0000,M,0.0000,0
$GPRMC,222227.00,A,3719.0902540,N,12158.4482680,W,0.0036,33.4649,101220,,,,
$GPGGA,222228.00,3719.0902540,N,12158.4482680,W,1,0,0.0,0.0000,M,0.0000,M,0.0000,0
$GPRMC,222228.00,A,3719.0902540,N,12158.4482680,W,0.0028,33.4635,101220,,,,
$GPGGA,222229.00,3719.0902540,N,12158.4482680,W,1,0,0.0,0.0000,M,0.0000,M,0.0000,0
$GPRMC,222229.00,A,3719.0902540,N,12158.4482680,W,0.0028,33.4620,101220,,,,
$GPGGA,222230.00,3719.0902540,N,12158.4482620,W,1,0,0.0,0.0000,M,0.0000,M,0.0000,0
$GPRMC,222230.00,A,3719.0902540,N,12158.4482620,W,0.0022,33.4605,101220,,,,
$GPGGA,222231.00,3719.0902540,N,12158.4482620,W,1,0,0.0,0.0000,M,0.0000,M,0.0000,0
$GPRMC,222231.00,A,3719.0902540,N,12158.4482620,W,0.0020,33.4592,101220,,,,
$GPGGA,222232.00,3719.0902540,N,12158.4482620,W,1,0,0.0,0.0000,M,0.0000,M,0.0000,0
$GPRMC,222232.00,A,3719.0902540,N,12158.4482620,W,0.0114,33.4590,101220,,,,
$GPGGA,222233.00,3719.0902600,N,12158.4482560,W,1,0,0.0,0.0000,M,0.0000,M,0.0000,0
$GPRMC,222233.00,A,3719.0902600,N,12158.4482560,W,0.0041,33.4627,101220,,,,
$GPGGA,222234.00,3719.0902600,N,12158.4482560,W,1,0,0.0,0.0000,M,0.0000,M,0.0000,0
$GPRMC,222234.00,A,3719.0902600,N,12158.4482560,W,0.0030,33.4610,101220,,,,
$GPGGA,222235.00,3719.0902600,N,12158.4482560,W,1,0,0.0,0.0000,M,0.0000,M,0.0000,0
$GPRMC,222235.00,A,3719.0902600,N,12158.4482560,W,0.0045,33.4592,101220,,,,
$GPGGA,222236.00,3719.0902600,N,12158.4482560,W,1,0,0.0,0.0000,M,0.0000,M,0.0000,0
$GPRMC,222236.00,A,3719.0902600,N,12158.4482560,W,0.0051,33.4581,101220,,,,
$GPGGA,222237.00,3719.0902600,N,12158.4482560,W,1,0,0.0,0.0000,M,0.0000,M,0.0000,0
$GPRMC,222237.00,A,3719.0902600,N,12158.4482560,W,0.0071,33.4569,101220,,,,
$GPGGA,222238.00,3719.0902540,N,12158.4482560,W,1,0,0.0,0.0000,M,0.0000,M,0.0000,0
$GPRMC,222238.00,A,3719.0902540,N,12158.4482560,W,0.0067,33.4552,101220,,,,
$GPGGA,222239.00,3719.0902480,N,12158.4482560,W,1,0,0.0,0.0000,M,0.0000,M,0.0000,0
$GPRMC,222239.00,A,3719.0902480,N,12158.4482560,W,0.0094,33.4537,101220,,,,
$GPGGA,222240.00,3719.0902960,N,12158.4482200,W,1,0,0.0,0.0000,M,0.0000,M,0.0000,0
$GPRMC,222240.00,A,3719.0902960,N,12158.4482200,W,0.4698,33.4537,101220,,,,
$GPGGA,222241.00,3719.0907460,N,12158.4478240,W,1,0,0.0,0.0000,M,0.0000,M,0.0000,0
$GPRMC,222241.00,A,3719.0907460,N,12158.4478240,W,1.5953,33.9681,101220,,,,
$GPGGA,222242.00,3719.0917600,N,12158.4469240,W,1,0,0.0,0.0000,M,0.0000,M,0.0000,0
$GPRMC,222242.00,A,3719.0917600,N,12158.4469240,W,3.0241,34.7699,101220,,,,
$GPGGA,222243.00,3719.0934040,N,12158.4454660,W,1,0,0.0,0.0000,M,0.0000,M,0.0000,0
$GPRMC,222243.00,A,3719.0934040,N,12158.4454660,W,4.1750,35.2213,101220,,,,
$GPGGA,222244.00,3719.0954320,N,12158.4445960,W,1,0,0.0,0.0000,M,0.0000,M,0.0000,0
$GPRMC,222244.00,A,3719.0954320,N,12158.4445960,W,4.1123,17.5435,101220,,,,
$GPGGA,222245.00,3719.0969800,N,12158.4461680,W,1,0,0.0,0.0000,M,0.0000,M,0.0000,0
$GPRMC,222245.00,A,3719.0969800,N,12158.4461680,W,3.7571,331.4604,101220,,,,
$GPGGA,222246.00,3719.0970940,N,12158.4487900,W,1,0,0.0,0.0000,M,0.0000,M,0.0000,0
$GPRMC,222246.00,A,3719.0970940,N,12158.4487900,W,4.0803,283.3503,101220,,,,
$GPGGA,222247.00,3719.0954620,N,12158.4510580,W,1,0,0.0,0.0000,M,0.0000,M,0.0000,0
$GPRMC,222247.00,A,3719.0954620,N,12158.4510580,W,5.5262,234.5409,101220,,,,
$GPGGA,222248.00,3719.0924800,N,12158.4531340,W,1,0,0.0,0.0000,M,0.0000,M,0.0000,0
$GPRMC,222248.00,A,3719.0924800,N,12158.4531340,W,7.6289,210.0694,101220,,,,
$GPGGA,222249.00,3719.0883940,N,12158.4556300,W,1,0,0.0,0.0000,M,0.0000,M,0.0000,0
$GPRMC,222249.00,A,3719.0883940,N,12158.4556300,W,9.4383,205.6259,101220,,,,
$GPGGA,222250.00,3719.0834380,N,12158.4585580,W,1,0,0.0,0.0000,M,0.0000,M,0.0000,0
$GPRMC,222250.00,A,3719.0834380,N,12158.4585580,W,10.9194,205.5178,101220,,,,
$GPGGA,222251.00,3719.0778820,N,12158.4620860,W,1,0,0.0,0.0000,M,0.0000,M,0.0000,0
$GPRMC,222251.00,A,3719.0778820,N,12158.4620860,W,11.7863,207.7987,101220,,,,
$GPGGA,222252.00,3719.0723560,N,12158.4659740,W,1,0,0.0,0.0000,M,0.0000,M,0.0000,0
$GPRMC,222252.00,A,3719.0723560,N,12158.4659740,W,11.6051,209.8546,101220,,,,
$GPGGA,222253.00,3719.0670520,N,12158.4700060,W,1,0,0.0,0.0000,M,0.0000,M,0.0000,0
$GPRMC,222253.00,A,3719.0670520,N,12158.4700060,W,11.3201,211.7984,101220,,,,
$GPGGA,222254.00,3719.0619700,N,12158.4741040,W,1,0,0.0,0.0000,M,0.0000,M,0.0000,0
$GPRMC,222254.00,A,3719.0619700,N,12158.4741040,W,11.0248,212.7721,101220,,,,
$GPGGA,222255.00,3719.0570440,N,12158.4781420,W,1,0,0.0,0.0000,M,0.0000,M,0.0000,0
$GPRMC,222255.00,A,3719.0570440,N,12158.4781420,W,10.7605,213.0010,101220,,,,
$GPGGA,222256.00,3719.0522320,N,12158.4820960,W,1,0,0.0,0.0000,M,0.0000,M,0.0000,0
$GPRMC,222256.00,A,3719.0522320,N,12158.4820960,W,10.5606,213.2584,101220,,,,
$GPGGA,222257.00,3719.0475280,N,12158.4860320,W,1,0,0.0,0.0000,M,0.0000,M,0.0000,0
$GPRMC,222257.00,A,3719.0475280,N,12158.4860320,W,10.3895,213.5786,101220,,,,
$GPGGA,222258.00,3719.0427640,N,12158.4899920,W,1,0,0.0,0.0000,M,0.0000,M,0.0000,0
$GPRMC,222258.00,A,3719.0427640,N,12158.4899920,W,10.8192,213.4802,101220,,,,
$GPGGA,222259.00,3719.0377480,N,12158.4942040,W,1,0,0.0,0.0000,M,0.0000,M,0.0000,0
$GPRMC,222259.00,A,3719.0377480,N,12158.4942040,W,11.5517,213.9252,101220,,,,
$GPGGA,222300.00,3719.0324260,N,12158.4986980,W,1,0,0.0,0.0000,M,0.0000,M,0.0000,0
$GPRMC,222300.00,A,3719.0324260,N,12158.4986980,W,12.1659,213.9928,101220,,,,
$GPGGA,222301.00,3719.0269360,N,12158.5033240,W,1,0,0.0,0.0000,M,0.0000,M,0.0000,0
$GPRMC,222301.00,A,3719.0269360,N,12158.5033240,W,12.1830,214.1355,101220,,,,
$GPGGA,222302.00,3719.0215720,N,12158.5079140,W,1,0,0.0,0.0000,M,0.0000,M,0.0000,0
$GPRMC,222302.00,A,3719.0215720,N,12158.5079140,W,11.8040,214.4609,101220,,,,
$GPGGA,222303.00,3719.0164660,N,12158.5120960,W,1,0,0.0,0.0000,M,0.0000,M,0.0000,0
$GPRMC,222303.00,A,3719.0164660,N,12158.5120960,W,10.5908,212.3168,101220,,,,
$GPGGA,222304.00,3719.0117740,N,12158.5149040,W,1,0,0.0,0.0000,M,0.0000,M,0.0000,0
$GPRMC,222304.00,A,3719.0117740,N,12158.5149040,W,9.1461,201.0302,101220,,,,
$GPGGA,222305.00,3719.0071180,N,12158.5151620,W,1,0,0.0,0.0000,M,0.0000,M,0.0000,0
$GPRMC,222305.00,A,3719.0071180,N,12158.5151620,W,8.6523,175.8207,101220,,,,
$GPGGA,222306.00,3719.0031280,N,12158.5127200,W,1,0,0.0,0.0000,M,0.0000,M,0.0000,0
$GPRMC,222306.00,A,3719.0031280,N,12158.5127200,W,8.3988,147.5752,101220,,,,
$GPGGA,222307.00,3719.0005480,N,12158.5082020,W,1,0,0.0,0.0000,M,0.0000,M,0.0000,0
$GPRMC,222307.00,A,3719.0005480,N,12158.5082020,W,8.6370,120.7514,101220,,,,
$GPGGA,222308.00,3718.9989400,N,12158.5025380,W,1,0,0.0,0.0000,M,0.0000,M,0.0000,0
$GPRMC,222308.00,A,3718.9989400,N,12158.5025380,W,9.3445,108.2306,101220,,,,
$GPGGA,222309.00,3718.9975240,N,12158.4962440,W,1,0,0.0,0.0000,M,0.0000,M,0.0000,0
$GPRMC,222309.00,A,3718.9975240,N,12158.4962440,W,10.0502,105.9310,101220,,,,
$GPGGA,222310.00,3718.9960600,N,12158.4893320,W,1,0,0.0,0.0000,M,0.0000,M,0.0000,0
$GPRMC,222310.00,A,3718.9960600,N,12158.4893320,W,11.2819,104.8133,101220,,,,
$GPGGA,222311.00,3718.9945060,N,12158.4814360,W,1,0,0.0,0.0000,M,0.0000,M,0.0000,0
$GPRMC,222311.00,A,3718.9945060,N,12158.4814360,W,12.7714,103.8266,101220,,,,
$GPGGA,222312.00,3718.9928020,N,12158.4726820,W,1,0,0.0,0.0000,M,0.0000,M,0.0000,0
$GPRMC,222312.00,A,3718.9928020,N,12158.4726820,W,13.7259,103.9804,101220,,,,
$GPGGA,222313.00,3718.9909540,N,12158.4634120,W,1,0,0.0,0.0000,M,0.0000,M,0.0000,0
$GPRMC,222313.00,A,3718.9909540,N,12158.4634120,W,14.6193,104.0613,101220,,,,
$GPGGA,222314.00,3718.9889380,N,12158.4534040,W,1,0,0.0,0.0000,M,0.0000,M,0.0000,0
$GPRMC,222314.00,A,3718.9889380,N,12158.4534040,W,15.8361,104.4385,101220,,,,
$GPGGA,222315.00,3718.9867120,N,12158.4426400,W,1,0,0.0,0.0000,M,0.0000,M,0.0000,0
$GPRMC,222315.00,A,3718.9867120,N,12158.4426400,W,17.0411,104.5749,101220,,,,
$GPGGA,222316.00,3718.9843540,N,12158.4310840,W,1,0,0.0,0.0000,M,0.0000,M,0.0000,0
$GPRMC,222316.00,A,3718.9843540,N,12158.4310840,W,18.1552,104.1670,101220,,,,
$GPGGA,222317.00,3718.9819900,N,12158.4188980,W,1,0,0.0,0.0000,M,0.0000,M,0.0000,0
$GPRMC,222317.00,A,3718.9819900,N,12158.4188980,W,18.7930,103.4691,101220,,,,
$GPGGA,222318.00,3718.9796680,N,12158.4064000,W,1,0,0.0,0.0000,M,0.0000,M,0.0000,0
$GPRMC,222318.00,A,3718.9796680,N,12158.4064000,W,19.0985,102.7822,101220,,,,
$GPGGA,222319.00,3718.9775380,N,12158.3936560,W,1,0,0.0,0.0000,M,0.0000,M,0.0000,0
$GPRMC,222319.00,A,3718.9775380,N,12158.3936560,W,19.4314,101.1648,101220,,,,
$GPGGA,222320.00,3718.9757800,N,12158.3806960,W,1,0,0.0,0.0000,M,0.0000,M,0.0000,0
$GPRMC,222320.00,A,3718.9757800,N,12158.3806960,W,19.3698,98.5800,101220,,,,
$GPGGA,222321.00,3718.9745080,N,12158.3677780,W,1,0,0.0,0.0000,M,0.0000,M,0.0000,0
$GPRMC,222321.00,A,3718.9745080,N,12158.3677780,W,19.1447,95.9751,101220,,,,
$GPGGA,222322.00,3718.9736620,N,12158.3549440,W,1,0,0.0,0.0000,M,0.0000,M,0.0000,0
$GPRMC,222322.00,A,3718.9736620,N,12158.3549440,W,19.0218,94.1720,101220,,,,
$GPGGA,222323.00,3718.9730200,N,12158.3420320,W,1,0,0.0,0.0000,M,0.0000,M,0.0000,0
$GPRMC,222323.00,A,3718.9730200,N,12158.3420320,W,19.2054,93.3525,101220,,,,
$GPGGA,222324.00,3718.9724500,N,12158.3290060,W,1,0,0.0,0.0000,M,0.0000,M,0.0000,0
$GPRMC,222324.00,A,3718.9724500,N,12158.3290060,W,19.3407,93.0630,101220,,,,
$GPGGA,222325.00,3718.9718500,N,12158.3159140,W,1,0,0.0,0.0000,M,0.0000,M,0.0000,0
$GPRMC,222325.00,A,3718.9718500,N,12158.3159140,W,19.3861,93.5406,101220,,,,
$GPGGA,222326.00,3718.9711540,N,12158.3027980,W,1,0,0.0,0.0000,M,0.0000,M,0.0000,0
$GPRMC,222326.00,A,3718.9711540,N,12158.3027980,W,19.4373,94.0551,101220,,,,
$GPGGA,222327.00,3718.9703740,N,12158.2896460,W,1,0,0.0,0.0000,M,0.0000,M,0.0000,0
$GPRMC,222327.00,A,3718.9703740,N,12158.2896460,W,19.5615,94.5411,101220,,,,
$GPGGA,222328.00,3718.9695280,N,12158.2763140,W,1,0,0.0,0.0000,M,0.0000,M,0.0000,0
$GPRMC,222328.00,A,3718.9695280,N,12158.2763140,W,20.0036,94.5483,101220,,,,
$GPGGA,222329.00,3718.9687180,N,12158.2625320,W,1,0,0.0,0.0000,M,0.0000,M,0.0000,0
$GPRMC,222329.00,A,3718.9687180,N,12158.2625320,W,20.8798,93.8630,101220,,,,
$GPGGA,222330.00,3718.9680580,N,12158.2480840,W,1,0,0.0,0.0000,M,0.0000,M,0.0000,0
$GPRMC,222330.00,A,3718.9680580,N,12158.2480840,W,21.8988,92.8226,101220,,,,
$GPGGA,222331.00,3718.9675960,N,12158.2330120,W,1,0,0.0,0.0000,M,0.0000,M,0.0000,0
$GPRMC,222331.00,A,3718.9675960,N,12158.2330120,W,22.5563,91.8198,101220,,,,
$GPGGA,222332.00,3718.9673320,N,12158.2176160,W,1,0,0.0,0.0000,M,0.0000,M,0.0000,0
$GPRMC,222332.00,A,3718.9673320,N,12158.2176160,W,22.9861,90.7475,101220,,,,
$GPGGA,222333.00,3718.9673920,N,12158.2019560,W,1,0,0.0,0.0000,M,0.0000,M,0.0000,0
$GPRMC,222333.00,A,3718.9673920,N,12158.2019560,W,23.3312,88.9786,101220,,,,
$GPGGA,222334.00,3718.9677760,N,12158.1860500,W,1,0,0.0,0.0000,M,0.0000,M,0.0000,0
$GPRMC,222334.00,A,3718.9677760,N,12158.1860500,W,23.7315,87.8806,101220,,,,
$GPGGA,222335.00,3718.9682560,N,12158.1698380,W,1,0,0.0,0.0000,M,0.0000,M,0.0000,0
$GPRMC,222335.00,A,3718.9682560,N,12158.1698380,W,24.2086,87.8382,101220,,,,
$GPGGA,222336.00,3718.9687420,N,12158.1533080,W,1,0,0.0,0.0000,M,0.0000,M,0.0000,0
$GPRMC,222336.00,A,3718.9687420,N,12158.1533080,W,24.6277,87.9130,101220,,,,
$GPGGA,222337.00,3718.9692280,N,12158.1365560,W,1,0,0.0,0.0000,M,0.0000,M,0.0000,0
$GPRMC,222337.00,A,3718.9692280,N,12158.1365560,W,24.8901,87.7398,101220,,,,
$GPGGA,222338.00,3718.9697680,N,12158.1196240,W,1,0,0.0,0.0000,M,0.0000,M,0.0000,0
$GPRMC,222338.00,A,3718.9697680,N,12158.1196240,W,25.1842,87.6683,101220,,,,
$GPGGA,222339.00,3718.9702900,N,12158.1024880,W,1,0,0.0,0.0000,M,0.0000,M,0.0000,0
$GPRMC,222339.00,A,3718.9702900,N,12158.1024880,W,25.4945,87.7950,101220,,,,
$GPGGA,222340.00,3718.9708180,N,12158.0851420,W,1,0,0.0,0.0000,M,0.0000,M,0.0000,0
$GPRMC,222340.00,A,3718.9708180,N,12158.0851420,W,25.7679,87.8053,101220,,,,
$GPGGA,222341.00,3718.9712920,N,12158.0675380,W,1,0,0.0,0.0000,M,0.0000,M,0.0000,0
$GPRMC,222341.00,A,3718.9712920,N,12158.0675380,W,26.4062,88.1266,101220,,,,
$GPGGA,222342.00,3718.9717840,N,12158.0493160,W,1,0,0.0,0.0000,M,0.0000,M,0.0000,0
$GPRMC,222342.00,A,3718.9717840,N,12158.0493160,W,27.4618,87.7816,101220,,,,
$GPGGA,222343.00,3718.9724020,N,12158.0306380,W,1,0,0.0,0.0000,M,0.0000,M,0.0000,0
$GPRMC,222343.00,A,3718.9724020,N,12158.0306380,W,27.5062,87.4885,101220,,,,
$GPGGA,222344.00,3718.9729780,N,12158.0122120,W,1,0,0.0,0.0000,M,0.0000,M,0.0000,0
$GPRMC,222344.00,A,3718.9729780,N,12158.0122120,W,26.9507,87.8911,101220,,,,
$GPGGA,222345.00,3718.9735360,N,12157.9942060,W,1,0,0.0,0.0000,M,0.0000,M,0.0000,0
$GPRMC,222345.00,A,3718.9735360,N,12157.9942060,W,26.2988,87.6729,101220,,,,
$GPGGA,222346.00,3718.9740940,N,12157.9766320,W,1,0,0.0,0.0000,M,0.0000,M,0.0000,0
$GPRMC,222346.00,A,3718.9740940,N,12157.9766320,W,25.6654,87.6433,101220,,,,
$GPGGA,222347.00,3718.9746460,N,12157.9594300,W,1,0,0.0,0.0000,M,0.0000,M,0.0000,0
$GPRMC,222347.00,A,3718.9746460,N,12157.9594300,W,25.2166,87.6598,101220,,,,
$GPGGA,222348.00,3718.9751860,N,12157.9425340,W,1,0,0.0,0.0000,M,0.0000,M,0.0000,0
$GPRMC,222348.00,A,3718.9751860,N,12157.9425340,W,24.7180,87.6385,101220,,,,
$GPGGA,222349.00,3718.9757140,N,12157.9259860,W,1,0,0.0,0.0000,M,0.0000,M,0.0000,0
$GPRMC,222349.00,A,3718.9757140,N,12157.9259860,W,24.2259,87.6331,101220,,,,
$GPGGA,222350.00,3718.9762300,N,12157.9097380,W,1,0,0.0,0.0000,M,0.0000,M,0.0000,0
$GPRMC,222350.00,A,3718.9762300,N,12157.9097380,W,23.8022,87.5497,101220,,,,
$GPGGA,222351.00,3718.9768000,N,12157.8937960,W,1,0,0.0,0.0000,M,0.0000,M,0.0000,0
$GPRMC,222351.00,A,3718.9768000,N,12157.8937960,W,23.3676,87.2012,101220,,,,
$GPGGA,222352.00,3718.9773220,N,12157.8781300,W,1,0,0.0,0.0000,M,0.0000,M,0.0000,0
$GPRMC,222352.00,A,3718.9773220,N,12157.8781300,W,22.9586,87.9083,101220,,,,
$GPGGA,222353.00,3718.9776760,N,12157.8627400,W,1,0,0.0,0.0000,M,0.0000,M,0.0000,0
$GPRMC,222353.00,A,3718.9776760,N,12157.8627400,W,22.5417,88.6821,101220,,,,
$GPGGA,222354.00,3718.9778980,N,12157.8475480,W,1,0,0.0,0.0000,M,0.0000,M,0.0000,0
$GPRMC,222354.00,A,3718.9778980,N,12157.8475480,W,22.3379,88.9239,101220,,,,
$GPGGA,222355.00,3718.9781020,N,12157.8325060,W,1,0,0.0,0.0000,M,0.0000,M,0.0000,0
$GPRMC,222355.00,A,3718.9781020,N,12157.8325060,W,22.1220,89.1957,101220,,,,
$GPGGA,222356.00,3718.9781680,N,12157.8176140,W,1,0,0.0,0.0000,M,0.0000,M,0.0000,0
$GPRMC,222356.00,A,3718.9781680,N,12157.8176140,W,21.8642,90.0418,101220,,,,
$GPGGA,222357.00,3718.9780120,N,12157.8029440,W,1,0,0.0,0.0000,M,0.0000,M,0.0000,0
$GPRMC,222357.00,A,3718.9780120,N,12157.8029440,W,21.4263,91.1106,101220,,,,
$GPGGA,222358.00,3718.9777900,N,12157.7886520,W,1,0,0.0,0.0000,M,0.0000,M,0.0000,0
$GPRMC,222358.00,A,3718.9777900,N,12157.7886520,W,20.8218,91.0020,101220,,,,
$GPGGA,222359.00,3718.9776100,N,12157.7747920,W,1,0,0.0,0.0000,M,0.0000,M,0.0000,0
$GPRMC,222359.00,A,3718.9776100,N,12157.7747920,W,20.1269,90.6957,101220,,,,
$GPGGA,222400.00,3718.9774480,N,12157.7613580,W,1,0,0.0,0.0000,M,0.0000,M,0.0000,0
$GPRMC,222400.00,A,3718.9774480,N,12157.7613580,W,19.6679,90.8547,101220,,,,
$GPGGA,222401.00,3718.9772560,N,12157.7480920,W,1,0,0.0,0.0000,M,0.0000,M,0.0000,0
$GPRMC,222401.00,A,3718.9772560,N,12157.7480920,W,19.5391,90.8959,101220,,,,
$GPGGA,222402.00,3718.9770880,N,12157.7348440,W,1,0,0.0,0.0000,M,0.0000,M,0.0000,0
$GPRMC,222402.00,A,3718.9770880,N,12157.7348440,W,19.6773,90.7584,101220,,,,
$GPGGA,222403.00,3718.9769620,N,12157.7213740,W,1,0,0.0,0.0000,M,0.0000,M,0.0000,0
$GPRMC,222403.00,A,3718.9769620,N,12157.7213740,W,20.1965,90.7431,101220,,,,
$GPGGA,222404.00,3718.9767400,N,12157.7074480,W,1,0,0.0,0.0000,M,0.0000,M,0.0000,0
$GPRMC,222404.00,A,3718.9767400,N,12157.7074480,W,20.9904,91.1124,101220,,,,
$GPGGA,222405.00,3718.9765120,N,12157.6929460,W,1,0,0.0,0.0000,M,0.0000,M,0.0000,0
$GPRMC,222405.00,A,3718.9765120,N,12157.6929460,W,21.8601,90.7440,101220,,,,
$GPGGA,222406.00,3718.9763260,N,12157.6778620,W,1,0,0.0,0.0000,M,0.0000,M,0.0000,0
$GPRMC,222406.00,A,3718.9763260,N,12157.6778620,W,22.7036,90.7286,101220,,,,
$GPGGA,222407.00,3718.9761940,N,12157.6622260,W,1,0,0.0,0.0000,M,0.0000,M,0.0000,0
$GPRMC,222407.00,A,3718.9761940,N,12157.6622260,W,23.4870,90.4340,101220,,,,
$GPGGA,222408.00,3718.9760620,N,12157.6460920,W,1,0,0.0,0.0000,M,0.0000,M,0.0000,0
$GPRMC,222408.00,A,3718.9760620,N,12157.6460920,W,24.0798,90.6278,101220,,,,
$GPGGA,222409.00,3718.9758820,N,12157.6298260,W,1,0,0.0,0.0000,M,0.0000,M,0.0000,0
$GPRMC,222409.00,A,3718.9758820,N,12157.6298260,W,23.9540,90.8478,101220,,,,
$GPGGA,222410.00,3718.9756600,N,12157.6136980,W,1,0,0.0,0.0000,M,0.0000,M,0.0000,0
$GPRMC,222410.00,A,3718.9756600,N,12157.6136980,W,23.7540,90.9736,101220,,,,
$GPGGA,222411.00,3718.9754200,N,12157.5976300,W,1,0,0.0,0.0000,M,0.0000,M,0.0000,0
$GPRMC,222411.00,A,3718.9754200,N,12157.5976300,W,23.7312,90.9647,101220,,,,
$GPGGA,222412.00,3718.9752340,N,12157.5815680,W,1,0,0.0,0.0000,M,0.0000,M,0.0000,0
$GPRMC,222412.00,A,3718.9752340,N,12157.5815680,W,23.7538,90.6242,101220,,,,
$GPGGA,222413.00,3718.9750780,N,12157.5654460,W,1,0,0.0,0.0000,M,0.0000,M,0.0000,0
$GPRMC,222413.00,A,3718.9750780,N,12157.5654460,W,23.8886,90.9118,101220,,,,
$GPGGA,222414.00,3718.9748560,N,12157.5492280,W,1,0,0.0,0.0000,M,0.0000,M,0.0000,0
$GPRMC,222414.00,A,3718.9748560,N,12157.5492280,W,24.0322,90.9042,101220,,,,
$GPGGA,222415.00,3718.9746820,N,12157.5330040,W,1,0,0.0,0.0000,M,0.0000,M,0.0000,0
$GPRMC,222415.00,A,3718.9746820,N,12157.5330040,W,23.8504,90.5687,101220,,,,
$GPGGA,222416.00,3718.9746100,N,12157.5169600,W,1,0,0.0,0.0000,M,0.0000,M,0.0000,0
$GPRMC,222416.00,A,3718.9746100,N,12157.5169600,W,23.5510,90.0070,101220,,,,
$GPGGA,222417.00,3718.9746760,N,12157.5010360,W,1,0,0.0,0.0000,M,0.0000,M,0.0000,0
$GPRMC,222417.00,A,3718.9746760,N,12157.5010360,W,23.5679,89.3866,101220,,,,
$GPGGA,222418.00,3718.9748800,N,12157.4850400,W,1,0,0.0,0.0000,M,0.0000,M,0.0000,0
$GPRMC,222418.00,A,3718.9748800,N,12157.4850400,W,23.7015,88.7806,101220,,,,
$GPGGA,222419.00,3718.9751920,N,12157.4690380,W,1,0,0.0,0.0000,M,0.0000,M,0.0000,0
$GPRMC,222419.00,A,3718.9751920,N,12157.4690380,W,23.5516,88.4208,101220,,,,
$GPGGA,222420.00,3718.9756360,N,12157.4532040,W,1,0,0.0,0.0000,M,0.0000,M,0.0000,0
$GPRMC,222420.00,A,3718.9756360,N,12157.4532040,W,23.2561,87.5309,101220,,,,
$GPGGA,222421.00,3718.9762420,N,12157.4375260,W,1,0,0.0,0.0000,M,0.0000,M,0.0000,0
$GPRMC,222421.00,A,3718.9762420,N,12157.4375260,W,23.2707,86.9507,101220,,,,
$GPGGA,222422.00,3718.9770040,N,12157.4216200,W,1,0,0.0,0.0000,M,0.0000,M,0.0000,0
$GPRMC,222422.00,A,3718.9770040,N,12157.4216200,W,23.9070,86.3058,101220,,,,
$GPGGA,222423.00,3718.9779100,N,12157.4052340,W,1,0,0.0,0.0000,M,0.0000,M,0.0000,0
$GPRMC,222423.00,A,3718.9779100,N,12157.4052340,W,24.5736,85.7400,101220,,,,
$GPGGA,222424.00,3718.9789660,N,12157.3885480,W,1,0,0.0,0.0000,M,0.0000,M,0.0000,0
$GPRMC,222424.00,A,3718.9789660,N,12157.3885480,W,24.8770,85.2661,101220,,,,
$GPGGA,222425.00,3718.9801240,N,12157.3715620,W,1,0,0.0,0.0000,M,0.0000,M,0.0000,0
$GPRMC,222425.00,A,3718.9801240,N,12157.3715620,W,25.5230,84.9225,101220,,,,
$GPGGA,222426.00,3718.9813600,N,12157.3542100,W,1,0,0.0,0.0000,M,0.0000,M,0.0000,0
$GPRMC,222426.00,A,3718.9813600,N,12157.3542100,W,25.9561,84.9571,101220,,,,
$GPGGA,222427.00,3718.9826080,N,12157.3366360,W,1,0,0.0,0.0000,M,0.0000,M,0.0000,0
$GPRMC,222427.00,A,3718.9826080,N,12157.3366360,W,26.0532,84.8616,101220,,,,
$GPGGA,222428.00,3718.9838740,N,12157.3191580,W,1,0,0.0,0.0000,M,0.0000,M,0.0000,0
$GPRMC,222428.00,A,3718.9838740,N,12157.3191580,W,25.7831,84.7993,101220,,,,
$GPGGA,222429.00,3718.9849300,N,12157.3018600,W,1,0,0.0,0.0000,M,0.0000,M,0.0000,0
$GPRMC,222429.00,A,3718.9849300,N,12157.3018600,W,25.5236,86.1631,101220,,,,
$GPGGA,222430.00,3718.9857040,N,12157.2845260,W,1,0,0.0,0.0000,M,0.0000,M,0.0000,0
$GPRMC,222430.00,A,3718.9857040,N,12157.2845260,W,25.7838,87.1712,101220,,,,
$GPGGA,222431.00,3718.9862200,N,12157.2670060,W,1,0,0.0,0.0000,M,0.0000,M,0.0000,0
$GPRMC,222431.00,A,3718.9862200,N,12157.2670060,W,25.9112,88.3185,101220,,,,
$GPGGA,222432.00,3718.9865260,N,12157.2495460,W,1,0,0.0,0.0000,M,0.0000,M,0.0000,0
$GPRMC,222432.00,A,3718.9865260,N,12157.2495460,W,25.6520,88.7540,101220,,,,
$GPGGA,222433.00,3718.9867120,N,12157.2322600,W,1,0,0.0,0.0000,M,0.0000,M,0.0000,0
$GPRMC,222433.00,A,3718.9867120,N,12157.2322600,W,25.3414,88.6510,101220,,,,
$GPGGA,222434.00,3718.9869940,N,12157.2152380,W,1,0,0.0,0.0000,M,0.0000,M,0.0000,0
$GPRMC,222434.00,A,3718.9869940,N,12157.2152380,W,24.9415,88.5484,101220,,,,
$GPGGA,222435.00,3718.9872820,N,12157.1985040,W,1,0,0.0,0.0000,M,0.0000,M,0.0000,0
$GPRMC,222435.00,A,3718.9872820,N,12157.1985040,W,24.5135,88.4532,101220,,,,
$GPGGA,222436.00,3718.9876360,N,12157.1820760,W,1,0,0.0,0.0000,M,0.0000,M,0.0000,0
$GPRMC,222436.00,A,3718.9876360,N,12157.1820760,W,24.0666,88.1649,101220,,,,
$GPGGA,222437.00,3718.9879780,N,12157.1659300,W,1,0,0.0,0.0000,M,0.0000,M,0.0000,0
$GPRMC,222437.00,A,3718.9879780,N,12157.1659300,W,23.6318,88.2319,101220,,,,
$GPGGA,222438.00,3718.9882840,N,12157.1501440,W,1,0,0.0,0.0000,M,0.0000,M,0.0000,0
$GPRMC,222438.00,A,3718.9882840,N,12157.1501440,W,22.8881,88.5101,101220,,,,
$GPGGA,222439.00,3718.9885300,N,12157.1353540,W,1,0,0.0,0.0000,M,0.0000,M,0.0000,0
$GPRMC,222439.00,A,3718.9885300,N,12157.1353540,W,20.5199,88.5916,101220,,,,
$GPGGA,222440.00,3718.9887100,N,12157.1224420,W,1,0,0.0,0.0000,M,0.0000,M,0.0000,0
$GPRMC,222440.00,A,3718.9887100,N,12157.1224420,W,17.6738,88.7401,101220,,,,
$GPGGA,222441.00,3718.9888480,N,12157.1114440,W,1,0,0.0,0.0000,M,0.0000,M,0.0000,0
$GPRMC,222441.00,A,3718.9888480,N,12157.1114440,W,14.9049,88.6449,101220,,,,
$GPGGA,222442.00,3718.9888480,N,12157.1022760,W,1,0,0.0,0.0000,M,0.0000,M,0.0000,0
$GPRMC,222442.00,A,3718.9888480,N,12157.1022760,W,12.0759,91.0901,101220,,,,
$GPGGA,222443.00,3718.9877560,N,12157.0951900,W,1,0,0.0,0.0000,M,0.0000,M,0.0000,0
$GPRMC,222443.00,A,3718.9877560,N,12157.0951900,W,9.3403,106.7072,101220,,,,
$GPGGA,222444.00,3718.9854160,N,12157.0901620,W,1,0,0.0,0.0000,M,0.0000,M,0.0000,0
$GPRMC,222444.00,A,3718.9854160,N,12157.0901620,W,7.7650,125.5682,101220,,,,
$GPGGA,222445.00,3718.9823260,N,12157.0872640,W,1,0,0.0,0.0000,M,0.0000,M,0.0000,0
$GPRMC,222445.00,A,3718.9823260,N,12157.0872640,W,6.2876,147.3776,101220,,,,
$GPGGA,222446.00,3718.9794160,N,12157.0861240,W,1,0,0.0,0.0000,M,0.0000,M,0.0000,0
$GPRMC,222446.00,A,3718.9794160,N,12157.0861240,W,4.6996,163.5073,101220,,,,
$GPGGA,222447.00,3718.9773580,N,12157.0856440,W,1,0,0.0,0.0000,M,0.0000,M,0.0000,0
$GPRMC,222447.00,A,3718.9773580,N,12157.0856440,W,2.9683,168.3755,101220,,,,
$GPGGA,222448.00,3718.9762660,N,12157.0854160,W,1,0,0.0,0.0000,M,0.0000,M,0.0000,0
$GPRMC,222448.00,A,3718.9762660,N,12157.0854160,W,1.0930,168.8497,101220,,,,
$GPGGA,222449.00,3718.9760980,N,12157.0853980,W,1,0,0.0,0.0000,M,0.0000,M,0.0000,0
$GPRMC,222449.00,A,3718.9760980,N,12157.0853980,W,0.0683,168.8739,101220,,,,
$GPGGA,222450.00,3718.9760680,N,12157.0854100,W,1,0,0.0,0.0000,M,0.0000,M,0.0000,0
$GPRMC,222450.00,A,3718.9760680,N,12157.0854100,W,0.0566,168.8706,101220,,,,
$GPGGA,222451.00,3718.9760500,N,12157.0854220,W,1,0,0.0,0.0000,M,0.0000,M,0.0000,0
$GPRMC,222451.00,A,3718.9760500,N,12157.0854220,W,0.0478,168.8699,101220,,,,
$GPGGA,222452.00,3718.9760380,N,12157.0854280,W,1,0,0.0,0.0000,M,0.0000,M,0.0000,0
$GPRMC,222452.00,A,3718.9760380,N,12157.0854280,W,0.0402,168.8691,101220,,,,
$GPGGA,222453.00,3718.9760380,N,12157.0854280,W,1,0,0.0,0.0000,M,0.0000,M,0.0000,0
$GPRMC,222453.00,A,3718.9760380,N,12157.0854280,W,0.0326,168.8684,101220,,,,
$GPGGA,222454.00,3718.9760380,N,12157.0854280,W,1,0,0.0,0.0000,M,0.0000,M,0.0000,0
$GPRMC,222454.00,A,3718.9760380,N,12157.0854280,W,0.0253,168.8676,101220,,,,
$GPGGA,222455.00,3718.9760380,N,12157.0854280,W,1,0,0.0,0.0000,M,0.0000,M,0.0000,0
$GPRMC,222455.00,A,3718.9760380,N,12157.0854280,W,0.0209,168.8671,101220,,,,
$GPGGA,222456.00,3718.9760380,N,12157.0854280,W,1,0,0.0,0.0000,M,0.0000,M,0.0000,0
$GPRMC,222456.00,A,3718.9760380,N,12157.0854280,W,0.0158,168.8667,101220,,,,
$GPGGA,222457.00,3718.9760380,N,12157.0854280,W,1,0,0.0,0.0000,M,0.0000,M,0.0000,0
$GPRMC,222457.00,A,3718.9760380,N,12157.0854280,W,0.0114,168.8661,101220,,,,
$GPGGA,222458.00,3718.9760380,N,12157.0854280,W,1,0,0.0,0.0000,M,0.0000,M,0.0000,0
$GPRMC,222458.00,A,3718.9760380,N,12157.0854280,W,0.0073,168.8654,101220,,,,
$GPGGA,222459.00,3718.9760380,N,12157.0854280,W,1,0,0.0,0.0000,M,0.0000,M,0.0000,0
$GPRMC,222459.00,A,3718.9760380,N,12157.0854280,W,0.0041,168.8647,101220,,,,
$GPGGA,222500.00,3718.9760380,N,12157.0854280,W,1,0,0.0,0.0000,M,0.0000,M,0.0000,0
$GPRMC,222500.00,A,3718.9760380,N,12157.0854280,W,0.0010,168.8638,101220,,,,
$GPGGA,222501.00,3718.9760380,N,12157.0854280,W,1,0,0.0,0.0000,M,0.0000,M,0.0000,0
$GPRMC,222501.00,A,3718.9760380,N,12157.0854280,W,0.0045,168.8633,101220,,,,
$GPGGA,222502.00,3718.9760380,N,12157.0854280,W,1,0,0.0,0.0000,M,0.0000,M,0.0000,0
$GPRMC,222502.00,A,3718.9760380,N,12157.0854280,W,0.0076,168.8627,101220,,,,
$GPGGA,222503.00,3718.9760380,N,12157.0854280,W,1,0,0.0,0.0000,M,0.0000,M,0.0000,0
$GPRMC,222503.00,A,3718.9760380,N,12157.0854280,W,0.0108,168.8619,101220,,,,
$GPGGA,222504.00,3718.9760440,N,12157.0854280,W,1,0,0.0,0.0000,M,0.0000,M,0.0000,0
$GPRMC,222504.00,A,3718.9760440,N,12157.0854280,W,0.0136,168.8610,101220,,,,
$GPGGA,222505.00,3718.9760500,N,12157.0854220,W,1,0,0.0,0.0000,M,0.0000,M,0.0000,0
$GPRMC,222505.00,A,3718.9760500,N,12157.0854220,W,0.0184,168.8603,101220,,,,
$GPGGA,222506.00,3718.9760620,N,12157.0854160,W,1,0,0.0,0.0000,M,0.0000,M,0.0000,0
$GPRMC,222506.00,A,3718.9760620,N,12157.0854160,W,0.0250,168.8596,101220,,,,
$GPGGA,222507.00,3718.9760800,N,12157.0854100,W,1,0,0.0,0.0000,M,0.0000,M,0.0000,0
$GPRMC,222507.00,A,3718.9760800,N,12157.0854100,W,0.0313,168.8591,101220,,,,
$GPGGA,222508.00,3718.9761040,N,12157.0853980,W,1,0,0.0,0.0000,M,0.0000,M,0.0000,0
$GPRMC,222508.00,A,3718.9761040,N,12157.0853980,W,0.0389,168.8586,101220,,,,
$GPGGA,222509.00,3718.9761280,N,12157.0853860,W,1,0,0.0,0.0000,M,0.0000,M,0.0000,0
$GPRMC,222509.00,A,3718.9761280,N,12157.0853860,W,0.0481,168.8577,101220,,,,
$GPGGA,222510.00,3718.9760920,N,12157.0853500,W,1,0,0.0,0.0000,M,0.0000,M,0.0000,0
$GPRMC,222510.00,A,3718.9760920,N,12157.0853500,W,0.4327,168.8700,101220,,,,
$GPGGA,222511.00,3718.9754080,N,12157.0851400,W,1,0,0.0,0.0000,M,0.0000,M,0.0000,0
$GPRMC,222511.00,A,3718.9754080,N,12157.0851400,W,2.3642,168.5055,101220,,,,
$GPGGA,222512.00,3718.9737760,N,12157.0843540,W,1,0,0.0,0.0000,M,0.0000,M,0.0000,0
$GPRMC,222512.00,A,3718.9737760,N,12157.0843540,W,4.1600,160.5538,101220,,,,
$GPGGA,222513.00,3718.9716460,N,12157.0824580,W,1,0,0.0,0.0000,M,0.0000,M,0.0000,0
$GPRMC,222513.00,A,3718.9716460,N,12157.0824580,W,5.7671,144.5665,101220,,,,
$GPGGA,222514.00,3718.9695340,N,12157.0790740,W,1,0,0.0,0.0000,M,0.0000,M,0.0000,0
$GPRMC,222514.00,A,3718.9695340,N,12157.0790740,W,6.8668,124.9226,101220,,,,
$GPGGA,222515.00,3718.9682800,N,12157.0747780,W,1,0,0.0,0.0000,M,0.0000,M,0.0000,0
$GPRMC,222515.00,A,3718.9682800,N,12157.0747780,W,6.7568,107.5573,101220,,,,
$GPGGA,222516.00,3718.9681300,N,12157.0702180,W,1,0,0.0,0.0000,M,0.0000,M,0.0000,0
$GPRMC,222516.00,A,3718.9681300,N,12157.0702180,W,7.1758,90.8547,101220,,,,
$GPGGA,222517.00,3718.9681840,N,12157.0649980,W,1,0,0.0,0.0000,M,0.0000,M,0.0000,0
$GPRMC,222517.00,A,3718.9681840,N,12157.0649980,W,8.3491,90.3499,101220,,,,
$GPGGA,222518.00,3718.9681300,N,12157.0585600,W,1,0,0.0,0.0000,M,0.0000,M,0.0000,0
$GPRMC,222518.00,A,3718.9681300,N,12157.0585600,W,10.7700,91.2230,101220,,,,
$GPGGA,222519.00,3718.9679500,N,12157.0507240,W,1,0,0.0,0.0000,M,0.0000,M,0.0000,0
$GPRMC,222519.00,A,3718.9679500,N,12157.0507240,W,11.8901,92.2998,101220,,,,
$GPGGA,222520.00,3718.9677220,N,12157.0427080,W,1,0,0.0,0.0000,M,0.0000,M,0.0000,0
$GPRMC,222520.00,A,3718.9677220,N,12157.0427080,W,11.7735,92.0402,101220,,,,
$GPGGA,222521.00,3718.9675060,N,12157.0348240,W,1,0,0.0,0.0000,M,0.0000,M,0.0000,0
$GPRMC,222521.00,A,3718.9675060,N,12157.0348240,W,11.5405,92.3884,101220,,,,
$GPGGA,222522.00,3718.9672660,N,12157.0272100,W,1,0,0.0,0.0000,M,0.0000,M,0.0000,0
$GPRMC,222522.00,A,3718.9672660,N,12157.0272100,W,10.6333,92.5382,101220,,,,
$GPGGA,222523.00,3718.9672300,N,12157.0206520,W,1,0,0.0,0.0000,M,0.0000,M,0.0000,0
$GPRMC,222523.00,A,3718.9672300,N,12157.0206520,W,8.9044,88.2653,101220,,,,
$GPGGA,222524.00,3718.9679920,N,12157.0150240,W,1,0,0.0,0.0000,M,0.0000,M,0.0000,0
$GPRMC,222524.00,A,3718.9679920,N,12157.0150240,W,8.1852,77.2503,101220,,,,
$GPGGA,222525.00,3718.9699300,N,12157.0104820,W,1,0,0.0,0.0000,M,0.0000,M,0.0000,0
$GPRMC,222525.00,A,3718.9699300,N,12157.0104820,W,7.3893,57.2924,101220,,,,
$GPGGA,222526.00,3718.9729960,N,12157.0076080,W,1,0,0.0,0.0000,M,0.0000,M,0.0000,0
$GPRMC,222526.00,A,3718.9729960,N,12157.0076080,W,7.1953,31.4934,101220,,,,
$GPGGA,222527.00,3718.9767880,N,12157.0067440,W,1,0,0.0,0.0000,M,0.0000,M,0.0000,0
$GPRMC,222527.00,A,3718.9767880,N,12157.0067440,W,7.5012,6.3063,101220,,,,
$GPGGA,222528.00,3718.9810060,N,12157.0068580,W,1,0,0.0,0.0000,M,0.0000,M,0.0000,0
$GPRMC,222528.00,A,3718.9810060,N,12157.0068580,W,8.2224,359.3953,101220,,,,
$GPGGA,222529.00,3718.9856680,N,12157.0070260,W,1,0,0.0,0.0000,M,0.0000,M,0.0000,0
$GPRMC,222529.00,A,3718.9856680,N,12157.0070260,W,9.0080,358.9077,101220,,,,
$GPGGA,222530.00,3718.9905700,N,12157.0071580,W,1,0,0.0,0.0000,M,0.0000,M,0.0000,0
$GPRMC,222530.00,A,3718.9905700,N,12157.0071580,W,9.0478,359.2938,101220,,,,
$GPGGA,222531.00,3718.9954240,N,12157.0072660,W,1,0,0.0,0.0000,M,0.0000,M,0.0000,0
$GPRMC,222531.00,A,3718.9954240,N,12157.0072660,W,8.9416,359.2977,101220,,,,
$GPGGA,222532.00,3719.0001400,N,12157.0073740,W,1,0,0.0,0.0000,M,0.0000,M,0.0000,0
$GPRMC,222532.00,A,3719.0001400,N,12157.0073740,W,8.4150,359.6107,101220,,,,
$GPGGA,222533.00,3719.0044360,N,12157.0074040,W,1,0,0.0,0.0000,M,0.0000,M,0.0000,0
$GPRMC,222533.00,A,3719.0044360,N,12157.0074040,W,7.2983,359.9324,101220,,,,
$GPGGA,222534.00,3719.0078920,N,12157.0074220,W,1,0,0.0,0.0000,M,0.0000,M,0.0000,0
$GPRMC,222534.00,A,3719.0078920,N,12157.0074220,W,5.4511,0.0987,101220,,,,
$GPGGA,222535.00,3719.0102620,N,12157.0074400,W,1,0,0.0,0.0000,M,0.0000,M,0.0000,0
$GPRMC,222535.00,A,3719.0102620,N,12157.0074400,W,3.3781,0.0959,101220,,,,
$GPGGA,222536.00,3719.0116300,N,12157.0074400,W,1,0,0.0,0.0000,M,0.0000,M,0.0000,0
$GPRMC,222536.00,A,3719.0116300,N,12157.0074400,W,1.8081,0.2633,101220,,,,
$GPGGA,222537.00,3719.0122120,N,12157.0074460,W,1,0,0.0,0.0000,M,0.0000,M,0.0000,0
$GPRMC,222537.00,A,3719.0122120,N,12157.0074460,W,0.3552,0.3268,101220,,,,
$GPGGA,222538.00,3719.0122360,N,12157.0074520,W,1,0,0.0,0.0000,M,0.0000,M,0.0000,0
$GPRMC,222538.00,A,3719.0122360,N,12157.0074520,W,0.0090,0.3309,101220,,,,
$GPGGA,222539.00,3719.0122360,N,12157.0074520,W,1,0,0.0,0.0000,M,0.0000,M,0.0000,0
$GPRMC,222539.00,A,3719.0122360,N,12157.0074520,W,0.0064,0.3283,101220,,,,
$GPGGA,222540.00,3719.0122360,N,12157.0074520,W,1,0,0.0,0.0000,M,0.0000,M,0.0000,0
$GPRMC,222540.00,A,3719.0122360,N,12157.0074520,W,0.0032,0.3268,101220,,,,
$GPGGA,222541.00,3719.0122360,N,12157.0074520,W,1,0,0.0,0.0000,M,0.0000,M,0.0000,0
$GPRMC,222541.00,A,3719.0122360,N,12157.0074520,W,0.0030,0.3257,101220,,,,
$GPGGA,222542.00,3719.0122360,N,12157.0074520,W,1,0,0.0,0.0000,M,0.0000,M,0.0000,0
$GPRMC,222542.00,A,3719.0122360,N,12157.0074520,W,0.0032,0.3246,101220,,,,
$GPGGA,222543.00,3719.0122360,N,12157.0074520,W,1,0,0.0,0.0000,M,0.0000,M,0.0000,0
$GPRMC,222543.00,A,3719.0122360,N,12157.0074520,W,0.0045,0.3234,101220,,,,
$GPGGA,222544.00,3719.0122360,N,12157.0074520,W,1,0,0.0,0.0000,M,0.0000,M,0.0000,0
$GPRMC,222544.00,A,3719.0122360,N,12157.0074520,W,0.0042,0.3225,101220,,,,
$GPGGA,222545.00,3719.0122360,N,12157.0074520,W,1,0,0.0,0.0000,M,0.0000,M,0.0000,0
$GPRMC,222545.00,A,3719.0122360,N,12157.0074520,W,0.0050,0.3214,101220,,,,
$GPGGA,222546.00,3719.0122360,N,12157.0074520,W,1,0,0.0,0.0000,M,0.0000,M,0.0000,0
$GPRMC,222546.00,A,3719.0122360,N,12157.0074520,W,0.0064,0.3203,101220,,,,
$GPGGA,222547.00,3719.0122360,N,12157.0074520,W,1,0,0.0,0.0000,M,0.0000,M,0.0000,0
$GPRMC,222547.00,A,3719.0122360,N,12157.0074520,W,0.0064,0.3192,101220,,,,
$GPGGA,222548.00,3719.0122300,N,12157.0074520,W,1,0,0.0,0.0000,M,0.0000,M,0.0000,0
$GPRMC,222548.00,A,3719.0122300,N,12157.0074520,W,0.0064,0.3184,101220,,,,
$GPGGA,222549.00,3719.0122840,N,12157.0074460,W,1,0,0.0,0.0000,M,0.0000,M,0.0000,0
$GPRMC,222549.00,A,3719.0122840,N,12157.0074460,W,0.2831,0.3240,101220,,,,
$GPGGA,222550.00,3719.0125480,N,12157.0074400,W,1,0,0.0,0.0000,M,0.0000,M,0.0000,0
$GPRMC,222550.00,A,3719.0125480,N,12157.0074400,W,0.6351,0.3214,101220,,,,
$GPGGA,222551.00,3719.0128840,N,12157.0074340,W,1,0,0.0,0.0000,M,0.0000,M,0.0000,0
$GPRMC,222551.00,A,3719.0128840,N,12157.0074340,W,0.5620,0.3176,101220,,,,
$GPGGA,222552.00,3719.0131420,N,12157.0074340,W,1,0,0.0,0.0000,M,0.0000,M,0.0000,0
$GPRMC,222552.00,A,3719.0131420,N,12157.0074340,W,0.3781,0.3147,101220,,,,
$GPGGA,222553.00,3719.0132920,N,12157.0074280,W,1,0,0.0,0.0000,M,0.0000,M,0.0000,0
$GPRMC,222553.00,A,3719.0132920,N,12157.0074280,W,0.1471,0.3100,101220,,,,
$GPGGA,222554.00,3719.0133160,N,12157.0074280,W,1,0,0.0,0.0000,M,0.0000,M,0.0000,0
$GPRMC,222554.00,A,3719.0133160,N,12157.0074280,W,0.0063,0.3094,101220,,,,
$GPGGA,222555.00,3719.0133160,N,12157.0074280,W,1,0,0.0,0.0000,M,0.0000,M,0.0000,0
$GPRMC,222555.00,A,3719.0133160,N,12157.0074280,W,0.0064,0.3078,101220,,,,
$GPGGA,222556.00,3719.0133160,N,12157.0074280,W,1,0,0.0,0.0000,M,0.0000,M,0.0000,0
$GPRMC,222556.00,A,3719.0133160,N,12157.0074280,W,0.0064,0.3067,101220,,,,
$GPGGA,222557.00,3719.0133160,N,12157.0074280,W,1,0,0.0,0.0000,M,0.0000,M,0.0000,0
$GPRMC,222557.00,A,3719.0133160,N,12157.0074280,W,0.0064,0.3055,101220,,,,
$GPGGA,222558.00,3719.0133160,N,12157.0074280,W,1,0,0.0,0.0000,M,0.0000,M,0.0000,0
$GPRMC,222558.00,A,3719.0133160,N,12157.0074280,W,0.0050,0.3047,101220,,,,
$GPGGA,222559.00,3719.0133160,N,12157.0074280,W,1,0,0.0,0.0000,M,0.0000,M,0.0000,0
$GPRMC,222559.00,A,3719.0133160,N,12157.0074280,W,0.0057,0.3039,101220,,,,
$GPGGA,222600.00,3719.0133160,N,12157.0074280,W,1,0,0.0,0.0000,M,0.0000,M,0.0000,0
$GPRMC,222600.00,A,3719.0133160,N,12157.0074280,W,0.0050,0.3030,101220,,,,
$GPGGA,222601.00,3719.0133160,N,12157.0074280,W,1,0,0.0,0.0000,M,0.0000,M,0.0000,0
$GPRMC,222601.00,A,3719.0133160,N,12157.0074280,W,0.0050,0.3021,101220,,,,
$GPGGA,222602.00,3719.0133160,N,12157.0074280,W,1,0,0.0,0.0000,M,0.0000,M,0.0000,0
$GPRMC,222602.00,A,3719.0133160,N,12157.0074280,W,0.0045,0.3012,101220,,,,
$GPGGA,222603.00,3719.0133160,N,12157.0074280,W,1,0,0.0,0.0000,M,0.0000,M,0.0000,0
$GPRMC,222603.00,A,3719.0133160,N,12157.0074280,W,0.0054,0.3003,101220,,,,
$GPGGA,222604.00,3719.0133160,N,12157.0074280,W,1,0,0.0,0.0000,M,0.0000,M,0.0000,0
$GPRMC,222604.00,A,3719.0133160,N,12157.0074280,W,0.0054,0.2989,101220,,,,
$GPGGA,222605.00,3719.0133160,N,12157.0074280,W,1,0,0.0,0.0000,M,0.0000,M,0.0000,0
$GPRMC,222605.00,A,3719.0133160,N,12157.0074280,W,0.0045,0.2977,101220,,,,
$GPGGA,222606.00,3719.0133160,N,12157.0074280,W,1,0,0.0,0.0000,M,0.0000,M,0.0000,0
$GPRMC,222606.00,A,3719.0133160,N,12157.0074280,W,0.0045,0.2968,101220,,,,
$GPGGA,222607.00,3719.0133160,N,12157.0074280,W,1,0,0.0,0.0000,M,0.0000,M,0.0000,0
$GPRMC,222607.00,A,3719.0133160,N,12157.0074280,W,0.0045,0.2958,101220,,,,
$GPGGA,222608.00,3719.0133160,N,12157.0074280,W,1,0,0.0,0.0000,M,0.0000,M,0.0000,0
$GPRMC,222608.00,A,3719.0133160,N,12157.0074280,W,0.0045,0.2950,101220,,,,
$GPGGA,222609.00,3719.0133160,N,12157.0074280,W,1,0,0.0,0.0000,M,0.0000,M,0.0000,0
$GPRMC,222609.00,A,3719.0133160,N,12157.0074280,W,0.0045,0.2940,101220,,,,
$GPGGA,222610.00,3719.0133160,N,12157.0074280,W,1,0,0.0,0.0000,M,0.0000,M,0.0000,0
$GPRMC,222610.00,A,3719.0133160,N,12157.0074280,W,0.0045,0.2930,101220,,,,
$GPGGA,222611.00,3719.0133160,N,12157.0074280,W,1,0,0.0,0.0000,M,0.0000,M,0.0000,0
$GPRMC,222611.00,A,3719.0133160,N,12157.0074280,W,0.0054,0.2917,101220,,,,
$GPGGA,222612.00,3719.0133160,N,12157.0074280,W,1,0,0.0,0.0000,M,0.0000,M,0.0000,0
$GPRMC,222612.00,A,3719.0133160,N,12157.0074280,W,0.0054,0.2907,101220,,,,
$GPGGA,222613.00,3719.0133160,N,12157.0074280,W,1,0,0.0,0.0000,M,0.0000,M,0.0000,0
$GPRMC,222613.00,A,3719.0133160,N,12157.0074280,W,0.0054,0.2897,101220,,,,
$GPGGA,222614.00,3719.0133160,N,12157.0074280,W,1,0,0.0,0.0000,M,0.0000,M,0.0000,0
$GPRMC,222614.00,A,3719.0133160,N,12157.0074280,W,0.0058,0.2888,101220,,,,
$GPGGA,222615.00,3719.0133160,N,12157.0074280,W,1,0,0.0,0.0000,M,0.0000,M,0.0000,0
$GPRMC,222615.00,A,3719.0133160,N,12157.0074280,W,0.0064,0.2880,101220,,,,
$GPGGA,222616.00,3719.0133160,N,12157.0074280,W,1,0,0.0,0.0000,M,0.0000,M,0.0000,0
$GPRMC,222616.00,A,3719.0133160,N,12157.0074280,W,0.0071,0.2869,101220,,,,
$GPGGA,222617.00,3719.0133160,N,12157.0074280,W,1,0,0.0,0.0000,M,0.0000,M,0.0000,0
$GPRMC,222617.00,A,3719.0133160,N,12157.0074280,W,0.0103,0.2849,101220,,,,
$GPGGA,222618.00,3719.0133160,N,12157.0074280,W,1,0,0.0,0.0000,M,0.0000,M,0.0000,0
$GPRMC,222618.00,A,3719.0133160,N,12157.0074280,W,0.0103,0.2839,101220,,,,
$GPGGA,222619.00,3719.0133160,N,12157.0074280,W,1,0,0.0,0.0000,M,0.0000,M,0.0000,0
$GPRMC,222619.00,A,3719.0133160,N,12157.0074280,W,0.0125,0.2830,101220,,,,
$GPGGA,222620.00,3719.0133100,N,12157.0074280,W,1,0,0.0,0.0000,M,0.0000,M,0.0000,0
$GPRMC,222620.00,A,3719.0133100,N,12157.0074280,W,0.0139,0.2821,101220,,,,
$GPGGA,222621.00,3719.0133100,N,12157.0074280,W,1,0,0.0,0.0000,M,0.0000,M,0.0000,0
$GPRMC,222621.00,A,3719.0133100,N,12157.0074280,W,0.0139,0.2821,101220,,,,
$GPGGA,222622.00,3719.0134660,N,12157.0074220,W,1,0,0.0,0.0000,M,0.0000,M,0.0000,0
$GPRMC,222622.00,A,3719.0134660,N,12157.0074220,W,0.6930,0.2805,101220,,,,
$GPGGA,222623.00,3719.0140300,N,12157.0074220,W,1,0,0.0,0.0000,M,0.0000,M,0.0000,0
$GPRMC,222623.00,A,3719.0140300,N,12157.0074220,W,1.3240,0.2678,101220,,,,
$GPGGA,222624.00,3719.0148280,N,12157.0074220,W,1,0,0.0,0.0000,M,0.0000,M,0.0000,0
$GPRMC,222624.00,A,3719.0148280,N,12157.0074220,W,1.6380,0.2555,101220,,,,
$GPGGA,222625.00,3719.0157880,N,12157.0074280,W,1,0,0.0,0.0000,M,0.0000,M,0.0000,0
$GPRMC,222625.00,A,3719.0157880,N,12157.0074280,W,1.9650,0.1937,101220,,,,
$GPGGA,222626.00,3719.0170960,N,12157.0074340,W,1,0,0.0,0.0000,M,0.0000,M,0.0000,0
$GPRMC,222626.00,A,3719.0170960,N,12157.0074340,W,2.9010,0.1416,101220,,,,
$GPGGA,222627.00,3719.0190460,N,12157.0074340,W,1,0,0.0,0.0000,M,0.0000,M,0.0000,0
$GPRMC,222627.00,A,3719.0190460,N,12157.0074340,W,4.3610,0.0660,101220,,,,
$GPGGA,222628.00,3719.0218480,N,12157.0074460,W,1,0,0.0,0.0000,M,0.0000,M,0.0000,0
$GPRMC,222628.00,A,3719.0218480,N,12157.0074460,W,5.7570,0.0461,101220,,,,
$GPGGA,222629.00,3719.0249920,N,12157.0074640,W,1,0,0.0,0.0000,M,0.0000,M,0.0000,0
$GPRMC,222629.00,A,3719.0249920,N,12157.0074640,W,5.7700,0.1055,101220,,,,
$GPGGA,222630.00,3719.0280940,N,12157.0076200,W,1,0,0.0,0.0000,M,0.0000,M,0.0000,0
$GPRMC,222630.00,A,3719.0280940,N,12157.0076200,W,5.9049,356.8865,101220,,,,
$GPGGA,222631.00,3719.0312440,N,12157.0085800,W,1,0,0.0,0.0000,M,0.0000,M,0.0000,0
$GPRMC,222631.00,A,3719.0312440,N,12157.0085800,W,6.1131,344.0021,101220,,,,
$GPGGA,222632.00,3719.0339500,N,12157.0107520,W,1,0,0.0,0.0000,M,0.0000,M,0.0000,0
$GPRMC,222632.00,A,3719.0339500,N,12157.0107520,W,6.1457,325.1110,101220,,,,
$GPGGA,222633.00,3719.0360140,N,12157.0141480,W,1,0,0.0,0.0000,M,0.0000,M,0.0000,0
$GPRMC,222633.00,A,3719.0360140,N,12157.0141480,W,6.8113,304.5200,101220,,,,
$GPGGA,222634.00,3719.0370460,N,12157.0188100,W,1,0,0.0,0.0000,M,0.0000,M,0.0000,0
$GPRMC,222634.00,A,3719.0370460,N,12157.0188100,W,7.7761,281.2475,101220,,,,
$GPGGA,222635.00,3719.0367880,N,12157.0243840,W,1,0,0.0,0.0000,M,0.0000,M,0.0000,0
$GPRMC,222635.00,A,3719.0367880,N,12157.0243840,W,8.8933,264.8035,101220,,,,
$GPGGA,222636.00,3719.0361760,N,12157.0308700,W,1,0,0.0,0.0000,M,0.0000,M,0.0000,0
$GPRMC,222636.00,A,3719.0361760,N,12157.0308700,W,10.6009,263.8820,101220,,,,
$GPGGA,222637.00,3719.0354860,N,12157.0386580,W,1,0,0.0,0.0000,M,0.0000,M,0.0000,0
$GPRMC,222637.00,A,3719.0354860,N,12157.0386580,W,12.4503,264.0040,101220,,,,
$GPGGA,222638.00,3719.0347000,N,12157.0475260,W,1,0,0.0,0.0000,M,0.0000,M,0.0000,0
$GPRMC,222638.00,A,3719.0347000,N,12157.0475260,W,13.8633,263.8414,101220,,,,
$GPGGA,222639.00,3719.0338000,N,12157.0572280,W,1,0,0.0,0.0000,M,0.0000,M,0.0000,0
$GPRMC,222639.00,A,3719.0338000,N,12157.0572280,W,15.0151,263.6442,101220,,,,
$GPGGA,222640.00,3719.0328580,N,12157.0676980,W,1,0,0.0,0.0000,M,0.0000,M,0.0000,0
$GPRMC,222640.00,A,3719.0328580,N,12157.0676980,W,16.0521,263.8676,101220,,,,
$GPGGA,222641.00,3719.0319100,N,12157.0787140,W,1,0,0.0,0.0000,M,0.0000,M,0.0000,0
$GPRMC,222641.00,A,3719.0319100,N,12157.0787140,W,16.5757,264.1604,101220,,,,
$GPGGA,222642.00,3719.0309500,N,12157.0899700,W,1,0,0.0,0.0000,M,0.0000,M,0.0000,0
$GPRMC,222642.00,A,3719.0309500,N,12157.0899700,W,16.9020,263.8042,101220,,,,
$GPGGA,222643.00,3719.0299060,N,12157.1015020,W,1,0,0.0,0.0000,M,0.0000,M,0.0000,0
$GPRMC,222643.00,A,3719.0299060,N,12157.1015020,W,17.4207,263.7310,101220,,,,
$GPGGA,222644.00,3719.0287480,N,12157.1134480,W,1,0,0.0,0.0000,M,0.0000,M,0.0000,0
$GPRMC,222644.00,A,3719.0287480,N,12157.1134480,W,18.0850,262.8288,101220,,,,
$GPGGA,222645.00,3719.0274340,N,12157.1255680,W,1,0,0.0,0.0000,M,0.0000,M,0.0000,0
$GPRMC,222645.00,A,3719.0274340,N,12157.1255680,W,18.0146,262.2187,101220,,,,
$GPGGA,222646.00,3719.0260780,N,12157.1375740,W,1,0,0.0,0.0000,M,0.0000,M,0.0000,0
$GPRMC,222646.00,A,3719.0260780,N,12157.1375740,W,17.8313,261.8400,101220,,,,
$GPGGA,222647.00,3719.0246920,N,12157.1494540,W,1,0,0.0,0.0000,M,0.0000,M,0.0000,0
$GPRMC,222647.00,A,3719.0246920,N,12157.1494540,W,17.6243,261.7695,101220,,,,
$GPGGA,222648.00,3719.0233360,N,12157.1612800,W,1,0,0.0,0.0000,M,0.0000,M,0.0000,0
$GPRMC,222648.00,A,3719.0233360,N,12157.1612800,W,17.7226,262.0126,101220,,,,
$GPGGA,222649.00,3719.0219860,N,12157.1732680,W,1,0,0.0,0.0000,M,0.0000,M,0.0000,0
$GPRMC,222649.00,A,3719.0219860,N,12157.1732680,W,18.0858,262.0862,101220,,,,
$GPGGA,222650.00,3719.0205940,N,12157.1855980,W,1,0,0.0,0.0000,M,0.0000,M,0.0000,0
$GPRMC,222650.00,A,3719.0205940,N,12157.1855980,W,18.7626,261.9553,101220,,,,
$GPGGA,222651.00,3719.0191300,N,12157.1984620,W,1,0,0.0,0.0000,M,0.0000,M,0.0000,0
$GPRMC,222651.00,A,3719.0191300,N,12157.1984620,W,19.6386,261.8537,101220,,,,
$GPGGA,222652.00,3719.0175520,N,12157.2119260,W,1,0,0.0,0.0000,M,0.0000,M,0.0000,0
$GPRMC,222652.00,A,3719.0175520,N,12157.2119260,W,20.5908,261.7227,101220,,,,
$GPGGA,222653.00,3719.0159380,N,12157.2260380,W,1,0,0.0,0.0000,M,0.0000,M,0.0000,0
$GPRMC,222653.00,A,3719.0159380,N,12157.2260380,W,21.5313,261.8983,101220,,,,
$GPGGA,222654.00,3719.0142580,N,12157.2407440,W,1,0,0.0,0.0000,M,0.0000,M,0.0000,0
$GPRMC,222654.00,A,3719.0142580,N,12157.2407440,W,22.3038,261.7590,101220,,,,
$GPGGA,222655.00,3719.0125120,N,12157.2558640,W,1,0,0.0,0.0000,M,0.0000,M,0.0000,0
$GPRMC,222655.00,A,3719.0125120,N,12157.2558640,W,22.7833,261.9430,101220,,,,
$GPGGA,222656.00,3719.0108320,N,12157.2711520,W,1,0,0.0,0.0000,M,0.0000,M,0.0000,0
$GPRMC,222656.00,A,3719.0108320,N,12157.2711520,W,22.7040,262.3465,101220,,,,
$GPGGA,222657.00,3719.0092000,N,12157.2862960,W,1,0,0.0,0.0000,M,0.0000,M,0.0000,0
$GPRMC,222657.00,A,3719.0092000,N,12157.2862960,W,22.4596,262.0894,101220,,,,
$GPGGA,222658.00,3719.0075440,N,12157.3012780,W,1,0,0.0,0.0000,M,0.0000,M,0.0000,0
$GPRMC,222658.00,A,3719.0075440,N,12157.3012780,W,22.2068,262.2552,101220,,,,
$GPGGA,222659.00,3719.0059600,N,12157.3160860,W,1,0,0.0,0.0000,M,0.0000,M,0.0000,0
$GPRMC,222659.00,A,3719.0059600,N,12157.3160860,W,21.9238,262.5172,101220,,,,
$GPGGA,222700.00,3719.0044840,N,12157.3307080,W,1,0,0.0,0.0000,M,0.0000,M,0.0000,0
$GPRMC,222700.00,A,3719.0044840,N,12157.3307080,W,21.6537,263.1263,101220,,,,
$GPGGA,222701.00,3719.0032000,N,12157.3452700,W,1,0,0.0,0.0000,M,0.0000,M,0.0000,0
$GPRMC,222701.00,A,3719.0032000,N,12157.3452700,W,21.6395,263.8824,101220,,,,
$GPGGA,222702.00,3719.0018140,N,12157.3598620,W,1,0,0.0,0.0000,M,0.0000,M,0.0000,0
$GPRMC,222702.00,A,3719.0018140,N,12157.3598620,W,21.8730,262.6583,101220,,,,
$GPGGA,222703.00,3719.0002240,N,12157.3747420,W,1,0,0.0,0.0000,M,0.0000,M,0.0000,0
$GPRMC,222703.00,A,3719.0002240,N,12157.3747420,W,22.6435,262.0493,101220,,,,
$GPGGA,222704.00,3718.9985500,N,12157.3902520,W,1,0,0.0,0.0000,M,0.0000,M,0.0000,0
$GPRMC,222704.00,A,3718.9985500,N,12157.3902520,W,23.5793,262.9167,101220,,,,
$GPGGA,222705.00,3718.9971520,N,12157.4064520,W,1,0,0.0,0.0000,M,0.0000,M,0.0000,0
$GPRMC,222705.00,A,3718.9971520,N,12157.4064520,W,24.5471,264.3677,101220,,,,
$GPGGA,222706.00,3718.9960540,N,12157.4233420,W,1,0,0.0,0.0000,M,0.0000,M,0.0000,0
$GPRMC,222706.00,A,3718.9960540,N,12157.4233420,W,25.4784,266.0884,101220,,,,
$GPGGA,222707.00,3718.9952440,N,12157.4408800,W,1,0,0.0,0.0000,M,0.0000,M,0.0000,0
$GPRMC,222707.00,A,3718.9952440,N,12157.4408800,W,26.4088,267.0259,101220,,,,
$GPGGA,222708.00,3718.9945900,N,12157.4590420,W,1,0,0.0,0.0000,M,0.0000,M,0.0000,0
$GPRMC,222708.00,A,3718.9945900,N,12157.4590420,W,27.3195,267.7120,101220,,,,
$GPGGA,222709.00,3718.9940740,N,12157.4778340,W,1,0,0.0,0.0000,M,0.0000,M,0.0000,0
$GPRMC,222709.00,A,3718.9940740,N,12157.4778340,W,28.1896,268.2994,101220,,,,
$GPGGA,222710.00,3718.9937320,N,12157.4971180,W,1,0,0.0,0.0000,M,0.0000,M,0.0000,0
$GPRMC,222710.00,A,3718.9937320,N,12157.4971180,W,28.8053,269.0366,101220,,,,
$GPGGA,222711.00,3718.9935760,N,12157.5168040,W,1,0,0.0,0.0000,M,0.0000,M,0.0000,0
$GPRMC,222711.00,A,3718.9935760,N,12157.5168040,W,29.3213,269.8581,101220,,,,
$GPGGA,222712.00,3718.9936540,N,12157.5368260,W,1,0,0.0,0.0000,M,0.0000,M,0.0000,0
$GPRMC,222712.00,A,3718.9936540,N,12157.5368260,W,29.8153,270.6785,101220,,,,
$GPGGA,222713.00,3718.9939360,N,12157.5571720,W,1,0,0.0,0.0000,M,0.0000,M,0.0000,0
$GPRMC,222713.00,A,3718.9939360,N,12157.5571720,W,30.3148,271.1814,101220,,,,
$GPGGA,222714.00,3718.9942780,N,12157.5778540,W,1,0,0.0,0.0000,M,0.0000,M,0.0000,0
$GPRMC,222714.00,A,3718.9942780,N,12157.5778540,W,30.7929,271.1016,101220,,,,
$GPGGA,222715.00,3718.9946320,N,12157.5988360,W,1,0,0.0,0.0000,M,0.0000,M,0.0000,0
$GPRMC,222715.00,A,3718.9946320,N,12157.5988360,W,31.1734,271.3257,101220,,,,
$GPGGA,222716.00,3718.9950400,N,12157.6200040,W,1,0,0.0,0.0000,M,0.0000,M,0.0000,0
$GPRMC,222716.00,A,3718.9950400,N,12157.6200040,W,31.3947,271.2674,101220,,,,
$GPGGA,222717.00,3718.9953880,N,12157.6413100,W,1,0,0.0,0.0000,M,0.0000,M,0.0000,0
$GPRMC,222717.00,A,3718.9953880,N,12157.6413100,W,31.5723,271.0879,101220,,,,
$GPGGA,222718.00,3718.9957180,N,12157.6627060,W,1,0,0.0,0.0000,M,0.0000,M,0.0000,0
$GPRMC,222718.00,A,3718.9957180,N,12157.6627060,W,31.6411,270.8897,101220,,,,
$GPGGA,222719.00,3718.9959820,N,12157.6841140,W,1,0,0.0,0.0000,M,0.0000,M,0.0000,0
$GPRMC,222719.00,A,3718.9959820,N,12157.6841140,W,31.6351,270.8972,101220,,,,
$GPGGA,222720.00,3718.9962820,N,12157.7055160,W,1,0,0.0,0.0000,M,0.0000,M,0.0000,0
$GPRMC,222720.00,A,3718.9962820,N,12157.7055160,W,31.6037,271.0734,101220,,,,
$GPGGA,222721.00,3718.9966300,N,12157.7268760,W,1,0,0.0,0.0000,M,0.0000,M,0.0000,0
$GPRMC,222721.00,A,3718.9966300,N,12157.7268760,W,31.5016,271.1396,101220,,,,
$GPGGA,222722.00,3718.9969600,N,12157.7481400,W,1,0,0.0,0.0000,M,0.0000,M,0.0000,0
$GPRMC,222722.00,A,3718.9969600,N,12157.7481400,W,31.3548,271.0414,101220,,,,
$GPGGA,222723.00,3718.9972360,N,12157.7693200,W,1,0,0.0,0.0000,M,0.0000,M,0.0000,0
$GPRMC,222723.00,A,3718.9972360,N,12157.7693200,W,31.2043,270.8647,101220,,,,
$GPGGA,222724.00,3718.9975360,N,12157.7902900,W,1,0,0.0,0.0000,M,0.0000,M,0.0000,0
$GPRMC,222724.00,A,3718.9975360,N,12157.7902900,W,30.7756,271.2095,101220,,,,
$GPGGA,222725.00,3718.9977820,N,12157.8109660,W,1,0,0.0,0.0000,M,0.0000,M,0.0000,0
$GPRMC,222725.00,A,3718.9977820,N,12157.8109660,W,30.3574,270.4831,101220,,,,
$GPGGA,222726.00,3718.9977940,N,12157.8314380,W,1,0,0.0,0.0000,M,0.0000,M,0.0000,0
$GPRMC,222726.00,A,3718.9977940,N,12157.8314380,W,30.1273,269.6066,101220,,,,
$GPGGA,222727.00,3718.9975780,N,12157.8517180,W,1,0,0.0,0.0000,M,0.0000,M,0.0000,0
$GPRMC,222727.00,A,3718.9975780,N,12157.8517180,W,29.8082,268.9685,101220,,,,
$GPGGA,222728.00,3718.9971460,N,12157.8717880,W,1,0,0.0,0.0000,M,0.0000,M,0.0000,0
$GPRMC,222728.00,A,3718.9971460,N,12157.8717880,W,29.5696,268.0794,101220,,,,
$GPGGA,222729.00,3718.9965460,N,12157.8917500,W,1,0,0.0,0.0000,M,0.0000,M,0.0000,0
$GPRMC,222729.00,A,3718.9965460,N,12157.8917500,W,29.4684,267.7821,101220,,,,
$GPGGA,222730.00,3718.9959400,N,12157.9116820,W,1,0,0.0,0.0000,M,0.0000,M,0.0000,0
$GPRMC,222730.00,A,3718.9959400,N,12157.9116820,W,29.4887,267.8545,101220,,,,
$GPGGA,222731.00,3718.9953400,N,12157.9316620,W,1,0,0.0,0.0000,M,0.0000,M,0.0000,0
$GPRMC,222731.00,A,3718.9953400,N,12157.9316620,W,29.5798,267.7109,101220,,,,
$GPGGA,222732.00,3718.9946920,N,12157.9517020,W,1,0,0.0,0.0000,M,0.0000,M,0.0000,0
$GPRMC,222732.00,A,3718.9946920,N,12157.9517020,W,29.6798,267.6214,101220,,,,
$GPGGA,222733.00,3718.9940320,N,12157.9717840,W,1,0,0.0,0.0000,M,0.0000,M,0.0000,0
$GPRMC,222733.00,A,3718.9940320,N,12157.9717840,W,29.6679,267.6333,101220,,,,
$GPGGA,222734.00,3718.9933900,N,12157.9918180,W,1,0,0.0,0.0000,M,0.0000,M,0.0000,0
$GPRMC,222734.00,A,3718.9933900,N,12157.9918180,W,29.5925,267.5660,101220,,,,
$GPGGA,222735.00,3718.9926940,N,12158.0118340,W,1,0,0.0,0.0000,M,0.0000,M,0.0000,0
$GPRMC,222735.00,A,3718.9926940,N,12158.0118340,W,29.5839,267.3093,101220,,,,
$GPGGA,222736.00,3718.9919380,N,12158.0318080,W,1,0,0.0,0.0000,M,0.0000,M,0.0000,0
$GPRMC,222736.00,A,3718.9919380,N,12158.0318080,W,29.4736,267.1901,101220,,,,
$GPGGA,222737.00,3718.9912180,N,12158.0516860,W,1,0,0.0,0.0000,M,0.0000,M,0.0000,0
$GPRMC,222737.00,A,3718.9912180,N,12158.0516860,W,29.3109,267.5500,101220,,,,
$GPGGA,222738.00,3718.9907260,N,12158.0714500,W,1,0,0.0,0.0000,M,0.0000,M,0.0000,0
$GPRMC,222738.00,A,3718.9907260,N,12158.0714500,W,29.0823,268.9377,101220,,,,
$GPGGA,222739.00,3718.9907080,N,12158.0910460,W,1,0,0.0,0.0000,M,0.0000,M,0.0000,0
$GPRMC,222739.00,A,3718.9907080,N,12158.0910460,W,28.7815,270.8883,101220,,,,
$GPGGA,222740.00,3718.9911100,N,12158.1104140,W,1,0,0.0,0.0000,M,0.0000,M,0.0000,0
$GPRMC,222740.00,A,3718.9911100,N,12158.1104140,W,28.4160,271.9501,101220,,,,
$GPGGA,222741.00,3718.9917400,N,12158.1295060,W,1,0,0.0,0.0000,M,0.0000,M,0.0000,0
$GPRMC,222741.00,A,3718.9917400,N,12158.1295060,W,28.0410,272.6785,101220,,,,
$GPGGA,222742.00,3718.9925500,N,12158.1483280,W,1,0,0.0,0.0000,M,0.0000,M,0.0000,0
$GPRMC,222742.00,A,3718.9925500,N,12158.1483280,W,27.6542,273.3819,101220,,,,
$GPGGA,222743.00,3718.9934740,N,12158.1668800,W,1,0,0.0,0.0000,M,0.0000,M,0.0000,0
$GPRMC,222743.00,A,3718.9934740,N,12158.1668800,W,27.2741,273.4794,101220,,,,
$GPGGA,222744.00,3718.9942660,N,12158.1851740,W,1,0,0.0,0.0000,M,0.0000,M,0.0000,0
$GPRMC,222744.00,A,3718.9942660,N,12158.1851740,W,26.8946,272.6541,101220,,,,
$GPGGA,222745.00,3718.9948960,N,12158.2032400,W,1,0,0.0,0.0000,M,0.0000,M,0.0000,0
$GPRMC,222745.00,A,3718.9948960,N,12158.2032400,W,26.5398,272.2054,101220,,,,
$GPGGA,222746.00,3718.9953640,N,12158.2210720,W,1,0,0.0,0.0000,M,0.0000,M,0.0000,0
$GPRMC,222746.00,A,3718.9953640,N,12158.2210720,W,26.1896,271.5407,101220,,,,
$GPGGA,222747.00,3718.9958620,N,12158.2386820,W,1,0,0.0,0.0000,M,0.0000,M,0.0000,0
$GPRMC,222747.00,A,3718.9958620,N,12158.2386820,W,25.8440,272.6748,101220,,,,
$GPGGA,222748.00,3718.9967740,N,12158.2560280,W,1,0,0.0,0.0000,M,0.0000,M,0.0000,0
$GPRMC,222748.00,A,3718.9967740,N,12158.2560280,W,25.5072,274.4437,101220,,,,
$GPGGA,222749.00,3718.9981060,N,12158.2731280,W,1,0,0.0,0.0000,M,0.0000,M,0.0000,0
$GPRMC,222749.00,A,3718.9981060,N,12158.2731280,W,25.2106,276.0592,101220,,,,
$GPGGA,222750.00,3718.9997500,N,12158.2899760,W,1,0,0.0,0.0000,M,0.0000,M,0.0000,0
$GPRMC,222750.00,A,3718.9997500,N,12158.2899760,W,24.8915,277.5255,101220,,,,
$GPGGA,222751.00,3719.0016940,N,12158.3062960,W,1,0,0.0,0.0000,M,0.0000,M,0.0000,0
$GPRMC,222751.00,A,3719.0016940,N,12158.3062960,W,23.6112,279.0984,101220,,,,
$GPGGA,222752.00,3719.0039740,N,12158.3215300,W,1,0,0.0,0.0000,M,0.0000,M,0.0000,0
$GPRMC,222752.00,A,3719.0039740,N,12158.3215300,W,22.4989,281.7190,101220,,,,
$GPGGA,222753.00,3719.0069380,N,12158.3362300,W,1,0,0.0,0.0000,M,0.0000,M,0.0000,0
$GPRMC,222753.00,A,3719.0069380,N,12158.3362300,W,22.2848,286.1319,101220,,,,
$GPGGA,222754.00,3719.0108620,N,12158.3505820,W,1,0,0.0,0.0000,M,0.0000,M,0.0000,0
$GPRMC,222754.00,A,3719.0108620,N,12158.3505820,W,22.5208,290.5269,101220,,,,
$GPGGA,222755.00,3719.0155420,N,12158.3646880,W,1,0,0.0,0.0000,M,0.0000,M,0.0000,0
$GPRMC,222755.00,A,3719.0155420,N,12158.3646880,W,22.5043,293.9444,101220,,,,
$GPGGA,222756.00,3719.0207860,N,12158.3783680,W,1,0,0.0,0.0000,M,0.0000,M,0.0000,0
$GPRMC,222756.00,A,3719.0207860,N,12158.3783680,W,22.2958,296.5185,101220,,,,
$GPGGA,222757.00,3719.0262100,N,12158.3917000,W,1,0,0.0,0.0000,M,0.0000,M,0.0000,0
$GPRMC,222757.00,A,3719.0262100,N,12158.3917000,W,21.8656,297.0877,101220,,,,
$GPGGA,222758.00,3719.0314660,N,12158.4047260,W,1,0,0.0,0.0000,M,0.0000,M,0.0000,0
$GPRMC,222758.00,A,3719.0314660,N,12158.4047260,W,21.2610,296.4651,101220,,,,
$GPGGA,222759.00,3719.0365120,N,12158.4173500,W,1,0,0.0,0.0000,M,0.0000,M,0.0000,0
$GPRMC,222759.00,A,3719.0365120,N,12158.4173500,W,20.2656,296.4855,101220,,,,
$GPGGA,222800.00,3719.0411920,N,12158.4290980,W,1,0,0.0,0.0000,M,0.0000,M,0.0000,0
$GPRMC,222800.00,A,3719.0411920,N,12158.4290980,W,18.5326,296.3390,101220,,,,
$GPGGA,222801.00,3719.0453740,N,12158.4394960,W,1,0,0.0,0.0000,M,0.0000,M,0.0000,0
$GPRMC,222801.00,A,3719.0453740,N,12158.4394960,W,15.6320,297.0428,101220,,,,
$GPGGA,222802.00,3719.0493940,N,12158.4475960,W,1,0,0.0,0.0000,M,0.0000,M,0.0000,0
$GPRMC,222802.00,A,3719.0493940,N,12158.4475960,W,12.4930,304.9878,101220,,,,
$GPGGA,222803.00,3719.0537500,N,12158.4530560,W,1,0,0.0,0.0000,M,0.0000,M,0.0000,0
$GPRMC,222803.00,A,3719.0537500,N,12158.4530560,W,10.1889,320.1389,101220,,,,
$GPGGA,222804.00,3719.0582980,N,12158.4560200,W,1,0,0.0,0.0000,M,0.0000,M,0.0000,0
$GPRMC,222804.00,A,3719.0582980,N,12158.4560200,W,8.4848,336.9931,101220,,,,
$GPGGA,222805.00,3719.0624920,N,12158.4569740,W,1,0,0.0,0.0000,M,0.0000,M,0.0000,0
$GPRMC,222805.00,A,3719.0624920,N,12158.4569740,W,7.3899,351.5004,101220,,,,
$GPGGA,222806.00,3719.0664820,N,12158.4572260,W,1,0,0.0,0.0000,M,0.0000,M,0.0000,0
$GPRMC,222806.00,A,3719.0664820,N,12158.4572260,W,7.3231,357.3376,101220,,,,
$GPGGA,222807.00,3719.0705440,N,12158.4571540,W,1,0,0.0,0.0000,M,0.0000,M,0.0000,0
$GPRMC,222807.00,A,3719.0705440,N,12158.4571540,W,7.6979,0.6927,101220,,,,
$GPGGA,222808.00,3719.0747980,N,12158.4569140,W,1,0,0.0,0.0000,M,0.0000,M,0.0000,0
$GPRMC,222808.00,A,3719.0747980,N,12158.4569140,W,7.8464,2.8274,101220,,,,
$GPGGA,222809.00,3719.0789620,N,12158.4559720,W,1,0,0.0,0.0000,M,0.0000,M,0.0000,0
$GPRMC,222809.00,A,3719.0789620,N,12158.4559720,W,7.6820,12.5048,101220,,,,
$GPGGA,222810.00,3719.0828380,N,12158.4540040,W,1,0,0.0,0.0000,M,0.0000,M,0.0000,0
$GPRMC,222810.00,A,3719.0828380,N,12158.4540040,W,7.5971,23.7669,101220,,,,
$GPGGA,222811.00,3719.0864260,N,12158.4514840,W,1,0,0.0,0.0000,M,0.0000,M,0.0000,0
$GPRMC,222811.00,A,3719.0864260,N,12158.4514840,W,7.4430,30.0038,101220,,,,
$GPGGA,222812.00,3719.0895640,N,12158.4489520,W,1,0,0.0,0.0000,M,0.0000,M,0.0000,0
$GPRMC,222812.00,A,3719.0895640,N,12158.4489520,W,6.1206,32.8996,101220,,,,
$GPGGA,222813.00,3719.0918320,N,12158.4469780,W,1,0,0.0,0.0000,M,0.0000,M,0.0000,0
$GPRMC,222813.00,A,3719.0918320,N,12158.4469780,W,3.8507,34.3530,101220,,,,
$GPGGA,222814.00,3719.0930500,N,12158.4459100,W,1,0,0.0,0.0000,M,0.0000,M,0.0000,0
$GPRMC,222814.00,A,3719.0930500,N,12158.4459100,W,1.7300,34.4953,101220,,,,
$GPGGA,222815.00,3719.0933920,N,12158.4455920,W,1,0,0.0,0.0000,M,0.0000,M,0.0000,0
$GPRMC,222815.00,A,3719.0933920,N,12158.4455920,W,0.0722,34.5237,101220,,,,
$GPGGA,222816.00,3719.0933860,N,12158.4455740,W,1,0,0.0,0.0000,M,0.0000,M,0.0000,0
$GPRMC,222816.00,A,3719.0933860,N,12158.4455740,W,0.0260,34.5256,101220,,,,
$GPGGA,222817.00,3719.0933860,N,12158.4455620,W,1,0,0.0,0.0000,M,0.0000,M,0.0000,0
$GPRMC,222817.00,A,3719.0933860,N,12158.4455620,W,0.0175,34.5216,101220,,,,
$GPGGA,222818.00,3719.0933860,N,12158.4455560,W,1,0,0.0,0.0000,M,0.0000,M,0.0000,0
$GPRMC,222818.00,A,3719.0933860,N,12158.4455560,W,0.0117,34.5204,101220,,,,
$GPGGA,222819.00,3719.0933800,N,12158.4455560,W,1,0,0.0,0.0000,M,0.0000,M,0.0000,0
$GPRMC,222819.00,A,3719.0933800,N,12158.4455560,W,0.0085,34.5193,101220,,,,
$GPGGA,222820.00,3719.0933740,N,12158.4455560,W,1,0,0.0,0.0000,M,0.0000,M,0.0000,0
$GPRMC,222820.00,A,3719.0933740,N,12158.4455560,W,0.0076,34.5184,101220,,,,
$GPGGA,222821.00,3719.0933740,N,12158.4455560,W,1,0,0.0,0.0000,M,0.0000,M,0.0000,0
$GPRMC,222821.00,A,3719.0933740,N,12158.4455560,W,0.0070,34.5172,101220,,,,
$GPGGA,222822.00,3719.0933680,N,12158.4455620,W,1,0,0.0,0.0000,M,0.0000,M,0.0000,0
$GPRMC,222822.00,A,3719.0933680,N,12158.4455620,W,0.0081,34.5161,101220,,,,
$GPGGA,222823.00,3719.0933680,N,12158.4455620,W,1,0,0.0,0.0000,M,0.0000,M,0.0000,0
$GPRMC,222823.00,A,3719.0933680,N,12158.4455620,W,0.0073,34.5149,101220,,,,
$GPGGA,222824.00,3719.0933620,N,12158.4455680,W,1,0,0.0,0.0000,M,0.0000,M,0.0000,0
$GPRMC,222824.00,A,3719.0933620,N,12158.4455680,W,0.0063,34.5137,101220,,,,
$GPGGA,222825.00,3719.0933620,N,12158.4455680,W,1,0,0.0,0.0000,M,0.0000,M,0.0000,0
$GPRMC,222825.00,A,3719.0933620,N,12158.4455680,W,0.0054,34.5127,101220,,,,
$GPGGA,222826.00,3719.0933560,N,12158.4455740,W,1,0,0.0,0.0000,M,0.0000,M,0.0000,0
$GPRMC,222826.00,A,3719.0933560,N,12158.4455740,W,0.0041,34.5118,101220,,,,
$GPGGA,222827.00,3719.0933560,N,12158.4455740,W,1,0,0.0,0.0000,M,0.0000,M,0.0000,0
$GPRMC,222827.00,A,3719.0933560,N,12158.4455740,W,0.0030,34.5108,101220,,,,
$GPGGA,222828.00,3719.0933560,N,12158.4455740,W,1,0,0.0,0.0000,M,0.0000,M,0.0000,0
$GPRMC,222828.00,A,3719.0933560,N,12158.4455740,W,0.0030,34.5096,101220,,,,
$GPGGA,222829.00,3719.0933560,N,12158.4455740,W,1,0,0.0,0.0000,M,0.0000,M,0.0000,0
$GPRMC,222829.00,A,3719.0933560,N,12158.4455740,W,0.0020,34.5089,101220,,,,
$GPGGA,222830.00,3719.0933560,N,12158.4455740,W,1,0,0.0,0.0000,M,0.0000,M,0.0000,0
$GPRMC,222830.00,A,3719.0933560,N,12158.4455740,W,0.0020,34.5084,101220,,,,
$GPGGA,222831.00,3719.0933560,N,12158.4455740,W,1,0,0.0,0.0000,M,0.0000,M,0.0000,0
$GPRMC,222831.00,A,3719.0933560,N,12158.4455740,W,0.0020,34.5071,101220,,,,
$GPGGA,222832.00,3719.0933560,N,12158.4455740,W,1,0,0.0,0.0000,M,0.0000,M,0.0000,0
$GPRMC,222832.00,A,3719.0933560,N,12158.4455740,W,0.0020,34.5063,101220,,,,
$GPGGA,222833.00,3719.0933560,N,12158.4455740,W,1,0,0.0,0.0000,M,0.0000,M,0.0000,0
$GPRMC,222833.00,A,3719.0933560,N,12158.4455740,W,0.0030,34.5054,101220,,,,
$GPGGA,222834.00,3719.0933560,N,12158.4455740,W,1,0,0.0,0.0000,M,0.0000,M,0.0000,0
$GPRMC,222834.00,A,3719.0933560,N,12158.4455740,W,0.0020,34.5045,101220,,,,
$GPGGA,222835.00,3719.0933560,N,12158.4455740,W,1,0,0.0,0.0000,M,0.0000,M,0.0000,0
$GPRMC,222835.00,A,3719.0933560,N,12158.4455740,W,0.0030,34.5036,101220,,,,
$GPGGA,222836.00,3719.0933560,N,12158.4455740,W,1,0,0.0,0.0000,M,0.0000,M,0.0000,0
$GPRMC,222836.00,A,3719.0933560,N,12158.4455740,W,0.0030,34.5027,101220,,,,
$GPGGA,222837.00,3719.0933560,N,12158.4455740,W,1,0,0.0,0.0000,M,0.0000,M,0.0000,0
$GPRMC,222837.00,A,3719.0933560,N,12158.4455740,W,0.0032,34.5019,101220,,,,
$GPGGA,222838.00,3719.0933560,N,12158.4455740,W,1,0,0.0,0.0000,M,0.0000,M,0.0000,0
$GPRMC,222838.00,A,3719.0933560,N,12158.4455740,W,0.0030,34.5008,101220,,,,
$GPGGA,222839.00,3719.0933560,N,12158.4455740,W,1,0,0.0,0.0000,M,0.0000,M,0.0000,0
$GPRMC,222839.00,A,3719.0933560,N,12158.4455740,W,0.0032,34.4998,101220,,,,
$GPGGA,222840.00,3719.0933560,N,12158.4455740,W,1,0,0.0,0.0000,M,0.0000,M,0.0000,0
$GPRMC,222840.00,A,3719.0933560,N,12158.4455740,W,0.0032,34.4989,101220,,,,
$GPGGA,222841.00,3719.0933560,N,12158.4455740,W,1,0,0.0,0.0000,M,0.0000,M,0.0000,0
$GPRMC,222841.00,A,3719.0933560,N,12158.4455740,W,0.0030,34.4982,101220,,,,
$GPGGA,222842.00,3719.0933560,N,12158.4455740,W,1,0,0.0,0.0000,M,0.0000,M,0.0000,0
$GPRMC,222842.00,A,3719.0933560,N,12158.4455740,W,0.0030,34.4972,101220,,,,
$GPGGA,222843.00,3719.0933560,N,12158.4455740,W,1,0,0.0,0.0000,M,0.0000,M,0.0000,0
$GPRMC,222843.00,A,3719.0933560,N,12158.4455740,W,0.0032,34.4975,101220,,,,
$GPGGA,222844.00,3719.0933560,N,12158.4455740,W,1,0,0.0,0.0000,M,0.0000,M,0.0000,0
$GPRMC,222844.00,A,3719.0933560,N,12158.4455740,W,0.0032,34.4969,101220,,,,
$GPGGA,222845.00,3719.0933560,N,12158.4455800,W,1,0,0.0,0.0000,M,0.0000,M,0.0000,0
$GPRMC,222845.00,A,3719.0933560,N,12158.4455800,W,0.0032,34.4955,101220,,,,
$GPGGA,222846.00,3719.0933560,N,12158.4455800,W,1,0,0.0,0.0000,M,0.0000,M,0.0000,0
$GPRMC,222846.00,A,3719.0933560,N,12158.4455800,W,0.0030,34.4946,101220,,,,
$GPGGA,222847.00,3719.0933560,N,12158.4455800,W,1,0,0.0,0.0000,M,0.0000,M,0.0000,0
$GPRMC,222847.00,A,3719.0933560,N,12158.4455800,W,0.0030,34.4937,101220,,,,
$GPGGA,222848.00,3719.0933560,N,12158.4455800,W,1,0,0.0,0.0000,M,0.0000,M,0.0000,0
$GPRMC,222848.00,A,3719.0933560,N,12158.4455800,W,0.0020,34.4930,101220,,,,
$GPGGA,222849.00,3719.0933560,N,12158.4455800,W,1,0,0.0,0.0000,M,0.0000,M,0.0000,0
$GPRMC,222849.00,A,3719.0933560,N,12158.4455800,W,0.0030,34.4922,101220,,,,
$GPGGA,222850.00,3719.0933560,N,12158.4455800,W,1,0,0.0,0.0000,M,0.0000,M,0.0000,0
$GPRMC,222850.00,A,3719.0933560,N,12158.4455800,W,0.0030,34.4909,101220,,,,
$GPGGA,222851.00,3719.0933560,N,12158.4455800,W,1,0,0.0,0.0000,M,0.0000,M,0.0000,0
$GPRMC,222851.00,A,3719.0933560,N,12158.4455800,W,0.0030,34.4901,101220,,,,
$GPGGA,222852.00,3719.0933560,N,12158.4455800,W,1,0,0.0,0.0000,M,0.0000,M,0.0000,0
$GPRMC,222852.00,A,3719.0933560,N,12158.4455800,W,0.0030,34.4890,101220,,,,
$GPGGA,222853.00,3719.0933560,N,12158.4455800,W,1,0,0.0,0.0000,M,0.0000,M,0.0000,0
$GPRMC,222853.00,A,3719.0933560,N,12158.4455800,W,0.0030,34.4882,101220,,,,
$GPGGA,222854.00,3719.0933560,N,12158.4455800,W,1,0,0.0,0.0000,M,0.0000,M,0.0000,0
$GPRMC,222854.00,A,3719.0933560,N,12158.4455800,W,0.0030,34.4872,101220,,,,
$GPGGA,222855.00,3719.0933560,N,12158.4455800,W,1,0,0.0,0.0000,M,0.0000,M,0.0000,0
$GPRMC,222855.00,A,3719.0933560,N,12158.4455800,W,0.0030,34.4865,101220,,,,
$GPGGA,222856.00,3719.0933560,N,12158.4455800,W,1,0,0.0,0.0000,M,0.0000,M,0.0000,0
$GPRMC,222856.00,A,3719.0933560,N,12158.4455800,W,0.0030,34.4854,101220,,,,
$GPGGA,222857.00,3719.0933560,N,12158.4455800,W,1,0,0.0,0.0000,M,0.0000,M,0.0000,0
$GPRMC,222857.00,A,3719.0933560,N,12158.4455800,W,0.0032,34.4842,101220,,,,
$GPGGA,222858.00,3719.0933560,N,12158.4455800,W,1,0,0.0,0.0000,M,0.0000,M,0.0000,0
$GPRMC,222858.00,A,3719.0933560,N,12158.4455800,W,0.0032,34.4832,101220,,,,
$GPGGA,222859.00,3719.0933560,N,12158.4455800,W,1,0,0.0,0.0000,M,0.0000,M,0.0000,0
$GPRMC,222859.00,A,3719.0933560,N,12158.4455800,W,0.0030,34.4822,101220,,,,
$GPGGA,222900.00,3719.0933560,N,12158.4455800,W,1,0,0.0,0.0000,M,0.0000,M,0.0000,0
$GPRMC,222900.00,A,3719.0933560,N,12158.4455800,W,0.0030,34.4812,101220,,,,
$GPGGA,222901.00,3719.0933560,N,12158.4455800,W,1,0,0.0,0.0000,M,0.0000,M,0.0000,0
$GPRMC,222901.00,A,3719.0933560,N,12158.4455800,W,0.0030,34.4800,101220,,,,
$GPGGA,222902.00,3719.0933560,N,12158.4455800,W,1,0,0.0,0.0000,M,0.0000,M,0.0000,0
$GPRMC,222902.00,A,3719.0933560,N,12158.4455800,W,0.0032,34.4780,101220,,,,
$GPGGA,222903.00,3719.0933560,N,12158.4455800,W,1,0,0.0,0.0000,M,0.0000,M,0.0000,0
$GPRMC,222903.00,A,3719.0933560,N,12158.4455800,W,0.0020,34.4775,101220,,,,
$GPGGA,222904.00,3719.0933560,N,12158.4455800,W,1,0,0.0,0.0000,M,0.0000,M,0.0000,0
$GPRMC,222904.00,A,3719.0933560,N,12158.4455800,W,0.0032,34.4766,101220,,,,
$GPGGA,222905.00,3719.0933560,N,12158.4455800,W,1,0,0.0,0.0000,M,0.0000,M,0.0000,0
$GPRMC,222905.00,A,3719.0933560,N,12158.4455800,W,0.0030,34.4759,101220,,,,
$GPGGA,222906.00,3719.0933560,N,12158.4455800,W,1,0,0.0,0.0000,M,0.0000,M,0.0000,0
$GPRMC,222906.00,A,3719.0933560,N,12158.4455800,W,0.0022,34.4746,101220,,,,
$GPGGA,222907.00,3719.0933560,N,12158.4455800,W,1,0,0.0,0.0000,M,0.0000,M,0.0000,0
$GPRMC,222907.00,A,3719.0933560,N,12158.4455800,W,0.0030,34.4731,101220,,,,
$GPGGA,222908.00,3719.0933560,N,12158.4455800,W,1,0,0.0,0.0000,M,0.0000,M,0.0000,0
$GPRMC,222908.00,A,3719.0933560,N,12158.4455800,W,0.0030,34.4730,101220,,,,
$GPGGA,222909.00,3719.0933560,N,12158.4455800,W,1,0,0.0,0.0000,M,0.0000,M,0.0000,0
$GPRMC,222909.00,A,3719.0933560,N,12158.4455800,W,0.0030,34.4721,101220,,,,
$GPGGA,222910.00,3719.0933560,N,12158.4455800,W,1,0,0.0,0.0000,M,0.0000,M,0.0000,0
$GPRMC,222910.00,A,3719.0933560,N,12158.4455800,W,0.0020,34.4701,101220,,,,
$GPGGA,222911.00,3719.0933560,N,12158.4455800,W,1,0,0.0,0.0000,M,0.0000,M,0.0000,0
$GPRMC,222911.00,A,3719.0933560,N,12158.4455800,W,0.0022,34.4686,101220,,,,
$GPGGA,222912.00,3719.0933560,N,12158.4455800,W,1,0,0.0,0.0000,M,0.0000,M,0.0000,0
$GPRMC,222912.00,A,3719.0933560,N,12158.4455800,W,0.0030,34.4673,101220,,,,
$GPGGA,222913.00,3719.0933560,N,12158.4455800,W,1,0,0.0,0.0000,M,0.0000,M,0.0000,0
$GPRMC,222913.00,A,3719.0933560,N,12158.4455800,W,0.0030,34.4663,101220,,,,
$GPGGA,222914.00,3719.0933560,N,12158.4455800,W,1,0,0.0,0.0000,M,0.0000,M,0.0000,0
$GPRMC,222914.00,A,3719.0933560,N,12158.4455800,W,0.0030,34.4652,101220,,,,
$GPGGA,222915.00,3719.0933560,N,12158.4455800,W,1,0,0.0,0.0000,M,0.0000,M,0.0000,0
$GPRMC,222915.00,A,3719.0933560,N,12158.4455800,W,0.0030,34.4639,101220,,,,
$GPGGA,222916.00,3719.0933560,N,12158.4455800,W,1,0,0.0,0.0000,M,0.0000,M,0.0000,0
$GPRMC,222916.00,A,3719.0933560,N,12158.4455800,W,0.0041,34.4625,101220,,,,
$GPGGA,222917.00,3719.0933560,N,12158.4455800,W,1,0,0.0,0.0000,M,0.0000,M,0.0000,0
$GPRMC,222917.00,A,3719.0933560,N,12158.4455800,W,0.0032,34.4614,101220,,,,
$GPGGA,222918.00,3719.0933560,N,12158.4455800,W,1,0,0.0,0.0000,M,0.0000,M,0.0000,0
$GPRMC,222918.00,A,3719.0933560,N,12158.4455800,W,0.0032,34.4602,101220,,,,
$GPGGA,222919.00,3719.0933560,N,12158.4455800,W,1,0,0.0,0.0000,M,0.0000,M,0.0000,0
$GPRMC,222919.00,A,3719.0933560,N,12158.4455800,W,0.0032,34.4588,101220,,,,
$GPGGA,222920.00,3719.0933560,N,12158.4455800,W,1,0,0.0,0.0000,M,0.0000,M,0.0000,0
$GPRMC,222920.00,A,3719.0933560,N,12158.4455800,W,0.0041,34.4576,101220,,,,
$GPGGA,222921.00,3719.0933560,N,12158.4455800,W,1,0,0.0,0.0000,M,0.0000,M,0.0000,0
$GPRMC,222921.00,A,3719.0933560,N,12158.4455800,W,0.0032,34.4563,101220,,,,
$GPGGA,222922.00,3719.0933560,N,12158.4455800,W,1,0,0.0,0.0000,M,0.0000,M,0.0000,0
$GPRMC,222922.00,A,3719.0933560,N,12158.4455800,W,0.0032,34.4547,101220,,,,
$GPGGA,222923.00,3719.0933560,N,12158.4455800,W,1,0,0.0,0.0000,M,0.0000,M,0.0000,0
$GPRMC,222923.00,A,3719.0933560,N,12158.4455800,W,0.0032,34.4538,101220,,,,
$GPGGA,222924.00,3719.0933560,N,12158.4455800,W,1,0,0.0,0.0000,M,0.0000,M,0.0000,0
$GPRMC,222924.00,A,3719.0933560,N,12158.4455800,W,0.0032,34.4526,101220,,,,
$GPGGA,222925.00,3719.0933560,N,12158.4455800,W,1,0,0.0,0.0000,M,0.0000,M,0.0000,0
$GPRMC,222925.00,A,3719.0933560,N,12158.4455800,W,0.0032,34.4512,101220,,,,
$GPGGA,222926.00,3719.0933560,N,12158.4455800,W,1,0,0.0,0.0000,M,0.0000,M,0.0000,0
$GPRMC,222926.00,A,3719.0933560,N,12158.4455800,W,0.0041,34.4496,101220,,,,
$GPGGA,222927.00,3719.0933560,N,12158.4455800,W,1,0,0.0,0.0000,M,0.0000,M,0.0000,0
$GPRMC,222927.00,A,3719.0933560,N,12158.4455800,W,0.0032,34.4480,101220,,,,
$GPGGA,222928.00,3719.0933560,N,12158.4455800,W,1,0,0.0,0.0000,M,0.0000,M,0.0000,0
$GPRMC,222928.00,A,3719.0933560,N,12158.4455800,W,0.0036,34.4461,101220,,,,
$GPGGA,222929.00,3719.0933560,N,12158.4455800,W,1,0,0.0,0.0000,M,0.0000,M,0.0000,0
$GPRMC,222929.00,A,3719.0933560,N,12158.4455800,W,0.0036,34.4442,101220,,,,
$GPGGA,222930.00,3719.0933560,N,12158.4455800,W,1,0,0.0,0.0000,M,0.0000,M,0.0000,0
$GPRMC,222930.00,A,3719.0933560,N,12158.4455800,W,0.0036,34.4421,101220,,,,
$GPGGA,222931.00,3719.0933560,N,12158.4455800,W,1,0,0.0,0.0000,M,0.0000,M,0.0000,0
$GPRMC,222931.00,A,3719.0933560,N,12158.4455800,W,0.0028,34.4399,101220,,,,
$GPGGA,222932.00,3719.0933560,N,12158.4455800,W,1,0,0.0,0.0000,M,0.0000,M,0.0000,0
$GPRMC,222932.00,A,3719.0933560,N,12158.4455800,W,0.0036,34.4378,101220,,,,
$GPGGA,222933.00,3719.0933560,N,12158.4455800,W,1,0,0.0,0.0000,M,0.0000,M,0.0000,0
$GPRMC,222933.00,A,3719.0933560,N,12158.4455800,W,0.0028,34.4354,101220,,,,
$GPGGA,222934.00,3719.0933560,N,12158.4455800,W,1,0,0.0,0.0000,M,0.0000,M,0.0000,0
$GPRMC,222934.00,A,3719.0933560,N,12158.4455800,W,0.0022,34.4332,101220,,,,
$GPGGA,222935.00,3719.0933560,N,12158.4455800,W,1,0,0.0,0.0000,M,0.0000,M,0.0000,0
$GPRMC,222935.00,A,3719.0933560,N,12158.4455800,W,0.0022,34.4310,101220,,,,
$GPGGA,222936.00,3719.0933500,N,12158.4455800,W,1,0,0.0,0.0000,M,0.0000,M,0.0000,0
$GPRMC,222936.00,A,3719.0933500,N,12158.4455800,W,0.0020,34.4289,101220,,,,
$GPGGA,222937.00,3719.0933500,N,12158.4455860,W,1,0,0.0,0.0000,M,0.0000,M,0.0000,0
$GPRMC,222937.00,A,3719.0933500,N,12158.4455860,W,0.0022,34.4265,101220,,,,
$GPGGA,222938.00,3719.0933500,N,12158.4455860,W,1,0,0.0,0.0000,M,0.0000,M,0.0000,0
$GPRMC,222938.00,A,3719.0933500,N,12158.4455860,W,0.0022,34.4242,101220,,,,
$GPGGA,222939.00,3719.0933500,N,12158.4455860,W,1,0,0.0,0.0000,M,0.0000,M,0.0000,0
$GPRMC,222939.00,A,3719.0933500,N,12158.4455860,W,0.0014,34.4218,101220,,,,
$GPGGA,222940.00,3719.0933500,N,12158.4455860,W,1,0,0.0,0.0000,M,0.0000,M,0.0000,0
$GPRMC,222940.00,A,3719.0933500,N,12158.4455860,W,0.0022,34.4193,101220,,,,
$GPGGA,222941.00,3719.0933500,N,12158.4455860,W,1,0,0.0,0.0000,M,0.0000,M,0.0000,0
$GPRMC,222941.00,A,3719.0933500,N,12158.4455860,W,0.0020,34.4169,101220,,,,
$GPGGA,222942.00,3719.0933500,N,12158.4455860,W,1,0,0.0,0.0000,M,0.0000,M,0.0000,0
$GPRMC,222942.00,A,3719.0933500,N,12158.4455860,W,0.0020,34.4146,101220,,,,
$GPGGA,222943.00,3719.0933500,N,12158.4455860,W,1,0,0.0,0.0000,M,0.0000,M,0.0000,0
$GPRMC,222943.00,A,3719.0933500,N,12158.4455860,W,0.0032,34.4120,101220,,,,
$GPGGA,222944.00,3719.0933560,N,12158.4455860,W,1,0,0.0,0.0000,M,0.0000,M,0.0000,0
$GPRMC,222944.00,A,3719.0933560,N,12158.4455860,W,0.0036,34.4095,101220,,,,
$GPGGA,222945.00,3719.0933560,N,12158.4455860,W,1,0,0.0,0.0000,M,0.0000,M,0.0000,0
$GPRMC,222945.00,A,3719.0933560,N,12158.4455860,W,0.0022,34.4068,101220,,,,
$GPGGA,222946.00,3719.0933560,N,12158.4455860,W,1,0,0.0,0.0000,M,0.0000,M,0.0000,0
$GPRMC,222946.00,A,3719.0933560,N,12158.4455860,W,0.0020,34.4042,101220,,,,
$GPGGA,222947.00,3719.0933560,N,12158.4455860,W,1,0,0.0,0.0000,M,0.0000,M,0.0000,0
$GPRMC,222947.00,A,3719.0933560,N,12158.4455860,W,0.0022,34.4020,101220,,,,
$GPGGA,222948.00,3719.0933560,N,12158.4455800,W,1,0,0.0,0.0000,M,0.0000,M,0.0000,0
$GPRMC,222948.00,A,3719.0933560,N,12158.4455800,W,0.0022,34.3991,101220,,,,
$GPGGA,222949.00,3719.0933560,N,12158.4455800,W,1,0,0.0,0.0000,M,0.0000,M,0.0000,0
$GPRMC,222949.00,A,3719.0933560,N,12158.4455800,W,0.0054,34.3964,101220,,,,
$GPGGA,222950.00,3719.0933560,N,12158.4455800,W,1,0,0.0,0.0000,M,0.0000,M,0.0000,0
$GPRMC,222950.00,A,3719.0933560,N,12158.4455800,W,0.0080,34.3935,101220,,,,
$GPGGA,222951.00,3719.0933500,N,12158.4455860,W,1,0,0.0,0.0000,M,0.0000,M,0.0000,0
$GPRMC,222951.00,A,3719.0933500,N,12158.4455860,W,0.0122,34.3909,101220,,,,
$GPGGA,222952.00,3719.0933500,N,12158.4455860,W,1,0,0.0,0.0000,M,0.0000,M,0.0000,0
$GPRMC,222952.00,A,3719.0933500,N,12158.4455860,W,0.0175,34.3880,101220,,,,
$GPGGA,222953.00,3719.0933440,N,12158.4455920,W,1,0,0.0,0.0000,M,0.0000,M,0.0000,0
$GPRMC,222953.00,A,3719.0933440,N,12158.4455920,W,0.0238,34.3854,101220,,,,
$GPGGA,222954.00,3719.0933320,N,12158.4455920,W,1,0,0.0,0.0000,M,0.0000,M,0.0000,0
$GPRMC,222954.00,A,3719.0933320,N,12158.4455920,W,0.0313,34.3826,101220,,,,
$GPGGA,222955.00,3719.0933260,N,12158.4455980,W,1,0,0.0,0.0000,M,0.0000,M,0.0000,0
$GPRMC,222955.00,A,3719.0933260,N,12158.4455980,W,0.0398,34.3797,101220,,,,
$GPGGA,222956.00,3719.0933080,N,12158.4456040,W,1,0,0.0,0.0000,M,0.0000,M,0.0000,0
$GPRMC,222956.00,A,3719.0933080,N,12158.4456040,W,0.0506,34.3767,101220,,,,
$GPGGA,222957.00,3719.0932900,N,12158.4456160,W,1,0,0.0,0.0000,M,0.0000,M,0.0000,0
$GPRMC,222957.00,A,3719.0932900,N,12158.4456160,W,0.0607,34.3737,101220,,,,
$GPGGA,222958.00,3719.0933380,N,12158.4455620,W,1,0,0.0,0.0000,M,0.0000,M,0.0000,0
$GPRMC,222958.00,A,3719.0933380,N,12158.4455620,W,0.5510,34.3636,101220,,,,
$GPGGA,222959.00,3719.0939860,N,12158.4450340,W,1,0,0.0,0.0000,M,0.0000,M,0.0000,0
$GPRMC,222959.00,A,3719.0939860,N,12158.4450340,W,2.3686,33.3382,101220,,,,
$GPGGA,223000.00,3719.0955100,N,12158.4445420,W,1,0,0.0,0.0000,M,0.0000,M,0.0000,0
$GPRMC,223000.00,A,3719.0955100,N,12158.4445420,W,3.3434,18.0207,101220,,,,
$GPGGA,223001.00,3719.0969920,N,12158.4456460,W,1,0,0.0,0.0000,M,0.0000,M,0.0000,0
$GPRMC,223001.00,A,3719.0969920,N,12158.4456460,W,3.2957,339.5383,101220,,,,
$GPGGA,223002.00,3719.0974840,N,12158.4479380,W,1,0,0.0,0.0000,M,0.0000,M,0.0000,0
$GPRMC,223002.00,A,3719.0974840,N,12158.4479380,W,3.6175,295.7410,101220,,,,
$GPGGA,223003.00,3719.0964880,N,12158.4502300,W,1,0,0.0,0.0000,M,0.0000,M,0.0000,0
$GPRMC,223003.00,A,3719.0964880,N,12158.4502300,W,4.2537,249.6634,101220,,,,
$GPGGA,223004.00,3719.0942080,N,12158.4521020,W,1,0,0.0,0.0000,M,0.0000,M,0.0000,0
$GPRMC,223004.00,A,3719.0942080,N,12158.4521020,W,6.0856,215.9501,101220,,,,
$GPGGA,223005.00,3719.0908180,N,12158.4542200,W,1,0,0.0,0.0000,M,0.0000,M,0.0000,0
$GPRMC,223005.00,A,3719.0908180,N,12158.4542200,W,8.0402,207.6662,101220,,,,
$GPGGA,223006.00,3719.0865460,N,12158.4569800,W,1,0,0.0,0.0000,M,0.0000,M,0.0000,0
$GPRMC,223006.00,A,3719.0865460,N,12158.4569800,W,9.6171,207.4879,101220,,,,
$GPGGA,223007.00,3719.0815600,N,12158.4601720,W,1,0,0.0,0.0000,M,0.0000,M,0.0000,0
$GPRMC,223007.00,A,3719.0815600,N,12158.4601720,W,11.1568,207.0514,101220,,,,
$GPGGA,223008.00,3719.0760280,N,12158.4637600,W,1,0,0.0,0.0000,M,0.0000,M,0.0000,0
$GPRMC,223008.00,A,3719.0760280,N,12158.4637600,W,11.6188,207.9871,101220,,,,
$GPGGA,223009.00,3719.0705800,N,12158.4675400,W,1,0,0.0,0.0000,M,0.0000,M,0.0000,0
$GPRMC,223009.00,A,3719.0705800,N,12158.4675400,W,11.2609,209.7525,101220,,,,
$GPGGA,223010.00,3719.0656960,N,12158.4712060,W,1,0,0.0,0.0000,M,0.0000,M,0.0000,0
$GPRMC,223010.00,A,3719.0656960,N,12158.4712060,W,9.6167,211.6741,101220,,,,
$GPGGA,223011.00,3719.0617960,N,12158.4743440,W,1,0,0.0,0.0000,M,0.0000,M,0.0000,0
$GPRMC,223011.00,A,3719.0617960,N,12158.4743440,W,7.4620,212.9478,101220,,,,
$GPGGA,223012.00,3719.0589040,N,12158.4766960,W,1,0,0.0,0.0000,M,0.0000,M,0.0000,0
$GPRMC,223012.00,A,3719.0589040,N,12158.4766960,W,5.3697,212.8039,101220,,,,
$GPGGA,223013.00,3719.0567860,N,12158.4784120,W,1,0,0.0,0.0000,M,0.0000,M,0.0000,0
$GPRMC,223013.00,A,3719.0567860,N,12158.4784120,W,4.1290,212.9220,101220,,,,
$GPGGA,223014.00,3719.0551120,N,12158.4797980,W,1,0,0.0,0.0000,M,0.0000,M,0.0000,0
$GPRMC,223014.00,A,3719.0551120,N,12158.4797980,W,3.4297,213.0150,101220,,,,
$GPGGA,223015.00,3719.0536420,N,12158.4810160,W,1,0,0.0,0.0000,M,0.0000,M,0.0000,0
$GPRMC,223015.00,A,3719.0536420,N,12158.4810160,W,3.1025,213.2496,101220,,,,
$GPGGA,223016.00,3719.0522620,N,12158.4821680,W,1,0,0.0,0.0000,M,0.0000,M,0.0000,0
$GPRMC,223016.00,A,3719.0522620,N,12158.4821680,W,3.0930,213.3732,101220,,,,
$GPGGA,223017.00,3719.0508400,N,12158.4833620,W,1,0,0.0,0.0000,M,0.0000,M,0.0000,0
$GPRMC,223017.00,A,3719.0508400,N,12158.4833620,W,3.3551,213.3120,101220,,,,
$GPGGA,223018.00,3719.0491600,N,12158.4847600,W,1,0,0.0,0.0000,M,0.0000,M,0.0000,0
$GPRMC,223018.00,A,3719.0491600,N,12158.4847600,W,4.1719,213.2040,101220,,,,
$GPGGA,223019.00,3719.0470720,N,12158.4864700,W,1,0,0.0,0.0000,M,0.0000,M,0.0000,0
$GPRMC,223019.00,A,3719.0470720,N,12158.4864700,W,5.1580,212.9661,101220,,,,
$GPGGA,223020.00,3719.0443420,N,12158.4887080,W,1,0,0.0,0.0000,M,0.0000,M,0.0000,0
$GPRMC,223020.00,A,3719.0443420,N,12158.4887080,W,7.0048,213.0210,101220,,,,
$GPGGA,223021.00,3719.0407660,N,12158.4916900,W,1,0,0.0,0.0000,M,0.0000,M,0.0000,0
$GPRMC,223021.00,A,3719.0407660,N,12158.4916900,W,8.8158,213.5677,101220,,,,
$GPGGA,223022.00,3719.0367280,N,12158.4950920,W,1,0,0.0,0.0000,M,0.0000,M,0.0000,0
$GPRMC,223022.00,A,3719.0367280,N,12158.4950920,W,9.0858,213.8442,101220,,,,
$GPGGA,223023.00,3719.0325940,N,12158.4985660,W,1,0,0.0,0.0000,M,0.0000,M,0.0000,0
$GPRMC,223023.00,A,3719.0325940,N,12158.4985660,W,9.3154,213.7251,101220,,,,
$GPGGA,223024.00,3719.0284480,N,12158.5020460,W,1,0,0.0,0.0000,M,0.0000,M,0.0000,0
$GPRMC,223024.00,A,3719.0284480,N,12158.5020460,W,9.1260,213.8460,101220,,,,
$GPGGA,223025.00,3719.0244880,N,12158.5053640,W,1,0,0.0,0.0000,M,0.0000,M,0.0000,0
$GPRMC,223025.00,A,3719.0244880,N,12158.5053640,W,8.4004,213.6758,101220,,,,
$GPGGA,223026.00,3719.0210500,N,12158.5082440,W,1,0,0.0,0.0000,M,0.0000,M,0.0000,0
$GPRMC,223026.00,A,3719.0210500,N,12158.5082440,W,6.7339,213.7846,101220,,,,
$GPGGA,223027.00,3719.0185060,N,12158.5103560,W,1,0,0.0,0.0000,M,0.0000,M,0.0000,0
$GPRMC,223027.00,A,3719.0185060,N,12158.5103560,W,4.5131,213.4023,101220,,,,
$GPGGA,223028.00,3719.0169460,N,12158.5116160,W,1,0,0.0,0.0000,M,0.0000,M,0.0000,0
$GPRMC,223028.00,A,3719.0169460,N,12158.5116160,W,2.3089,212.6223,101220,,,,
$GPGGA,223029.00,3719.0162920,N,12158.5121380,W,1,0,0.0,0.0000,M,0.0000,M,0.0000,0
$GPRMC,223029.00,A,3719.0162920,N,12158.5121380,W,0.5903,212.3938,101220,,,,
$GPGGA,223030.00,3719.0162500,N,12158.5121740,W,1,0,0.0,0.0000,M,0.0000,M,0.0000,0
$GPRMC,223030.00,A,3719.0162500,N,12158.5121740,W,0.0054,212.3803,101220,,,,
$GPGGA,223031.00,3719.0162560,N,12158.5121740,W,1,0,0.0,0.0000,M,0.0000,M,0.0000,0
$GPRMC,223031.00,A,3719.0162560,N,12158.5121740,W,0.0100,212.3801,101220,,,,
$GPGGA,223032.00,3719.0162620,N,12158.5121740,W,1,0,0.0,0.0000,M,0.0000,M,0.0000,0
$GPRMC,223032.00,A,3719.0162620,N,12158.5121740,W,0.0063,212.3767,101220,,,,
$GPGGA,223033.00,3719.0162620,N,12158.5121800,W,1,0,0.0,0.0000,M,0.0000,M,0.0000,0
$GPRMC,223033.00,A,3719.0162620,N,12158.5121800,W,0.0041,212.3754,101220,,,,
$GPGGA,223034.00,3719.0162620,N,12158.5121740,W,1,0,0.0,0.0000,M,0.0000,M,0.0000,0
$GPRMC,223034.00,A,3719.0162620,N,12158.5121740,W,0.0022,212.3740,101220,,,,
$GPGGA,223035.00,3719.0162620,N,12158.5121740,W,1,0,0.0,0.0000,M,0.0000,M,0.0000,0
$GPRMC,223035.00,A,3719.0162620,N,12158.5121740,W,0.0022,212.3729,101220,,,,
$GPGGA,223036.00,3719.0162620,N,12158.5121740,W,1,0,0.0,0.0000,M,0.0000,M,0.0000,0
$GPRMC,223036.00,A,3719.0162620,N,12158.5121740,W,0.0014,212.3716,101220,,,,
$GPGGA,223037.00,3719.0162620,N,12158.5121740,W,1,0,0.0,0.0000,M,0.0000,M,0.0000,0
$GPRMC,223037.00,A,3719.0162620,N,12158.5121740,W,0.0000,212.3701,101220,,,,
$GPGGA,223038.00,3719.0162620,N,12158.5121740,W,1,0,0.0,0.0000,M,0.0000,M,0.0000,0
$GPRMC,223038.00,A,3719.0162620,N,12158.5121740,W,0.0010,212.3685,101220,,,,
$GPGGA,223039.00,3719.0162620,N,12158.5121740,W,1,0,0.0,0.0000,M,0.0000,M,0.0000,0
$GPRMC,223039.00,A,3719.0162620,N,12158.5121740,W,0.0000,212.3674,101220,,,,
$GPGGA,223040.00,3719.0162620,N,12158.5121740,W,1,0,0.0,0.0000,M,0.0000,M,0.0000,0
$GPRMC,223040.00,A,3719.0162620,N,12158.5121740,W,0.0010,212.3659,101220,,,,
$GPGGA,223041.00,3719.0162620,N,12158.5121740,W,1,0,0.0,0.0000,M,0.0000,M,0.0000,0
$GPRMC,223041.00,A,3719.0162620,N,12158.5121740,W,0.0000,212.3645,101220,,,,
$GPGGA,223042.00,3719.0162620,N,12158.5121740,W,1,0,0.0,0.0000,M,0.0000,M,0.0000,0
$GPRMC,223042.00,A,3719.0162620,N,12158.5121740,W,0.0000,212.3629,101220,,,,
$GPGGA,223043.00,3719.0162620,N,12158.5121740,W,1,0,0.0,0.0000,M,0.0000,M,0.0000,0
$GPRMC,223043.00,A,3719.0162620,N,12158.5121740,W,0.0010,212.3615,101220,,,,
$GPGGA,223044.00,3719.0162620,N,12158.5121740,W,1,0,0.0,0.0000,M,0.0000,M,0.0000,0
$GPRMC,223044.00,A,3719.0162620,N,12158.5121740,W,0.0010,212.3600,101220,,,,
$GPGGA,223045.00,3719.0162620,N,12158.5121740,W,1,0,0.0,0.0000,M,0.0000,M,0.0000,0
$GPRMC,223045.00,A,3719.0162620,N,12158.5121740,W,0.0010,212.3584,101220,,,,
$GPGGA,223046.00,3719.0162620,N,12158.5121740,W,1,0,0.0,0.0000,M,0.0000,M,0.0000,0
$GPRMC,223046.00,A,3719.0162620,N,12158.5121740,W,0.0014,212.3572,101220,,,,
$GPGGA,223047.00,3719.0162620,N,12158.5121740,W,1,0,0.0,0.0000,M,0.0000,M,0.0000,0
$GPRMC,223047.00,A,3719.0162620,N,12158.5121740,W,0.0014,212.3558,101220,,,,
$GPGGA,223048.00,3719.0162620,N,12158.5121800,W,1,0,0.0,0.0000,M,0.0000,M,0.0000,0
$GPRMC,223048.00,A,3719.0162620,N,12158.5121800,W,0.0014,212.3541,101220,,,,
$GPGGA,223049.00,3719.0162620,N,12158.5121800,W,1,0,0.0,0.0000,M,0.0000,M,0.0000,0
$GPRMC,223049.00,A,3719.0162620,N,12158.5121800,W,0.0028,212.3527,101220,,,,
$GPGGA,223050.00,3719.0162620,N,12158.5121800,W,1,0,0.0,0.0000,M,0.0000,M,0.0000,0
$GPRMC,223050.00,A,3719.0162620,N,12158.5121800,W,0.0028,212.3512,101220,,,,
$GPGGA,223051.00,3719.0162620,N,12158.5121800,W,1,0,0.0,0.0000,M,0.0000,M,0.0000,0
$GPRMC,223051.00,A,3719.0162620,N,12158.5121800,W,0.0028,212.3500,101220,,,,
$GPGGA,223052.00,3719.0162620,N,12158.5121800,W,1,0,0.0,0.0000,M,0.0000,M,0.0000,0
$GPRMC,223052.00,A,3719.0162620,N,12158.5121800,W,0.0022,212.3486,101220,,,,
$GPGGA,223053.00,3719.0162620,N,12158.5121860,W,1,0,0.0,0.0000,M,0.0000,M,0.0000,0
$GPRMC,223053.00,A,3719.0162620,N,12158.5121860,W,0.0028,212.3471,101220,,,,
$GPGGA,223054.00,3719.0162620,N,12158.5121860,W,1,0,0.0,0.0000,M,0.0000,M,0.0000,0
$GPRMC,223054.00,A,3719.0162620,N,12158.5121860,W,0.0022,212.3455,101220,,,,
$GPGGA,223055.00,3719.0162620,N,12158.5121860,W,1,0,0.0,0.0000,M,0.0000,M,0.0000,0
$GPRMC,223055.00,A,3719.0162620,N,12158.5121860,W,0.0010,212.3440,101220,,,,
$GPGGA,223056.00,3719.0162620,N,12158.5121860,W,1,0,0.0,0.0000,M,0.0000,M,0.0000,0
$GPRMC,223056.00,A,3719.0162620,N,12158.5121860,W,0.0014,212.3426,101220,,,,
$GPGGA,223057.00,3719.0162620,N,12158.5121860,W,1,0,0.0,0.0000,M,0.0000,M,0.0000,0
$GPRMC,223057.00,A,3719.0162620,N,12158.5121860,W,0.0022,212.3410,101220,,,,
$GPGGA,223058.00,3719.0162620,N,12158.5121860,W,1,0,0.0,0.0000,M,0.0000,M,0.0000,0
$GPRMC,223058.00,A,3719.0162620,N,12158.5121860,W,0.0045,212.3395,101220,,,,
$GPGGA,223059.00,3719.0162620,N,12158.5121860,W,1,0,0.0,0.0000,M,0.0000,M,0.0000,0
$GPRMC,223059.00,A,3719.0162620,N,12158.5121860,W,0.0078,212.3379,101220,,,,
$GPGGA,223100.00,3719.0162620,N,12158.5121860,W,1,0,0.0,0.0000,M,0.0000,M,0.0000,0
$GPRMC,223100.00,A,3719.0162620,N,12158.5121860,W,0.0120,212.3365,101220,,,,
$GPGGA,223101.00,3719.0162620,N,12158.5121860,W,1,0,0.0,0.0000,M,0.0000,M,0.0000,0
$GPRMC,223101.00,A,3719.0162620,N,12158.5121860,W,0.0177,212.3352,101220,,,,
$GPGGA,223102.00,3719.0162680,N,12158.5121800,W,1,0,0.0,0.0000,M,0.0000,M,0.0000,0
$GPRMC,223102.00,A,3719.0162680,N,12158.5121800,W,0.0248,212.3336,101220,,,,
$GPGGA,223103.00,3719.0162680,N,12158.5121680,W,1,0,0.0,0.0000,M,0.0000,M,0.0000,0
$GPRMC,223103.00,A,3719.0162680,N,12158.5121680,W,0.0332,212.3322,101220,,,,
$GPGGA,223104.00,3719.0162740,N,12158.5121560,W,1,0,0.0,0.0000,M,0.0000,M,0.0000,0
$GPRMC,223104.00,A,3719.0162740,N,12158.5121560,W,0.0602,212.3318,101220,,,,
$GPGGA,223105.00,3719.0161720,N,12158.5122220,W,1,0,0.0,0.0000,M,0.0000,M,0.0000,0
$GPRMC,223105.00,A,3719.0161720,N,12158.5122220,W,0.7283,212.2849,101220,,,,
$GPGGA,223106.00,3719.0154280,N,12158.5127800,W,1,0,0.0,0.0000,M,0.0000,M,0.0000,0
$GPRMC,223106.00,A,3719.0154280,N,12158.5127800,W,2.3680,211.8012,101220,,,,
$GPGGA,223107.00,3719.0138440,N,12158.5138300,W,1,0,0.0,0.0000,M,0.0000,M,0.0000,0
$GPRMC,223107.00,A,3719.0138440,N,12158.5138300,W,4.4609,208.7606,101220,,,,
$GPGGA,223108.00,3719.0110840,N,12158.5150060,W,1,0,0.0,0.0000,M,0.0000,M,0.0000,0
$GPRMC,223108.00,A,3719.0110840,N,12158.5150060,W,6.5771,198.1576,101220,,,,
$GPGGA,223109.00,3719.0074600,N,12158.5151440,W,1,0,0.0,0.0000,M,0.0000,M,0.0000,0
$GPRMC,223109.00,A,3719.0074600,N,12158.5151440,W,6.9300,178.2881,101220,,,,
$GPGGA,223110.00,3719.0040580,N,12158.5133200,W,1,0,0.0,0.0000,M,0.0000,M,0.0000,0
$GPRMC,223110.00,A,3719.0040580,N,12158.5133200,W,7.2936,153.0189,101220,,,,
$GPGGA,223111.00,3719.0013040,N,12158.5094980,W,1,0,0.0,0.0000,M,0.0000,M,0.0000,0
$GPRMC,223111.00,A,3719.0013040,N,12158.5094980,W,8.4699,127.8788,101220,,,,
$GPGGA,223112.00,3718.9993180,N,12158.5037260,W,1,0,0.0,0.0000,M,0.0000,M,0.0000,0
$GPRMC,223112.00,A,3718.9993180,N,12158.5037260,W,10.4282,110.5607,101220,,,,
$GPGGA,223113.00,3718.9976140,N,12158.4963520,W,1,0,0.0,0.0000,M,0.0000,M,0.0000,0
$GPRMC,223113.00,A,3718.9976140,N,12158.4963520,W,12.3329,105.9579,101220,,,,
$GPGGA,223114.00,3718.9957660,N,12158.4876460,W,1,0,0.0,0.0000,M,0.0000,M,0.0000,0
$GPRMC,223114.00,A,3718.9957660,N,12158.4876460,W,14.2997,104.7641,101220,,,,
$GPGGA,223115.00,3718.9937380,N,12158.4776140,W,1,0,0.0,0.0000,M,0.0000,M,0.0000,0
$GPRMC,223115.00,A,3718.9937380,N,12158.4776140,W,16.3085,104.1271,101220,,,,
$GPGGA,223116.00,3718.9915180,N,12158.4662380,W,1,0,0.0,0.0000,M,0.0000,M,0.0000,0
$GPRMC,223116.00,A,3718.9915180,N,12158.4662380,W,18.2986,103.9105,101220,,,,
$GPGGA,223117.00,3718.9890160,N,12158.4535900,W,1,0,0.0,0.0000,M,0.0000,M,0.0000,0
$GPRMC,223117.00,A,3718.9890160,N,12158.4535900,W,19.9582,104.0619,101220,,,,
$GPGGA,223118.00,3718.9863760,N,12158.4404560,W,1,0,0.0,0.0000,M,0.0000,M,0.0000,0
$GPRMC,223118.00,A,3718.9863760,N,12158.4404560,W,20.0105,104.3273,101220,,,,
$GPGGA,223119.00,3718.9837300,N,12158.4273760,W,1,0,0.0,0.0000,M,0.0000,M,0.0000,0
$GPRMC,223119.00,A,3718.9837300,N,12158.4273760,W,19.8396,104.3597,101220,,,,
$GPGGA,223120.00,3718.9811560,N,12158.4144520,W,1,0,0.0,0.0000,M,0.0000,M,0.0000,0
$GPRMC,223120.00,A,3718.9811560,N,12158.4144520,W,19.5329,103.9250,101220,,,,
$GPGGA,223121.00,3718.9788100,N,12158.4017140,W,1,0,0.0,0.0000,M,0.0000,M,0.0000,0
$GPRMC,223121.00,A,3718.9788100,N,12158.4017140,W,19.1263,102.3915,101220,,,,
$GPGGA,223122.00,3718.9768480,N,12158.3891380,W,1,0,0.0,0.0000,M,0.0000,M,0.0000,0
$GPRMC,223122.00,A,3718.9768480,N,12158.3891380,W,18.7696,100.1986,101220,,,,
$GPGGA,223123.00,3718.9753240,N,12158.3767240,W,1,0,0.0,0.0000,M,0.0000,M,0.0000,0
$GPRMC,223123.00,A,3718.9753240,N,12158.3767240,W,18.3994,97.6722,101220,,,,
$GPGGA,223124.00,3718.9743640,N,12158.3644600,W,1,0,0.0,0.0000,M,0.0000,M,0.0000,0
$GPRMC,223124.00,A,3718.9743640,N,12158.3644600,W,18.0561,94.5969,101220,,,,
$GPGGA,223125.00,3718.9737280,N,12158.3523640,W,1,0,0.0,0.0000,M,0.0000,M,0.0000,0
$GPRMC,223125.00,A,3718.9737280,N,12158.3523640,W,17.8382,93.3755,101220,,,,
$GPGGA,223126.00,3718.9732420,N,12158.3402440,W,1,0,0.0,0.0000,M,0.0000,M,0.0000,0
$GPRMC,223126.00,A,3718.9732420,N,12158.3402440,W,18.0982,93.1091,101220,,,,
$GPGGA,223127.00,3718.9726900,N,12158.3278600,W,1,0,0.0,0.0000,M,0.0000,M,0.0000,0
$GPRMC,223127.00,A,3718.9726900,N,12158.3278600,W,18.5550,93.3310,101220,,,,
$GPGGA,223128.00,3718.9720360,N,12158.3151940,W,1,0,0.0,0.0000,M,0.0000,M,0.0000,0
$GPRMC,223128.00,A,3718.9720360,N,12158.3151940,W,18.9479,94.2223,101220,,,,
$GPGGA,223129.00,3718.9712740,N,12158.3022340,W,1,0,0.0,0.0000,M,0.0000,M,0.0000,0
$GPRMC,223129.00,A,3718.9712740,N,12158.3022340,W,19.4594,94.2427,101220,,,,
$GPGGA,223130.00,3718.9704460,N,12158.2889620,W,1,0,0.0,0.0000,M,0.0000,M,0.0000,0
$GPRMC,223130.00,A,3718.9704460,N,12158.2889620,W,19.6955,94.5867,101220,,,,
$GPGGA,223131.00,3718.9697080,N,12158.2756240,W,1,0,0.0,0.0000,M,0.0000,M,0.0000,0
$GPRMC,223131.00,A,3718.9697080,N,12158.2756240,W,19.9362,93.2177,101220,,,,
$GPGGA,223132.00,3718.9693300,N,12158.2618840,W,1,0,0.0,0.0000,M,0.0000,M,0.0000,0
$GPRMC,223132.00,A,3718.9693300,N,12158.2618840,W,20.8722,91.4535,101220,,,,
$GPGGA,223133.00,3718.9691500,N,12158.2472860,W,1,0,0.0,0.0000,M,0.0000,M,0.0000,0
$GPRMC,223133.00,A,3718.9691500,N,12158.2472860,W,22.2970,90.5435,101220,,,,
$GPGGA,223134.00,3718.9691320,N,12158.2316980,W,1,0,0.0,0.0000,M,0.0000,M,0.0000,0
$GPRMC,223134.00,A,3718.9691320,N,12158.2316980,W,23.7540,89.8713,101220,,,,
$GPGGA,223135.00,3718.9691860,N,12158.2151500,W,1,0,0.0,0.0000,M,0.0000,M,0.0000,0
$GPRMC,223135.00,A,3718.9691860,N,12158.2151500,W,25.1082,89.6786,101220,,,,
$GPGGA,223136.00,3718.9694020,N,12158.1977440,W,1,0,0.0,0.0000,M,0.0000,M,0.0000,0
$GPRMC,223136.00,A,3718.9694020,N,12158.1977440,W,26.3915,88.6853,101220,,,,
$GPGGA,223137.00,3718.9698400,N,12158.1794020,W,1,0,0.0,0.0000,M,0.0000,M,0.0000,0
$GPRMC,223137.00,A,3718.9698400,N,12158.1794020,W,27.8721,87.9641,101220,,,,
$GPGGA,223138.00,3718.9704820,N,12158.1600340,W,1,0,0.0,0.0000,M,0.0000,M,0.0000,0
$GPRMC,223138.00,A,3718.9704820,N,12158.1600340,W,29.2904,87.3145,101220,,,,
$GPGGA,223139.00,3718.9711660,N,12158.1399280,W,1,0,0.0,0.0000,M,0.0000,M,0.0000,0
$GPRMC,223139.00,A,3718.9711660,N,12158.1399280,W,30.0523,87.6408,101220,,,,
$GPGGA,223140.00,3718.9717660,N,12158.1194800,W,1,0,0.0,0.0000,M,0.0000,M,0.0000,0
$GPRMC,223140.00,A,3718.9717660,N,12158.1194800,W,30.3717,87.9450,101220,,,,
$GPGGA,223141.00,3718.9723900,N,12158.0988640,W,1,0,0.0,0.0000,M,0.0000,M,0.0000,0
$GPRMC,223141.00,A,3718.9723900,N,12158.0988640,W,30.5908,87.7823,101220,,,,
$GPGGA,223142.00,3718.9730740,N,12158.0781160,W,1,0,0.0,0.0000,M,0.0000,M,0.0000,0
$GPRMC,223142.00,A,3718.9730740,N,12158.0781160,W,30.7135,87.4386,101220,,,,
$GPGGA,223143.00,3718.9737700,N,12158.0574640,W,1,0,0.0,0.0000,M,0.0000,M,0.0000,0
$GPRMC,223143.00,A,3718.9737700,N,12158.0574640,W,30.3293,87.7619,101220,,,,
$GPGGA,223144.00,3718.9743940,N,12158.0371060,W,1,0,0.0,0.0000,M,0.0000,M,0.0000,0
$GPRMC,223144.00,A,3718.9743940,N,12158.0371060,W,29.8501,87.5970,101220,,,,
$GPGGA,223145.00,3718.9750420,N,12158.0170960,W,1,0,0.0,0.0000,M,0.0000,M,0.0000,0
$GPRMC,223145.00,A,3718.9750420,N,12158.0170960,W,29.2959,87.6821,101220,,,,
$GPGGA,223146.00,3718.9756300,N,12157.9974640,W,1,0,0.0,0.0000,M,0.0000,M,0.0000,0
$GPRMC,223146.00,A,3718.9756300,N,12157.9974640,W,28.7584,87.8853,101220,,,,
$GPGGA,223147.00,3718.9761760,N,12157.9781920,W,1,0,0.0,0.0000,M,0.0000,M,0.0000,0
$GPRMC,223147.00,A,3718.9761760,N,12157.9781920,W,28.2328,87.8801,101220,,,,
$GPGGA,223148.00,3718.9767760,N,12157.9592560,W,1,0,0.0,0.0000,M,0.0000,M,0.0000,0
$GPRMC,223148.00,A,3718.9767760,N,12157.9592560,W,27.7661,87.4785,101220,,,,
$GPGGA,223149.00,3718.9774000,N,12157.9406260,W,1,0,0.0,0.0000,M,0.0000,M,0.0000,0
$GPRMC,223149.00,A,3718.9774000,N,12157.9406260,W,27.3301,87.6183,101220,,,,
$GPGGA,223150.00,3718.9779580,N,12157.9222780,W,1,0,0.0,0.0000,M,0.0000,M,0.0000,0
$GPRMC,223150.00,A,3718.9779580,N,12157.9222780,W,26.9362,87.8170,101220,,,,
$GPGGA,223151.00,3718.9785220,N,12157.9041820,W,1,0,0.0,0.0000,M,0.0000,M,0.0000,0
$GPRMC,223151.00,A,3718.9785220,N,12157.9041820,W,26.5725,87.4772,101220,,,,
$GPGGA,223152.00,3718.9791160,N,12157.8863200,W,1,0,0.0,0.0000,M,0.0000,M,0.0000,0
$GPRMC,223152.00,A,3718.9791160,N,12157.8863200,W,26.2523,87.7191,101220,,,,
$GPGGA,223153.00,3718.9796080,N,12157.8686140,W,1,0,0.0,0.0000,M,0.0000,M,0.0000,0
$GPRMC,223153.00,A,3718.9796080,N,12157.8686140,W,26.1473,87.9667,101220,,,,
$GPGGA,223154.00,3718.9800700,N,12157.8508900,W,1,0,0.0,0.0000,M,0.0000,M,0.0000,0
$GPRMC,223154.00,A,3718.9800700,N,12157.8508900,W,26.2406,88.6899,101220,,,,
$GPGGA,223155.00,3718.9802680,N,12157.8330280,W,1,0,0.0,0.0000,M,0.0000,M,0.0000,0
$GPRMC,223155.00,A,3718.9802680,N,12157.8330280,W,26.5994,89.4701,101220,,,,
$GPGGA,223156.00,3718.9802680,N,12157.8149680,W,1,0,0.0,0.0000,M,0.0000,M,0.0000,0
$GPRMC,223156.00,A,3718.9802680,N,12157.8149680,W,26.6326,90.3116,101220,,,,
$GPGGA,223157.00,3718.9801120,N,12157.7969980,W,1,0,0.0,0.0000,M,0.0000,M,0.0000,0
$GPRMC,223157.00,A,3718.9801120,N,12157.7969980,W,26.5013,90.7106,101220,,,,
$GPGGA,223158.00,3718.9798720,N,12157.7790220,W,1,0,0.0,0.0000,M,0.0000,M,0.0000,0
$GPRMC,223158.00,A,3718.9798720,N,12157.7790220,W,26.6683,90.9559,101220,,,,
$GPGGA,223159.00,3718.9795960,N,12157.7608840,W,1,0,0.0,0.0000,M,0.0000,M,0.0000,0
$GPRMC,223159.00,A,3718.9795960,N,12157.7608840,W,26.9496,91.0619,101220,,,,
$GPGGA,223200.00,3718.9793260,N,12157.7425300,W,1,0,0.0,0.0000,M,0.0000,M,0.0000,0
$GPRMC,223200.00,A,3718.9793260,N,12157.7425300,W,27.3010,90.8846,101220,,,,
$GPGGA,223201.00,3718.9790860,N,12157.7239240,W,1,0,0.0,0.0000,M,0.0000,M,0.0000,0
$GPRMC,223201.00,A,3718.9790860,N,12157.7239240,W,27.6733,90.7844,101220,,,,
$GPGGA,223202.00,3718.9788700,N,12157.7050480,W,1,0,0.0,0.0000,M,0.0000,M,0.0000,0
$GPRMC,223202.00,A,3718.9788700,N,12157.7050480,W,28.1021,90.7605,101220,,,,
$GPGGA,223203.00,3718.9786240,N,12157.6859500,W,1,0,0.0,0.0000,M,0.0000,M,0.0000,0
$GPRMC,223203.00,A,3718.9786240,N,12157.6859500,W,28.3379,90.8628,101220,,,,
$GPGGA,223204.00,3718.9783660,N,12157.6666720,W,1,0,0.0,0.0000,M,0.0000,M,0.0000,0
$GPRMC,223204.00,A,3718.9783660,N,12157.6666720,W,28.6198,90.9117,101220,,,,
$GPGGA,223205.00,3718.9780900,N,12157.6472080,W,1,0,0.0,0.0000,M,0.0000,M,0.0000,0
$GPRMC,223205.00,A,3718.9780900,N,12157.6472080,W,28.9004,90.9980,101220,,,,
$GPGGA,223206.00,3718.9777900,N,12157.6275280,W,1,0,0.0,0.0000,M,0.0000,M,0.0000,0
$GPRMC,223206.00,A,3718.9777900,N,12157.6275280,W,29.3301,91.0336,101220,,,,
$GPGGA,223207.00,3718.9774900,N,12157.6074880,W,1,0,0.0,0.0000,M,0.0000,M,0.0000,0
$GPRMC,223207.00,A,3718.9774900,N,12157.6074880,W,29.9586,90.9278,101220,,,,
$GPGGA,223208.00,3718.9772560,N,12157.5869740,W,1,0,0.0,0.0000,M,0.0000,M,0.0000,0
$GPRMC,223208.00,A,3718.9772560,N,12157.5869740,W,30.6624,90.7062,101220,,,,
$GPGGA,223209.00,3718.9770820,N,12157.5660220,W,1,0,0.0,0.0000,M,0.0000,M,0.0000,0
$GPRMC,223209.00,A,3718.9770820,N,12157.5660220,W,31.1969,90.5962,101220,,,,
$GPGGA,223210.00,3718.9768780,N,12157.5448060,W,1,0,0.0,0.0000,M,0.0000,M,0.0000,0
$GPRMC,223210.00,A,3718.9768780,N,12157.5448060,W,31.5014,90.8442,101220,,,,
$GPGGA,223211.00,3718.9767280,N,12157.5233740,W,1,0,0.0,0.0000,M,0.0000,M,0.0000,0
$GPRMC,223211.00,A,3718.9767280,N,12157.5233740,W,31.7931,90.0524,101220,,,,
$GPGGA,223212.00,3718.9768060,N,12157.5018400,W,1,0,0.0,0.0000,M,0.0000,M,0.0000,0
$GPRMC,223212.00,A,3718.9768060,N,12157.5018400,W,31.8418,89.3025,101220,,,,
$GPGGA,223213.00,3718.9771720,N,12157.4802940,W,1,0,0.0,0.0000,M,0.0000,M,0.0000,0
$GPRMC,223213.00,A,3718.9771720,N,12157.4802940,W,31.7938,88.3068,101220,,,,
$GPGGA,223214.00,3718.9777360,N,12157.4588920,W,1,0,0.0,0.0000,M,0.0000,M,0.0000,0
$GPRMC,223214.00,A,3718.9777360,N,12157.4588920,W,31.4784,88.0086,101220,,,,
$GPGGA,223215.00,3718.9782880,N,12157.4377240,W,1,0,0.0,0.0000,M,0.0000,M,0.0000,0
$GPRMC,223215.00,A,3718.9782880,N,12157.4377240,W,31.0970,88.0711,101220,,,,
$GPGGA,223216.00,3718.9788100,N,12157.4168200,W,1,0,0.0,0.0000,M,0.0000,M,0.0000,0
$GPRMC,223216.00,A,3718.9788100,N,12157.4168200,W,30.6984,88.2840,101220,,,,
$GPGGA,223217.00,3718.9793500,N,12157.3961920,W,1,0,0.0,0.0000,M,0.0000,M,0.0000,0
$GPRMC,223217.00,A,3718.9793500,N,12157.3961920,W,30.2990,87.7171,101220,,,,
$GPGGA,223218.00,3718.9801900,N,12157.3758460,W,1,0,0.0,0.0000,M,0.0000,M,0.0000,0
$GPRMC,223218.00,A,3718.9801900,N,12157.3758460,W,29.9156,86.2404,101220,,,,
$GPGGA,223219.00,3718.9813660,N,12157.3557700,W,1,0,0.0,0.0000,M,0.0000,M,0.0000,0
$GPRMC,223219.00,A,3718.9813660,N,12157.3557700,W,29.5898,85.4404,101220,,,,
$GPGGA,223220.00,3718.9826440,N,12157.3359100,W,1,0,0.0,0.0000,M,0.0000,M,0.0000,0
$GPRMC,223220.00,A,3718.9826440,N,12157.3359100,W,29.2724,85.2421,101220,,,,
$GPGGA,223221.00,3718.9839280,N,12157.3162780,W,1,0,0.0,0.0000,M,0.0000,M,0.0000,0
$GPRMC,223221.00,A,3718.9839280,N,12157.3162780,W,28.9143,85.3203,101220,,,,
$GPGGA,223222.00,3718.9850380,N,12157.2968620,W,1,0,0.0,0.0000,M,0.0000,M,0.0000,0
$GPRMC,223222.00,A,3718.9850380,N,12157.2968620,W,28.5390,86.5140,101220,,,,
$GPGGA,223223.00,3718.9858000,N,12157.2776920,W,1,0,0.0,0.0000,M,0.0000,M,0.0000,0
$GPRMC,223223.00,A,3718.9858000,N,12157.2776920,W,28.1466,87.7087,101220,,,,
$GPGGA,223224.00,3718.9862200,N,12157.2587680,W,1,0,0.0,0.0000,M,0.0000,M,0.0000,0
$GPRMC,223224.00,A,3718.9862200,N,12157.2587680,W,27.7628,88.8665,101220,,,,
$GPGGA,223225.00,3718.9864660,N,12157.2400900,W,1,0,0.0,0.0000,M,0.0000,M,0.0000,0
$GPRMC,223225.00,A,3718.9864660,N,12157.2400900,W,27.4286,88.9476,101220,,,,
$GPGGA,223226.00,3718.9867900,N,12157.2216400,W,1,0,0.0,0.0000,M,0.0000,M,0.0000,0
$GPRMC,223226.00,A,3718.9867900,N,12157.2216400,W,27.0475,88.4059,101220,,,,
$GPGGA,223227.00,3718.9871920,N,12157.2034780,W,1,0,0.0,0.0000,M,0.0000,M,0.0000,0
$GPRMC,223227.00,A,3718.9871920,N,12157.2034780,W,26.6313,88.2782,101220,,,,
$GPGGA,223228.00,3718.9875820,N,12157.1856040,W,1,0,0.0,0.0000,M,0.0000,M,0.0000,0
$GPRMC,223228.00,A,3718.9875820,N,12157.1856040,W,26.1947,88.2371,101220,,,,
$GPGGA,223229.00,3718.9879720,N,12157.1680300,W,1,0,0.0,0.0000,M,0.0000,M,0.0000,0
$GPRMC,223229.00,A,3718.9879720,N,12157.1680300,W,25.7545,88.2691,101220,,,,
$GPGGA,223230.00,3718.9883320,N,12157.1508940,W,1,0,0.0,0.0000,M,0.0000,M,0.0000,0
$GPRMC,223230.00,A,3718.9883320,N,12157.1508940,W,24.5241,88.3467,101220,,,,
$GPGGA,223231.00,3718.9886380,N,12157.1352340,W,1,0,0.0,0.0000,M,0.0000,M,0.0000,0
$GPRMC,223231.00,A,3718.9886380,N,12157.1352340,W,21.7537,88.4554,101220,,,,
$GPGGA,223232.00,3718.9888900,N,12157.1214460,W,1,0,0.0,0.0000,M,0.0000,M,0.0000,0
$GPRMC,223232.00,A,3718.9888900,N,12157.1214460,W,19.0096,88.4366,101220,,,,
$GPGGA,223233.00,3718.9890880,N,12157.1096560,W,1,0,0.0,0.0000,M,0.0000,M,0.0000,0
$GPRMC,223233.00,A,3718.9890880,N,12157.1096560,W,15.6602,88.5978,101220,,,,
$GPGGA,223234.00,3718.9888540,N,12157.1002420,W,1,0,0.0,0.0000,M,0.0000,M,0.0000,0
$GPRMC,223234.00,A,3718.9888540,N,12157.1002420,W,12.0280,95.2089,101220,,,,
$GPGGA,223235.00,3718.9871980,N,12157.0933300,W,1,0,0.0,0.0000,M,0.0000,M,0.0000,0
$GPRMC,223235.00,A,3718.9871980,N,12157.0933300,W,9.3649,112.2057,101220,,,,
$GPGGA,223236.00,3718.9843480,N,12157.0887160,W,1,0,0.0,0.0000,M,0.0000,M,0.0000,0
$GPRMC,223236.00,A,3718.9843480,N,12157.0887160,W,7.5771,134.2412,101220,,,,
$GPGGA,223237.00,3718.9809640,N,12157.0866760,W,1,0,0.0,0.0000,M,0.0000,M,0.0000,0
$GPRMC,223237.00,A,3718.9809640,N,12157.0866760,W,5.8291,157.8983,101220,,,,
$GPGGA,223238.00,3718.9784080,N,12157.0860220,W,1,0,0.0,0.0000,M,0.0000,M,0.0000,0
$GPRMC,223238.00,A,3718.9784080,N,12157.0860220,W,3.7036,166.9047,101220,,,,
$GPGGA,223239.00,3718.9768600,N,12157.0856260,W,1,0,0.0,0.0000,M,0.0000,M,0.0000,0
$GPRMC,223239.00,A,3718.9768600,N,12157.0856260,W,2.2286,167.4041,101220,,,,
$GPGGA,223240.00,3718.9760920,N,12157.0854280,W,1,0,0.0,0.0000,M,0.0000,M,0.0000,0
$GPRMC,223240.00,A,3718.9760920,N,12157.0854280,W,0.6677,167.5287,101220,,,,
$GPGGA,223241.00,3718.9760080,N,12157.0854280,W,1,0,0.0,0.0000,M,0.0000,M,0.0000,0
$GPRMC,223241.00,A,3718.9760080,N,12157.0854280,W,0.0376,167.5336,101220,,,,
$GPGGA,223242.00,3718.9759900,N,12157.0854340,W,1,0,0.0,0.0000,M,0.0000,M,0.0000,0
$GPRMC,223242.00,A,3718.9759900,N,12157.0854340,W,0.0291,167.5330,101220,,,,
$GPGGA,223243.00,3718.9759780,N,12157.0854460,W,1,0,0.0,0.0000,M,0.0000,M,0.0000,0
$GPRMC,223243.00,A,3718.9759780,N,12157.0854460,W,0.0194,167.5302,101220,,,,
$GPGGA,223244.00,3718.9759720,N,12157.0854520,W,1,0,0.0,0.0000,M,0.0000,M,0.0000,0
$GPRMC,223244.00,A,3718.9759720,N,12157.0854520,W,0.0106,167.5283,101220,,,,
$GPGGA,223245.00,3718.9759720,N,12157.0854520,W,1,0,0.0,0.0000,M,0.0000,M,0.0000,0
$GPRMC,223245.00,A,3718.9759720,N,12157.0854520,W,0.0054,167.5264,101220,,,,
$GPGGA,223246.00,3718.9759780,N,12157.0854520,W,1,0,0.0,0.0000,M,0.0000,M,0.0000,0
$GPRMC,223246.00,A,3718.9759780,N,12157.0854520,W,0.0110,167.5242,101220,,,,
$GPGGA,223247.00,3718.9759780,N,12157.0854520,W,1,0,0.0,0.0000,M,0.0000,M,0.0000,0
$GPRMC,223247.00,A,3718.9759780,N,12157.0854520,W,0.0191,167.5220,101220,,,,
$GPGGA,223248.00,3718.9759840,N,12157.0854520,W,1,0,0.0,0.0000,M,0.0000,M,0.0000,0
$GPRMC,223248.00,A,3718.9759840,N,12157.0854520,W,0.0294,167.5201,101220,,,,
$GPGGA,223249.00,3718.9759960,N,12157.0854460,W,1,0,0.0,0.0000,M,0.0000,M,0.0000,0
$GPRMC,223249.00,A,3718.9759960,N,12157.0854460,W,0.0335,167.5225,101220,,,,
$GPGGA,223250.00,3718.9758460,N,12157.0853860,W,1,0,0.0,0.0000,M,0.0000,M,0.0000,0
$GPRMC,223250.00,A,3718.9758460,N,12157.0853860,W,0.8915,167.5482,101220,,,,
$GPGGA,223251.00,3718.9747780,N,12157.0850200,W,1,0,0.0,0.0000,M,0.0000,M,0.0000,0
$GPRMC,223251.00,A,3718.9747780,N,12157.0850200,W,3.1481,166.0153,101220,,,,
$GPGGA,223252.00,3718.9728340,N,12157.0838740,W,1,0,0.0,0.0000,M,0.0000,M,0.0000,0
$GPRMC,223252.00,A,3718.9728340,N,12157.0838740,W,4.8145,155.9382,101220,,,,
$GPGGA,223253.00,3718.9705720,N,12157.0813780,W,1,0,0.0,0.0000,M,0.0000,M,0.0000,0
$GPRMC,223253.00,A,3718.9705720,N,12157.0813780,W,6.6190,137.5399,101220,,,,
$GPGGA,223254.00,3718.9686760,N,12157.0772440,W,1,0,0.0,0.0000,M,0.0000,M,0.0000,0
$GPRMC,223254.00,A,3718.9686760,N,12157.0772440,W,7.6204,116.4554,101220,,,,
$GPGGA,223255.00,3718.9680040,N,12157.0720840,W,1,0,0.0,0.0000,M,0.0000,M,0.0000,0
$GPRMC,223255.00,A,3718.9680040,N,12157.0720840,W,8.3433,95.4921,101220,,,,
$GPGGA,223256.00,3718.9680280,N,12157.0659940,W,1,0,0.0,0.0000,M,0.0000,M,0.0000,0
$GPRMC,223256.00,A,3718.9680280,N,12157.0659940,W,9.7889,90.2178,101220,,,,
$GPGGA,223257.00,3718.9680460,N,12157.0589860,W,1,0,0.0,0.0000,M,0.0000,M,0.0000,0
$GPRMC,223257.00,A,3718.9680460,N,12157.0589860,W,10.6110,90.2604,101220,,,,
$GPGGA,223258.00,3718.9679680,N,12157.0518340,W,1,0,0.0,0.0000,M,0.0000,M,0.0000,0
$GPRMC,223258.00,A,3718.9679680,N,12157.0518340,W,10.4809,91.3243,101220,,,,
$GPGGA,223259.00,3718.9678120,N,12157.0449040,W,1,0,0.0,0.0000,M,0.0000,M,0.0000,0
$GPRMC,223259.00,A,3718.9678120,N,12157.0449040,W,9.8151,91.8430,101220,,,,
$GPGGA,223300.00,3718.9676500,N,12157.0388500,W,1,0,0.0,0.0000,M,0.0000,M,0.0000,0
$GPRMC,223300.00,A,3718.9676500,N,12157.0388500,W,7.9912,92.2224,101220,,,,
$GPGGA,223301.00,3718.9675000,N,12157.0341400,W,1,0,0.0,0.0000,M,0.0000,M,0.0000,0
$GPRMC,223301.00,A,3718.9675000,N,12157.0341400,W,5.8983,92.4802,101220,,,,
$GPGGA,223302.00,3718.9673860,N,12157.0308580,W,1,0,0.0,0.0000,M,0.0000,M,0.0000,0
$GPRMC,223302.00,A,3718.9673860,N,12157.0308580,W,3.9022,92.4687,101220,,,,
$GPGGA,223303.00,3718.9673200,N,12157.0288120,W,1,0,0.0,0.0000,M,0.0000,M,0.0000,0
$GPRMC,223303.00,A,3718.9673200,N,12157.0288120,W,2.2219,92.4658,101220,,,,
$GPGGA,223304.00,3718.9672780,N,12157.0277080,W,1,0,0.0,0.0000,M,0.0000,M,0.0000,0
$GPRMC,223304.00,A,3718.9672780,N,12157.0277080,W,1.0000,92.4500,101220,,,,
$GPGGA,223305.00,3718.9672660,N,12157.0273900,W,1,0,0.0,0.0000,M,0.0000,M,0.0000,0
$GPRMC,223305.00,A,3718.9672660,N,12157.0273900,W,0.0585,92.4333,101220,,,,
$GPGGA,223306.00,3718.9672660,N,12157.0273960,W,1,0,0.0,0.0000,M,0.0000,M,0.0000,0
$GPRMC,223306.00,A,3718.9672660,N,12157.0273960,W,0.0067,92.4316,101220,,,,
$GPGGA,223307.00,3718.9672600,N,12157.0273960,W,1,0,0.0,0.0000,M,0.0000,M,0.0000,0
$GPRMC,223307.00,A,3718.9672600,N,12157.0273960,W,0.0050,92.4276,101220,,,,
$GPGGA,223308.00,3718.9672600,N,12157.0273960,W,1,0,0.0,0.0000,M,0.0000,M,0.0000,0
$GPRMC,223308.00,A,3718.9672600,N,12157.0273960,W,0.0040,92.4272,101220,,,,
$GPGGA,223309.00,3718.9672600,N,12157.0273960,W,1,0,0.0,0.0000,M,0.0000,M,0.0000,0
$GPRMC,223309.00,A,3718.9672600,N,12157.0273960,W,0.0040,92.4255,101220,,,,
$GPGGA,223310.00,3718.9672600,N,12157.0273960,W,1,0,0.0,0.0000,M,0.0000,M,0.0000,0
$GPRMC,223310.00,A,3718.9672600,N,12157.0273960,W,0.0041,92.4238,101220,,,,
$GPGGA,223311.00,3718.9672600,N,12157.0273960,W,1,0,0.0,0.0000,M,0.0000,M,0.0000,0
$GPRMC,223311.00,A,3718.9672600,N,12157.0273960,W,0.0032,92.4225,101220,,,,
$GPGGA,223312.00,3718.9672600,N,12157.0273960,W,1,0,0.0,0.0000,M,0.0000,M,0.0000,0
$GPRMC,223312.00,A,3718.9672600,N,12157.0273960,W,0.0030,92.4207,101220,,,,
$GPGGA,223313.00,3718.9672600,N,12157.0273960,W,1,0,0.0,0.0000,M,0.0000,M,0.0000,0
$GPRMC,223313.00,A,3718.9672600,N,12157.0273960,W,0.0020,92.4189,101220,,,,
$GPGGA,223314.00,3718.9672600,N,12157.0273960,W,1,0,0.0,0.0000,M,0.0000,M,0.0000,0
$GPRMC,223314.00,A,3718.9672600,N,12157.0273960,W,0.0020,92.4170,101220,,,,
$GPGGA,223315.00,3718.9672600,N,12157.0273960,W,1,0,0.0,0.0000,M,0.0000,M,0.0000,0
$GPRMC,223315.00,A,3718.9672600,N,12157.0273960,W,0.0020,92.4153,101220,,,,
$GPGGA,223316.00,3718.9672600,N,12157.0273960,W,1,0,0.0,0.0000,M,0.0000,M,0.0000,0
$GPRMC,223316.00,A,3718.9672600,N,12157.0273960,W,0.0014,92.4138,101220,,,,
$GPGGA,223317.00,3718.9672600,N,12157.0273960,W,1,0,0.0,0.0000,M,0.0000,M,0.0000,0
$GPRMC,223317.00,A,3718.9672600,N,12157.0273960,W,0.0022,92.4122,101220,,,,
$GPGGA,223318.00,3718.9672600,N,12157.0273960,W,1,0,0.0,0.0000,M,0.0000,M,0.0000,0
$GPRMC,223318.00,A,3718.9672600,N,12157.0273960,W,0.0010,92.4105,101220,,,,
$GPGGA,223319.00,3718.9672600,N,12157.0273960,W,1,0,0.0,0.0000,M,0.0000,M,0.0000,0
$GPRMC,223319.00,A,3718.9672600,N,12157.0273960,W,0.0010,92.4085,101220,,,,
$GPGGA,223320.00,3718.9672600,N,12157.0273960,W,1,0,0.0,0.0000,M,0.0000,M,0.0000,0
$GPRMC,223320.00,A,3718.9672600,N,12157.0273960,W,0.0010,92.4070,101220,,,,
$GPGGA,223321.00,3718.9672600,N,12157.0273960,W,1,0,0.0,0.0000,M,0.0000,M,0.0000,0
$GPRMC,223321.00,A,3718.9672600,N,12157.0273960,W,0.0020,92.4054,101220,,,,
$GPGGA,223322.00,3718.9672600,N,12157.0273960,W,1,0,0.0,0.0000,M,0.0000,M,0.0000,0
$GPRMC,223322.00,A,3718.9672600,N,12157.0273960,W,0.0030,92.4035,101220,,,,
$GPGGA,223323.00,3718.9672600,N,12157.0273960,W,1,0,0.0,0.0000,M,0.0000,M,0.0000,0
$GPRMC,223323.00,A,3718.9672600,N,12157.0273960,W,0.0014,92.4024,101220,,,,
$GPGGA,223324.00,3718.9672600,N,12157.0273960,W,1,0,0.0,0.0000,M,0.0000,M,0.0000,0
$GPRMC,223324.00,A,3718.9672600,N,12157.0273960,W,0.0020,92.4008,101220,,,,
$GPGGA,223325.00,3718.9672600,N,12157.0273960,W,1,0,0.0,0.0000,M,0.0000,M,0.0000,0
$GPRMC,223325.00,A,3718.9672600,N,12157.0273960,W,0.0014,92.3994,101220,,,,
$GPGGA,223326.00,3718.9672600,N,12157.0273960,W,1,0,0.0,0.0000,M,0.0000,M,0.0000,0
$GPRMC,223326.00,A,3718.9672600,N,12157.0273960,W,0.0014,92.3978,101220,,,,
$GPGGA,223327.00,3718.9672600,N,12157.0273960,W,1,0,0.0,0.0000,M,0.0000,M,0.0000,0
$GPRMC,223327.00,A,3718.9672600,N,12157.0273960,W,0.0020,92.3955,101220,,,,
$GPGGA,223328.00,3718.9672600,N,12157.0273960,W,1,0,0.0,0.0000,M,0.0000,M,0.0000,0
$GPRMC,223328.00,A,3718.9672600,N,12157.0273960,W,0.0014,92.3939,101220,,,,
$GPGGA,223329.00,3718.9672600,N,12157.0273960,W,1,0,0.0,0.0000,M,0.0000,M,0.0000,0
$GPRMC,223329.00,A,3718.9672600,N,12157.0273960,W,0.0022,92.3923,101220,,,,
$GPGGA,223330.00,3718.9672600,N,12157.0273960,W,1,0,0.0,0.0000,M,0.0000,M,0.0000,0
$GPRMC,223330.00,A,3718.9672600,N,12157.0273960,W,0.0022,92.3909,101220,,,,
$GPGGA,223331.00,3718.9672600,N,12157.0273960,W,1,0,0.0,0.0000,M,0.0000,M,0.0000,0
$GPRMC,223331.00,A,3718.9672600,N,12157.0273960,W,0.0022,92.3893,101220,,,,
$GPGGA,223332.00,3718.9672600,N,12157.0273960,W,1,0,0.0,0.0000,M,0.0000,M,0.0000,0
$GPRMC,223332.00,A,3718.9672600,N,12157.0273960,W,0.0022,92.3877,101220,,,,
$GPGGA,223333.00,3718.9672600,N,12157.0273960,W,1,0,0.0,0.0000,M,0.0000,M,0.0000,0
$GPRMC,223333.00,A,3718.9672600,N,12157.0273960,W,0.0022,92.3859,101220,,,,
$GPGGA,223334.00,3718.9672600,N,12157.0273960,W,1,0,0.0,0.0000,M,0.0000,M,0.0000,0
$GPRMC,223334.00,A,3718.9672600,N,12157.0273960,W,0.0022,92.3841,101220,,,,
$GPGGA,223335.00,3718.9672600,N,12157.0273960,W,1,0,0.0,0.0000,M,0.0000,M,0.0000,0
$GPRMC,223335.00,A,3718.9672600,N,12157.0273960,W,0.0022,92.3825,101220,,,,
$GPGGA,223336.00,3718.9672600,N,12157.0273960,W,1,0,0.0,0.0000,M,0.0000,M,0.0000,0
$GPRMC,223336.00,A,3718.9672600,N,12157.0273960,W,0.0020,92.3810,101220,,,,
$GPGGA,223337.00,3718.9672600,N,12157.0273960,W,1,0,0.0,0.0000,M,0.0000,M,0.0000,0
$GPRMC,223337.00,A,3718.9672600,N,12157.0273960,W,0.0020,92.3795,101220,,,,
$GPGGA,223338.00,3718.9672600,N,12157.0273960,W,1,0,0.0,0.0000,M,0.0000,M,0.0000,0
$GPRMC,223338.00,A,3718.9672600,N,12157.0273960,W,0.0020,92.3778,101220,,,,
$GPGGA,223339.00,3718.9672600,N,12157.0273960,W,1,0,0.0,0.0000,M,0.0000,M,0.0000,0
$GPRMC,223339.00,A,3718.9672600,N,12157.0273960,W,0.0022,92.3762,101220,,,,
$GPGGA,223340.00,3718.9672600,N,12157.0273960,W,1,0,0.0,0.0000,M,0.0000,M,0.0000,0
$GPRMC,223340.00,A,3718.9672600,N,12157.0273960,W,0.0022,92.3743,101220,,,,
$GPGGA,223341.00,3718.9672600,N,12157.0273960,W,1,0,0.0,0.0000,M,0.0000,M,0.0000,0
$GPRMC,223341.00,A,3718.9672600,N,12157.0273960,W,0.0032,92.3727,101220,,,,
$GPGGA,223342.00,3718.9672600,N,12157.0273960,W,1,0,0.0,0.0000,M,0.0000,M,0.0000,0
$GPRMC,223342.00,A,3718.9672600,N,12157.0273960,W,0.0032,92.3712,101220,,,,
$GPGGA,223343.00,3718.9672600,N,12157.0273960,W,1,0,0.0,0.0000,M,0.0000,M,0.0000,0
$GPRMC,223343.00,A,3718.9672600,N,12157.0273960,W,0.0032,92.3698,101220,,,,
$GPGGA,223344.00,3718.9672600,N,12157.0273960,W,1,0,0.0,0.0000,M,0.0000,M,0.0000,0
$GPRMC,223344.00,A,3718.9672600,N,12157.0273960,W,0.0022,92.3682,101220,,,,
$GPGGA,223345.00,3718.9672600,N,12157.0273960,W,1,0,0.0,0.0000,M,0.0000,M,0.0000,0
$GPRMC,223345.00,A,3718.9672600,N,12157.0273960,W,0.0022,92.3665,101220,,,,
$GPGGA,223346.00,3718.9672600,N,12157.0273960,W,1,0,0.0,0.0000,M,0.0000,M,0.0000,0
$GPRMC,223346.00,A,3718.9672600,N,12157.0273960,W,0.0022,92.3649,101220,,,,
$GPGGA,223347.00,3718.9672600,N,12157.0273960,W,1,0,0.0,0.0000,M,0.0000,M,0.0000,0
$GPRMC,223347.00,A,3718.9672600,N,12157.0273960,W,0.0010,92.3632,101220,,,,
$GPGGA,223348.00,3718.9672600,N,12157.0273960,W,1,0,0.0,0.0000,M,0.0000,M,0.0000,0
$GPRMC,223348.00,A,3718.9672600,N,12157.0273960,W,0.0014,92.3617,101220,,,,
$GPGGA,223349.00,3718.9672600,N,12157.0273960,W,1,0,0.0,0.0000,M,0.0000,M,0.0000,0
$GPRMC,223349.00,A,3718.9672600,N,12157.0273960,W,0.0020,92.3604,101220,,,,
$GPGGA,223350.00,3718.9672600,N,12157.0273960,W,1,0,0.0,0.0000,M,0.0000,M,0.0000,0
$GPRMC,223350.00,A,3718.9672600,N,12157.0273960,W,0.0041,92.3586,101220,,,,
$GPGGA,223351.00,3718.9672600,N,12157.0273960,W,1,0,0.0,0.0000,M,0.0000,M,0.0000,0
$GPRMC,223351.00,A,3718.9672600,N,12157.0273960,W,0.0061,92.3569,101220,,,,
$GPGGA,223352.00,3718.9672600,N,12157.0273960,W,1,0,0.0,0.0000,M,0.0000,M,0.0000,0
$GPRMC,223352.00,A,3718.9672600,N,12157.0273960,W,0.0095,92.3552,101220,,,,
$GPGGA,223353.00,3718.9672600,N,12157.0274020,W,1,0,0.0,0.0000,M,0.0000,M,0.0000,0
$GPRMC,223353.00,A,3718.9672600,N,12157.0274020,W,0.0136,92.3536,101220,,,,
$GPGGA,223354.00,3718.9672600,N,12157.0274020,W,1,0,0.0,0.0000,M,0.0000,M,0.0000,0
$GPRMC,223354.00,A,3718.9672600,N,12157.0274020,W,0.0180,92.3519,101220,,,,
$GPGGA,223355.00,3718.9672600,N,12157.0274080,W,1,0,0.0,0.0000,M,0.0000,M,0.0000,0
$GPRMC,223355.00,A,3718.9672600,N,12157.0274080,W,0.0244,92.3503,101220,,,,
$GPGGA,223356.00,3718.9672660,N,12157.0274200,W,1,0,0.0,0.0000,M,0.0000,M,0.0000,0
$GPRMC,223356.00,A,3718.9672660,N,12157.0274200,W,0.0383,92.3486,101220,,,,
$GPGGA,223357.00,3718.9672660,N,12157.0271140,W,1,0,0.0,0.0000,M,0.0000,M,0.0000,0
$GPRMC,223357.00,A,3718.9672660,N,12157.0271140,W,0.9773,92.3104,101220,,,,
$GPGGA,223358.00,3718.9672420,N,12157.0260520,W,1,0,0.0,0.0000,M,0.0000,M,0.0000,0
$GPRMC,223358.00,A,3718.9672420,N,12157.0260520,W,2.1960,92.2426,101220,,,,
$GPGGA,223359.00,3718.9672060,N,12157.0239640,W,1,0,0.0,0.0000,M,0.0000,M,0.0000,0
$GPRMC,223359.00,A,3718.9672060,N,12157.0239640,W,4.0240,91.6459,101220,,,,
$GPGGA,223400.00,3718.9673080,N,12157.0206520,W,1,0,0.0,0.0000,M,0.0000,M,0.0000,0
$GPRMC,223400.00,A,3718.9673080,N,12157.0206520,W,5.9351,87.6611,101220,,,,
$GPGGA,223401.00,3718.9679200,N,12157.0162180,W,1,0,0.0,0.0000,M,0.0000,M,0.0000,0
$GPRMC,223401.00,A,3718.9679200,N,12157.0162180,W,7.0900,78.3975,101220,,,,
$GPGGA,223402.00,3718.9694440,N,12157.0119220,W,1,0,0.0,0.0000,M,0.0000,M,0.0000,0
$GPRMC,223402.00,A,3718.9694440,N,12157.0119220,W,6.9766,63.5180,101220,,,,
$GPGGA,223403.00,3718.9718680,N,12157.0085500,W,1,0,0.0,0.0000,M,0.0000,M,0.0000,0
$GPRMC,223403.00,A,3718.9718680,N,12157.0085500,W,6.7327,45.2648,101220,,,,
$GPGGA,223404.00,3718.9750720,N,12157.0070680,W,1,0,0.0,0.0000,M,0.0000,M,0.0000,0
$GPRMC,223404.00,A,3718.9750720,N,12157.0070680,W,6.4713,15.3521,101220,,,,
$GPGGA,223405.00,3718.9787560,N,12157.0072120,W,1,0,0.0,0.0000,M,0.0000,M,0.0000,0
$GPRMC,223405.00,A,3718.9787560,N,12157.0072120,W,7.6289,359.5587,101220,,,,
$GPGGA,223406.00,3718.9836700,N,12157.0073080,W,1,0,0.0,0.0000,M,0.0000,M,0.0000,0
$GPRMC,223406.00,A,3718.9836700,N,12157.0073080,W,10.7075,359.7342,101220,,,,
$GPGGA,223407.00,3718.9903900,N,12157.0073320,W,1,0,0.0,0.0000,M,0.0000,M,0.0000,0
$GPRMC,223407.00,A,3718.9903900,N,12157.0073320,W,14.0839,0.1159,101220,,,,
$GPGGA,223408.00,3718.9985200,N,12157.0073680,W,1,0,0.0,0.0000,M,0.0000,M,0.0000,0
$GPRMC,223408.00,A,3718.9985200,N,12157.0073680,W,15.4010,0.0497,101220,,,,
$GPGGA,223409.00,3719.0068840,N,12157.0074160,W,1,0,0.0,0.0000,M,0.0000,M,0.0000,0
$GPRMC,223409.00,A,3719.0068840,N,12157.0074160,W,15.4562,359.9280,101220,,,,
$GPGGA,223410.00,3719.0149420,N,12157.0074580,W,1,0,0.0,0.0000,M,0.0000,M,0.0000,0
$GPRMC,223410.00,A,3719.0149420,N,12157.0074580,W,13.7645,359.5486,101220,,,,
$GPGGA,223411.00,3719.0214520,N,12157.0075900,W,1,0,0.0,0.0000,M,0.0000,M,0.0000,0
$GPRMC,223411.00,A,3719.0214520,N,12157.0075900,W,10.1189,359.0034,101220,,,,
$GPGGA,223412.00,3719.0257480,N,12157.0077040,W,1,0,0.0,0.0000,M,0.0000,M,0.0000,0
$GPRMC,223412.00,A,3719.0257480,N,12157.0077040,W,5.7463,358.8712,101220,,,,
$GPGGA,223413.00,3719.0277280,N,12157.0077520,W,1,0,0.0,0.0000,M,0.0000,M,0.0000,0
$GPRMC,223413.00,A,3719.0277280,N,12157.0077520,W,1.8105,358.9911,101220,,,,
$GPGGA,223414.00,3719.0280700,N,12157.0077520,W,1,0,0.0,0.0000,M,0.0000,M,0.0000,0
$GPRMC,223414.00,A,3719.0280700,N,12157.0077520,W,0.0213,358.9872,101220,,,,
$GPGGA,223415.00,3719.0280700,N,12157.0077520,W,1,0,0.0,0.0000,M,0.0000,M,0.0000,0
$GPRMC,223415.00,A,3719.0280700,N,12157.0077520,W,0.0050,358.9890,101220,,,,
$GPGGA,223416.00,3719.0280700,N,12157.0077520,W,1,0,0.0,0.0000,M,0.0000,M,0.0000,0
$GPRMC,223416.00,A,3719.0280700,N,12157.0077520,W,0.0071,358.9853,101220,,,,
$GPGGA,223417.00,3719.0280700,N,12157.0077520,W,1,0,0.0,0.0000,M,0.0000,M,0.0000,0
$GPRMC,223417.00,A,3719.0280700,N,12157.0077520,W,0.0064,358.9834,101220,,,,
$GPGGA,223418.00,3719.0280700,N,12157.0077520,W,1,0,0.0,0.0000,M,0.0000,M,0.0000,0
$GPRMC,223418.00,A,3719.0280700,N,12157.0077520,W,0.0072,358.9817,101220,,,,
$GPGGA,223419.00,3719.0280640,N,12157.0077520,W,1,0,0.0,0.0000,M,0.0000,M,0.0000,0
$GPRMC,223419.00,A,3719.0280640,N,12157.0077520,W,0.0072,358.9802,101220,,,,
$GPGGA,223420.00,3719.0280640,N,12157.0077520,W,1,0,0.0,0.0000,M,0.0000,M,0.0000,0
$GPRMC,223420.00,A,3719.0280640,N,12157.0077520,W,0.0072,358.9784,101220,,,,
$GPGGA,223421.00,3719.0280640,N,12157.0077460,W,1,0,0.0,0.0000,M,0.0000,M,0.0000,0
$GPRMC,223421.00,A,3719.0280640,N,12157.0077460,W,0.0072,358.9767,101220,,,,
$GPGGA,223422.00,3719.0280580,N,12157.0077460,W,1,0,0.0,0.0000,M,0.0000,M,0.0000,0
$GPRMC,223422.00,A,3719.0280580,N,12157.0077460,W,0.0064,358.9749,101220,,,,
$GPGGA,223423.00,3719.0280580,N,12157.0077460,W,1,0,0.0,0.0000,M,0.0000,M,0.0000,0
$GPRMC,223423.00,A,3719.0280580,N,12157.0077460,W,0.0064,358.9732,101220,,,,
$GPGGA,223424.00,3719.0280520,N,12157.0077460,W,1,0,0.0,0.0000,M,0.0000,M,0.0000,0
$GPRMC,223424.00,A,3719.0280520,N,12157.0077460,W,0.0057,358.9717,101220,,,,
$GPGGA,223425.00,3719.0280520,N,12157.0077400,W,1,0,0.0,0.0000,M,0.0000,M,0.0000,0
$GPRMC,223425.00,A,3719.0280520,N,12157.0077400,W,0.0064,358.9700,101220,,,,
$GPGGA,223426.00,3719.0280460,N,12157.0077400,W,1,0,0.0,0.0000,M,0.0000,M,0.0000,0
$GPRMC,223426.00,A,3719.0280460,N,12157.0077400,W,0.0054,358.9682,101220,,,,
$GPGGA,223427.00,3719.0280460,N,12157.0077400,W,1,0,0.0,0.0000,M,0.0000,M,0.0000,0
$GPRMC,223427.00,A,3719.0280460,N,12157.0077400,W,0.0045,358.9665,101220,,,,
$GPGGA,223428.00,3719.0280460,N,12157.0077400,W,1,0,0.0,0.0000,M,0.0000,M,0.0000,0
$GPRMC,223428.00,A,3719.0280460,N,12157.0077400,W,0.0051,358.9650,101220,,,,
$GPGGA,223429.00,3719.0280460,N,12157.0077400,W,1,0,0.0,0.0000,M,0.0000,M,0.0000,0
$GPRMC,223429.00,A,3719.0280460,N,12157.0077400,W,0.0045,358.9634,101220,,,,
$GPGGA,223430.00,3719.0280460,N,12157.0077400,W,1,0,0.0,0.0000,M,0.0000,M,0.0000,0
$GPRMC,223430.00,A,3719.0280460,N,12157.0077400,W,0.0041,358.9618,101220,,,,
$GPGGA,223431.00,3719.0280460,N,12157.0077400,W,1,0,0.0,0.0000,M,0.0000,M,0.0000,0
$GPRMC,223431.00,A,3719.0280460,N,12157.0077400,W,0.0041,358.9602,101220,,,,
$GPGGA,223432.00,3719.0280460,N,12157.0077400,W,1,0,0.0,0.0000,M,0.0000,M,0.0000,0
$GPRMC,223432.00,A,3719.0280460,N,12157.0077400,W,0.0032,358.9584,101220,,,,
$GPGGA,223433.00,3719.0280460,N,12157.0077400,W,1,0,0.0,0.0000,M,0.0000,M,0.0000,0
$GPRMC,223433.00,A,3719.0280460,N,12157.0077400,W,0.0030,358.9568,101220,,,,
$GPGGA,223434.00,3719.0280460,N,12157.0077400,W,1,0,0.0,0.0000,M,0.0000,M,0.0000,0
$GPRMC,223434.00,A,3719.0280460,N,12157.0077400,W,0.0032,358.9551,101220,,,,
$GPGGA,223435.00,3719.0280460,N,12157.0077400,W,1,0,0.0,0.0000,M,0.0000,M,0.0000,0
$GPRMC,223435.00,A,3719.0280460,N,12157.0077400,W,0.0032,358.9534,101220,,,,
$GPGGA,223436.00,3719.0280460,N,12157.0077400,W,1,0,0.0,0.0000,M,0.0000,M,0.0000,0
$GPRMC,223436.00,A,3719.0280460,N,12157.0077400,W,0.0022,358.9518,101220,,,,
$GPGGA,223437.00,3719.0280280,N,12157.0077400,W,1,0,0.0,0.0000,M,0.0000,M,0.0000,0
$GPRMC,223437.00,A,3719.0280280,N,12157.0077400,W,0.0028,358.9503,101220,,,,
$GPGGA,223438.00,3719.0280160,N,12157.0077340,W,1,0,0.0,0.0000,M,0.0000,M,0.0000,0
$GPRMC,223438.00,A,3719.0280160,N,12157.0077340,W,0.0028,358.9488,101220,,,,
$GPGGA,223439.00,3719.0280160,N,12157.0077340,W,1,0,0.0,0.0000,M,0.0000,M,0.0000,0
$GPRMC,223439.00,A,3719.0280160,N,12157.0077340,W,0.0022,358.9471,101220,,,,
$GPGGA,223440.00,3719.0280160,N,12157.0077340,W,1,0,0.0,0.0000,M,0.0000,M,0.0000,0
$GPRMC,223440.00,A,3719.0280160,N,12157.0077340,W,0.0028,358.9455,101220,,,,
$GPGGA,223441.00,3719.0280160,N,12157.0077340,W,1,0,0.0,0.0000,M,0.0000,M,0.0000,0
$GPRMC,223441.00,A,3719.0280160,N,12157.0077340,W,0.0032,358.9438,101220,,,,
$GPGGA,223442.00,3719.0280160,N,12157.0077340,W,1,0,0.0,0.0000,M,0.0000,M,0.0000,0
$GPRMC,223442.00,A,3719.0280160,N,12157.0077340,W,0.0032,358.9422,101220,,,,
$GPGGA,223443.00,3719.0280160,N,12157.0077340,W,1,0,0.0,0.0000,M,0.0000,M,0.0000,0
$GPRMC,223443.00,A,3719.0280160,N,12157.0077340,W,0.0030,358.9406,101220,,,,
$GPGGA,223444.00,3719.0280160,N,12157.0077340,W,1,0,0.0,0.0000,M,0.0000,M,0.0000,0
$GPRMC,223444.00,A,3719.0280160,N,12157.0077340,W,0.0040,358.9391,101220,,,,
$GPGGA,223445.00,3719.0280160,N,12157.0077340,W,1,0,0.0,0.0000,M,0.0000,M,0.0000,0
$GPRMC,223445.00,A,3719.0280160,N,12157.0077340,W,0.0040,358.9377,101220,,,,
$GPGGA,223446.00,3719.0280160,N,12157.0077340,W,1,0,0.0,0.0000,M,0.0000,M,0.0000,0
$GPRMC,223446.00,A,3719.0280160,N,12157.0077340,W,0.0040,358.9359,101220,,,,
$GPGGA,223447.00,3719.0280160,N,12157.0077340,W,1,0,0.0,0.0000,M,0.0000,M,0.0000,0
$GPRMC,223447.00,A,3719.0280160,N,12157.0077340,W,0.0040,358.9342,101220,,,,
$GPGGA,223448.00,3719.0280160,N,12157.0077340,W,1,0,0.0,0.0000,M,0.0000,M,0.0000,0
$GPRMC,223448.00,A,3719.0280160,N,12157.0077340,W,0.0040,358.9325,101220,,,,
$GPGGA,223449.00,3719.0280160,N,12157.0077340,W,1,0,0.0,0.0000,M,0.0000,M,0.0000,0
$GPRMC,223449.00,A,3719.0280160,N,12157.0077340,W,0.0040,358.9311,101220,,,,
$GPGGA,223450.00,3719.0280160,N,12157.0077340,W,1,0,0.0,0.0000,M,0.0000,M,0.0000,0
$GPRMC,223450.00,A,3719.0280160,N,12157.0077340,W,0.0040,358.9296,101220,,,,
$GPGGA,223451.00,3719.0280160,N,12157.0077340,W,1,0,0.0,0.0000,M,0.0000,M,0.0000,0
$GPRMC,223451.00,A,3719.0280160,N,12157.0077340,W,0.0040,358.9281,101220,,,,
$GPGGA,223452.00,3719.0280160,N,12157.0077340,W,1,0,0.0,0.0000,M,0.0000,M,0.0000,0
$GPRMC,223452.00,A,3719.0280160,N,12157.0077340,W,0.0040,358.9265,101220,,,,
$GPGGA,223453.00,3719.0280160,N,12157.0077340,W,1,0,0.0,0.0000,M,0.0000,M,0.0000,0
$GPRMC,223453.00,A,3719.0280160,N,12157.0077340,W,0.0041,358.9249,101220,,,,
$GPGGA,223454.00,3719.0280160,N,12157.0077340,W,1,0,0.0,0.0000,M,0.0000,M,0.0000,0
$GPRMC,223454.00,A,3719.0280160,N,12157.0077340,W,0.0051,358.9232,101220,,,,
$GPGGA,223455.00,3719.0280160,N,12157.0077340,W,1,0,0.0,0.0000,M,0.0000,M,0.0000,0
$GPRMC,223455.00,A,3719.0280160,N,12157.0077340,W,0.0051,358.9217,101220,,,,
$GPGGA,223456.00,3719.0280160,N,12157.0077340,W,1,0,0.0,0.0000,M,0.0000,M,0.0000,0
$GPRMC,223456.00,A,3719.0280160,N,12157.0077340,W,0.0041,358.9203,101220,,,,
$GPGGA,223457.00,3719.0280160,N,12157.0077340,W,1,0,0.0,0.0000,M,0.0000,M,0.0000,0
$GPRMC,223457.00,A,3719.0280160,N,12157.0077340,W,0.0041,358.9187,101220,,,,
$GPGGA,223458.00,3719.0280160,N,12157.0077340,W,1,0,0.0,0.0000,M,0.0000,M,0.0000,0
$GPRMC,223458.00,A,3719.0280160,N,12157.0077340,W,0.0045,358.9171,101220,,,,
$GPGGA,223459.00,3719.0280160,N,12157.0077340,W,1,0,0.0,0.0000,M,0.0000,M,0.0000,0
$GPRMC,223459.00,A,3719.0280160,N,12157.0077340,W,0.0045,358.9154,101220,,,,
$GPGGA,223500.00,3719.0280160,N,12157.0077340,W,1,0,0.0,0.0000,M,0.0000,M,0.0000,0
$GPRMC,223500.00,A,3719.0280160,N,12157.0077340,W,0.0045,358.9138,101220,,,,
$GPGGA,223501.00,3719.0280160,N,12157.0077340,W,1,0,0.0,0.0000,M,0.0000,M,0.0000,0
$GPRMC,223501.00,A,3719.0280160,N,12157.0077340,W,0.0041,358.9125,101220,,,,
$GPGGA,223502.00,3719.0280160,N,12157.0077340,W,1,0,0.0,0.0000,M,0.0000,M,0.0000,0
$GPRMC,223502.00,A,3719.0280160,N,12157.0077340,W,0.0045,358.9109,101220,,,,
$GPGGA,223503.00,3719.0280160,N,12157.0077340,W,1,0,0.0,0.0000,M,0.0000,M,0.0000,0
$GPRMC,223503.00,A,3719.0280160,N,12157.0077340,W,0.0041,358.9092,101220,,,,
$GPGGA,223504.00,3719.0280160,N,12157.0077340,W,1,0,0.0,0.0000,M,0.0000,M,0.0000,0
$GPRMC,223504.00,A,3719.0280160,N,12157.0077340,W,0.0041,358.9077,101220,,,,
$GPGGA,223505.00,3719.0280160,N,12157.0077340,W,1,0,0.0,0.0000,M,0.0000,M,0.0000,0
$GPRMC,223505.00,A,3719.0280160,N,12157.0077340,W,0.0041,358.9061,101220,,,,
$GPGGA,223506.00,3719.0280160,N,12157.0077340,W,1,0,0.0,0.0000,M,0.0000,M,0.0000,0
$GPRMC,223506.00,A,3719.0280160,N,12157.0077340,W,0.0041,358.9044,101220,,,,
$GPGGA,223507.00,3719.0280160,N,12157.0077340,W,1,0,0.0,0.0000,M,0.0000,M,0.0000,0
$GPRMC,223507.00,A,3719.0280160,N,12157.0077340,W,0.0041,358.9030,101220,,,,
$GPGGA,223508.00,3719.0280160,N,12157.0077340,W,1,0,0.0,0.0000,M,0.0000,M,0.0000,0
$GPRMC,223508.00,A,3719.0280160,N,12157.0077340,W,0.0030,358.9015,101220,,,,
$GPGGA,223509.00,3719.0280160,N,12157.0077340,W,1,0,0.0,0.0000,M,0.0000,M,0.0000,0
$GPRMC,223509.00,A,3719.0280160,N,12157.0077340,W,0.0030,358.9001,101220,,,,
$GPGGA,223510.00,3719.0280160,N,12157.0077340,W,1,0,0.0,0.0000,M,0.0000,M,0.0000,0
$GPRMC,223510.00,A,3719.0280160,N,12157.0077340,W,0.0032,358.8985,101220,,,,
$GPGGA,223511.00,3719.0280160,N,12157.0077340,W,1,0,0.0,0.0000,M,0.0000,M,0.0000,0
$GPRMC,223511.00,A,3719.0280160,N,12157.0077340,W,0.0032,358.8969,101220,,,,
$GPGGA,223512.00,3719.0280160,N,12157.0077340,W,1,0,0.0,0.0000,M,0.0000,M,0.0000,0
$GPRMC,223512.00,A,3719.0280160,N,12157.0077340,W,0.0032,358.8952,101220,,,,
$GPGGA,223513.00,3719.0280160,N,12157.0077340,W,1,0,0.0,0.0000,M,0.0000,M,0.0000,0
$GPRMC,223513.00,A,3719.0280160,N,12157.0077340,W,0.0032,358.8938,101220,,,,
$GPGGA,223514.00,3719.0280160,N,12157.0077340,W,1,0,0.0,0.0000,M,0.0000,M,0.0000,0
$GPRMC,223514.00,A,3719.0280160,N,12157.0077340,W,0.0032,358.8922,101220,,,,
$GPGGA,223515.00,3719.0280160,N,12157.0077340,W,1,0,0.0,0.0000,M,0.0000,M,0.0000,0
$GPRMC,223515.00,A,3719.0280160,N,12157.0077340,W,0.0030,358.8907,101220,,,,
$GPGGA,223516.00,3719.0280160,N,12157.0077340,W,1,0,0.0,0.0000,M,0.0000,M,0.0000,0
$GPRMC,223516.00,A,3719.0280160,N,12157.0077340,W,0.0030,358.8893,101220,,,,
$GPGGA,223517.00,3719.0280160,N,12157.0077340,W,1,0,0.0,0.0000,M,0.0000,M,0.0000,0
$GPRMC,223517.00,A,3719.0280160,N,12157.0077340,W,0.0030,358.8876,101220,,,,
$GPGGA,223518.00,3719.0280160,N,12157.0077340,W,1,0,0.0,0.0000,M,0.0000,M,0.0000,0
$GPRMC,223518.00,A,3719.0280160,N,12157.0077340,W,0.0030,358.8860,101220,,,,
$GPGGA,223519.00,3719.0280160,N,12157.0077340,W,1,0,0.0,0.0000,M,0.0000,M,0.0000,0
$GPRMC,223519.00,A,3719.0280160,N,12157.0077340,W,0.0020,358.8845,101220,,,,
$GPGGA,223520.00,3719.0280160,N,12157.0077340,W,1,0,0.0,0.0000,M,0.0000,M,0.0000,0
$GPRMC,223520.00,A,3719.0280160,N,12157.0077340,W,0.0022,358.8831,101220,,,,
$GPGGA,223521.00,3719.0280160,N,12157.0077340,W,1,0,0.0,0.0000,M,0.0000,M,0.0000,0
$GPRMC,223521.00,A,3719.0280160,N,12157.0077340,W,0.0022,358.8816,101220,,,,
$GPGGA,223522.00,3719.0280160,N,12157.0077340,W,1,0,0.0,0.0000,M,0.0000,M,0.0000,0
$GPRMC,223522.00,A,3719.0280160,N,12157.0077340,W,0.0022,358.8800,101220,,,,
$GPGGA,223523.00,3719.0280160,N,12157.0077400,W,1,0,0.0,0.0000,M,0.0000,M,0.0000,0
$GPRMC,223523.00,A,3719.0280160,N,12157.0077400,W,0.0022,358.8784,101220,,,,
$GPGGA,223524.00,3719.0280160,N,12157.0077400,W,1,0,0.0,0.0000,M,0.0000,M,0.0000,0
$GPRMC,223524.00,A,3719.0280160,N,12157.0077400,W,0.0014,358.8767,101220,,,,
$GPGGA,223525.00,3719.0280160,N,12157.0077400,W,1,0,0.0,0.0000,M,0.0000,M,0.0000,0
$GPRMC,223525.00,A,3719.0280160,N,12157.0077400,W,0.0028,358.8753,101220,,,,
$GPGGA,223526.00,3719.0280160,N,12157.0077400,W,1,0,0.0,0.0000,M,0.0000,M,0.0000,0
$GPRMC,223526.00,A,3719.0280160,N,12157.0077400,W,0.0014,358.8739,101220,,,,
$GPGGA,223527.00,3719.0280160,N,12157.0077400,W,1,0,0.0,0.0000,M,0.0000,M,0.0000,0
$GPRMC,223527.00,A,3719.0280160,N,12157.0077400,W,0.0010,358.8724,101220,,,,
$GPGGA,223528.00,3719.0280160,N,12157.0077400,W,1,0,0.0,0.0000,M,0.0000,M,0.0000,0
$GPRMC,223528.00,A,3719.0280160,N,12157.0077400,W,0.0014,358.8710,101220,,,,
$GPGGA,223529.00,3719.0280160,N,12157.0077400,W,1,0,0.0,0.0000,M,0.0000,M,0.0000,0
$GPRMC,223529.00,A,3719.0280160,N,12157.0077400,W,0.0022,358.8694,101220,,,,
$GPGGA,223530.00,3719.0280160,N,12157.0077400,W,1,0,0.0,0.0000,M,0.0000,M,0.0000,0
$GPRMC,223530.00,A,3719.0280160,N,12157.0077400,W,0.0032,358.8678,101220,,,,
$GPGGA,223531.00,3719.0280160,N,12157.0077400,W,1,0,0.0,0.0000,M,0.0000,M,0.0000,0
$GPRMC,223531.00,A,3719.0280160,N,12157.0077400,W,0.0050,358.8661,101220,,,,
$GPGGA,223532.00,3719.0280160,N,12157.0077400,W,1,0,0.0,0.0000,M,0.0000,M,0.0000,0
$GPRMC,223532.00,A,3719.0280160,N,12157.0077400,W,0.0071,358.8648,101220,,,,
$GPGGA,223533.00,3719.0280160,N,12157.0077400,W,1,0,0.0,0.0000,M,0.0000,M,0.0000,0
$GPRMC,223533.00,A,3719.0280160,N,12157.0077400,W,0.0100,358.8634,101220,,,,
$GPGGA,223534.00,3719.0280160,N,12157.0077400,W,1,0,0.0,0.0000,M,0.0000,M,0.0000,0
$GPRMC,223534.00,A,3719.0280160,N,12157.0077400,W,0.0132,358.8618,101220,,,,
$GPGGA,223535.00,3719.0280160,N,12157.0077400,W,1,0,0.0,0.0000,M,0.0000,M,0.0000,0
$GPRMC,223535.00,A,3719.0280160,N,12157.0077400,W,0.0173,358.8602,101220,,,,
$GPGGA,223536.00,3719.0280160,N,12157.0077400,W,1,0,0.0,0.0000,M,0.0000,M,0.0000,0
$GPRMC,223536.00,A,3719.0280160,N,12157.0077400,W,0.0216,358.8586,101220,,,,
$GPGGA,223537.00,3719.0280160,N,12157.0077400,W,1,0,0.0,0.0000,M,0.0000,M,0.0000,0
$GPRMC,223537.00,A,3719.0280160,N,12157.0077400,W,0.0269,358.8573,101220,,,,
$GPGGA,223538.00,3719.0280160,N,12157.0077400,W,1,0,0.0,0.0000,M,0.0000,M,0.0000,0
$GPRMC,223538.00,A,3719.0280160,N,12157.0077400,W,0.0335,358.8557,101220,,,,
$GPGGA,223539.00,3719.0280160,N,12157.0077400,W,1,0,0.0,0.0000,M,0.0000,M,0.0000,0
$GPRMC,223539.00,A,3719.0280160,N,12157.0077400,W,0.0408,358.8542,101220,,,,
$GPGGA,223540.00,3719.0280280,N,12157.0077520,W,1,0,0.0,0.0000,M,0.0000,M,0.0000,0
$GPRMC,223540.00,A,3719.0280280,N,12157.0077520,W,0.2737,358.8460,101220,,,,
$GPGGA,223541.00,3719.0286580,N,12157.0078000,W,1,0,0.0,0.0000,M,0.0000,M,0.0000,0
$GPRMC,223541.00,A,3719.0286580,N,12157.0078000,W,2.4879,358.2350,101220,,,,
$GPGGA,223542.00,3719.0306200,N,12157.0081360,W,1,0,0.0,0.0000,M,0.0000,M,0.0000,0
$GPRMC,223542.00,A,3719.0306200,N,12157.0081360,W,4.7916,352.5431,101220,,,,
$GPGGA,223543.00,3719.0331880,N,12157.0097380,W,1,0,0.0,0.0000,M,0.0000,M,0.0000,0
$GPRMC,223543.00,A,3719.0331880,N,12157.0097380,W,6.1848,331.3969,101220,,,,
$GPGGA,223544.00,3719.0355220,N,12157.0132720,W,1,0,0.0,0.0000,M,0.0000,M,0.0000,0
$GPRMC,223544.00,A,3719.0355220,N,12157.0132720,W,7.6559,305.4946,101220,,,,
$GPGGA,223545.00,3719.0367760,N,12157.0186240,W,1,0,0.0,0.0000,M,0.0000,M,0.0000,0
$GPRMC,223545.00,A,3719.0367760,N,12157.0186240,W,9.4592,281.7085,101220,,,,
$GPGGA,223546.00,3719.0369620,N,12157.0257640,W,1,0,0.0,0.0000,M,0.0000,M,0.0000,0
$GPRMC,223546.00,A,3719.0369620,N,12157.0257640,W,11.7474,269.2448,101220,,,,
$GPGGA,223547.00,3719.0363740,N,12157.0344340,W,1,0,0.0,0.0000,M,0.0000,M,0.0000,0
$GPRMC,223547.00,A,3719.0363740,N,12157.0344340,W,13.9310,265.2084,101220,,,,
$GPGGA,223548.00,3719.0355520,N,12157.0445980,W,1,0,0.0,0.0000,M,0.0000,M,0.0000,0
$GPRMC,223548.00,A,3719.0355520,N,12157.0445980,W,16.2719,264.0502,101220,,,,
$GPGGA,223549.00,3719.0344840,N,12157.0563520,W,1,0,0.0,0.0000,M,0.0000,M,0.0000,0
$GPRMC,223549.00,A,3719.0344840,N,12157.0563520,W,18.6821,263.6931,101220,,,,
$GPGGA,223550.00,3719.0331460,N,12157.0697260,W,1,0,0.0,0.0000,M,0.0000,M,0.0000,0
$GPRMC,223550.00,A,3719.0331460,N,12157.0697260,W,21.1061,263.2226,101220,,,,
$GPGGA,223551.00,3719.0316700,N,12157.0846660,W,1,0,0.0,0.0000,M,0.0000,M,0.0000,0
$GPRMC,223551.00,A,3719.0316700,N,12157.0846660,W,23.3775,262.9012,101220,,,,
$GPGGA,223552.00,3719.0299600,N,12157.1010580,W,1,0,0.0,0.0000,M,0.0000,M,0.0000,0
$GPRMC,223552.00,A,3719.0299600,N,12157.1010580,W,25.3487,262.4499,101220,,,,
$GPGGA,223553.00,3719.0280940,N,12157.1186440,W,1,0,0.0,0.0000,M,0.0000,M,0.0000,0
$GPRMC,223553.00,A,3719.0280940,N,12157.1186440,W,27.0713,262.4865,101220,,,,
$GPGGA,223554.00,3719.0260720,N,12157.1373760,W,1,0,0.0,0.0000,M,0.0000,M,0.0000,0
$GPRMC,223554.00,A,3719.0260720,N,12157.1373760,W,28.7825,262.1764,101220,,,,
$GPGGA,223555.00,3719.0238520,N,12157.1571580,W,1,0,0.0,0.0000,M,0.0000,M,0.0000,0
$GPRMC,223555.00,A,3719.0238520,N,12157.1571580,W,30.0830,261.8649,101220,,,,
$GPGGA,223556.00,3719.0214880,N,12157.1775640,W,1,0,0.0,0.0000,M,0.0000,M,0.0000,0
$GPRMC,223556.00,A,3719.0214880,N,12157.1775640,W,30.5744,261.7467,101220,,,,
$GPGGA,223557.00,3719.0191420,N,12157.1979820,W,1,0,0.0,0.0000,M,0.0000,M,0.0000,0
$GPRMC,223557.00,A,3719.0191420,N,12157.1979820,W,30.4087,261.7774,101220,,,,
$GPGGA,223558.00,3719.0167540,N,12157.2183160,W,1,0,0.0,0.0000,M,0.0000,M,0.0000,0
$GPRMC,223558.00,A,3719.0167540,N,12157.2183160,W,30.3516,261.5776,101220,,,,
$GPGGA,223559.00,3719.0143900,N,12157.2386380,W,1,0,0.0,0.0000,M,0.0000,M,0.0000,0
$GPRMC,223559.00,A,3719.0143900,N,12157.2386380,W,30.3442,261.8473,101220,,,,
$GPGGA,223600.00,3719.0120680,N,12157.2589600,W,1,0,0.0,0.0000,M,0.0000,M,0.0000,0
$GPRMC,223600.00,A,3719.0120680,N,12157.2589600,W,30.2201,261.9251,101220,,,,
$GPGGA,223601.00,3719.0098900,N,12157.2791020,W,1,0,0.0,0.0000,M,0.0000,M,0.0000,0
$GPRMC,223601.00,A,3719.0098900,N,12157.2791020,W,29.8187,262.5302,101220,,,,
$GPGGA,223602.00,3719.0078800,N,12157.2990520,W,1,0,0.0,0.0000,M,0.0000,M,0.0000,0
$GPRMC,223602.00,A,3719.0078800,N,12157.2990520,W,29.7147,262.6861,101220,,,,
$GPGGA,223603.00,3719.0057200,N,12157.3190860,W,1,0,0.0,0.0000,M,0.0000,M,0.0000,0
$GPRMC,223603.00,A,3719.0057200,N,12157.3190860,W,29.9588,262.1667,101220,,,,
$GPGGA,223604.00,3719.0035480,N,12157.3390840,W,1,0,0.0,0.0000,M,0.0000,M,0.0000,0
$GPRMC,223604.00,A,3719.0035480,N,12157.3390840,W,29.6480,262.1212,101220,,,,
$GPGGA,223605.00,3719.0013220,N,12157.3589440,W,1,0,0.0,0.0000,M,0.0000,M,0.0000,0
$GPRMC,223605.00,A,3719.0013220,N,12157.3589440,W,29.7668,261.9058,101220,,,,
$GPGGA,223606.00,3718.9992040,N,12157.3791640,W,1,0,0.0,0.0000,M,0.0000,M,0.0000,0
$GPRMC,223606.00,A,3718.9992040,N,12157.3791640,W,30.4330,263.1753,101220,,,,
$GPGGA,223607.00,3718.9973440,N,12157.3998160,W,1,0,0.0,0.0000,M,0.0000,M,0.0000,0
$GPRMC,223607.00,A,3718.9973440,N,12157.3998160,W,31.0518,263.4639,101220,,,,
$GPGGA,223608.00,3718.9953640,N,12157.4209480,W,1,0,0.0,0.0000,M,0.0000,M,0.0000,0
$GPRMC,223608.00,A,3718.9953640,N,12157.4209480,W,31.8239,263.3401,101220,,,,
$GPGGA,223609.00,3718.9936360,N,12157.4426620,W,1,0,0.0,0.0000,M,0.0000,M,0.0000,0
$GPRMC,223609.00,A,3718.9936360,N,12157.4426620,W,32.5999,265.4522,101220,,,,
$GPGGA,223610.00,3718.9925140,N,12157.4649700,W,1,0,0.0,0.0000,M,0.0000,M,0.0000,0
$GPRMC,223610.00,A,3718.9925140,N,12157.4649700,W,33.4213,267.3311,101220,,,,
$GPGGA,223611.00,3718.9918720,N,12157.4878600,W,1,0,0.0,0.0000,M,0.0000,M,0.0000,0
$GPRMC,223611.00,A,3718.9918720,N,12157.4878600,W,34.2251,268.5568,101220,,,,
$GPGGA,223612.00,3718.9915960,N,12157.5112720,W,1,0,0.0,0.0000,M,0.0000,M,0.0000,0
$GPRMC,223612.00,A,3718.9915960,N,12157.5112720,W,34.9240,269.6509,101220,,,,
$GPGGA,223613.00,3718.9916620,N,12157.5351280,W,1,0,0.0,0.0000,M,0.0000,M,0.0000,0
$GPRMC,223613.00,A,3718.9916620,N,12157.5351280,W,35.5554,270.5612,101220,,,,
$GPGGA,223614.00,3718.9919620,N,12157.5593980,W,1,0,0.0,0.0000,M,0.0000,M,0.0000,0
$GPRMC,223614.00,A,3718.9919620,N,12157.5593980,W,36.1424,271.1430,101220,,,,
$GPGGA,223615.00,3718.9924000,N,12157.5840220,W,1,0,0.0,0.0000,M,0.0000,M,0.0000,0
$GPRMC,223615.00,A,3718.9924000,N,12157.5840220,W,36.6184,271.1940,101220,,,,
$GPGGA,223616.00,3718.9928440,N,12157.6087600,W,1,0,0.0,0.0000,M,0.0000,M,0.0000,0
$GPRMC,223616.00,A,3718.9928440,N,12157.6087600,W,36.3867,271.2824,101220,,,,
$GPGGA,223617.00,3718.9932520,N,12157.6332160,W,1,0,0.0,0.0000,M,0.0000,M,0.0000,0
$GPRMC,223617.00,A,3718.9932520,N,12157.6332160,W,35.8818,271.0625,101220,,,,
$GPGGA,223618.00,3718.9936240,N,12157.6573180,W,1,0,0.0,0.0000,M,0.0000,M,0.0000,0
$GPRMC,223618.00,A,3718.9936240,N,12157.6573180,W,35.3261,270.9863,101220,,,,
$GPGGA,223619.00,3718.9939720,N,12157.6810240,W,1,0,0.0,0.0000,M,0.0000,M,0.0000,0
$GPRMC,223619.00,A,3718.9939720,N,12157.6810240,W,34.7093,270.9686,101220,,,,
$GPGGA,223620.00,3718.9942840,N,12157.7042800,W,1,0,0.0,0.0000,M,0.0000,M,0.0000,0
$GPRMC,223620.00,A,3718.9942840,N,12157.7042800,W,34.0380,270.9555,101220,,,,
$GPGGA,223621.00,3718.9946260,N,12157.7271040,W,1,0,0.0,0.0000,M,0.0000,M,0.0000,0
$GPRMC,223621.00,A,3718.9946260,N,12157.7271040,W,33.4452,271.1664,101220,,,,
$GPGGA,223622.00,3718.9949860,N,12157.7495680,W,1,0,0.0,0.0000,M,0.0000,M,0.0000,0
$GPRMC,223622.00,A,3718.9949860,N,12157.7495680,W,32.9476,270.9977,101220,,,,
$GPGGA,223623.00,3718.9952860,N,12157.7717320,W,1,0,0.0,0.0000,M,0.0000,M,0.0000,0
$GPRMC,223623.00,A,3718.9952860,N,12157.7717320,W,32.6592,270.8226,101220,,,,
$GPGGA,223624.00,3718.9955020,N,12157.7938540,W,1,0,0.0,0.0000,M,0.0000,M,0.0000,0
$GPRMC,223624.00,A,3718.9955020,N,12157.7938540,W,32.6747,270.5178,101220,,,,
$GPGGA,223625.00,3718.9956340,N,12157.8158500,W,1,0,0.0,0.0000,M,0.0000,M,0.0000,0
$GPRMC,223625.00,A,3718.9956340,N,12157.8158500,W,32.3965,270.0573,101220,,,,
$GPGGA,223626.00,3718.9955500,N,12157.8378820,W,1,0,0.0,0.0000,M,0.0000,M,0.0000,0
$GPRMC,223626.00,A,3718.9955500,N,12157.8378820,W,32.7029,269.3710,101220,,,,
$GPGGA,223627.00,3718.9952860,N,12157.8599800,W,1,0,0.0,0.0000,M,0.0000,M,0.0000,0
$GPRMC,223627.00,A,3718.9952860,N,12157.8599800,W,32.5748,268.8198,101220,,,,
$GPGGA,223628.00,3718.9948660,N,12157.8819040,W,1,0,0.0,0.0000,M,0.0000,M,0.0000,0
$GPRMC,223628.00,A,3718.9948660,N,12157.8819040,W,32.2159,268.5211,101220,,,,
$GPGGA,223629.00,3718.9944940,N,12157.9035820,W,1,0,0.0,0.0000,M,0.0000,M,0.0000,0
$GPRMC,223629.00,A,3718.9944940,N,12157.9035820,W,31.7833,269.3113,101220,,,,
$GPGGA,223630.00,3718.9944700,N,12157.9247560,W,1,0,0.0,0.0000,M,0.0000,M,0.0000,0
$GPRMC,223630.00,A,3718.9944700,N,12157.9247560,W,30.6434,270.2779,101220,,,,
$GPGGA,223631.00,3718.9945480,N,12157.9448380,W,1,0,0.0,0.0000,M,0.0000,M,0.0000,0
$GPRMC,223631.00,A,3718.9945480,N,12157.9448380,W,28.6281,269.9516,101220,,,,
$GPGGA,223632.00,3718.9945480,N,12157.9636540,W,1,0,0.0,0.0000,M,0.0000,M,0.0000,0
$GPRMC,223632.00,A,3718.9945480,N,12157.9636540,W,27.4351,270.0881,101220,,,,
$GPGGA,223633.00,3718.9946500,N,12157.9821940,W,1,0,0.0,0.0000,M,0.0000,M,0.0000,0
$GPRMC,223633.00,A,3718.9946500,N,12157.9821940,W,27.3601,270.2910,101220,,,,
$GPGGA,223634.00,3718.9945960,N,12158.0006860,W,1,0,0.0,0.0000,M,0.0000,M,0.0000,0
$GPRMC,223634.00,A,3718.9945960,N,12158.0006860,W,27.3109,269.1493,101220,,,,
$GPGGA,223635.00,3718.9942540,N,12158.0191600,W,1,0,0.0,0.0000,M,0.0000,M,0.0000,0
$GPRMC,223635.00,A,3718.9942540,N,12158.0191600,W,27.2982,268.0985,101220,,,,
$GPGGA,223636.00,3718.9936840,N,12158.0376160,W,1,0,0.0,0.0000,M,0.0000,M,0.0000,0
$GPRMC,223636.00,A,3718.9936840,N,12158.0376160,W,27.2613,267.3853,101220,,,,
$GPGGA,223637.00,3718.9930240,N,12158.0560120,W,1,0,0.0,0.0000,M,0.0000,M,0.0000,0
$GPRMC,223637.00,A,3718.9930240,N,12158.0560120,W,27.1581,267.4238,101220,,,,
$GPGGA,223638.00,3718.9924060,N,12158.0742340,W,1,0,0.0,0.0000,M,0.0000,M,0.0000,0
$GPRMC,223638.00,A,3718.9924060,N,12158.0742340,W,26.5568,267.4553,101220,,,,
$GPGGA,223639.00,3718.9918120,N,12158.0918080,W,1,0,0.0,0.0000,M,0.0000,M,0.0000,0
$GPRMC,223639.00,A,3718.9918120,N,12158.0918080,W,25.3791,267.6557,101220,,,,
$GPGGA,223640.00,3718.9913800,N,12158.1085780,W,1,0,0.0,0.0000,M,0.0000,M,0.0000,0
$GPRMC,223640.00,A,3718.9913800,N,12158.1085780,W,24.2549,268.7959,101220,,,,
$GPGGA,223641.00,3718.9914160,N,12158.1247360,W,1,0,0.0,0.0000,M,0.0000,M,0.0000,0
$GPRMC,223641.00,A,3718.9914160,N,12158.1247360,W,23.5758,271.0397,101220,,,,
$GPGGA,223642.00,3718.9918660,N,12158.1406060,W,1,0,0.0,0.0000,M,0.0000,M,0.0000,0
$GPRMC,223642.00,A,3718.9918660,N,12158.1406060,W,23.2990,272.6977,101220,,,,
$GPGGA,223643.00,3718.9926160,N,12158.1562660,W,1,0,0.0,0.0000,M,0.0000,M,0.0000,0
$GPRMC,223643.00,A,3718.9926160,N,12158.1562660,W,23.0463,273.7351,101220,,,,
$GPGGA,223644.00,3718.9935100,N,12158.1717580,W,1,0,0.0,0.0000,M,0.0000,M,0.0000,0
$GPRMC,223644.00,A,3718.9935100,N,12158.1717580,W,22.8281,274.2135,101220,,,,
$GPGGA,223645.00,3718.9943980,N,12158.1870820,W,1,0,0.0,0.0000,M,0.0000,M,0.0000,0
$GPRMC,223645.00,A,3718.9943980,N,12158.1870820,W,22.5986,273.5951,101220,,,,
$GPGGA,223646.00,3718.9949920,N,12158.2022740,W,1,0,0.0,0.0000,M,0.0000,M,0.0000,0
$GPRMC,223646.00,A,3718.9949920,N,12158.2022740,W,22.3787,272.0494,101220,,,,
$GPGGA,223647.00,3718.9953340,N,12158.2173280,W,1,0,0.0,0.0000,M,0.0000,M,0.0000,0
$GPRMC,223647.00,A,3718.9953340,N,12158.2173280,W,22.1468,271.1768,101220,,,,
$GPGGA,223648.00,3718.9956520,N,12158.2322440,W,1,0,0.0,0.0000,M,0.0000,M,0.0000,0
$GPRMC,223648.00,A,3718.9956520,N,12158.2322440,W,21.9294,271.7460,101220,,,,
$GPGGA,223649.00,3718.9961680,N,12158.2470100,W,1,0,0.0,0.0000,M,0.0000,M,0.0000,0
$GPRMC,223649.00,A,3718.9961680,N,12158.2470100,W,21.7178,272.9625,101220,,,,
$GPGGA,223650.00,3718.9970140,N,12158.2616200,W,1,0,0.0,0.0000,M,0.0000,M,0.0000,0
$GPRMC,223650.00,A,3718.9970140,N,12158.2616200,W,21.5420,274.6521,101220,,,,
$GPGGA,223651.00,3718.9981540,N,12158.2760920,W,1,0,0.0,0.0000,M,0.0000,M,0.0000,0
$GPRMC,223651.00,A,3718.9981540,N,12158.2760920,W,21.3609,276.1526,101220,,,,
$GPGGA,223652.00,3718.9996180,N,12158.2903660,W,1,0,0.0,0.0000,M,0.0000,M,0.0000,0
$GPRMC,223652.00,A,3718.9996180,N,12158.2903660,W,21.1319,277.7310,101220,,,,
$GPGGA,223653.00,3719.0013880,N,12158.3044480,W,1,0,0.0,0.0000,M,0.0000,M,0.0000,0
$GPRMC,223653.00,A,3719.0013880,N,12158.3044480,W,20.9636,279.4983,101220,,,,
$GPGGA,223654.00,3719.0034700,N,12158.3183560,W,1,0,0.0,0.0000,M,0.0000,M,0.0000,0
$GPRMC,223654.00,A,3719.0034700,N,12158.3183560,W,20.8180,281.1156,101220,,,,
$GPGGA,223655.00,3719.0060020,N,12158.3320660,W,1,0,0.0,0.0000,M,0.0000,M,0.0000,0
$GPRMC,223655.00,A,3719.0060020,N,12158.3320660,W,20.6956,284.5887,101220,,,,
$GPGGA,223656.00,3719.0093500,N,12158.3454400,W,1,0,0.0,0.0000,M,0.0000,M,0.0000,0
$GPRMC,223656.00,A,3719.0093500,N,12158.3454400,W,20.6467,288.8167,101220,,,,
$GPGGA,223657.00,3719.0133040,N,12158.3585620,W,1,0,0.0,0.0000,M,0.0000,M,0.0000,0
$GPRMC,223657.00,A,3719.0133040,N,12158.3585620,W,20.8014,291.5822,101220,,,,
$GPGGA,223658.00,3719.0178820,N,12158.3715880,W,1,0,0.0,0.0000,M,0.0000,M,0.0000,0
$GPRMC,223658.00,A,3719.0178820,N,12158.3715880,W,21.2364,295.0483,101220,,,,
$GPGGA,223659.00,3719.0230240,N,12158.3844340,W,1,0,0.0,0.0000,M,0.0000,M,0.0000,0
$GPRMC,223659.00,A,3719.0230240,N,12158.3844340,W,21.0840,296.9243,101220,,,,
$GPGGA,223700.00,3719.0281480,N,12158.3970100,W,1,0,0.0,0.0000,M,0.0000,M,0.0000,0
$GPRMC,223700.00,A,3719.0281480,N,12158.3970100,W,20.5824,296.7786,101220,,,,
$GPGGA,223701.00,3719.0330980,N,12158.4092500,W,1,0,0.0,0.0000,M,0.0000,M,0.0000,0
$GPRMC,223701.00,A,3719.0330980,N,12158.4092500,W,19.9517,296.5157,101220,,,,
$GPGGA,223702.00,3719.0377840,N,12158.4208840,W,1,0,0.0,0.0000,M,0.0000,M,0.0000,0
$GPRMC,223702.00,A,3719.0377840,N,12158.4208840,W,18.3124,296.5464,101220,,,,
$GPGGA,223703.00,3719.0420140,N,12158.4313060,W,1,0,0.0,0.0000,M,0.0000,M,0.0000,0
$GPRMC,223703.00,A,3719.0420140,N,12158.4313060,W,16.0881,296.7441,101220,,,,
$GPGGA,223704.00,3719.0455900,N,12158.4400180,W,1,0,0.0,0.0000,M,0.0000,M,0.0000,0
$GPRMC,223704.00,A,3719.0455900,N,12158.4400180,W,12.8347,297.2983,101220,,,,
$GPGGA,223705.00,3719.0485960,N,12158.4467260,W,1,0,0.0,0.0000,M,0.0000,M,0.0000,0
$GPRMC,223705.00,A,3719.0485960,N,12158.4467260,W,10.1389,300.3372,101220,,,,
$GPGGA,223706.00,3719.0516980,N,12158.4518260,W,1,0,0.0,0.0000,M,0.0000,M,0.0000,0
$GPRMC,223706.00,A,3719.0516980,N,12158.4518260,W,8.6299,310.1210,101220,,,,
$GPGGA,223707.00,3719.0551780,N,12158.4551800,W,1,0,0.0,0.0000,M,0.0000,M,0.0000,0
$GPRMC,223707.00,A,3719.0551780,N,12158.4551800,W,7.3564,325.8705,101220,,,,
$GPGGA,223708.00,3719.0588500,N,12158.4567220,W,1,0,0.0,0.0000,M,0.0000,M,0.0000,0
$GPRMC,223708.00,A,3719.0588500,N,12158.4567220,W,6.7058,343.9997,101220,,,,
$GPGGA,223709.00,3719.0623900,N,12158.4575320,W,1,0,0.0,0.0000,M,0.0000,M,0.0000,0
$GPRMC,223709.00,A,3719.0623900,N,12158.4575320,W,6.5743,347.7989,101220,,,,
$GPGGA,223710.00,3719.0655400,N,12158.4591220,W,1,0,0.0,0.0000,M,0.0000,M,0.0000,0
$GPRMC,223710.00,A,3719.0655400,N,12158.4591220,W,6.2552,334.1639,101220,,,,
$GPGGA,223711.00,3719.0680960,N,12158.4615580,W,1,0,0.0,0.0000,M,0.0000,M,0.0000,0
$GPRMC,223711.00,A,3719.0680960,N,12158.4615580,W,5.6809,323.7803,101220,,,,
$GPGGA,223712.00,3719.0707840,N,12158.4626800,W,1,0,0.0,0.0000,M,0.0000,M,0.0000,0
$GPRMC,223712.00,A,3719.0707840,N,12158.4626800,W,4.4736,343.2801,101220,,,,
$GPGGA,223713.00,3719.0731840,N,12158.4623020,W,1,0,0.0,0.0000,M,0.0000,M,0.0000,0
$GPRMC,223713.00,A,3719.0731840,N,12158.4623020,W,3.7810,4.7069,101220,,,,
$GPGGA,223714.00,3719.0749360,N,12158.4613300,W,1,0,0.0,0.0000,M,0.0000,M,0.0000,0
$GPRMC,223714.00,A,3719.0749360,N,12158.4613300,W,2.8162,19.7365,101220,,,,
$GPGGA,223715.00,3719.0758900,N,12158.4603640,W,1,0,0.0,0.0000,M,0.0000,M,0.0000,0
$GPRMC,223715.00,A,3719.0758900,N,12158.4603640,W,1.1701,30.8767,101220,,,,
$GPGGA,223716.00,3719.0760340,N,12158.4602200,W,1,0,0.0,0.0000,M,0.0000,M,0.0000,0
$GPRMC,223716.00,A,3719.0760340,N,12158.4602200,W,0.0561,31.2423,101220,,,,
$GPGGA,223717.00,3719.0760460,N,12158.4601900,W,1,0,0.0,0.0000,M,0.0000,M,0.0000,0
$GPRMC,223717.00,A,3719.0760460,N,12158.4601900,W,0.0490,31.2415,101220,,,,
$GPGGA,223718.00,3719.0760940,N,12158.4601240,W,1,0,0.0,0.0000,M,0.0000,M,0.0000,0
$GPRMC,223718.00,A,3719.0760940,N,12158.4601240,W,0.4361,31.2428,101220,,,,
$GPGGA,223719.00,3719.0764660,N,12158.4598060,W,1,0,0.0,0.0000,M,0.0000,M,0.0000,0
$GPRMC,223719.00,A,3719.0764660,N,12158.4598060,W,1.1622,31.4151,101220,,,,
$GPGGA,223720.00,3719.0769820,N,12158.4593740,W,1,0,0.0,0.0000,M,0.0000,M,0.0000,0
$GPRMC,223720.00,A,3719.0769820,N,12158.4593740,W,1.0423,31.8780,101220,,,,
$GPGGA,223721.00,3719.0774440,N,12158.4589660,W,1,0,0.0,0.0000,M,0.0000,M,0.0000,0
$GPRMC,223721.00,A,3719.0774440,N,12158.4589660,W,1.2414,32.4385,101220,,,,
$GPGGA,223722.00,3719.0781400,N,12158.4583660,W,1,0,0.0,0.0000,M,0.0000,M,0.0000,0
$GPRMC,223722.00,A,3719.0781400,N,12158.4583660,W,1.8849,33.1006,101220,,,,
$GPGGA,223723.00,3719.0790400,N,12158.4576040,W,1,0,0.0,0.0000,M,0.0000,M,0.0000,0
$GPRMC,223723.00,A,3719.0790400,N,12158.4576040,W,2.0485,33.3654,101220,,,,
$GPGGA,223724.00,3719.0801080,N,12158.4566800,W,1,0,0.0,0.0000,M,0.0000,M,0.0000,0
$GPRMC,223724.00,A,3719.0801080,N,12158.4566800,W,3.1175,33.6609,101220,,,,
$GPGGA,223725.00,3719.0819140,N,12158.4551680,W,1,0,0.0,0.0000,M,0.0000,M,0.0000,0
$GPRMC,223725.00,A,3719.0819140,N,12158.4551680,W,4.8913,33.6205,101220,,,,
$GPGGA,223726.00,3719.0845540,N,12158.4529600,W,1,0,0.0,0.0000,M,0.0000,M,0.0000,0
$GPRMC,223726.00,A,3719.0845540,N,12158.4529600,W,6.7096,33.4989,101220,,,,
$GPGGA,223727.00,3719.0876440,N,12158.4503980,W,1,0,0.0,0.0000,M,0.0000,M,0.0000,0
$GPRMC,223727.00,A,3719.0876440,N,12158.4503980,W,6.6473,33.4512,101220,,,,
$GPGGA,223728.00,3719.0904340,N,12158.4480160,W,1,0,0.0,0.0000,M,0.0000,M,0.0000,0
$GPRMC,223728.00,A,3719.0904340,N,12158.4480160,W,5.8492,34.2513,101220,,,,
$GPGGA,223729.00,3719.0929240,N,12158.4458740,W,1,0,0.0,0.0000,M,0.0000,M,0.0000,0
$GPRMC,223729.00,A,3719.0929240,N,12158.4458740,W,5.3468,34.0092,101220,,,,
$GPGGA,223730.00,3719.0953180,N,12158.4445840,W,1,0,0.0,0.0000,M,0.0000,M,0.0000,0
$GPRMC,223730.00,A,3719.0953180,N,12158.4445840,W,4.2779,20.0083,101220,,,,
$GPGGA,223731.00,3719.0970460,N,12158.4458020,W,1,0,0.0,0.0000,M,0.0000,M,0.0000,0
$GPRMC,223731.00,A,3719.0970460,N,12158.4458020,W,3.5630,337.4028,101220,,,,
$GPGGA,223732.00,3719.0974420,N,12158.4482200,W,1,0,0.0,0.0000,M,0.0000,M,0.0000,0
$GPRMC,223732.00,A,3719.0974420,N,12158.4482200,W,3.6942,292.2879,101220,,,,
$GPGGA,223733.00,3719.0962840,N,12158.4504220,W,1,0,0.0,0.0000,M,0.0000,M,0.0000,0
$GPRMC,223733.00,A,3719.0962840,N,12158.4504220,W,4.1961,246.1833,101220,,,,
$GPGGA,223734.00,3719.0939560,N,12158.4520180,W,1,0,0.0,0.0000,M,0.0000,M,0.0000,0
$GPRMC,223734.00,A,3719.0939560,N,12158.4520180,W,5.9453,212.8893,101220,,,,
$GPGGA,223735.00,3719.0904700,N,12158.4539500,W,1,0,0.0,0.0000,M,0.0000,M,0.0000,0
$GPRMC,223735.00,A,3719.0904700,N,12158.4539500,W,8.4160,205.5232,101220,,,,
$GPGGA,223736.00,3719.0855740,N,12158.4569320,W,1,0,0.0,0.0000,M,0.0000,M,0.0000,0
$GPRMC,223736.00,A,3719.0855740,N,12158.4569320,W,11.7001,206.5615,101220,,,,
$GPGGA,223737.00,3719.0791540,N,12158.4611380,W,1,0,0.0,0.0000,M,0.0000,M,0.0000,0
$GPRMC,223737.00,A,3719.0791540,N,12158.4611380,W,14.9833,208.2900,101220,,,,
$GPGGA,223738.00,3719.0715040,N,12158.4666220,W,1,0,0.0,0.0000,M,0.0000,M,0.0000,0
$GPRMC,223738.00,A,3719.0715040,N,12158.4666220,W,17.3577,211.0123,101220,,,,
$GPGGA,223739.00,3719.0630560,N,12158.4732580,W,1,0,0.0,0.0000,M,0.0000,M,0.0000,0
$GPRMC,223739.00,A,3719.0630560,N,12158.4732580,W,19.1337,212.7240,101220,,,,
$GPGGA,223740.00,3719.0544040,N,12158.4803560,W,1,0,0.0,0.0000,M,0.0000,M,0.0000,0
$GPRMC,223740.00,A,3719.0544040,N,12158.4803560,W,19.0745,213.3842,101220,,,,
$GPGGA,223741.00,3719.0458420,N,12158.4874780,W,1,0,0.0,0.0000,M,0.0000,M,0.0000,0
$GPRMC,223741.00,A,3719.0458420,N,12158.4874780,W,18.8920,213.7614,101220,,,,
$GPGGA,223742.00,3719.0374180,N,12158.4945280,W,1,0,0.0,0.0000,M,0.0000,M,0.0000,0
$GPRMC,223742.00,A,3719.0374180,N,12158.4945280,W,18.5744,213.7776,101220,,,,
$GPGGA,223743.00,3719.0292820,N,12158.5013440,W,1,0,0.0,0.0000,M,0.0000,M,0.0000,0
$GPRMC,223743.00,A,3719.0292820,N,12158.5013440,W,17.1697,213.8429,101220,,,,
$GPGGA,223744.00,3719.0222020,N,12158.5072720,W,1,0,0.0,0.0000,M,0.0000,M,0.0000,0
$GPRMC,223744.00,A,3719.0222020,N,12158.5072720,W,14.2792,213.8150,101220,,,,
$GPGGA,223745.00,3719.0164120,N,12158.5119880,W,1,0,0.0,0.0000,M,0.0000,M,0.0000,0
$GPRMC,223745.00,A,3719.0164120,N,12158.5119880,W,11.2792,211.8263,101220,,,,
$GPGGA,223746.00,3719.0116360,N,12158.5146400,W,1,0,0.0,0.0000,M,0.0000,M,0.0000,0
$GPRMC,223746.00,A,3719.0116360,N,12158.5146400,W,8.5872,198.8410,101220,,,,
$GPGGA,223747.00,3719.0074120,N,12158.5148320,W,1,0,0.0,0.0000,M,0.0000,M,0.0000,0
$GPRMC,223747.00,A,3719.0074120,N,12158.5148320,W,7.7511,178.0227,101220,,,,
$GPGGA,223748.00,3719.0037760,N,12158.5128040,W,1,0,0.0,0.0000,M,0.0000,M,0.0000,0
$GPRMC,223748.00,A,3719.0037760,N,12158.5128040,W,7.5129,151.3182,101220,,,,
$GPGGA,223749.00,3719.0013100,N,12158.5088380,W,1,0,0.0,0.0000,M,0.0000,M,0.0000,0
$GPRMC,223749.00,A,3719.0013100,N,12158.5088380,W,7.8481,124.5849,101220,,,,
$GPGGA,223750.00,3718.9995880,N,12158.5037320,W,1,0,0.0,0.0000,M,0.0000,M,0.0000,0
$GPRMC,223750.00,A,3718.9995880,N,12158.5037320,W,8.7650,113.0688,101220,,,,
$GPGGA,223751.00,3718.9980580,N,12158.4978280,W,1,0,0.0,0.0000,M,0.0000,M,0.0000,0
$GPRMC,223751.00,A,3718.9980580,N,12158.4978280,W,9.7074,107.5468,101220,,,,
$GPGGA,223752.00,3718.9966060,N,12158.4910060,W,1,0,0.0,0.0000,M,0.0000,M,0.0000,0
$GPRMC,223752.00,A,3718.9966060,N,12158.4910060,W,11.2661,105.0193,101220,,,,
$GPGGA,223753.00,3718.9949680,N,12158.4830380,W,1,0,0.0,0.0000,M,0.0000,M,0.0000,0
$GPRMC,223753.00,A,3718.9949680,N,12158.4830380,W,13.1307,104.7541,101220,,,,
$GPGGA,223754.00,3718.9930780,N,12158.4737500,W,1,0,0.0,0.0000,M,0.0000,M,0.0000,0
$GPRMC,223754.00,A,3718.9930780,N,12158.4737500,W,15.1867,104.7056,101220,,,,
$GPGGA,223755.00,3718.9909120,N,12158.4631120,W,1,0,0.0,0.0000,M,0.0000,M,0.0000,0
$GPRMC,223755.00,A,3718.9909120,N,12158.4631120,W,17.2341,104.4360,101220,,,,
$GPGGA,223756.00,3718.9885120,N,12158.4511600,W,1,0,0.0,0.0000,M,0.0000,M,0.0000,0
$GPRMC,223756.00,A,3718.9885120,N,12158.4511600,W,19.1724,104.2989,101220,,,,
$GPGGA,223757.00,3718.9859380,N,12158.4381700,W,1,0,0.0,0.0000,M,0.0000,M,0.0000,0
$GPRMC,223757.00,A,3718.9859380,N,12158.4381700,W,20.0528,104.1455,101220,,,,
$GPGGA,223758.00,3718.9833400,N,12158.4250660,W,1,0,0.0,0.0000,M,0.0000,M,0.0000,0
$GPRMC,223758.00,A,3718.9833400,N,12158.4250660,W,19.8140,104.2640,101220,,,,
$GPGGA,223759.00,3718.9808380,N,12158.4121660,W,1,0,0.0,0.0000,M,0.0000,M,0.0000,0
$GPRMC,223759.00,A,3718.9808380,N,12158.4121660,W,19.4106,103.7061,101220,,,,
$GPGGA,223800.00,3718.9785760,N,12158.3994460,W,1,0,0.0,0.0000,M,0.0000,M,0.0000,0
$GPRMC,223800.00,A,3718.9785760,N,12158.3994460,W,19.2310,102.3040,101220,,,,
$GPGGA,223801.00,3718.9766320,N,12158.3865940,W,1,0,0.0,0.0000,M,0.0000,M,0.0000,0
$GPRMC,223801.00,A,3718.9766320,N,12158.3865940,W,19.4651,100.0380,101220,,,,
$GPGGA,223802.00,3718.9751800,N,12158.3734720,W,1,0,0.0,0.0000,M,0.0000,M,0.0000,0
$GPRMC,223802.00,A,3718.9751800,N,12158.3734720,W,19.7862,96.5246,101220,,,,
$GPGGA,223803.00,3718.9743460,N,12158.3600260,W,1,0,0.0,0.0000,M,0.0000,M,0.0000,0
$GPRMC,223803.00,A,3718.9743460,N,12158.3600260,W,20.1253,94.0480,101220,,,,
$GPGGA,223804.00,3718.9737400,N,12158.3462800,W,1,0,0.0,0.0000,M,0.0000,M,0.0000,0
$GPRMC,223804.00,A,3718.9737400,N,12158.3462800,W,20.6016,93.2181,101220,,,,
$GPGGA,223805.00,3718.9730980,N,12158.3321980,W,1,0,0.0,0.0000,M,0.0000,M,0.0000,0
$GPRMC,223805.00,A,3718.9730980,N,12158.3321980,W,21.0954,93.8821,101220,,,,
$GPGGA,223806.00,3718.9723360,N,12158.3177800,W,1,0,0.0,0.0000,M,0.0000,M,0.0000,0
$GPRMC,223806.00,A,3718.9723360,N,12158.3177800,W,21.4391,94.3380,101220,,,,
$GPGGA,223807.00,3718.9714420,N,12158.3034040,W,1,0,0.0,0.0000,M,0.0000,M,0.0000,0
$GPRMC,223807.00,A,3718.9714420,N,12158.3034040,W,21.1354,95.0596,101220,,,,
$GPGGA,223808.00,3718.9705540,N,12158.2892740,W,1,0,0.0,0.0000,M,0.0000,M,0.0000,0
$GPRMC,223808.00,A,3718.9705540,N,12158.2892740,W,20.7884,94.3954,101220,,,,
$GPGGA,223809.00,3718.9699780,N,12158.2752220,W,1,0,0.0,0.0000,M,0.0000,M,0.0000,0
$GPRMC,223809.00,A,3718.9699780,N,12158.2752220,W,20.8697,92.4247,101220,,,,
$GPGGA,223810.00,3718.9697260,N,12158.2610200,W,1,0,0.0,0.0000,M,0.0000,M,0.0000,0
$GPRMC,223810.00,A,3718.9697260,N,12158.2610200,W,21.1881,91.0080,101220,,,,
$GPGGA,223811.00,3718.9696060,N,12158.2464700,W,1,0,0.0,0.0000,M,0.0000,M,0.0000,0
$GPRMC,223811.00,A,3718.9696060,N,12158.2464700,W,21.8688,90.7065,101220,,,,
$GPGGA,223812.00,3718.9696720,N,12158.2314280,W,1,0,0.0,0.0000,M,0.0000,M,0.0000,0
$GPRMC,223812.00,A,3718.9696720,N,12158.2314280,W,22.6239,89.2570,101220,,,,
$GPGGA,223813.00,3718.9700920,N,12158.2158400,W,1,0,0.0,0.0000,M,0.0000,M,0.0000,0
$GPRMC,223813.00,A,3718.9700920,N,12158.2158400,W,23.5086,87.8340,101220,,,,
$GPGGA,223814.00,3718.9707880,N,12158.1996160,W,1,0,0.0,0.0000,M,0.0000,M,0.0000,0
$GPRMC,223814.00,A,3718.9707880,N,12158.1996160,W,24.5442,86.9826,101220,,,,
$GPGGA,223815.00,3718.9715260,N,12158.1826480,W,1,0,0.0,0.0000,M,0.0000,M,0.0000,0
$GPRMC,223815.00,A,3718.9715260,N,12158.1826480,W,25.6785,87.2968,101220,,,,
$GPGGA,223816.00,3718.9722220,N,12158.1649120,W,1,0,0.0,0.0000,M,0.0000,M,0.0000,0
$GPRMC,223816.00,A,3718.9722220,N,12158.1649120,W,26.7996,87.4893,101220,,,,
$GPGGA,223817.00,3718.9728640,N,12158.1464140,W,1,0,0.0,0.0000,M,0.0000,M,0.0000,0
$GPRMC,223817.00,A,3718.9728640,N,12158.1464140,W,27.8815,87.9091,101220,,,,
$GPGGA,223818.00,3718.9734340,N,12158.1274180,W,1,0,0.0,0.0000,M,0.0000,M,0.0000,0
$GPRMC,223818.00,A,3718.9734340,N,12158.1274180,W,28.0753,88.1281,101220,,,,
$GPGGA,223819.00,3718.9739860,N,12158.1085180,W,1,0,0.0,0.0000,M,0.0000,M,0.0000,0
$GPRMC,223819.00,A,3718.9739860,N,12158.1085180,W,27.7823,87.9764,101220,,,,
$GPGGA,223820.00,3718.9745800,N,12158.0898520,W,1,0,0.0,0.0000,M,0.0000,M,0.0000,0
$GPRMC,223820.00,A,3718.9745800,N,12158.0898520,W,27.4193,87.8224,101220,,,,
$GPGGA,223821.00,3718.9752640,N,12158.0714440,W,1,0,0.0,0.0000,M,0.0000,M,0.0000,0
$GPRMC,223821.00,A,3718.9752640,N,12158.0714440,W,27.0192,87.4557,101220,,,,
$GPGGA,223822.00,3718.9759300,N,12158.0533240,W,1,0,0.0,0.0000,M,0.0000,M,0.0000,0
$GPRMC,223822.00,A,3718.9759300,N,12158.0533240,W,26.5804,87.7775,101220,,,,
$GPGGA,223823.00,3718.9765120,N,12158.0353060,W,1,0,0.0,0.0000,M,0.0000,M,0.0000,0
$GPRMC,223823.00,A,3718.9765120,N,12158.0353060,W,26.8540,87.8799,101220,,,,
$GPGGA,223824.00,3718.9771120,N,12158.0168680,W,1,0,0.0,0.0000,M,0.0000,M,0.0000,0
$GPRMC,223824.00,A,3718.9771120,N,12158.0168680,W,27.7133,87.8618,101220,,,,
$GPGGA,223825.00,3718.9777180,N,12157.9978000,W,1,0,0.0,0.0000,M,0.0000,M,0.0000,0
$GPRMC,223825.00,A,3718.9777180,N,12157.9978000,W,28.6677,87.9049,101220,,,,
$GPGGA,223826.00,3718.9783360,N,12157.9780780,W,1,0,0.0,0.0000,M,0.0000,M,0.0000,0
$GPRMC,223826.00,A,3718.9783360,N,12157.9780780,W,29.6800,87.9262,101220,,,,
$GPGGA,223827.00,3718.9789900,N,12157.9576480,W,1,0,0.0,0.0000,M,0.0000,M,0.0000,0
$GPRMC,223827.00,A,3718.9789900,N,12157.9576480,W,30.7164,87.8820,101220,,,,
$GPGGA,223828.00,3718.9796440,N,12157.9365640,W,1,0,0.0,0.0000,M,0.0000,M,0.0000,0
$GPRMC,223828.00,A,3718.9796440,N,12157.9365640,W,31.3833,88.0455,101220,,,,
$GPGGA,223829.00,3718.9802740,N,12157.9154500,W,1,0,0.0,0.0000,M,0.0000,M,0.0000,0
$GPRMC,223829.00,A,3718.9802740,N,12157.9154500,W,30.9987,88.0856,101220,,,,
$GPGGA,223830.00,3718.9808500,N,12157.8946120,W,1,0,0.0,0.0000,M,0.0000,M,0.0000,0
$GPRMC,223830.00,A,3718.9808500,N,12157.8946120,W,30.5972,88.2733,101220,,,,
$GPGGA,223831.00,3718.9814020,N,12157.8740440,W,1,0,0.0,0.0000,M,0.0000,M,0.0000,0
$GPRMC,223831.00,A,3718.9814020,N,12157.8740440,W,30.2187,88.2132,101220,,,,
$GPGGA,223832.00,3718.9819660,N,12157.8537340,W,1,0,0.0,0.0000,M,0.0000,M,0.0000,0
$GPRMC,223832.00,A,3718.9819660,N,12157.8537340,W,29.8599,88.4196,101220,,,,
$GPGGA,223833.00,3718.9822840,N,12157.8336460,W,1,0,0.0,0.0000,M,0.0000,M,0.0000,0
$GPRMC,223833.00,A,3718.9822840,N,12157.8336460,W,29.5454,89.6397,101220,,,,
$GPGGA,223834.00,3718.9823260,N,12157.8136660,W,1,0,0.0,0.0000,M,0.0000,M,0.0000,0
$GPRMC,223834.00,A,3718.9823260,N,12157.8136660,W,29.4951,90.4301,101220,,,,
$GPGGA,223835.00,3718.9821460,N,12157.7937400,W,1,0,0.0,0.0000,M,0.0000,M,0.0000,0
$GPRMC,223835.00,A,3718.9821460,N,12157.7937400,W,29.3550,91.2638,101220,,,,
$GPGGA,223836.00,3718.9818400,N,12157.7739340,W,1,0,0.0,0.0000,M,0.0000,M,0.0000,0
$GPRMC,223836.00,A,3718.9818400,N,12157.7739340,W,29.1750,91.2367,101220,,,,
$GPGGA,223837.00,3718.9815220,N,12157.7542180,W,1,0,0.0,0.0000,M,0.0000,M,0.0000,0
$GPRMC,223837.00,A,3718.9815220,N,12157.7542180,W,29.1069,91.4540,101220,,,,
$GPGGA,223838.00,3718.9812280,N,12157.7344960,W,1,0,0.0,0.0000,M,0.0000,M,0.0000,0
$GPRMC,223838.00,A,3718.9812280,N,12157.7344960,W,29.1968,91.2227,101220,,,,
$GPGGA,223839.00,3718.9809820,N,12157.7146960,W,1,0,0.0,0.0000,M,0.0000,M,0.0000,0
$GPRMC,223839.00,A,3718.9809820,N,12157.7146960,W,29.3331,91.0589,101220,,,,
$GPGGA,223840.00,3718.9807240,N,12157.6947880,W,1,0,0.0,0.0000,M,0.0000,M,0.0000,0
$GPRMC,223840.00,A,3718.9807240,N,12157.6947880,W,29.5300,91.3039,101220,,,,
$GPGGA,223841.00,3718.9804060,N,12157.6747240,W,1,0,0.0,0.0000,M,0.0000,M,0.0000,0
$GPRMC,223841.00,A,3718.9804060,N,12157.6747240,W,29.7588,91.2515,101220,,,,
$GPGGA,223842.00,3718.9801540,N,12157.6545220,W,1,0,0.0,0.0000,M,0.0000,M,0.0000,0
$GPRMC,223842.00,A,3718.9801540,N,12157.6545220,W,29.9172,91.0964,101220,,,,
$GPGGA,223843.00,3718.9798480,N,12157.6342420,W,1,0,0.0,0.0000,M,0.0000,M,0.0000,0
$GPRMC,223843.00,A,3718.9798480,N,12157.6342420,W,30.0015,91.2115,101220,,,,
$GPGGA,223844.00,3718.9795600,N,12157.6139260,W,1,0,0.0,0.0000,M,0.0000,M,0.0000,0
$GPRMC,223844.00,A,3718.9795600,N,12157.6139260,W,30.0313,91.0853,101220,,,,
$GPGGA,223845.00,3718.9793020,N,12157.5935800,W,1,0,0.0,0.0000,M,0.0000,M,0.0000,0
$GPRMC,223845.00,A,3718.9793020,N,12157.5935800,W,30.1042,91.0381,101220,,,,
$GPGGA,223846.00,3718.9790500,N,12157.5731740,W,1,0,0.0,0.0000,M,0.0000,M,0.0000,0
$GPRMC,223846.00,A,3718.9790500,N,12157.5731740,W,30.1953,91.3232,101220,,,,
$GPGGA,223847.00,3718.9787380,N,12157.5527020,W,1,0,0.0,0.0000,M,0.0000,M,0.0000,0
$GPRMC,223847.00,A,3718.9787380,N,12157.5527020,W,30.3097,91.2416,101220,,,,
$GPGGA,223848.00,3718.9784620,N,12157.5321580,W,1,0,0.0,0.0000,M,0.0000,M,0.0000,0
$GPRMC,223848.00,A,3718.9784620,N,12157.5321580,W,30.4004,91.0600,101220,,,,
$GPGGA,223849.00,3718.9782940,N,12157.5115600,W,1,0,0.0,0.0000,M,0.0000,M,0.0000,0
$GPRMC,223849.00,A,3718.9782940,N,12157.5115600,W,30.4028,90.6566,101220,,,,
$GPGGA,223850.00,3718.9781440,N,12157.4910760,W,1,0,0.0,0.0000,M,0.0000,M,0.0000,0
$GPRMC,223850.00,A,3718.9781440,N,12157.4910760,W,30.1120,90.8795,101220,,,,
$GPGGA,223851.00,3718.9780420,N,12157.4707240,W,1,0,0.0,0.0000,M,0.0000,M,0.0000,0
$GPRMC,223851.00,A,3718.9780420,N,12157.4707240,W,30.0841,90.2642,101220,,,,
$GPGGA,223852.00,3718.9781860,N,12157.4504380,W,1,0,0.0,0.0000,M,0.0000,M,0.0000,0
$GPRMC,223852.00,A,3718.9781860,N,12157.4504380,W,29.8456,89.1717,101220,,,,
$GPGGA,223853.00,3718.9786660,N,12157.4303500,W,1,0,0.0,0.0000,M,0.0000,M,0.0000,0
$GPRMC,223853.00,A,3718.9786660,N,12157.4303500,W,29.5176,88.3388,101220,,,,
$GPGGA,223854.00,3718.9791580,N,12157.4104960,W,1,0,0.0,0.0000,M,0.0000,M,0.0000,0
$GPRMC,223854.00,A,3718.9791580,N,12157.4104960,W,29.1733,88.4790,101220,,,,
$GPGGA,223855.00,3718.9797280,N,12157.3908880,W,1,0,0.0,0.0000,M,0.0000,M,0.0000,0
$GPRMC,223855.00,A,3718.9797280,N,12157.3908880,W,28.8276,87.8207,101220,,,,
$GPGGA,223856.00,3718.9804720,N,12157.3715020,W,1,0,0.0,0.0000,M,0.0000,M,0.0000,0
$GPRMC,223856.00,A,3718.9804720,N,12157.3715020,W,28.5376,86.7696,101220,,,,
$GPGGA,223857.00,3718.9815280,N,12157.3523260,W,1,0,0.0,0.0000,M,0.0000,M,0.0000,0
$GPRMC,223857.00,A,3718.9815280,N,12157.3523260,W,28.2688,85.9235,101220,,,,
$GPGGA,223858.00,3718.9827340,N,12157.3333480,W,1,0,0.0,0.0000,M,0.0000,M,0.0000,0
$GPRMC,223858.00,A,3718.9827340,N,12157.3333480,W,27.9687,85.4407,101220,,,,
$GPGGA,223859.00,3718.9839760,N,12157.3146580,W,1,0,0.0,0.0000,M,0.0000,M,0.0000,0
$GPRMC,223859.00,A,3718.9839760,N,12157.3146580,W,27.5304,85.2933,101220,,,,
$GPGGA,223900.00,3718.9850920,N,12157.2961900,W,1,0,0.0,0.0000,M,0.0000,M,0.0000,0
$GPRMC,223900.00,A,3718.9850920,N,12157.2961900,W,27.2188,86.6673,101220,,,,
$GPGGA,223901.00,3718.9858180,N,12157.2777640,W,1,0,0.0,0.0000,M,0.0000,M,0.0000,0
$GPRMC,223901.00,A,3718.9858180,N,12157.2777640,W,27.3166,87.9293,101220,,,,
$GPGGA,223902.00,3718.9862560,N,12157.2592180,W,1,0,0.0,0.0000,M,0.0000,M,0.0000,0
$GPRMC,223902.00,A,3718.9862560,N,12157.2592180,W,27.4933,88.8014,101220,,,,
$GPGGA,223903.00,3718.9865620,N,12157.2406540,W,1,0,0.0,0.0000,M,0.0000,M,0.0000,0
$GPRMC,223903.00,A,3718.9865620,N,12157.2406540,W,27.3184,89.0937,101220,,,,
$GPGGA,223904.00,3718.9868500,N,12157.2222820,W,1,0,0.0,0.0000,M,0.0000,M,0.0000,0
$GPRMC,223904.00,A,3718.9868500,N,12157.2222820,W,26.9653,88.8546,101220,,,,
$GPGGA,223905.00,3718.9872400,N,12157.2041860,W,1,0,0.0,0.0000,M,0.0000,M,0.0000,0
$GPRMC,223905.00,A,3718.9872400,N,12157.2041860,W,26.5369,88.4895,101220,,,,
$GPGGA,223906.00,3718.9876720,N,12157.1863780,W,1,0,0.0,0.0000,M,0.0000,M,0.0000,0
$GPRMC,223906.00,A,3718.9876720,N,12157.1863780,W,26.1024,88.4186,101220,,,,
$GPGGA,223907.00,3718.9880740,N,12157.1688580,W,1,0,0.0,0.0000,M,0.0000,M,0.0000,0
$GPRMC,223907.00,A,3718.9880740,N,12157.1688580,W,25.6743,88.6296,101220,,,,
$GPGGA,223908.00,3718.9885120,N,12157.1516800,W,1,0,0.0,0.0000,M,0.0000,M,0.0000,0
$GPRMC,223908.00,A,3718.9885120,N,12157.1516800,W,24.9314,88.8380,101220,,,,
$GPGGA,223909.00,3718.9887520,N,12157.1355160,W,1,0,0.0,0.0000,M,0.0000,M,0.0000,0
$GPRMC,223909.00,A,3718.9887520,N,12157.1355160,W,22.6155,88.9681,101220,,,,
$GPGGA,223910.00,3718.9888840,N,12157.1212300,W,1,0,0.0,0.0000,M,0.0000,M,0.0000,0
$GPRMC,223910.00,A,3718.9888840,N,12157.1212300,W,19.5516,88.7845,101220,,,,
$GPGGA,223911.00,3718.9890880,N,12157.1091400,W,1,0,0.0,0.0000,M,0.0000,M,0.0000,0
$GPRMC,223911.00,A,3718.9890880,N,12157.1091400,W,15.9684,89.2075,101220,,,,
$GPGGA,223912.00,3718.9888480,N,12157.0997020,W,1,0,0.0,0.0000,M,0.0000,M,0.0000,0
$GPRMC,223912.00,A,3718.9888480,N,12157.0997020,W,11.9084,95.0760,101220,,,,
$GPGGA,223913.00,3718.9871860,N,12157.0929340,W,1,0,0.0,0.0000,M,0.0000,M,0.0000,0
$GPRMC,223913.00,A,3718.9871860,N,12157.0929340,W,8.8898,113.4262,101220,,,,
$GPGGA,223914.00,3718.9843060,N,12157.0885480,W,1,0,0.0,0.0000,M,0.0000,M,0.0000,0
$GPRMC,223914.00,A,3718.9843060,N,12157.0885480,W,7.3293,134.0444,101220,,,,
$GPGGA,223915.00,3718.9809280,N,12157.0865740,W,1,0,0.0,0.0000,M,0.0000,M,0.0000,0
$GPRMC,223915.00,A,3718.9809280,N,12157.0865740,W,5.7579,157.5889,101220,,,,
$GPGGA,223916.00,3718.9782820,N,12157.0859680,W,1,0,0.0,0.0000,M,0.0000,M,0.0000,0
$GPRMC,223916.00,A,3718.9782820,N,12157.0859680,W,3.8712,167.7590,101220,,,,
$GPGGA,223917.00,3718.9767280,N,12157.0855900,W,1,0,0.0,0.0000,M,0.0000,M,0.0000,0
$GPRMC,223917.00,A,3718.9767280,N,12157.0855900,W,2.0391,168.4259,101220,,,,
$GPGGA,223918.00,3718.9761760,N,12157.0854520,W,1,0,0.0,0.0000,M,0.0000,M,0.0000,0
$GPRMC,223918.00,A,3718.9761760,N,12157.0854520,W,0.0140,168.4932,101220,,,,
$GPGGA,223919.00,3718.9761820,N,12157.0854580,W,1,0,0.0,0.0000,M,0.0000,M,0.0000,0
$GPRMC,223919.00,A,3718.9761820,N,12157.0854580,W,0.0058,168.4942,101220,,,,
$GPGGA,223920.00,3718.9761820,N,12157.0854580,W,1,0,0.0,0.0000,M,0.0000,M,0.0000,0
$GPRMC,223920.00,A,3718.9761820,N,12157.0854580,W,0.0081,168.4896,101220,,,,
$GPGGA,223921.00,3718.9761880,N,12157.0854580,W,1,0,0.0,0.0000,M,0.0000,M,0.0000,0
$GPRMC,223921.00,A,3718.9761880,N,12157.0854580,W,0.0067,168.4891,101220,,,,
$GPGGA,223922.00,3718.9761880,N,12157.0854580,W,1,0,0.0,0.0000,M,0.0000,M,0.0000,0
$GPRMC,223922.00,A,3718.9761880,N,12157.0854580,W,0.0072,168.4871,101220,,,,
$GPGGA,223923.00,3718.9761880,N,12157.0854580,W,1,0,0.0,0.0000,M,0.0000,M,0.0000,0
$GPRMC,223923.00,A,3718.9761880,N,12157.0854580,W,0.0050,168.4855,101220,,,,
$GPGGA,223924.00,3718.9761940,N,12157.0854520,W,1,0,0.0,0.0000,M,0.0000,M,0.0000,0
$GPRMC,223924.00,A,3718.9761940,N,12157.0854520,W,0.0022,168.4833,101220,,,,
$GPGGA,223925.00,3718.9761940,N,12157.0854520,W,1,0,0.0,0.0000,M,0.0000,M,0.0000,0
$GPRMC,223925.00,A,3718.9761940,N,12157.0854520,W,0.0010,168.4816,101220,,,,
$GPGGA,223926.00,3718.9761940,N,12157.0854520,W,1,0,0.0,0.0000,M,0.0000,M,0.0000,0
$GPRMC,223926.00,A,3718.9761940,N,12157.0854520,W,0.0010,168.4800,101220,,,,
$GPGGA,223927.00,3718.9761940,N,12157.0854520,W,1,0,0.0,0.0000,M,0.0000,M,0.0000,0
$GPRMC,223927.00,A,3718.9761940,N,12157.0854520,W,0.0014,168.4781,101220,,,,
$GPGGA,223928.00,3718.9761940,N,12157.0854520,W,1,0,0.0,0.0000,M,0.0000,M,0.0000,0
$GPRMC,223928.00,A,3718.9761940,N,12157.0854520,W,0.0010,168.4762,101220,,,,
$GPGGA,223929.00,3718.9761940,N,12157.0854520,W,1,0,0.0,0.0000,M,0.0000,M,0.0000,0
$GPRMC,223929.00,A,3718.9761940,N,12157.0854520,W,0.0010,168.4746,101220,,,,
$GPGGA,223930.00,3718.9761940,N,12157.0854520,W,1,0,0.0,0.0000,M,0.0000,M,0.0000,0
$GPRMC,223930.00,A,3718.9761940,N,12157.0854520,W,0.0014,168.4727,101220,,,,
$GPGGA,223931.00,3718.9761940,N,12157.0854580,W,1,0,0.0,0.0000,M,0.0000,M,0.0000,0
$GPRMC,223931.00,A,3718.9761940,N,12157.0854580,W,0.0000,168.4708,101220,,,,
$GPGGA,223932.00,3718.9761880,N,12157.0854580,W,1,0,0.0,0.0000,M,0.0000,M,0.0000,0
$GPRMC,223932.00,A,3718.9761880,N,12157.0854580,W,0.0000,168.4691,101220,,,,
$GPGGA,223933.00,3718.9761880,N,12157.0854580,W,1,0,0.0,0.0000,M,0.0000,M,0.0000,0
$GPRMC,223933.00,A,3718.9761880,N,12157.0854580,W,0.0014,168.4675,101220,,,,
$GPGGA,223934.00,3718.9761820,N,12157.0854640,W,1,0,0.0,0.0000,M,0.0000,M,0.0000,0
$GPRMC,223934.00,A,3718.9761820,N,12157.0854640,W,0.0041,168.4672,101220,,,,
$GPGGA,223935.00,3718.9761820,N,12157.0854640,W,1,0,0.0,0.0000,M,0.0000,M,0.0000,0
$GPRMC,223935.00,A,3718.9761820,N,12157.0854640,W,0.0061,168.4646,101220,,,,
$GPGGA,223936.00,3718.9761760,N,12157.0854640,W,1,0,0.0,0.0000,M,0.0000,M,0.0000,0
$GPRMC,223936.00,A,3718.9761760,N,12157.0854640,W,0.0104,168.4634,101220,,,,
$GPGGA,223937.00,3718.9761700,N,12157.0854700,W,1,0,0.0,0.0000,M,0.0000,M,0.0000,0
$GPRMC,223937.00,A,3718.9761700,N,12157.0854700,W,0.0155,168.4620,101220,,,,
$GPGGA,223938.00,3718.9761640,N,12157.0854700,W,1,0,0.0,0.0000,M,0.0000,M,0.0000,0
$GPRMC,223938.00,A,3718.9761640,N,12157.0854700,W,0.0218,168.4604,101220,,,,
$GPGGA,223939.00,3718.9761580,N,12157.0854700,W,1,0,0.0,0.0000,M,0.0000,M,0.0000,0
$GPRMC,223939.00,A,3718.9761580,N,12157.0854700,W,0.0294,168.4587,101220,,,,
$GPGGA,223940.00,3718.9761460,N,12157.0854700,W,1,0,0.0,0.0000,M,0.0000,M,0.0000,0
$GPRMC,223940.00,A,3718.9761460,N,12157.0854700,W,0.0379,168.4574,101220,,,,
$GPGGA,223941.00,3718.9761520,N,12157.0854640,W,1,0,0.0,0.0000,M,0.0000,M,0.0000,0
$GPRMC,223941.00,A,3718.9761520,N,12157.0854640,W,0.0344,168.4611,101220,,,,
$GPGGA,223942.00,3718.9759180,N,12157.0853980,W,1,0,0.0,0.0000,M,0.0000,M,0.0000,0
$GPRMC,223942.00,A,3718.9759180,N,12157.0853980,W,1.1221,168.4748,101220,,,,
$GPGGA,223943.00,3718.9747060,N,12157.0849480,W,1,0,0.0,0.0000,M,0.0000,M,0.0000,0
$GPRMC,223943.00,A,3718.9747060,N,12157.0849480,W,3.3983,165.5497,101220,,,,
$GPGGA,223944.00,3718.9726720,N,12157.0836340,W,1,0,0.0,0.0000,M,0.0000,M,0.0000,0
$GPRMC,223944.00,A,3718.9726720,N,12157.0836340,W,5.1299,154.4397,101220,,,,
$GPGGA,223945.00,3718.9703980,N,12157.0808740,W,1,0,0.0,0.0000,M,0.0000,M,0.0000,0
$GPRMC,223945.00,A,3718.9703980,N,12157.0808740,W,6.9709,135.1023,101220,,,,
$GPGGA,223946.00,3718.9686400,N,12157.0763200,W,1,0,0.0,0.0000,M,0.0000,M,0.0000,0
$GPRMC,223946.00,A,3718.9686400,N,12157.0763200,W,8.4431,113.5322,101220,,,,
$GPGGA,223947.00,3718.9680640,N,12157.0706260,W,1,0,0.0,0.0000,M,0.0000,M,0.0000,0
$GPRMC,223947.00,A,3718.9680640,N,12157.0706260,W,8.9293,94.2641,101220,,,,
$GPGGA,223948.00,3718.9681360,N,12157.0646740,W,1,0,0.0,0.0000,M,0.0000,M,0.0000,0
$GPRMC,223948.00,A,3718.9681360,N,12157.0646740,W,8.7460,89.9700,101220,,,,
$GPGGA,223949.00,3718.9679620,N,12157.0587940,W,1,0,0.0,0.0000,M,0.0000,M,0.0000,0
$GPRMC,223949.00,A,3718.9679620,N,12157.0587940,W,8.5360,93.5187,101220,,,,
$GPGGA,223950.00,3718.9672660,N,12157.0532140,W,1,0,0.0,0.0000,M,0.0000,M,0.0000,0
$GPRMC,223950.00,A,3718.9672660,N,12157.0532140,W,7.6956,99.9143,101220,,,,
$GPGGA,223951.00,3718.9665220,N,12157.0488040,W,1,0,0.0,0.0000,M,0.0000,M,0.0000,0
$GPRMC,223951.00,A,3718.9665220,N,12157.0488040,W,5.4044,101.3814,101220,,,,
$GPGGA,223952.00,3718.9663540,N,12157.0461220,W,1,0,0.0,0.0000,M,0.0000,M,0.0000,0
$GPRMC,223952.00,A,3718.9663540,N,12157.0461220,W,2.7548,95.7603,101220,,,,
$GPGGA,223953.00,3718.9663120,N,12157.0448980,W,1,0,0.0,0.0000,M,0.0000,M,0.0000,0
$GPRMC,223953.00,A,3718.9663120,N,12157.0448980,W,1.0282,94.6351,101220,,,,
$GPGGA,223954.00,3718.9662940,N,12157.0446820,W,1,0,0.0,0.0000,M,0.0000,M,0.0000,0
$GPRMC,223954.00,A,3718.9662940,N,12157.0446820,W,0.0350,94.6129,101220,,,,
$GPGGA,223955.00,3718.9662940,N,12157.0446820,W,1,0,0.0,0.0000,M,0.0000,M,0.0000,0
$GPRMC,223955.00,A,3718.9662940,N,12157.0446820,W,0.0124,94.6118,101220,,,,
$GPGGA,223956.00,3718.9662880,N,12157.0446820,W,1,0,0.0,0.0000,M,0.0000,M,0.0000,0
$GPRMC,223956.00,A,3718.9662880,N,12157.0446820,W,0.0082,94.6074,101220,,,,
$GPGGA,223957.00,3718.9662880,N,12157.0446820,W,1,0,0.0,0.0000,M,0.0000,M,0.0000,0
$GPRMC,223957.00,A,3718.9662880,N,12157.0446820,W,0.0085,94.6056,101220,,,,
$GPGGA,223958.00,3718.9662880,N,12157.0446760,W,1,0,0.0,0.0000,M,0.0000,M,0.0000,0
$GPRMC,223958.00,A,3718.9662880,N,12157.0446760,W,0.0067,94.6037,101220,,,,
$GPGGA,223959.00,3718.9662880,N,12157.0446760,W,1,0,0.0,0.0000,M,0.0000,M,0.0000,0
$GPRMC,223959.00,A,3718.9662880,N,12157.0446760,W,0.0054,94.6018,101220,,,,
$GPGGA,224000.00,3718.9662880,N,12157.0446760,W,1,0,0.0,0.0000,M,0.0000,M,0.0000,0
$GPRMC,224000.00,A,3718.9662880,N,12157.0446760,W,0.0041,94.5997,101220,,,,
$GPGGA,224001.00,3718.9662880,N,12157.0446760,W,1,0,0.0,0.0000,M,0.0000,M,0.0000,0
$GPRMC,224001.00,A,3718.9662880,N,12157.0446760,W,0.0036,94.5974,101220,,,,
$GPGGA,224002.00,3718.9662880,N,12157.0446760,W,1,0,0.0,0.0000,M,0.0000,M,0.0000,0
$GPRMC,224002.00,A,3718.9662880,N,12157.0446760,W,0.0022,94.5955,101220,,,,
$GPGGA,224003.00,3718.9662880,N,12157.0446760,W,1,0,0.0,0.0000,M,0.0000,M,0.0000,0
$GPRMC,224003.00,A,3718.9662880,N,12157.0446760,W,0.0022,94.5936,101220,,,,
$GPGGA,224004.00,3718.9662880,N,12157.0446760,W,1,0,0.0,0.0000,M,0.0000,M,0.0000,0
$GPRMC,224004.00,A,3718.9662880,N,12157.0446760,W,0.0022,94.5918,101220,,,,
$GPGGA,224005.00,3718.9662880,N,12157.0446760,W,1,0,0.0,0.0000,M,0.0000,M,0.0000,0
$GPRMC,224005.00,A,3718.9662880,N,12157.0446760,W,0.0014,94.5898,101220,,,,
$GPGGA,224006.00,3718.9662880,N,12157.0446760,W,1,0,0.0,0.0000,M,0.0000,M,0.0000,0
$GPRMC,224006.00,A,3718.9662880,N,12157.0446760,W,0.0014,94.5879,101220,,,,
$GPGGA,224007.00,3718.9662880,N,12157.0446760,W,1,0,0.0,0.0000,M,0.0000,M,0.0000,0
$GPRMC,224007.00,A,3718.9662880,N,12157.0446760,W,0.0022,94.5857,101220,,,,
$GPGGA,224008.00,3718.9662880,N,12157.0446760,W,1,0,0.0,0.0000,M,0.0000,M,0.0000,0
$GPRMC,224008.00,A,3718.9662880,N,12157.0446760,W,0.0014,94.5837,101220,,,,
$GPGGA,224009.00,3718.9662820,N,12157.0446760,W,1,0,0.0,0.0000,M,0.0000,M,0.0000,0
$GPRMC,224009.00,A,3718.9662820,N,12157.0446760,W,0.0028,94.5820,101220,,,,
$GPGGA,224010.00,3718.9662820,N,12157.0446760,W,1,0,0.0,0.0000,M,0.0000,M,0.0000,0
$GPRMC,224010.00,A,3718.9662820,N,12157.0446760,W,0.0028,94.5802,101220,,,,
$GPGGA,224011.00,3718.9662820,N,12157.0446760,W,1,0,0.0,0.0000,M,0.0000,M,0.0000,0
$GPRMC,224011.00,A,3718.9662820,N,12157.0446760,W,0.0028,94.5785,101220,,,,
$GPGGA,224012.00,3718.9662820,N,12157.0446700,W,1,0,0.0,0.0000,M,0.0000,M,0.0000,0
$GPRMC,224012.00,A,3718.9662820,N,12157.0446700,W,0.0022,94.5764,101220,,,,
$GPGGA,224013.00,3718.9662820,N,12157.0446700,W,1,0,0.0,0.0000,M,0.0000,M,0.0000,0
$GPRMC,224013.00,A,3718.9662820,N,12157.0446700,W,0.0022,94.5744,101220,,,,
$GPGGA,224014.00,3718.9662820,N,12157.0446700,W,1,0,0.0,0.0000,M,0.0000,M,0.0000,0
$GPRMC,224014.00,A,3718.9662820,N,12157.0446700,W,0.0022,94.5725,101220,,,,
$GPGGA,224015.00,3718.9662820,N,12157.0446700,W,1,0,0.0,0.0000,M,0.0000,M,0.0000,0
$GPRMC,224015.00,A,3718.9662820,N,12157.0446700,W,0.0022,94.5708,101220,,,,
$GPGGA,224016.00,3718.9662820,N,12157.0446700,W,1,0,0.0,0.0000,M,0.0000,M,0.0000,0
$GPRMC,224016.00,A,3718.9662820,N,12157.0446700,W,0.0020,94.5691,101220,,,,
$GPGGA,224017.00,3718.9662820,N,12157.0446700,W,1,0,0.0,0.0000,M,0.0000,M,0.0000,0
$GPRMC,224017.00,A,3718.9662820,N,12157.0446700,W,0.0010,94.5673,101220,,,,
$GPGGA,224018.00,3718.9662820,N,12157.0446700,W,1,0,0.0,0.0000,M,0.0000,M,0.0000,0
$GPRMC,224018.00,A,3718.9662820,N,12157.0446700,W,0.0020,94.5652,101220,,,,
$GPGGA,224019.00,3718.9662820,N,12157.0446700,W,1,0,0.0,0.0000,M,0.0000,M,0.0000,0
$GPRMC,224019.00,A,3718.9662820,N,12157.0446700,W,0.0014,94.5634,101220,,,,
$GPGGA,224020.00,3718.9662820,N,12157.0446700,W,1,0,0.0,0.0000,M,0.0000,M,0.0000,0
$GPRMC,224020.00,A,3718.9662820,N,12157.0446700,W,0.0014,94.5617,101220,,,,
$GPGGA,224021.00,3718.9662820,N,12157.0446700,W,1,0,0.0,0.0000,M,0.0000,M,0.0000,0
$GPRMC,224021.00,A,3718.9662820,N,12157.0446700,W,0.0010,94.5600,101220,,,,
$GPGGA,224022.00,3718.9662820,N,12157.0446760,W,1,0,0.0,0.0000,M,0.0000,M,0.0000,0
$GPRMC,224022.00,A,3718.9662820,N,12157.0446760,W,0.0010,94.5581,101220,,,,
$GPGGA,224023.00,3718.9662880,N,12157.0446760,W,1,0,0.0,0.0000,M,0.0000,M,0.0000,0
$GPRMC,224023.00,A,3718.9662880,N,12157.0446760,W,0.0010,94.5562,101220,,,,
$GPGGA,224024.00,3718.9662880,N,12157.0446760,W,1,0,0.0,0.0000,M,0.0000,M,0.0000,0
$GPRMC,224024.00,A,3718.9662880,N,12157.0446760,W,0.0010,94.5542,101220,,,,
$GPGGA,224025.00,3718.9662880,N,12157.0446760,W,1,0,0.0,0.0000,M,0.0000,M,0.0000,0
$GPRMC,224025.00,A,3718.9662880,N,12157.0446760,W,0.0010,94.5522,101220,,,,
$GPGGA,224026.00,3718.9662880,N,12157.0446760,W,1,0,0.0,0.0000,M,0.0000,M,0.0000,0
$GPRMC,224026.00,A,3718.9662880,N,12157.0446760,W,0.0010,94.5504,101220,,,,
$GPGGA,224027.00,3718.9662940,N,12157.0446760,W,1,0,0.0,0.0000,M,0.0000,M,0.0000,0
$GPRMC,224027.00,A,3718.9662940,N,12157.0446760,W,0.0000,94.5488,101220,,,,
$GPGGA,224028.00,3718.9662940,N,12157.0446760,W,1,0,0.0,0.0000,M,0.0000,M,0.0000,0
$GPRMC,224028.00,A,3718.9662940,N,12157.0446760,W,0.0010,94.5471,101220,,,,
$GPGGA,224029.00,3718.9662940,N,12157.0446760,W,1,0,0.0,0.0000,M,0.0000,M,0.0000,0
$GPRMC,224029.00,A,3718.9662940,N,12157.0446760,W,0.0000,94.5455,101220,,,,
$GPGGA,224030.00,3718.9662940,N,12157.0446760,W,1,0,0.0,0.0000,M,0.0000,M,0.0000,0
$GPRMC,224030.00,A,3718.9662940,N,12157.0446760,W,0.0000,94.5438,101220,,,,
$GPGGA,224031.00,3718.9662940,N,12157.0446760,W,1,0,0.0,0.0000,M,0.0000,M,0.0000,0
$GPRMC,224031.00,A,3718.9662940,N,12157.0446760,W,0.0000,94.5419,101220,,,,
$GPGGA,224032.00,3718.9662940,N,12157.0446760,W,1,0,0.0,0.0000,M,0.0000,M,0.0000,0
$GPRMC,224032.00,A,3718.9662940,N,12157.0446760,W,0.0010,94.5400,101220,,,,
$GPGGA,224033.00,3718.9662940,N,12157.0446760,W,1,0,0.0,0.0000,M,0.0000,M,0.0000,0
$GPRMC,224033.00,A,3718.9662940,N,12157.0446760,W,0.0014,94.5381,101220,,,,
$GPGGA,224034.00,3718.9662940,N,12157.0446340,W,1,0,0.0,0.0000,M,0.0000,M,0.0000,0
$GPRMC,224034.00,A,3718.9662940,N,12157.0446340,W,0.2977,94.5370,101220,,,,
$GPGGA,224035.00,3718.9662580,N,12157.0440700,W,1,0,0.0,0.0000,M,0.0000,M,0.0000,0
$GPRMC,224035.00,A,3718.9662580,N,12157.0440700,W,1.4689,94.5082,101220,,,,
$GPGGA,224036.00,3718.9661680,N,12157.0425400,W,1,0,0.0,0.0000,M,0.0000,M,0.0000,0
$GPRMC,224036.00,A,3718.9661680,N,12157.0425400,W,3.1498,94.4391,101220,,,,
$GPGGA,224037.00,3718.9660180,N,12157.0398400,W,1,0,0.0,0.0000,M,0.0000,M,0.0000,0
$GPRMC,224037.00,A,3718.9660180,N,12157.0398400,W,4.7832,93.9094,101220,,,,
$GPGGA,224038.00,3718.9658620,N,12157.0363060,W,1,0,0.0,0.0000,M,0.0000,M,0.0000,0
$GPRMC,224038.00,A,3718.9658620,N,12157.0363060,W,5.3540,93.2093,101220,,,,
$GPGGA,224039.00,3718.9657240,N,12157.0327360,W,1,0,0.0,0.0000,M,0.0000,M,0.0000,0
$GPRMC,224039.00,A,3718.9657240,N,12157.0327360,W,5.1757,92.8726,101220,,,,
$GPGGA,224040.00,3718.9655980,N,12157.0292800,W,1,0,0.0,0.0000,M,0.0000,M,0.0000,0
$GPRMC,224040.00,A,3718.9655980,N,12157.0292800,W,5.0050,92.6863,101220,,,,
$GPGGA,224041.00,3718.9654780,N,12157.0259380,W,1,0,0.0,0.0000,M,0.0000,M,0.0000,0
$GPRMC,224041.00,A,3718.9654780,N,12157.0259380,W,4.8205,92.5739,101220,,,,
$GPGGA,224042.00,3718.9653580,N,12157.0224640,W,1,0,0.0,0.0000,M,0.0000,M,0.0000,0
$GPRMC,224042.00,A,3718.9653580,N,12157.0224640,W,5.5883,92.5140,101220,,,,
$GPGGA,224043.00,3718.9652620,N,12157.0184920,W,1,0,0.0,0.0000,M,0.0000,M,0.0000,0
$GPRMC,224043.00,A,3718.9652620,N,12157.0184920,W,5.9275,91.5298,101220,,,,
$GPGGA,224044.00,3718.9654060,N,12157.0145740,W,1,0,0.0,0.0000,M,0.0000,M,0.0000,0
$GPRMC,224044.00,A,3718.9654060,N,12157.0145740,W,5.7088,86.5627,101220,,,,
$GPGGA,224045.00,3718.9660060,N,12157.0108060,W,1,0,0.0,0.0000,M,0.0000,M,0.0000,0
$GPRMC,224045.00,A,3718.9660060,N,12157.0108060,W,5.8737,78.0334,101220,,,,
$GPGGA,224046.00,3718.9673560,N,12157.0072240,W,1,0,0.0,0.0000,M,0.0000,M,0.0000,0
$GPRMC,224046.00,A,3718.9673560,N,12157.0072240,W,6.0988,63.1088,101220,,,,
$GPGGA,224047.00,3718.9697500,N,12157.0044460,W,1,0,0.0,0.0000,M,0.0000,M,0.0000,0
$GPRMC,224047.00,A,3718.9697500,N,12157.0044460,W,6.4108,40.5496,101220,,,,
$GPGGA,224048.00,3718.9731940,N,12157.0028440,W,1,0,0.0,0.0000,M,0.0000,M,0.0000,0
$GPRMC,224048.00,A,3718.9731940,N,12157.0028440,W,7.5215,17.1640,101220,,,,
$GPGGA,224049.00,3718.9775800,N,12157.0022140,W,1,0,0.0,0.0000,M,0.0000,M,0.0000,0
$GPRMC,224049.00,A,3718.9775800,N,12157.0022140,W,8.9027,5.8685,101220,,,,
$GPGGA,224050.00,3718.9829020,N,12157.0017400,W,1,0,0.0,0.0000,M,0.0000,M,0.0000,0
$GPRMC,224050.00,A,3718.9829020,N,12157.0017400,W,11.0756,4.5970,101220,,,,
$GPGGA,224051.00,3718.9894300,N,12157.0012000,W,1,0,0.0,0.0000,M,0.0000,M,0.0000,0
$GPRMC,224051.00,A,3718.9894300,N,12157.0012000,W,13.0553,3.7414,101220,,,,
$GPGGA,224052.00,3718.9969000,N,12157.0007740,W,1,0,0.0,0.0000,M,0.0000,M,0.0000,0
$GPRMC,224052.00,A,3718.9969000,N,12157.0007740,W,14.1432,2.2571,101220,,,,
$GPGGA,224053.00,3719.0045500,N,12157.0005400,W,1,0,0.0,0.0000,M,0.0000,M,0.0000,0
$GPRMC,224053.00,A,3719.0045500,N,12157.0005400,W,14.1451,1.1600,101220,,,,
$GPGGA,224054.00,3719.0121280,N,12157.0004200,W,1,0,0.0,0.0000,M,0.0000,M,0.0000,0
$GPRMC,224054.00,A,3719.0121280,N,12157.0004200,W,13.9558,0.5064,101220,,,,
$GPGGA,224055.00,3719.0194060,N,12157.0003900,W,1,0,0.0,0.0000,M,0.0000,M,0.0000,0
$GPRMC,224055.00,A,3719.0194060,N,12157.0003900,W,12.6732,0.0754,101220,,,,
$GPGGA,224056.00,3719.0255620,N,12157.0003360,W,1,0,0.0,0.0000,M,0.0000,M,0.0000,0
$GPRMC,224056.00,A,3719.0255620,N,12157.0003360,W,9.9126,0.2542,101220,,,,
$GPGGA,224057.00,3719.0300980,N,12157.0001920,W,1,0,0.0,0.0000,M,0.0000,M,0.0000,0
$GPRMC,224057.00,A,3719.0300980,N,12157.0001920,W,6.7886,2.1477,101220,,,,
$GPGGA,224058.00,3719.0330080,N,12156.9993280,W,1,0,0.0,0.0000,M,0.0000,M,0.0000,0
$GPRMC,224058.00,A,3719.0330080,N,12156.9993280,W,4.7173,16.9418,101220,,,,
$GPGGA,224059.00,3719.0347000,N,12156.9968080,W,1,0,0.0,0.0000,M,0.0000,M,0.0000,0
$GPRMC,224059.00,A,3719.0347000,N,12156.9968080,W,4.7202,52.1451,101220,,,,
$GPGGA,224100.00,3719.0352880,N,12156.9932680,W,1,0,0.0,0.0000,M,0.0000,M,0.0000,0
$GPRMC,224100.00,A,3719.0352880,N,12156.9932680,W,5.5718,79.0263,101220,,,,
$GPGGA,224101.00,3719.0353420,N,12156.9890080,W,1,0,0.0,0.0000,M,0.0000,M,0.0000,0
$GPRMC,224101.00,A,3719.0353420,N,12156.9890080,W,6.9082,88.7748,101220,,,,
$GPGGA,224102.00,3719.0352580,N,12156.9838300,W,1,0,0.0,0.0000,M,0.0000,M,0.0000,0
$GPRMC,224102.00,A,3719.0352580,N,12156.9838300,W,8.2839,91.7513,101220,,,,
$GPGGA,224103.00,3719.0350060,N,12156.9778720,W,1,0,0.0,0.0000,M,0.0000,M,0.0000,0
$GPRMC,224103.00,A,3719.0350060,N,12156.9778720,W,9.4067,92.9848,101220,,,,
$GPGGA,224104.00,3719.0347360,N,12156.9712480,W,1,0,0.0,0.0000,M,0.0000,M,0.0000,0
$GPRMC,224104.00,A,3719.0347360,N,12156.9712480,W,9.8891,92.6504,101220,,,,
$GPGGA,224105.00,3719.0345740,N,12156.9646480,W,1,0,0.0,0.0000,M,0.0000,M,0.0000,0
$GPRMC,224105.00,A,3719.0345740,N,12156.9646480,W,9.5998,90.7980,101220,,,,
$GPGGA,224106.00,3719.0346400,N,12156.9582640,W,1,0,0.0,0.0000,M,0.0000,M,0.0000,0
$GPRMC,224106.00,A,3719.0346400,N,12156.9582640,W,9.2760,89.4053,101220,,,,
$GPGGA,224107.00,3719.0346160,N,12156.9520780,W,1,0,0.0,0.0000,M,0.0000,M,0.0000,0
$GPRMC,224107.00,A,3719.0346160,N,12156.9520780,W,8.9513,90.5945,101220,,,,
$GPGGA,224108.00,3719.0347420,N,12156.9464920,W,1,0,0.0,0.0000,M,0.0000,M,0.0000,0
$GPRMC,224108.00,A,3719.0347420,N,12156.9464920,W,7.3516,86.5561,101220,,,,
$GPGGA,224109.00,3719.0356120,N,12156.9424780,W,1,0,0.0,0.0000,M,0.0000,M,0.0000,0
$GPRMC,224109.00,A,3719.0356120,N,12156.9424780,W,5.1619,69.8708,101220,,,,
$GPGGA,224110.00,3719.0372740,N,12156.9402940,W,1,0,0.0,0.0000,M,0.0000,M,0.0000,0
$GPRMC,224110.00,A,3719.0372740,N,12156.9402940,W,4.2686,46.2160,101220,,,,
$GPGGA,224111.00,3719.0392960,N,12156.9391540,W,1,0,0.0,0.0000,M,0.0000,M,0.0000,0
$GPRMC,224111.00,A,3719.0392960,N,12156.9391540,W,4.1706,24.8942,101220,,,,
$GPGGA,224112.00,3719.0415760,N,12156.9387100,W,1,0,0.0,0.0000,M,0.0000,M,0.0000,0
$GPRMC,224112.00,A,3719.0415760,N,12156.9387100,W,4.6781,10.1343,101220,,,,
$GPGGA,224113.00,3719.0444860,N,12156.9386020,W,1,0,0.0,0.0000,M,0.0000,M,0.0000,0
$GPRMC,224113.00,A,3719.0444860,N,12156.9386020,W,6.1651,2.8952,101220,,,,
$GPGGA,224114.00,3719.0481760,N,12156.9386440,W,1,0,0.0,0.0000,M,0.0000,M,0.0000,0
$GPRMC,224114.00,A,3719.0481760,N,12156.9386440,W,7.2784,359.3148,101220,,,,
$GPGGA,224115.00,3719.0521360,N,12156.9389080,W,1,0,0.0,0.0000,M,0.0000,M,0.0000,0
$GPRMC,224115.00,A,3719.0521360,N,12156.9389080,W,7.4111,357.6023,101220,,,,
$GPGGA,224116.00,3719.0561080,N,12156.9391180,W,1,0,0.0,0.0000,M,0.0000,M,0.0000,0
$GPRMC,224116.00,A,3719.0561080,N,12156.9391180,W,7.2802,358.2823,101220,,,,
$GPGGA,224117.00,3719.0599540,N,12156.9392980,W,1,0,0.0,0.0000,M,0.0000,M,0.0000,0
$GPRMC,224117.00,A,3719.0599540,N,12156.9392980,W,6.8573,358.1105,101220,,,,
$GPGGA,224118.00,3719.0634640,N,12156.9394720,W,1,0,0.0,0.0000,M,0.0000,M,0.0000,0
$GPRMC,224118.00,A,3719.0634640,N,12156.9394720,W,6.0768,357.8088,101220,,,,
$GPGGA,224119.00,3719.0664520,N,12156.9395800,W,1,0,0.0,0.0000,M,0.0000,M,0.0000,0
$GPRMC,224119.00,A,3719.0664520,N,12156.9395800,W,4.8333,359.0700,101220,,,,
$GPGGA,224120.00,3719.0687140,N,12156.9391540,W,1,0,0.0,0.0000,M,0.0000,M,0.0000,0
$GPRMC,224120.00,A,3719.0687140,N,12156.9391540,W,3.6360,10.2119,101220,,,,
$GPGGA,224121.00,3719.0701600,N,12156.9375280,W,1,0,0.0,0.0000,M,0.0000,M,0.0000,0
$GPRMC,224121.00,A,3719.0701600,N,12156.9375280,W,3.2212,41.3733,101220,,,,
$GPGGA,224122.00,3719.0706220,N,12156.9350980,W,1,0,0.0,0.0000,M,0.0000,M,0.0000,0
$GPRMC,224122.00,A,3719.0706220,N,12156.9350980,W,3.7522,73.6065,101220,,,,
$GPGGA,224123.00,3719.0705560,N,12156.9321160,W,1,0,0.0,0.0000,M,0.0000,M,0.0000,0
$GPRMC,224123.00,A,3719.0705560,N,12156.9321160,W,4.7723,89.6417,101220,,,,
$GPGGA,224124.00,3719.0705140,N,12156.9286060,W,1,0,0.0,0.0000,M,0.0000,M,0.0000,0
$GPRMC,224124.00,A,3719.0705140,N,12156.9286060,W,5.5652,90.5949,101220,,,,
$GPGGA,224125.00,3719.0704720,N,12156.9247300,W,1,0,0.0,0.0000,M,0.0000,M,0.0000,0
$GPRMC,224125.00,A,3719.0704720,N,12156.9247300,W,5.7392,90.7146,101220,,,,
$GPGGA,224126.00,3719.0704120,N,12156.9209140,W,1,0,0.0,0.0000,M,0.0000,M,0.0000,0
$GPRMC,224126.00,A,3719.0704120,N,12156.9209140,W,5.4906,91.4222,101220,,,,
$GPGGA,224127.00,3719.0703400,N,12156.9174460,W,1,0,0.0,0.0000,M,0.0000,M,0.0000,0
$GPRMC,224127.00,A,3719.0703400,N,12156.9174460,W,4.6614,90.7415,101220,,,,
$GPGGA,224128.00,3719.0704240,N,12156.9146800,W,1,0,0.0,0.0000,M,0.0000,M,0.0000,0
$GPRMC,224128.00,A,3719.0704240,N,12156.9146800,W,3.6081,87.7722,101220,,,,
$GPGGA,224129.00,3719.0708560,N,12156.9125020,W,1,0,0.0,0.0000,M,0.0000,M,0.0000,0
$GPRMC,224129.00,A,3719.0708560,N,12156.9125020,W,3.1434,76.9517,101220,,,,
$GPGGA,224130.00,3719.0718460,N,12156.9111940,W,1,0,0.0,0.0000,M,0.0000,M,0.0000,0
$GPRMC,224130.00,A,3719.0718460,N,12156.9111940,W,2.4306,53.9120,101220,,,,
$GPGGA,224131.00,3719.0730700,N,12156.9107920,W,1,0,0.0,0.0000,M,0.0000,M,0.0000,0
$GPRMC,224131.00,A,3719.0730700,N,12156.9107920,W,2.1112,25.0720,101220,,,,
$GPGGA,224132.00,3719.0739580,N,12156.9110740,W,1,0,0.0,0.0000,M,0.0000,M,0.0000,0
$GPRMC,224132.00,A,3719.0739580,N,12156.9110740,W,1.1921,4.2680,101220,,,,
$GPGGA,224133.00,3719.0743840,N,12156.9111460,W,1,0,0.0,0.0000,M,0.0000,M,0.0000,0
$GPRMC,224133.00,A,3719.0743840,N,12156.9111460,W,0.3274,1.0075,101220,,,,
$GPGGA,224134.00,3719.0744500,N,12156.9111640,W,1,0,0.0,0.0000,M,0.0000,M,0.0000,0
$GPRMC,224134.00,A,3719.0744500,N,12156.9111640,W,0.0501,1.0171,101220,,,,
$GPGGA,224135.00,3719.0744680,N,12156.9111940,W,1,0,0.0,0.0000,M,0.0000,M,0.0000,0
$GPRMC,224135.00,A,3719.0744680,N,12156.9111940,W,0.0908,1.0168,101220,,,,
$GPGGA,224136.00,3719.0744860,N,12156.9112120,W,1,0,0.0,0.0000,M,0.0000,M,0.0000,0
$GPRMC,224136.00,A,3719.0744860,N,12156.9112120,W,0.0295,1.0150,101220,,,,
$GPGGA,224137.00,3719.0744920,N,12156.9112180,W,1,0,0.0,0.0000,M,0.0000,M,0.0000,0
$GPRMC,224137.00,A,3719.0744920,N,12156.9112180,W,0.0262,1.0131,101220,,,,
$GPGGA,224138.00,3719.0745040,N,12156.9112300,W,1,0,0.0,0.0000,M,0.0000,M,0.0000,0
$GPRMC,224138.00,A,3719.0745040,N,12156.9112300,W,0.0191,1.0120,101220,,,,
$GPGGA,224139.00,3719.0745100,N,12156.9112420,W,1,0,0.0,0.0000,M,0.0000,M,0.0000,0
$GPRMC,224139.00,A,3719.0745100,N,12156.9112420,W,0.0170,1.0087,101220,,,,
$GPGGA,224140.00,3719.0745160,N,12156.9112420,W,1,0,0.0,0.0000,M,0.0000,M,0.0000,0
$GPRMC,224140.00,A,3719.0745160,N,12156.9112420,W,0.0125,1.0069,101220,,,,
$GPGGA,224141.00,3719.0745160,N,12156.9112420,W,1,0,0.0,0.0000,M,0.0000,M,0.0000,0
$GPRMC,224141.00,A,3719.0745160,N,12156.9112420,W,0.0098,1.0053,101220,,,,
$GPGGA,224142.00,3719.0745220,N,12156.9112420,W,1,0,0.0,0.0000,M,0.0000,M,0.0000,0
$GPRMC,224142.00,A,3719.0745220,N,12156.9112420,W,0.0081,1.0038,101220,,,,
$GPGGA,224143.00,3719.0745280,N,12156.9112420,W,1,0,0.0,0.0000,M,0.0000,M,0.0000,0
$GPRMC,224143.00,A,3719.0745280,N,12156.9112420,W,0.0061,1.0023,101220,,,,
$GPGGA,224144.00,3719.0745280,N,12156.9112420,W,1,0,0.0,0.0000,M,0.0000,M,0.0000,0
$GPRMC,224144.00,A,3719.0745280,N,12156.9112420,W,0.0061,0.9999,101220,,,,
$GPGGA,224145.00,3719.0745280,N,12156.9112360,W,1,0,0.0,0.0000,M,0.0000,M,0.0000,0
$GPRMC,224145.00,A,3719.0745280,N,12156.9112360,W,0.0051,0.9982,101220,,,,
$GPGGA,224146.00,3719.0745280,N,12156.9112300,W,1,0,0.0,0.0000,M,0.0000,M,0.0000,0
$GPRMC,224146.00,A,3719.0745280,N,12156.9112300,W,0.0050,0.9962,101220,,,,
$GPGGA,224147.00,3719.0745340,N,12156.9112300,W,1,0,0.0,0.0000,M,0.0000,M,0.0000,0
$GPRMC,224147.00,A,3719.0745340,N,12156.9112300,W,0.0028,0.9945,101220,,,,
$GPGGA,224148.00,3719.0745340,N,12156.9112240,W,1,0,0.0,0.0000,M,0.0000,M,0.0000,0
$GPRMC,224148.00,A,3719.0745340,N,12156.9112240,W,0.0028,0.9922,101220,,,,
$GPGGA,224149.00,3719.0745340,N,12156.9112240,W,1,0,0.0,0.0000,M,0.0000,M,0.0000,0
$GPRMC,224149.00,A,3719.0745340,N,12156.9112240,W,0.0028,0.9904,101220,,,,
$GPGGA,224150.00,3719.0745340,N,12156.9112240,W,1,0,0.0,0.0000,M,0.0000,M,0.0000,0
$GPRMC,224150.00,A,3719.0745340,N,12156.9112240,W,0.0014,0.9885,101220,,,,
$GPGGA,224151.00,3719.0745340,N,12156.9112240,W,1,0,0.0,0.0000,M,0.0000,M,0.0000,0
$GPRMC,224151.00,A,3719.0745340,N,12156.9112240,W,0.0010,0.9868,101220,,,,
$GPGGA,224152.00,3719.0745340,N,12156.9112240,W,1,0,0.0,0.0000,M,0.0000,M,0.0000,0
$GPRMC,224152.00,A,3719.0745340,N,12156.9112240,W,0.0000,0.9850,101220,,,,
$GPGGA,224153.00,3719.0745340,N,12156.9112240,W,1,0,0.0,0.0000,M,0.0000,M,0.0000,0
$GPRMC,224153.00,A,3719.0745340,N,12156.9112240,W,0.0014,0.9830,101220,,,,
$GPGGA,224154.00,3719.0745340,N,12156.9112240,W,1,0,0.0,0.0000,M,0.0000,M,0.0000,0
$GPRMC,224154.00,A,3719.0745340,N,12156.9112240,W,0.0014,0.9810,101220,,,,
$GPGGA,224155.00,3719.0745340,N,12156.9112240,W,1,0,0.0,0.0000,M,0.0000,M,0.0000,0
$GPRMC,224155.00,A,3719.0745340,N,12156.9112240,W,0.0014,0.9791,101220,,,,
$GPGGA,224156.00,3719.0745340,N,12156.9112240,W,1,0,0.0,0.0000,M,0.0000,M,0.0000,0
$GPRMC,224156.00,A,3719.0745340,N,12156.9112240,W,0.0014,0.9771,101220,,,,
$GPGGA,224157.00,3719.0745340,N,12156.9112240,W,1,0,0.0,0.0000,M,0.0000,M,0.0000,0
$GPRMC,224157.00,A,3719.0745340,N,12156.9112240,W,0.0014,0.9753,101220,,,,
$GPGGA,224158.00,3719.0745340,N,12156.9112240,W,1,0,0.0,0.0000,M,0.0000,M,0.0000,0
$GPRMC,224158.00,A,3719.0745340,N,12156.9112240,W,0.0022,0.9733,101220,,,,
$GPGGA,224159.00,3719.0745340,N,12156.9112240,W,1,0,0.0,0.0000,M,0.0000,M,0.0000,0
$GPRMC,224159.00,A,3719.0745340,N,12156.9112240,W,0.0022,0.9716,101220,,,,
$GPGGA,224200.00,3719.0745340,N,12156.9112240,W,1,0,0.0,0.0000,M,0.0000,M,0.0000,0
$GPRMC,224200.00,A,3719.0745340,N,12156.9112240,W,0.0022,0.9697,101220,,,,
$GPGGA,224201.00,3719.0745340,N,12156.9112240,W,1,0,0.0,0.0000,M,0.0000,M,0.0000,0
$GPRMC,224201.00,A,3719.0745340,N,12156.9112240,W,0.0022,0.9677,101220,,,,
$GPGGA,224202.00,3719.0745340,N,12156.9112240,W,1,0,0.0,0.0000,M,0.0000,M,0.0000,0
$GPRMC,224202.00,A,3719.0745340,N,12156.9112240,W,0.0020,0.9655,101220,,,,
$GPGGA,224203.00,3719.0745340,N,12156.9112240,W,1,0,0.0,0.0000,M,0.0000,M,0.0000,0
$GPRMC,224203.00,A,3719.0745340,N,12156.9112240,W,0.0022,0.9636,101220,,,,
$GPGGA,224204.00,3719.0745340,N,12156.9112240,W,1,0,0.0,0.0000,M,0.0000,M,0.0000,0
$GPRMC,224204.00,A,3719.0745340,N,12156.9112240,W,0.0020,0.9618,101220,,,,
$GPGGA,224205.00,3719.0745340,N,12156.9112240,W,1,0,0.0,0.0000,M,0.0000,M,0.0000,0
$GPRMC,224205.00,A,3719.0745340,N,12156.9112240,W,0.0022,0.9600,101220,,,,
$GPGGA,224206.00,3719.0745340,N,12156.9112240,W,1,0,0.0,0.0000,M,0.0000,M,0.0000,0
$GPRMC,224206.00,A,3719.0745340,N,12156.9112240,W,0.0020,0.9584,101220,,,,
$GPGGA,224207.00,3719.0745340,N,12156.9112240,W,1,0,0.0,0.0000,M,0.0000,M,0.0000,0
$GPRMC,224207.00,A,3719.0745340,N,12156.9112240,W,0.0050,0.9558,101220,,,,
$GPGGA,224208.00,3719.0745340,N,12156.9112180,W,1,0,0.0,0.0000,M,0.0000,M,0.0000,0
$GPRMC,224208.00,A,3719.0745340,N,12156.9112180,W,0.0081,0.9566,101220,,,,
$GPGGA,224209.00,3719.0745280,N,12156.9112180,W,1,0,0.0,0.0000,M,0.0000,M,0.0000,0
$GPRMC,224209.00,A,3719.0745280,N,12156.9112180,W,0.0014,0.9521,101220,,,,
$GPGGA,224210.00,3719.0745280,N,12156.9112180,W,1,0,0.0,0.0000,M,0.0000,M,0.0000,0
$GPRMC,224210.00,A,3719.0745280,N,12156.9112180,W,0.0020,0.9508,101220,,,,
$GPGGA,224211.00,3719.0745280,N,12156.9112180,W,1,0,0.0,0.0000,M,0.0000,M,0.0000,0
$GPRMC,224211.00,A,3719.0745280,N,12156.9112180,W,0.0010,0.9489,101220,,,,
$GPGGA,224212.00,3719.0745280,N,12156.9112180,W,1,0,0.0,0.0000,M,0.0000,M,0.0000,0
$GPRMC,224212.00,A,3719.0745280,N,12156.9112180,W,0.0010,0.9469,101220,,,,
$GPGGA,224213.00,3719.0745280,N,12156.9112240,W,1,0,0.0,0.0000,M,0.0000,M,0.0000,0
$GPRMC,224213.00,A,3719.0745280,N,12156.9112240,W,0.0061,0.9454,101220,,,,
$GPGGA,224214.00,3719.0745280,N,12156.9112180,W,1,0,0.0,0.0000,M,0.0000,M,0.0000,0
$GPRMC,224214.00,A,3719.0745280,N,12156.9112180,W,0.0022,0.9427,101220,,,,
$GPGGA,224215.00,3719.0745280,N,12156.9112180,W,1,0,0.0,0.0000,M,0.0000,M,0.0000,0
$GPRMC,224215.00,A,3719.0745280,N,12156.9112180,W,0.0030,0.9409,101220,,,,
$GPGGA,224216.00,3719.0745280,N,12156.9112180,W,1,0,0.0,0.0000,M,0.0000,M,0.0000,0
$GPRMC,224216.00,A,3719.0745280,N,12156.9112180,W,0.0022,0.9390,101220,,,,
$GPGGA,224217.00,3719.0745280,N,12156.9112180,W,1,0,0.0,0.0000,M,0.0000,M,0.0000,0
$GPRMC,224217.00,A,3719.0745280,N,12156.9112180,W,0.0028,0.9371,101220,,,,

